fecha,hora,partido,bookmaker_api,bookmaker_betano,pick,market_original,key,probabilidad,prob_num,cuota_api,ev_api,ev_api_num,cuota_betano,ev_betano,ev_betano_num,estado_api,estado_betano,confianza,fuente,razon,riesgo,betano_url
2026-08-23,08:00,Angers vs Lille,,,Visita tarjetas +0.5,CARDS_AWAY OVER.0.5,CARDS_AWAY:OVER_0_5,93.9%,0.939200,,,,,,,Sin cuota/EV,No encontrado en Betano,Alta,contexto premium fallback reciente,usa promedios recientes multi-competicion/API-Football,depende mucho del arbitro y del contexto competitivo,
2026-08-23,08:00,Angers vs Lille,,,Local tarjetas -3.5,CARDS_HOME UNDER.3.5,CARDS_HOME:UNDER_3_5,92.1%,0.921200,,,,,,,Sin cuota/EV,No encontrado en Betano,Alta,contexto premium fallback reciente,usa promedios recientes multi-competicion/API-Football,depende mucho del arbitro y del contexto competitivo,
2026-08-23,08:00,Angers vs Lille,,,Local corners -6.5,CORNERS_HOME UNDER.6.5,CORNERS_HOME:UNDER_6_5,88.9%,0.889300,,,,,,,Sin cuota/EV,No encontrado en Betano,Alta,contexto premium fallback reciente,usa promedios recientes multi-competicion/API-Football,el volumen ofensivo puede variar por planteamiento y marcador temprano,
2026-08-23,08:00,Angers vs Lille,,,Tarjetas total -6.5,CARDS_TOTALS UNDER.6.5,CARDS_TOTALS:UNDER_6_5,84.4%,0.843600,,,,,,,Sin cuota/EV,No encontrado en Betano,Alta,contexto premium fallback reciente,usa promedios recientes multi-competicion/API-Football,depende mucho del arbitro y del contexto competitivo,
2026-08-23,08:00,Angers vs Lille,,,SHOTS_TOTAL UNDER.26.5,SHOTS_TOTAL UNDER.26.5,SHOTS_TOTAL:UNDER_26_5,84.3%,0.843300,,,,,,,Sin cuota/EV,No encontrado en Betano,Alta,contexto premium fallback reciente,usa promedios recientes multi-competicion/API-Football,el volumen ofensivo puede variar por planteamiento y marcador temprano,
2026-08-23,08:00,Angers vs Lille,,,Corners total -11.5,CORNERS_TOTALS UNDER.11.5,CORNERS_TOTALS:UNDER_11_5,83.1%,0.831100,,,,,,,Sin cuota/EV,No encontrado en Betano,Alta,contexto premium fallback reciente,usa promedios recientes multi-competicion/API-Football,el volumen ofensivo puede variar por planteamiento y marcador temprano,
2026-08-23,08:00,Angers vs Lille,,,Local goles -2.5,TEAM_TOTAL_HOME UNDER.2.5,TEAM_TOTAL_HOME:UNDER_2_5,81.9%,0.819300,,,,,,,Sin cuota/EV,No encontrado en Betano,Alta,fallback ultimos partidos,usa Poisson fallback con ultimos partidos multi-competicion,un gol temprano o baja eficacia puede cambiar la lectura del mercado,
2026-08-23,08:00,Angers vs Lille,10Bet,,Goles +1.5,TOTALS OVER.1.5,TOTALS:OVER_1_5,81.6%,0.816300,2.15,0.76,0.755100,,,,EV positivo,No encontrado en Betano,Alta,fallback ultimos partidos,usa Poisson fallback con ultimos partidos multi-competicion,un gol temprano o baja eficacia puede cambiar la lectura del mercado,
2026-08-23,08:00,Angers vs Lille,,,Tarjetas total +2.5,CARDS_TOTALS OVER.2.5,CARDS_TOTALS:OVER_2_5,81.5%,0.814900,,,,,,,Sin cuota/EV,No encontrado en Betano,Alta,contexto premium fallback reciente,usa promedios recientes multi-competicion/API-Football,depende mucho del arbitro y del contexto competitivo,
2026-08-23,08:00,Angers vs Lille,,,Visita goles +0.5,TEAM_TOTAL_AWAY OVER.0.5,TEAM_TOTAL_AWAY:OVER_0_5,80.8%,0.807900,,,,,,,Sin cuota/EV,No encontrado en Betano,Alta,fallback ultimos partidos,usa Poisson fallback con ultimos partidos multi-competicion,un gol temprano o baja eficacia puede cambiar la lectura del mercado,
2026-08-23,08:00,Angers vs Lille,,,Visita corners -6.5,CORNERS_AWAY UNDER.6.5,CORNERS_AWAY:UNDER_6_5,80.5%,0.804600,,,,,,,Sin cuota/EV,No encontrado en Betano,Alta,contexto premium fallback reciente,usa promedios recientes multi-competicion/API-Football,el volumen ofensivo puede variar por planteamiento y marcador temprano,
2026-08-23,08:00,Angers vs Lille,,,Local tarjetas +0.5,CARDS_HOME OVER.0.5,CARDS_HOME:OVER_0_5,79.8%,0.798100,,,,,,,Sin cuota/EV,No encontrado en Betano,Alta,contexto premium fallback reciente,usa promedios recientes multi-competicion/API-Football,depende mucho del arbitro y del contexto competitivo,
2026-08-23,08:00,Angers vs Lille,,,Local corners -5.5,CORNERS_HOME UNDER.5.5,CORNERS_HOME:UNDER_5_5,78.5%,0.785100,,,,,,,Sin cuota/EV,No encontrado en Betano,Alta,contexto premium fallback reciente,usa promedios recientes multi-competicion/API-Football,el volumen ofensivo puede variar por planteamiento y marcador temprano,
2026-08-23,08:00,Angers vs Lille,,,Local tarjetas -2.5,CARDS_HOME UNDER.2.5,CARDS_HOME:UNDER_2_5,78.3%,0.783400,,,,,,,Sin cuota/EV,No encontrado en Betano,Alta,contexto premium fallback reciente,usa promedios recientes multi-competicion/API-Football,depende mucho del arbitro y del contexto competitivo,
2026-08-23,08:00,Angers vs Lille,,,Visita goles -2.5,TEAM_TOTAL_AWAY UNDER.2.5,TEAM_TOTAL_AWAY:UNDER_2_5,77.0%,0.770400,,,,,,,Sin cuota/EV,No encontrado en Betano,Alta,fallback ultimos partidos,usa Poisson fallback con ultimos partidos multi-competicion,un gol temprano o baja eficacia puede cambiar la lectura del mercado,
2026-08-23,08:00,Angers vs Lille,10Bet,,1T +0.5,FIRST_HALF_TOTALS OVER.0.5,FIRST_HALF_TOTALS:OVER_0_5,76.9%,0.769400,1.73,0.33,0.331000,,,,EV positivo,No encontrado en Betano,Alta,contexto premium fallback reciente,usa promedios recientes multi-competicion/API-Football,el primer tiempo puede tener ritmo bajo o rotaciones,
2026-08-23,08:00,Angers vs Lille,,,Visita tarjetas +1.5,CARDS_AWAY OVER.1.5,CARDS_AWAY:OVER_1_5,76.9%,0.768900,,,,,,,Sin cuota/EV,No encontrado en Betano,Alta,contexto premium fallback reciente,usa promedios recientes multi-competicion/API-Football,depende mucho del arbitro y del contexto competitivo,
2026-08-23,08:00,Angers vs Lille,,,Local goles +0.5,TEAM_TOTAL_HOME OVER.0.5,TEAM_TOTAL_HOME:OVER_0_5,76.7%,0.767200,,,,,,,Sin cuota/EV,No encontrado en Betano,Alta,fallback ultimos partidos,usa Poisson fallback con ultimos partidos multi-competicion,un gol temprano o baja eficacia puede cambiar la lectura del mercado,
2026-08-23,08:00,Angers vs Lille,,,SHOTS_ON_TARGET_TOTAL OVER.6.5,SHOTS_ON_TARGET_TOTAL OVER.6.5,SHOTS_ON_TARGET_TOTAL:OVER_6_5,76.4%,0.764500,,,,,,,Sin cuota/EV,No encontrado en Betano,Alta,contexto premium fallback reciente,usa promedios recientes multi-competicion/API-Football,el volumen ofensivo puede variar por planteamiento y marcador temprano,
2026-08-23,08:00,Angers vs Lille,,,DOUBLE_CHANCE 12,DOUBLE_CHANCE 12,DOUBLE_CHANCE:12,76.3%,0.763000,,,,,,,Sin cuota/EV,No encontrado en Betano,Alta,fallback ultimos partidos,usa Poisson fallback con ultimos partidos multi-competicion,riesgo propio del resultado final y variacion del modelo,
2026-08-23,08:00,Angers vs Lille,,,SHOTS_TOTAL OVER.18.5,SHOTS_TOTAL OVER.18.5,SHOTS_TOTAL:OVER_18_5,75.5%,0.754600,,,,,,,Sin cuota/EV,No encontrado en Betano,Alta,contexto premium fallback reciente,usa promedios recientes multi-competicion/API-Football,el volumen ofensivo puede variar por planteamiento y marcador temprano,
2026-08-23,08:00,Angers vs Lille,,,Corners total -10.5,CORNERS_TOTALS UNDER.10.5,CORNERS_TOTALS:UNDER_10_5,74.1%,0.740900,,,,,,,Sin cuota/EV,No encontrado en Betano,Alta,contexto premium fallback reciente,usa promedios recientes multi-competicion/API-Football,el volumen ofensivo puede variar por planteamiento y marcador temprano,
2026-08-23,08:00,Angers vs Lille,,,SHOTS_TOTAL UNDER.24.5,SHOTS_TOTAL UNDER.24.5,SHOTS_TOTAL:UNDER_24_5,72.6%,0.726400,,,,,,,Sin cuota/EV,No encontrado en Betano,Alta,contexto premium fallback reciente,usa promedios recientes multi-competicion/API-Football,el volumen ofensivo puede variar por planteamiento y marcador temprano,
2026-08-23,08:00,Angers vs Lille,,,Tarjetas total -5.5,CARDS_TOTALS UNDER.5.5,CARDS_TOTALS:UNDER_5_5,72.0%,0.719900,,,,,,,Sin cuota/EV,No encontrado en Betano,Alta,contexto premium fallback reciente,usa promedios recientes multi-competicion/API-Football,depende mucho del arbitro y del contexto competitivo,
2026-08-23,08:00,Angers vs Lille,,,Visita tarjetas -3.5,CARDS_AWAY UNDER.3.5,CARDS_AWAY:UNDER_3_5,69.2%,0.691900,,,,,,,Sin cuota/EV,No encontrado en Betano,Media,contexto premium fallback reciente,usa promedios recientes multi-competicion/API-Football,depende mucho del arbitro y del contexto competitivo,
2026-08-23,08:00,Angers vs Lille,,,Visita corners +3.5,CORNERS_AWAY OVER.3.5,CORNERS_AWAY:OVER_3_5,69.0%,0.690300,,,,,,,Sin cuota/EV,No encontrado en Betano,Media,contexto premium fallback reciente,usa promedios recientes multi-competicion/API-Football,el volumen ofensivo puede variar por planteamiento y marcador temprano,
2026-08-23,08:00,Angers vs Lille,10Bet,,Visita corners -5.5,CORNERS_AWAY UNDER.5.5,CORNERS_AWAY:UNDER_5_5,66.8%,0.668400,1.83,0.22,0.223200,,,,EV positivo,No encontrado en Betano,Media,contexto premium fallback reciente,usa promedios recientes multi-competicion/API-Football,el volumen ofensivo puede variar por planteamiento y marcador temprano,
2026-08-23,08:00,Angers vs Lille,,,DOUBLE_CHANCE X2,DOUBLE_CHANCE X2,DOUBLE_CHANCE:X2,66.0%,0.660000,,,,,,,Sin cuota/EV,No encontrado en Betano,Media,fallback ultimos partidos,usa Poisson fallback con ultimos partidos multi-competicion,riesgo propio del resultado final y variacion del modelo,
2026-08-23,08:00,Angers vs Lille,,,Tarjetas total +3.5,CARDS_TOTALS OVER.3.5,CARDS_TOTALS:OVER_3_5,64.1%,0.640600,,,,,,,Sin cuota/EV,No encontrado en Betano,Media,contexto premium fallback reciente,usa promedios recientes multi-competicion/API-Football,depende mucho del arbitro y del contexto competitivo,
2026-08-23,08:00,Angers vs Lille,,,Corners total +7.5,CORNERS_TOTALS OVER.7.5,CORNERS_TOTALS:OVER_7_5,64.0%,0.639800,,,,,,,Sin cuota/EV,No encontrado en Betano,Media,contexto premium fallback reciente,usa promedios recientes multi-competicion/API-Football,el volumen ofensivo puede variar por planteamiento y marcador temprano,
2026-08-23,08:00,Angers vs Lille,,,SHOTS_ON_TARGET_TOTAL OVER.7.5,SHOTS_ON_TARGET_TOTAL OVER.7.5,SHOTS_ON_TARGET_TOTAL:OVER_7_5,64.0%,0.639800,,,,,,,Sin cuota/EV,No encontrado en Betano,Media,contexto premium fallback reciente,usa promedios recientes multi-competicion/API-Football,el volumen ofensivo puede variar por planteamiento y marcador temprano,
2026-08-23,08:00,Angers vs Lille,,,Local corners -4.5,CORNERS_HOME UNDER.4.5,CORNERS_HOME:UNDER_4_5,62.9%,0.628800,,,,,,,Sin cuota/EV,No encontrado en Betano,Media,contexto premium fallback reciente,usa promedios recientes multi-competicion/API-Football,el volumen ofensivo puede variar por planteamiento y marcador temprano,
2026-08-23,08:00,Angers vs Lille,10Bet,,Corners total -9.5,CORNERS_TOTALS UNDER.9.5,CORNERS_TOTALS:UNDER_9_5,62.7%,0.626900,1.77,0.11,0.109600,,,,EV positivo,No encontrado en Betano,Media,contexto premium fallback reciente,usa promedios recientes multi-competicion/API-Football,el volumen ofensivo puede variar por planteamiento y marcador temprano,
2026-08-23,08:00,Angers vs Lille,,,SHOTS_ON_TARGET_TOTAL UNDER.9.5,SHOTS_ON_TARGET_TOTAL UNDER.9.5,SHOTS_ON_TARGET_TOTAL:UNDER_9_5,62.7%,0.626900,,,,,,,Sin cuota/EV,No encontrado en Betano,Media,contexto premium fallback reciente,usa promedios recientes multi-competicion/API-Football,el volumen ofensivo puede variar por planteamiento y marcador temprano,
2026-08-23,08:00,Angers vs Lille,10Bet,,Goles -3.5,TOTALS UNDER.3.5,TOTALS:UNDER_3_5,62.3%,0.623100,1.30,-0.19,-0.189900,,,,EV negativo,No encontrado en Betano,Media,fallback ultimos partidos,usa Poisson fallback con ultimos partidos multi-competicion,un gol temprano o baja eficacia puede cambiar la lectura del mercado,
2026-08-23,08:00,Angers vs Lille,10Bet,,BTTS sí,BTTS YES,BTTS:YES,62.0%,0.619900,4.33,1.68,1.684100,,,,EV positivo,No encontrado en Betano,Media,fallback ultimos partidos,usa Poisson fallback con ultimos partidos multi-competicion,un gol temprano o baja eficacia puede cambiar la lectura del mercado,
2026-08-23,08:00,Angers vs Lille,10Bet,,Goles +2.5,TOTALS OVER.2.5,TOTALS:OVER_2_5,60.1%,0.600500,4.75,1.85,1.852300,,,,EV positivo,No encontrado en Betano,Media,fallback ultimos partidos,usa Poisson fallback con ultimos partidos multi-competicion,un gol temprano o baja eficacia puede cambiar la lectura del mercado,
2026-08-23,08:00,Angers vs Lille,,,SHOTS_TOTAL OVER.20.5,SHOTS_TOTAL OVER.20.5,SHOTS_TOTAL:OVER_20_5,59.7%,0.596800,,,,,,,Sin cuota/EV,No encontrado en Betano,Media,contexto premium fallback reciente,usa promedios recientes multi-competicion/API-Football,el volumen ofensivo puede variar por planteamiento y marcador temprano,
2026-08-23,08:00,Angers vs Lille,,,DOUBLE_CHANCE 1X,DOUBLE_CHANCE 1X,DOUBLE_CHANCE:1X,57.7%,0.577000,,,,,,,Sin cuota/EV,No encontrado en Betano,Media,fallback ultimos partidos,usa Poisson fallback con ultimos partidos multi-competicion,riesgo propio del resultado final y variacion del modelo,
2026-08-23,08:00,Angers vs Lille,,,SHOTS_TOTAL UNDER.22.5,SHOTS_TOTAL UNDER.22.5,SHOTS_TOTAL:UNDER_22_5,57.3%,0.573300,,,,,,,Sin cuota/EV,No encontrado en Betano,Media,contexto premium fallback reciente,usa promedios recientes multi-competicion/API-Football,el volumen ofensivo puede variar por planteamiento y marcador temprano,
2026-08-23,08:00,Angers vs Lille,,,Local goles -1.5,TEAM_TOTAL_HOME UNDER.1.5,TEAM_TOTAL_HOME:UNDER_1_5,57.2%,0.572000,,,,,,,Sin cuota/EV,No encontrado en Betano,Media,fallback ultimos partidos,usa Poisson fallback con ultimos partidos multi-competicion,un gol temprano o baja eficacia puede cambiar la lectura del mercado,
2026-08-23,08:00,Angers vs Lille,10Bet,,1T -1.5,FIRST_HALF_TOTALS UNDER.1.5,FIRST_HALF_TOTALS:UNDER_1_5,56.9%,0.568900,1.17,-0.33,-0.334400,,,,EV negativo,No encontrado en Betano,Media,contexto premium fallback reciente,usa promedios recientes multi-competicion/API-Football,el primer tiempo puede tener ritmo bajo o rotaciones,
2026-08-23,08:00,Angers vs Lille,10Bet,,Local corners +3.5,CORNERS_HOME OVER.3.5,CORNERS_HOME:OVER_3_5,56.6%,0.566500,1.85,0.05,0.048100,,,,EV positivo,No encontrado en Betano,Media,contexto premium fallback reciente,usa promedios recientes multi-competicion/API-Football,el volumen ofensivo puede variar por planteamiento y marcador temprano,
2026-08-23,08:00,Angers vs Lille,10Bet,,DNB visita,DRAW_NO_BET AWAY,DRAW_NO_BET:AWAY,55.4%,0.554400,1.33,-0.26,-0.262700,,,,EV negativo,No encontrado en Betano,Media,fallback ultimos partidos,usa Poisson fallback con ultimos partidos multi-competicion,riesgo propio del resultado final y variacion del modelo,
2026-08-23,08:00,Angers vs Lille,,,Tarjetas total -4.5,CARDS_TOTALS UNDER.4.5,CARDS_TOTALS:UNDER_4_5,55.1%,0.551200,,,,,,,Sin cuota/EV,No encontrado en Betano,Media,contexto premium fallback reciente,usa promedios recientes multi-competicion/API-Football,depende mucho del arbitro y del contexto competitivo,
2026-08-23,08:00,Angers vs Lille,,,Visita tarjetas +2.5,CARDS_AWAY OVER.2.5,CARDS_AWAY:OVER_2_5,53.0%,0.530500,,,,,,,Sin cuota/EV,No encontrado en Betano,Baja,contexto premium fallback reciente,usa promedios recientes multi-competicion/API-Football,depende mucho del arbitro y del contexto competitivo,
2026-08-23,08:00,Angers vs Lille,,,Local tarjetas -1.5,CARDS_HOME UNDER.1.5,CARDS_HOME:UNDER_1_5,52.5%,0.524900,,,,,,,Sin cuota/EV,No encontrado en Betano,Baja,contexto premium fallback reciente,usa promedios recientes multi-competicion/API-Football,depende mucho del arbitro y del contexto competitivo,
2026-08-23,08:00,Angers vs Lille,,,Visita goles -1.5,TEAM_TOTAL_AWAY UNDER.1.5,TEAM_TOTAL_AWAY:UNDER_1_5,50.9%,0.509000,,,,,,,Sin cuota/EV,No encontrado en Betano,Baja,fallback ultimos partidos,usa Poisson fallback con ultimos partidos multi-competicion,un gol temprano o baja eficacia puede cambiar la lectura del mercado,
2026-08-23,08:00,Angers vs Lille,,,Visita corners +4.5,CORNERS_AWAY OVER.4.5,CORNERS_AWAY:OVER_4_5,50.5%,0.505400,,,,,,,Sin cuota/EV,No encontrado en Betano,Baja,contexto premium fallback reciente,usa promedios recientes multi-competicion/API-Football,el volumen ofensivo puede variar por planteamiento y marcador temprano,
2026-08-23,08:00,Angers vs Lille,,,Corners total +8.5,CORNERS_TOTALS OVER.8.5,CORNERS_TOTALS:OVER_8_5,50.4%,0.504200,,,,,,,Sin cuota/EV,No encontrado en Betano,Baja,contexto premium fallback reciente,usa promedios recientes multi-competicion/API-Football,el volumen ofensivo puede variar por planteamiento y marcador temprano,
2026-08-23,08:00,Angers vs Lille,,,SHOTS_ON_TARGET_TOTAL OVER.8.5,SHOTS_ON_TARGET_TOTAL OVER.8.5,SHOTS_ON_TARGET_TOTAL:OVER_8_5,50.4%,0.504200,,,,,,,Sin cuota/EV,No encontrado en Betano,Baja,contexto premium fallback reciente,usa promedios recientes multi-competicion/API-Football,el volumen ofensivo puede variar por planteamiento y marcador temprano,
2026-08-23,08:00,Angers vs Lille,,,Corners total -8.5,CORNERS_TOTALS UNDER.8.5,CORNERS_TOTALS:UNDER_8_5,49.6%,0.495800,,,,,,,Sin cuota/EV,No encontrado en Betano,Baja,contexto premium fallback reciente,usa promedios recientes multi-competicion/API-Football,el volumen ofensivo puede variar por planteamiento y marcador temprano,
2026-08-23,08:00,Angers vs Lille,,,SHOTS_ON_TARGET_TOTAL UNDER.8.5,SHOTS_ON_TARGET_TOTAL UNDER.8.5,SHOTS_ON_TARGET_TOTAL:UNDER_8_5,49.6%,0.495800,,,,,,,Sin cuota/EV,No encontrado en Betano,Baja,contexto premium fallback reciente,usa promedios recientes multi-competicion/API-Football,el volumen ofensivo puede variar por planteamiento y marcador temprano,
2026-08-23,08:00,Angers vs Lille,,,Visita corners -4.5,CORNERS_AWAY UNDER.4.5,CORNERS_AWAY:UNDER_4_5,49.5%,0.494600,,,,,,,Sin cuota/EV,No encontrado en Betano,Baja,contexto premium fallback reciente,usa promedios recientes multi-competicion/API-Football,el volumen ofensivo puede variar por planteamiento y marcador temprano,
2026-08-23,08:00,Angers vs Lille,,,Visita goles +1.5,TEAM_TOTAL_AWAY OVER.1.5,TEAM_TOTAL_AWAY:OVER_1_5,49.1%,0.491000,,,,,,,Sin cuota/EV,No encontrado en Betano,Baja,fallback ultimos partidos,usa Poisson fallback con ultimos partidos multi-competicion,un gol temprano o baja eficacia puede cambiar la lectura del mercado,
2026-08-23,08:00,Angers vs Lille,,,Local tarjetas +1.5,CARDS_HOME OVER.1.5,CARDS_HOME:OVER_1_5,47.5%,0.475100,,,,,,,Sin cuota/EV,No encontrado en Betano,Baja,contexto premium fallback reciente,usa promedios recientes multi-competicion/API-Football,depende mucho del arbitro y del contexto competitivo,
2026-08-23,08:00,Angers vs Lille,,,Visita tarjetas -2.5,CARDS_AWAY UNDER.2.5,CARDS_AWAY:UNDER_2_5,46.9%,0.469500,,,,,,,Sin cuota/EV,No encontrado en Betano,Baja,contexto premium fallback reciente,usa promedios recientes multi-competicion/API-Football,depende mucho del arbitro y del contexto competitivo,
2026-08-23,08:00,Angers vs Lille,,,Tarjetas total +4.5,CARDS_TOTALS OVER.4.5,CARDS_TOTALS:OVER_4_5,44.9%,0.448800,,,,,,,Sin cuota/EV,No encontrado en Betano,Baja,contexto premium fallback reciente,usa promedios recientes multi-competicion/API-Football,depende mucho del arbitro y del contexto competitivo,
2026-08-23,08:00,Angers vs Lille,10Bet,,DNB local,DRAW_NO_BET HOME,DRAW_NO_BET:HOME,44.6%,0.445600,3.00,0.34,0.336900,,,,EV positivo,No encontrado en Betano,Baja,fallback ultimos partidos,usa Poisson fallback con ultimos partidos multi-competicion,riesgo propio del resultado final y variacion del modelo,
2026-08-23,08:00,Angers vs Lille,10Bet,,Local corners -3.5,CORNERS_HOME UNDER.3.5,CORNERS_HOME:UNDER_3_5,43.4%,0.433500,1.73,-0.25,-0.250100,,,,EV negativo,No encontrado en Betano,Baja,contexto premium fallback reciente,usa promedios recientes multi-competicion/API-Football,el volumen ofensivo puede variar por planteamiento y marcador temprano,
2026-08-23,08:00,Angers vs Lille,10Bet,,1T +1.5,FIRST_HALF_TOTALS OVER.1.5,FIRST_HALF_TOTALS:OVER_1_5,43.1%,0.431100,4.50,0.94,0.939800,,,,EV positivo,No encontrado en Betano,Baja,contexto premium fallback reciente,usa promedios recientes multi-competicion/API-Football,el primer tiempo puede tener ritmo bajo o rotaciones,
2026-08-23,08:00,Angers vs Lille,,,Local goles +1.5,TEAM_TOTAL_HOME OVER.1.5,TEAM_TOTAL_HOME:OVER_1_5,42.8%,0.428000,,,,,,,Sin cuota/EV,No encontrado en Betano,Baja,fallback ultimos partidos,usa Poisson fallback con ultimos partidos multi-competicion,un gol temprano o baja eficacia puede cambiar la lectura del mercado,
2026-08-23,08:00,Angers vs Lille,,,SHOTS_TOTAL OVER.22.5,SHOTS_TOTAL OVER.22.5,SHOTS_TOTAL:OVER_22_5,42.7%,0.426700,,,,,,,Sin cuota/EV,No encontrado en Betano,Baja,contexto premium fallback reciente,usa promedios recientes multi-competicion/API-Football,el volumen ofensivo puede variar por planteamiento y marcador temprano,
2026-08-23,08:00,Angers vs Lille,10Bet,,Gana visita,1X2 AWAY,1X2:AWAY,42.3%,0.423000,2.95,0.25,0.247800,,,,EV positivo,No encontrado en Betano,Baja,fallback ultimos partidos,usa Poisson fallback con ultimos partidos multi-competicion,riesgo propio del resultado final y variacion del modelo,
2026-08-23,08:00,Angers vs Lille,,,SHOTS_TOTAL UNDER.20.5,SHOTS_TOTAL UNDER.20.5,SHOTS_TOTAL:UNDER_20_5,40.3%,0.403200,,,,,,,Sin cuota/EV,No encontrado en Betano,Baja,contexto premium fallback reciente,usa promedios recientes multi-competicion/API-Football,el volumen ofensivo puede variar por planteamiento y marcador temprano,
2026-08-23,08:00,Angers vs Lille,10Bet,,Goles -2.5,TOTALS UNDER.2.5,TOTALS:UNDER_2_5,40.0%,0.399500,1.15,-0.54,-0.540600,,,,EV negativo,No encontrado en Betano,Baja,fallback ultimos partidos,usa Poisson fallback con ultimos partidos multi-competicion,un gol temprano o baja eficacia puede cambiar la lectura del mercado,
2026-08-23,08:00,Angers vs Lille,10Bet,,BTTS no,BTTS NO,BTTS:NO,38.0%,0.380100,1.18,-0.55,-0.551500,,,,EV negativo,No encontrado en Betano,Baja,fallback ultimos partidos,usa Poisson fallback con ultimos partidos multi-competicion,un gol temprano o baja eficacia puede cambiar la lectura del mercado,
2026-08-23,08:00,Angers vs Lille,10Bet,,Goles +3.5,TOTALS OVER.3.5,TOTALS:OVER_3_5,37.7%,0.376900,3.40,0.28,0.281400,,,,EV positivo,No encontrado en Betano,Baja,fallback ultimos partidos,usa Poisson fallback con ultimos partidos multi-competicion,un gol temprano o baja eficacia puede cambiar la lectura del mercado,
2026-08-23,08:00,Angers vs Lille,10Bet,,Corners total +9.5,CORNERS_TOTALS OVER.9.5,CORNERS_TOTALS:OVER_9_5,37.3%,0.373100,1.95,-0.27,-0.272400,,,,EV negativo,No encontrado en Betano,Baja,contexto premium fallback reciente,usa promedios recientes multi-competicion/API-Football,el volumen ofensivo puede variar por planteamiento y marcador temprano,
2026-08-23,08:00,Angers vs Lille,,,SHOTS_ON_TARGET_TOTAL OVER.9.5,SHOTS_ON_TARGET_TOTAL OVER.9.5,SHOTS_ON_TARGET_TOTAL:OVER_9_5,37.3%,0.373100,,,,,,,Sin cuota/EV,No encontrado en Betano,Baja,contexto premium fallback reciente,usa promedios recientes multi-competicion/API-Football,el volumen ofensivo puede variar por planteamiento y marcador temprano,
2026-08-23,08:00,Angers vs Lille,,,Local corners +4.5,CORNERS_HOME OVER.4.5,CORNERS_HOME:OVER_4_5,37.1%,0.371200,,,,,,,Sin cuota/EV,No encontrado en Betano,Baja,contexto premium fallback reciente,usa promedios recientes multi-competicion/API-Football,el volumen ofensivo puede variar por planteamiento y marcador temprano,
2026-08-23,08:00,Angers vs Lille,,,Corners total -7.5,CORNERS_TOTALS UNDER.7.5,CORNERS_TOTALS:UNDER_7_5,36.0%,0.360200,,,,,,,Sin cuota/EV,No encontrado en Betano,Baja,contexto premium fallback reciente,usa promedios recientes multi-competicion/API-Football,el volumen ofensivo puede variar por planteamiento y marcador temprano,
2026-08-23,08:00,Angers vs Lille,,,SHOTS_ON_TARGET_TOTAL UNDER.7.5,SHOTS_ON_TARGET_TOTAL UNDER.7.5,SHOTS_ON_TARGET_TOTAL:UNDER_7_5,36.0%,0.360200,,,,,,,Sin cuota/EV,No encontrado en Betano,Baja,contexto premium fallback reciente,usa promedios recientes multi-competicion/API-Football,el volumen ofensivo puede variar por planteamiento y marcador temprano,
2026-08-23,08:00,Angers vs Lille,,,Tarjetas total -3.5,CARDS_TOTALS UNDER.3.5,CARDS_TOTALS:UNDER_3_5,35.9%,0.359400,,,,,,,Sin cuota/EV,No encontrado en Betano,Baja,contexto premium fallback reciente,usa promedios recientes multi-competicion/API-Football,depende mucho del arbitro y del contexto competitivo,
2026-08-23,08:00,Angers vs Lille,10Bet,,Gana local,1X2 HOME,1X2:HOME,34.0%,0.340000,6.00,1.04,1.040000,,,,EV positivo,No encontrado en Betano,Baja,fallback ultimos partidos,usa Poisson fallback con ultimos partidos multi-competicion,riesgo propio del resultado final y variacion del modelo,
2026-08-23,08:00,Angers vs Lille,10Bet,,Visita corners +5.5,CORNERS_AWAY OVER.5.5,CORNERS_AWAY:OVER_5_5,33.2%,0.331600,1.75,-0.42,-0.419800,,,,EV negativo,No encontrado en Betano,Baja,contexto premium fallback reciente,usa promedios recientes multi-competicion/API-Football,el volumen ofensivo puede variar por planteamiento y marcador temprano,
2026-08-23,08:00,Angers vs Lille,,,Visita corners -3.5,CORNERS_AWAY UNDER.3.5,CORNERS_AWAY:UNDER_3_5,31.0%,0.309700,,,,,,,Sin cuota/EV,No encontrado en Betano,Baja,contexto premium fallback reciente,usa promedios recientes multi-competicion/API-Football,el volumen ofensivo puede variar por planteamiento y marcador temprano,
2026-08-23,08:00,Angers vs Lille,,,Visita tarjetas +3.5,CARDS_AWAY OVER.3.5,CARDS_AWAY:OVER_3_5,30.8%,0.308100,,,,,,,Sin cuota/EV,No encontrado en Betano,Baja,contexto premium fallback reciente,usa promedios recientes multi-competicion/API-Football,depende mucho del arbitro y del contexto competitivo,
2026-08-23,08:00,Angers vs Lille,,,Tarjetas total +5.5,CARDS_TOTALS OVER.5.5,CARDS_TOTALS:OVER_5_5,28.0%,0.280100,,,,,,,Sin cuota/EV,No encontrado en Betano,Baja,contexto premium fallback reciente,usa promedios recientes multi-competicion/API-Football,depende mucho del arbitro y del contexto competitivo,
2026-08-23,08:00,Angers vs Lille,,,SHOTS_TOTAL OVER.24.5,SHOTS_TOTAL OVER.24.5,SHOTS_TOTAL:OVER_24_5,27.4%,0.273600,,,,,,,Sin cuota/EV,No encontrado en Betano,Baja,contexto premium fallback reciente,usa promedios recientes multi-competicion/API-Football,el volumen ofensivo puede variar por planteamiento y marcador temprano,
2026-08-23,08:00,Angers vs Lille,,,Corners total +10.5,CORNERS_TOTALS OVER.10.5,CORNERS_TOTALS:OVER_10_5,25.9%,0.259100,,,,,,,Sin cuota/EV,No encontrado en Betano,Baja,contexto premium fallback reciente,usa promedios recientes multi-competicion/API-Football,el volumen ofensivo puede variar por planteamiento y marcador temprano,
2026-08-23,08:00,Angers vs Lille,,,SHOTS_TOTAL UNDER.18.5,SHOTS_TOTAL UNDER.18.5,SHOTS_TOTAL:UNDER_18_5,24.5%,0.245400,,,,,,,Sin cuota/EV,No encontrado en Betano,Baja,contexto premium fallback reciente,usa promedios recientes multi-competicion/API-Football,el volumen ofensivo puede variar por planteamiento y marcador temprano,
2026-08-23,08:00,Angers vs Lille,10Bet,,Empate,1X2 DRAW,1X2:DRAW,23.7%,0.237000,1.75,-0.59,-0.585200,,,,EV negativo,No encontrado en Betano,Baja,fallback ultimos partidos,usa Poisson fallback con ultimos partidos multi-competicion,riesgo propio del resultado final y variacion del modelo,
2026-08-23,08:00,Angers vs Lille,,,SHOTS_ON_TARGET_TOTAL UNDER.6.5,SHOTS_ON_TARGET_TOTAL UNDER.6.5,SHOTS_ON_TARGET_TOTAL:UNDER_6_5,23.5%,0.235500,,,,,,,Sin cuota/EV,No encontrado en Betano,Baja,contexto premium fallback reciente,usa promedios recientes multi-competicion/API-Football,el volumen ofensivo puede variar por planteamiento y marcador temprano,
2026-08-23,08:00,Angers vs Lille,,,Local goles -0.5,TEAM_TOTAL_HOME UNDER.0.5,TEAM_TOTAL_HOME:UNDER_0_5,23.3%,0.232800,,,,,,,Sin cuota/EV,No encontrado en Betano,Baja,fallback ultimos partidos,usa Poisson fallback con ultimos partidos multi-competicion,un gol temprano o baja eficacia puede cambiar la lectura del mercado,
2026-08-23,08:00,Angers vs Lille,,,Visita tarjetas -1.5,CARDS_AWAY UNDER.1.5,CARDS_AWAY:UNDER_1_5,23.1%,0.231100,,,,,,,Sin cuota/EV,No encontrado en Betano,Baja,contexto premium fallback reciente,usa promedios recientes multi-competicion/API-Football,depende mucho del arbitro y del contexto competitivo,
2026-08-23,08:00,Angers vs Lille,10Bet,,1T -0.5,FIRST_HALF_TOTALS UNDER.0.5,FIRST_HALF_TOTALS:UNDER_0_5,23.1%,0.230600,2.05,-0.53,-0.527200,,,,EV negativo,No encontrado en Betano,Baja,contexto premium fallback reciente,usa promedios recientes multi-competicion/API-Football,el primer tiempo puede tener ritmo bajo o rotaciones,
2026-08-23,08:00,Angers vs Lille,,,Visita goles +2.5,TEAM_TOTAL_AWAY OVER.2.5,TEAM_TOTAL_AWAY:OVER_2_5,23.0%,0.229600,,,,,,,Sin cuota/EV,No encontrado en Betano,Baja,fallback ultimos partidos,usa Poisson fallback con ultimos partidos multi-competicion,un gol temprano o baja eficacia puede cambiar la lectura del mercado,
2026-08-23,08:00,Angers vs Lille,,,Local tarjetas +2.5,CARDS_HOME OVER.2.5,CARDS_HOME:OVER_2_5,21.7%,0.216600,,,,,,,Sin cuota/EV,No encontrado en Betano,Baja,contexto premium fallback reciente,usa promedios recientes multi-competicion/API-Football,depende mucho del arbitro y del contexto competitivo,
2026-08-23,08:00,Angers vs Lille,,,Local corners +5.5,CORNERS_HOME OVER.5.5,CORNERS_HOME:OVER_5_5,21.5%,0.214900,,,,,,,Sin cuota/EV,No encontrado en Betano,Baja,contexto premium fallback reciente,usa promedios recientes multi-competicion/API-Football,el volumen ofensivo puede variar por planteamiento y marcador temprano,
2026-08-23,08:00,Angers vs Lille,,,Local tarjetas -0.5,CARDS_HOME UNDER.0.5,CARDS_HOME:UNDER_0_5,20.2%,0.201900,,,,,,,Sin cuota/EV,No encontrado en Betano,Baja,contexto premium fallback reciente,usa promedios recientes multi-competicion/API-Football,depende mucho del arbitro y del contexto competitivo,
2026-08-23,08:00,Angers vs Lille,,,Visita corners +6.5,CORNERS_AWAY OVER.6.5,CORNERS_AWAY:OVER_6_5,19.5%,0.195400,,,,,,,Sin cuota/EV,No encontrado en Betano,Baja,contexto premium fallback reciente,usa promedios recientes multi-competicion/API-Football,el volumen ofensivo puede variar por planteamiento y marcador temprano,
2026-08-23,08:00,Angers vs Lille,,,Visita goles -0.5,TEAM_TOTAL_AWAY UNDER.0.5,TEAM_TOTAL_AWAY:UNDER_0_5,19.2%,0.192100,,,,,,,Sin cuota/EV,No encontrado en Betano,Baja,fallback ultimos partidos,usa Poisson fallback con ultimos partidos multi-competicion,un gol temprano o baja eficacia puede cambiar la lectura del mercado,
2026-08-23,08:00,Angers vs Lille,,,Tarjetas total -2.5,CARDS_TOTALS UNDER.2.5,CARDS_TOTALS:UNDER_2_5,18.5%,0.185100,,,,,,,Sin cuota/EV,No encontrado en Betano,Baja,contexto premium fallback reciente,usa promedios recientes multi-competicion/API-Football,depende mucho del arbitro y del contexto competitivo,
2026-08-23,08:00,Angers vs Lille,10Bet,,Goles -1.5,TOTALS UNDER.1.5,TOTALS:UNDER_1_5,18.4%,0.183700,1.62,-0.70,-0.702500,,,,EV negativo,No encontrado en Betano,Baja,fallback ultimos partidos,usa Poisson fallback con ultimos partidos multi-competicion,un gol temprano o baja eficacia puede cambiar la lectura del mercado,
2026-08-23,08:00,Angers vs Lille,,,Local goles +2.5,TEAM_TOTAL_HOME OVER.2.5,TEAM_TOTAL_HOME:OVER_2_5,18.1%,0.180700,,,,,,,Sin cuota/EV,No encontrado en Betano,Baja,fallback ultimos partidos,usa Poisson fallback con ultimos partidos multi-competicion,un gol temprano o baja eficacia puede cambiar la lectura del mercado,
2026-08-23,08:00,Angers vs Lille,,,Corners total +11.5,CORNERS_TOTALS OVER.11.5,CORNERS_TOTALS:OVER_11_5,16.9%,0.168900,,,,,,,Sin cuota/EV,No encontrado en Betano,Baja,contexto premium fallback reciente,usa promedios recientes multi-competicion/API-Football,el volumen ofensivo puede variar por planteamiento y marcador temprano,
2026-08-23,08:00,Angers vs Lille,,,SHOTS_TOTAL OVER.26.5,SHOTS_TOTAL OVER.26.5,SHOTS_TOTAL:OVER_26_5,15.7%,0.156700,,,,,,,Sin cuota/EV,No encontrado en Betano,Baja,contexto premium fallback reciente,usa promedios recientes multi-competicion/API-Football,el volumen ofensivo puede variar por planteamiento y marcador temprano,
2026-08-23,08:00,Angers vs Lille,,,Tarjetas total +6.5,CARDS_TOTALS OVER.6.5,CARDS_TOTALS:OVER_6_5,15.6%,0.156400,,,,,,,Sin cuota/EV,No encontrado en Betano,Baja,contexto premium fallback reciente,usa promedios recientes multi-competicion/API-Football,depende mucho del arbitro y del contexto competitivo,
2026-08-23,08:00,Angers vs Lille,,,Local corners +6.5,CORNERS_HOME OVER.6.5,CORNERS_HOME:OVER_6_5,11.1%,0.110700,,,,,,,Sin cuota/EV,No encontrado en Betano,Baja,contexto premium fallback reciente,usa promedios recientes multi-competicion/API-Football,el volumen ofensivo puede variar por planteamiento y marcador temprano,
2026-08-23,08:00,Angers vs Lille,,,Local tarjetas +3.5,CARDS_HOME OVER.3.5,CARDS_HOME:OVER_3_5,7.9%,0.078800,,,,,,,Sin cuota/EV,No encontrado en Betano,Baja,contexto premium fallback reciente,usa promedios recientes multi-competicion/API-Football,depende mucho del arbitro y del contexto competitivo,
2026-08-23,08:00,Angers vs Lille,,,Visita tarjetas -0.5,CARDS_AWAY UNDER.0.5,CARDS_AWAY:UNDER_0_5,6.1%,0.060800,,,,,,,Sin cuota/EV,No encontrado en Betano,Baja,contexto premium fallback reciente,usa promedios recientes multi-competicion/API-Football,depende mucho del arbitro y del contexto competitivo,
2026-08-23,08:00,Brighton vs Aston Villa,,,Local tarjetas -3.5,CARDS_HOME UNDER.3.5,CARDS_HOME:UNDER_3_5,96.9%,0.969000,,,,,,,Sin cuota/EV,No encontrado en Betano,Alta,contexto premium fallback reciente,usa promedios recientes multi-competicion/API-Football,depende mucho del arbitro y del contexto competitivo,
2026-08-23,08:00,Brighton vs Aston Villa,,,Tarjetas total -6.5,CARDS_TOTALS UNDER.6.5,CARDS_TOTALS:UNDER_6_5,94.1%,0.940900,,,,,,,Sin cuota/EV,No encontrado en Betano,Alta,contexto premium fallback reciente,usa promedios recientes multi-competicion/API-Football,depende mucho del arbitro y del contexto competitivo,
2026-08-23,08:00,Brighton vs Aston Villa,,,SHOTS_TOTAL OVER.18.5,SHOTS_TOTAL OVER.18.5,SHOTS_TOTAL:OVER_18_5,92.0%,0.920400,,,,,,,Sin cuota/EV,No encontrado en Betano,Alta,contexto premium fallback reciente,usa promedios recientes multi-competicion/API-Football,el volumen ofensivo puede variar por planteamiento y marcador temprano,
2026-08-23,08:00,Brighton vs Aston Villa,,,Visita tarjetas +0.5,CARDS_AWAY OVER.0.5,CARDS_AWAY:OVER_0_5,89.5%,0.894600,,,,,,,Sin cuota/EV,No encontrado en Betano,Alta,contexto premium fallback reciente,usa promedios recientes multi-competicion/API-Football,depende mucho del arbitro y del contexto competitivo,
2026-08-23,08:00,Brighton vs Aston Villa,,,Local tarjetas -2.5,CARDS_HOME UNDER.2.5,CARDS_HOME:UNDER_2_5,88.7%,0.886600,,,,,,,Sin cuota/EV,No encontrado en Betano,Alta,contexto premium fallback reciente,usa promedios recientes multi-competicion/API-Football,depende mucho del arbitro y del contexto competitivo,
2026-08-23,08:00,Brighton vs Aston Villa,,,Visita corners -6.5,CORNERS_AWAY UNDER.6.5,CORNERS_AWAY:UNDER_6_5,87.1%,0.871300,,,,,,,Sin cuota/EV,No encontrado en Betano,Alta,contexto premium fallback reciente,usa promedios recientes multi-competicion/API-Football,el volumen ofensivo puede variar por planteamiento y marcador temprano,
2026-08-23,08:00,Brighton vs Aston Villa,,,Tarjetas total -5.5,CARDS_TOTALS UNDER.5.5,CARDS_TOTALS:UNDER_5_5,86.8%,0.868400,,,,,,,Sin cuota/EV,No encontrado en Betano,Alta,contexto premium fallback reciente,usa promedios recientes multi-competicion/API-Football,depende mucho del arbitro y del contexto competitivo,
2026-08-23,08:00,Brighton vs Aston Villa,10Bet,,Goles +1.5,TOTALS OVER.1.5,TOTALS:OVER_1_5,86.1%,0.860700,1.80,0.55,0.549200,,,,EV positivo,No encontrado en Betano,Alta,fallback ultimos partidos,usa Poisson fallback con ultimos partidos multi-competicion,un gol temprano o baja eficacia puede cambiar la lectura del mercado,
2026-08-23,08:00,Brighton vs Aston Villa,,,Local corners +3.5,CORNERS_HOME OVER.3.5,CORNERS_HOME:OVER_3_5,83.7%,0.837300,,,,,,,Sin cuota/EV,No encontrado en Betano,Alta,contexto premium fallback reciente,usa promedios recientes multi-competicion/API-Football,el volumen ofensivo puede variar por planteamiento y marcador temprano,
2026-08-23,08:00,Brighton vs Aston Villa,,,SHOTS_TOTAL OVER.20.5,SHOTS_TOTAL OVER.20.5,SHOTS_TOTAL:OVER_20_5,83.5%,0.835200,,,,,,,Sin cuota/EV,No encontrado en Betano,Alta,contexto premium fallback reciente,usa promedios recientes multi-competicion/API-Football,el volumen ofensivo puede variar por planteamiento y marcador temprano,
2026-08-23,08:00,Brighton vs Aston Villa,,,Local goles +0.5,TEAM_TOTAL_HOME OVER.0.5,TEAM_TOTAL_HOME:OVER_0_5,82.8%,0.828500,,,,,,,Sin cuota/EV,No encontrado en Betano,Alta,fallback ultimos partidos,usa Poisson fallback con ultimos partidos multi-competicion,un gol temprano o baja eficacia puede cambiar la lectura del mercado,
2026-08-23,08:00,Brighton vs Aston Villa,,,Visita goles +0.5,TEAM_TOTAL_AWAY OVER.0.5,TEAM_TOTAL_AWAY:OVER_0_5,81.8%,0.818200,,,,,,,Sin cuota/EV,No encontrado en Betano,Alta,fallback ultimos partidos,usa Poisson fallback con ultimos partidos multi-competicion,un gol temprano o baja eficacia puede cambiar la lectura del mercado,
2026-08-23,08:00,Brighton vs Aston Villa,,,SHOTS_ON_TARGET_TOTAL OVER.6.5,SHOTS_ON_TARGET_TOTAL OVER.6.5,SHOTS_ON_TARGET_TOTAL:OVER_6_5,81.5%,0.815100,,,,,,,Sin cuota/EV,No encontrado en Betano,Alta,contexto premium fallback reciente,usa promedios recientes multi-competicion/API-Football,el volumen ofensivo puede variar por planteamiento y marcador temprano,
2026-08-23,08:00,Brighton vs Aston Villa,10Bet,,1T +0.5,FIRST_HALF_TOTALS OVER.0.5,FIRST_HALF_TOTALS:OVER_0_5,81.2%,0.812200,2.00,0.62,0.624400,,,,EV positivo,No encontrado en Betano,Alta,contexto premium fallback reciente,usa promedios recientes multi-competicion/API-Football,el primer tiempo puede tener ritmo bajo o rotaciones,
2026-08-23,08:00,Brighton vs Aston Villa,,,Visita tarjetas -3.5,CARDS_AWAY UNDER.3.5,CARDS_AWAY:UNDER_3_5,80.9%,0.809400,,,,,,,Sin cuota/EV,No encontrado en Betano,Alta,contexto premium fallback reciente,usa promedios recientes multi-competicion/API-Football,depende mucho del arbitro y del contexto competitivo,
2026-08-23,08:00,Brighton vs Aston Villa,,,Corners total +7.5,CORNERS_TOTALS OVER.7.5,CORNERS_TOTALS:OVER_7_5,78.3%,0.783500,,,,,,,Sin cuota/EV,No encontrado en Betano,Alta,contexto premium fallback reciente,usa promedios recientes multi-competicion/API-Football,el volumen ofensivo puede variar por planteamiento y marcador temprano,
2026-08-23,08:00,Brighton vs Aston Villa,,,DOUBLE_CHANCE 12,DOUBLE_CHANCE 12,DOUBLE_CHANCE:12,77.6%,0.776200,,,,,,,Sin cuota/EV,No encontrado en Betano,Alta,fallback ultimos partidos,usa Poisson fallback con ultimos partidos multi-competicion,riesgo propio del resultado final y variacion del modelo,
2026-08-23,08:00,Brighton vs Aston Villa,,,Visita corners -5.5,CORNERS_AWAY UNDER.5.5,CORNERS_AWAY:UNDER_5_5,75.9%,0.758600,,,,,,,Sin cuota/EV,No encontrado en Betano,Alta,contexto premium fallback reciente,usa promedios recientes multi-competicion/API-Football,el volumen ofensivo puede variar por planteamiento y marcador temprano,
2026-08-23,08:00,Brighton vs Aston Villa,,,Visita goles -2.5,TEAM_TOTAL_AWAY UNDER.2.5,TEAM_TOTAL_AWAY:UNDER_2_5,75.6%,0.755900,,,,,,,Sin cuota/EV,No encontrado en Betano,Alta,fallback ultimos partidos,usa Poisson fallback con ultimos partidos multi-competicion,un gol temprano o baja eficacia puede cambiar la lectura del mercado,
2026-08-23,08:00,Brighton vs Aston Villa,,,Tarjetas total -4.5,CARDS_TOTALS UNDER.4.5,CARDS_TOTALS:UNDER_4_5,74.1%,0.741000,,,,,,,Sin cuota/EV,No encontrado en Betano,Alta,contexto premium fallback reciente,usa promedios recientes multi-competicion/API-Football,depende mucho del arbitro y del contexto competitivo,
2026-08-23,08:00,Brighton vs Aston Villa,,,Local goles -2.5,TEAM_TOTAL_HOME UNDER.2.5,TEAM_TOTAL_HOME:UNDER_2_5,74.0%,0.740400,,,,,,,Sin cuota/EV,No encontrado en Betano,Alta,fallback ultimos partidos,usa Poisson fallback con ultimos partidos multi-competicion,un gol temprano o baja eficacia puede cambiar la lectura del mercado,
2026-08-23,08:00,Brighton vs Aston Villa,,,SHOTS_TOTAL OVER.22.5,SHOTS_TOTAL OVER.22.5,SHOTS_TOTAL:OVER_22_5,71.1%,0.711000,,,,,,,Sin cuota/EV,No encontrado en Betano,Alta,contexto premium fallback reciente,usa promedios recientes multi-competicion/API-Football,el volumen ofensivo puede variar por planteamiento y marcador temprano,
2026-08-23,08:00,Brighton vs Aston Villa,,,SHOTS_ON_TARGET_TOTAL OVER.7.5,SHOTS_ON_TARGET_TOTAL OVER.7.5,SHOTS_ON_TARGET_TOTAL:OVER_7_5,70.5%,0.704600,,,,,,,Sin cuota/EV,No encontrado en Betano,Alta,contexto premium fallback reciente,usa promedios recientes multi-competicion/API-Football,el volumen ofensivo puede variar por planteamiento y marcador temprano,
2026-08-23,08:00,Brighton vs Aston Villa,,,Local corners +4.5,CORNERS_HOME OVER.4.5,CORNERS_HOME:OVER_4_5,69.8%,0.697900,,,,,,,Sin cuota/EV,No encontrado en Betano,Media,contexto premium fallback reciente,usa promedios recientes multi-competicion/API-Football,el volumen ofensivo puede variar por planteamiento y marcador temprano,
2026-08-23,08:00,Brighton vs Aston Villa,,,Corners total -11.5,CORNERS_TOTALS UNDER.11.5,CORNERS_TOTALS:UNDER_11_5,69.2%,0.692000,,,,,,,Sin cuota/EV,No encontrado en Betano,Media,contexto premium fallback reciente,usa promedios recientes multi-competicion/API-Football,el volumen ofensivo puede variar por planteamiento y marcador temprano,
2026-08-23,08:00,Brighton vs Aston Villa,,,Local tarjetas +0.5,CARDS_HOME OVER.0.5,CARDS_HOME:OVER_0_5,68.9%,0.688700,,,,,,,Sin cuota/EV,No encontrado en Betano,Media,contexto premium fallback reciente,usa promedios recientes multi-competicion/API-Football,depende mucho del arbitro y del contexto competitivo,
2026-08-23,08:00,Brighton vs Aston Villa,10Bet,,BTTS sí,BTTS YES,BTTS:YES,67.8%,0.678000,3.45,1.34,1.339000,,,,EV positivo,No encontrado en Betano,Media,fallback ultimos partidos,usa Poisson fallback con ultimos partidos multi-competicion,un gol temprano o baja eficacia puede cambiar la lectura del mercado,
2026-08-23,08:00,Brighton vs Aston Villa,,,Local tarjetas -1.5,CARDS_HOME UNDER.1.5,CARDS_HOME:UNDER_1_5,67.5%,0.674600,,,,,,,Sin cuota/EV,No encontrado en Betano,Media,contexto premium fallback reciente,usa promedios recientes multi-competicion/API-Football,depende mucho del arbitro y del contexto competitivo,
2026-08-23,08:00,Brighton vs Aston Villa,10Bet,,Goles +2.5,TOTALS OVER.2.5,TOTALS:OVER_2_5,67.3%,0.673300,3.45,1.32,1.322900,,,,EV positivo,No encontrado en Betano,Media,fallback ultimos partidos,usa Poisson fallback con ultimos partidos multi-competicion,un gol temprano o baja eficacia puede cambiar la lectura del mercado,
2026-08-23,08:00,Brighton vs Aston Villa,,,Corners total +8.5,CORNERS_TOTALS OVER.8.5,CORNERS_TOTALS:OVER_8_5,67.2%,0.671800,,,,,,,Sin cuota/EV,No encontrado en Betano,Media,contexto premium fallback reciente,usa promedios recientes multi-competicion/API-Football,el volumen ofensivo puede variar por planteamiento y marcador temprano,
2026-08-23,08:00,Brighton vs Aston Villa,,,Tarjetas total +2.5,CARDS_TOTALS OVER.2.5,CARDS_TOTALS:OVER_2_5,66.3%,0.663500,,,,,,,Sin cuota/EV,No encontrado en Betano,Media,contexto premium fallback reciente,usa promedios recientes multi-competicion/API-Football,depende mucho del arbitro y del contexto competitivo,
2026-08-23,08:00,Brighton vs Aston Villa,,,Visita tarjetas +1.5,CARDS_AWAY OVER.1.5,CARDS_AWAY:OVER_1_5,65.8%,0.657500,,,,,,,Sin cuota/EV,No encontrado en Betano,Media,contexto premium fallback reciente,usa promedios recientes multi-competicion/API-Football,depende mucho del arbitro y del contexto competitivo,
2026-08-23,08:00,Brighton vs Aston Villa,,,Local corners -6.5,CORNERS_HOME UNDER.6.5,CORNERS_HOME:UNDER_6_5,62.6%,0.626400,,,,,,,Sin cuota/EV,No encontrado en Betano,Media,contexto premium fallback reciente,usa promedios recientes multi-competicion/API-Football,el volumen ofensivo puede variar por planteamiento y marcador temprano,
2026-08-23,08:00,Brighton vs Aston Villa,,,DOUBLE_CHANCE 1X,DOUBLE_CHANCE 1X,DOUBLE_CHANCE:1X,62.4%,0.623900,,,,,,,Sin cuota/EV,No encontrado en Betano,Media,fallback ultimos partidos,usa Poisson fallback con ultimos partidos multi-competicion,riesgo propio del resultado final y variacion del modelo,
2026-08-23,08:00,Brighton vs Aston Villa,,,Visita tarjetas -2.5,CARDS_AWAY UNDER.2.5,CARDS_AWAY:UNDER_2_5,60.9%,0.609300,,,,,,,Sin cuota/EV,No encontrado en Betano,Media,contexto premium fallback reciente,usa promedios recientes multi-competicion/API-Football,depende mucho del arbitro y del contexto competitivo,
2026-08-23,08:00,Brighton vs Aston Villa,,,DOUBLE_CHANCE X2,DOUBLE_CHANCE X2,DOUBLE_CHANCE:X2,60.0%,0.599900,,,,,,,Sin cuota/EV,No encontrado en Betano,Media,fallback ultimos partidos,usa Poisson fallback con ultimos partidos multi-competicion,riesgo propio del resultado final y variacion del modelo,
2026-08-23,08:00,Brighton vs Aston Villa,,,Visita corners +3.5,CORNERS_AWAY OVER.3.5,CORNERS_AWAY:OVER_3_5,59.8%,0.598400,,,,,,,Sin cuota/EV,No encontrado en Betano,Media,contexto premium fallback reciente,usa promedios recientes multi-competicion/API-Football,el volumen ofensivo puede variar por planteamiento y marcador temprano,
2026-08-23,08:00,Brighton vs Aston Villa,,,SHOTS_TOTAL UNDER.26.5,SHOTS_TOTAL UNDER.26.5,SHOTS_TOTAL:UNDER_26_5,59.7%,0.597300,,,,,,,Sin cuota/EV,No encontrado en Betano,Media,contexto premium fallback reciente,usa promedios recientes multi-competicion/API-Football,el volumen ofensivo puede variar por planteamiento y marcador temprano,
2026-08-23,08:00,Brighton vs Aston Villa,10Bet,,Visita corners -4.5,CORNERS_AWAY UNDER.4.5,CORNERS_AWAY:UNDER_4_5,59.6%,0.596300,1.65,-0.02,-0.016000,,,,EV negativo,No encontrado en Betano,Media,contexto premium fallback reciente,usa promedios recientes multi-competicion/API-Football,el volumen ofensivo puede variar por planteamiento y marcador temprano,
2026-08-23,08:00,Brighton vs Aston Villa,10Bet,,Corners total -10.5,CORNERS_TOTALS UNDER.10.5,CORNERS_TOTALS:UNDER_10_5,57.8%,0.577800,1.70,-0.02,-0.017700,,,,EV negativo,No encontrado en Betano,Media,contexto premium fallback reciente,usa promedios recientes multi-competicion/API-Football,el volumen ofensivo puede variar por planteamiento y marcador temprano,
2026-08-23,08:00,Brighton vs Aston Villa,,,SHOTS_ON_TARGET_TOTAL OVER.8.5,SHOTS_ON_TARGET_TOTAL OVER.8.5,SHOTS_ON_TARGET_TOTAL:OVER_8_5,57.7%,0.576800,,,,,,,Sin cuota/EV,No encontrado en Betano,Media,contexto premium fallback reciente,usa promedios recientes multi-competicion/API-Football,el volumen ofensivo puede variar por planteamiento y marcador temprano,
2026-08-23,08:00,Brighton vs Aston Villa,,,SHOTS_TOTAL OVER.24.5,SHOTS_TOTAL OVER.24.5,SHOTS_TOTAL:OVER_24_5,55.9%,0.559400,,,,,,,Sin cuota/EV,No encontrado en Betano,Media,contexto premium fallback reciente,usa promedios recientes multi-competicion/API-Football,el volumen ofensivo puede variar por planteamiento y marcador temprano,
2026-08-23,08:00,Brighton vs Aston Villa,,,Tarjetas total -3.5,CARDS_TOTALS UNDER.3.5,CARDS_TOTALS:UNDER_3_5,55.5%,0.554600,,,,,,,Sin cuota/EV,No encontrado en Betano,Media,contexto premium fallback reciente,usa promedios recientes multi-competicion/API-Football,depende mucho del arbitro y del contexto competitivo,
2026-08-23,08:00,Brighton vs Aston Villa,,,SHOTS_ON_TARGET_TOTAL UNDER.9.5,SHOTS_ON_TARGET_TOTAL UNDER.9.5,SHOTS_ON_TARGET_TOTAL:UNDER_9_5,55.5%,0.554500,,,,,,,Sin cuota/EV,No encontrado en Betano,Media,contexto premium fallback reciente,usa promedios recientes multi-competicion/API-Football,el volumen ofensivo puede variar por planteamiento y marcador temprano,
2026-08-23,08:00,Brighton vs Aston Villa,10Bet,,Corners total +9.5,CORNERS_TOTALS OVER.9.5,CORNERS_TOTALS:OVER_9_5,54.7%,0.547300,1.70,-0.07,-0.069700,,,,EV negativo,No encontrado en Betano,Baja,contexto premium fallback reciente,usa promedios recientes multi-competicion/API-Football,el volumen ofensivo puede variar por planteamiento y marcador temprano,
2026-08-23,08:00,Brighton vs Aston Villa,10Bet,,Goles -3.5,TOTALS UNDER.3.5,TOTALS:UNDER_3_5,54.3%,0.543400,1.50,-0.18,-0.184900,,,,EV negativo,No encontrado en Betano,Baja,fallback ultimos partidos,usa Poisson fallback con ultimos partidos multi-competicion,un gol temprano o baja eficacia puede cambiar la lectura del mercado,
2026-08-23,08:00,Brighton vs Aston Villa,10Bet,,Local corners +5.5,CORNERS_HOME OVER.5.5,CORNERS_HOME:OVER_5_5,53.4%,0.534000,1.80,-0.04,-0.038700,,,,EV negativo,No encontrado en Betano,Baja,contexto premium fallback reciente,usa promedios recientes multi-competicion/API-Football,el volumen ofensivo puede variar por planteamiento y marcador temprano,
2026-08-23,08:00,Brighton vs Aston Villa,,,Local goles +1.5,TEAM_TOTAL_HOME OVER.1.5,TEAM_TOTAL_HOME:OVER_1_5,52.6%,0.526200,,,,,,,Sin cuota/EV,No encontrado en Betano,Baja,fallback ultimos partidos,usa Poisson fallback con ultimos partidos multi-competicion,un gol temprano o baja eficacia puede cambiar la lectura del mercado,
2026-08-23,08:00,Brighton vs Aston Villa,10Bet,,DNB local,DRAW_NO_BET HOME,DRAW_NO_BET:HOME,51.5%,0.515500,1.65,-0.15,-0.149400,,,,EV negativo,No encontrado en Betano,Baja,fallback ultimos partidos,usa Poisson fallback con ultimos partidos multi-competicion,riesgo propio del resultado final y variacion del modelo,
2026-08-23,08:00,Brighton vs Aston Villa,,,Visita goles +1.5,TEAM_TOTAL_AWAY OVER.1.5,TEAM_TOTAL_AWAY:OVER_1_5,50.8%,0.508400,,,,,,,Sin cuota/EV,No encontrado en Betano,Baja,fallback ultimos partidos,usa Poisson fallback con ultimos partidos multi-competicion,un gol temprano o baja eficacia puede cambiar la lectura del mercado,
2026-08-23,08:00,Brighton vs Aston Villa,10Bet,,1T -1.5,FIRST_HALF_TOTALS UNDER.1.5,FIRST_HALF_TOTALS:UNDER_1_5,50.2%,0.501800,1.09,-0.45,-0.453000,,,,EV negativo,No encontrado en Betano,Baja,contexto premium fallback reciente,usa promedios recientes multi-competicion/API-Football,el primer tiempo puede tener ritmo bajo o rotaciones,
2026-08-23,08:00,Brighton vs Aston Villa,10Bet,,1T +1.5,FIRST_HALF_TOTALS OVER.1.5,FIRST_HALF_TOTALS:OVER_1_5,49.8%,0.498200,6.25,2.11,2.113500,,,,EV positivo,No encontrado en Betano,Baja,contexto premium fallback reciente,usa promedios recientes multi-competicion/API-Football,el primer tiempo puede tener ritmo bajo o rotaciones,
2026-08-23,08:00,Brighton vs Aston Villa,,,Visita goles -1.5,TEAM_TOTAL_AWAY UNDER.1.5,TEAM_TOTAL_AWAY:UNDER_1_5,49.2%,0.491600,,,,,,,Sin cuota/EV,No encontrado en Betano,Baja,fallback ultimos partidos,usa Poisson fallback con ultimos partidos multi-competicion,un gol temprano o baja eficacia puede cambiar la lectura del mercado,
2026-08-23,08:00,Brighton vs Aston Villa,10Bet,,DNB visita,DRAW_NO_BET AWAY,DRAW_NO_BET:AWAY,48.4%,0.484500,2.10,0.02,0.017500,,,,EV negativo,No encontrado en Betano,Baja,fallback ultimos partidos,usa Poisson fallback con ultimos partidos multi-competicion,riesgo propio del resultado final y variacion del modelo,
2026-08-23,08:00,Brighton vs Aston Villa,,,Local goles -1.5,TEAM_TOTAL_HOME UNDER.1.5,TEAM_TOTAL_HOME:UNDER_1_5,47.4%,0.473800,,,,,,,Sin cuota/EV,No encontrado en Betano,Baja,fallback ultimos partidos,usa Poisson fallback con ultimos partidos multi-competicion,un gol temprano o baja eficacia puede cambiar la lectura del mercado,
2026-08-23,08:00,Brighton vs Aston Villa,10Bet,,Local corners -5.5,CORNERS_HOME UNDER.5.5,CORNERS_HOME:UNDER_5_5,46.6%,0.466000,1.77,-0.18,-0.175200,,,,EV negativo,No encontrado en Betano,Baja,contexto premium fallback reciente,usa promedios recientes multi-competicion/API-Football,el volumen ofensivo puede variar por planteamiento y marcador temprano,
2026-08-23,08:00,Brighton vs Aston Villa,10Bet,,Goles +3.5,TOTALS OVER.3.5,TOTALS:OVER_3_5,45.7%,0.456600,2.55,0.16,0.164400,,,,EV positivo,No encontrado en Betano,Baja,fallback ultimos partidos,usa Poisson fallback con ultimos partidos multi-competicion,un gol temprano o baja eficacia puede cambiar la lectura del mercado,
2026-08-23,08:00,Brighton vs Aston Villa,10Bet,,Corners total -9.5,CORNERS_TOTALS UNDER.9.5,CORNERS_TOTALS:UNDER_9_5,45.3%,0.452700,2.05,-0.07,-0.071900,,,,EV negativo,No encontrado en Betano,Baja,contexto premium fallback reciente,usa promedios recientes multi-competicion/API-Football,el volumen ofensivo puede variar por planteamiento y marcador temprano,
2026-08-23,08:00,Brighton vs Aston Villa,,,SHOTS_ON_TARGET_TOTAL OVER.9.5,SHOTS_ON_TARGET_TOTAL OVER.9.5,SHOTS_ON_TARGET_TOTAL:OVER_9_5,44.5%,0.445500,,,,,,,Sin cuota/EV,No encontrado en Betano,Baja,contexto premium fallback reciente,usa promedios recientes multi-competicion/API-Football,el volumen ofensivo puede variar por planteamiento y marcador temprano,
2026-08-23,08:00,Brighton vs Aston Villa,,,Tarjetas total +3.5,CARDS_TOTALS OVER.3.5,CARDS_TOTALS:OVER_3_5,44.5%,0.445400,,,,,,,Sin cuota/EV,No encontrado en Betano,Baja,contexto premium fallback reciente,usa promedios recientes multi-competicion/API-Football,depende mucho del arbitro y del contexto competitivo,
2026-08-23,08:00,Brighton vs Aston Villa,,,SHOTS_TOTAL UNDER.24.5,SHOTS_TOTAL UNDER.24.5,SHOTS_TOTAL:UNDER_24_5,44.1%,0.440600,,,,,,,Sin cuota/EV,No encontrado en Betano,Baja,contexto premium fallback reciente,usa promedios recientes multi-competicion/API-Football,el volumen ofensivo puede variar por planteamiento y marcador temprano,
2026-08-23,08:00,Brighton vs Aston Villa,,,SHOTS_ON_TARGET_TOTAL UNDER.8.5,SHOTS_ON_TARGET_TOTAL UNDER.8.5,SHOTS_ON_TARGET_TOTAL:UNDER_8_5,42.3%,0.423200,,,,,,,Sin cuota/EV,No encontrado en Betano,Baja,contexto premium fallback reciente,usa promedios recientes multi-competicion/API-Football,el volumen ofensivo puede variar por planteamiento y marcador temprano,
2026-08-23,08:00,Brighton vs Aston Villa,10Bet,,Corners total +10.5,CORNERS_TOTALS OVER.10.5,CORNERS_TOTALS:OVER_10_5,42.2%,0.422200,2.05,-0.13,-0.134600,,,,EV negativo,No encontrado en Betano,Baja,contexto premium fallback reciente,usa promedios recientes multi-competicion/API-Football,el volumen ofensivo puede variar por planteamiento y marcador temprano,
2026-08-23,08:00,Brighton vs Aston Villa,10Bet,,Visita corners +4.5,CORNERS_AWAY OVER.4.5,CORNERS_AWAY:OVER_4_5,40.4%,0.403700,1.95,-0.21,-0.212900,,,,EV negativo,No encontrado en Betano,Baja,contexto premium fallback reciente,usa promedios recientes multi-competicion/API-Football,el volumen ofensivo puede variar por planteamiento y marcador temprano,
2026-08-23,08:00,Brighton vs Aston Villa,,,SHOTS_TOTAL OVER.26.5,SHOTS_TOTAL OVER.26.5,SHOTS_TOTAL:OVER_26_5,40.3%,0.402700,,,,,,,Sin cuota/EV,No encontrado en Betano,Baja,contexto premium fallback reciente,usa promedios recientes multi-competicion/API-Football,el volumen ofensivo puede variar por planteamiento y marcador temprano,
2026-08-23,08:00,Brighton vs Aston Villa,,,Visita corners -3.5,CORNERS_AWAY UNDER.3.5,CORNERS_AWAY:UNDER_3_5,40.2%,0.401600,,,,,,,Sin cuota/EV,No encontrado en Betano,Baja,contexto premium fallback reciente,usa promedios recientes multi-competicion/API-Football,el volumen ofensivo puede variar por planteamiento y marcador temprano,
2026-08-23,08:00,Brighton vs Aston Villa,10Bet,,Gana local,1X2 HOME,1X2:HOME,40.0%,0.400100,3.45,0.38,0.380400,,,,EV positivo,No encontrado en Betano,Baja,fallback ultimos partidos,usa Poisson fallback con ultimos partidos multi-competicion,riesgo propio del resultado final y variacion del modelo,
2026-08-23,08:00,Brighton vs Aston Villa,,,Visita tarjetas +2.5,CARDS_AWAY OVER.2.5,CARDS_AWAY:OVER_2_5,39.1%,0.390700,,,,,,,Sin cuota/EV,No encontrado en Betano,Baja,contexto premium fallback reciente,usa promedios recientes multi-competicion/API-Football,depende mucho del arbitro y del contexto competitivo,
2026-08-23,08:00,Brighton vs Aston Villa,10Bet,,Gana visita,1X2 AWAY,1X2:AWAY,37.6%,0.376100,4.20,0.58,0.579400,,,,EV positivo,No encontrado en Betano,Baja,fallback ultimos partidos,usa Poisson fallback con ultimos partidos multi-competicion,riesgo propio del resultado final y variacion del modelo,
2026-08-23,08:00,Brighton vs Aston Villa,,,Local corners +6.5,CORNERS_HOME OVER.6.5,CORNERS_HOME:OVER_6_5,37.4%,0.373600,,,,,,,Sin cuota/EV,No encontrado en Betano,Baja,contexto premium fallback reciente,usa promedios recientes multi-competicion/API-Football,el volumen ofensivo puede variar por planteamiento y marcador temprano,
2026-08-23,08:00,Brighton vs Aston Villa,,,Visita tarjetas -1.5,CARDS_AWAY UNDER.1.5,CARDS_AWAY:UNDER_1_5,34.2%,0.342500,,,,,,,Sin cuota/EV,No encontrado en Betano,Baja,contexto premium fallback reciente,usa promedios recientes multi-competicion/API-Football,depende mucho del arbitro y del contexto competitivo,
2026-08-23,08:00,Brighton vs Aston Villa,,,Tarjetas total -2.5,CARDS_TOTALS UNDER.2.5,CARDS_TOTALS:UNDER_2_5,33.7%,0.336500,,,,,,,Sin cuota/EV,No encontrado en Betano,Baja,contexto premium fallback reciente,usa promedios recientes multi-competicion/API-Football,depende mucho del arbitro y del contexto competitivo,
2026-08-23,08:00,Brighton vs Aston Villa,,,Corners total -8.5,CORNERS_TOTALS UNDER.8.5,CORNERS_TOTALS:UNDER_8_5,32.8%,0.328200,,,,,,,Sin cuota/EV,No encontrado en Betano,Baja,contexto premium fallback reciente,usa promedios recientes multi-competicion/API-Football,el volumen ofensivo puede variar por planteamiento y marcador temprano,
2026-08-23,08:00,Brighton vs Aston Villa,10Bet,,Goles -2.5,TOTALS UNDER.2.5,TOTALS:UNDER_2_5,32.7%,0.326700,1.25,-0.59,-0.591600,,,,EV negativo,No encontrado en Betano,Baja,fallback ultimos partidos,usa Poisson fallback con ultimos partidos multi-competicion,un gol temprano o baja eficacia puede cambiar la lectura del mercado,
2026-08-23,08:00,Brighton vs Aston Villa,,,Local tarjetas +1.5,CARDS_HOME OVER.1.5,CARDS_HOME:OVER_1_5,32.5%,0.325400,,,,,,,Sin cuota/EV,No encontrado en Betano,Baja,contexto premium fallback reciente,usa promedios recientes multi-competicion/API-Football,depende mucho del arbitro y del contexto competitivo,
2026-08-23,08:00,Brighton vs Aston Villa,10Bet,,BTTS no,BTTS NO,BTTS:NO,32.2%,0.322000,1.25,-0.60,-0.597500,,,,EV negativo,No encontrado en Betano,Baja,fallback ultimos partidos,usa Poisson fallback con ultimos partidos multi-competicion,un gol temprano o baja eficacia puede cambiar la lectura del mercado,
2026-08-23,08:00,Brighton vs Aston Villa,,,Local tarjetas -0.5,CARDS_HOME UNDER.0.5,CARDS_HOME:UNDER_0_5,31.1%,0.311300,,,,,,,Sin cuota/EV,No encontrado en Betano,Baja,contexto premium fallback reciente,usa promedios recientes multi-competicion/API-Football,depende mucho del arbitro y del contexto competitivo,
2026-08-23,08:00,Brighton vs Aston Villa,,,Corners total +11.5,CORNERS_TOTALS OVER.11.5,CORNERS_TOTALS:OVER_11_5,30.8%,0.308000,,,,,,,Sin cuota/EV,No encontrado en Betano,Baja,contexto premium fallback reciente,usa promedios recientes multi-competicion/API-Football,el volumen ofensivo puede variar por planteamiento y marcador temprano,
2026-08-23,08:00,Brighton vs Aston Villa,,,Local corners -4.5,CORNERS_HOME UNDER.4.5,CORNERS_HOME:UNDER_4_5,30.2%,0.302100,,,,,,,Sin cuota/EV,No encontrado en Betano,Baja,contexto premium fallback reciente,usa promedios recientes multi-competicion/API-Football,el volumen ofensivo puede variar por planteamiento y marcador temprano,
2026-08-23,08:00,Brighton vs Aston Villa,,,SHOTS_ON_TARGET_TOTAL UNDER.7.5,SHOTS_ON_TARGET_TOTAL UNDER.7.5,SHOTS_ON_TARGET_TOTAL:UNDER_7_5,29.5%,0.295400,,,,,,,Sin cuota/EV,No encontrado en Betano,Baja,contexto premium fallback reciente,usa promedios recientes multi-competicion/API-Football,el volumen ofensivo puede variar por planteamiento y marcador temprano,
2026-08-23,08:00,Brighton vs Aston Villa,,,SHOTS_TOTAL UNDER.22.5,SHOTS_TOTAL UNDER.22.5,SHOTS_TOTAL:UNDER_22_5,28.9%,0.289000,,,,,,,Sin cuota/EV,No encontrado en Betano,Baja,contexto premium fallback reciente,usa promedios recientes multi-competicion/API-Football,el volumen ofensivo puede variar por planteamiento y marcador temprano,
2026-08-23,08:00,Brighton vs Aston Villa,,,Local goles +2.5,TEAM_TOTAL_HOME OVER.2.5,TEAM_TOTAL_HOME:OVER_2_5,26.0%,0.259600,,,,,,,Sin cuota/EV,No encontrado en Betano,Baja,fallback ultimos partidos,usa Poisson fallback con ultimos partidos multi-competicion,un gol temprano o baja eficacia puede cambiar la lectura del mercado,
2026-08-23,08:00,Brighton vs Aston Villa,,,Tarjetas total +4.5,CARDS_TOTALS OVER.4.5,CARDS_TOTALS:OVER_4_5,25.9%,0.259000,,,,,,,Sin cuota/EV,No encontrado en Betano,Baja,contexto premium fallback reciente,usa promedios recientes multi-competicion/API-Football,depende mucho del arbitro y del contexto competitivo,
2026-08-23,08:00,Brighton vs Aston Villa,,,Visita goles +2.5,TEAM_TOTAL_AWAY OVER.2.5,TEAM_TOTAL_AWAY:OVER_2_5,24.4%,0.244100,,,,,,,Sin cuota/EV,No encontrado en Betano,Baja,fallback ultimos partidos,usa Poisson fallback con ultimos partidos multi-competicion,un gol temprano o baja eficacia puede cambiar la lectura del mercado,
2026-08-23,08:00,Brighton vs Aston Villa,,,Visita corners +5.5,CORNERS_AWAY OVER.5.5,CORNERS_AWAY:OVER_5_5,24.1%,0.241400,,,,,,,Sin cuota/EV,No encontrado en Betano,Baja,contexto premium fallback reciente,usa promedios recientes multi-competicion/API-Football,el volumen ofensivo puede variar por planteamiento y marcador temprano,
2026-08-23,08:00,Brighton vs Aston Villa,10Bet,,Empate,1X2 DRAW,1X2:DRAW,22.4%,0.223800,1.80,-0.60,-0.597100,,,,EV negativo,No encontrado en Betano,Baja,fallback ultimos partidos,usa Poisson fallback con ultimos partidos multi-competicion,riesgo propio del resultado final y variacion del modelo,
2026-08-23,08:00,Brighton vs Aston Villa,,,Corners total -7.5,CORNERS_TOTALS UNDER.7.5,CORNERS_TOTALS:UNDER_7_5,21.6%,0.216500,,,,,,,Sin cuota/EV,No encontrado en Betano,Baja,contexto premium fallback reciente,usa promedios recientes multi-competicion/API-Football,el volumen ofensivo puede variar por planteamiento y marcador temprano,
2026-08-23,08:00,Brighton vs Aston Villa,,,Visita tarjetas +3.5,CARDS_AWAY OVER.3.5,CARDS_AWAY:OVER_3_5,19.1%,0.190600,,,,,,,Sin cuota/EV,No encontrado en Betano,Baja,contexto premium fallback reciente,usa promedios recientes multi-competicion/API-Football,depende mucho del arbitro y del contexto competitivo,
2026-08-23,08:00,Brighton vs Aston Villa,10Bet,,1T -0.5,FIRST_HALF_TOTALS UNDER.0.5,FIRST_HALF_TOTALS:UNDER_0_5,18.8%,0.187800,1.75,-0.67,-0.671400,,,,EV negativo,No encontrado en Betano,Baja,contexto premium fallback reciente,usa promedios recientes multi-competicion/API-Football,el primer tiempo puede tener ritmo bajo o rotaciones,
2026-08-23,08:00,Brighton vs Aston Villa,,,SHOTS_ON_TARGET_TOTAL UNDER.6.5,SHOTS_ON_TARGET_TOTAL UNDER.6.5,SHOTS_ON_TARGET_TOTAL:UNDER_6_5,18.5%,0.184900,,,,,,,Sin cuota/EV,No encontrado en Betano,Baja,contexto premium fallback reciente,usa promedios recientes multi-competicion/API-Football,el volumen ofensivo puede variar por planteamiento y marcador temprano,
2026-08-23,08:00,Brighton vs Aston Villa,,,Visita goles -0.5,TEAM_TOTAL_AWAY UNDER.0.5,TEAM_TOTAL_AWAY:UNDER_0_5,18.2%,0.181800,,,,,,,Sin cuota/EV,No encontrado en Betano,Baja,fallback ultimos partidos,usa Poisson fallback con ultimos partidos multi-competicion,un gol temprano o baja eficacia puede cambiar la lectura del mercado,
2026-08-23,08:00,Brighton vs Aston Villa,,,Local goles -0.5,TEAM_TOTAL_HOME UNDER.0.5,TEAM_TOTAL_HOME:UNDER_0_5,17.2%,0.171500,,,,,,,Sin cuota/EV,No encontrado en Betano,Baja,fallback ultimos partidos,usa Poisson fallback con ultimos partidos multi-competicion,un gol temprano o baja eficacia puede cambiar la lectura del mercado,
2026-08-23,08:00,Brighton vs Aston Villa,,,SHOTS_TOTAL UNDER.20.5,SHOTS_TOTAL UNDER.20.5,SHOTS_TOTAL:UNDER_20_5,16.5%,0.164800,,,,,,,Sin cuota/EV,No encontrado en Betano,Baja,contexto premium fallback reciente,usa promedios recientes multi-competicion/API-Football,el volumen ofensivo puede variar por planteamiento y marcador temprano,
2026-08-23,08:00,Brighton vs Aston Villa,,,Local corners -3.5,CORNERS_HOME UNDER.3.5,CORNERS_HOME:UNDER_3_5,16.3%,0.162700,,,,,,,Sin cuota/EV,No encontrado en Betano,Baja,contexto premium fallback reciente,usa promedios recientes multi-competicion/API-Football,el volumen ofensivo puede variar por planteamiento y marcador temprano,
2026-08-23,08:00,Brighton vs Aston Villa,10Bet,,Goles -1.5,TOTALS UNDER.1.5,TOTALS:UNDER_1_5,13.9%,0.139300,1.91,-0.73,-0.733900,,,,EV negativo,No encontrado en Betano,Baja,fallback ultimos partidos,usa Poisson fallback con ultimos partidos multi-competicion,un gol temprano o baja eficacia puede cambiar la lectura del mercado,
2026-08-23,08:00,Brighton vs Aston Villa,,,Tarjetas total +5.5,CARDS_TOTALS OVER.5.5,CARDS_TOTALS:OVER_5_5,13.2%,0.131600,,,,,,,Sin cuota/EV,No encontrado en Betano,Baja,contexto premium fallback reciente,usa promedios recientes multi-competicion/API-Football,depende mucho del arbitro y del contexto competitivo,
2026-08-23,08:00,Brighton vs Aston Villa,,,Visita corners +6.5,CORNERS_AWAY OVER.6.5,CORNERS_AWAY:OVER_6_5,12.9%,0.128700,,,,,,,Sin cuota/EV,No encontrado en Betano,Baja,contexto premium fallback reciente,usa promedios recientes multi-competicion/API-Football,el volumen ofensivo puede variar por planteamiento y marcador temprano,
2026-08-23,08:00,Brighton vs Aston Villa,,,Local tarjetas +2.5,CARDS_HOME OVER.2.5,CARDS_HOME:OVER_2_5,11.3%,0.113400,,,,,,,Sin cuota/EV,No encontrado en Betano,Baja,contexto premium fallback reciente,usa promedios recientes multi-competicion/API-Football,depende mucho del arbitro y del contexto competitivo,
2026-08-23,08:00,Brighton vs Aston Villa,,,Visita tarjetas -0.5,CARDS_AWAY UNDER.0.5,CARDS_AWAY:UNDER_0_5,10.5%,0.105400,,,,,,,Sin cuota/EV,No encontrado en Betano,Baja,contexto premium fallback reciente,usa promedios recientes multi-competicion/API-Football,depende mucho del arbitro y del contexto competitivo,
2026-08-23,08:00,Brighton vs Aston Villa,,,SHOTS_TOTAL UNDER.18.5,SHOTS_TOTAL UNDER.18.5,SHOTS_TOTAL:UNDER_18_5,8.0%,0.079600,,,,,,,Sin cuota/EV,No encontrado en Betano,Baja,contexto premium fallback reciente,usa promedios recientes multi-competicion/API-Football,el volumen ofensivo puede variar por planteamiento y marcador temprano,
2026-08-23,08:00,Brighton vs Aston Villa,,,Tarjetas total +6.5,CARDS_TOTALS OVER.6.5,CARDS_TOTALS:OVER_6_5,5.9%,0.059100,,,,,,,Sin cuota/EV,No encontrado en Betano,Baja,contexto premium fallback reciente,usa promedios recientes multi-competicion/API-Football,depende mucho del arbitro y del contexto competitivo,
2026-08-23,08:00,Brighton vs Aston Villa,,,Local tarjetas +3.5,CARDS_HOME OVER.3.5,CARDS_HOME:OVER_3_5,3.1%,0.031000,,,,,,,Sin cuota/EV,No encontrado en Betano,Baja,contexto premium fallback reciente,usa promedios recientes multi-competicion/API-Football,depende mucho del arbitro y del contexto competitivo,
2026-08-23,08:00,Manchester City vs Bournemouth,,,Tarjetas total -6.5,CARDS_TOTALS UNDER.6.5,CARDS_TOTALS:UNDER_6_5,92.9%,0.929100,,,,,,,Sin cuota/EV,No encontrado en Betano,Alta,contexto premium fallback reciente,usa promedios recientes multi-competicion/API-Football,depende mucho del arbitro y del contexto competitivo,
2026-08-23,08:00,Manchester City vs Bournemouth,,,Local tarjetas -3.5,CARDS_HOME UNDER.3.5,CARDS_HOME:UNDER_3_5,92.5%,0.925100,,,,,,,Sin cuota/EV,No encontrado en Betano,Alta,contexto premium fallback reciente,usa promedios recientes multi-competicion/API-Football,depende mucho del arbitro y del contexto competitivo,
2026-08-23,08:00,Manchester City vs Bournemouth,,,SHOTS_TOTAL OVER.18.5,SHOTS_TOTAL OVER.18.5,SHOTS_TOTAL:OVER_18_5,92.1%,0.920700,,,,,,,Sin cuota/EV,No encontrado en Betano,Alta,contexto premium fallback reciente,usa promedios recientes multi-competicion/API-Football,el volumen ofensivo puede variar por planteamiento y marcador temprano,
2026-08-23,08:00,Manchester City vs Bournemouth,10Bet,,Goles +1.5,TOTALS OVER.1.5,TOTALS:OVER_1_5,89.0%,0.890000,1.67,0.49,0.486300,,,,EV positivo,No encontrado en Betano,Alta,fallback ultimos partidos,usa Poisson fallback con ultimos partidos multi-competicion,un gol temprano o baja eficacia puede cambiar la lectura del mercado,
2026-08-23,08:00,Manchester City vs Bournemouth,,,Visita goles +0.5,TEAM_TOTAL_AWAY OVER.0.5,TEAM_TOTAL_AWAY:OVER_0_5,87.7%,0.877200,,,,,,,Sin cuota/EV,No encontrado en Betano,Alta,fallback ultimos partidos,usa Poisson fallback con ultimos partidos multi-competicion,un gol temprano o baja eficacia puede cambiar la lectura del mercado,
2026-08-23,08:00,Manchester City vs Bournemouth,,,Corners total +7.5,CORNERS_TOTALS OVER.7.5,CORNERS_TOTALS:OVER_7_5,87.2%,0.871800,,,,,,,Sin cuota/EV,No encontrado en Betano,Alta,contexto premium fallback reciente,usa promedios recientes multi-competicion/API-Football,el volumen ofensivo puede variar por planteamiento y marcador temprano,
2026-08-23,08:00,Manchester City vs Bournemouth,,,Visita tarjetas +0.5,CARDS_AWAY OVER.0.5,CARDS_AWAY:OVER_0_5,86.5%,0.864700,,,,,,,Sin cuota/EV,No encontrado en Betano,Alta,contexto premium fallback reciente,usa promedios recientes multi-competicion/API-Football,depende mucho del arbitro y del contexto competitivo,
2026-08-23,08:00,Manchester City vs Bournemouth,,,Local corners +3.5,CORNERS_HOME OVER.3.5,CORNERS_HOME:OVER_3_5,86.1%,0.861100,,,,,,,Sin cuota/EV,No encontrado en Betano,Alta,contexto premium fallback reciente,usa promedios recientes multi-competicion/API-Football,el volumen ofensivo puede variar por planteamiento y marcador temprano,
2026-08-23,08:00,Manchester City vs Bournemouth,,,Visita tarjetas -3.5,CARDS_AWAY UNDER.3.5,CARDS_AWAY:UNDER_3_5,85.7%,0.857100,,,,,,,Sin cuota/EV,No encontrado en Betano,Alta,contexto premium fallback reciente,usa promedios recientes multi-competicion/API-Football,depende mucho del arbitro y del contexto competitivo,
2026-08-23,08:00,Manchester City vs Bournemouth,,,Tarjetas total -5.5,CARDS_TOTALS UNDER.5.5,CARDS_TOTALS:UNDER_5_5,84.8%,0.848100,,,,,,,Sin cuota/EV,No encontrado en Betano,Alta,contexto premium fallback reciente,usa promedios recientes multi-competicion/API-Football,depende mucho del arbitro y del contexto competitivo,
2026-08-23,08:00,Manchester City vs Bournemouth,,,SHOTS_TOTAL OVER.20.5,SHOTS_TOTAL OVER.20.5,SHOTS_TOTAL:OVER_20_5,83.6%,0.835800,,,,,,,Sin cuota/EV,No encontrado en Betano,Alta,contexto premium fallback reciente,usa promedios recientes multi-competicion/API-Football,el volumen ofensivo puede variar por planteamiento y marcador temprano,
2026-08-23,08:00,Manchester City vs Bournemouth,,,Local goles +0.5,TEAM_TOTAL_HOME OVER.0.5,TEAM_TOTAL_HOME:OVER_0_5,81.2%,0.812200,,,,,,,Sin cuota/EV,No encontrado en Betano,Alta,fallback ultimos partidos,usa Poisson fallback con ultimos partidos multi-competicion,un gol temprano o baja eficacia puede cambiar la lectura del mercado,
2026-08-23,08:00,Manchester City vs Bournemouth,,,Local tarjetas +0.5,CARDS_HOME OVER.0.5,CARDS_HOME:OVER_0_5,79.2%,0.792200,,,,,,,Sin cuota/EV,No encontrado en Betano,Alta,contexto premium fallback reciente,usa promedios recientes multi-competicion/API-Football,depende mucho del arbitro y del contexto competitivo,
2026-08-23,08:00,Manchester City vs Bournemouth,,,Local tarjetas -2.5,CARDS_HOME UNDER.2.5,CARDS_HOME:UNDER_2_5,79.1%,0.790800,,,,,,,Sin cuota/EV,No encontrado en Betano,Alta,contexto premium fallback reciente,usa promedios recientes multi-competicion/API-Football,depende mucho del arbitro y del contexto competitivo,
2026-08-23,08:00,Manchester City vs Bournemouth,,,DOUBLE_CHANCE 12,DOUBLE_CHANCE 12,DOUBLE_CHANCE:12,79.1%,0.790600,,,,,,,Sin cuota/EV,No encontrado en Betano,Alta,fallback ultimos partidos,usa Poisson fallback con ultimos partidos multi-competicion,riesgo propio del resultado final y variacion del modelo,
2026-08-23,08:00,Manchester City vs Bournemouth,,,Corners total +8.5,CORNERS_TOTALS OVER.8.5,CORNERS_TOTALS:OVER_8_5,78.9%,0.788900,,,,,,,Sin cuota/EV,No encontrado en Betano,Alta,contexto premium fallback reciente,usa promedios recientes multi-competicion/API-Football,el volumen ofensivo puede variar por planteamiento y marcador temprano,
2026-08-23,08:00,Manchester City vs Bournemouth,,,Local goles -2.5,TEAM_TOTAL_HOME UNDER.2.5,TEAM_TOTAL_HOME:UNDER_2_5,76.4%,0.764200,,,,,,,Sin cuota/EV,No encontrado en Betano,Alta,fallback ultimos partidos,usa Poisson fallback con ultimos partidos multi-competicion,un gol temprano o baja eficacia puede cambiar la lectura del mercado,
2026-08-23,08:00,Manchester City vs Bournemouth,10Bet,,Visita corners +3.5,CORNERS_AWAY OVER.3.5,CORNERS_AWAY:OVER_3_5,74.9%,0.748700,1.90,0.42,0.422600,,,,EV positivo,No encontrado en Betano,Alta,contexto premium fallback reciente,usa promedios recientes multi-competicion/API-Football,el volumen ofensivo puede variar por planteamiento y marcador temprano,
2026-08-23,08:00,Manchester City vs Bournemouth,,,Visita corners -6.5,CORNERS_AWAY UNDER.6.5,CORNERS_AWAY:UNDER_6_5,74.7%,0.747400,,,,,,,Sin cuota/EV,No encontrado en Betano,Alta,contexto premium fallback reciente,usa promedios recientes multi-competicion/API-Football,el volumen ofensivo puede variar por planteamiento y marcador temprano,
2026-08-23,08:00,Manchester City vs Bournemouth,,,Local corners +4.5,CORNERS_HOME OVER.4.5,CORNERS_HOME:OVER_4_5,73.4%,0.733600,,,,,,,Sin cuota/EV,No encontrado en Betano,Alta,contexto premium fallback reciente,usa promedios recientes multi-competicion/API-Football,el volumen ofensivo puede variar por planteamiento y marcador temprano,
2026-08-23,08:00,Manchester City vs Bournemouth,10Bet,,1T +0.5,FIRST_HALF_TOTALS OVER.0.5,FIRST_HALF_TOTALS:OVER_0_5,73.0%,0.730400,2.30,0.68,0.680000,,,,EV positivo,No encontrado en Betano,Alta,contexto premium fallback reciente,usa promedios recientes multi-competicion/API-Football,el primer tiempo puede tener ritmo bajo o rotaciones,
2026-08-23,08:00,Manchester City vs Bournemouth,10Bet,,Goles +2.5,TOTALS OVER.2.5,TOTALS:OVER_2_5,72.7%,0.726500,3.00,1.18,1.179400,,,,EV positivo,No encontrado en Betano,Alta,fallback ultimos partidos,usa Poisson fallback con ultimos partidos multi-competicion,un gol temprano o baja eficacia puede cambiar la lectura del mercado,
2026-08-23,08:00,Manchester City vs Bournemouth,10Bet,,BTTS sí,BTTS YES,BTTS:YES,71.3%,0.712700,3.25,1.32,1.316200,,,,EV positivo,No encontrado en Betano,Alta,fallback ultimos partidos,usa Poisson fallback con ultimos partidos multi-competicion,un gol temprano o baja eficacia puede cambiar la lectura del mercado,
2026-08-23,08:00,Manchester City vs Bournemouth,,,Tarjetas total -4.5,CARDS_TOTALS UNDER.4.5,CARDS_TOTALS:UNDER_4_5,71.2%,0.712000,,,,,,,Sin cuota/EV,No encontrado en Betano,Alta,contexto premium fallback reciente,usa promedios recientes multi-competicion/API-Football,depende mucho del arbitro y del contexto competitivo,
2026-08-23,08:00,Manchester City vs Bournemouth,,,SHOTS_TOTAL OVER.22.5,SHOTS_TOTAL OVER.22.5,SHOTS_TOTAL:OVER_22_5,71.2%,0.711800,,,,,,,Sin cuota/EV,No encontrado en Betano,Alta,contexto premium fallback reciente,usa promedios recientes multi-competicion/API-Football,el volumen ofensivo puede variar por planteamiento y marcador temprano,
2026-08-23,08:00,Manchester City vs Bournemouth,,,SHOTS_ON_TARGET_TOTAL UNDER.9.5,SHOTS_ON_TARGET_TOTAL UNDER.9.5,SHOTS_ON_TARGET_TOTAL:UNDER_9_5,71.1%,0.711300,,,,,,,Sin cuota/EV,No encontrado en Betano,Alta,contexto premium fallback reciente,usa promedios recientes multi-competicion/API-Football,el volumen ofensivo puede variar por planteamiento y marcador temprano,
2026-08-23,08:00,Manchester City vs Bournemouth,,,Tarjetas total +2.5,CARDS_TOTALS OVER.2.5,CARDS_TOTALS:OVER_2_5,69.2%,0.692100,,,,,,,Sin cuota/EV,No encontrado en Betano,Media,contexto premium fallback reciente,usa promedios recientes multi-competicion/API-Football,depende mucho del arbitro y del contexto competitivo,
2026-08-23,08:00,Manchester City vs Bournemouth,,,SHOTS_ON_TARGET_TOTAL OVER.6.5,SHOTS_ON_TARGET_TOTAL OVER.6.5,SHOTS_ON_TARGET_TOTAL:OVER_6_5,69.2%,0.691800,,,,,,,Sin cuota/EV,No encontrado en Betano,Media,contexto premium fallback reciente,usa promedios recientes multi-competicion/API-Football,el volumen ofensivo puede variar por planteamiento y marcador temprano,
2026-08-23,08:00,Manchester City vs Bournemouth,,,DOUBLE_CHANCE X2,DOUBLE_CHANCE X2,DOUBLE_CHANCE:X2,68.8%,0.688500,,,,,,,Sin cuota/EV,No encontrado en Betano,Media,fallback ultimos partidos,usa Poisson fallback con ultimos partidos multi-competicion,riesgo propio del resultado final y variacion del modelo,
2026-08-23,08:00,Manchester City vs Bournemouth,,,Corners total +9.5,CORNERS_TOTALS OVER.9.5,CORNERS_TOTALS:OVER_9_5,68.5%,0.685300,,,,,,,Sin cuota/EV,No encontrado en Betano,Media,contexto premium fallback reciente,usa promedios recientes multi-competicion/API-Football,el volumen ofensivo puede variar por planteamiento y marcador temprano,
2026-08-23,08:00,Manchester City vs Bournemouth,,,Visita tarjetas -2.5,CARDS_AWAY UNDER.2.5,CARDS_AWAY:UNDER_2_5,67.7%,0.676700,,,,,,,Sin cuota/EV,No encontrado en Betano,Media,contexto premium fallback reciente,usa promedios recientes multi-competicion/API-Football,depende mucho del arbitro y del contexto competitivo,
2026-08-23,08:00,Manchester City vs Bournemouth,,,Visita goles -2.5,TEAM_TOTAL_AWAY UNDER.2.5,TEAM_TOTAL_AWAY:UNDER_2_5,65.0%,0.650000,,,,,,,Sin cuota/EV,No encontrado en Betano,Media,fallback ultimos partidos,usa Poisson fallback con ultimos partidos multi-competicion,un gol temprano o baja eficacia puede cambiar la lectura del mercado,
2026-08-23,08:00,Manchester City vs Bournemouth,10Bet,,1T -1.5,FIRST_HALF_TOTALS UNDER.1.5,FIRST_HALF_TOTALS:UNDER_1_5,62.3%,0.622900,1.35,-0.16,-0.159000,,,,EV negativo,No encontrado en Betano,Media,contexto premium fallback reciente,usa promedios recientes multi-competicion/API-Football,el primer tiempo puede tener ritmo bajo o rotaciones,
2026-08-23,08:00,Manchester City vs Bournemouth,,,Visita goles +1.5,TEAM_TOTAL_AWAY OVER.1.5,TEAM_TOTAL_AWAY:OVER_1_5,62.0%,0.620000,,,,,,,Sin cuota/EV,No encontrado en Betano,Media,fallback ultimos partidos,usa Poisson fallback con ultimos partidos multi-competicion,un gol temprano o baja eficacia puede cambiar la lectura del mercado,
2026-08-23,08:00,Manchester City vs Bournemouth,10Bet,,DNB visita,DRAW_NO_BET AWAY,DRAW_NO_BET:AWAY,60.6%,0.606000,3.55,1.15,1.151300,,,,EV positivo,No encontrado en Betano,Media,fallback ultimos partidos,usa Poisson fallback con ultimos partidos multi-competicion,riesgo propio del resultado final y variacion del modelo,
2026-08-23,08:00,Manchester City vs Bournemouth,,,Visita corners -5.5,CORNERS_AWAY UNDER.5.5,CORNERS_AWAY:UNDER_5_5,59.8%,0.598400,,,,,,,Sin cuota/EV,No encontrado en Betano,Media,contexto premium fallback reciente,usa promedios recientes multi-competicion/API-Football,el volumen ofensivo puede variar por planteamiento y marcador temprano,
2026-08-23,08:00,Manchester City vs Bournemouth,,,SHOTS_TOTAL UNDER.26.5,SHOTS_TOTAL UNDER.26.5,SHOTS_TOTAL:UNDER_26_5,59.6%,0.596400,,,,,,,Sin cuota/EV,No encontrado en Betano,Media,contexto premium fallback reciente,usa promedios recientes multi-competicion/API-Football,el volumen ofensivo puede variar por planteamiento y marcador temprano,
2026-08-23,08:00,Manchester City vs Bournemouth,,,Visita tarjetas +1.5,CARDS_AWAY OVER.1.5,CARDS_AWAY:OVER_1_5,59.4%,0.594000,,,,,,,Sin cuota/EV,No encontrado en Betano,Media,contexto premium fallback reciente,usa promedios recientes multi-competicion/API-Football,depende mucho del arbitro y del contexto competitivo,
2026-08-23,08:00,Manchester City vs Bournemouth,,,SHOTS_ON_TARGET_TOTAL UNDER.8.5,SHOTS_ON_TARGET_TOTAL UNDER.8.5,SHOTS_ON_TARGET_TOTAL:UNDER_8_5,58.7%,0.586500,,,,,,,Sin cuota/EV,No encontrado en Betano,Media,contexto premium fallback reciente,usa promedios recientes multi-competicion/API-Football,el volumen ofensivo puede variar por planteamiento y marcador temprano,
2026-08-23,08:00,Manchester City vs Bournemouth,10Bet,,Local corners -6.5,CORNERS_HOME UNDER.6.5,CORNERS_HOME:UNDER_6_5,58.3%,0.583300,2.00,0.17,0.166700,,,,EV positivo,No encontrado en Betano,Media,contexto premium fallback reciente,usa promedios recientes multi-competicion/API-Football,el volumen ofensivo puede variar por planteamiento y marcador temprano,
2026-08-23,08:00,Manchester City vs Bournemouth,,,Local corners +5.5,CORNERS_HOME OVER.5.5,CORNERS_HOME:OVER_5_5,57.7%,0.577000,,,,,,,Sin cuota/EV,No encontrado en Betano,Media,contexto premium fallback reciente,usa promedios recientes multi-competicion/API-Football,el volumen ofensivo puede variar por planteamiento y marcador temprano,
2026-08-23,08:00,Manchester City vs Bournemouth,10Bet,,Visita corners +4.5,CORNERS_AWAY OVER.4.5,CORNERS_AWAY:OVER_4_5,57.7%,0.576900,2.05,0.18,0.182600,,,,EV positivo,No encontrado en Betano,Media,contexto premium fallback reciente,usa promedios recientes multi-competicion/API-Football,el volumen ofensivo puede variar por planteamiento y marcador temprano,
2026-08-23,08:00,Manchester City vs Bournemouth,10Bet,,Corners total +10.5,CORNERS_TOTALS OVER.10.5,CORNERS_TOTALS:OVER_10_5,56.9%,0.568800,1.77,0.01,0.006700,,,,EV negativo,No encontrado en Betano,Media,contexto premium fallback reciente,usa promedios recientes multi-competicion/API-Football,el volumen ofensivo puede variar por planteamiento y marcador temprano,
2026-08-23,08:00,Manchester City vs Bournemouth,,,SHOTS_TOTAL OVER.24.5,SHOTS_TOTAL OVER.24.5,SHOTS_TOTAL:OVER_24_5,56.0%,0.560300,,,,,,,Sin cuota/EV,No encontrado en Betano,Media,contexto premium fallback reciente,usa promedios recientes multi-competicion/API-Football,el volumen ofensivo puede variar por planteamiento y marcador temprano,
2026-08-23,08:00,Manchester City vs Bournemouth,,,SHOTS_ON_TARGET_TOTAL OVER.7.5,SHOTS_ON_TARGET_TOTAL OVER.7.5,SHOTS_ON_TARGET_TOTAL:OVER_7_5,55.3%,0.553000,,,,,,,Sin cuota/EV,No encontrado en Betano,Media,contexto premium fallback reciente,usa promedios recientes multi-competicion/API-Football,el volumen ofensivo puede variar por planteamiento y marcador temprano,
2026-08-23,08:00,Manchester City vs Bournemouth,,,Corners total -11.5,CORNERS_TOTALS UNDER.11.5,CORNERS_TOTALS:UNDER_11_5,55.0%,0.550300,,,,,,,Sin cuota/EV,No encontrado en Betano,Media,contexto premium fallback reciente,usa promedios recientes multi-competicion/API-Football,el volumen ofensivo puede variar por planteamiento y marcador temprano,
2026-08-23,08:00,Manchester City vs Bournemouth,,,Local tarjetas -1.5,CARDS_HOME UNDER.1.5,CARDS_HOME:UNDER_1_5,53.4%,0.534300,,,,,,,Sin cuota/EV,No encontrado en Betano,Baja,contexto premium fallback reciente,usa promedios recientes multi-competicion/API-Football,depende mucho del arbitro y del contexto competitivo,
2026-08-23,08:00,Manchester City vs Bournemouth,,,Tarjetas total -3.5,CARDS_TOTALS UNDER.3.5,CARDS_TOTALS:UNDER_3_5,52.1%,0.521400,,,,,,,Sin cuota/EV,No encontrado en Betano,Baja,contexto premium fallback reciente,usa promedios recientes multi-competicion/API-Football,depende mucho del arbitro y del contexto competitivo,
2026-08-23,08:00,Manchester City vs Bournemouth,,,DOUBLE_CHANCE 1X,DOUBLE_CHANCE 1X,DOUBLE_CHANCE:1X,52.1%,0.520900,,,,,,,Sin cuota/EV,No encontrado en Betano,Baja,fallback ultimos partidos,usa Poisson fallback con ultimos partidos multi-competicion,riesgo propio del resultado final y variacion del modelo,
2026-08-23,08:00,Manchester City vs Bournemouth,10Bet,,Goles +3.5,TOTALS OVER.3.5,TOTALS:OVER_3_5,52.1%,0.520800,2.10,0.09,0.093600,,,,EV positivo,No encontrado en Betano,Baja,fallback ultimos partidos,usa Poisson fallback con ultimos partidos multi-competicion,un gol temprano o baja eficacia puede cambiar la lectura del mercado,
2026-08-23,08:00,Manchester City vs Bournemouth,,,Local goles -1.5,TEAM_TOTAL_HOME UNDER.1.5,TEAM_TOTAL_HOME:UNDER_1_5,50.2%,0.501600,,,,,,,Sin cuota/EV,No encontrado en Betano,Baja,fallback ultimos partidos,usa Poisson fallback con ultimos partidos multi-competicion,un gol temprano o baja eficacia puede cambiar la lectura del mercado,
2026-08-23,08:00,Manchester City vs Bournemouth,,,Local goles +1.5,TEAM_TOTAL_HOME OVER.1.5,TEAM_TOTAL_HOME:OVER_1_5,49.8%,0.498400,,,,,,,Sin cuota/EV,No encontrado en Betano,Baja,fallback ultimos partidos,usa Poisson fallback con ultimos partidos multi-competicion,un gol temprano o baja eficacia puede cambiar la lectura del mercado,
2026-08-23,08:00,Manchester City vs Bournemouth,10Bet,,Goles -3.5,TOTALS UNDER.3.5,TOTALS:UNDER_3_5,47.9%,0.479200,1.70,-0.19,-0.185300,,,,EV negativo,No encontrado en Betano,Baja,fallback ultimos partidos,usa Poisson fallback con ultimos partidos multi-competicion,un gol temprano o baja eficacia puede cambiar la lectura del mercado,
2026-08-23,08:00,Manchester City vs Bournemouth,10Bet,,Gana visita,1X2 AWAY,1X2:AWAY,47.9%,0.479100,6.00,1.87,1.874400,,,,EV positivo,No encontrado en Betano,Baja,fallback ultimos partidos,usa Poisson fallback con ultimos partidos multi-competicion,riesgo propio del resultado final y variacion del modelo,
2026-08-23,08:00,Manchester City vs Bournemouth,,,Tarjetas total +3.5,CARDS_TOTALS OVER.3.5,CARDS_TOTALS:OVER_3_5,47.9%,0.478600,,,,,,,Sin cuota/EV,No encontrado en Betano,Baja,contexto premium fallback reciente,usa promedios recientes multi-competicion/API-Football,depende mucho del arbitro y del contexto competitivo,
2026-08-23,08:00,Manchester City vs Bournemouth,,,Local tarjetas +1.5,CARDS_HOME OVER.1.5,CARDS_HOME:OVER_1_5,46.6%,0.465700,,,,,,,Sin cuota/EV,No encontrado en Betano,Baja,contexto premium fallback reciente,usa promedios recientes multi-competicion/API-Football,depende mucho del arbitro y del contexto competitivo,
2026-08-23,08:00,Manchester City vs Bournemouth,,,Corners total +11.5,CORNERS_TOTALS OVER.11.5,CORNERS_TOTALS:OVER_11_5,45.0%,0.449700,,,,,,,Sin cuota/EV,No encontrado en Betano,Baja,contexto premium fallback reciente,usa promedios recientes multi-competicion/API-Football,el volumen ofensivo puede variar por planteamiento y marcador temprano,
2026-08-23,08:00,Manchester City vs Bournemouth,,,SHOTS_ON_TARGET_TOTAL UNDER.7.5,SHOTS_ON_TARGET_TOTAL UNDER.7.5,SHOTS_ON_TARGET_TOTAL:UNDER_7_5,44.7%,0.447000,,,,,,,Sin cuota/EV,No encontrado en Betano,Baja,contexto premium fallback reciente,usa promedios recientes multi-competicion/API-Football,el volumen ofensivo puede variar por planteamiento y marcador temprano,
2026-08-23,08:00,Manchester City vs Bournemouth,,,SHOTS_TOTAL UNDER.24.5,SHOTS_TOTAL UNDER.24.5,SHOTS_TOTAL:UNDER_24_5,44.0%,0.439700,,,,,,,Sin cuota/EV,No encontrado en Betano,Baja,contexto premium fallback reciente,usa promedios recientes multi-competicion/API-Football,el volumen ofensivo puede variar por planteamiento y marcador temprano,
2026-08-23,08:00,Manchester City vs Bournemouth,10Bet,,Corners total -10.5,CORNERS_TOTALS UNDER.10.5,CORNERS_TOTALS:UNDER_10_5,43.1%,0.431200,1.95,-0.16,-0.159100,,,,EV negativo,No encontrado en Betano,Baja,contexto premium fallback reciente,usa promedios recientes multi-competicion/API-Football,el volumen ofensivo puede variar por planteamiento y marcador temprano,
2026-08-23,08:00,Manchester City vs Bournemouth,10Bet,,Visita corners -4.5,CORNERS_AWAY UNDER.4.5,CORNERS_AWAY:UNDER_4_5,42.3%,0.423100,1.57,-0.34,-0.335700,,,,EV negativo,No encontrado en Betano,Baja,contexto premium fallback reciente,usa promedios recientes multi-competicion/API-Football,el volumen ofensivo puede variar por planteamiento y marcador temprano,
2026-08-23,08:00,Manchester City vs Bournemouth,,,Local corners -5.5,CORNERS_HOME UNDER.5.5,CORNERS_HOME:UNDER_5_5,42.3%,0.423000,,,,,,,Sin cuota/EV,No encontrado en Betano,Baja,contexto premium fallback reciente,usa promedios recientes multi-competicion/API-Football,el volumen ofensivo puede variar por planteamiento y marcador temprano,
2026-08-23,08:00,Manchester City vs Bournemouth,10Bet,,Local corners +6.5,CORNERS_HOME OVER.6.5,CORNERS_HOME:OVER_6_5,41.7%,0.416700,1.62,-0.33,-0.325000,,,,EV negativo,No encontrado en Betano,Baja,contexto premium fallback reciente,usa promedios recientes multi-competicion/API-Football,el volumen ofensivo puede variar por planteamiento y marcador temprano,
2026-08-23,08:00,Manchester City vs Bournemouth,,,SHOTS_ON_TARGET_TOTAL OVER.8.5,SHOTS_ON_TARGET_TOTAL OVER.8.5,SHOTS_ON_TARGET_TOTAL:OVER_8_5,41.3%,0.413500,,,,,,,Sin cuota/EV,No encontrado en Betano,Baja,contexto premium fallback reciente,usa promedios recientes multi-competicion/API-Football,el volumen ofensivo puede variar por planteamiento y marcador temprano,
2026-08-23,08:00,Manchester City vs Bournemouth,,,Visita tarjetas -1.5,CARDS_AWAY UNDER.1.5,CARDS_AWAY:UNDER_1_5,40.6%,0.406000,,,,,,,Sin cuota/EV,No encontrado en Betano,Baja,contexto premium fallback reciente,usa promedios recientes multi-competicion/API-Football,depende mucho del arbitro y del contexto competitivo,
2026-08-23,08:00,Manchester City vs Bournemouth,,,SHOTS_TOTAL OVER.26.5,SHOTS_TOTAL OVER.26.5,SHOTS_TOTAL:OVER_26_5,40.4%,0.403600,,,,,,,Sin cuota/EV,No encontrado en Betano,Baja,contexto premium fallback reciente,usa promedios recientes multi-competicion/API-Football,el volumen ofensivo puede variar por planteamiento y marcador temprano,
2026-08-23,08:00,Manchester City vs Bournemouth,,,Visita corners +5.5,CORNERS_AWAY OVER.5.5,CORNERS_AWAY:OVER_5_5,40.2%,0.401600,,,,,,,Sin cuota/EV,No encontrado en Betano,Baja,contexto premium fallback reciente,usa promedios recientes multi-competicion/API-Football,el volumen ofensivo puede variar por planteamiento y marcador temprano,
2026-08-23,08:00,Manchester City vs Bournemouth,10Bet,,DNB local,DRAW_NO_BET HOME,DRAW_NO_BET:HOME,39.4%,0.394000,1.25,-0.51,-0.507500,,,,EV negativo,No encontrado en Betano,Baja,fallback ultimos partidos,usa Poisson fallback con ultimos partidos multi-competicion,riesgo propio del resultado final y variacion del modelo,
2026-08-23,08:00,Manchester City vs Bournemouth,,,Visita goles -1.5,TEAM_TOTAL_AWAY UNDER.1.5,TEAM_TOTAL_AWAY:UNDER_1_5,38.0%,0.380000,,,,,,,Sin cuota/EV,No encontrado en Betano,Baja,fallback ultimos partidos,usa Poisson fallback con ultimos partidos multi-competicion,un gol temprano o baja eficacia puede cambiar la lectura del mercado,
2026-08-23,08:00,Manchester City vs Bournemouth,10Bet,,1T +1.5,FIRST_HALF_TOTALS OVER.1.5,FIRST_HALF_TOTALS:OVER_1_5,37.7%,0.377100,2.95,0.11,0.112400,,,,EV positivo,No encontrado en Betano,Baja,contexto premium fallback reciente,usa promedios recientes multi-competicion/API-Football,el primer tiempo puede tener ritmo bajo o rotaciones,
2026-08-23,08:00,Manchester City vs Bournemouth,,,Visita goles +2.5,TEAM_TOTAL_AWAY OVER.2.5,TEAM_TOTAL_AWAY:OVER_2_5,35.0%,0.350000,,,,,,,Sin cuota/EV,No encontrado en Betano,Baja,fallback ultimos partidos,usa Poisson fallback con ultimos partidos multi-competicion,un gol temprano o baja eficacia puede cambiar la lectura del mercado,
2026-08-23,08:00,Manchester City vs Bournemouth,,,Visita tarjetas +2.5,CARDS_AWAY OVER.2.5,CARDS_AWAY:OVER_2_5,32.3%,0.323300,,,,,,,Sin cuota/EV,No encontrado en Betano,Baja,contexto premium fallback reciente,usa promedios recientes multi-competicion/API-Football,depende mucho del arbitro y del contexto competitivo,
2026-08-23,08:00,Manchester City vs Bournemouth,,,Corners total -9.5,CORNERS_TOTALS UNDER.9.5,CORNERS_TOTALS:UNDER_9_5,31.5%,0.314700,,,,,,,Sin cuota/EV,No encontrado en Betano,Baja,contexto premium fallback reciente,usa promedios recientes multi-competicion/API-Football,el volumen ofensivo puede variar por planteamiento y marcador temprano,
2026-08-23,08:00,Manchester City vs Bournemouth,10Bet,,Gana local,1X2 HOME,1X2:HOME,31.1%,0.311500,2.38,-0.26,-0.258600,,,,EV negativo,No encontrado en Betano,Baja,fallback ultimos partidos,usa Poisson fallback con ultimos partidos multi-competicion,riesgo propio del resultado final y variacion del modelo,
2026-08-23,08:00,Manchester City vs Bournemouth,,,SHOTS_ON_TARGET_TOTAL UNDER.6.5,SHOTS_ON_TARGET_TOTAL UNDER.6.5,SHOTS_ON_TARGET_TOTAL:UNDER_6_5,30.8%,0.308200,,,,,,,Sin cuota/EV,No encontrado en Betano,Baja,contexto premium fallback reciente,usa promedios recientes multi-competicion/API-Football,el volumen ofensivo puede variar por planteamiento y marcador temprano,
2026-08-23,08:00,Manchester City vs Bournemouth,,,Tarjetas total -2.5,CARDS_TOTALS UNDER.2.5,CARDS_TOTALS:UNDER_2_5,30.8%,0.307900,,,,,,,Sin cuota/EV,No encontrado en Betano,Baja,contexto premium fallback reciente,usa promedios recientes multi-competicion/API-Football,depende mucho del arbitro y del contexto competitivo,
2026-08-23,08:00,Manchester City vs Bournemouth,,,SHOTS_ON_TARGET_TOTAL OVER.9.5,SHOTS_ON_TARGET_TOTAL OVER.9.5,SHOTS_ON_TARGET_TOTAL:OVER_9_5,28.9%,0.288700,,,,,,,Sin cuota/EV,No encontrado en Betano,Baja,contexto premium fallback reciente,usa promedios recientes multi-competicion/API-Football,el volumen ofensivo puede variar por planteamiento y marcador temprano,
2026-08-23,08:00,Manchester City vs Bournemouth,,,SHOTS_TOTAL UNDER.22.5,SHOTS_TOTAL UNDER.22.5,SHOTS_TOTAL:UNDER_22_5,28.8%,0.288200,,,,,,,Sin cuota/EV,No encontrado en Betano,Baja,contexto premium fallback reciente,usa promedios recientes multi-competicion/API-Football,el volumen ofensivo puede variar por planteamiento y marcador temprano,
2026-08-23,08:00,Manchester City vs Bournemouth,,,Tarjetas total +4.5,CARDS_TOTALS OVER.4.5,CARDS_TOTALS:OVER_4_5,28.8%,0.288000,,,,,,,Sin cuota/EV,No encontrado en Betano,Baja,contexto premium fallback reciente,usa promedios recientes multi-competicion/API-Football,depende mucho del arbitro y del contexto competitivo,
2026-08-23,08:00,Manchester City vs Bournemouth,10Bet,,BTTS no,BTTS NO,BTTS:NO,28.7%,0.287300,1.30,-0.63,-0.626500,,,,EV negativo,No encontrado en Betano,Baja,fallback ultimos partidos,usa Poisson fallback con ultimos partidos multi-competicion,un gol temprano o baja eficacia puede cambiar la lectura del mercado,
2026-08-23,08:00,Manchester City vs Bournemouth,10Bet,,Goles -2.5,TOTALS UNDER.2.5,TOTALS:UNDER_2_5,27.4%,0.273500,1.33,-0.64,-0.636200,,,,EV negativo,No encontrado en Betano,Baja,fallback ultimos partidos,usa Poisson fallback con ultimos partidos multi-competicion,un gol temprano o baja eficacia puede cambiar la lectura del mercado,
2026-08-23,08:00,Manchester City vs Bournemouth,10Bet,,1T -0.5,FIRST_HALF_TOTALS UNDER.0.5,FIRST_HALF_TOTALS:UNDER_0_5,27.0%,0.269600,1.55,-0.58,-0.582200,,,,EV negativo,No encontrado en Betano,Baja,contexto premium fallback reciente,usa promedios recientes multi-competicion/API-Football,el primer tiempo puede tener ritmo bajo o rotaciones,
2026-08-23,08:00,Manchester City vs Bournemouth,,,Local corners -4.5,CORNERS_HOME UNDER.4.5,CORNERS_HOME:UNDER_4_5,26.6%,0.266400,,,,,,,Sin cuota/EV,No encontrado en Betano,Baja,contexto premium fallback reciente,usa promedios recientes multi-competicion/API-Football,el volumen ofensivo puede variar por planteamiento y marcador temprano,
2026-08-23,08:00,Manchester City vs Bournemouth,,,Visita corners +6.5,CORNERS_AWAY OVER.6.5,CORNERS_AWAY:OVER_6_5,25.3%,0.252600,,,,,,,Sin cuota/EV,No encontrado en Betano,Baja,contexto premium fallback reciente,usa promedios recientes multi-competicion/API-Football,el volumen ofensivo puede variar por planteamiento y marcador temprano,
2026-08-23,08:00,Manchester City vs Bournemouth,10Bet,,Visita corners -3.5,CORNERS_AWAY UNDER.3.5,CORNERS_AWAY:UNDER_3_5,25.1%,0.251300,1.70,-0.57,-0.572800,,,,EV negativo,No encontrado en Betano,Baja,contexto premium fallback reciente,usa promedios recientes multi-competicion/API-Football,el volumen ofensivo puede variar por planteamiento y marcador temprano,
2026-08-23,08:00,Manchester City vs Bournemouth,,,Local goles +2.5,TEAM_TOTAL_HOME OVER.2.5,TEAM_TOTAL_HOME:OVER_2_5,23.6%,0.235800,,,,,,,Sin cuota/EV,No encontrado en Betano,Baja,fallback ultimos partidos,usa Poisson fallback con ultimos partidos multi-competicion,un gol temprano o baja eficacia puede cambiar la lectura del mercado,
2026-08-23,08:00,Manchester City vs Bournemouth,,,Corners total -8.5,CORNERS_TOTALS UNDER.8.5,CORNERS_TOTALS:UNDER_8_5,21.1%,0.211100,,,,,,,Sin cuota/EV,No encontrado en Betano,Baja,contexto premium fallback reciente,usa promedios recientes multi-competicion/API-Football,el volumen ofensivo puede variar por planteamiento y marcador temprano,
2026-08-23,08:00,Manchester City vs Bournemouth,10Bet,,Empate,1X2 DRAW,1X2:DRAW,20.9%,0.209400,2.00,-0.58,-0.581100,,,,EV negativo,No encontrado en Betano,Baja,fallback ultimos partidos,usa Poisson fallback con ultimos partidos multi-competicion,riesgo propio del resultado final y variacion del modelo,
2026-08-23,08:00,Manchester City vs Bournemouth,,,Local tarjetas +2.5,CARDS_HOME OVER.2.5,CARDS_HOME:OVER_2_5,20.9%,0.209200,,,,,,,Sin cuota/EV,No encontrado en Betano,Baja,contexto premium fallback reciente,usa promedios recientes multi-competicion/API-Football,depende mucho del arbitro y del contexto competitivo,
2026-08-23,08:00,Manchester City vs Bournemouth,,,Local tarjetas -0.5,CARDS_HOME UNDER.0.5,CARDS_HOME:UNDER_0_5,20.8%,0.207800,,,,,,,Sin cuota/EV,No encontrado en Betano,Baja,contexto premium fallback reciente,usa promedios recientes multi-competicion/API-Football,depende mucho del arbitro y del contexto competitivo,
2026-08-23,08:00,Manchester City vs Bournemouth,,,Local goles -0.5,TEAM_TOTAL_HOME UNDER.0.5,TEAM_TOTAL_HOME:UNDER_0_5,18.8%,0.187800,,,,,,,Sin cuota/EV,No encontrado en Betano,Baja,fallback ultimos partidos,usa Poisson fallback con ultimos partidos multi-competicion,un gol temprano o baja eficacia puede cambiar la lectura del mercado,
2026-08-23,08:00,Manchester City vs Bournemouth,,,SHOTS_TOTAL UNDER.20.5,SHOTS_TOTAL UNDER.20.5,SHOTS_TOTAL:UNDER_20_5,16.4%,0.164200,,,,,,,Sin cuota/EV,No encontrado en Betano,Baja,contexto premium fallback reciente,usa promedios recientes multi-competicion/API-Football,el volumen ofensivo puede variar por planteamiento y marcador temprano,
2026-08-23,08:00,Manchester City vs Bournemouth,,,Tarjetas total +5.5,CARDS_TOTALS OVER.5.5,CARDS_TOTALS:OVER_5_5,15.2%,0.151900,,,,,,,Sin cuota/EV,No encontrado en Betano,Baja,contexto premium fallback reciente,usa promedios recientes multi-competicion/API-Football,depende mucho del arbitro y del contexto competitivo,
2026-08-23,08:00,Manchester City vs Bournemouth,,,Visita tarjetas +3.5,CARDS_AWAY OVER.3.5,CARDS_AWAY:OVER_3_5,14.3%,0.142900,,,,,,,Sin cuota/EV,No encontrado en Betano,Baja,contexto premium fallback reciente,usa promedios recientes multi-competicion/API-Football,depende mucho del arbitro y del contexto competitivo,
2026-08-23,08:00,Manchester City vs Bournemouth,,,Local corners -3.5,CORNERS_HOME UNDER.3.5,CORNERS_HOME:UNDER_3_5,13.9%,0.138900,,,,,,,Sin cuota/EV,No encontrado en Betano,Baja,contexto premium fallback reciente,usa promedios recientes multi-competicion/API-Football,el volumen ofensivo puede variar por planteamiento y marcador temprano,
2026-08-23,08:00,Manchester City vs Bournemouth,,,Visita tarjetas -0.5,CARDS_AWAY UNDER.0.5,CARDS_AWAY:UNDER_0_5,13.5%,0.135300,,,,,,,Sin cuota/EV,No encontrado en Betano,Baja,contexto premium fallback reciente,usa promedios recientes multi-competicion/API-Football,depende mucho del arbitro y del contexto competitivo,
2026-08-23,08:00,Manchester City vs Bournemouth,,,Corners total -7.5,CORNERS_TOTALS UNDER.7.5,CORNERS_TOTALS:UNDER_7_5,12.8%,0.128200,,,,,,,Sin cuota/EV,No encontrado en Betano,Baja,contexto premium fallback reciente,usa promedios recientes multi-competicion/API-Football,el volumen ofensivo puede variar por planteamiento y marcador temprano,
2026-08-23,08:00,Manchester City vs Bournemouth,,,Visita goles -0.5,TEAM_TOTAL_AWAY UNDER.0.5,TEAM_TOTAL_AWAY:UNDER_0_5,12.3%,0.122800,,,,,,,Sin cuota/EV,No encontrado en Betano,Baja,fallback ultimos partidos,usa Poisson fallback con ultimos partidos multi-competicion,un gol temprano o baja eficacia puede cambiar la lectura del mercado,
2026-08-23,08:00,Manchester City vs Bournemouth,10Bet,,Goles -1.5,TOTALS UNDER.1.5,TOTALS:UNDER_1_5,11.0%,0.110000,2.10,-0.77,-0.769000,,,,EV negativo,No encontrado en Betano,Baja,fallback ultimos partidos,usa Poisson fallback con ultimos partidos multi-competicion,un gol temprano o baja eficacia puede cambiar la lectura del mercado,
2026-08-23,08:00,Manchester City vs Bournemouth,,,SHOTS_TOTAL UNDER.18.5,SHOTS_TOTAL UNDER.18.5,SHOTS_TOTAL:UNDER_18_5,7.9%,0.079300,,,,,,,Sin cuota/EV,No encontrado en Betano,Baja,contexto premium fallback reciente,usa promedios recientes multi-competicion/API-Football,el volumen ofensivo puede variar por planteamiento y marcador temprano,
2026-08-23,08:00,Manchester City vs Bournemouth,,,Local tarjetas +3.5,CARDS_HOME OVER.3.5,CARDS_HOME:OVER_3_5,7.5%,0.074900,,,,,,,Sin cuota/EV,No encontrado en Betano,Baja,contexto premium fallback reciente,usa promedios recientes multi-competicion/API-Football,depende mucho del arbitro y del contexto competitivo,
2026-08-23,08:00,Manchester City vs Bournemouth,,,Tarjetas total +6.5,CARDS_TOTALS OVER.6.5,CARDS_TOTALS:OVER_6_5,7.1%,0.070900,,,,,,,Sin cuota/EV,No encontrado en Betano,Baja,contexto premium fallback reciente,usa promedios recientes multi-competicion/API-Football,depende mucho del arbitro y del contexto competitivo,
2026-08-23,10:00,Atletico Madrid vs Villarreal,,,Visita tarjetas +0.5,CARDS_AWAY OVER.0.5,CARDS_AWAY:OVER_0_5,98.2%,0.981700,,,,,,,Sin cuota/EV,No encontrado en Betano,Alta,contexto premium torneo actual,usa promedios del contexto premium/API-Football,depende mucho del arbitro y del contexto competitivo,
2026-08-23,10:00,Atletico Madrid vs Villarreal,,,Tarjetas total +2.5,CARDS_TOTALS OVER.2.5,CARDS_TOTALS:OVER_2_5,93.8%,0.938000,,,,,,,Sin cuota/EV,No encontrado en Betano,Alta,contexto premium torneo actual,usa promedios del contexto premium/API-Football,depende mucho del arbitro y del contexto competitivo,
2026-08-23,10:00,Atletico Madrid vs Villarreal,,,Visita goles -2.5,TEAM_TOTAL_AWAY UNDER.2.5,TEAM_TOTAL_AWAY:UNDER_2_5,92.0%,0.919700,,,,,,,Sin cuota/EV,No encontrado en Betano,Alta,torneo actual,usa Poisson base con estadisticas de goles del torneo,un gol temprano o baja eficacia puede cambiar la lectura del mercado,
2026-08-23,10:00,Atletico Madrid vs Villarreal,,,Visita tarjetas +1.5,CARDS_AWAY OVER.1.5,CARDS_AWAY:OVER_1_5,90.8%,0.908400,,,,,,,Sin cuota/EV,No encontrado en Betano,Alta,contexto premium torneo actual,usa promedios del contexto premium/API-Football,depende mucho del arbitro y del contexto competitivo,
2026-08-23,10:00,Atletico Madrid vs Villarreal,,,SHOTS_TOTAL OVER.18.5,SHOTS_TOTAL OVER.18.5,SHOTS_TOTAL:OVER_18_5,89.1%,0.891000,,,,,,,Sin cuota/EV,No encontrado en Betano,Alta,contexto premium torneo actual,usa promedios del contexto premium/API-Football,el volumen ofensivo puede variar por planteamiento y marcador temprano,
2026-08-23,10:00,Atletico Madrid vs Villarreal,,,Corners total +7.5,CORNERS_TOTALS OVER.7.5,CORNERS_TOTALS:OVER_7_5,88.6%,0.886300,,,,,,,Sin cuota/EV,No encontrado en Betano,Alta,contexto premium torneo actual,usa promedios del contexto premium/API-Football,el volumen ofensivo puede variar por planteamiento y marcador temprano,
2026-08-23,10:00,Atletico Madrid vs Villarreal,,,Local goles +0.5,TEAM_TOTAL_HOME OVER.0.5,TEAM_TOTAL_HOME:OVER_0_5,88.4%,0.884300,,,,,,,Sin cuota/EV,No encontrado en Betano,Alta,torneo actual,usa Poisson base con estadisticas de goles del torneo,un gol temprano o baja eficacia puede cambiar la lectura del mercado,
2026-08-23,10:00,Atletico Madrid vs Villarreal,,,Local tarjetas +0.5,CARDS_HOME OVER.0.5,CARDS_HOME:OVER_0_5,86.5%,0.864700,,,,,,,Sin cuota/EV,No encontrado en Betano,Alta,contexto premium torneo actual,usa promedios del contexto premium/API-Football,depende mucho del arbitro y del contexto competitivo,
2026-08-23,10:00,Atletico Madrid vs Villarreal,10Bet,,1T +0.5,FIRST_HALF_TOTALS OVER.0.5,FIRST_HALF_TOTALS:OVER_0_5,86.5%,0.864700,2.40,1.08,1.075200,,,,EV positivo,No encontrado en Betano,Alta,contexto premium torneo actual,usa promedios del contexto premium/API-Football,el primer tiempo puede tener ritmo bajo o rotaciones,
2026-08-23,10:00,Atletico Madrid vs Villarreal,,,Local tarjetas -3.5,CARDS_HOME UNDER.3.5,CARDS_HOME:UNDER_3_5,85.7%,0.857100,,,,,,,Sin cuota/EV,No encontrado en Betano,Alta,contexto premium torneo actual,usa promedios del contexto premium/API-Football,depende mucho del arbitro y del contexto competitivo,
2026-08-23,10:00,Atletico Madrid vs Villarreal,,,Local corners +3.5,CORNERS_HOME OVER.3.5,CORNERS_HOME:OVER_3_5,84.9%,0.848800,,,,,,,Sin cuota/EV,No encontrado en Betano,Alta,contexto premium torneo actual,usa promedios del contexto premium/API-Football,el volumen ofensivo puede variar por planteamiento y marcador temprano,
2026-08-23,10:00,Atletico Madrid vs Villarreal,,,Tarjetas total +3.5,CARDS_TOTALS OVER.3.5,CARDS_TOTALS:OVER_3_5,84.9%,0.848800,,,,,,,Sin cuota/EV,No encontrado en Betano,Alta,contexto premium torneo actual,usa promedios del contexto premium/API-Football,depende mucho del arbitro y del contexto competitivo,
2026-08-23,10:00,Atletico Madrid vs Villarreal,,,DOUBLE_CHANCE 1X,DOUBLE_CHANCE 1X,DOUBLE_CHANCE:1X,83.5%,0.835500,,,,,,,Sin cuota/EV,No encontrado en Betano,Alta,torneo actual,usa Poisson base con estadisticas de goles del torneo,riesgo propio del resultado final y variacion del modelo,
2026-08-23,10:00,Atletico Madrid vs Villarreal,10Bet,,Goles +1.5,TOTALS OVER.1.5,TOTALS:OVER_1_5,82.3%,0.823100,2.00,0.65,0.646200,,,,EV positivo,No encontrado en Betano,Alta,torneo actual,usa Poisson base con estadisticas de goles del torneo,un gol temprano o baja eficacia puede cambiar la lectura del mercado,
2026-08-23,10:00,Atletico Madrid vs Villarreal,,,Corners total +8.5,CORNERS_TOTALS OVER.8.5,CORNERS_TOTALS:OVER_8_5,80.9%,0.809400,,,,,,,Sin cuota/EV,No encontrado en Betano,Alta,contexto premium torneo actual,usa promedios del contexto premium/API-Football,el volumen ofensivo puede variar por planteamiento y marcador temprano,
2026-08-23,10:00,Atletico Madrid vs Villarreal,,,DOUBLE_CHANCE 12,DOUBLE_CHANCE 12,DOUBLE_CHANCE:12,80.3%,0.802700,,,,,,,Sin cuota/EV,No encontrado en Betano,Alta,torneo actual,usa Poisson base con estadisticas de goles del torneo,riesgo propio del resultado final y variacion del modelo,
2026-08-23,10:00,Atletico Madrid vs Villarreal,10Bet,,Visita corners +3.5,CORNERS_AWAY OVER.3.5,CORNERS_AWAY:OVER_3_5,79.8%,0.798300,1.73,0.38,0.381100,,,,EV positivo,No encontrado en Betano,Alta,contexto premium torneo actual,usa promedios del contexto premium/API-Football,el volumen ofensivo puede variar por planteamiento y marcador temprano,
2026-08-23,10:00,Atletico Madrid vs Villarreal,10Bet,,DNB local,DRAW_NO_BET HOME,DRAW_NO_BET:HOME,79.5%,0.795100,1.50,0.19,0.192600,,,,EV positivo,No encontrado en Betano,Alta,torneo actual,usa Poisson base con estadisticas de goles del torneo,riesgo propio del resultado final y variacion del modelo,
2026-08-23,10:00,Atletico Madrid vs Villarreal,,,SHOTS_TOTAL OVER.20.5,SHOTS_TOTAL OVER.20.5,SHOTS_TOTAL:OVER_20_5,78.7%,0.787200,,,,,,,Sin cuota/EV,No encontrado en Betano,Alta,contexto premium torneo actual,usa promedios del contexto premium/API-Football,el volumen ofensivo puede variar por planteamiento y marcador temprano,
2026-08-23,10:00,Atletico Madrid vs Villarreal,,,Visita tarjetas +2.5,CARDS_AWAY OVER.2.5,CARDS_AWAY:OVER_2_5,76.2%,0.761900,,,,,,,Sin cuota/EV,No encontrado en Betano,Alta,contexto premium torneo actual,usa promedios del contexto premium/API-Football,depende mucho del arbitro y del contexto competitivo,
2026-08-23,10:00,Atletico Madrid vs Villarreal,,,SHOTS_ON_TARGET_TOTAL OVER.6.5,SHOTS_ON_TARGET_TOTAL OVER.6.5,SHOTS_ON_TARGET_TOTAL:OVER_6_5,74.4%,0.743800,,,,,,,Sin cuota/EV,No encontrado en Betano,Alta,contexto premium torneo actual,usa promedios del contexto premium/API-Football,el volumen ofensivo puede variar por planteamiento y marcador temprano,
2026-08-23,10:00,Atletico Madrid vs Villarreal,,,Visita goles -1.5,TEAM_TOTAL_AWAY UNDER.1.5,TEAM_TOTAL_AWAY:UNDER_1_5,73.6%,0.735900,,,,,,,Sin cuota/EV,No encontrado en Betano,Alta,torneo actual,usa Poisson base con estadisticas de goles del torneo,un gol temprano o baja eficacia puede cambiar la lectura del mercado,
2026-08-23,10:00,Atletico Madrid vs Villarreal,,,Local corners +4.5,CORNERS_HOME OVER.4.5,CORNERS_HOME:OVER_4_5,71.5%,0.714900,,,,,,,Sin cuota/EV,No encontrado en Betano,Alta,contexto premium torneo actual,usa promedios del contexto premium/API-Football,el volumen ofensivo puede variar por planteamiento y marcador temprano,
2026-08-23,10:00,Atletico Madrid vs Villarreal,,,Tarjetas total +4.5,CARDS_TOTALS OVER.4.5,CARDS_TOTALS:OVER_4_5,71.5%,0.714900,,,,,,,Sin cuota/EV,No encontrado en Betano,Alta,contexto premium torneo actual,usa promedios del contexto premium/API-Football,depende mucho del arbitro y del contexto competitivo,
2026-08-23,10:00,Atletico Madrid vs Villarreal,10Bet,,Corners total +9.5,CORNERS_TOTALS OVER.9.5,CORNERS_TOTALS:OVER_9_5,71.1%,0.711200,1.77,0.26,0.258800,,,,EV positivo,No encontrado en Betano,Alta,contexto premium torneo actual,usa promedios del contexto premium/API-Football,el volumen ofensivo puede variar por planteamiento y marcador temprano,
2026-08-23,10:00,Atletico Madrid vs Villarreal,,,Visita corners -6.5,CORNERS_AWAY UNDER.6.5,CORNERS_AWAY:UNDER_6_5,68.6%,0.686000,,,,,,,Sin cuota/EV,No encontrado en Betano,Media,contexto premium torneo actual,usa promedios del contexto premium/API-Football,el volumen ofensivo puede variar por planteamiento y marcador temprano,
2026-08-23,10:00,Atletico Madrid vs Villarreal,,,Local tarjetas -2.5,CARDS_HOME UNDER.2.5,CARDS_HOME:UNDER_2_5,67.7%,0.676700,,,,,,,Sin cuota/EV,No encontrado en Betano,Media,contexto premium torneo actual,usa promedios del contexto premium/API-Football,depende mucho del arbitro y del contexto competitivo,
2026-08-23,10:00,Atletico Madrid vs Villarreal,,,SHOTS_TOTAL UNDER.26.5,SHOTS_TOTAL UNDER.26.5,SHOTS_TOTAL:UNDER_26_5,66.7%,0.667200,,,,,,,Sin cuota/EV,No encontrado en Betano,Media,contexto premium torneo actual,usa promedios del contexto premium/API-Football,el volumen ofensivo puede variar por planteamiento y marcador temprano,
2026-08-23,10:00,Atletico Madrid vs Villarreal,,,SHOTS_ON_TARGET_TOTAL UNDER.9.5,SHOTS_ON_TARGET_TOTAL UNDER.9.5,SHOTS_ON_TARGET_TOTAL:UNDER_9_5,65.3%,0.653000,,,,,,,Sin cuota/EV,No encontrado en Betano,Media,contexto premium torneo actual,usa promedios del contexto premium/API-Football,el volumen ofensivo puede variar por planteamiento y marcador temprano,
2026-08-23,10:00,Atletico Madrid vs Villarreal,,,SHOTS_TOTAL OVER.22.5,SHOTS_TOTAL OVER.22.5,SHOTS_TOTAL:OVER_22_5,64.6%,0.646300,,,,,,,Sin cuota/EV,No encontrado en Betano,Media,contexto premium torneo actual,usa promedios del contexto premium/API-Football,el volumen ofensivo puede variar por planteamiento y marcador temprano,
2026-08-23,10:00,Atletico Madrid vs Villarreal,10Bet,,Visita corners +4.5,CORNERS_AWAY OVER.4.5,CORNERS_AWAY:OVER_4_5,64.2%,0.642500,2.10,0.35,0.349200,,,,EV positivo,No encontrado en Betano,Media,contexto premium torneo actual,usa promedios del contexto premium/API-Football,el volumen ofensivo puede variar por planteamiento y marcador temprano,
2026-08-23,10:00,Atletico Madrid vs Villarreal,10Bet,,Gana local,1X2 HOME,1X2:HOME,63.8%,0.638300,3.10,0.98,0.978600,,,,EV positivo,No encontrado en Betano,Media,torneo actual,usa Poisson base con estadisticas de goles del torneo,riesgo propio del resultado final y variacion del modelo,
2026-08-23,10:00,Atletico Madrid vs Villarreal,,,Local goles +1.5,TEAM_TOTAL_HOME OVER.1.5,TEAM_TOTAL_HOME:OVER_1_5,63.5%,0.635200,,,,,,,Sin cuota/EV,No encontrado en Betano,Media,torneo actual,usa Poisson base con estadisticas de goles del torneo,un gol temprano o baja eficacia puede cambiar la lectura del mercado,
2026-08-23,10:00,Atletico Madrid vs Villarreal,,,Local goles -2.5,TEAM_TOTAL_HOME UNDER.2.5,TEAM_TOTAL_HOME:UNDER_2_5,63.4%,0.633900,,,,,,,Sin cuota/EV,No encontrado en Betano,Media,torneo actual,usa Poisson base con estadisticas de goles del torneo,un gol temprano o baja eficacia puede cambiar la lectura del mercado,
2026-08-23,10:00,Atletico Madrid vs Villarreal,,,Visita goles +0.5,TEAM_TOTAL_AWAY OVER.0.5,TEAM_TOTAL_AWAY:OVER_0_5,63.2%,0.631900,,,,,,,Sin cuota/EV,No encontrado en Betano,Media,torneo actual,usa Poisson base con estadisticas de goles del torneo,un gol temprano o baja eficacia puede cambiar la lectura del mercado,
2026-08-23,10:00,Atletico Madrid vs Villarreal,,,SHOTS_ON_TARGET_TOTAL OVER.7.5,SHOTS_ON_TARGET_TOTAL OVER.7.5,SHOTS_ON_TARGET_TOTAL:OVER_7_5,61.4%,0.614400,,,,,,,Sin cuota/EV,No encontrado en Betano,Media,contexto premium torneo actual,usa promedios del contexto premium/API-Football,el volumen ofensivo puede variar por planteamiento y marcador temprano,
2026-08-23,10:00,Atletico Madrid vs Villarreal,10Bet,,Goles -3.5,TOTALS UNDER.3.5,TOTALS:UNDER_3_5,61.2%,0.611800,1.35,-0.17,-0.174000,,,,EV negativo,No encontrado en Betano,Media,torneo actual,usa Poisson base con estadisticas de goles del torneo,un gol temprano o baja eficacia puede cambiar la lectura del mercado,
2026-08-23,10:00,Atletico Madrid vs Villarreal,10Bet,,Goles +2.5,TOTALS OVER.2.5,TOTALS:OVER_2_5,61.1%,0.611300,4.20,1.57,1.567300,,,,EV positivo,No encontrado en Betano,Media,torneo actual,usa Poisson base con estadisticas de goles del torneo,un gol temprano o baja eficacia puede cambiar la lectura del mercado,
2026-08-23,10:00,Atletico Madrid vs Villarreal,,,Local corners -6.5,CORNERS_HOME UNDER.6.5,CORNERS_HOME:UNDER_6_5,60.6%,0.606300,,,,,,,Sin cuota/EV,No encontrado en Betano,Media,contexto premium torneo actual,usa promedios del contexto premium/API-Football,el volumen ofensivo puede variar por planteamiento y marcador temprano,
2026-08-23,10:00,Atletico Madrid vs Villarreal,,,Tarjetas total -6.5,CARDS_TOTALS UNDER.6.5,CARDS_TOTALS:UNDER_6_5,60.6%,0.606300,,,,,,,Sin cuota/EV,No encontrado en Betano,Media,contexto premium torneo actual,usa promedios del contexto premium/API-Football,depende mucho del arbitro y del contexto competitivo,
2026-08-23,10:00,Atletico Madrid vs Villarreal,10Bet,,Corners total +10.5,CORNERS_TOTALS OVER.10.5,CORNERS_TOTALS:OVER_10_5,59.8%,0.598300,2.05,0.23,0.226500,,,,EV positivo,No encontrado en Betano,Media,contexto premium torneo actual,usa promedios del contexto premium/API-Football,el volumen ofensivo puede variar por planteamiento y marcador temprano,
2026-08-23,10:00,Atletico Madrid vs Villarreal,,,Local tarjetas +1.5,CARDS_HOME OVER.1.5,CARDS_HOME:OVER_1_5,59.4%,0.594000,,,,,,,Sin cuota/EV,No encontrado en Betano,Media,contexto premium torneo actual,usa promedios del contexto premium/API-Football,depende mucho del arbitro y del contexto competitivo,
2026-08-23,10:00,Atletico Madrid vs Villarreal,10Bet,,1T +1.5,FIRST_HALF_TOTALS OVER.1.5,FIRST_HALF_TOTALS:OVER_1_5,59.4%,0.594000,4.75,1.82,1.821500,,,,EV positivo,No encontrado en Betano,Media,contexto premium torneo actual,usa promedios del contexto premium/API-Football,el primer tiempo puede tener ritmo bajo o rotaciones,
2026-08-23,10:00,Atletico Madrid vs Villarreal,,,Visita tarjetas +3.5,CARDS_AWAY OVER.3.5,CARDS_AWAY:OVER_3_5,56.6%,0.566500,,,,,,,Sin cuota/EV,No encontrado en Betano,Media,contexto premium torneo actual,usa promedios del contexto premium/API-Football,depende mucho del arbitro y del contexto competitivo,
2026-08-23,10:00,Atletico Madrid vs Villarreal,10Bet,,BTTS sí,BTTS YES,BTTS:YES,55.9%,0.559000,4.00,1.24,1.235800,,,,EV positivo,No encontrado en Betano,Media,torneo actual,usa Poisson base con estadisticas de goles del torneo,un gol temprano o baja eficacia puede cambiar la lectura del mercado,
2026-08-23,10:00,Atletico Madrid vs Villarreal,10Bet,,Local corners +5.5,CORNERS_HOME OVER.5.5,CORNERS_HOME:OVER_5_5,55.4%,0.554300,1.67,-0.07,-0.074300,,,,EV negativo,No encontrado en Betano,Media,contexto premium torneo actual,usa promedios del contexto premium/API-Football,el volumen ofensivo puede variar por planteamiento y marcador temprano,
2026-08-23,10:00,Atletico Madrid vs Villarreal,,,Tarjetas total +5.5,CARDS_TOTALS OVER.5.5,CARDS_TOTALS:OVER_5_5,55.4%,0.554300,,,,,,,Sin cuota/EV,No encontrado en Betano,Media,contexto premium torneo actual,usa promedios del contexto premium/API-Football,depende mucho del arbitro y del contexto competitivo,
2026-08-23,10:00,Atletico Madrid vs Villarreal,,,Visita corners -5.5,CORNERS_AWAY UNDER.5.5,CORNERS_AWAY:UNDER_5_5,52.9%,0.528900,,,,,,,Sin cuota/EV,No encontrado en Betano,Baja,contexto premium torneo actual,usa promedios del contexto premium/API-Football,el volumen ofensivo puede variar por planteamiento y marcador temprano,
2026-08-23,10:00,Atletico Madrid vs Villarreal,,,SHOTS_ON_TARGET_TOTAL UNDER.8.5,SHOTS_ON_TARGET_TOTAL UNDER.8.5,SHOTS_ON_TARGET_TOTAL:UNDER_8_5,52.3%,0.523100,,,,,,,Sin cuota/EV,No encontrado en Betano,Baja,contexto premium torneo actual,usa promedios del contexto premium/API-Football,el volumen ofensivo puede variar por planteamiento y marcador temprano,
2026-08-23,10:00,Atletico Madrid vs Villarreal,,,Corners total -11.5,CORNERS_TOTALS UNDER.11.5,CORNERS_TOTALS:UNDER_11_5,52.0%,0.519800,,,,,,,Sin cuota/EV,No encontrado en Betano,Baja,contexto premium torneo actual,usa promedios del contexto premium/API-Football,el volumen ofensivo puede variar por planteamiento y marcador temprano,
2026-08-23,10:00,Atletico Madrid vs Villarreal,,,SHOTS_TOTAL UNDER.24.5,SHOTS_TOTAL UNDER.24.5,SHOTS_TOTAL:UNDER_24_5,51.3%,0.513500,,,,,,,Sin cuota/EV,No encontrado en Betano,Baja,contexto premium torneo actual,usa promedios del contexto premium/API-Football,el volumen ofensivo puede variar por planteamiento y marcador temprano,
2026-08-23,10:00,Atletico Madrid vs Villarreal,,,SHOTS_TOTAL OVER.24.5,SHOTS_TOTAL OVER.24.5,SHOTS_TOTAL:OVER_24_5,48.6%,0.486500,,,,,,,Sin cuota/EV,No encontrado en Betano,Baja,contexto premium torneo actual,usa promedios del contexto premium/API-Football,el volumen ofensivo puede variar por planteamiento y marcador temprano,
2026-08-23,10:00,Atletico Madrid vs Villarreal,,,Corners total +11.5,CORNERS_TOTALS OVER.11.5,CORNERS_TOTALS:OVER_11_5,48.0%,0.480200,,,,,,,Sin cuota/EV,No encontrado en Betano,Baja,contexto premium torneo actual,usa promedios del contexto premium/API-Football,el volumen ofensivo puede variar por planteamiento y marcador temprano,
2026-08-23,10:00,Atletico Madrid vs Villarreal,,,SHOTS_ON_TARGET_TOTAL OVER.8.5,SHOTS_ON_TARGET_TOTAL OVER.8.5,SHOTS_ON_TARGET_TOTAL:OVER_8_5,47.7%,0.476900,,,,,,,Sin cuota/EV,No encontrado en Betano,Baja,contexto premium torneo actual,usa promedios del contexto premium/API-Football,el volumen ofensivo puede variar por planteamiento y marcador temprano,
2026-08-23,10:00,Atletico Madrid vs Villarreal,,,Visita corners +5.5,CORNERS_AWAY OVER.5.5,CORNERS_AWAY:OVER_5_5,47.1%,0.471100,,,,,,,Sin cuota/EV,No encontrado en Betano,Baja,contexto premium torneo actual,usa promedios del contexto premium/API-Football,el volumen ofensivo puede variar por planteamiento y marcador temprano,
2026-08-23,10:00,Atletico Madrid vs Villarreal,10Bet,,Local corners -5.5,CORNERS_HOME UNDER.5.5,CORNERS_HOME:UNDER_5_5,44.6%,0.445700,1.93,-0.14,-0.139800,,,,EV negativo,No encontrado en Betano,Baja,contexto premium torneo actual,usa promedios del contexto premium/API-Football,el volumen ofensivo puede variar por planteamiento y marcador temprano,
2026-08-23,10:00,Atletico Madrid vs Villarreal,,,Tarjetas total -5.5,CARDS_TOTALS UNDER.5.5,CARDS_TOTALS:UNDER_5_5,44.6%,0.445700,,,,,,,Sin cuota/EV,No encontrado en Betano,Baja,contexto premium torneo actual,usa promedios del contexto premium/API-Football,depende mucho del arbitro y del contexto competitivo,
2026-08-23,10:00,Atletico Madrid vs Villarreal,10Bet,,BTTS no,BTTS NO,BTTS:NO,44.1%,0.441000,1.20,-0.47,-0.470800,,,,EV negativo,No encontrado en Betano,Baja,torneo actual,usa Poisson base con estadisticas de goles del torneo,un gol temprano o baja eficacia puede cambiar la lectura del mercado,
2026-08-23,10:00,Atletico Madrid vs Villarreal,,,Visita tarjetas -3.5,CARDS_AWAY UNDER.3.5,CARDS_AWAY:UNDER_3_5,43.4%,0.433500,,,,,,,Sin cuota/EV,No encontrado en Betano,Baja,contexto premium torneo actual,usa promedios del contexto premium/API-Football,depende mucho del arbitro y del contexto competitivo,
2026-08-23,10:00,Atletico Madrid vs Villarreal,,,Local tarjetas -1.5,CARDS_HOME UNDER.1.5,CARDS_HOME:UNDER_1_5,40.6%,0.406000,,,,,,,Sin cuota/EV,No encontrado en Betano,Baja,contexto premium torneo actual,usa promedios del contexto premium/API-Football,depende mucho del arbitro y del contexto competitivo,
2026-08-23,10:00,Atletico Madrid vs Villarreal,10Bet,,1T -1.5,FIRST_HALF_TOTALS UNDER.1.5,FIRST_HALF_TOTALS:UNDER_1_5,40.6%,0.406000,1.15,-0.53,-0.533100,,,,EV negativo,No encontrado en Betano,Baja,contexto premium torneo actual,usa promedios del contexto premium/API-Football,el primer tiempo puede tener ritmo bajo o rotaciones,
2026-08-23,10:00,Atletico Madrid vs Villarreal,10Bet,,Corners total -10.5,CORNERS_TOTALS UNDER.10.5,CORNERS_TOTALS:UNDER_10_5,40.2%,0.401700,1.70,-0.32,-0.317100,,,,EV negativo,No encontrado en Betano,Baja,contexto premium torneo actual,usa promedios del contexto premium/API-Football,el volumen ofensivo puede variar por planteamiento y marcador temprano,
2026-08-23,10:00,Atletico Madrid vs Villarreal,,,Local corners +6.5,CORNERS_HOME OVER.6.5,CORNERS_HOME:OVER_6_5,39.4%,0.393700,,,,,,,Sin cuota/EV,No encontrado en Betano,Baja,contexto premium torneo actual,usa promedios del contexto premium/API-Football,el volumen ofensivo puede variar por planteamiento y marcador temprano,
2026-08-23,10:00,Atletico Madrid vs Villarreal,,,Tarjetas total +6.5,CARDS_TOTALS OVER.6.5,CARDS_TOTALS:OVER_6_5,39.4%,0.393700,,,,,,,Sin cuota/EV,No encontrado en Betano,Baja,contexto premium torneo actual,usa promedios del contexto premium/API-Football,depende mucho del arbitro y del contexto competitivo,
2026-08-23,10:00,Atletico Madrid vs Villarreal,10Bet,,Goles -2.5,TOTALS UNDER.2.5,TOTALS:UNDER_2_5,38.9%,0.388700,1.18,-0.54,-0.541300,,,,EV negativo,No encontrado en Betano,Baja,torneo actual,usa Poisson base con estadisticas de goles del torneo,un gol temprano o baja eficacia puede cambiar la lectura del mercado,
2026-08-23,10:00,Atletico Madrid vs Villarreal,10Bet,,Goles +3.5,TOTALS OVER.3.5,TOTALS:OVER_3_5,38.8%,0.388200,3.10,0.20,0.203300,,,,EV positivo,No encontrado en Betano,Baja,torneo actual,usa Poisson base con estadisticas de goles del torneo,un gol temprano o baja eficacia puede cambiar la lectura del mercado,
2026-08-23,10:00,Atletico Madrid vs Villarreal,,,SHOTS_ON_TARGET_TOTAL UNDER.7.5,SHOTS_ON_TARGET_TOTAL UNDER.7.5,SHOTS_ON_TARGET_TOTAL:UNDER_7_5,38.6%,0.385600,,,,,,,Sin cuota/EV,No encontrado en Betano,Baja,contexto premium torneo actual,usa promedios del contexto premium/API-Football,el volumen ofensivo puede variar por planteamiento y marcador temprano,
2026-08-23,10:00,Atletico Madrid vs Villarreal,,,Visita goles -0.5,TEAM_TOTAL_AWAY UNDER.0.5,TEAM_TOTAL_AWAY:UNDER_0_5,36.8%,0.368100,,,,,,,Sin cuota/EV,No encontrado en Betano,Baja,torneo actual,usa Poisson base con estadisticas de goles del torneo,un gol temprano o baja eficacia puede cambiar la lectura del mercado,
2026-08-23,10:00,Atletico Madrid vs Villarreal,,,Local goles +2.5,TEAM_TOTAL_HOME OVER.2.5,TEAM_TOTAL_HOME:OVER_2_5,36.6%,0.366100,,,,,,,Sin cuota/EV,No encontrado en Betano,Baja,torneo actual,usa Poisson base con estadisticas de goles del torneo,un gol temprano o baja eficacia puede cambiar la lectura del mercado,
2026-08-23,10:00,Atletico Madrid vs Villarreal,,,Local goles -1.5,TEAM_TOTAL_HOME UNDER.1.5,TEAM_TOTAL_HOME:UNDER_1_5,36.5%,0.364800,,,,,,,Sin cuota/EV,No encontrado en Betano,Baja,torneo actual,usa Poisson base con estadisticas de goles del torneo,un gol temprano o baja eficacia puede cambiar la lectura del mercado,
2026-08-23,10:00,Atletico Madrid vs Villarreal,,,DOUBLE_CHANCE X2,DOUBLE_CHANCE X2,DOUBLE_CHANCE:X2,36.2%,0.361700,,,,,,,Sin cuota/EV,No encontrado en Betano,Baja,torneo actual,usa Poisson base con estadisticas de goles del torneo,riesgo propio del resultado final y variacion del modelo,
2026-08-23,10:00,Atletico Madrid vs Villarreal,10Bet,,Visita corners -4.5,CORNERS_AWAY UNDER.4.5,CORNERS_AWAY:UNDER_4_5,35.8%,0.357500,1.55,-0.45,-0.445800,,,,EV negativo,No encontrado en Betano,Baja,contexto premium torneo actual,usa promedios del contexto premium/API-Football,el volumen ofensivo puede variar por planteamiento y marcador temprano,
2026-08-23,10:00,Atletico Madrid vs Villarreal,,,SHOTS_TOTAL UNDER.22.5,SHOTS_TOTAL UNDER.22.5,SHOTS_TOTAL:UNDER_22_5,35.4%,0.353700,,,,,,,Sin cuota/EV,No encontrado en Betano,Baja,contexto premium torneo actual,usa promedios del contexto premium/API-Football,el volumen ofensivo puede variar por planteamiento y marcador temprano,
2026-08-23,10:00,Atletico Madrid vs Villarreal,,,SHOTS_ON_TARGET_TOTAL OVER.9.5,SHOTS_ON_TARGET_TOTAL OVER.9.5,SHOTS_ON_TARGET_TOTAL:OVER_9_5,34.7%,0.347000,,,,,,,Sin cuota/EV,No encontrado en Betano,Baja,contexto premium torneo actual,usa promedios del contexto premium/API-Football,el volumen ofensivo puede variar por planteamiento y marcador temprano,
2026-08-23,10:00,Atletico Madrid vs Villarreal,,,SHOTS_TOTAL OVER.26.5,SHOTS_TOTAL OVER.26.5,SHOTS_TOTAL:OVER_26_5,33.3%,0.332800,,,,,,,Sin cuota/EV,No encontrado en Betano,Baja,contexto premium torneo actual,usa promedios del contexto premium/API-Football,el volumen ofensivo puede variar por planteamiento y marcador temprano,
2026-08-23,10:00,Atletico Madrid vs Villarreal,,,Local tarjetas +2.5,CARDS_HOME OVER.2.5,CARDS_HOME:OVER_2_5,32.3%,0.323300,,,,,,,Sin cuota/EV,No encontrado en Betano,Baja,contexto premium torneo actual,usa promedios del contexto premium/API-Football,depende mucho del arbitro y del contexto competitivo,
2026-08-23,10:00,Atletico Madrid vs Villarreal,,,Visita corners +6.5,CORNERS_AWAY OVER.6.5,CORNERS_AWAY:OVER_6_5,31.4%,0.314000,,,,,,,Sin cuota/EV,No encontrado en Betano,Baja,contexto premium torneo actual,usa promedios del contexto premium/API-Football,el volumen ofensivo puede variar por planteamiento y marcador temprano,
2026-08-23,10:00,Atletico Madrid vs Villarreal,10Bet,,Corners total -9.5,CORNERS_TOTALS UNDER.9.5,CORNERS_TOTALS:UNDER_9_5,28.9%,0.288800,1.95,-0.44,-0.436900,,,,EV negativo,No encontrado en Betano,Baja,contexto premium torneo actual,usa promedios del contexto premium/API-Football,el volumen ofensivo puede variar por planteamiento y marcador temprano,
2026-08-23,10:00,Atletico Madrid vs Villarreal,,,Local corners -4.5,CORNERS_HOME UNDER.4.5,CORNERS_HOME:UNDER_4_5,28.5%,0.285100,,,,,,,Sin cuota/EV,No encontrado en Betano,Baja,contexto premium torneo actual,usa promedios del contexto premium/API-Football,el volumen ofensivo puede variar por planteamiento y marcador temprano,
2026-08-23,10:00,Atletico Madrid vs Villarreal,,,Tarjetas total -4.5,CARDS_TOTALS UNDER.4.5,CARDS_TOTALS:UNDER_4_5,28.5%,0.285100,,,,,,,Sin cuota/EV,No encontrado en Betano,Baja,contexto premium torneo actual,usa promedios del contexto premium/API-Football,depende mucho del arbitro y del contexto competitivo,
2026-08-23,10:00,Atletico Madrid vs Villarreal,,,Visita goles +1.5,TEAM_TOTAL_AWAY OVER.1.5,TEAM_TOTAL_AWAY:OVER_1_5,26.4%,0.264100,,,,,,,Sin cuota/EV,No encontrado en Betano,Baja,torneo actual,usa Poisson base con estadisticas de goles del torneo,un gol temprano o baja eficacia puede cambiar la lectura del mercado,
2026-08-23,10:00,Atletico Madrid vs Villarreal,,,SHOTS_ON_TARGET_TOTAL UNDER.6.5,SHOTS_ON_TARGET_TOTAL UNDER.6.5,SHOTS_ON_TARGET_TOTAL:UNDER_6_5,25.6%,0.256200,,,,,,,Sin cuota/EV,No encontrado en Betano,Baja,contexto premium torneo actual,usa promedios del contexto premium/API-Football,el volumen ofensivo puede variar por planteamiento y marcador temprano,
2026-08-23,10:00,Atletico Madrid vs Villarreal,,,Visita tarjetas -2.5,CARDS_AWAY UNDER.2.5,CARDS_AWAY:UNDER_2_5,23.8%,0.238100,,,,,,,Sin cuota/EV,No encontrado en Betano,Baja,contexto premium torneo actual,usa promedios del contexto premium/API-Football,depende mucho del arbitro y del contexto competitivo,
2026-08-23,10:00,Atletico Madrid vs Villarreal,,,SHOTS_TOTAL UNDER.20.5,SHOTS_TOTAL UNDER.20.5,SHOTS_TOTAL:UNDER_20_5,21.3%,0.212800,,,,,,,Sin cuota/EV,No encontrado en Betano,Baja,contexto premium torneo actual,usa promedios del contexto premium/API-Football,el volumen ofensivo puede variar por planteamiento y marcador temprano,
2026-08-23,10:00,Atletico Madrid vs Villarreal,10Bet,,DNB visita,DRAW_NO_BET AWAY,DRAW_NO_BET:AWAY,20.5%,0.204900,2.40,-0.51,-0.508200,,,,EV negativo,No encontrado en Betano,Baja,torneo actual,usa Poisson base con estadisticas de goles del torneo,riesgo propio del resultado final y variacion del modelo,
2026-08-23,10:00,Atletico Madrid vs Villarreal,10Bet,,Visita corners -3.5,CORNERS_AWAY UNDER.3.5,CORNERS_AWAY:UNDER_3_5,20.2%,0.201700,1.85,-0.63,-0.626900,,,,EV negativo,No encontrado en Betano,Baja,contexto premium torneo actual,usa promedios del contexto premium/API-Football,el volumen ofensivo puede variar por planteamiento y marcador temprano,
2026-08-23,10:00,Atletico Madrid vs Villarreal,10Bet,,Empate,1X2 DRAW,1X2:DRAW,19.7%,0.197300,1.75,-0.65,-0.654800,,,,EV negativo,No encontrado en Betano,Baja,torneo actual,usa Poisson base con estadisticas de goles del torneo,riesgo propio del resultado final y variacion del modelo,
2026-08-23,10:00,Atletico Madrid vs Villarreal,,,Corners total -8.5,CORNERS_TOTALS UNDER.8.5,CORNERS_TOTALS:UNDER_8_5,19.1%,0.190600,,,,,,,Sin cuota/EV,No encontrado en Betano,Baja,contexto premium torneo actual,usa promedios del contexto premium/API-Football,el volumen ofensivo puede variar por planteamiento y marcador temprano,
2026-08-23,10:00,Atletico Madrid vs Villarreal,10Bet,,Goles -1.5,TOTALS UNDER.1.5,TOTALS:UNDER_1_5,17.7%,0.176900,1.73,-0.69,-0.694000,,,,EV negativo,No encontrado en Betano,Baja,torneo actual,usa Poisson base con estadisticas de goles del torneo,un gol temprano o baja eficacia puede cambiar la lectura del mercado,
2026-08-23,10:00,Atletico Madrid vs Villarreal,10Bet,,Gana visita,1X2 AWAY,1X2:AWAY,16.4%,0.164500,5.25,-0.14,-0.136500,,,,EV negativo,No encontrado en Betano,Baja,torneo actual,usa Poisson base con estadisticas de goles del torneo,riesgo propio del resultado final y variacion del modelo,
2026-08-23,10:00,Atletico Madrid vs Villarreal,,,Local corners -3.5,CORNERS_HOME UNDER.3.5,CORNERS_HOME:UNDER_3_5,15.1%,0.151200,,,,,,,Sin cuota/EV,No encontrado en Betano,Baja,contexto premium torneo actual,usa promedios del contexto premium/API-Football,el volumen ofensivo puede variar por planteamiento y marcador temprano,
2026-08-23,10:00,Atletico Madrid vs Villarreal,,,Tarjetas total -3.5,CARDS_TOTALS UNDER.3.5,CARDS_TOTALS:UNDER_3_5,15.1%,0.151200,,,,,,,Sin cuota/EV,No encontrado en Betano,Baja,contexto premium torneo actual,usa promedios del contexto premium/API-Football,depende mucho del arbitro y del contexto competitivo,
2026-08-23,10:00,Atletico Madrid vs Villarreal,,,Local tarjetas +3.5,CARDS_HOME OVER.3.5,CARDS_HOME:OVER_3_5,14.3%,0.142900,,,,,,,Sin cuota/EV,No encontrado en Betano,Baja,contexto premium torneo actual,usa promedios del contexto premium/API-Football,depende mucho del arbitro y del contexto competitivo,
2026-08-23,10:00,Atletico Madrid vs Villarreal,,,Local tarjetas -0.5,CARDS_HOME UNDER.0.5,CARDS_HOME:UNDER_0_5,13.5%,0.135300,,,,,,,Sin cuota/EV,No encontrado en Betano,Baja,contexto premium torneo actual,usa promedios del contexto premium/API-Football,depende mucho del arbitro y del contexto competitivo,
2026-08-23,10:00,Atletico Madrid vs Villarreal,10Bet,,1T -0.5,FIRST_HALF_TOTALS UNDER.0.5,FIRST_HALF_TOTALS:UNDER_0_5,13.5%,0.135300,1.53,-0.79,-0.792900,,,,EV negativo,No encontrado en Betano,Baja,contexto premium torneo actual,usa promedios del contexto premium/API-Football,el primer tiempo puede tener ritmo bajo o rotaciones,
2026-08-23,10:00,Atletico Madrid vs Villarreal,,,Local goles -0.5,TEAM_TOTAL_HOME UNDER.0.5,TEAM_TOTAL_HOME:UNDER_0_5,11.6%,0.115700,,,,,,,Sin cuota/EV,No encontrado en Betano,Baja,torneo actual,usa Poisson base con estadisticas de goles del torneo,un gol temprano o baja eficacia puede cambiar la lectura del mercado,
2026-08-23,10:00,Atletico Madrid vs Villarreal,,,Corners total -7.5,CORNERS_TOTALS UNDER.7.5,CORNERS_TOTALS:UNDER_7_5,11.4%,0.113700,,,,,,,Sin cuota/EV,No encontrado en Betano,Baja,contexto premium torneo actual,usa promedios del contexto premium/API-Football,el volumen ofensivo puede variar por planteamiento y marcador temprano,
2026-08-23,10:00,Atletico Madrid vs Villarreal,,,SHOTS_TOTAL UNDER.18.5,SHOTS_TOTAL UNDER.18.5,SHOTS_TOTAL:UNDER_18_5,10.9%,0.109000,,,,,,,Sin cuota/EV,No encontrado en Betano,Baja,contexto premium torneo actual,usa promedios del contexto premium/API-Football,el volumen ofensivo puede variar por planteamiento y marcador temprano,
2026-08-23,10:00,Atletico Madrid vs Villarreal,,,Visita tarjetas -1.5,CARDS_AWAY UNDER.1.5,CARDS_AWAY:UNDER_1_5,9.2%,0.091600,,,,,,,Sin cuota/EV,No encontrado en Betano,Baja,contexto premium torneo actual,usa promedios del contexto premium/API-Football,depende mucho del arbitro y del contexto competitivo,
2026-08-23,10:00,Atletico Madrid vs Villarreal,,,Visita goles +2.5,TEAM_TOTAL_AWAY OVER.2.5,TEAM_TOTAL_AWAY:OVER_2_5,8.0%,0.080300,,,,,,,Sin cuota/EV,No encontrado en Betano,Baja,torneo actual,usa Poisson base con estadisticas de goles del torneo,un gol temprano o baja eficacia puede cambiar la lectura del mercado,
2026-08-23,10:00,Atletico Madrid vs Villarreal,,,Tarjetas total -2.5,CARDS_TOTALS UNDER.2.5,CARDS_TOTALS:UNDER_2_5,6.2%,0.062000,,,,,,,Sin cuota/EV,No encontrado en Betano,Baja,contexto premium torneo actual,usa promedios del contexto premium/API-Football,depende mucho del arbitro y del contexto competitivo,
2026-08-23,10:00,Atletico Madrid vs Villarreal,,,Visita tarjetas -0.5,CARDS_AWAY UNDER.0.5,CARDS_AWAY:UNDER_0_5,1.8%,0.018300,,,,,,,Sin cuota/EV,No encontrado en Betano,Baja,contexto premium torneo actual,usa promedios del contexto premium/API-Football,depende mucho del arbitro y del contexto competitivo,
2026-08-23,10:15,Le Havre vs Monaco,,,Local tarjetas +0.5,CARDS_HOME OVER.0.5,CARDS_HOME:OVER_0_5,93.0%,0.930500,,,,,,,Sin cuota/EV,No encontrado en Betano,Alta,contexto premium fallback reciente,usa promedios recientes multi-competicion/API-Football,depende mucho del arbitro y del contexto competitivo,
2026-08-23,10:15,Le Havre vs Monaco,,,Local corners -6.5,CORNERS_HOME UNDER.6.5,CORNERS_HOME:UNDER_6_5,91.4%,0.913700,,,,,,,Sin cuota/EV,No encontrado en Betano,Alta,contexto premium fallback reciente,usa promedios recientes multi-competicion/API-Football,el volumen ofensivo puede variar por planteamiento y marcador temprano,
2026-08-23,10:15,Le Havre vs Monaco,,,Visita tarjetas -3.5,CARDS_AWAY UNDER.3.5,CARDS_AWAY:UNDER_3_5,89.9%,0.899200,,,,,,,Sin cuota/EV,No encontrado en Betano,Alta,contexto premium fallback reciente,usa promedios recientes multi-competicion/API-Football,depende mucho del arbitro y del contexto competitivo,
2026-08-23,10:15,Le Havre vs Monaco,,,Visita corners +3.5,CORNERS_AWAY OVER.3.5,CORNERS_AWAY:OVER_3_5,86.3%,0.863000,,,,,,,Sin cuota/EV,No encontrado en Betano,Alta,contexto premium fallback reciente,usa promedios recientes multi-competicion/API-Football,el volumen ofensivo puede variar por planteamiento y marcador temprano,
2026-08-23,10:15,Le Havre vs Monaco,,,SHOTS_TOTAL OVER.18.5,SHOTS_TOTAL OVER.18.5,SHOTS_TOTAL:OVER_18_5,86.3%,0.862900,,,,,,,Sin cuota/EV,No encontrado en Betano,Alta,contexto premium fallback reciente,usa promedios recientes multi-competicion/API-Football,el volumen ofensivo puede variar por planteamiento y marcador temprano,
2026-08-23,10:15,Le Havre vs Monaco,,,Tarjetas total -6.5,CARDS_TOTALS UNDER.6.5,CARDS_TOTALS:UNDER_6_5,84.2%,0.841500,,,,,,,Sin cuota/EV,No encontrado en Betano,Alta,contexto premium fallback reciente,usa promedios recientes multi-competicion/API-Football,depende mucho del arbitro y del contexto competitivo,
2026-08-23,10:15,Le Havre vs Monaco,10Bet,,Goles +1.5,TOTALS OVER.1.5,TOTALS:OVER_1_5,82.6%,0.826300,1.77,0.46,0.462500,,,,EV positivo,No encontrado en Betano,Alta,fallback ultimos partidos,usa Poisson fallback con ultimos partidos multi-competicion,un gol temprano o baja eficacia puede cambiar la lectura del mercado,
2026-08-23,10:15,Le Havre vs Monaco,,,Visita tarjetas +0.5,CARDS_AWAY OVER.0.5,CARDS_AWAY:OVER_0_5,82.6%,0.826200,,,,,,,Sin cuota/EV,No encontrado en Betano,Alta,contexto premium fallback reciente,usa promedios recientes multi-competicion/API-Football,depende mucho del arbitro y del contexto competitivo,
2026-08-23,10:15,Le Havre vs Monaco,,,Local corners -5.5,CORNERS_HOME UNDER.5.5,CORNERS_HOME:UNDER_5_5,82.3%,0.822900,,,,,,,Sin cuota/EV,No encontrado en Betano,Alta,contexto premium fallback reciente,usa promedios recientes multi-competicion/API-Football,el volumen ofensivo puede variar por planteamiento y marcador temprano,
2026-08-23,10:15,Le Havre vs Monaco,,,Tarjetas total +2.5,CARDS_TOTALS OVER.2.5,CARDS_TOTALS:OVER_2_5,81.7%,0.816900,,,,,,,Sin cuota/EV,No encontrado en Betano,Alta,contexto premium fallback reciente,usa promedios recientes multi-competicion/API-Football,depende mucho del arbitro y del contexto competitivo,
2026-08-23,10:15,Le Havre vs Monaco,,,Local goles +0.5,TEAM_TOTAL_HOME OVER.0.5,TEAM_TOTAL_HOME:OVER_0_5,80.3%,0.803200,,,,,,,Sin cuota/EV,No encontrado en Betano,Alta,fallback ultimos partidos,usa Poisson fallback con ultimos partidos multi-competicion,un gol temprano o baja eficacia puede cambiar la lectura del mercado,
2026-08-23,10:15,Le Havre vs Monaco,,,Visita goles -2.5,TEAM_TOTAL_AWAY UNDER.2.5,TEAM_TOTAL_AWAY:UNDER_2_5,79.5%,0.794800,,,,,,,Sin cuota/EV,No encontrado en Betano,Alta,fallback ultimos partidos,usa Poisson fallback con ultimos partidos multi-competicion,un gol temprano o baja eficacia puede cambiar la lectura del mercado,
2026-08-23,10:15,Le Havre vs Monaco,,,Visita goles +0.5,TEAM_TOTAL_AWAY OVER.0.5,TEAM_TOTAL_AWAY:OVER_0_5,78.9%,0.788900,,,,,,,Sin cuota/EV,No encontrado en Betano,Alta,fallback ultimos partidos,usa Poisson fallback con ultimos partidos multi-competicion,un gol temprano o baja eficacia puede cambiar la lectura del mercado,
2026-08-23,10:15,Le Havre vs Monaco,,,Local goles -2.5,TEAM_TOTAL_HOME UNDER.2.5,TEAM_TOTAL_HOME:UNDER_2_5,77.7%,0.776700,,,,,,,Sin cuota/EV,No encontrado en Betano,Alta,fallback ultimos partidos,usa Poisson fallback con ultimos partidos multi-competicion,un gol temprano o baja eficacia puede cambiar la lectura del mercado,
2026-08-23,10:15,Le Havre vs Monaco,,,Corners total +7.5,CORNERS_TOTALS OVER.7.5,CORNERS_TOTALS:OVER_7_5,77.2%,0.772200,,,,,,,Sin cuota/EV,No encontrado en Betano,Alta,contexto premium fallback reciente,usa promedios recientes multi-competicion/API-Football,el volumen ofensivo puede variar por planteamiento y marcador temprano,
2026-08-23,10:15,Le Havre vs Monaco,,,DOUBLE_CHANCE 12,DOUBLE_CHANCE 12,DOUBLE_CHANCE:12,76.5%,0.765100,,,,,,,Sin cuota/EV,No encontrado en Betano,Alta,fallback ultimos partidos,usa Poisson fallback con ultimos partidos multi-competicion,riesgo propio del resultado final y variacion del modelo,
2026-08-23,10:15,Le Havre vs Monaco,10Bet,,1T +0.5,FIRST_HALF_TOTALS OVER.0.5,FIRST_HALF_TOTALS:OVER_0_5,76.0%,0.760200,1.65,0.25,0.254300,,,,EV positivo,No encontrado en Betano,Alta,contexto premium fallback reciente,usa promedios recientes multi-competicion/API-Football,el primer tiempo puede tener ritmo bajo o rotaciones,
2026-08-23,10:15,Le Havre vs Monaco,,,Local tarjetas +1.5,CARDS_HOME OVER.1.5,CARDS_HOME:OVER_1_5,74.5%,0.745300,,,,,,,Sin cuota/EV,No encontrado en Betano,Alta,contexto premium fallback reciente,usa promedios recientes multi-competicion/API-Football,depende mucho del arbitro y del contexto competitivo,
2026-08-23,10:15,Le Havre vs Monaco,,,SHOTS_TOTAL OVER.20.5,SHOTS_TOTAL OVER.20.5,SHOTS_TOTAL:OVER_20_5,74.4%,0.744100,,,,,,,Sin cuota/EV,No encontrado en Betano,Alta,contexto premium fallback reciente,usa promedios recientes multi-competicion/API-Football,el volumen ofensivo puede variar por planteamiento y marcador temprano,
2026-08-23,10:15,Le Havre vs Monaco,,,Visita tarjetas -2.5,CARDS_AWAY UNDER.2.5,CARDS_AWAY:UNDER_2_5,74.4%,0.744000,,,,,,,Sin cuota/EV,No encontrado en Betano,Alta,contexto premium fallback reciente,usa promedios recientes multi-competicion/API-Football,depende mucho del arbitro y del contexto competitivo,
2026-08-23,10:15,Le Havre vs Monaco,10Bet,,Visita corners +4.5,CORNERS_AWAY OVER.4.5,CORNERS_AWAY:OVER_4_5,73.7%,0.736600,1.57,0.16,0.156500,,,,EV positivo,No encontrado en Betano,Alta,contexto premium fallback reciente,usa promedios recientes multi-competicion/API-Football,el volumen ofensivo puede variar por planteamiento y marcador temprano,
2026-08-23,10:15,Le Havre vs Monaco,,,SHOTS_ON_TARGET_TOTAL OVER.6.5,SHOTS_ON_TARGET_TOTAL OVER.6.5,SHOTS_ON_TARGET_TOTAL:OVER_6_5,72.6%,0.725600,,,,,,,Sin cuota/EV,No encontrado en Betano,Alta,contexto premium fallback reciente,usa promedios recientes multi-competicion/API-Football,el volumen ofensivo puede variar por planteamiento y marcador temprano,
2026-08-23,10:15,Le Havre vs Monaco,,,Local tarjetas -3.5,CARDS_HOME UNDER.3.5,CARDS_HOME:UNDER_3_5,72.1%,0.721400,,,,,,,Sin cuota/EV,No encontrado en Betano,Alta,contexto premium fallback reciente,usa promedios recientes multi-competicion/API-Football,depende mucho del arbitro y del contexto competitivo,
2026-08-23,10:15,Le Havre vs Monaco,,,SHOTS_TOTAL UNDER.26.5,SHOTS_TOTAL UNDER.26.5,SHOTS_TOTAL:UNDER_26_5,71.9%,0.718700,,,,,,,Sin cuota/EV,No encontrado en Betano,Alta,contexto premium fallback reciente,usa promedios recientes multi-competicion/API-Football,el volumen ofensivo puede variar por planteamiento y marcador temprano,
2026-08-23,10:15,Le Havre vs Monaco,,,Tarjetas total -5.5,CARDS_TOTALS UNDER.5.5,CARDS_TOTALS:UNDER_5_5,71.7%,0.717000,,,,,,,Sin cuota/EV,No encontrado en Betano,Alta,contexto premium fallback reciente,usa promedios recientes multi-competicion/API-Football,depende mucho del arbitro y del contexto competitivo,
2026-08-23,10:15,Le Havre vs Monaco,,,Corners total -11.5,CORNERS_TOTALS UNDER.11.5,CORNERS_TOTALS:UNDER_11_5,70.6%,0.706200,,,,,,,Sin cuota/EV,No encontrado en Betano,Alta,contexto premium fallback reciente,usa promedios recientes multi-competicion/API-Football,el volumen ofensivo puede variar por planteamiento y marcador temprano,
2026-08-23,10:15,Le Havre vs Monaco,10Bet,,Local corners -4.5,CORNERS_HOME UNDER.4.5,CORNERS_HOME:UNDER_4_5,67.8%,0.677500,1.60,0.08,0.084100,,,,EV positivo,No encontrado en Betano,Media,contexto premium fallback reciente,usa promedios recientes multi-competicion/API-Football,el volumen ofensivo puede variar por planteamiento y marcador temprano,
2026-08-23,10:15,Le Havre vs Monaco,,,SHOTS_ON_TARGET_TOTAL UNDER.9.5,SHOTS_ON_TARGET_TOTAL UNDER.9.5,SHOTS_ON_TARGET_TOTAL:UNDER_9_5,67.5%,0.674500,,,,,,,Sin cuota/EV,No encontrado en Betano,Media,contexto premium fallback reciente,usa promedios recientes multi-competicion/API-Football,el volumen ofensivo puede variar por planteamiento y marcador temprano,
2026-08-23,10:15,Le Havre vs Monaco,,,Corners total +8.5,CORNERS_TOTALS OVER.8.5,CORNERS_TOTALS:OVER_8_5,65.8%,0.657700,,,,,,,Sin cuota/EV,No encontrado en Betano,Media,contexto premium fallback reciente,usa promedios recientes multi-competicion/API-Football,el volumen ofensivo puede variar por planteamiento y marcador temprano,
2026-08-23,10:15,Le Havre vs Monaco,,,Tarjetas total +3.5,CARDS_TOTALS OVER.3.5,CARDS_TOTALS:OVER_3_5,64.3%,0.643500,,,,,,,Sin cuota/EV,No encontrado en Betano,Media,contexto premium fallback reciente,usa promedios recientes multi-competicion/API-Football,depende mucho del arbitro y del contexto competitivo,
2026-08-23,10:15,Le Havre vs Monaco,10Bet,,BTTS sí,BTTS YES,BTTS:YES,63.4%,0.633700,3.30,1.09,1.091100,,,,EV positivo,No encontrado en Betano,Media,fallback ultimos partidos,usa Poisson fallback con ultimos partidos multi-competicion,un gol temprano o baja eficacia puede cambiar la lectura del mercado,
2026-08-23,10:15,Le Havre vs Monaco,,,DOUBLE_CHANCE 1X,DOUBLE_CHANCE 1X,DOUBLE_CHANCE:1X,63.2%,0.632500,,,,,,,Sin cuota/EV,No encontrado en Betano,Media,fallback ultimos partidos,usa Poisson fallback con ultimos partidos multi-competicion,riesgo propio del resultado final y variacion del modelo,
2026-08-23,10:15,Le Havre vs Monaco,10Bet,,Goles +2.5,TOTALS OVER.2.5,TOTALS:OVER_2_5,61.6%,0.616100,3.30,1.03,1.033300,,,,EV positivo,No encontrado en Betano,Media,fallback ultimos partidos,usa Poisson fallback con ultimos partidos multi-competicion,un gol temprano o baja eficacia puede cambiar la lectura del mercado,
2026-08-23,10:15,Le Havre vs Monaco,10Bet,,Goles -3.5,TOTALS UNDER.3.5,TOTALS:UNDER_3_5,60.7%,0.606700,1.55,-0.06,-0.059600,,,,EV negativo,No encontrado en Betano,Media,fallback ultimos partidos,usa Poisson fallback con ultimos partidos multi-competicion,un gol temprano o baja eficacia puede cambiar la lectura del mercado,
2026-08-23,10:15,Le Havre vs Monaco,,,DOUBLE_CHANCE X2,DOUBLE_CHANCE X2,DOUBLE_CHANCE:X2,60.2%,0.602400,,,,,,,Sin cuota/EV,No encontrado en Betano,Media,fallback ultimos partidos,usa Poisson fallback con ultimos partidos multi-competicion,riesgo propio del resultado final y variacion del modelo,
2026-08-23,10:15,Le Havre vs Monaco,,,Corners total -10.5,CORNERS_TOTALS UNDER.10.5,CORNERS_TOTALS:UNDER_10_5,59.4%,0.593500,,,,,,,Sin cuota/EV,No encontrado en Betano,Media,contexto premium fallback reciente,usa promedios recientes multi-competicion/API-Football,el volumen ofensivo puede variar por planteamiento y marcador temprano,
2026-08-23,10:15,Le Havre vs Monaco,,,SHOTS_ON_TARGET_TOTAL OVER.7.5,SHOTS_ON_TARGET_TOTAL OVER.7.5,SHOTS_ON_TARGET_TOTAL:OVER_7_5,59.2%,0.592500,,,,,,,Sin cuota/EV,No encontrado en Betano,Media,contexto premium fallback reciente,usa promedios recientes multi-competicion/API-Football,el volumen ofensivo puede variar por planteamiento y marcador temprano,
2026-08-23,10:15,Le Havre vs Monaco,,,SHOTS_TOTAL OVER.22.5,SHOTS_TOTAL OVER.22.5,SHOTS_TOTAL:OVER_22_5,59.2%,0.591900,,,,,,,Sin cuota/EV,No encontrado en Betano,Media,contexto premium fallback reciente,usa promedios recientes multi-competicion/API-Football,el volumen ofensivo puede variar por planteamiento y marcador temprano,
2026-08-23,10:15,Le Havre vs Monaco,10Bet,,1T -1.5,FIRST_HALF_TOTALS UNDER.1.5,FIRST_HALF_TOTALS:UNDER_1_5,58.2%,0.582200,1.18,-0.31,-0.313000,,,,EV negativo,No encontrado en Betano,Media,contexto premium fallback reciente,usa promedios recientes multi-competicion/API-Football,el primer tiempo puede tener ritmo bajo o rotaciones,
2026-08-23,10:15,Le Havre vs Monaco,10Bet,,Visita corners +5.5,CORNERS_AWAY OVER.5.5,CORNERS_AWAY:OVER_5_5,58.1%,0.580700,1.91,0.11,0.109100,,,,EV positivo,No encontrado en Betano,Media,contexto premium fallback reciente,usa promedios recientes multi-competicion/API-Football,el volumen ofensivo puede variar por planteamiento y marcador temprano,
2026-08-23,10:15,Le Havre vs Monaco,,,Visita corners -6.5,CORNERS_AWAY UNDER.6.5,CORNERS_AWAY:UNDER_6_5,58.0%,0.579600,,,,,,,Sin cuota/EV,No encontrado en Betano,Media,contexto premium fallback reciente,usa promedios recientes multi-competicion/API-Football,el volumen ofensivo puede variar por planteamiento y marcador temprano,
2026-08-23,10:15,Le Havre vs Monaco,,,SHOTS_TOTAL UNDER.24.5,SHOTS_TOTAL UNDER.24.5,SHOTS_TOTAL:UNDER_24_5,57.1%,0.570900,,,,,,,Sin cuota/EV,No encontrado en Betano,Media,contexto premium fallback reciente,usa promedios recientes multi-competicion/API-Football,el volumen ofensivo puede variar por planteamiento y marcador temprano,
2026-08-23,10:15,Le Havre vs Monaco,,,Tarjetas total -4.5,CARDS_TOTALS UNDER.4.5,CARDS_TOTALS:UNDER_4_5,54.8%,0.547900,,,,,,,Sin cuota/EV,No encontrado en Betano,Baja,contexto premium fallback reciente,usa promedios recientes multi-competicion/API-Football,depende mucho del arbitro y del contexto competitivo,
2026-08-23,10:15,Le Havre vs Monaco,,,SHOTS_ON_TARGET_TOTAL UNDER.8.5,SHOTS_ON_TARGET_TOTAL UNDER.8.5,SHOTS_ON_TARGET_TOTAL:UNDER_8_5,54.6%,0.546100,,,,,,,Sin cuota/EV,No encontrado en Betano,Baja,contexto premium fallback reciente,usa promedios recientes multi-competicion/API-Football,el volumen ofensivo puede variar por planteamiento y marcador temprano,
2026-08-23,10:15,Le Havre vs Monaco,,,Visita goles -1.5,TEAM_TOTAL_AWAY UNDER.1.5,TEAM_TOTAL_AWAY:UNDER_1_5,53.9%,0.539500,,,,,,,Sin cuota/EV,No encontrado en Betano,Baja,fallback ultimos partidos,usa Poisson fallback con ultimos partidos multi-competicion,un gol temprano o baja eficacia puede cambiar la lectura del mercado,
2026-08-23,10:15,Le Havre vs Monaco,10Bet,,Corners total +9.5,CORNERS_TOTALS OVER.9.5,CORNERS_TOTALS:OVER_9_5,53.2%,0.531600,1.73,-0.08,-0.080400,,,,EV negativo,No encontrado en Betano,Baja,contexto premium fallback reciente,usa promedios recientes multi-competicion/API-Football,el volumen ofensivo puede variar por planteamiento y marcador temprano,
2026-08-23,10:15,Le Havre vs Monaco,,,Visita tarjetas +1.5,CARDS_AWAY OVER.1.5,CARDS_AWAY:OVER_1_5,52.2%,0.522100,,,,,,,Sin cuota/EV,No encontrado en Betano,Baja,contexto premium fallback reciente,usa promedios recientes multi-competicion/API-Football,depende mucho del arbitro y del contexto competitivo,
2026-08-23,10:15,Le Havre vs Monaco,10Bet,,DNB local,DRAW_NO_BET HOME,DRAW_NO_BET:HOME,52.0%,0.519700,2.40,0.25,0.247300,,,,EV positivo,No encontrado en Betano,Baja,fallback ultimos partidos,usa Poisson fallback con ultimos partidos multi-competicion,riesgo propio del resultado final y variacion del modelo,
2026-08-23,10:15,Le Havre vs Monaco,,,Local goles -1.5,TEAM_TOTAL_HOME UNDER.1.5,TEAM_TOTAL_HOME:UNDER_1_5,51.7%,0.516600,,,,,,,Sin cuota/EV,No encontrado en Betano,Baja,fallback ultimos partidos,usa Poisson fallback con ultimos partidos multi-competicion,un gol temprano o baja eficacia puede cambiar la lectura del mercado,
2026-08-23,10:15,Le Havre vs Monaco,,,Local corners +3.5,CORNERS_HOME OVER.3.5,CORNERS_HOME:OVER_3_5,51.6%,0.516200,,,,,,,Sin cuota/EV,No encontrado en Betano,Baja,contexto premium fallback reciente,usa promedios recientes multi-competicion/API-Football,el volumen ofensivo puede variar por planteamiento y marcador temprano,
2026-08-23,10:15,Le Havre vs Monaco,,,Local tarjetas -2.5,CARDS_HOME UNDER.2.5,CARDS_HOME:UNDER_2_5,50.2%,0.501700,,,,,,,Sin cuota/EV,No encontrado en Betano,Baja,contexto premium fallback reciente,usa promedios recientes multi-competicion/API-Football,depende mucho del arbitro y del contexto competitivo,
2026-08-23,10:15,Le Havre vs Monaco,,,Local tarjetas +2.5,CARDS_HOME OVER.2.5,CARDS_HOME:OVER_2_5,49.8%,0.498300,,,,,,,Sin cuota/EV,No encontrado en Betano,Baja,contexto premium fallback reciente,usa promedios recientes multi-competicion/API-Football,depende mucho del arbitro y del contexto competitivo,
2026-08-23,10:15,Le Havre vs Monaco,,,Local corners -3.5,CORNERS_HOME UNDER.3.5,CORNERS_HOME:UNDER_3_5,48.4%,0.483800,,,,,,,Sin cuota/EV,No encontrado en Betano,Baja,contexto premium fallback reciente,usa promedios recientes multi-competicion/API-Football,el volumen ofensivo puede variar por planteamiento y marcador temprano,
2026-08-23,10:15,Le Havre vs Monaco,,,Local goles +1.5,TEAM_TOTAL_HOME OVER.1.5,TEAM_TOTAL_HOME:OVER_1_5,48.3%,0.483400,,,,,,,Sin cuota/EV,No encontrado en Betano,Baja,fallback ultimos partidos,usa Poisson fallback con ultimos partidos multi-competicion,un gol temprano o baja eficacia puede cambiar la lectura del mercado,
2026-08-23,10:15,Le Havre vs Monaco,10Bet,,DNB visita,DRAW_NO_BET AWAY,DRAW_NO_BET:AWAY,48.0%,0.480300,1.50,-0.28,-0.279600,,,,EV negativo,No encontrado en Betano,Baja,fallback ultimos partidos,usa Poisson fallback con ultimos partidos multi-competicion,riesgo propio del resultado final y variacion del modelo,
2026-08-23,10:15,Le Havre vs Monaco,,,Visita tarjetas -1.5,CARDS_AWAY UNDER.1.5,CARDS_AWAY:UNDER_1_5,47.8%,0.477900,,,,,,,Sin cuota/EV,No encontrado en Betano,Baja,contexto premium fallback reciente,usa promedios recientes multi-competicion/API-Football,depende mucho del arbitro y del contexto competitivo,
2026-08-23,10:15,Le Havre vs Monaco,10Bet,,Corners total -9.5,CORNERS_TOTALS UNDER.9.5,CORNERS_TOTALS:UNDER_9_5,46.8%,0.468400,1.85,-0.13,-0.133400,,,,EV negativo,No encontrado en Betano,Baja,contexto premium fallback reciente,usa promedios recientes multi-competicion/API-Football,el volumen ofensivo puede variar por planteamiento y marcador temprano,
2026-08-23,10:15,Le Havre vs Monaco,,,Visita goles +1.5,TEAM_TOTAL_AWAY OVER.1.5,TEAM_TOTAL_AWAY:OVER_1_5,46.1%,0.460500,,,,,,,Sin cuota/EV,No encontrado en Betano,Baja,fallback ultimos partidos,usa Poisson fallback con ultimos partidos multi-competicion,un gol temprano o baja eficacia puede cambiar la lectura del mercado,
2026-08-23,10:15,Le Havre vs Monaco,,,SHOTS_ON_TARGET_TOTAL OVER.8.5,SHOTS_ON_TARGET_TOTAL OVER.8.5,SHOTS_ON_TARGET_TOTAL:OVER_8_5,45.4%,0.453900,,,,,,,Sin cuota/EV,No encontrado en Betano,Baja,contexto premium fallback reciente,usa promedios recientes multi-competicion/API-Football,el volumen ofensivo puede variar por planteamiento y marcador temprano,
2026-08-23,10:15,Le Havre vs Monaco,,,Tarjetas total +4.5,CARDS_TOTALS OVER.4.5,CARDS_TOTALS:OVER_4_5,45.2%,0.452100,,,,,,,Sin cuota/EV,No encontrado en Betano,Baja,contexto premium fallback reciente,usa promedios recientes multi-competicion/API-Football,depende mucho del arbitro y del contexto competitivo,
2026-08-23,10:15,Le Havre vs Monaco,,,SHOTS_TOTAL OVER.24.5,SHOTS_TOTAL OVER.24.5,SHOTS_TOTAL:OVER_24_5,42.9%,0.429100,,,,,,,Sin cuota/EV,No encontrado en Betano,Baja,contexto premium fallback reciente,usa promedios recientes multi-competicion/API-Football,el volumen ofensivo puede variar por planteamiento y marcador temprano,
2026-08-23,10:15,Le Havre vs Monaco,,,Visita corners +6.5,CORNERS_AWAY OVER.6.5,CORNERS_AWAY:OVER_6_5,42.0%,0.420400,,,,,,,Sin cuota/EV,No encontrado en Betano,Baja,contexto premium fallback reciente,usa promedios recientes multi-competicion/API-Football,el volumen ofensivo puede variar por planteamiento y marcador temprano,
2026-08-23,10:15,Le Havre vs Monaco,10Bet,,Visita corners -5.5,CORNERS_AWAY UNDER.5.5,CORNERS_AWAY:UNDER_5_5,41.9%,0.419300,1.67,-0.30,-0.299700,,,,EV negativo,No encontrado en Betano,Baja,contexto premium fallback reciente,usa promedios recientes multi-competicion/API-Football,el volumen ofensivo puede variar por planteamiento y marcador temprano,
2026-08-23,10:15,Le Havre vs Monaco,10Bet,,1T +1.5,FIRST_HALF_TOTALS OVER.1.5,FIRST_HALF_TOTALS:OVER_1_5,41.8%,0.417800,4.20,0.75,0.754700,,,,EV positivo,No encontrado en Betano,Baja,contexto premium fallback reciente,usa promedios recientes multi-competicion/API-Football,el primer tiempo puede tener ritmo bajo o rotaciones,
2026-08-23,10:15,Le Havre vs Monaco,,,SHOTS_TOTAL UNDER.22.5,SHOTS_TOTAL UNDER.22.5,SHOTS_TOTAL:UNDER_22_5,40.8%,0.408100,,,,,,,Sin cuota/EV,No encontrado en Betano,Baja,contexto premium fallback reciente,usa promedios recientes multi-competicion/API-Football,el volumen ofensivo puede variar por planteamiento y marcador temprano,
2026-08-23,10:15,Le Havre vs Monaco,,,SHOTS_ON_TARGET_TOTAL UNDER.7.5,SHOTS_ON_TARGET_TOTAL UNDER.7.5,SHOTS_ON_TARGET_TOTAL:UNDER_7_5,40.8%,0.407500,,,,,,,Sin cuota/EV,No encontrado en Betano,Baja,contexto premium fallback reciente,usa promedios recientes multi-competicion/API-Football,el volumen ofensivo puede variar por planteamiento y marcador temprano,
2026-08-23,10:15,Le Havre vs Monaco,,,Corners total +10.5,CORNERS_TOTALS OVER.10.5,CORNERS_TOTALS:OVER_10_5,40.6%,0.406500,,,,,,,Sin cuota/EV,No encontrado en Betano,Baja,contexto premium fallback reciente,usa promedios recientes multi-competicion/API-Football,el volumen ofensivo puede variar por planteamiento y marcador temprano,
2026-08-23,10:15,Le Havre vs Monaco,10Bet,,Gana local,1X2 HOME,1X2:HOME,39.8%,0.397600,4.75,0.89,0.888700,,,,EV positivo,No encontrado en Betano,Baja,fallback ultimos partidos,usa Poisson fallback con ultimos partidos multi-competicion,riesgo propio del resultado final y variacion del modelo,
2026-08-23,10:15,Le Havre vs Monaco,10Bet,,Goles +3.5,TOTALS OVER.3.5,TOTALS:OVER_3_5,39.3%,0.393300,2.40,-0.06,-0.056100,,,,EV negativo,No encontrado en Betano,Baja,fallback ultimos partidos,usa Poisson fallback con ultimos partidos multi-competicion,un gol temprano o baja eficacia puede cambiar la lectura del mercado,
2026-08-23,10:15,Le Havre vs Monaco,10Bet,,Goles -2.5,TOTALS UNDER.2.5,TOTALS:UNDER_2_5,38.4%,0.383900,1.28,-0.51,-0.508700,,,,EV negativo,No encontrado en Betano,Baja,fallback ultimos partidos,usa Poisson fallback con ultimos partidos multi-competicion,un gol temprano o baja eficacia puede cambiar la lectura del mercado,
2026-08-23,10:15,Le Havre vs Monaco,10Bet,,Gana visita,1X2 AWAY,1X2:AWAY,36.8%,0.367500,3.10,0.14,0.139200,,,,EV positivo,No encontrado en Betano,Baja,fallback ultimos partidos,usa Poisson fallback con ultimos partidos multi-competicion,riesgo propio del resultado final y variacion del modelo,
2026-08-23,10:15,Le Havre vs Monaco,10Bet,,BTTS no,BTTS NO,BTTS:NO,36.6%,0.366300,1.28,-0.53,-0.531100,,,,EV negativo,No encontrado en Betano,Baja,fallback ultimos partidos,usa Poisson fallback con ultimos partidos multi-competicion,un gol temprano o baja eficacia puede cambiar la lectura del mercado,
2026-08-23,10:15,Le Havre vs Monaco,,,Tarjetas total -3.5,CARDS_TOTALS UNDER.3.5,CARDS_TOTALS:UNDER_3_5,35.6%,0.356500,,,,,,,Sin cuota/EV,No encontrado en Betano,Baja,contexto premium fallback reciente,usa promedios recientes multi-competicion/API-Football,depende mucho del arbitro y del contexto competitivo,
2026-08-23,10:15,Le Havre vs Monaco,,,Corners total -8.5,CORNERS_TOTALS UNDER.8.5,CORNERS_TOTALS:UNDER_8_5,34.2%,0.342300,,,,,,,Sin cuota/EV,No encontrado en Betano,Baja,contexto premium fallback reciente,usa promedios recientes multi-competicion/API-Football,el volumen ofensivo puede variar por planteamiento y marcador temprano,
2026-08-23,10:15,Le Havre vs Monaco,,,SHOTS_ON_TARGET_TOTAL OVER.9.5,SHOTS_ON_TARGET_TOTAL OVER.9.5,SHOTS_ON_TARGET_TOTAL:OVER_9_5,32.6%,0.325500,,,,,,,Sin cuota/EV,No encontrado en Betano,Baja,contexto premium fallback reciente,usa promedios recientes multi-competicion/API-Football,el volumen ofensivo puede variar por planteamiento y marcador temprano,
2026-08-23,10:15,Le Havre vs Monaco,10Bet,,Local corners +4.5,CORNERS_HOME OVER.4.5,CORNERS_HOME:OVER_4_5,32.2%,0.322500,2.00,-0.36,-0.355100,,,,EV negativo,No encontrado en Betano,Baja,contexto premium fallback reciente,usa promedios recientes multi-competicion/API-Football,el volumen ofensivo puede variar por planteamiento y marcador temprano,
2026-08-23,10:15,Le Havre vs Monaco,,,Corners total +11.5,CORNERS_TOTALS OVER.11.5,CORNERS_TOTALS:OVER_11_5,29.4%,0.293800,,,,,,,Sin cuota/EV,No encontrado en Betano,Baja,contexto premium fallback reciente,usa promedios recientes multi-competicion/API-Football,el volumen ofensivo puede variar por planteamiento y marcador temprano,
2026-08-23,10:15,Le Havre vs Monaco,,,Tarjetas total +5.5,CARDS_TOTALS OVER.5.5,CARDS_TOTALS:OVER_5_5,28.3%,0.283000,,,,,,,Sin cuota/EV,No encontrado en Betano,Baja,contexto premium fallback reciente,usa promedios recientes multi-competicion/API-Football,depende mucho del arbitro y del contexto competitivo,
2026-08-23,10:15,Le Havre vs Monaco,,,SHOTS_TOTAL OVER.26.5,SHOTS_TOTAL OVER.26.5,SHOTS_TOTAL:OVER_26_5,28.1%,0.281300,,,,,,,Sin cuota/EV,No encontrado en Betano,Baja,contexto premium fallback reciente,usa promedios recientes multi-competicion/API-Football,el volumen ofensivo puede variar por planteamiento y marcador temprano,
2026-08-23,10:15,Le Havre vs Monaco,,,Local tarjetas +3.5,CARDS_HOME OVER.3.5,CARDS_HOME:OVER_3_5,27.9%,0.278600,,,,,,,Sin cuota/EV,No encontrado en Betano,Baja,contexto premium fallback reciente,usa promedios recientes multi-competicion/API-Football,depende mucho del arbitro y del contexto competitivo,
2026-08-23,10:15,Le Havre vs Monaco,,,SHOTS_ON_TARGET_TOTAL UNDER.6.5,SHOTS_ON_TARGET_TOTAL UNDER.6.5,SHOTS_ON_TARGET_TOTAL:UNDER_6_5,27.4%,0.274400,,,,,,,Sin cuota/EV,No encontrado en Betano,Baja,contexto premium fallback reciente,usa promedios recientes multi-competicion/API-Football,el volumen ofensivo puede variar por planteamiento y marcador temprano,
2026-08-23,10:15,Le Havre vs Monaco,10Bet,,Visita corners -4.5,CORNERS_AWAY UNDER.4.5,CORNERS_AWAY:UNDER_4_5,26.3%,0.263400,2.05,-0.46,-0.460100,,,,EV negativo,No encontrado en Betano,Baja,contexto premium fallback reciente,usa promedios recientes multi-competicion/API-Football,el volumen ofensivo puede variar por planteamiento y marcador temprano,
2026-08-23,10:15,Le Havre vs Monaco,,,Visita tarjetas +2.5,CARDS_AWAY OVER.2.5,CARDS_AWAY:OVER_2_5,25.6%,0.256000,,,,,,,Sin cuota/EV,No encontrado en Betano,Baja,contexto premium fallback reciente,usa promedios recientes multi-competicion/API-Football,depende mucho del arbitro y del contexto competitivo,
2026-08-23,10:15,Le Havre vs Monaco,,,SHOTS_TOTAL UNDER.20.5,SHOTS_TOTAL UNDER.20.5,SHOTS_TOTAL:UNDER_20_5,25.6%,0.255900,,,,,,,Sin cuota/EV,No encontrado en Betano,Baja,contexto premium fallback reciente,usa promedios recientes multi-competicion/API-Football,el volumen ofensivo puede variar por planteamiento y marcador temprano,
2026-08-23,10:15,Le Havre vs Monaco,,,Local tarjetas -1.5,CARDS_HOME UNDER.1.5,CARDS_HOME:UNDER_1_5,25.5%,0.254700,,,,,,,Sin cuota/EV,No encontrado en Betano,Baja,contexto premium fallback reciente,usa promedios recientes multi-competicion/API-Football,depende mucho del arbitro y del contexto competitivo,
2026-08-23,10:15,Le Havre vs Monaco,10Bet,,1T -0.5,FIRST_HALF_TOTALS UNDER.0.5,FIRST_HALF_TOTALS:UNDER_0_5,24.0%,0.239800,2.15,-0.48,-0.484500,,,,EV negativo,No encontrado en Betano,Baja,contexto premium fallback reciente,usa promedios recientes multi-competicion/API-Football,el primer tiempo puede tener ritmo bajo o rotaciones,
2026-08-23,10:15,Le Havre vs Monaco,10Bet,,Empate,1X2 DRAW,1X2:DRAW,23.5%,0.234900,1.85,-0.57,-0.565400,,,,EV negativo,No encontrado en Betano,Baja,fallback ultimos partidos,usa Poisson fallback con ultimos partidos multi-competicion,riesgo propio del resultado final y variacion del modelo,
2026-08-23,10:15,Le Havre vs Monaco,,,Corners total -7.5,CORNERS_TOTALS UNDER.7.5,CORNERS_TOTALS:UNDER_7_5,22.8%,0.227800,,,,,,,Sin cuota/EV,No encontrado en Betano,Baja,contexto premium fallback reciente,usa promedios recientes multi-competicion/API-Football,el volumen ofensivo puede variar por planteamiento y marcador temprano,
2026-08-23,10:15,Le Havre vs Monaco,,,Local goles +2.5,TEAM_TOTAL_HOME OVER.2.5,TEAM_TOTAL_HOME:OVER_2_5,22.3%,0.223300,,,,,,,Sin cuota/EV,No encontrado en Betano,Baja,fallback ultimos partidos,usa Poisson fallback con ultimos partidos multi-competicion,un gol temprano o baja eficacia puede cambiar la lectura del mercado,
2026-08-23,10:15,Le Havre vs Monaco,,,Visita goles -0.5,TEAM_TOTAL_AWAY UNDER.0.5,TEAM_TOTAL_AWAY:UNDER_0_5,21.1%,0.211100,,,,,,,Sin cuota/EV,No encontrado en Betano,Baja,fallback ultimos partidos,usa Poisson fallback con ultimos partidos multi-competicion,un gol temprano o baja eficacia puede cambiar la lectura del mercado,
2026-08-23,10:15,Le Havre vs Monaco,,,Visita goles +2.5,TEAM_TOTAL_AWAY OVER.2.5,TEAM_TOTAL_AWAY:OVER_2_5,20.5%,0.205200,,,,,,,Sin cuota/EV,No encontrado en Betano,Baja,fallback ultimos partidos,usa Poisson fallback con ultimos partidos multi-competicion,un gol temprano o baja eficacia puede cambiar la lectura del mercado,
2026-08-23,10:15,Le Havre vs Monaco,,,Local goles -0.5,TEAM_TOTAL_HOME UNDER.0.5,TEAM_TOTAL_HOME:UNDER_0_5,19.7%,0.196800,,,,,,,Sin cuota/EV,No encontrado en Betano,Baja,fallback ultimos partidos,usa Poisson fallback con ultimos partidos multi-competicion,un gol temprano o baja eficacia puede cambiar la lectura del mercado,
2026-08-23,10:15,Le Havre vs Monaco,,,Tarjetas total -2.5,CARDS_TOTALS UNDER.2.5,CARDS_TOTALS:UNDER_2_5,18.3%,0.183100,,,,,,,Sin cuota/EV,No encontrado en Betano,Baja,contexto premium fallback reciente,usa promedios recientes multi-competicion/API-Football,depende mucho del arbitro y del contexto competitivo,
2026-08-23,10:15,Le Havre vs Monaco,,,Local corners +5.5,CORNERS_HOME OVER.5.5,CORNERS_HOME:OVER_5_5,17.7%,0.177100,,,,,,,Sin cuota/EV,No encontrado en Betano,Baja,contexto premium fallback reciente,usa promedios recientes multi-competicion/API-Football,el volumen ofensivo puede variar por planteamiento y marcador temprano,
2026-08-23,10:15,Le Havre vs Monaco,,,Visita tarjetas -0.5,CARDS_AWAY UNDER.0.5,CARDS_AWAY:UNDER_0_5,17.4%,0.173800,,,,,,,Sin cuota/EV,No encontrado en Betano,Baja,contexto premium fallback reciente,usa promedios recientes multi-competicion/API-Football,depende mucho del arbitro y del contexto competitivo,
2026-08-23,10:15,Le Havre vs Monaco,10Bet,,Goles -1.5,TOTALS UNDER.1.5,TOTALS:UNDER_1_5,17.4%,0.173700,1.95,-0.66,-0.661300,,,,EV negativo,No encontrado en Betano,Baja,fallback ultimos partidos,usa Poisson fallback con ultimos partidos multi-competicion,un gol temprano o baja eficacia puede cambiar la lectura del mercado,
2026-08-23,10:15,Le Havre vs Monaco,,,Tarjetas total +6.5,CARDS_TOTALS OVER.6.5,CARDS_TOTALS:OVER_6_5,15.8%,0.158500,,,,,,,Sin cuota/EV,No encontrado en Betano,Baja,contexto premium fallback reciente,usa promedios recientes multi-competicion/API-Football,depende mucho del arbitro y del contexto competitivo,
2026-08-23,10:15,Le Havre vs Monaco,,,SHOTS_TOTAL UNDER.18.5,SHOTS_TOTAL UNDER.18.5,SHOTS_TOTAL:UNDER_18_5,13.7%,0.137100,,,,,,,Sin cuota/EV,No encontrado en Betano,Baja,contexto premium fallback reciente,usa promedios recientes multi-competicion/API-Football,el volumen ofensivo puede variar por planteamiento y marcador temprano,
2026-08-23,10:15,Le Havre vs Monaco,,,Visita corners -3.5,CORNERS_AWAY UNDER.3.5,CORNERS_AWAY:UNDER_3_5,13.7%,0.137000,,,,,,,Sin cuota/EV,No encontrado en Betano,Baja,contexto premium fallback reciente,usa promedios recientes multi-competicion/API-Football,el volumen ofensivo puede variar por planteamiento y marcador temprano,
2026-08-23,10:15,Le Havre vs Monaco,,,Visita tarjetas +3.5,CARDS_AWAY OVER.3.5,CARDS_AWAY:OVER_3_5,10.1%,0.100800,,,,,,,Sin cuota/EV,No encontrado en Betano,Baja,contexto premium fallback reciente,usa promedios recientes multi-competicion/API-Football,depende mucho del arbitro y del contexto competitivo,
2026-08-23,10:15,Le Havre vs Monaco,,,Local corners +6.5,CORNERS_HOME OVER.6.5,CORNERS_HOME:OVER_6_5,8.6%,0.086300,,,,,,,Sin cuota/EV,No encontrado en Betano,Baja,contexto premium fallback reciente,usa promedios recientes multi-competicion/API-Football,el volumen ofensivo puede variar por planteamiento y marcador temprano,
2026-08-23,10:15,Le Havre vs Monaco,,,Local tarjetas -0.5,CARDS_HOME UNDER.0.5,CARDS_HOME:UNDER_0_5,7.0%,0.069500,,,,,,,Sin cuota/EV,No encontrado en Betano,Baja,contexto premium fallback reciente,usa promedios recientes multi-competicion/API-Football,depende mucho del arbitro y del contexto competitivo,
2026-08-23,10:30,Newcastle vs Liverpool,,,Tarjetas total -6.5,CARDS_TOTALS UNDER.6.5,CARDS_TOTALS:UNDER_6_5,98.3%,0.982800,,,,,,,Sin cuota/EV,No encontrado en Betano,Alta,contexto premium fallback reciente,usa promedios recientes multi-competicion/API-Football,depende mucho del arbitro y del contexto competitivo,
2026-08-23,10:30,Newcastle vs Liverpool,,,Local tarjetas -3.5,CARDS_HOME UNDER.3.5,CARDS_HOME:UNDER_3_5,98.1%,0.981000,,,,,,,Sin cuota/EV,No encontrado en Betano,Alta,contexto premium fallback reciente,usa promedios recientes multi-competicion/API-Football,depende mucho del arbitro y del contexto competitivo,
2026-08-23,10:30,Newcastle vs Liverpool,,,SHOTS_TOTAL OVER.18.5,SHOTS_TOTAL OVER.18.5,SHOTS_TOTAL:OVER_18_5,97.5%,0.975200,,,,,,,Sin cuota/EV,No encontrado en Betano,Alta,contexto premium fallback reciente,usa promedios recientes multi-competicion/API-Football,el volumen ofensivo puede variar por planteamiento y marcador temprano,
2026-08-23,10:30,Newcastle vs Liverpool,,,Tarjetas total -5.5,CARDS_TOTALS UNDER.5.5,CARDS_TOTALS:UNDER_5_5,95.1%,0.951000,,,,,,,Sin cuota/EV,No encontrado en Betano,Alta,contexto premium fallback reciente,usa promedios recientes multi-competicion/API-Football,depende mucho del arbitro y del contexto competitivo,
2026-08-23,10:30,Newcastle vs Liverpool,,,SHOTS_TOTAL OVER.20.5,SHOTS_TOTAL OVER.20.5,SHOTS_TOTAL:OVER_20_5,93.8%,0.938200,,,,,,,Sin cuota/EV,No encontrado en Betano,Alta,contexto premium fallback reciente,usa promedios recientes multi-competicion/API-Football,el volumen ofensivo puede variar por planteamiento y marcador temprano,
2026-08-23,10:30,Newcastle vs Liverpool,,,Visita tarjetas -3.5,CARDS_AWAY UNDER.3.5,CARDS_AWAY:UNDER_3_5,92.1%,0.921200,,,,,,,Sin cuota/EV,No encontrado en Betano,Alta,contexto premium fallback reciente,usa promedios recientes multi-competicion/API-Football,depende mucho del arbitro y del contexto competitivo,
2026-08-23,10:30,Newcastle vs Liverpool,,,Local tarjetas -2.5,CARDS_HOME UNDER.2.5,CARDS_HOME:UNDER_2_5,92.0%,0.919700,,,,,,,Sin cuota/EV,No encontrado en Betano,Alta,contexto premium fallback reciente,usa promedios recientes multi-competicion/API-Football,depende mucho del arbitro y del contexto competitivo,
2026-08-23,10:30,Newcastle vs Liverpool,,,SHOTS_ON_TARGET_TOTAL OVER.6.5,SHOTS_ON_TARGET_TOTAL OVER.6.5,SHOTS_ON_TARGET_TOTAL:OVER_6_5,91.9%,0.918600,,,,,,,Sin cuota/EV,No encontrado en Betano,Alta,contexto premium fallback reciente,usa promedios recientes multi-competicion/API-Football,el volumen ofensivo puede variar por planteamiento y marcador temprano,
2026-08-23,10:30,Newcastle vs Liverpool,,,Tarjetas total -4.5,CARDS_TOTALS UNDER.4.5,CARDS_TOTALS:UNDER_4_5,87.7%,0.877400,,,,,,,Sin cuota/EV,No encontrado en Betano,Alta,contexto premium fallback reciente,usa promedios recientes multi-competicion/API-Football,depende mucho del arbitro y del contexto competitivo,
2026-08-23,10:30,Newcastle vs Liverpool,,,SHOTS_TOTAL OVER.22.5,SHOTS_TOTAL OVER.22.5,SHOTS_TOTAL:OVER_22_5,87.1%,0.870500,,,,,,,Sin cuota/EV,No encontrado en Betano,Alta,contexto premium fallback reciente,usa promedios recientes multi-competicion/API-Football,el volumen ofensivo puede variar por planteamiento y marcador temprano,
2026-08-23,10:30,Newcastle vs Liverpool,10Bet,,Goles +1.5,TOTALS OVER.1.5,TOTALS:OVER_1_5,86.2%,0.862000,1.68,0.45,0.448200,,,,EV positivo,No encontrado en Betano,Alta,fallback ultimos partidos,usa Poisson fallback con ultimos partidos multi-competicion,un gol temprano o baja eficacia puede cambiar la lectura del mercado,
2026-08-23,10:30,Newcastle vs Liverpool,,,SHOTS_ON_TARGET_TOTAL OVER.7.5,SHOTS_ON_TARGET_TOTAL OVER.7.5,SHOTS_ON_TARGET_TOTAL:OVER_7_5,85.2%,0.852500,,,,,,,Sin cuota/EV,No encontrado en Betano,Alta,contexto premium fallback reciente,usa promedios recientes multi-competicion/API-Football,el volumen ofensivo puede variar por planteamiento y marcador temprano,
2026-08-23,10:30,Newcastle vs Liverpool,,,Local goles +0.5,TEAM_TOTAL_HOME OVER.0.5,TEAM_TOTAL_HOME:OVER_0_5,83.2%,0.831500,,,,,,,Sin cuota/EV,No encontrado en Betano,Alta,fallback ultimos partidos,usa Poisson fallback con ultimos partidos multi-competicion,un gol temprano o baja eficacia puede cambiar la lectura del mercado,
2026-08-23,10:30,Newcastle vs Liverpool,,,Local corners -6.5,CORNERS_HOME UNDER.6.5,CORNERS_HOME:UNDER_6_5,82.2%,0.822400,,,,,,,Sin cuota/EV,No encontrado en Betano,Alta,contexto premium fallback reciente,usa promedios recientes multi-competicion/API-Football,el volumen ofensivo puede variar por planteamiento y marcador temprano,
2026-08-23,10:30,Newcastle vs Liverpool,,,Visita goles +0.5,TEAM_TOTAL_AWAY OVER.0.5,TEAM_TOTAL_AWAY:OVER_0_5,81.7%,0.817200,,,,,,,Sin cuota/EV,No encontrado en Betano,Alta,fallback ultimos partidos,usa Poisson fallback con ultimos partidos multi-competicion,un gol temprano o baja eficacia puede cambiar la lectura del mercado,
2026-08-23,10:30,Newcastle vs Liverpool,,,Visita tarjetas +0.5,CARDS_AWAY OVER.0.5,CARDS_AWAY:OVER_0_5,79.8%,0.798100,,,,,,,Sin cuota/EV,No encontrado en Betano,Alta,contexto premium fallback reciente,usa promedios recientes multi-competicion/API-Football,depende mucho del arbitro y del contexto competitivo,
2026-08-23,10:30,Newcastle vs Liverpool,,,Visita tarjetas -2.5,CARDS_AWAY UNDER.2.5,CARDS_AWAY:UNDER_2_5,78.3%,0.783400,,,,,,,Sin cuota/EV,No encontrado en Betano,Alta,contexto premium fallback reciente,usa promedios recientes multi-competicion/API-Football,depende mucho del arbitro y del contexto competitivo,
2026-08-23,10:30,Newcastle vs Liverpool,,,DOUBLE_CHANCE 12,DOUBLE_CHANCE 12,DOUBLE_CHANCE:12,77.7%,0.776700,,,,,,,Sin cuota/EV,No encontrado en Betano,Alta,fallback ultimos partidos,usa Poisson fallback con ultimos partidos multi-competicion,riesgo propio del resultado final y variacion del modelo,
2026-08-23,10:30,Newcastle vs Liverpool,,,SHOTS_TOTAL OVER.24.5,SHOTS_TOTAL OVER.24.5,SHOTS_TOTAL:OVER_24_5,76.7%,0.767200,,,,,,,Sin cuota/EV,No encontrado en Betano,Alta,contexto premium fallback reciente,usa promedios recientes multi-competicion/API-Football,el volumen ofensivo puede variar por planteamiento y marcador temprano,
2026-08-23,10:30,Newcastle vs Liverpool,,,Visita corners -6.5,CORNERS_AWAY UNDER.6.5,CORNERS_AWAY:UNDER_6_5,76.2%,0.762200,,,,,,,Sin cuota/EV,No encontrado en Betano,Alta,contexto premium fallback reciente,usa promedios recientes multi-competicion/API-Football,el volumen ofensivo puede variar por planteamiento y marcador temprano,
2026-08-23,10:30,Newcastle vs Liverpool,,,SHOTS_ON_TARGET_TOTAL OVER.8.5,SHOTS_ON_TARGET_TOTAL OVER.8.5,SHOTS_ON_TARGET_TOTAL:OVER_8_5,76.2%,0.762100,,,,,,,Sin cuota/EV,No encontrado en Betano,Alta,contexto premium fallback reciente,usa promedios recientes multi-competicion/API-Football,el volumen ofensivo puede variar por planteamiento y marcador temprano,
2026-08-23,10:30,Newcastle vs Liverpool,,,Visita goles -2.5,TEAM_TOTAL_AWAY UNDER.2.5,TEAM_TOTAL_AWAY:UNDER_2_5,75.7%,0.757300,,,,,,,Sin cuota/EV,No encontrado en Betano,Alta,fallback ultimos partidos,usa Poisson fallback con ultimos partidos multi-competicion,un gol temprano o baja eficacia puede cambiar la lectura del mercado,
2026-08-23,10:30,Newcastle vs Liverpool,10Bet,,1T +0.5,FIRST_HALF_TOTALS OVER.0.5,FIRST_HALF_TOTALS:OVER_0_5,75.3%,0.753400,1.60,0.21,0.205400,,,,EV positivo,No encontrado en Betano,Alta,contexto premium fallback reciente,usa promedios recientes multi-competicion/API-Football,el primer tiempo puede tener ritmo bajo o rotaciones,
2026-08-23,10:30,Newcastle vs Liverpool,,,Corners total -11.5,CORNERS_TOTALS UNDER.11.5,CORNERS_TOTALS:UNDER_11_5,74.5%,0.744900,,,,,,,Sin cuota/EV,No encontrado en Betano,Alta,contexto premium fallback reciente,usa promedios recientes multi-competicion/API-Football,el volumen ofensivo puede variar por planteamiento y marcador temprano,
2026-08-23,10:30,Newcastle vs Liverpool,,,Corners total +7.5,CORNERS_TOTALS OVER.7.5,CORNERS_TOTALS:OVER_7_5,73.8%,0.738200,,,,,,,Sin cuota/EV,No encontrado en Betano,Alta,contexto premium fallback reciente,usa promedios recientes multi-competicion/API-Football,el volumen ofensivo puede variar por planteamiento y marcador temprano,
2026-08-23,10:30,Newcastle vs Liverpool,,,Tarjetas total -3.5,CARDS_TOTALS UNDER.3.5,CARDS_TOTALS:UNDER_3_5,73.6%,0.736000,,,,,,,Sin cuota/EV,No encontrado en Betano,Alta,contexto premium fallback reciente,usa promedios recientes multi-competicion/API-Football,depende mucho del arbitro y del contexto competitivo,
2026-08-23,10:30,Newcastle vs Liverpool,,,Local tarjetas -1.5,CARDS_HOME UNDER.1.5,CARDS_HOME:UNDER_1_5,73.6%,0.735800,,,,,,,Sin cuota/EV,No encontrado en Betano,Alta,contexto premium fallback reciente,usa promedios recientes multi-competicion/API-Football,depende mucho del arbitro y del contexto competitivo,
2026-08-23,10:30,Newcastle vs Liverpool,,,Local goles -2.5,TEAM_TOTAL_HOME UNDER.2.5,TEAM_TOTAL_HOME:UNDER_2_5,73.6%,0.735600,,,,,,,Sin cuota/EV,No encontrado en Betano,Alta,fallback ultimos partidos,usa Poisson fallback con ultimos partidos multi-competicion,un gol temprano o baja eficacia puede cambiar la lectura del mercado,
2026-08-23,10:30,Newcastle vs Liverpool,,,Visita corners +3.5,CORNERS_AWAY OVER.3.5,CORNERS_AWAY:OVER_3_5,73.5%,0.735000,,,,,,,Sin cuota/EV,No encontrado en Betano,Alta,contexto premium fallback reciente,usa promedios recientes multi-competicion/API-Football,el volumen ofensivo puede variar por planteamiento y marcador temprano,
2026-08-23,10:30,Newcastle vs Liverpool,10Bet,,Local corners -5.5,CORNERS_HOME UNDER.5.5,CORNERS_HOME:UNDER_5_5,69.2%,0.691500,1.62,0.12,0.120300,,,,EV positivo,No encontrado en Betano,Media,contexto premium fallback reciente,usa promedios recientes multi-competicion/API-Football,el volumen ofensivo puede variar por planteamiento y marcador temprano,
2026-08-23,10:30,Newcastle vs Liverpool,10Bet,,BTTS sí,BTTS YES,BTTS:YES,68.0%,0.679600,3.00,1.04,1.038900,,,,EV positivo,No encontrado en Betano,Media,fallback ultimos partidos,usa Poisson fallback con ultimos partidos multi-competicion,un gol temprano o baja eficacia puede cambiar la lectura del mercado,
2026-08-23,10:30,Newcastle vs Liverpool,10Bet,,Goles +2.5,TOTALS OVER.2.5,TOTALS:OVER_2_5,67.6%,0.675600,3.00,1.03,1.026900,,,,EV positivo,No encontrado en Betano,Media,fallback ultimos partidos,usa Poisson fallback con ultimos partidos multi-competicion,un gol temprano o baja eficacia puede cambiar la lectura del mercado,
2026-08-23,10:30,Newcastle vs Liverpool,,,Local corners +3.5,CORNERS_HOME OVER.3.5,CORNERS_HOME:OVER_3_5,66.9%,0.668800,,,,,,,Sin cuota/EV,No encontrado en Betano,Media,contexto premium fallback reciente,usa promedios recientes multi-competicion/API-Football,el volumen ofensivo puede variar por planteamiento y marcador temprano,
2026-08-23,10:30,Newcastle vs Liverpool,,,SHOTS_ON_TARGET_TOTAL OVER.9.5,SHOTS_ON_TARGET_TOTAL OVER.9.5,SHOTS_ON_TARGET_TOTAL:OVER_9_5,65.2%,0.652200,,,,,,,Sin cuota/EV,No encontrado en Betano,Media,contexto premium fallback reciente,usa promedios recientes multi-competicion/API-Football,el volumen ofensivo puede variar por planteamiento y marcador temprano,
2026-08-23,10:30,Newcastle vs Liverpool,10Bet,,Corners total -10.5,CORNERS_TOTALS UNDER.10.5,CORNERS_TOTALS:UNDER_10_5,63.7%,0.637100,1.83,0.17,0.165900,,,,EV positivo,No encontrado en Betano,Media,contexto premium fallback reciente,usa promedios recientes multi-competicion/API-Football,el volumen ofensivo puede variar por planteamiento y marcador temprano,
2026-08-23,10:30,Newcastle vs Liverpool,,,SHOTS_TOTAL OVER.26.5,SHOTS_TOTAL OVER.26.5,SHOTS_TOTAL:OVER_26_5,63.4%,0.633600,,,,,,,Sin cuota/EV,No encontrado en Betano,Media,contexto premium fallback reciente,usa promedios recientes multi-competicion/API-Football,el volumen ofensivo puede variar por planteamiento y marcador temprano,
2026-08-23,10:30,Newcastle vs Liverpool,,,Local tarjetas +0.5,CARDS_HOME OVER.0.5,CARDS_HOME:OVER_0_5,63.2%,0.632100,,,,,,,Sin cuota/EV,No encontrado en Betano,Media,contexto premium fallback reciente,usa promedios recientes multi-competicion/API-Football,depende mucho del arbitro y del contexto competitivo,
2026-08-23,10:30,Newcastle vs Liverpool,,,DOUBLE_CHANCE 1X,DOUBLE_CHANCE 1X,DOUBLE_CHANCE:1X,62.8%,0.628500,,,,,,,Sin cuota/EV,No encontrado en Betano,Media,fallback ultimos partidos,usa Poisson fallback con ultimos partidos multi-competicion,riesgo propio del resultado final y variacion del modelo,
2026-08-23,10:30,Newcastle vs Liverpool,,,Corners total +8.5,CORNERS_TOTALS OVER.8.5,CORNERS_TOTALS:OVER_8_5,61.6%,0.616300,,,,,,,Sin cuota/EV,No encontrado en Betano,Media,contexto premium fallback reciente,usa promedios recientes multi-competicion/API-Football,el volumen ofensivo puede variar por planteamiento y marcador temprano,
2026-08-23,10:30,Newcastle vs Liverpool,10Bet,,Visita corners -5.5,CORNERS_AWAY UNDER.5.5,CORNERS_AWAY:UNDER_5_5,61.6%,0.616000,1.62,-0.00,-0.002100,,,,EV negativo,No encontrado en Betano,Media,contexto premium fallback reciente,usa promedios recientes multi-competicion/API-Football,el volumen ofensivo puede variar por planteamiento y marcador temprano,
2026-08-23,10:30,Newcastle vs Liverpool,,,DOUBLE_CHANCE X2,DOUBLE_CHANCE X2,DOUBLE_CHANCE:X2,59.5%,0.594800,,,,,,,Sin cuota/EV,No encontrado en Betano,Media,fallback ultimos partidos,usa Poisson fallback con ultimos partidos multi-competicion,riesgo propio del resultado final y variacion del modelo,
2026-08-23,10:30,Newcastle vs Liverpool,10Bet,,1T -1.5,FIRST_HALF_TOTALS UNDER.1.5,FIRST_HALF_TOTALS:UNDER_1_5,59.2%,0.591800,1.22,-0.28,-0.278000,,,,EV negativo,No encontrado en Betano,Media,contexto premium fallback reciente,usa promedios recientes multi-competicion/API-Football,el primer tiempo puede tener ritmo bajo o rotaciones,
2026-08-23,10:30,Newcastle vs Liverpool,,,Visita corners +4.5,CORNERS_AWAY OVER.4.5,CORNERS_AWAY:OVER_4_5,56.0%,0.559500,,,,,,,Sin cuota/EV,No encontrado en Betano,Media,contexto premium fallback reciente,usa promedios recientes multi-competicion/API-Football,el volumen ofensivo puede variar por planteamiento y marcador temprano,
2026-08-23,10:30,Newcastle vs Liverpool,10Bet,,Goles -3.5,TOTALS UNDER.3.5,TOTALS:UNDER_3_5,54.1%,0.540700,1.65,-0.11,-0.107900,,,,EV negativo,No encontrado en Betano,Baja,fallback ultimos partidos,usa Poisson fallback con ultimos partidos multi-competicion,un gol temprano o baja eficacia puede cambiar la lectura del mercado,
2026-08-23,10:30,Newcastle vs Liverpool,,,Local goles +1.5,TEAM_TOTAL_HOME OVER.1.5,TEAM_TOTAL_HOME:OVER_1_5,53.2%,0.531600,,,,,,,Sin cuota/EV,No encontrado en Betano,Baja,fallback ultimos partidos,usa Poisson fallback con ultimos partidos multi-competicion,un gol temprano o baja eficacia puede cambiar la lectura del mercado,
2026-08-23,10:30,Newcastle vs Liverpool,,,Visita tarjetas -1.5,CARDS_AWAY UNDER.1.5,CARDS_AWAY:UNDER_1_5,52.5%,0.524900,,,,,,,Sin cuota/EV,No encontrado en Betano,Baja,contexto premium fallback reciente,usa promedios recientes multi-competicion/API-Football,depende mucho del arbitro y del contexto competitivo,
2026-08-23,10:30,Newcastle vs Liverpool,10Bet,,DNB local,DRAW_NO_BET HOME,DRAW_NO_BET:HOME,52.2%,0.521700,2.40,0.25,0.252000,,,,EV positivo,No encontrado en Betano,Baja,fallback ultimos partidos,usa Poisson fallback con ultimos partidos multi-competicion,riesgo propio del resultado final y variacion del modelo,
2026-08-23,10:30,Newcastle vs Liverpool,10Bet,,Local corners -4.5,CORNERS_HOME UNDER.4.5,CORNERS_HOME:UNDER_4_5,51.9%,0.519500,1.95,0.01,0.013100,,,,EV negativo,No encontrado en Betano,Baja,contexto premium fallback reciente,usa promedios recientes multi-competicion/API-Football,el volumen ofensivo puede variar por planteamiento y marcador temprano,
2026-08-23,10:30,Newcastle vs Liverpool,,,Tarjetas total -2.5,CARDS_TOTALS UNDER.2.5,CARDS_TOTALS:UNDER_2_5,51.8%,0.518400,,,,,,,Sin cuota/EV,No encontrado en Betano,Baja,contexto premium fallback reciente,usa promedios recientes multi-competicion/API-Football,depende mucho del arbitro y del contexto competitivo,
2026-08-23,10:30,Newcastle vs Liverpool,,,Corners total -9.5,CORNERS_TOTALS UNDER.9.5,CORNERS_TOTALS:UNDER_9_5,51.3%,0.513200,,,,,,,Sin cuota/EV,No encontrado en Betano,Baja,contexto premium fallback reciente,usa promedios recientes multi-competicion/API-Football,el volumen ofensivo puede variar por planteamiento y marcador temprano,
2026-08-23,10:30,Newcastle vs Liverpool,,,Visita goles +1.5,TEAM_TOTAL_AWAY OVER.1.5,TEAM_TOTAL_AWAY:OVER_1_5,50.7%,0.506600,,,,,,,Sin cuota/EV,No encontrado en Betano,Baja,fallback ultimos partidos,usa Poisson fallback con ultimos partidos multi-competicion,un gol temprano o baja eficacia puede cambiar la lectura del mercado,
2026-08-23,10:30,Newcastle vs Liverpool,,,Visita goles -1.5,TEAM_TOTAL_AWAY UNDER.1.5,TEAM_TOTAL_AWAY:UNDER_1_5,49.3%,0.493400,,,,,,,Sin cuota/EV,No encontrado en Betano,Baja,fallback ultimos partidos,usa Poisson fallback con ultimos partidos multi-competicion,un gol temprano o baja eficacia puede cambiar la lectura del mercado,
2026-08-23,10:30,Newcastle vs Liverpool,,,Corners total +9.5,CORNERS_TOTALS OVER.9.5,CORNERS_TOTALS:OVER_9_5,48.7%,0.486800,,,,,,,Sin cuota/EV,No encontrado en Betano,Baja,contexto premium fallback reciente,usa promedios recientes multi-competicion/API-Football,el volumen ofensivo puede variar por planteamiento y marcador temprano,
2026-08-23,10:30,Newcastle vs Liverpool,,,Tarjetas total +2.5,CARDS_TOTALS OVER.2.5,CARDS_TOTALS:OVER_2_5,48.2%,0.481600,,,,,,,Sin cuota/EV,No encontrado en Betano,Baja,contexto premium fallback reciente,usa promedios recientes multi-competicion/API-Football,depende mucho del arbitro y del contexto competitivo,
2026-08-23,10:30,Newcastle vs Liverpool,10Bet,,Local corners +4.5,CORNERS_HOME OVER.4.5,CORNERS_HOME:OVER_4_5,48.0%,0.480500,1.65,-0.21,-0.207200,,,,EV negativo,No encontrado en Betano,Baja,contexto premium fallback reciente,usa promedios recientes multi-competicion/API-Football,el volumen ofensivo puede variar por planteamiento y marcador temprano,
2026-08-23,10:30,Newcastle vs Liverpool,10Bet,,DNB visita,DRAW_NO_BET AWAY,DRAW_NO_BET:AWAY,47.8%,0.478300,1.50,-0.28,-0.282500,,,,EV negativo,No encontrado en Betano,Baja,fallback ultimos partidos,usa Poisson fallback con ultimos partidos multi-competicion,riesgo propio del resultado final y variacion del modelo,
2026-08-23,10:30,Newcastle vs Liverpool,,,Visita tarjetas +1.5,CARDS_AWAY OVER.1.5,CARDS_AWAY:OVER_1_5,47.5%,0.475100,,,,,,,Sin cuota/EV,No encontrado en Betano,Baja,contexto premium fallback reciente,usa promedios recientes multi-competicion/API-Football,depende mucho del arbitro y del contexto competitivo,
2026-08-23,10:30,Newcastle vs Liverpool,,,Local goles -1.5,TEAM_TOTAL_HOME UNDER.1.5,TEAM_TOTAL_HOME:UNDER_1_5,46.8%,0.468400,,,,,,,Sin cuota/EV,No encontrado en Betano,Baja,fallback ultimos partidos,usa Poisson fallback con ultimos partidos multi-competicion,un gol temprano o baja eficacia puede cambiar la lectura del mercado,
2026-08-23,10:30,Newcastle vs Liverpool,10Bet,,Goles +3.5,TOTALS OVER.3.5,TOTALS:OVER_3_5,45.9%,0.459300,2.20,0.01,0.010500,,,,EV negativo,No encontrado en Betano,Baja,fallback ultimos partidos,usa Poisson fallback con ultimos partidos multi-competicion,un gol temprano o baja eficacia puede cambiar la lectura del mercado,
2026-08-23,10:30,Newcastle vs Liverpool,,,Visita corners -4.5,CORNERS_AWAY UNDER.4.5,CORNERS_AWAY:UNDER_4_5,44.0%,0.440500,,,,,,,Sin cuota/EV,No encontrado en Betano,Baja,contexto premium fallback reciente,usa promedios recientes multi-competicion/API-Football,el volumen ofensivo puede variar por planteamiento y marcador temprano,
2026-08-23,10:30,Newcastle vs Liverpool,10Bet,,1T +1.5,FIRST_HALF_TOTALS OVER.1.5,FIRST_HALF_TOTALS:OVER_1_5,40.8%,0.408200,3.90,0.59,0.591900,,,,EV positivo,No encontrado en Betano,Baja,contexto premium fallback reciente,usa promedios recientes multi-competicion/API-Football,el primer tiempo puede tener ritmo bajo o rotaciones,
2026-08-23,10:30,Newcastle vs Liverpool,10Bet,,Gana local,1X2 HOME,1X2:HOME,40.5%,0.405200,4.50,0.82,0.823400,,,,EV positivo,No encontrado en Betano,Baja,fallback ultimos partidos,usa Poisson fallback con ultimos partidos multi-competicion,riesgo propio del resultado final y variacion del modelo,
2026-08-23,10:30,Newcastle vs Liverpool,10Bet,,Visita corners +5.5,CORNERS_AWAY OVER.5.5,CORNERS_AWAY:OVER_5_5,38.4%,0.384000,2.00,-0.23,-0.231900,,,,EV negativo,No encontrado en Betano,Baja,contexto premium fallback reciente,usa promedios recientes multi-competicion/API-Football,el volumen ofensivo puede variar por planteamiento y marcador temprano,
2026-08-23,10:30,Newcastle vs Liverpool,,,Corners total -8.5,CORNERS_TOTALS UNDER.8.5,CORNERS_TOTALS:UNDER_8_5,38.4%,0.383700,,,,,,,Sin cuota/EV,No encontrado en Betano,Baja,contexto premium fallback reciente,usa promedios recientes multi-competicion/API-Football,el volumen ofensivo puede variar por planteamiento y marcador temprano,
2026-08-23,10:30,Newcastle vs Liverpool,10Bet,,Gana visita,1X2 AWAY,1X2:AWAY,37.1%,0.371500,3.00,0.11,0.114500,,,,EV positivo,No encontrado en Betano,Baja,fallback ultimos partidos,usa Poisson fallback con ultimos partidos multi-competicion,riesgo propio del resultado final y variacion del modelo,
2026-08-23,10:30,Newcastle vs Liverpool,,,Local tarjetas -0.5,CARDS_HOME UNDER.0.5,CARDS_HOME:UNDER_0_5,36.8%,0.367900,,,,,,,Sin cuota/EV,No encontrado en Betano,Baja,contexto premium fallback reciente,usa promedios recientes multi-competicion/API-Football,depende mucho del arbitro y del contexto competitivo,
2026-08-23,10:30,Newcastle vs Liverpool,,,SHOTS_TOTAL UNDER.26.5,SHOTS_TOTAL UNDER.26.5,SHOTS_TOTAL:UNDER_26_5,36.6%,0.366400,,,,,,,Sin cuota/EV,No encontrado en Betano,Baja,contexto premium fallback reciente,usa promedios recientes multi-competicion/API-Football,el volumen ofensivo puede variar por planteamiento y marcador temprano,
2026-08-23,10:30,Newcastle vs Liverpool,10Bet,,Corners total +10.5,CORNERS_TOTALS OVER.10.5,CORNERS_TOTALS:OVER_10_5,36.3%,0.362900,1.83,-0.34,-0.335900,,,,EV negativo,No encontrado en Betano,Baja,contexto premium fallback reciente,usa promedios recientes multi-competicion/API-Football,el volumen ofensivo puede variar por planteamiento y marcador temprano,
2026-08-23,10:30,Newcastle vs Liverpool,,,SHOTS_ON_TARGET_TOTAL UNDER.9.5,SHOTS_ON_TARGET_TOTAL UNDER.9.5,SHOTS_ON_TARGET_TOTAL:UNDER_9_5,34.8%,0.347800,,,,,,,Sin cuota/EV,No encontrado en Betano,Baja,contexto premium fallback reciente,usa promedios recientes multi-competicion/API-Football,el volumen ofensivo puede variar por planteamiento y marcador temprano,
2026-08-23,10:30,Newcastle vs Liverpool,,,Local corners -3.5,CORNERS_HOME UNDER.3.5,CORNERS_HOME:UNDER_3_5,33.1%,0.331200,,,,,,,Sin cuota/EV,No encontrado en Betano,Baja,contexto premium fallback reciente,usa promedios recientes multi-competicion/API-Football,el volumen ofensivo puede variar por planteamiento y marcador temprano,
2026-08-23,10:30,Newcastle vs Liverpool,10Bet,,Goles -2.5,TOTALS UNDER.2.5,TOTALS:UNDER_2_5,32.4%,0.324400,1.33,-0.57,-0.568600,,,,EV negativo,No encontrado en Betano,Baja,fallback ultimos partidos,usa Poisson fallback con ultimos partidos multi-competicion,un gol temprano o baja eficacia puede cambiar la lectura del mercado,
2026-08-23,10:30,Newcastle vs Liverpool,10Bet,,BTTS no,BTTS NO,BTTS:NO,32.0%,0.320400,1.33,-0.57,-0.573900,,,,EV negativo,No encontrado en Betano,Baja,fallback ultimos partidos,usa Poisson fallback con ultimos partidos multi-competicion,un gol temprano o baja eficacia puede cambiar la lectura del mercado,
2026-08-23,10:30,Newcastle vs Liverpool,10Bet,,Local corners +5.5,CORNERS_HOME OVER.5.5,CORNERS_HOME:OVER_5_5,30.9%,0.308500,2.00,-0.38,-0.383100,,,,EV negativo,No encontrado en Betano,Baja,contexto premium fallback reciente,usa promedios recientes multi-competicion/API-Football,el volumen ofensivo puede variar por planteamiento y marcador temprano,
2026-08-23,10:30,Newcastle vs Liverpool,,,Visita corners -3.5,CORNERS_AWAY UNDER.3.5,CORNERS_AWAY:UNDER_3_5,26.5%,0.265000,,,,,,,Sin cuota/EV,No encontrado en Betano,Baja,contexto premium fallback reciente,usa promedios recientes multi-competicion/API-Football,el volumen ofensivo puede variar por planteamiento y marcador temprano,
2026-08-23,10:30,Newcastle vs Liverpool,,,Local goles +2.5,TEAM_TOTAL_HOME OVER.2.5,TEAM_TOTAL_HOME:OVER_2_5,26.4%,0.264400,,,,,,,Sin cuota/EV,No encontrado en Betano,Baja,fallback ultimos partidos,usa Poisson fallback con ultimos partidos multi-competicion,un gol temprano o baja eficacia puede cambiar la lectura del mercado,
2026-08-23,10:30,Newcastle vs Liverpool,,,Local tarjetas +1.5,CARDS_HOME OVER.1.5,CARDS_HOME:OVER_1_5,26.4%,0.264200,,,,,,,Sin cuota/EV,No encontrado en Betano,Baja,contexto premium fallback reciente,usa promedios recientes multi-competicion/API-Football,depende mucho del arbitro y del contexto competitivo,
2026-08-23,10:30,Newcastle vs Liverpool,,,Tarjetas total +3.5,CARDS_TOTALS OVER.3.5,CARDS_TOTALS:OVER_3_5,26.4%,0.264000,,,,,,,Sin cuota/EV,No encontrado en Betano,Baja,contexto premium fallback reciente,usa promedios recientes multi-competicion/API-Football,depende mucho del arbitro y del contexto competitivo,
2026-08-23,10:30,Newcastle vs Liverpool,,,Corners total -7.5,CORNERS_TOTALS UNDER.7.5,CORNERS_TOTALS:UNDER_7_5,26.2%,0.261800,,,,,,,Sin cuota/EV,No encontrado en Betano,Baja,contexto premium fallback reciente,usa promedios recientes multi-competicion/API-Football,el volumen ofensivo puede variar por planteamiento y marcador temprano,
2026-08-23,10:30,Newcastle vs Liverpool,,,Corners total +11.5,CORNERS_TOTALS OVER.11.5,CORNERS_TOTALS:OVER_11_5,25.5%,0.255100,,,,,,,Sin cuota/EV,No encontrado en Betano,Baja,contexto premium fallback reciente,usa promedios recientes multi-competicion/API-Football,el volumen ofensivo puede variar por planteamiento y marcador temprano,
2026-08-23,10:30,Newcastle vs Liverpool,10Bet,,1T -0.5,FIRST_HALF_TOTALS UNDER.0.5,FIRST_HALF_TOTALS:UNDER_0_5,24.7%,0.246600,2.25,-0.45,-0.445200,,,,EV negativo,No encontrado en Betano,Baja,contexto premium fallback reciente,usa promedios recientes multi-competicion/API-Football,el primer tiempo puede tener ritmo bajo o rotaciones,
2026-08-23,10:30,Newcastle vs Liverpool,,,Visita goles +2.5,TEAM_TOTAL_AWAY OVER.2.5,TEAM_TOTAL_AWAY:OVER_2_5,24.3%,0.242700,,,,,,,Sin cuota/EV,No encontrado en Betano,Baja,fallback ultimos partidos,usa Poisson fallback con ultimos partidos multi-competicion,un gol temprano o baja eficacia puede cambiar la lectura del mercado,
2026-08-23,10:30,Newcastle vs Liverpool,,,SHOTS_ON_TARGET_TOTAL UNDER.8.5,SHOTS_ON_TARGET_TOTAL UNDER.8.5,SHOTS_ON_TARGET_TOTAL:UNDER_8_5,23.8%,0.237900,,,,,,,Sin cuota/EV,No encontrado en Betano,Baja,contexto premium fallback reciente,usa promedios recientes multi-competicion/API-Football,el volumen ofensivo puede variar por planteamiento y marcador temprano,
2026-08-23,10:30,Newcastle vs Liverpool,,,Visita corners +6.5,CORNERS_AWAY OVER.6.5,CORNERS_AWAY:OVER_6_5,23.8%,0.237800,,,,,,,Sin cuota/EV,No encontrado en Betano,Baja,contexto premium fallback reciente,usa promedios recientes multi-competicion/API-Football,el volumen ofensivo puede variar por planteamiento y marcador temprano,
2026-08-23,10:30,Newcastle vs Liverpool,,,SHOTS_TOTAL UNDER.24.5,SHOTS_TOTAL UNDER.24.5,SHOTS_TOTAL:UNDER_24_5,23.3%,0.232800,,,,,,,Sin cuota/EV,No encontrado en Betano,Baja,contexto premium fallback reciente,usa promedios recientes multi-competicion/API-Football,el volumen ofensivo puede variar por planteamiento y marcador temprano,
2026-08-23,10:30,Newcastle vs Liverpool,10Bet,,Empate,1X2 DRAW,1X2:DRAW,22.3%,0.223300,1.91,-0.57,-0.573500,,,,EV negativo,No encontrado en Betano,Baja,fallback ultimos partidos,usa Poisson fallback con ultimos partidos multi-competicion,riesgo propio del resultado final y variacion del modelo,
2026-08-23,10:30,Newcastle vs Liverpool,,,Visita tarjetas +2.5,CARDS_AWAY OVER.2.5,CARDS_AWAY:OVER_2_5,21.7%,0.216600,,,,,,,Sin cuota/EV,No encontrado en Betano,Baja,contexto premium fallback reciente,usa promedios recientes multi-competicion/API-Football,depende mucho del arbitro y del contexto competitivo,
2026-08-23,10:30,Newcastle vs Liverpool,,,Visita tarjetas -0.5,CARDS_AWAY UNDER.0.5,CARDS_AWAY:UNDER_0_5,20.2%,0.201900,,,,,,,Sin cuota/EV,No encontrado en Betano,Baja,contexto premium fallback reciente,usa promedios recientes multi-competicion/API-Football,depende mucho del arbitro y del contexto competitivo,
2026-08-23,10:30,Newcastle vs Liverpool,,,Visita goles -0.5,TEAM_TOTAL_AWAY UNDER.0.5,TEAM_TOTAL_AWAY:UNDER_0_5,18.3%,0.182800,,,,,,,Sin cuota/EV,No encontrado en Betano,Baja,fallback ultimos partidos,usa Poisson fallback con ultimos partidos multi-competicion,un gol temprano o baja eficacia puede cambiar la lectura del mercado,
2026-08-23,10:30,Newcastle vs Liverpool,,,Local corners +6.5,CORNERS_HOME OVER.6.5,CORNERS_HOME:OVER_6_5,17.8%,0.177600,,,,,,,Sin cuota/EV,No encontrado en Betano,Baja,contexto premium fallback reciente,usa promedios recientes multi-competicion/API-Football,el volumen ofensivo puede variar por planteamiento y marcador temprano,
2026-08-23,10:30,Newcastle vs Liverpool,,,Local goles -0.5,TEAM_TOTAL_HOME UNDER.0.5,TEAM_TOTAL_HOME:UNDER_0_5,16.9%,0.168500,,,,,,,Sin cuota/EV,No encontrado en Betano,Baja,fallback ultimos partidos,usa Poisson fallback con ultimos partidos multi-competicion,un gol temprano o baja eficacia puede cambiar la lectura del mercado,
2026-08-23,10:30,Newcastle vs Liverpool,,,SHOTS_ON_TARGET_TOTAL UNDER.7.5,SHOTS_ON_TARGET_TOTAL UNDER.7.5,SHOTS_ON_TARGET_TOTAL:UNDER_7_5,14.8%,0.147500,,,,,,,Sin cuota/EV,No encontrado en Betano,Baja,contexto premium fallback reciente,usa promedios recientes multi-competicion/API-Football,el volumen ofensivo puede variar por planteamiento y marcador temprano,
2026-08-23,10:30,Newcastle vs Liverpool,10Bet,,Goles -1.5,TOTALS UNDER.1.5,TOTALS:UNDER_1_5,13.8%,0.138000,2.05,-0.72,-0.717100,,,,EV negativo,No encontrado en Betano,Baja,fallback ultimos partidos,usa Poisson fallback con ultimos partidos multi-competicion,un gol temprano o baja eficacia puede cambiar la lectura del mercado,
2026-08-23,10:30,Newcastle vs Liverpool,,,SHOTS_TOTAL UNDER.22.5,SHOTS_TOTAL UNDER.22.5,SHOTS_TOTAL:UNDER_22_5,13.0%,0.129500,,,,,,,Sin cuota/EV,No encontrado en Betano,Baja,contexto premium fallback reciente,usa promedios recientes multi-competicion/API-Football,el volumen ofensivo puede variar por planteamiento y marcador temprano,
2026-08-23,10:30,Newcastle vs Liverpool,,,Tarjetas total +4.5,CARDS_TOTALS OVER.4.5,CARDS_TOTALS:OVER_4_5,12.3%,0.122600,,,,,,,Sin cuota/EV,No encontrado en Betano,Baja,contexto premium fallback reciente,usa promedios recientes multi-competicion/API-Football,depende mucho del arbitro y del contexto competitivo,
2026-08-23,10:30,Newcastle vs Liverpool,,,SHOTS_ON_TARGET_TOTAL UNDER.6.5,SHOTS_ON_TARGET_TOTAL UNDER.6.5,SHOTS_ON_TARGET_TOTAL:UNDER_6_5,8.1%,0.081400,,,,,,,Sin cuota/EV,No encontrado en Betano,Baja,contexto premium fallback reciente,usa promedios recientes multi-competicion/API-Football,el volumen ofensivo puede variar por planteamiento y marcador temprano,
2026-08-23,10:30,Newcastle vs Liverpool,,,Local tarjetas +2.5,CARDS_HOME OVER.2.5,CARDS_HOME:OVER_2_5,8.0%,0.080300,,,,,,,Sin cuota/EV,No encontrado en Betano,Baja,contexto premium fallback reciente,usa promedios recientes multi-competicion/API-Football,depende mucho del arbitro y del contexto competitivo,
2026-08-23,10:30,Newcastle vs Liverpool,,,Visita tarjetas +3.5,CARDS_AWAY OVER.3.5,CARDS_AWAY:OVER_3_5,7.9%,0.078800,,,,,,,Sin cuota/EV,No encontrado en Betano,Baja,contexto premium fallback reciente,usa promedios recientes multi-competicion/API-Football,depende mucho del arbitro y del contexto competitivo,
2026-08-23,10:30,Newcastle vs Liverpool,,,SHOTS_TOTAL UNDER.20.5,SHOTS_TOTAL UNDER.20.5,SHOTS_TOTAL:UNDER_20_5,6.2%,0.061800,,,,,,,Sin cuota/EV,No encontrado en Betano,Baja,contexto premium fallback reciente,usa promedios recientes multi-competicion/API-Football,el volumen ofensivo puede variar por planteamiento y marcador temprano,
2026-08-23,10:30,Newcastle vs Liverpool,,,Tarjetas total +5.5,CARDS_TOTALS OVER.5.5,CARDS_TOTALS:OVER_5_5,4.9%,0.049000,,,,,,,Sin cuota/EV,No encontrado en Betano,Baja,contexto premium fallback reciente,usa promedios recientes multi-competicion/API-Football,depende mucho del arbitro y del contexto competitivo,
2026-08-23,10:30,Newcastle vs Liverpool,,,SHOTS_TOTAL UNDER.18.5,SHOTS_TOTAL UNDER.18.5,SHOTS_TOTAL:UNDER_18_5,2.5%,0.024800,,,,,,,Sin cuota/EV,No encontrado en Betano,Baja,contexto premium fallback reciente,usa promedios recientes multi-competicion/API-Football,el volumen ofensivo puede variar por planteamiento y marcador temprano,
2026-08-23,10:30,Newcastle vs Liverpool,,,Local tarjetas +3.5,CARDS_HOME OVER.3.5,CARDS_HOME:OVER_3_5,1.9%,0.019000,,,,,,,Sin cuota/EV,No encontrado en Betano,Baja,contexto premium fallback reciente,usa promedios recientes multi-competicion/API-Football,depende mucho del arbitro y del contexto competitivo,
2026-08-23,10:30,Newcastle vs Liverpool,,,Tarjetas total +6.5,CARDS_TOTALS OVER.6.5,CARDS_TOTALS:OVER_6_5,1.7%,0.017200,,,,,,,Sin cuota/EV,No encontrado en Betano,Baja,contexto premium fallback reciente,usa promedios recientes multi-competicion/API-Football,depende mucho del arbitro y del contexto competitivo,
2026-08-23,11:30,Frosinone vs Juventus,,,SHOTS_TOTAL OVER.18.5,SHOTS_TOTAL OVER.18.5,SHOTS_TOTAL:OVER_18_5,99.7%,0.996900,,,,,,,Sin cuota/EV,No encontrado en Betano,Alta,contexto premium fallback reciente,usa promedios recientes multi-competicion/API-Football,el volumen ofensivo puede variar por planteamiento y marcador temprano,
2026-08-23,11:30,Frosinone vs Juventus,,,SHOTS_TOTAL OVER.20.5,SHOTS_TOTAL OVER.20.5,SHOTS_TOTAL:OVER_20_5,99.0%,0.990000,,,,,,,Sin cuota/EV,No encontrado en Betano,Alta,contexto premium fallback reciente,usa promedios recientes multi-competicion/API-Football,el volumen ofensivo puede variar por planteamiento y marcador temprano,
2026-08-23,11:30,Frosinone vs Juventus,,,SHOTS_TOTAL OVER.22.5,SHOTS_TOTAL OVER.22.5,SHOTS_TOTAL:OVER_22_5,97.3%,0.972900,,,,,,,Sin cuota/EV,No encontrado en Betano,Alta,contexto premium fallback reciente,usa promedios recientes multi-competicion/API-Football,el volumen ofensivo puede variar por planteamiento y marcador temprano,
2026-08-23,11:30,Frosinone vs Juventus,,,Visita tarjetas -3.5,CARDS_AWAY UNDER.3.5,CARDS_AWAY:UNDER_3_5,96.2%,0.961700,,,,,,,Sin cuota/EV,No encontrado en Betano,Alta,contexto premium fallback reciente,usa promedios recientes multi-competicion/API-Football,depende mucho del arbitro y del contexto competitivo,
2026-08-23,11:30,Frosinone vs Juventus,,,Tarjetas total -6.5,CARDS_TOTALS UNDER.6.5,CARDS_TOTALS:UNDER_6_5,95.2%,0.952300,,,,,,,Sin cuota/EV,No encontrado en Betano,Alta,contexto premium fallback reciente,usa promedios recientes multi-competicion/API-Football,depende mucho del arbitro y del contexto competitivo,
2026-08-23,11:30,Frosinone vs Juventus,,,SHOTS_TOTAL OVER.24.5,SHOTS_TOTAL OVER.24.5,SHOTS_TOTAL:OVER_24_5,93.8%,0.937900,,,,,,,Sin cuota/EV,No encontrado en Betano,Alta,contexto premium fallback reciente,usa promedios recientes multi-competicion/API-Football,el volumen ofensivo puede variar por planteamiento y marcador temprano,
2026-08-23,11:30,Frosinone vs Juventus,,,Visita goles -2.5,TEAM_TOTAL_AWAY UNDER.2.5,TEAM_TOTAL_AWAY:UNDER_2_5,93.7%,0.937100,,,,,,,Sin cuota/EV,No encontrado en Betano,Alta,fallback ultimos partidos,usa Poisson fallback con ultimos partidos multi-competicion,un gol temprano o baja eficacia puede cambiar la lectura del mercado,
2026-08-23,11:30,Frosinone vs Juventus,,,SHOTS_ON_TARGET_TOTAL OVER.6.5,SHOTS_ON_TARGET_TOTAL OVER.6.5,SHOTS_ON_TARGET_TOTAL:OVER_6_5,91.4%,0.913900,,,,,,,Sin cuota/EV,No encontrado en Betano,Alta,contexto premium fallback reciente,usa promedios recientes multi-competicion/API-Football,el volumen ofensivo puede variar por planteamiento y marcador temprano,
2026-08-23,11:30,Frosinone vs Juventus,,,Tarjetas total -5.5,CARDS_TOTALS UNDER.5.5,CARDS_TOTALS:UNDER_5_5,88.9%,0.888800,,,,,,,Sin cuota/EV,No encontrado en Betano,Alta,contexto premium fallback reciente,usa promedios recientes multi-competicion/API-Football,depende mucho del arbitro y del contexto competitivo,
2026-08-23,11:30,Frosinone vs Juventus,,,SHOTS_TOTAL OVER.26.5,SHOTS_TOTAL OVER.26.5,SHOTS_TOTAL:OVER_26_5,87.7%,0.876700,,,,,,,Sin cuota/EV,No encontrado en Betano,Alta,contexto premium fallback reciente,usa promedios recientes multi-competicion/API-Football,el volumen ofensivo puede variar por planteamiento y marcador temprano,
2026-08-23,11:30,Frosinone vs Juventus,,,Visita corners +3.5,CORNERS_AWAY OVER.3.5,CORNERS_AWAY:OVER_3_5,87.5%,0.875500,,,,,,,Sin cuota/EV,No encontrado en Betano,Alta,contexto premium fallback reciente,usa promedios recientes multi-competicion/API-Football,el volumen ofensivo puede variar por planteamiento y marcador temprano,
2026-08-23,11:30,Frosinone vs Juventus,,,Visita tarjetas -2.5,CARDS_AWAY UNDER.2.5,CARDS_AWAY:UNDER_2_5,86.9%,0.868500,,,,,,,Sin cuota/EV,No encontrado en Betano,Alta,contexto premium fallback reciente,usa promedios recientes multi-competicion/API-Football,depende mucho del arbitro y del contexto competitivo,
2026-08-23,11:30,Frosinone vs Juventus,,,Local tarjetas +0.5,CARDS_HOME OVER.0.5,CARDS_HOME:OVER_0_5,86.5%,0.864700,,,,,,,Sin cuota/EV,No encontrado en Betano,Alta,contexto premium fallback reciente,usa promedios recientes multi-competicion/API-Football,depende mucho del arbitro y del contexto competitivo,
2026-08-23,11:30,Frosinone vs Juventus,,,Local tarjetas -3.5,CARDS_HOME UNDER.3.5,CARDS_HOME:UNDER_3_5,85.7%,0.857100,,,,,,,Sin cuota/EV,No encontrado en Betano,Alta,contexto premium fallback reciente,usa promedios recientes multi-competicion/API-Football,depende mucho del arbitro y del contexto competitivo,
2026-08-23,11:30,Frosinone vs Juventus,,,Corners total +7.5,CORNERS_TOTALS OVER.7.5,CORNERS_TOTALS:OVER_7_5,85.5%,0.855200,,,,,,,Sin cuota/EV,No encontrado en Betano,Alta,contexto premium fallback reciente,usa promedios recientes multi-competicion/API-Football,el volumen ofensivo puede variar por planteamiento y marcador temprano,
2026-08-23,11:30,Frosinone vs Juventus,,,SHOTS_ON_TARGET_TOTAL OVER.7.5,SHOTS_ON_TARGET_TOTAL OVER.7.5,SHOTS_ON_TARGET_TOTAL:OVER_7_5,84.5%,0.845100,,,,,,,Sin cuota/EV,No encontrado en Betano,Alta,contexto premium fallback reciente,usa promedios recientes multi-competicion/API-Football,el volumen ofensivo puede variar por planteamiento y marcador temprano,
2026-08-23,11:30,Frosinone vs Juventus,,,Local corners -6.5,CORNERS_HOME UNDER.6.5,CORNERS_HOME:UNDER_6_5,81.1%,0.811400,,,,,,,Sin cuota/EV,No encontrado en Betano,Alta,contexto premium fallback reciente,usa promedios recientes multi-competicion/API-Football,el volumen ofensivo puede variar por planteamiento y marcador temprano,
2026-08-23,11:30,Frosinone vs Juventus,,,Local goles -2.5,TEAM_TOTAL_HOME UNDER.2.5,TEAM_TOTAL_HOME:UNDER_2_5,80.6%,0.805900,,,,,,,Sin cuota/EV,No encontrado en Betano,Alta,fallback ultimos partidos,usa Poisson fallback con ultimos partidos multi-competicion,un gol temprano o baja eficacia puede cambiar la lectura del mercado,
2026-08-23,11:30,Frosinone vs Juventus,,,Local goles +0.5,TEAM_TOTAL_HOME OVER.0.5,TEAM_TOTAL_HOME:OVER_0_5,78.0%,0.779500,,,,,,,Sin cuota/EV,No encontrado en Betano,Alta,fallback ultimos partidos,usa Poisson fallback con ultimos partidos multi-competicion,un gol temprano o baja eficacia puede cambiar la lectura del mercado,
2026-08-23,11:30,Frosinone vs Juventus,10Bet,,Goles -3.5,TOTALS UNDER.3.5,TOTALS:UNDER_3_5,77.6%,0.776200,1.38,0.07,0.071200,,,,EV positivo,No encontrado en Betano,Alta,fallback ultimos partidos,usa Poisson fallback con ultimos partidos multi-competicion,un gol temprano o baja eficacia puede cambiar la lectura del mercado,
2026-08-23,11:30,Frosinone vs Juventus,,,DOUBLE_CHANCE 1X,DOUBLE_CHANCE 1X,DOUBLE_CHANCE:1X,77.6%,0.775700,,,,,,,Sin cuota/EV,No encontrado en Betano,Alta,fallback ultimos partidos,usa Poisson fallback con ultimos partidos multi-competicion,riesgo propio del resultado final y variacion del modelo,
2026-08-23,11:30,Frosinone vs Juventus,,,Visita goles -1.5,TEAM_TOTAL_AWAY UNDER.1.5,TEAM_TOTAL_AWAY:UNDER_1_5,77.2%,0.772500,,,,,,,Sin cuota/EV,No encontrado en Betano,Alta,fallback ultimos partidos,usa Poisson fallback con ultimos partidos multi-competicion,un gol temprano o baja eficacia puede cambiar la lectura del mercado,
2026-08-23,11:30,Frosinone vs Juventus,,,Tarjetas total -4.5,CARDS_TOTALS UNDER.4.5,CARDS_TOTALS:UNDER_4_5,77.2%,0.771700,,,,,,,Sin cuota/EV,No encontrado en Betano,Alta,contexto premium fallback reciente,usa promedios recientes multi-competicion/API-Football,depende mucho del arbitro y del contexto competitivo,
2026-08-23,11:30,Frosinone vs Juventus,,,Corners total +8.5,CORNERS_TOTALS OVER.8.5,CORNERS_TOTALS:OVER_8_5,76.6%,0.765800,,,,,,,Sin cuota/EV,No encontrado en Betano,Alta,contexto premium fallback reciente,usa promedios recientes multi-competicion/API-Football,el volumen ofensivo puede variar por planteamiento y marcador temprano,
2026-08-23,11:30,Frosinone vs Juventus,,,Visita corners +4.5,CORNERS_AWAY OVER.4.5,CORNERS_AWAY:OVER_4_5,75.6%,0.756100,,,,,,,Sin cuota/EV,No encontrado en Betano,Alta,contexto premium fallback reciente,usa promedios recientes multi-competicion/API-Football,el volumen ofensivo puede variar por planteamiento y marcador temprano,
2026-08-23,11:30,Frosinone vs Juventus,10Bet,,1T -1.5,FIRST_HALF_TOTALS UNDER.1.5,FIRST_HALF_TOTALS:UNDER_1_5,75.4%,0.754100,1.25,-0.06,-0.057300,,,,EV negativo,No encontrado en Betano,Alta,contexto premium fallback reciente,usa promedios recientes multi-competicion/API-Football,el primer tiempo puede tener ritmo bajo o rotaciones,
2026-08-23,11:30,Frosinone vs Juventus,,,SHOTS_ON_TARGET_TOTAL OVER.8.5,SHOTS_ON_TARGET_TOTAL OVER.8.5,SHOTS_ON_TARGET_TOTAL:OVER_8_5,75.2%,0.752100,,,,,,,Sin cuota/EV,No encontrado en Betano,Alta,contexto premium fallback reciente,usa promedios recientes multi-competicion/API-Football,el volumen ofensivo puede variar por planteamiento y marcador temprano,
2026-08-23,11:30,Frosinone vs Juventus,,,DOUBLE_CHANCE 12,DOUBLE_CHANCE 12,DOUBLE_CHANCE:12,74.0%,0.740000,,,,,,,Sin cuota/EV,No encontrado en Betano,Alta,fallback ultimos partidos,usa Poisson fallback con ultimos partidos multi-competicion,riesgo propio del resultado final y variacion del modelo,
2026-08-23,11:30,Frosinone vs Juventus,,,Visita tarjetas +0.5,CARDS_AWAY OVER.0.5,CARDS_AWAY:OVER_0_5,71.4%,0.713500,,,,,,,Sin cuota/EV,No encontrado en Betano,Alta,contexto premium fallback reciente,usa promedios recientes multi-competicion/API-Football,depende mucho del arbitro y del contexto competitivo,
2026-08-23,11:30,Frosinone vs Juventus,10Bet,,DNB local,DRAW_NO_BET HOME,DRAW_NO_BET:HOME,69.7%,0.696800,4.33,2.02,2.017300,,,,EV positivo,No encontrado en Betano,Media,fallback ultimos partidos,usa Poisson fallback con ultimos partidos multi-competicion,riesgo propio del resultado final y variacion del modelo,
2026-08-23,11:30,Frosinone vs Juventus,10Bet,,Goles +1.5,TOTALS OVER.1.5,TOTALS:OVER_1_5,69.4%,0.694100,2.00,0.39,0.388300,,,,EV positivo,No encontrado en Betano,Media,fallback ultimos partidos,usa Poisson fallback con ultimos partidos multi-competicion,un gol temprano o baja eficacia puede cambiar la lectura del mercado,
2026-08-23,11:30,Frosinone vs Juventus,10Bet,,Local corners +3.5,CORNERS_HOME OVER.3.5,CORNERS_HOME:OVER_3_5,68.2%,0.682400,1.73,0.18,0.180500,,,,EV positivo,No encontrado en Betano,Media,contexto premium fallback reciente,usa promedios recientes multi-competicion/API-Football,el volumen ofensivo puede variar por planteamiento y marcador temprano,
2026-08-23,11:30,Frosinone vs Juventus,,,Local corners -5.5,CORNERS_HOME UNDER.5.5,CORNERS_HOME:UNDER_5_5,67.7%,0.677100,,,,,,,Sin cuota/EV,No encontrado en Betano,Media,contexto premium fallback reciente,usa promedios recientes multi-competicion/API-Football,el volumen ofensivo puede variar por planteamiento y marcador temprano,
2026-08-23,11:30,Frosinone vs Juventus,,,Local tarjetas -2.5,CARDS_HOME UNDER.2.5,CARDS_HOME:UNDER_2_5,67.7%,0.676700,,,,,,,Sin cuota/EV,No encontrado en Betano,Media,contexto premium fallback reciente,usa promedios recientes multi-competicion/API-Football,depende mucho del arbitro y del contexto competitivo,
2026-08-23,11:30,Frosinone vs Juventus,10Bet,,Corners total +9.5,CORNERS_TOTALS OVER.9.5,CORNERS_TOTALS:OVER_9_5,65.7%,0.656800,1.80,0.18,0.182200,,,,EV positivo,No encontrado en Betano,Media,contexto premium fallback reciente,usa promedios recientes multi-competicion/API-Football,el volumen ofensivo puede variar por planteamiento y marcador temprano,
2026-08-23,11:30,Frosinone vs Juventus,,,Visita tarjetas -1.5,CARDS_AWAY UNDER.1.5,CARDS_AWAY:UNDER_1_5,64.5%,0.644600,,,,,,,Sin cuota/EV,No encontrado en Betano,Media,contexto premium fallback reciente,usa promedios recientes multi-competicion/API-Football,depende mucho del arbitro y del contexto competitivo,
2026-08-23,11:30,Frosinone vs Juventus,,,SHOTS_ON_TARGET_TOTAL OVER.9.5,SHOTS_ON_TARGET_TOTAL OVER.9.5,SHOTS_ON_TARGET_TOTAL:OVER_9_5,64.0%,0.640200,,,,,,,Sin cuota/EV,No encontrado en Betano,Media,contexto premium fallback reciente,usa promedios recientes multi-competicion/API-Football,el volumen ofensivo puede variar por planteamiento y marcador temprano,
2026-08-23,11:30,Frosinone vs Juventus,,,Tarjetas total +2.5,CARDS_TOTALS OVER.2.5,CARDS_TOTALS:OVER_2_5,63.0%,0.630400,,,,,,,Sin cuota/EV,No encontrado en Betano,Media,contexto premium fallback reciente,usa promedios recientes multi-competicion/API-Football,depende mucho del arbitro y del contexto competitivo,
2026-08-23,11:30,Frosinone vs Juventus,10Bet,,1T +0.5,FIRST_HALF_TOTALS OVER.0.5,FIRST_HALF_TOTALS:OVER_0_5,61.3%,0.613300,1.55,-0.05,-0.049400,,,,EV negativo,No encontrado en Betano,Media,contexto premium fallback reciente,usa promedios recientes multi-competicion/API-Football,el primer tiempo puede tener ritmo bajo o rotaciones,
2026-08-23,11:30,Frosinone vs Juventus,10Bet,,Visita corners +5.5,CORNERS_AWAY OVER.5.5,CORNERS_AWAY:OVER_5_5,60.5%,0.605000,1.73,0.05,0.046700,,,,EV positivo,No encontrado en Betano,Media,contexto premium fallback reciente,usa promedios recientes multi-competicion/API-Football,el volumen ofensivo puede variar por planteamiento y marcador temprano,
2026-08-23,11:30,Frosinone vs Juventus,,,Local tarjetas +1.5,CARDS_HOME OVER.1.5,CARDS_HOME:OVER_1_5,59.4%,0.594000,,,,,,,Sin cuota/EV,No encontrado en Betano,Media,contexto premium fallback reciente,usa promedios recientes multi-competicion/API-Football,depende mucho del arbitro y del contexto competitivo,
2026-08-23,11:30,Frosinone vs Juventus,,,Visita goles +0.5,TEAM_TOTAL_AWAY OVER.0.5,TEAM_TOTAL_AWAY:OVER_0_5,59.3%,0.593400,,,,,,,Sin cuota/EV,No encontrado en Betano,Media,fallback ultimos partidos,usa Poisson fallback con ultimos partidos multi-competicion,un gol temprano o baja eficacia puede cambiar la lectura del mercado,
2026-08-23,11:30,Frosinone vs Juventus,,,Tarjetas total -3.5,CARDS_TOTALS UNDER.3.5,CARDS_TOTALS:UNDER_3_5,59.1%,0.591400,,,,,,,Sin cuota/EV,No encontrado en Betano,Media,contexto premium fallback reciente,usa promedios recientes multi-competicion/API-Football,depende mucho del arbitro y del contexto competitivo,
2026-08-23,11:30,Frosinone vs Juventus,,,Corners total -11.5,CORNERS_TOTALS UNDER.11.5,CORNERS_TOTALS:UNDER_11_5,58.2%,0.582300,,,,,,,Sin cuota/EV,No encontrado en Betano,Media,contexto premium fallback reciente,usa promedios recientes multi-competicion/API-Football,el volumen ofensivo puede variar por planteamiento y marcador temprano,
2026-08-23,11:30,Frosinone vs Juventus,10Bet,,Goles -2.5,TOTALS UNDER.2.5,TOTALS:UNDER_2_5,56.7%,0.566600,1.18,-0.33,-0.331400,,,,EV negativo,No encontrado en Betano,Media,fallback ultimos partidos,usa Poisson fallback con ultimos partidos multi-competicion,un gol temprano o baja eficacia puede cambiar la lectura del mercado,
2026-08-23,11:30,Frosinone vs Juventus,,,Visita corners -6.5,CORNERS_AWAY UNDER.6.5,CORNERS_AWAY:UNDER_6_5,55.4%,0.554200,,,,,,,Sin cuota/EV,No encontrado en Betano,Media,contexto premium fallback reciente,usa promedios recientes multi-competicion/API-Football,el volumen ofensivo puede variar por planteamiento y marcador temprano,
2026-08-23,11:30,Frosinone vs Juventus,,,Local goles -1.5,TEAM_TOTAL_HOME UNDER.1.5,TEAM_TOTAL_HOME:UNDER_1_5,55.4%,0.553800,,,,,,,Sin cuota/EV,No encontrado en Betano,Media,fallback ultimos partidos,usa Poisson fallback con ultimos partidos multi-competicion,un gol temprano o baja eficacia puede cambiar la lectura del mercado,
2026-08-23,11:30,Frosinone vs Juventus,10Bet,,BTTS no,BTTS NO,BTTS:NO,53.7%,0.537400,1.18,-0.37,-0.365800,,,,EV negativo,No encontrado en Betano,Baja,fallback ultimos partidos,usa Poisson fallback con ultimos partidos multi-competicion,un gol temprano o baja eficacia puede cambiar la lectura del mercado,
2026-08-23,11:30,Frosinone vs Juventus,,,Corners total +10.5,CORNERS_TOTALS OVER.10.5,CORNERS_TOTALS:OVER_10_5,53.7%,0.537100,,,,,,,Sin cuota/EV,No encontrado en Betano,Baja,contexto premium fallback reciente,usa promedios recientes multi-competicion/API-Football,el volumen ofensivo puede variar por planteamiento y marcador temprano,
2026-08-23,11:30,Frosinone vs Juventus,10Bet,,Gana local,1X2 HOME,1X2:HOME,51.6%,0.515700,7.50,2.87,2.867700,,,,EV positivo,No encontrado en Betano,Baja,fallback ultimos partidos,usa Poisson fallback con ultimos partidos multi-competicion,riesgo propio del resultado final y variacion del modelo,
2026-08-23,11:30,Frosinone vs Juventus,,,Local corners -4.5,CORNERS_HOME UNDER.4.5,CORNERS_HOME:UNDER_4_5,50.4%,0.503900,,,,,,,Sin cuota/EV,No encontrado en Betano,Baja,contexto premium fallback reciente,usa promedios recientes multi-competicion/API-Football,el volumen ofensivo puede variar por planteamiento y marcador temprano,
2026-08-23,11:30,Frosinone vs Juventus,,,Local corners +4.5,CORNERS_HOME OVER.4.5,CORNERS_HOME:OVER_4_5,49.6%,0.496100,,,,,,,Sin cuota/EV,No encontrado en Betano,Baja,contexto premium fallback reciente,usa promedios recientes multi-competicion/API-Football,el volumen ofensivo puede variar por planteamiento y marcador temprano,
2026-08-23,11:30,Frosinone vs Juventus,,,DOUBLE_CHANCE X2,DOUBLE_CHANCE X2,DOUBLE_CHANCE:X2,48.4%,0.484300,,,,,,,Sin cuota/EV,No encontrado en Betano,Baja,fallback ultimos partidos,usa Poisson fallback con ultimos partidos multi-competicion,riesgo propio del resultado final y variacion del modelo,
2026-08-23,11:30,Frosinone vs Juventus,,,Corners total -10.5,CORNERS_TOTALS UNDER.10.5,CORNERS_TOTALS:UNDER_10_5,46.3%,0.462900,,,,,,,Sin cuota/EV,No encontrado en Betano,Baja,contexto premium fallback reciente,usa promedios recientes multi-competicion/API-Football,el volumen ofensivo puede variar por planteamiento y marcador temprano,
2026-08-23,11:30,Frosinone vs Juventus,10Bet,,BTTS sí,BTTS YES,BTTS:YES,46.3%,0.462600,4.33,1.00,1.003000,,,,EV positivo,No encontrado en Betano,Baja,fallback ultimos partidos,usa Poisson fallback con ultimos partidos multi-competicion,un gol temprano o baja eficacia puede cambiar la lectura del mercado,
2026-08-23,11:30,Frosinone vs Juventus,,,Local goles +1.5,TEAM_TOTAL_HOME OVER.1.5,TEAM_TOTAL_HOME:OVER_1_5,44.6%,0.446200,,,,,,,Sin cuota/EV,No encontrado en Betano,Baja,fallback ultimos partidos,usa Poisson fallback con ultimos partidos multi-competicion,un gol temprano o baja eficacia puede cambiar la lectura del mercado,
2026-08-23,11:30,Frosinone vs Juventus,,,Visita corners +6.5,CORNERS_AWAY OVER.6.5,CORNERS_AWAY:OVER_6_5,44.6%,0.445800,,,,,,,Sin cuota/EV,No encontrado en Betano,Baja,contexto premium fallback reciente,usa promedios recientes multi-competicion/API-Football,el volumen ofensivo puede variar por planteamiento y marcador temprano,
2026-08-23,11:30,Frosinone vs Juventus,10Bet,,Goles +2.5,TOTALS OVER.2.5,TOTALS:OVER_2_5,43.3%,0.433400,4.20,0.82,0.820300,,,,EV positivo,No encontrado en Betano,Baja,fallback ultimos partidos,usa Poisson fallback con ultimos partidos multi-competicion,un gol temprano o baja eficacia puede cambiar la lectura del mercado,
2026-08-23,11:30,Frosinone vs Juventus,,,Corners total +11.5,CORNERS_TOTALS OVER.11.5,CORNERS_TOTALS:OVER_11_5,41.8%,0.417700,,,,,,,Sin cuota/EV,No encontrado en Betano,Baja,contexto premium fallback reciente,usa promedios recientes multi-competicion/API-Football,el volumen ofensivo puede variar por planteamiento y marcador temprano,
2026-08-23,11:30,Frosinone vs Juventus,,,Tarjetas total +3.5,CARDS_TOTALS OVER.3.5,CARDS_TOTALS:OVER_3_5,40.9%,0.408600,,,,,,,Sin cuota/EV,No encontrado en Betano,Baja,contexto premium fallback reciente,usa promedios recientes multi-competicion/API-Football,depende mucho del arbitro y del contexto competitivo,
2026-08-23,11:30,Frosinone vs Juventus,,,Visita goles -0.5,TEAM_TOTAL_AWAY UNDER.0.5,TEAM_TOTAL_AWAY:UNDER_0_5,40.7%,0.406600,,,,,,,Sin cuota/EV,No encontrado en Betano,Baja,fallback ultimos partidos,usa Poisson fallback con ultimos partidos multi-competicion,un gol temprano o baja eficacia puede cambiar la lectura del mercado,
2026-08-23,11:30,Frosinone vs Juventus,,,Local tarjetas -1.5,CARDS_HOME UNDER.1.5,CARDS_HOME:UNDER_1_5,40.6%,0.406000,,,,,,,Sin cuota/EV,No encontrado en Betano,Baja,contexto premium fallback reciente,usa promedios recientes multi-competicion/API-Football,depende mucho del arbitro y del contexto competitivo,
2026-08-23,11:30,Frosinone vs Juventus,10Bet,,Visita corners -5.5,CORNERS_AWAY UNDER.5.5,CORNERS_AWAY:UNDER_5_5,39.5%,0.395000,1.85,-0.27,-0.269300,,,,EV negativo,No encontrado en Betano,Baja,contexto premium fallback reciente,usa promedios recientes multi-competicion/API-Football,el volumen ofensivo puede variar por planteamiento y marcador temprano,
2026-08-23,11:30,Frosinone vs Juventus,10Bet,,1T -0.5,FIRST_HALF_TOTALS UNDER.0.5,FIRST_HALF_TOTALS:UNDER_0_5,38.7%,0.386700,2.35,-0.09,-0.091200,,,,EV negativo,No encontrado en Betano,Baja,contexto premium fallback reciente,usa promedios recientes multi-competicion/API-Football,el primer tiempo puede tener ritmo bajo o rotaciones,
2026-08-23,11:30,Frosinone vs Juventus,,,Tarjetas total -2.5,CARDS_TOTALS UNDER.2.5,CARDS_TOTALS:UNDER_2_5,37.0%,0.369600,,,,,,,Sin cuota/EV,No encontrado en Betano,Baja,contexto premium fallback reciente,usa promedios recientes multi-competicion/API-Football,depende mucho del arbitro y del contexto competitivo,
2026-08-23,11:30,Frosinone vs Juventus,,,SHOTS_ON_TARGET_TOTAL UNDER.9.5,SHOTS_ON_TARGET_TOTAL UNDER.9.5,SHOTS_ON_TARGET_TOTAL:UNDER_9_5,36.0%,0.359800,,,,,,,Sin cuota/EV,No encontrado en Betano,Baja,contexto premium fallback reciente,usa promedios recientes multi-competicion/API-Football,el volumen ofensivo puede variar por planteamiento y marcador temprano,
2026-08-23,11:30,Frosinone vs Juventus,,,Visita tarjetas +1.5,CARDS_AWAY OVER.1.5,CARDS_AWAY:OVER_1_5,35.5%,0.355400,,,,,,,Sin cuota/EV,No encontrado en Betano,Baja,contexto premium fallback reciente,usa promedios recientes multi-competicion/API-Football,depende mucho del arbitro y del contexto competitivo,
2026-08-23,11:30,Frosinone vs Juventus,10Bet,,Corners total -9.5,CORNERS_TOTALS UNDER.9.5,CORNERS_TOTALS:UNDER_9_5,34.3%,0.343200,1.80,-0.38,-0.382200,,,,EV negativo,No encontrado en Betano,Baja,contexto premium fallback reciente,usa promedios recientes multi-competicion/API-Football,el volumen ofensivo puede variar por planteamiento y marcador temprano,
2026-08-23,11:30,Frosinone vs Juventus,,,Local tarjetas +2.5,CARDS_HOME OVER.2.5,CARDS_HOME:OVER_2_5,32.3%,0.323300,,,,,,,Sin cuota/EV,No encontrado en Betano,Baja,contexto premium fallback reciente,usa promedios recientes multi-competicion/API-Football,depende mucho del arbitro y del contexto competitivo,
2026-08-23,11:30,Frosinone vs Juventus,,,Local corners +5.5,CORNERS_HOME OVER.5.5,CORNERS_HOME:OVER_5_5,32.3%,0.322900,,,,,,,Sin cuota/EV,No encontrado en Betano,Baja,contexto premium fallback reciente,usa promedios recientes multi-competicion/API-Football,el volumen ofensivo puede variar por planteamiento y marcador temprano,
2026-08-23,11:30,Frosinone vs Juventus,10Bet,,Local corners -3.5,CORNERS_HOME UNDER.3.5,CORNERS_HOME:UNDER_3_5,31.8%,0.317600,1.85,-0.41,-0.412400,,,,EV negativo,No encontrado en Betano,Baja,contexto premium fallback reciente,usa promedios recientes multi-competicion/API-Football,el volumen ofensivo puede variar por planteamiento y marcador temprano,
2026-08-23,11:30,Frosinone vs Juventus,10Bet,,Goles -1.5,TOTALS UNDER.1.5,TOTALS:UNDER_1_5,30.6%,0.305900,1.73,-0.47,-0.470800,,,,EV negativo,No encontrado en Betano,Baja,fallback ultimos partidos,usa Poisson fallback con ultimos partidos multi-competicion,un gol temprano o baja eficacia puede cambiar la lectura del mercado,
2026-08-23,11:30,Frosinone vs Juventus,10Bet,,DNB visita,DRAW_NO_BET AWAY,DRAW_NO_BET:AWAY,30.3%,0.303200,1.18,-0.64,-0.642300,,,,EV negativo,No encontrado en Betano,Baja,fallback ultimos partidos,usa Poisson fallback con ultimos partidos multi-competicion,riesgo propio del resultado final y variacion del modelo,
2026-08-23,11:30,Frosinone vs Juventus,,,Visita tarjetas -0.5,CARDS_AWAY UNDER.0.5,CARDS_AWAY:UNDER_0_5,28.6%,0.286500,,,,,,,Sin cuota/EV,No encontrado en Betano,Baja,contexto premium fallback reciente,usa promedios recientes multi-competicion/API-Football,depende mucho del arbitro y del contexto competitivo,
2026-08-23,11:30,Frosinone vs Juventus,10Bet,,Empate,1X2 DRAW,1X2:DRAW,26.0%,0.260000,1.80,-0.53,-0.532100,,,,EV negativo,No encontrado en Betano,Baja,fallback ultimos partidos,usa Poisson fallback con ultimos partidos multi-competicion,riesgo propio del resultado final y variacion del modelo,
2026-08-23,11:30,Frosinone vs Juventus,,,SHOTS_ON_TARGET_TOTAL UNDER.8.5,SHOTS_ON_TARGET_TOTAL UNDER.8.5,SHOTS_ON_TARGET_TOTAL:UNDER_8_5,24.8%,0.247900,,,,,,,Sin cuota/EV,No encontrado en Betano,Baja,contexto premium fallback reciente,usa promedios recientes multi-competicion/API-Football,el volumen ofensivo puede variar por planteamiento y marcador temprano,
2026-08-23,11:30,Frosinone vs Juventus,10Bet,,1T +1.5,FIRST_HALF_TOTALS OVER.1.5,FIRST_HALF_TOTALS:OVER_1_5,24.6%,0.245900,3.65,-0.10,-0.102600,,,,EV negativo,No encontrado en Betano,Baja,contexto premium fallback reciente,usa promedios recientes multi-competicion/API-Football,el primer tiempo puede tener ritmo bajo o rotaciones,
2026-08-23,11:30,Frosinone vs Juventus,,,Visita corners -4.5,CORNERS_AWAY UNDER.4.5,CORNERS_AWAY:UNDER_4_5,24.4%,0.243900,,,,,,,Sin cuota/EV,No encontrado en Betano,Baja,contexto premium fallback reciente,usa promedios recientes multi-competicion/API-Football,el volumen ofensivo puede variar por planteamiento y marcador temprano,
2026-08-23,11:30,Frosinone vs Juventus,,,Corners total -8.5,CORNERS_TOTALS UNDER.8.5,CORNERS_TOTALS:UNDER_8_5,23.4%,0.234200,,,,,,,Sin cuota/EV,No encontrado en Betano,Baja,contexto premium fallback reciente,usa promedios recientes multi-competicion/API-Football,el volumen ofensivo puede variar por planteamiento y marcador temprano,
2026-08-23,11:30,Frosinone vs Juventus,,,Tarjetas total +4.5,CARDS_TOTALS OVER.4.5,CARDS_TOTALS:OVER_4_5,22.8%,0.228300,,,,,,,Sin cuota/EV,No encontrado en Betano,Baja,contexto premium fallback reciente,usa promedios recientes multi-competicion/API-Football,depende mucho del arbitro y del contexto competitivo,
2026-08-23,11:30,Frosinone vs Juventus,,,Visita goles +1.5,TEAM_TOTAL_AWAY OVER.1.5,TEAM_TOTAL_AWAY:OVER_1_5,22.8%,0.227500,,,,,,,Sin cuota/EV,No encontrado en Betano,Baja,fallback ultimos partidos,usa Poisson fallback con ultimos partidos multi-competicion,un gol temprano o baja eficacia puede cambiar la lectura del mercado,
2026-08-23,11:30,Frosinone vs Juventus,10Bet,,Gana visita,1X2 AWAY,1X2:AWAY,22.4%,0.224300,2.55,-0.43,-0.427900,,,,EV negativo,No encontrado en Betano,Baja,fallback ultimos partidos,usa Poisson fallback con ultimos partidos multi-competicion,riesgo propio del resultado final y variacion del modelo,
2026-08-23,11:30,Frosinone vs Juventus,10Bet,,Goles +3.5,TOTALS OVER.3.5,TOTALS:OVER_3_5,22.4%,0.223800,3.00,-0.33,-0.328700,,,,EV negativo,No encontrado en Betano,Baja,fallback ultimos partidos,usa Poisson fallback con ultimos partidos multi-competicion,un gol temprano o baja eficacia puede cambiar la lectura del mercado,
2026-08-23,11:30,Frosinone vs Juventus,,,Local goles -0.5,TEAM_TOTAL_HOME UNDER.0.5,TEAM_TOTAL_HOME:UNDER_0_5,22.1%,0.220500,,,,,,,Sin cuota/EV,No encontrado en Betano,Baja,fallback ultimos partidos,usa Poisson fallback con ultimos partidos multi-competicion,un gol temprano o baja eficacia puede cambiar la lectura del mercado,
2026-08-23,11:30,Frosinone vs Juventus,,,Local goles +2.5,TEAM_TOTAL_HOME OVER.2.5,TEAM_TOTAL_HOME:OVER_2_5,19.4%,0.194100,,,,,,,Sin cuota/EV,No encontrado en Betano,Baja,fallback ultimos partidos,usa Poisson fallback con ultimos partidos multi-competicion,un gol temprano o baja eficacia puede cambiar la lectura del mercado,
2026-08-23,11:30,Frosinone vs Juventus,,,Local corners +6.5,CORNERS_HOME OVER.6.5,CORNERS_HOME:OVER_6_5,18.9%,0.188600,,,,,,,Sin cuota/EV,No encontrado en Betano,Baja,contexto premium fallback reciente,usa promedios recientes multi-competicion/API-Football,el volumen ofensivo puede variar por planteamiento y marcador temprano,
2026-08-23,11:30,Frosinone vs Juventus,,,SHOTS_ON_TARGET_TOTAL UNDER.7.5,SHOTS_ON_TARGET_TOTAL UNDER.7.5,SHOTS_ON_TARGET_TOTAL:UNDER_7_5,15.5%,0.154900,,,,,,,Sin cuota/EV,No encontrado en Betano,Baja,contexto premium fallback reciente,usa promedios recientes multi-competicion/API-Football,el volumen ofensivo puede variar por planteamiento y marcador temprano,
2026-08-23,11:30,Frosinone vs Juventus,,,Corners total -7.5,CORNERS_TOTALS UNDER.7.5,CORNERS_TOTALS:UNDER_7_5,14.5%,0.144800,,,,,,,Sin cuota/EV,No encontrado en Betano,Baja,contexto premium fallback reciente,usa promedios recientes multi-competicion/API-Football,el volumen ofensivo puede variar por planteamiento y marcador temprano,
2026-08-23,11:30,Frosinone vs Juventus,,,Local tarjetas +3.5,CARDS_HOME OVER.3.5,CARDS_HOME:OVER_3_5,14.3%,0.142900,,,,,,,Sin cuota/EV,No encontrado en Betano,Baja,contexto premium fallback reciente,usa promedios recientes multi-competicion/API-Football,depende mucho del arbitro y del contexto competitivo,
2026-08-23,11:30,Frosinone vs Juventus,,,Local tarjetas -0.5,CARDS_HOME UNDER.0.5,CARDS_HOME:UNDER_0_5,13.5%,0.135300,,,,,,,Sin cuota/EV,No encontrado en Betano,Baja,contexto premium fallback reciente,usa promedios recientes multi-competicion/API-Football,depende mucho del arbitro y del contexto competitivo,
2026-08-23,11:30,Frosinone vs Juventus,,,Visita tarjetas +2.5,CARDS_AWAY OVER.2.5,CARDS_AWAY:OVER_2_5,13.2%,0.131500,,,,,,,Sin cuota/EV,No encontrado en Betano,Baja,contexto premium fallback reciente,usa promedios recientes multi-competicion/API-Football,depende mucho del arbitro y del contexto competitivo,
2026-08-23,11:30,Frosinone vs Juventus,,,Visita corners -3.5,CORNERS_AWAY UNDER.3.5,CORNERS_AWAY:UNDER_3_5,12.4%,0.124500,,,,,,,Sin cuota/EV,No encontrado en Betano,Baja,contexto premium fallback reciente,usa promedios recientes multi-competicion/API-Football,el volumen ofensivo puede variar por planteamiento y marcador temprano,
2026-08-23,11:30,Frosinone vs Juventus,,,SHOTS_TOTAL UNDER.26.5,SHOTS_TOTAL UNDER.26.5,SHOTS_TOTAL:UNDER_26_5,12.3%,0.123300,,,,,,,Sin cuota/EV,No encontrado en Betano,Baja,contexto premium fallback reciente,usa promedios recientes multi-competicion/API-Football,el volumen ofensivo puede variar por planteamiento y marcador temprano,
2026-08-23,11:30,Frosinone vs Juventus,,,Tarjetas total +5.5,CARDS_TOTALS OVER.5.5,CARDS_TOTALS:OVER_5_5,11.1%,0.111200,,,,,,,Sin cuota/EV,No encontrado en Betano,Baja,contexto premium fallback reciente,usa promedios recientes multi-competicion/API-Football,depende mucho del arbitro y del contexto competitivo,
2026-08-23,11:30,Frosinone vs Juventus,,,SHOTS_ON_TARGET_TOTAL UNDER.6.5,SHOTS_ON_TARGET_TOTAL UNDER.6.5,SHOTS_ON_TARGET_TOTAL:UNDER_6_5,8.6%,0.086100,,,,,,,Sin cuota/EV,No encontrado en Betano,Baja,contexto premium fallback reciente,usa promedios recientes multi-competicion/API-Football,el volumen ofensivo puede variar por planteamiento y marcador temprano,
2026-08-23,11:30,Frosinone vs Juventus,,,Visita goles +2.5,TEAM_TOTAL_AWAY OVER.2.5,TEAM_TOTAL_AWAY:OVER_2_5,6.3%,0.062900,,,,,,,Sin cuota/EV,No encontrado en Betano,Baja,fallback ultimos partidos,usa Poisson fallback con ultimos partidos multi-competicion,un gol temprano o baja eficacia puede cambiar la lectura del mercado,
2026-08-23,11:30,Frosinone vs Juventus,,,SHOTS_TOTAL UNDER.24.5,SHOTS_TOTAL UNDER.24.5,SHOTS_TOTAL:UNDER_24_5,6.2%,0.062100,,,,,,,Sin cuota/EV,No encontrado en Betano,Baja,contexto premium fallback reciente,usa promedios recientes multi-competicion/API-Football,el volumen ofensivo puede variar por planteamiento y marcador temprano,
2026-08-23,11:30,Frosinone vs Juventus,,,Tarjetas total +6.5,CARDS_TOTALS OVER.6.5,CARDS_TOTALS:OVER_6_5,4.8%,0.047700,,,,,,,Sin cuota/EV,No encontrado en Betano,Baja,contexto premium fallback reciente,usa promedios recientes multi-competicion/API-Football,depende mucho del arbitro y del contexto competitivo,
2026-08-23,11:30,Frosinone vs Juventus,,,Visita tarjetas +3.5,CARDS_AWAY OVER.3.5,CARDS_AWAY:OVER_3_5,3.8%,0.038300,,,,,,,Sin cuota/EV,No encontrado en Betano,Baja,contexto premium fallback reciente,usa promedios recientes multi-competicion/API-Football,depende mucho del arbitro y del contexto competitivo,
2026-08-23,11:30,Frosinone vs Juventus,,,SHOTS_TOTAL UNDER.22.5,SHOTS_TOTAL UNDER.22.5,SHOTS_TOTAL:UNDER_22_5,2.7%,0.027100,,,,,,,Sin cuota/EV,No encontrado en Betano,Baja,contexto premium fallback reciente,usa promedios recientes multi-competicion/API-Football,el volumen ofensivo puede variar por planteamiento y marcador temprano,
2026-08-23,11:30,Frosinone vs Juventus,,,SHOTS_TOTAL UNDER.20.5,SHOTS_TOTAL UNDER.20.5,SHOTS_TOTAL:UNDER_20_5,1.0%,0.010000,,,,,,,Sin cuota/EV,No encontrado en Betano,Baja,contexto premium fallback reciente,usa promedios recientes multi-competicion/API-Football,el volumen ofensivo puede variar por planteamiento y marcador temprano,
2026-08-23,11:30,Frosinone vs Juventus,,,SHOTS_TOTAL UNDER.18.5,SHOTS_TOTAL UNDER.18.5,SHOTS_TOTAL:UNDER_18_5,0.3%,0.003100,,,,,,,Sin cuota/EV,No encontrado en Betano,Baja,contexto premium fallback reciente,usa promedios recientes multi-competicion/API-Football,el volumen ofensivo puede variar por planteamiento y marcador temprano,
2026-08-23,11:30,Venezia vs Lecce,,,Local tarjetas -3.5,CARDS_HOME UNDER.3.5,CARDS_HOME:UNDER_3_5,98.1%,0.981000,,,,,,,Sin cuota/EV,No encontrado en Betano,Alta,contexto premium fallback reciente,usa promedios recientes multi-competicion/API-Football,depende mucho del arbitro y del contexto competitivo,
2026-08-23,11:30,Venezia vs Lecce,,,Tarjetas total -6.5,CARDS_TOTALS UNDER.6.5,CARDS_TOTALS:UNDER_6_5,96.7%,0.966500,,,,,,,Sin cuota/EV,No encontrado en Betano,Alta,contexto premium fallback reciente,usa promedios recientes multi-competicion/API-Football,depende mucho del arbitro y del contexto competitivo,
2026-08-23,11:30,Venezia vs Lecce,,,SHOTS_TOTAL OVER.18.5,SHOTS_TOTAL OVER.18.5,SHOTS_TOTAL:OVER_18_5,94.8%,0.948200,,,,,,,Sin cuota/EV,No encontrado en Betano,Alta,contexto premium fallback reciente,usa promedios recientes multi-competicion/API-Football,el volumen ofensivo puede variar por planteamiento y marcador temprano,
2026-08-23,11:30,Venezia vs Lecce,,,Local tarjetas -2.5,CARDS_HOME UNDER.2.5,CARDS_HOME:UNDER_2_5,92.0%,0.919700,,,,,,,Sin cuota/EV,No encontrado en Betano,Alta,contexto premium fallback reciente,usa promedios recientes multi-competicion/API-Football,depende mucho del arbitro y del contexto competitivo,
2026-08-23,11:30,Venezia vs Lecce,,,Tarjetas total -5.5,CARDS_TOTALS UNDER.5.5,CARDS_TOTALS:UNDER_5_5,91.6%,0.916100,,,,,,,Sin cuota/EV,No encontrado en Betano,Alta,contexto premium fallback reciente,usa promedios recientes multi-competicion/API-Football,depende mucho del arbitro y del contexto competitivo,
2026-08-23,11:30,Venezia vs Lecce,,,Local goles +0.5,TEAM_TOTAL_HOME OVER.0.5,TEAM_TOTAL_HOME:OVER_0_5,90.1%,0.901200,,,,,,,Sin cuota/EV,No encontrado en Betano,Alta,fallback ultimos partidos,usa Poisson fallback con ultimos partidos multi-competicion,un gol temprano o baja eficacia puede cambiar la lectura del mercado,
2026-08-23,11:30,Venezia vs Lecce,,,Visita corners -6.5,CORNERS_AWAY UNDER.6.5,CORNERS_AWAY:UNDER_6_5,88.9%,0.889300,,,,,,,Sin cuota/EV,No encontrado en Betano,Alta,contexto premium fallback reciente,usa promedios recientes multi-competicion/API-Football,el volumen ofensivo puede variar por planteamiento y marcador temprano,
2026-08-23,11:30,Venezia vs Lecce,,,SHOTS_TOTAL OVER.20.5,SHOTS_TOTAL OVER.20.5,SHOTS_TOTAL:OVER_20_5,88.5%,0.884700,,,,,,,Sin cuota/EV,No encontrado en Betano,Alta,contexto premium fallback reciente,usa promedios recientes multi-competicion/API-Football,el volumen ofensivo puede variar por planteamiento y marcador temprano,
2026-08-23,11:30,Venezia vs Lecce,10Bet,,Goles +1.5,TOTALS OVER.1.5,TOTALS:OVER_1_5,88.0%,0.880500,2.40,1.11,1.113200,,,,EV positivo,No encontrado en Betano,Alta,fallback ultimos partidos,usa Poisson fallback con ultimos partidos multi-competicion,un gol temprano o baja eficacia puede cambiar la lectura del mercado,
2026-08-23,11:30,Venezia vs Lecce,,,Visita tarjetas +0.5,CARDS_AWAY OVER.0.5,CARDS_AWAY:OVER_0_5,86.5%,0.864700,,,,,,,Sin cuota/EV,No encontrado en Betano,Alta,contexto premium fallback reciente,usa promedios recientes multi-competicion/API-Football,depende mucho del arbitro y del contexto competitivo,
2026-08-23,11:30,Venezia vs Lecce,,,Visita tarjetas -3.5,CARDS_AWAY UNDER.3.5,CARDS_AWAY:UNDER_3_5,85.7%,0.857100,,,,,,,Sin cuota/EV,No encontrado en Betano,Alta,contexto premium fallback reciente,usa promedios recientes multi-competicion/API-Football,depende mucho del arbitro y del contexto competitivo,
2026-08-23,11:30,Venezia vs Lecce,,,Visita goles -2.5,TEAM_TOTAL_AWAY UNDER.2.5,TEAM_TOTAL_AWAY:UNDER_2_5,84.6%,0.845600,,,,,,,Sin cuota/EV,No encontrado en Betano,Alta,fallback ultimos partidos,usa Poisson fallback con ultimos partidos multi-competicion,un gol temprano o baja eficacia puede cambiar la lectura del mercado,
2026-08-23,11:30,Venezia vs Lecce,,,SHOTS_ON_TARGET_TOTAL OVER.6.5,SHOTS_ON_TARGET_TOTAL OVER.6.5,SHOTS_ON_TARGET_TOTAL:OVER_6_5,84.3%,0.842600,,,,,,,Sin cuota/EV,No encontrado en Betano,Alta,contexto premium fallback reciente,usa promedios recientes multi-competicion/API-Football,el volumen ofensivo puede variar por planteamiento y marcador temprano,
2026-08-23,11:30,Venezia vs Lecce,,,Local corners +3.5,CORNERS_HOME OVER.3.5,CORNERS_HOME:OVER_3_5,82.0%,0.820000,,,,,,,Sin cuota/EV,No encontrado en Betano,Alta,contexto premium fallback reciente,usa promedios recientes multi-competicion/API-Football,el volumen ofensivo puede variar por planteamiento y marcador temprano,
2026-08-23,11:30,Venezia vs Lecce,,,Tarjetas total -4.5,CARDS_TOTALS UNDER.4.5,CARDS_TOTALS:UNDER_4_5,81.5%,0.815300,,,,,,,Sin cuota/EV,No encontrado en Betano,Alta,contexto premium fallback reciente,usa promedios recientes multi-competicion/API-Football,depende mucho del arbitro y del contexto competitivo,
2026-08-23,11:30,Venezia vs Lecce,,,DOUBLE_CHANCE 12,DOUBLE_CHANCE 12,DOUBLE_CHANCE:12,80.6%,0.805700,,,,,,,Sin cuota/EV,No encontrado en Betano,Alta,fallback ultimos partidos,usa Poisson fallback con ultimos partidos multi-competicion,riesgo propio del resultado final y variacion del modelo,
2026-08-23,11:30,Venezia vs Lecce,,,DOUBLE_CHANCE 1X,DOUBLE_CHANCE 1X,DOUBLE_CHANCE:1X,78.6%,0.785800,,,,,,,Sin cuota/EV,No encontrado en Betano,Alta,fallback ultimos partidos,usa Poisson fallback con ultimos partidos multi-competicion,riesgo propio del resultado final y variacion del modelo,
2026-08-23,11:30,Venezia vs Lecce,,,Visita corners -5.5,CORNERS_AWAY UNDER.5.5,CORNERS_AWAY:UNDER_5_5,78.5%,0.785100,,,,,,,Sin cuota/EV,No encontrado en Betano,Alta,contexto premium fallback reciente,usa promedios recientes multi-competicion/API-Football,el volumen ofensivo puede variar por planteamiento y marcador temprano,
2026-08-23,11:30,Venezia vs Lecce,,,SHOTS_TOTAL OVER.22.5,SHOTS_TOTAL OVER.22.5,SHOTS_TOTAL:OVER_22_5,78.3%,0.783300,,,,,,,Sin cuota/EV,No encontrado en Betano,Alta,contexto premium fallback reciente,usa promedios recientes multi-competicion/API-Football,el volumen ofensivo puede variar por planteamiento y marcador temprano,
2026-08-23,11:30,Venezia vs Lecce,10Bet,,1T +0.5,FIRST_HALF_TOTALS OVER.0.5,FIRST_HALF_TOTALS:OVER_0_5,77.7%,0.776900,2.30,0.79,0.786800,,,,EV positivo,No encontrado en Betano,Alta,contexto premium fallback reciente,usa promedios recientes multi-competicion/API-Football,el primer tiempo puede tener ritmo bajo o rotaciones,
2026-08-23,11:30,Venezia vs Lecce,,,Corners total +7.5,CORNERS_TOTALS OVER.7.5,CORNERS_TOTALS:OVER_7_5,75.1%,0.751500,,,,,,,Sin cuota/EV,No encontrado en Betano,Alta,contexto premium fallback reciente,usa promedios recientes multi-competicion/API-Football,el volumen ofensivo puede variar por planteamiento y marcador temprano,
2026-08-23,11:30,Venezia vs Lecce,,,SHOTS_ON_TARGET_TOTAL OVER.7.5,SHOTS_ON_TARGET_TOTAL OVER.7.5,SHOTS_ON_TARGET_TOTAL:OVER_7_5,74.2%,0.741600,,,,,,,Sin cuota/EV,No encontrado en Betano,Alta,contexto premium fallback reciente,usa promedios recientes multi-competicion/API-Football,el volumen ofensivo puede variar por planteamiento y marcador temprano,
2026-08-23,11:30,Venezia vs Lecce,,,Visita goles +0.5,TEAM_TOTAL_AWAY OVER.0.5,TEAM_TOTAL_AWAY:OVER_0_5,74.0%,0.740200,,,,,,,Sin cuota/EV,No encontrado en Betano,Alta,fallback ultimos partidos,usa Poisson fallback con ultimos partidos multi-competicion,un gol temprano o baja eficacia puede cambiar la lectura del mercado,
2026-08-23,11:30,Venezia vs Lecce,,,Local tarjetas -1.5,CARDS_HOME UNDER.1.5,CARDS_HOME:UNDER_1_5,73.6%,0.735800,,,,,,,Sin cuota/EV,No encontrado en Betano,Alta,contexto premium fallback reciente,usa promedios recientes multi-competicion/API-Football,depende mucho del arbitro y del contexto competitivo,
2026-08-23,11:30,Venezia vs Lecce,10Bet,,DNB local,DRAW_NO_BET HOME,DRAW_NO_BET:HOME,73.4%,0.734200,1.60,0.17,0.174700,,,,EV positivo,No encontrado en Betano,Alta,fallback ultimos partidos,usa Poisson fallback con ultimos partidos multi-competicion,riesgo propio del resultado final y variacion del modelo,
2026-08-23,11:30,Venezia vs Lecce,,,Corners total -11.5,CORNERS_TOTALS UNDER.11.5,CORNERS_TOTALS:UNDER_11_5,73.0%,0.730300,,,,,,,Sin cuota/EV,No encontrado en Betano,Alta,contexto premium fallback reciente,usa promedios recientes multi-competicion/API-Football,el volumen ofensivo puede variar por planteamiento y marcador temprano,
2026-08-23,11:30,Venezia vs Lecce,10Bet,,Goles +2.5,TOTALS OVER.2.5,TOTALS:OVER_2_5,70.9%,0.709100,5.50,2.90,2.900000,,,,EV positivo,No encontrado en Betano,Alta,fallback ultimos partidos,usa Poisson fallback con ultimos partidos multi-competicion,un gol temprano o baja eficacia puede cambiar la lectura del mercado,
2026-08-23,11:30,Venezia vs Lecce,,,Visita tarjetas -2.5,CARDS_AWAY UNDER.2.5,CARDS_AWAY:UNDER_2_5,67.7%,0.676700,,,,,,,Sin cuota/EV,No encontrado en Betano,Media,contexto premium fallback reciente,usa promedios recientes multi-competicion/API-Football,depende mucho del arbitro y del contexto competitivo,
2026-08-23,11:30,Venezia vs Lecce,,,Local goles +1.5,TEAM_TOTAL_HOME OVER.1.5,TEAM_TOTAL_HOME:OVER_1_5,67.3%,0.673500,,,,,,,Sin cuota/EV,No encontrado en Betano,Media,fallback ultimos partidos,usa Poisson fallback con ultimos partidos multi-competicion,un gol temprano o baja eficacia puede cambiar la lectura del mercado,
2026-08-23,11:30,Venezia vs Lecce,10Bet,,Local corners +4.5,CORNERS_HOME OVER.4.5,CORNERS_HOME:OVER_4_5,67.3%,0.672800,1.70,0.14,0.143700,,,,EV positivo,No encontrado en Betano,Media,contexto premium fallback reciente,usa promedios recientes multi-competicion/API-Football,el volumen ofensivo puede variar por planteamiento y marcador temprano,
2026-08-23,11:30,Venezia vs Lecce,10Bet,,BTTS sí,BTTS YES,BTTS:YES,66.8%,0.667600,4.33,1.89,1.890700,,,,EV positivo,No encontrado en Betano,Media,fallback ultimos partidos,usa Poisson fallback con ultimos partidos multi-competicion,un gol temprano o baja eficacia puede cambiar la lectura del mercado,
2026-08-23,11:30,Venezia vs Lecce,,,Local corners -6.5,CORNERS_HOME UNDER.6.5,CORNERS_HOME:UNDER_6_5,65.4%,0.654400,,,,,,,Sin cuota/EV,No encontrado en Betano,Media,contexto premium fallback reciente,usa promedios recientes multi-competicion/API-Football,el volumen ofensivo puede variar por planteamiento y marcador temprano,
2026-08-23,11:30,Venezia vs Lecce,,,SHOTS_TOTAL OVER.24.5,SHOTS_TOTAL OVER.24.5,SHOTS_TOTAL:OVER_24_5,64.8%,0.648000,,,,,,,Sin cuota/EV,No encontrado en Betano,Media,contexto premium fallback reciente,usa promedios recientes multi-competicion/API-Football,el volumen ofensivo puede variar por planteamiento y marcador temprano,
2026-08-23,11:30,Venezia vs Lecce,,,Tarjetas total -3.5,CARDS_TOTALS UNDER.3.5,CARDS_TOTALS:UNDER_3_5,64.7%,0.647200,,,,,,,Sin cuota/EV,No encontrado en Betano,Media,contexto premium fallback reciente,usa promedios recientes multi-competicion/API-Football,depende mucho del arbitro y del contexto competitivo,
2026-08-23,11:30,Venezia vs Lecce,,,Corners total +8.5,CORNERS_TOTALS OVER.8.5,CORNERS_TOTALS:OVER_8_5,63.2%,0.632400,,,,,,,Sin cuota/EV,No encontrado en Betano,Media,contexto premium fallback reciente,usa promedios recientes multi-competicion/API-Football,el volumen ofensivo puede variar por planteamiento y marcador temprano,
2026-08-23,11:30,Venezia vs Lecce,,,Local tarjetas +0.5,CARDS_HOME OVER.0.5,CARDS_HOME:OVER_0_5,63.2%,0.632100,,,,,,,Sin cuota/EV,No encontrado en Betano,Media,contexto premium fallback reciente,usa promedios recientes multi-competicion/API-Football,depende mucho del arbitro y del contexto competitivo,
2026-08-23,11:30,Venezia vs Lecce,10Bet,,Visita corners -4.5,CORNERS_AWAY UNDER.4.5,CORNERS_AWAY:UNDER_4_5,62.9%,0.628800,1.62,0.02,0.018700,,,,EV negativo,No encontrado en Betano,Media,contexto premium fallback reciente,usa promedios recientes multi-competicion/API-Football,el volumen ofensivo puede variar por planteamiento y marcador temprano,
2026-08-23,11:30,Venezia vs Lecce,,,Corners total -10.5,CORNERS_TOTALS UNDER.10.5,CORNERS_TOTALS:UNDER_10_5,62.1%,0.620500,,,,,,,Sin cuota/EV,No encontrado en Betano,Media,contexto premium fallback reciente,usa promedios recientes multi-competicion/API-Football,el volumen ofensivo puede variar por planteamiento y marcador temprano,
2026-08-23,11:30,Venezia vs Lecce,,,SHOTS_ON_TARGET_TOTAL OVER.8.5,SHOTS_ON_TARGET_TOTAL OVER.8.5,SHOTS_ON_TARGET_TOTAL:OVER_8_5,62.0%,0.620400,,,,,,,Sin cuota/EV,No encontrado en Betano,Media,contexto premium fallback reciente,usa promedios recientes multi-competicion/API-Football,el volumen ofensivo puede variar por planteamiento y marcador temprano,
2026-08-23,11:30,Venezia vs Lecce,,,Visita goles -1.5,TEAM_TOTAL_AWAY UNDER.1.5,TEAM_TOTAL_AWAY:UNDER_1_5,61.0%,0.609500,,,,,,,Sin cuota/EV,No encontrado en Betano,Media,fallback ultimos partidos,usa Poisson fallback con ultimos partidos multi-competicion,un gol temprano o baja eficacia puede cambiar la lectura del mercado,
2026-08-23,11:30,Venezia vs Lecce,,,Visita tarjetas +1.5,CARDS_AWAY OVER.1.5,CARDS_AWAY:OVER_1_5,59.4%,0.594000,,,,,,,Sin cuota/EV,No encontrado en Betano,Media,contexto premium fallback reciente,usa promedios recientes multi-competicion/API-Football,depende mucho del arbitro y del contexto competitivo,
2026-08-23,11:30,Venezia vs Lecce,10Bet,,Gana local,1X2 HOME,1X2:HOME,59.2%,0.591500,3.75,1.22,1.218200,,,,EV positivo,No encontrado en Betano,Media,fallback ultimos partidos,usa Poisson fallback con ultimos partidos multi-competicion,riesgo propio del resultado final y variacion del modelo,
2026-08-23,11:30,Venezia vs Lecce,,,Local goles -2.5,TEAM_TOTAL_HOME UNDER.2.5,TEAM_TOTAL_HOME:UNDER_2_5,59.1%,0.590900,,,,,,,Sin cuota/EV,No encontrado en Betano,Media,fallback ultimos partidos,usa Poisson fallback con ultimos partidos multi-competicion,un gol temprano o baja eficacia puede cambiar la lectura del mercado,
2026-08-23,11:30,Venezia vs Lecce,,,Tarjetas total +2.5,CARDS_TOTALS OVER.2.5,CARDS_TOTALS:OVER_2_5,57.7%,0.576800,,,,,,,Sin cuota/EV,No encontrado en Betano,Media,contexto premium fallback reciente,usa promedios recientes multi-competicion/API-Football,depende mucho del arbitro y del contexto competitivo,
2026-08-23,11:30,Venezia vs Lecce,,,Visita corners +3.5,CORNERS_AWAY OVER.3.5,CORNERS_AWAY:OVER_3_5,56.6%,0.566500,,,,,,,Sin cuota/EV,No encontrado en Betano,Media,contexto premium fallback reciente,usa promedios recientes multi-competicion/API-Football,el volumen ofensivo puede variar por planteamiento y marcador temprano,
2026-08-23,11:30,Venezia vs Lecce,10Bet,,1T -1.5,FIRST_HALF_TOTALS UNDER.1.5,FIRST_HALF_TOTALS:UNDER_1_5,55.8%,0.557800,1.09,-0.39,-0.392000,,,,EV negativo,No encontrado en Betano,Media,contexto premium fallback reciente,usa promedios recientes multi-competicion/API-Football,el primer tiempo puede tener ritmo bajo o rotaciones,
2026-08-23,11:30,Venezia vs Lecce,,,SHOTS_ON_TARGET_TOTAL UNDER.9.5,SHOTS_ON_TARGET_TOTAL UNDER.9.5,SHOTS_ON_TARGET_TOTAL:UNDER_9_5,50.9%,0.508900,,,,,,,Sin cuota/EV,No encontrado en Betano,Baja,contexto premium fallback reciente,usa promedios recientes multi-competicion/API-Football,el volumen ofensivo puede variar por planteamiento y marcador temprano,
2026-08-23,11:30,Venezia vs Lecce,,,SHOTS_TOTAL UNDER.26.5,SHOTS_TOTAL UNDER.26.5,SHOTS_TOTAL:UNDER_26_5,50.5%,0.505200,,,,,,,Sin cuota/EV,No encontrado en Betano,Baja,contexto premium fallback reciente,usa promedios recientes multi-competicion/API-Football,el volumen ofensivo puede variar por planteamiento y marcador temprano,
2026-08-23,11:30,Venezia vs Lecce,10Bet,,Local corners +5.5,CORNERS_HOME OVER.5.5,CORNERS_HOME:OVER_5_5,50.5%,0.505000,2.00,0.01,0.010000,,,,EV negativo,No encontrado en Betano,Baja,contexto premium fallback reciente,usa promedios recientes multi-competicion/API-Football,el volumen ofensivo puede variar por planteamiento y marcador temprano,
2026-08-23,11:30,Venezia vs Lecce,10Bet,,Corners total +9.5,CORNERS_TOTALS OVER.9.5,CORNERS_TOTALS:OVER_9_5,50.4%,0.504000,1.85,-0.07,-0.067600,,,,EV negativo,No encontrado en Betano,Baja,contexto premium fallback reciente,usa promedios recientes multi-competicion/API-Football,el volumen ofensivo puede variar por planteamiento y marcador temprano,
2026-08-23,11:30,Venezia vs Lecce,10Bet,,Goles -3.5,TOTALS UNDER.3.5,TOTALS:UNDER_3_5,50.1%,0.500700,1.22,-0.39,-0.389100,,,,EV negativo,No encontrado en Betano,Baja,fallback ultimos partidos,usa Poisson fallback con ultimos partidos multi-competicion,un gol temprano o baja eficacia puede cambiar la lectura del mercado,
2026-08-23,11:30,Venezia vs Lecce,10Bet,,Goles +3.5,TOTALS OVER.3.5,TOTALS:OVER_3_5,49.9%,0.499300,4.20,1.10,1.097000,,,,EV positivo,No encontrado en Betano,Baja,fallback ultimos partidos,usa Poisson fallback con ultimos partidos multi-competicion,un gol temprano o baja eficacia puede cambiar la lectura del mercado,
2026-08-23,11:30,Venezia vs Lecce,10Bet,,Corners total -9.5,CORNERS_TOTALS UNDER.9.5,CORNERS_TOTALS:UNDER_9_5,49.6%,0.496000,1.85,-0.08,-0.082400,,,,EV negativo,No encontrado en Betano,Baja,contexto premium fallback reciente,usa promedios recientes multi-competicion/API-Football,el volumen ofensivo puede variar por planteamiento y marcador temprano,
2026-08-23,11:30,Venezia vs Lecce,10Bet,,Local corners -5.5,CORNERS_HOME UNDER.5.5,CORNERS_HOME:UNDER_5_5,49.5%,0.495000,1.60,-0.21,-0.208000,,,,EV negativo,No encontrado en Betano,Baja,contexto premium fallback reciente,usa promedios recientes multi-competicion/API-Football,el volumen ofensivo puede variar por planteamiento y marcador temprano,
2026-08-23,11:30,Venezia vs Lecce,,,SHOTS_TOTAL OVER.26.5,SHOTS_TOTAL OVER.26.5,SHOTS_TOTAL:OVER_26_5,49.5%,0.494800,,,,,,,Sin cuota/EV,No encontrado en Betano,Baja,contexto premium fallback reciente,usa promedios recientes multi-competicion/API-Football,el volumen ofensivo puede variar por planteamiento y marcador temprano,
2026-08-23,11:30,Venezia vs Lecce,,,SHOTS_ON_TARGET_TOTAL OVER.9.5,SHOTS_ON_TARGET_TOTAL OVER.9.5,SHOTS_ON_TARGET_TOTAL:OVER_9_5,49.1%,0.491100,,,,,,,Sin cuota/EV,No encontrado en Betano,Baja,contexto premium fallback reciente,usa promedios recientes multi-competicion/API-Football,el volumen ofensivo puede variar por planteamiento y marcador temprano,
2026-08-23,11:30,Venezia vs Lecce,10Bet,,1T +1.5,FIRST_HALF_TOTALS OVER.1.5,FIRST_HALF_TOTALS:OVER_1_5,44.2%,0.442200,6.25,1.76,1.763600,,,,EV positivo,No encontrado en Betano,Baja,contexto premium fallback reciente,usa promedios recientes multi-competicion/API-Football,el primer tiempo puede tener ritmo bajo o rotaciones,
2026-08-23,11:30,Venezia vs Lecce,,,Visita corners -3.5,CORNERS_AWAY UNDER.3.5,CORNERS_AWAY:UNDER_3_5,43.4%,0.433500,,,,,,,Sin cuota/EV,No encontrado en Betano,Baja,contexto premium fallback reciente,usa promedios recientes multi-competicion/API-Football,el volumen ofensivo puede variar por planteamiento y marcador temprano,
2026-08-23,11:30,Venezia vs Lecce,,,Tarjetas total -2.5,CARDS_TOTALS UNDER.2.5,CARDS_TOTALS:UNDER_2_5,42.3%,0.423200,,,,,,,Sin cuota/EV,No encontrado en Betano,Baja,contexto premium fallback reciente,usa promedios recientes multi-competicion/API-Football,depende mucho del arbitro y del contexto competitivo,
2026-08-23,11:30,Venezia vs Lecce,,,Local goles +2.5,TEAM_TOTAL_HOME OVER.2.5,TEAM_TOTAL_HOME:OVER_2_5,40.9%,0.409100,,,,,,,Sin cuota/EV,No encontrado en Betano,Baja,fallback ultimos partidos,usa Poisson fallback con ultimos partidos multi-competicion,un gol temprano o baja eficacia puede cambiar la lectura del mercado,
2026-08-23,11:30,Venezia vs Lecce,,,DOUBLE_CHANCE X2,DOUBLE_CHANCE X2,DOUBLE_CHANCE:X2,40.8%,0.408500,,,,,,,Sin cuota/EV,No encontrado en Betano,Baja,fallback ultimos partidos,usa Poisson fallback con ultimos partidos multi-competicion,riesgo propio del resultado final y variacion del modelo,
2026-08-23,11:30,Venezia vs Lecce,,,Visita tarjetas -1.5,CARDS_AWAY UNDER.1.5,CARDS_AWAY:UNDER_1_5,40.6%,0.406000,,,,,,,Sin cuota/EV,No encontrado en Betano,Baja,contexto premium fallback reciente,usa promedios recientes multi-competicion/API-Football,depende mucho del arbitro y del contexto competitivo,
2026-08-23,11:30,Venezia vs Lecce,,,Visita goles +1.5,TEAM_TOTAL_AWAY OVER.1.5,TEAM_TOTAL_AWAY:OVER_1_5,39.1%,0.390500,,,,,,,Sin cuota/EV,No encontrado en Betano,Baja,fallback ultimos partidos,usa Poisson fallback con ultimos partidos multi-competicion,un gol temprano o baja eficacia puede cambiar la lectura del mercado,
2026-08-23,11:30,Venezia vs Lecce,,,SHOTS_ON_TARGET_TOTAL UNDER.8.5,SHOTS_ON_TARGET_TOTAL UNDER.8.5,SHOTS_ON_TARGET_TOTAL:UNDER_8_5,38.0%,0.379600,,,,,,,Sin cuota/EV,No encontrado en Betano,Baja,contexto premium fallback reciente,usa promedios recientes multi-competicion/API-Football,el volumen ofensivo puede variar por planteamiento y marcador temprano,
2026-08-23,11:30,Venezia vs Lecce,,,Corners total +10.5,CORNERS_TOTALS OVER.10.5,CORNERS_TOTALS:OVER_10_5,38.0%,0.379500,,,,,,,Sin cuota/EV,No encontrado en Betano,Baja,contexto premium fallback reciente,usa promedios recientes multi-competicion/API-Football,el volumen ofensivo puede variar por planteamiento y marcador temprano,
2026-08-23,11:30,Venezia vs Lecce,10Bet,,Visita corners +4.5,CORNERS_AWAY OVER.4.5,CORNERS_AWAY:OVER_4_5,37.1%,0.371200,2.00,-0.26,-0.257700,,,,EV negativo,No encontrado en Betano,Baja,contexto premium fallback reciente,usa promedios recientes multi-competicion/API-Football,el volumen ofensivo puede variar por planteamiento y marcador temprano,
2026-08-23,11:30,Venezia vs Lecce,,,Local tarjetas -0.5,CARDS_HOME UNDER.0.5,CARDS_HOME:UNDER_0_5,36.8%,0.367900,,,,,,,Sin cuota/EV,No encontrado en Betano,Baja,contexto premium fallback reciente,usa promedios recientes multi-competicion/API-Football,depende mucho del arbitro y del contexto competitivo,
2026-08-23,11:30,Venezia vs Lecce,,,Corners total -8.5,CORNERS_TOTALS UNDER.8.5,CORNERS_TOTALS:UNDER_8_5,36.8%,0.367600,,,,,,,Sin cuota/EV,No encontrado en Betano,Baja,contexto premium fallback reciente,usa promedios recientes multi-competicion/API-Football,el volumen ofensivo puede variar por planteamiento y marcador temprano,
2026-08-23,11:30,Venezia vs Lecce,,,Tarjetas total +3.5,CARDS_TOTALS OVER.3.5,CARDS_TOTALS:OVER_3_5,35.3%,0.352800,,,,,,,Sin cuota/EV,No encontrado en Betano,Baja,contexto premium fallback reciente,usa promedios recientes multi-competicion/API-Football,depende mucho del arbitro y del contexto competitivo,
2026-08-23,11:30,Venezia vs Lecce,,,SHOTS_TOTAL UNDER.24.5,SHOTS_TOTAL UNDER.24.5,SHOTS_TOTAL:UNDER_24_5,35.2%,0.352000,,,,,,,Sin cuota/EV,No encontrado en Betano,Baja,contexto premium fallback reciente,usa promedios recientes multi-competicion/API-Football,el volumen ofensivo puede variar por planteamiento y marcador temprano,
2026-08-23,11:30,Venezia vs Lecce,,,Local corners +6.5,CORNERS_HOME OVER.6.5,CORNERS_HOME:OVER_6_5,34.6%,0.345600,,,,,,,Sin cuota/EV,No encontrado en Betano,Baja,contexto premium fallback reciente,usa promedios recientes multi-competicion/API-Football,el volumen ofensivo puede variar por planteamiento y marcador temprano,
2026-08-23,11:30,Venezia vs Lecce,10Bet,,BTTS no,BTTS NO,BTTS:NO,33.2%,0.332400,1.18,-0.61,-0.607800,,,,EV negativo,No encontrado en Betano,Baja,fallback ultimos partidos,usa Poisson fallback con ultimos partidos multi-competicion,un gol temprano o baja eficacia puede cambiar la lectura del mercado,
2026-08-23,11:30,Venezia vs Lecce,10Bet,,Local corners -4.5,CORNERS_HOME UNDER.4.5,CORNERS_HOME:UNDER_4_5,32.7%,0.327200,1.90,-0.38,-0.378300,,,,EV negativo,No encontrado en Betano,Baja,contexto premium fallback reciente,usa promedios recientes multi-competicion/API-Football,el volumen ofensivo puede variar por planteamiento y marcador temprano,
2026-08-23,11:30,Venezia vs Lecce,,,Local goles -1.5,TEAM_TOTAL_HOME UNDER.1.5,TEAM_TOTAL_HOME:UNDER_1_5,32.6%,0.326500,,,,,,,Sin cuota/EV,No encontrado en Betano,Baja,fallback ultimos partidos,usa Poisson fallback con ultimos partidos multi-competicion,un gol temprano o baja eficacia puede cambiar la lectura del mercado,
2026-08-23,11:30,Venezia vs Lecce,,,Visita tarjetas +2.5,CARDS_AWAY OVER.2.5,CARDS_AWAY:OVER_2_5,32.3%,0.323300,,,,,,,Sin cuota/EV,No encontrado en Betano,Baja,contexto premium fallback reciente,usa promedios recientes multi-competicion/API-Football,depende mucho del arbitro y del contexto competitivo,
2026-08-23,11:30,Venezia vs Lecce,10Bet,,Goles -2.5,TOTALS UNDER.2.5,TOTALS:UNDER_2_5,29.1%,0.290900,1.11,-0.68,-0.677100,,,,EV negativo,No encontrado en Betano,Baja,fallback ultimos partidos,usa Poisson fallback con ultimos partidos multi-competicion,un gol temprano o baja eficacia puede cambiar la lectura del mercado,
2026-08-23,11:30,Venezia vs Lecce,,,Corners total +11.5,CORNERS_TOTALS OVER.11.5,CORNERS_TOTALS:OVER_11_5,27.0%,0.269700,,,,,,,Sin cuota/EV,No encontrado en Betano,Baja,contexto premium fallback reciente,usa promedios recientes multi-competicion/API-Football,el volumen ofensivo puede variar por planteamiento y marcador temprano,
2026-08-23,11:30,Venezia vs Lecce,10Bet,,DNB visita,DRAW_NO_BET AWAY,DRAW_NO_BET:AWAY,26.6%,0.265800,2.20,-0.42,-0.415200,,,,EV negativo,No encontrado en Betano,Baja,fallback ultimos partidos,usa Poisson fallback con ultimos partidos multi-competicion,riesgo propio del resultado final y variacion del modelo,
2026-08-23,11:30,Venezia vs Lecce,,,Local tarjetas +1.5,CARDS_HOME OVER.1.5,CARDS_HOME:OVER_1_5,26.4%,0.264200,,,,,,,Sin cuota/EV,No encontrado en Betano,Baja,contexto premium fallback reciente,usa promedios recientes multi-competicion/API-Football,depende mucho del arbitro y del contexto competitivo,
2026-08-23,11:30,Venezia vs Lecce,,,Visita goles -0.5,TEAM_TOTAL_AWAY UNDER.0.5,TEAM_TOTAL_AWAY:UNDER_0_5,26.0%,0.259800,,,,,,,Sin cuota/EV,No encontrado en Betano,Baja,fallback ultimos partidos,usa Poisson fallback con ultimos partidos multi-competicion,un gol temprano o baja eficacia puede cambiar la lectura del mercado,
2026-08-23,11:30,Venezia vs Lecce,,,SHOTS_ON_TARGET_TOTAL UNDER.7.5,SHOTS_ON_TARGET_TOTAL UNDER.7.5,SHOTS_ON_TARGET_TOTAL:UNDER_7_5,25.8%,0.258400,,,,,,,Sin cuota/EV,No encontrado en Betano,Baja,contexto premium fallback reciente,usa promedios recientes multi-competicion/API-Football,el volumen ofensivo puede variar por planteamiento y marcador temprano,
2026-08-23,11:30,Venezia vs Lecce,,,Corners total -7.5,CORNERS_TOTALS UNDER.7.5,CORNERS_TOTALS:UNDER_7_5,24.9%,0.248500,,,,,,,Sin cuota/EV,No encontrado en Betano,Baja,contexto premium fallback reciente,usa promedios recientes multi-competicion/API-Football,el volumen ofensivo puede variar por planteamiento y marcador temprano,
2026-08-23,11:30,Venezia vs Lecce,10Bet,,1T -0.5,FIRST_HALF_TOTALS UNDER.0.5,FIRST_HALF_TOTALS:UNDER_0_5,22.3%,0.223100,1.55,-0.65,-0.654100,,,,EV negativo,No encontrado en Betano,Baja,contexto premium fallback reciente,usa promedios recientes multi-competicion/API-Football,el primer tiempo puede tener ritmo bajo o rotaciones,
2026-08-23,11:30,Venezia vs Lecce,,,SHOTS_TOTAL UNDER.22.5,SHOTS_TOTAL UNDER.22.5,SHOTS_TOTAL:UNDER_22_5,21.7%,0.216700,,,,,,,Sin cuota/EV,No encontrado en Betano,Baja,contexto premium fallback reciente,usa promedios recientes multi-competicion/API-Football,el volumen ofensivo puede variar por planteamiento y marcador temprano,
2026-08-23,11:30,Venezia vs Lecce,,,Visita corners +5.5,CORNERS_AWAY OVER.5.5,CORNERS_AWAY:OVER_5_5,21.5%,0.214900,,,,,,,Sin cuota/EV,No encontrado en Betano,Baja,contexto premium fallback reciente,usa promedios recientes multi-competicion/API-Football,el volumen ofensivo puede variar por planteamiento y marcador temprano,
2026-08-23,11:30,Venezia vs Lecce,10Bet,,Gana visita,1X2 AWAY,1X2:AWAY,21.4%,0.214200,4.75,0.02,0.017200,,,,EV negativo,No encontrado en Betano,Baja,fallback ultimos partidos,usa Poisson fallback con ultimos partidos multi-competicion,riesgo propio del resultado final y variacion del modelo,
2026-08-23,11:30,Venezia vs Lecce,10Bet,,Empate,1X2 DRAW,1X2:DRAW,19.4%,0.194300,1.65,-0.68,-0.679400,,,,EV negativo,No encontrado en Betano,Baja,fallback ultimos partidos,usa Poisson fallback con ultimos partidos multi-competicion,riesgo propio del resultado final y variacion del modelo,
2026-08-23,11:30,Venezia vs Lecce,,,Tarjetas total +4.5,CARDS_TOTALS OVER.4.5,CARDS_TOTALS:OVER_4_5,18.5%,0.184700,,,,,,,Sin cuota/EV,No encontrado en Betano,Baja,contexto premium fallback reciente,usa promedios recientes multi-competicion/API-Football,depende mucho del arbitro y del contexto competitivo,
2026-08-23,11:30,Venezia vs Lecce,,,Local corners -3.5,CORNERS_HOME UNDER.3.5,CORNERS_HOME:UNDER_3_5,18.0%,0.180000,,,,,,,Sin cuota/EV,No encontrado en Betano,Baja,contexto premium fallback reciente,usa promedios recientes multi-competicion/API-Football,el volumen ofensivo puede variar por planteamiento y marcador temprano,
2026-08-23,11:30,Venezia vs Lecce,,,SHOTS_ON_TARGET_TOTAL UNDER.6.5,SHOTS_ON_TARGET_TOTAL UNDER.6.5,SHOTS_ON_TARGET_TOTAL:UNDER_6_5,15.7%,0.157400,,,,,,,Sin cuota/EV,No encontrado en Betano,Baja,contexto premium fallback reciente,usa promedios recientes multi-competicion/API-Football,el volumen ofensivo puede variar por planteamiento y marcador temprano,
2026-08-23,11:30,Venezia vs Lecce,,,Visita goles +2.5,TEAM_TOTAL_AWAY OVER.2.5,TEAM_TOTAL_AWAY:OVER_2_5,15.4%,0.154400,,,,,,,Sin cuota/EV,No encontrado en Betano,Baja,fallback ultimos partidos,usa Poisson fallback con ultimos partidos multi-competicion,un gol temprano o baja eficacia puede cambiar la lectura del mercado,
2026-08-23,11:30,Venezia vs Lecce,,,Visita tarjetas +3.5,CARDS_AWAY OVER.3.5,CARDS_AWAY:OVER_3_5,14.3%,0.142900,,,,,,,Sin cuota/EV,No encontrado en Betano,Baja,contexto premium fallback reciente,usa promedios recientes multi-competicion/API-Football,depende mucho del arbitro y del contexto competitivo,
2026-08-23,11:30,Venezia vs Lecce,,,Visita tarjetas -0.5,CARDS_AWAY UNDER.0.5,CARDS_AWAY:UNDER_0_5,13.5%,0.135300,,,,,,,Sin cuota/EV,No encontrado en Betano,Baja,contexto premium fallback reciente,usa promedios recientes multi-competicion/API-Football,depende mucho del arbitro y del contexto competitivo,
2026-08-23,11:30,Venezia vs Lecce,10Bet,,Goles -1.5,TOTALS UNDER.1.5,TOTALS:UNDER_1_5,11.9%,0.119500,1.50,-0.82,-0.820800,,,,EV negativo,No encontrado en Betano,Baja,fallback ultimos partidos,usa Poisson fallback con ultimos partidos multi-competicion,un gol temprano o baja eficacia puede cambiar la lectura del mercado,
2026-08-23,11:30,Venezia vs Lecce,,,SHOTS_TOTAL UNDER.20.5,SHOTS_TOTAL UNDER.20.5,SHOTS_TOTAL:UNDER_20_5,11.5%,0.115300,,,,,,,Sin cuota/EV,No encontrado en Betano,Baja,contexto premium fallback reciente,usa promedios recientes multi-competicion/API-Football,el volumen ofensivo puede variar por planteamiento y marcador temprano,
2026-08-23,11:30,Venezia vs Lecce,,,Visita corners +6.5,CORNERS_AWAY OVER.6.5,CORNERS_AWAY:OVER_6_5,11.1%,0.110700,,,,,,,Sin cuota/EV,No encontrado en Betano,Baja,contexto premium fallback reciente,usa promedios recientes multi-competicion/API-Football,el volumen ofensivo puede variar por planteamiento y marcador temprano,
2026-08-23,11:30,Venezia vs Lecce,,,Local goles -0.5,TEAM_TOTAL_HOME UNDER.0.5,TEAM_TOTAL_HOME:UNDER_0_5,9.9%,0.098800,,,,,,,Sin cuota/EV,No encontrado en Betano,Baja,fallback ultimos partidos,usa Poisson fallback con ultimos partidos multi-competicion,un gol temprano o baja eficacia puede cambiar la lectura del mercado,
2026-08-23,11:30,Venezia vs Lecce,,,Tarjetas total +5.5,CARDS_TOTALS OVER.5.5,CARDS_TOTALS:OVER_5_5,8.4%,0.083900,,,,,,,Sin cuota/EV,No encontrado en Betano,Baja,contexto premium fallback reciente,usa promedios recientes multi-competicion/API-Football,depende mucho del arbitro y del contexto competitivo,
2026-08-23,11:30,Venezia vs Lecce,,,Local tarjetas +2.5,CARDS_HOME OVER.2.5,CARDS_HOME:OVER_2_5,8.0%,0.080300,,,,,,,Sin cuota/EV,No encontrado en Betano,Baja,contexto premium fallback reciente,usa promedios recientes multi-competicion/API-Football,depende mucho del arbitro y del contexto competitivo,
2026-08-23,11:30,Venezia vs Lecce,,,SHOTS_TOTAL UNDER.18.5,SHOTS_TOTAL UNDER.18.5,SHOTS_TOTAL:UNDER_18_5,5.2%,0.051800,,,,,,,Sin cuota/EV,No encontrado en Betano,Baja,contexto premium fallback reciente,usa promedios recientes multi-competicion/API-Football,el volumen ofensivo puede variar por planteamiento y marcador temprano,
2026-08-23,11:30,Venezia vs Lecce,,,Tarjetas total +6.5,CARDS_TOTALS OVER.6.5,CARDS_TOTALS:OVER_6_5,3.4%,0.033500,,,,,,,Sin cuota/EV,No encontrado en Betano,Baja,contexto premium fallback reciente,usa promedios recientes multi-competicion/API-Football,depende mucho del arbitro y del contexto competitivo,
2026-08-23,11:30,Venezia vs Lecce,,,Local tarjetas +3.5,CARDS_HOME OVER.3.5,CARDS_HOME:OVER_3_5,1.9%,0.019000,,,,,,,Sin cuota/EV,No encontrado en Betano,Baja,contexto premium fallback reciente,usa promedios recientes multi-competicion/API-Football,depende mucho del arbitro y del contexto competitivo,
2026-08-23,12:30,Getafe vs Racing Santander,,,Local tarjetas +0.5,CARDS_HOME OVER.0.5,CARDS_HOME:OVER_0_5,95.0%,0.950200,,,,,,,Sin cuota/EV,No encontrado en Betano,Alta,contexto premium torneo actual,usa promedios del contexto premium/API-Football,depende mucho del arbitro y del contexto competitivo,
2026-08-23,12:30,Getafe vs Racing Santander,,,SHOTS_TOTAL OVER.18.5,SHOTS_TOTAL OVER.18.5,SHOTS_TOTAL:OVER_18_5,94.6%,0.946300,,,,,,,Sin cuota/EV,No encontrado en Betano,Alta,contexto premium torneo actual,usa promedios del contexto premium/API-Football,el volumen ofensivo puede variar por planteamiento y marcador temprano,
2026-08-23,12:30,Getafe vs Racing Santander,,,Visita goles +0.5,TEAM_TOTAL_AWAY OVER.0.5,TEAM_TOTAL_AWAY:OVER_0_5,91.7%,0.916800,,,,,,,Sin cuota/EV,No encontrado en Betano,Alta,torneo actual,usa Poisson base con estadisticas de goles del torneo,un gol temprano o baja eficacia puede cambiar la lectura del mercado,
2026-08-23,12:30,Getafe vs Racing Santander,,,Corners total +7.5,CORNERS_TOTALS OVER.7.5,CORNERS_TOTALS:OVER_7_5,91.0%,0.910500,,,,,,,Sin cuota/EV,No encontrado en Betano,Alta,contexto premium torneo actual,usa promedios del contexto premium/API-Football,el volumen ofensivo puede variar por planteamiento y marcador temprano,
2026-08-23,12:30,Getafe vs Racing Santander,,,Local goles -2.5,TEAM_TOTAL_HOME UNDER.2.5,TEAM_TOTAL_HOME:UNDER_2_5,90.5%,0.904500,,,,,,,Sin cuota/EV,No encontrado en Betano,Alta,torneo actual,usa Poisson base con estadisticas de goles del torneo,un gol temprano o baja eficacia puede cambiar la lectura del mercado,
2026-08-23,12:30,Getafe vs Racing Santander,,,Local corners +3.5,CORNERS_HOME OVER.3.5,CORNERS_HOME:OVER_3_5,88.8%,0.888200,,,,,,,Sin cuota/EV,No encontrado en Betano,Alta,contexto premium torneo actual,usa promedios del contexto premium/API-Football,el volumen ofensivo puede variar por planteamiento y marcador temprano,
2026-08-23,12:30,Getafe vs Racing Santander,,,SHOTS_TOTAL OVER.20.5,SHOTS_TOTAL OVER.20.5,SHOTS_TOTAL:OVER_20_5,88.1%,0.881100,,,,,,,Sin cuota/EV,No encontrado en Betano,Alta,contexto premium torneo actual,usa promedios del contexto premium/API-Football,el volumen ofensivo puede variar por planteamiento y marcador temprano,
2026-08-23,12:30,Getafe vs Racing Santander,,,Tarjetas total +2.5,CARDS_TOTALS OVER.2.5,CARDS_TOTALS:OVER_2_5,87.5%,0.875300,,,,,,,Sin cuota/EV,No encontrado en Betano,Alta,contexto premium torneo actual,usa promedios del contexto premium/API-Football,depende mucho del arbitro y del contexto competitivo,
2026-08-23,12:30,Getafe vs Racing Santander,10Bet,,Goles +1.5,TOTALS OVER.1.5,TOTALS:OVER_1_5,87.1%,0.871200,2.88,1.51,1.509000,,,,EV positivo,No encontrado en Betano,Alta,torneo actual,usa Poisson base con estadisticas de goles del torneo,un gol temprano o baja eficacia puede cambiar la lectura del mercado,
2026-08-23,12:30,Getafe vs Racing Santander,,,SHOTS_ON_TARGET_TOTAL OVER.6.5,SHOTS_ON_TARGET_TOTAL OVER.6.5,SHOTS_ON_TARGET_TOTAL:OVER_6_5,87.0%,0.869900,,,,,,,Sin cuota/EV,No encontrado en Betano,Alta,contexto premium torneo actual,usa promedios del contexto premium/API-Football,el volumen ofensivo puede variar por planteamiento y marcador temprano,
2026-08-23,12:30,Getafe vs Racing Santander,,,Visita tarjetas +0.5,CARDS_AWAY OVER.0.5,CARDS_AWAY:OVER_0_5,86.5%,0.864700,,,,,,,Sin cuota/EV,No encontrado en Betano,Alta,contexto premium torneo actual,usa promedios del contexto premium/API-Football,depende mucho del arbitro y del contexto competitivo,
2026-08-23,12:30,Getafe vs Racing Santander,10Bet,,1T +0.5,FIRST_HALF_TOTALS OVER.0.5,FIRST_HALF_TOTALS:OVER_0_5,86.5%,0.864700,2.80,1.42,1.421100,,,,EV positivo,No encontrado en Betano,Alta,contexto premium torneo actual,usa promedios del contexto premium/API-Football,el primer tiempo puede tener ritmo bajo o rotaciones,
2026-08-23,12:30,Getafe vs Racing Santander,,,Visita tarjetas -3.5,CARDS_AWAY UNDER.3.5,CARDS_AWAY:UNDER_3_5,85.7%,0.857100,,,,,,,Sin cuota/EV,No encontrado en Betano,Alta,contexto premium torneo actual,usa promedios del contexto premium/API-Football,depende mucho del arbitro y del contexto competitivo,
2026-08-23,12:30,Getafe vs Racing Santander,,,DOUBLE_CHANCE X2,DOUBLE_CHANCE X2,DOUBLE_CHANCE:X2,85.5%,0.854900,,,,,,,Sin cuota/EV,No encontrado en Betano,Alta,torneo actual,usa Poisson base con estadisticas de goles del torneo,riesgo propio del resultado final y variacion del modelo,
2026-08-23,12:30,Getafe vs Racing Santander,10Bet,,Corners total +8.5,CORNERS_TOTALS OVER.8.5,CORNERS_TOTALS:OVER_8_5,84.5%,0.845000,1.77,0.50,0.495600,,,,EV positivo,No encontrado en Betano,Alta,contexto premium torneo actual,usa promedios del contexto premium/API-Football,el volumen ofensivo puede variar por planteamiento y marcador temprano,
2026-08-23,12:30,Getafe vs Racing Santander,,,DOUBLE_CHANCE 12,DOUBLE_CHANCE 12,DOUBLE_CHANCE:12,82.8%,0.827700,,,,,,,Sin cuota/EV,No encontrado en Betano,Alta,torneo actual,usa Poisson base con estadisticas de goles del torneo,riesgo propio del resultado final y variacion del modelo,
2026-08-23,12:30,Getafe vs Racing Santander,10Bet,,DNB visita,DRAW_NO_BET AWAY,DRAW_NO_BET:AWAY,82.5%,0.824700,2.35,0.94,0.938100,,,,EV positivo,No encontrado en Betano,Alta,torneo actual,usa Poisson base con estadisticas de goles del torneo,riesgo propio del resultado final y variacion del modelo,
2026-08-23,12:30,Getafe vs Racing Santander,,,Local tarjetas +1.5,CARDS_HOME OVER.1.5,CARDS_HOME:OVER_1_5,80.1%,0.800900,,,,,,,Sin cuota/EV,No encontrado en Betano,Alta,contexto premium torneo actual,usa promedios del contexto premium/API-Football,depende mucho del arbitro y del contexto competitivo,
2026-08-23,12:30,Getafe vs Racing Santander,10Bet,,Visita corners +3.5,CORNERS_AWAY OVER.3.5,CORNERS_AWAY:OVER_3_5,79.8%,0.798300,1.73,0.38,0.381100,,,,EV positivo,No encontrado en Betano,Alta,contexto premium torneo actual,usa promedios del contexto premium/API-Football,el volumen ofensivo puede variar por planteamiento y marcador temprano,
2026-08-23,12:30,Getafe vs Racing Santander,,,SHOTS_ON_TARGET_TOTAL OVER.7.5,SHOTS_ON_TARGET_TOTAL OVER.7.5,SHOTS_ON_TARGET_TOTAL:OVER_7_5,78.0%,0.779800,,,,,,,Sin cuota/EV,No encontrado en Betano,Alta,contexto premium torneo actual,usa promedios del contexto premium/API-Football,el volumen ofensivo puede variar por planteamiento y marcador temprano,
2026-08-23,12:30,Getafe vs Racing Santander,,,SHOTS_TOTAL OVER.22.5,SHOTS_TOTAL OVER.22.5,SHOTS_TOTAL:OVER_22_5,77.8%,0.777700,,,,,,,Sin cuota/EV,No encontrado en Betano,Alta,contexto premium torneo actual,usa promedios del contexto premium/API-Football,el volumen ofensivo puede variar por planteamiento y marcador temprano,
2026-08-23,12:30,Getafe vs Racing Santander,10Bet,,Local corners +4.5,CORNERS_HOME OVER.4.5,CORNERS_HOME:OVER_4_5,77.6%,0.776300,1.65,0.28,0.280900,,,,EV positivo,No encontrado en Betano,Alta,contexto premium torneo actual,usa promedios del contexto premium/API-Football,el volumen ofensivo puede variar por planteamiento y marcador temprano,
2026-08-23,12:30,Getafe vs Racing Santander,,,Tarjetas total -6.5,CARDS_TOTALS UNDER.6.5,CARDS_TOTALS:UNDER_6_5,76.2%,0.762200,,,,,,,Sin cuota/EV,No encontrado en Betano,Alta,contexto premium torneo actual,usa promedios del contexto premium/API-Football,depende mucho del arbitro y del contexto competitivo,
2026-08-23,12:30,Getafe vs Racing Santander,,,Corners total +9.5,CORNERS_TOTALS OVER.9.5,CORNERS_TOTALS:OVER_9_5,75.8%,0.757600,,,,,,,Sin cuota/EV,No encontrado en Betano,Alta,contexto premium torneo actual,usa promedios del contexto premium/API-Football,el volumen ofensivo puede variar por planteamiento y marcador temprano,
2026-08-23,12:30,Getafe vs Racing Santander,,,Tarjetas total +3.5,CARDS_TOTALS OVER.3.5,CARDS_TOTALS:OVER_3_5,73.5%,0.735000,,,,,,,Sin cuota/EV,No encontrado en Betano,Alta,contexto premium torneo actual,usa promedios del contexto premium/API-Football,depende mucho del arbitro y del contexto competitivo,
2026-08-23,12:30,Getafe vs Racing Santander,,,Visita goles +1.5,TEAM_TOTAL_AWAY OVER.1.5,TEAM_TOTAL_AWAY:OVER_1_5,71.2%,0.711600,,,,,,,Sin cuota/EV,No encontrado en Betano,Alta,torneo actual,usa Poisson base con estadisticas de goles del torneo,un gol temprano o baja eficacia puede cambiar la lectura del mercado,
2026-08-23,12:30,Getafe vs Racing Santander,,,Local goles -1.5,TEAM_TOTAL_HOME UNDER.1.5,TEAM_TOTAL_HOME:UNDER_1_5,70.7%,0.706700,,,,,,,Sin cuota/EV,No encontrado en Betano,Alta,torneo actual,usa Poisson base con estadisticas de goles del torneo,un gol temprano o baja eficacia puede cambiar la lectura del mercado,
2026-08-23,12:30,Getafe vs Racing Santander,10Bet,,Goles +2.5,TOTALS OVER.2.5,TOTALS:OVER_2_5,69.3%,0.692600,6.60,3.57,3.570900,,,,EV positivo,No encontrado en Betano,Media,torneo actual,usa Poisson base con estadisticas de goles del torneo,un gol temprano o baja eficacia puede cambiar la lectura del mercado,
2026-08-23,12:30,Getafe vs Racing Santander,,,Visita corners -6.5,CORNERS_AWAY UNDER.6.5,CORNERS_AWAY:UNDER_6_5,68.6%,0.686000,,,,,,,Sin cuota/EV,No encontrado en Betano,Media,contexto premium torneo actual,usa promedios del contexto premium/API-Football,el volumen ofensivo puede variar por planteamiento y marcador temprano,
2026-08-23,12:30,Getafe vs Racing Santander,10Bet,,Gana visita,1X2 AWAY,1X2:AWAY,68.3%,0.682700,5.75,2.93,2.925300,,,,EV positivo,No encontrado en Betano,Media,torneo actual,usa Poisson base con estadisticas de goles del torneo,riesgo propio del resultado final y variacion del modelo,
2026-08-23,12:30,Getafe vs Racing Santander,,,Visita tarjetas -2.5,CARDS_AWAY UNDER.2.5,CARDS_AWAY:UNDER_2_5,67.7%,0.676700,,,,,,,Sin cuota/EV,No encontrado en Betano,Media,contexto premium torneo actual,usa promedios del contexto premium/API-Football,depende mucho del arbitro y del contexto competitivo,
2026-08-23,12:30,Getafe vs Racing Santander,,,SHOTS_ON_TARGET_TOTAL OVER.8.5,SHOTS_ON_TARGET_TOTAL OVER.8.5,SHOTS_ON_TARGET_TOTAL:OVER_8_5,66.7%,0.667200,,,,,,,Sin cuota/EV,No encontrado en Betano,Media,contexto premium torneo actual,usa promedios del contexto premium/API-Football,el volumen ofensivo puede variar por planteamiento y marcador temprano,
2026-08-23,12:30,Getafe vs Racing Santander,,,Local goles +0.5,TEAM_TOTAL_HOME OVER.0.5,TEAM_TOTAL_HOME:OVER_0_5,66.0%,0.659600,,,,,,,Sin cuota/EV,No encontrado en Betano,Media,torneo actual,usa Poisson base con estadisticas de goles del torneo,un gol temprano o baja eficacia puede cambiar la lectura del mercado,
2026-08-23,12:30,Getafe vs Racing Santander,,,Corners total +10.5,CORNERS_TOTALS OVER.10.5,CORNERS_TOTALS:OVER_10_5,65.3%,0.652800,,,,,,,Sin cuota/EV,No encontrado en Betano,Media,contexto premium torneo actual,usa promedios del contexto premium/API-Football,el volumen ofensivo puede variar por planteamiento y marcador temprano,
2026-08-23,12:30,Getafe vs Racing Santander,,,Local tarjetas -3.5,CARDS_HOME UNDER.3.5,CARDS_HOME:UNDER_3_5,64.7%,0.647200,,,,,,,Sin cuota/EV,No encontrado en Betano,Media,contexto premium torneo actual,usa promedios del contexto premium/API-Football,depende mucho del arbitro y del contexto competitivo,
2026-08-23,12:30,Getafe vs Racing Santander,,,Visita corners +4.5,CORNERS_AWAY OVER.4.5,CORNERS_AWAY:OVER_4_5,64.2%,0.642500,,,,,,,Sin cuota/EV,No encontrado en Betano,Media,contexto premium torneo actual,usa promedios del contexto premium/API-Football,el volumen ofensivo puede variar por planteamiento y marcador temprano,
2026-08-23,12:30,Getafe vs Racing Santander,,,SHOTS_TOTAL OVER.24.5,SHOTS_TOTAL OVER.24.5,SHOTS_TOTAL:OVER_24_5,64.1%,0.640800,,,,,,,Sin cuota/EV,No encontrado en Betano,Media,contexto premium torneo actual,usa promedios del contexto premium/API-Football,el volumen ofensivo puede variar por planteamiento y marcador temprano,
2026-08-23,12:30,Getafe vs Racing Santander,,,Local corners +5.5,CORNERS_HOME OVER.5.5,CORNERS_HOME:OVER_5_5,63.1%,0.631000,,,,,,,Sin cuota/EV,No encontrado en Betano,Media,contexto premium torneo actual,usa promedios del contexto premium/API-Football,el volumen ofensivo puede variar por planteamiento y marcador temprano,
2026-08-23,12:30,Getafe vs Racing Santander,,,Tarjetas total -5.5,CARDS_TOTALS UNDER.5.5,CARDS_TOTALS:UNDER_5_5,61.6%,0.616000,,,,,,,Sin cuota/EV,No encontrado en Betano,Media,contexto premium torneo actual,usa promedios del contexto premium/API-Football,depende mucho del arbitro y del contexto competitivo,
2026-08-23,12:30,Getafe vs Racing Santander,10Bet,,BTTS sí,BTTS YES,BTTS:YES,60.5%,0.605400,5.25,2.18,2.178600,,,,EV positivo,No encontrado en Betano,Media,torneo actual,usa Poisson base con estadisticas de goles del torneo,un gol temprano o baja eficacia puede cambiar la lectura del mercado,
2026-08-23,12:30,Getafe vs Racing Santander,,,Visita tarjetas +1.5,CARDS_AWAY OVER.1.5,CARDS_AWAY:OVER_1_5,59.4%,0.594000,,,,,,,Sin cuota/EV,No encontrado en Betano,Media,contexto premium torneo actual,usa promedios del contexto premium/API-Football,depende mucho del arbitro y del contexto competitivo,
2026-08-23,12:30,Getafe vs Racing Santander,10Bet,,1T +1.5,FIRST_HALF_TOTALS OVER.1.5,FIRST_HALF_TOTALS:OVER_1_5,59.4%,0.594000,6.50,2.86,2.861000,,,,EV positivo,No encontrado en Betano,Media,contexto premium torneo actual,usa promedios del contexto premium/API-Football,el primer tiempo puede tener ritmo bajo o rotaciones,
2026-08-23,12:30,Getafe vs Racing Santander,,,Local tarjetas +2.5,CARDS_HOME OVER.2.5,CARDS_HOME:OVER_2_5,57.7%,0.576800,,,,,,,Sin cuota/EV,No encontrado en Betano,Media,contexto premium torneo actual,usa promedios del contexto premium/API-Football,depende mucho del arbitro y del contexto competitivo,
2026-08-23,12:30,Getafe vs Racing Santander,,,Tarjetas total +4.5,CARDS_TOTALS OVER.4.5,CARDS_TOTALS:OVER_4_5,56.0%,0.559500,,,,,,,Sin cuota/EV,No encontrado en Betano,Media,contexto premium torneo actual,usa promedios del contexto premium/API-Football,depende mucho del arbitro y del contexto competitivo,
2026-08-23,12:30,Getafe vs Racing Santander,,,Visita goles -2.5,TEAM_TOTAL_AWAY UNDER.2.5,TEAM_TOTAL_AWAY:UNDER_2_5,54.5%,0.545000,,,,,,,Sin cuota/EV,No encontrado en Betano,Baja,torneo actual,usa Poisson base con estadisticas de goles del torneo,un gol temprano o baja eficacia puede cambiar la lectura del mercado,
2026-08-23,12:30,Getafe vs Racing Santander,,,SHOTS_ON_TARGET_TOTAL OVER.9.5,SHOTS_ON_TARGET_TOTAL OVER.9.5,SHOTS_ON_TARGET_TOTAL:OVER_9_5,54.2%,0.542100,,,,,,,Sin cuota/EV,No encontrado en Betano,Baja,contexto premium torneo actual,usa promedios del contexto premium/API-Football,el volumen ofensivo puede variar por planteamiento y marcador temprano,
2026-08-23,12:30,Getafe vs Racing Santander,,,Corners total +11.5,CORNERS_TOTALS OVER.11.5,CORNERS_TOTALS:OVER_11_5,53.8%,0.538400,,,,,,,Sin cuota/EV,No encontrado en Betano,Baja,contexto premium torneo actual,usa promedios del contexto premium/API-Football,el volumen ofensivo puede variar por planteamiento y marcador temprano,
2026-08-23,12:30,Getafe vs Racing Santander,,,Visita corners -5.5,CORNERS_AWAY UNDER.5.5,CORNERS_AWAY:UNDER_5_5,52.9%,0.528900,,,,,,,Sin cuota/EV,No encontrado en Betano,Baja,contexto premium torneo actual,usa promedios del contexto premium/API-Football,el volumen ofensivo puede variar por planteamiento y marcador temprano,
2026-08-23,12:30,Getafe vs Racing Santander,,,Local corners -6.5,CORNERS_HOME UNDER.6.5,CORNERS_HOME:UNDER_6_5,52.6%,0.526500,,,,,,,Sin cuota/EV,No encontrado en Betano,Baja,contexto premium torneo actual,usa promedios del contexto premium/API-Football,el volumen ofensivo puede variar por planteamiento y marcador temprano,
2026-08-23,12:30,Getafe vs Racing Santander,10Bet,,Goles -3.5,TOTALS UNDER.3.5,TOTALS:UNDER_3_5,52.1%,0.520600,1.14,-0.41,-0.406500,,,,EV negativo,No encontrado en Betano,Baja,torneo actual,usa Poisson base con estadisticas de goles del torneo,un gol temprano o baja eficacia puede cambiar la lectura del mercado,
2026-08-23,12:30,Getafe vs Racing Santander,,,SHOTS_TOTAL UNDER.26.5,SHOTS_TOTAL UNDER.26.5,SHOTS_TOTAL:UNDER_26_5,51.3%,0.513000,,,,,,,Sin cuota/EV,No encontrado en Betano,Baja,contexto premium torneo actual,usa promedios del contexto premium/API-Football,el volumen ofensivo puede variar por planteamiento y marcador temprano,
2026-08-23,12:30,Getafe vs Racing Santander,,,SHOTS_TOTAL OVER.26.5,SHOTS_TOTAL OVER.26.5,SHOTS_TOTAL:OVER_26_5,48.7%,0.487000,,,,,,,Sin cuota/EV,No encontrado en Betano,Baja,contexto premium torneo actual,usa promedios del contexto premium/API-Football,el volumen ofensivo puede variar por planteamiento y marcador temprano,
2026-08-23,12:30,Getafe vs Racing Santander,10Bet,,Goles +3.5,TOTALS OVER.3.5,TOTALS:OVER_3_5,47.9%,0.479400,5.50,1.64,1.636600,,,,EV positivo,No encontrado en Betano,Baja,torneo actual,usa Poisson base con estadisticas de goles del torneo,un gol temprano o baja eficacia puede cambiar la lectura del mercado,
2026-08-23,12:30,Getafe vs Racing Santander,,,Local corners +6.5,CORNERS_HOME OVER.6.5,CORNERS_HOME:OVER_6_5,47.3%,0.473500,,,,,,,Sin cuota/EV,No encontrado en Betano,Baja,contexto premium torneo actual,usa promedios del contexto premium/API-Football,el volumen ofensivo puede variar por planteamiento y marcador temprano,
2026-08-23,12:30,Getafe vs Racing Santander,,,Visita corners +5.5,CORNERS_AWAY OVER.5.5,CORNERS_AWAY:OVER_5_5,47.1%,0.471100,,,,,,,Sin cuota/EV,No encontrado en Betano,Baja,contexto premium torneo actual,usa promedios del contexto premium/API-Football,el volumen ofensivo puede variar por planteamiento y marcador temprano,
2026-08-23,12:30,Getafe vs Racing Santander,,,Corners total -11.5,CORNERS_TOTALS UNDER.11.5,CORNERS_TOTALS:UNDER_11_5,46.2%,0.461600,,,,,,,Sin cuota/EV,No encontrado en Betano,Baja,contexto premium torneo actual,usa promedios del contexto premium/API-Football,el volumen ofensivo puede variar por planteamiento y marcador temprano,
2026-08-23,12:30,Getafe vs Racing Santander,,,SHOTS_ON_TARGET_TOTAL UNDER.9.5,SHOTS_ON_TARGET_TOTAL UNDER.9.5,SHOTS_ON_TARGET_TOTAL:UNDER_9_5,45.8%,0.457900,,,,,,,Sin cuota/EV,No encontrado en Betano,Baja,contexto premium torneo actual,usa promedios del contexto premium/API-Football,el volumen ofensivo puede variar por planteamiento y marcador temprano,
2026-08-23,12:30,Getafe vs Racing Santander,,,Visita goles +2.5,TEAM_TOTAL_AWAY OVER.2.5,TEAM_TOTAL_AWAY:OVER_2_5,45.5%,0.455000,,,,,,,Sin cuota/EV,No encontrado en Betano,Baja,torneo actual,usa Poisson base con estadisticas de goles del torneo,un gol temprano o baja eficacia puede cambiar la lectura del mercado,
2026-08-23,12:30,Getafe vs Racing Santander,,,Tarjetas total -4.5,CARDS_TOTALS UNDER.4.5,CARDS_TOTALS:UNDER_4_5,44.0%,0.440500,,,,,,,Sin cuota/EV,No encontrado en Betano,Baja,contexto premium torneo actual,usa promedios del contexto premium/API-Football,depende mucho del arbitro y del contexto competitivo,
2026-08-23,12:30,Getafe vs Racing Santander,,,Local tarjetas -2.5,CARDS_HOME UNDER.2.5,CARDS_HOME:UNDER_2_5,42.3%,0.423200,,,,,,,Sin cuota/EV,No encontrado en Betano,Baja,contexto premium torneo actual,usa promedios del contexto premium/API-Football,depende mucho del arbitro y del contexto competitivo,
2026-08-23,12:30,Getafe vs Racing Santander,,,Visita tarjetas -1.5,CARDS_AWAY UNDER.1.5,CARDS_AWAY:UNDER_1_5,40.6%,0.406000,,,,,,,Sin cuota/EV,No encontrado en Betano,Baja,contexto premium torneo actual,usa promedios del contexto premium/API-Football,depende mucho del arbitro y del contexto competitivo,
2026-08-23,12:30,Getafe vs Racing Santander,10Bet,,1T -1.5,FIRST_HALF_TOTALS UNDER.1.5,FIRST_HALF_TOTALS:UNDER_1_5,40.6%,0.406000,1.08,-0.56,-0.561500,,,,EV negativo,No encontrado en Betano,Baja,contexto premium torneo actual,usa promedios del contexto premium/API-Football,el primer tiempo puede tener ritmo bajo o rotaciones,
2026-08-23,12:30,Getafe vs Racing Santander,10Bet,,BTTS no,BTTS NO,BTTS:NO,39.5%,0.394600,1.12,-0.56,-0.558100,,,,EV negativo,No encontrado en Betano,Baja,torneo actual,usa Poisson base con estadisticas de goles del torneo,un gol temprano o baja eficacia puede cambiar la lectura del mercado,
2026-08-23,12:30,Getafe vs Racing Santander,,,Tarjetas total +5.5,CARDS_TOTALS OVER.5.5,CARDS_TOTALS:OVER_5_5,38.4%,0.384000,,,,,,,Sin cuota/EV,No encontrado en Betano,Baja,contexto premium torneo actual,usa promedios del contexto premium/API-Football,depende mucho del arbitro y del contexto competitivo,
2026-08-23,12:30,Getafe vs Racing Santander,,,Local corners -5.5,CORNERS_HOME UNDER.5.5,CORNERS_HOME:UNDER_5_5,36.9%,0.369000,,,,,,,Sin cuota/EV,No encontrado en Betano,Baja,contexto premium torneo actual,usa promedios del contexto premium/API-Football,el volumen ofensivo puede variar por planteamiento y marcador temprano,
2026-08-23,12:30,Getafe vs Racing Santander,,,SHOTS_TOTAL UNDER.24.5,SHOTS_TOTAL UNDER.24.5,SHOTS_TOTAL:UNDER_24_5,35.9%,0.359200,,,,,,,Sin cuota/EV,No encontrado en Betano,Baja,contexto premium torneo actual,usa promedios del contexto premium/API-Football,el volumen ofensivo puede variar por planteamiento y marcador temprano,
2026-08-23,12:30,Getafe vs Racing Santander,,,Visita corners -4.5,CORNERS_AWAY UNDER.4.5,CORNERS_AWAY:UNDER_4_5,35.8%,0.357500,,,,,,,Sin cuota/EV,No encontrado en Betano,Baja,contexto premium torneo actual,usa promedios del contexto premium/API-Football,el volumen ofensivo puede variar por planteamiento y marcador temprano,
2026-08-23,12:30,Getafe vs Racing Santander,,,Local tarjetas +3.5,CARDS_HOME OVER.3.5,CARDS_HOME:OVER_3_5,35.3%,0.352800,,,,,,,Sin cuota/EV,No encontrado en Betano,Baja,contexto premium torneo actual,usa promedios del contexto premium/API-Football,depende mucho del arbitro y del contexto competitivo,
2026-08-23,12:30,Getafe vs Racing Santander,,,Corners total -10.5,CORNERS_TOTALS UNDER.10.5,CORNERS_TOTALS:UNDER_10_5,34.7%,0.347200,,,,,,,Sin cuota/EV,No encontrado en Betano,Baja,contexto premium torneo actual,usa promedios del contexto premium/API-Football,el volumen ofensivo puede variar por planteamiento y marcador temprano,
2026-08-23,12:30,Getafe vs Racing Santander,,,Local goles -0.5,TEAM_TOTAL_HOME UNDER.0.5,TEAM_TOTAL_HOME:UNDER_0_5,34.0%,0.340400,,,,,,,Sin cuota/EV,No encontrado en Betano,Baja,torneo actual,usa Poisson base con estadisticas de goles del torneo,un gol temprano o baja eficacia puede cambiar la lectura del mercado,
2026-08-23,12:30,Getafe vs Racing Santander,,,SHOTS_ON_TARGET_TOTAL UNDER.8.5,SHOTS_ON_TARGET_TOTAL UNDER.8.5,SHOTS_ON_TARGET_TOTAL:UNDER_8_5,33.3%,0.332800,,,,,,,Sin cuota/EV,No encontrado en Betano,Baja,contexto premium torneo actual,usa promedios del contexto premium/API-Football,el volumen ofensivo puede variar por planteamiento y marcador temprano,
2026-08-23,12:30,Getafe vs Racing Santander,,,Visita tarjetas +2.5,CARDS_AWAY OVER.2.5,CARDS_AWAY:OVER_2_5,32.3%,0.323300,,,,,,,Sin cuota/EV,No encontrado en Betano,Baja,contexto premium torneo actual,usa promedios del contexto premium/API-Football,depende mucho del arbitro y del contexto competitivo,
2026-08-23,12:30,Getafe vs Racing Santander,,,DOUBLE_CHANCE 1X,DOUBLE_CHANCE 1X,DOUBLE_CHANCE:1X,31.7%,0.317300,,,,,,,Sin cuota/EV,No encontrado en Betano,Baja,torneo actual,usa Poisson base con estadisticas de goles del torneo,riesgo propio del resultado final y variacion del modelo,
2026-08-23,12:30,Getafe vs Racing Santander,,,Visita corners +6.5,CORNERS_AWAY OVER.6.5,CORNERS_AWAY:OVER_6_5,31.4%,0.314000,,,,,,,Sin cuota/EV,No encontrado en Betano,Baja,contexto premium torneo actual,usa promedios del contexto premium/API-Football,el volumen ofensivo puede variar por planteamiento y marcador temprano,
2026-08-23,12:30,Getafe vs Racing Santander,10Bet,,Goles -2.5,TOTALS UNDER.2.5,TOTALS:UNDER_2_5,30.7%,0.307400,1.07,-0.67,-0.671000,,,,EV negativo,No encontrado en Betano,Baja,torneo actual,usa Poisson base con estadisticas de goles del torneo,un gol temprano o baja eficacia puede cambiar la lectura del mercado,
2026-08-23,12:30,Getafe vs Racing Santander,,,Local goles +1.5,TEAM_TOTAL_HOME OVER.1.5,TEAM_TOTAL_HOME:OVER_1_5,29.3%,0.293300,,,,,,,Sin cuota/EV,No encontrado en Betano,Baja,torneo actual,usa Poisson base con estadisticas de goles del torneo,un gol temprano o baja eficacia puede cambiar la lectura del mercado,
2026-08-23,12:30,Getafe vs Racing Santander,,,Visita goles -1.5,TEAM_TOTAL_AWAY UNDER.1.5,TEAM_TOTAL_AWAY:UNDER_1_5,28.8%,0.288400,,,,,,,Sin cuota/EV,No encontrado en Betano,Baja,torneo actual,usa Poisson base con estadisticas de goles del torneo,un gol temprano o baja eficacia puede cambiar la lectura del mercado,
2026-08-23,12:30,Getafe vs Racing Santander,,,Tarjetas total -3.5,CARDS_TOTALS UNDER.3.5,CARDS_TOTALS:UNDER_3_5,26.5%,0.265000,,,,,,,Sin cuota/EV,No encontrado en Betano,Baja,contexto premium torneo actual,usa promedios del contexto premium/API-Football,depende mucho del arbitro y del contexto competitivo,
2026-08-23,12:30,Getafe vs Racing Santander,,,Corners total -9.5,CORNERS_TOTALS UNDER.9.5,CORNERS_TOTALS:UNDER_9_5,24.2%,0.242400,,,,,,,Sin cuota/EV,No encontrado en Betano,Baja,contexto premium torneo actual,usa promedios del contexto premium/API-Football,el volumen ofensivo puede variar por planteamiento y marcador temprano,
2026-08-23,12:30,Getafe vs Racing Santander,,,Tarjetas total +6.5,CARDS_TOTALS OVER.6.5,CARDS_TOTALS:OVER_6_5,23.8%,0.237800,,,,,,,Sin cuota/EV,No encontrado en Betano,Baja,contexto premium torneo actual,usa promedios del contexto premium/API-Football,depende mucho del arbitro y del contexto competitivo,
2026-08-23,12:30,Getafe vs Racing Santander,10Bet,,Local corners -4.5,CORNERS_HOME UNDER.4.5,CORNERS_HOME:UNDER_4_5,22.4%,0.223700,1.95,-0.56,-0.563800,,,,EV negativo,No encontrado en Betano,Baja,contexto premium torneo actual,usa promedios del contexto premium/API-Football,el volumen ofensivo puede variar por planteamiento y marcador temprano,
2026-08-23,12:30,Getafe vs Racing Santander,,,SHOTS_TOTAL UNDER.22.5,SHOTS_TOTAL UNDER.22.5,SHOTS_TOTAL:UNDER_22_5,22.2%,0.222300,,,,,,,Sin cuota/EV,No encontrado en Betano,Baja,contexto premium torneo actual,usa promedios del contexto premium/API-Football,el volumen ofensivo puede variar por planteamiento y marcador temprano,
2026-08-23,12:30,Getafe vs Racing Santander,,,SHOTS_ON_TARGET_TOTAL UNDER.7.5,SHOTS_ON_TARGET_TOTAL UNDER.7.5,SHOTS_ON_TARGET_TOTAL:UNDER_7_5,22.0%,0.220200,,,,,,,Sin cuota/EV,No encontrado en Betano,Baja,contexto premium torneo actual,usa promedios del contexto premium/API-Football,el volumen ofensivo puede variar por planteamiento y marcador temprano,
2026-08-23,12:30,Getafe vs Racing Santander,10Bet,,Visita corners -3.5,CORNERS_AWAY UNDER.3.5,CORNERS_AWAY:UNDER_3_5,20.2%,0.201700,1.85,-0.63,-0.626900,,,,EV negativo,No encontrado en Betano,Baja,contexto premium torneo actual,usa promedios del contexto premium/API-Football,el volumen ofensivo puede variar por planteamiento y marcador temprano,
2026-08-23,12:30,Getafe vs Racing Santander,,,Local tarjetas -1.5,CARDS_HOME UNDER.1.5,CARDS_HOME:UNDER_1_5,19.9%,0.199100,,,,,,,Sin cuota/EV,No encontrado en Betano,Baja,contexto premium torneo actual,usa promedios del contexto premium/API-Football,depende mucho del arbitro y del contexto competitivo,
2026-08-23,12:30,Getafe vs Racing Santander,10Bet,,DNB local,DRAW_NO_BET HOME,DRAW_NO_BET:HOME,17.5%,0.175300,1.53,-0.73,-0.731800,,,,EV negativo,No encontrado en Betano,Baja,torneo actual,usa Poisson base con estadisticas de goles del torneo,riesgo propio del resultado final y variacion del modelo,
2026-08-23,12:30,Getafe vs Racing Santander,10Bet,,Empate,1X2 DRAW,1X2:DRAW,17.2%,0.172300,1.57,-0.73,-0.729600,,,,EV negativo,No encontrado en Betano,Baja,torneo actual,usa Poisson base con estadisticas de goles del torneo,riesgo propio del resultado final y variacion del modelo,
2026-08-23,12:30,Getafe vs Racing Santander,10Bet,,Corners total -8.5,CORNERS_TOTALS UNDER.8.5,CORNERS_TOTALS:UNDER_8_5,15.5%,0.155000,1.85,-0.71,-0.713200,,,,EV negativo,No encontrado en Betano,Baja,contexto premium torneo actual,usa promedios del contexto premium/API-Football,el volumen ofensivo puede variar por planteamiento y marcador temprano,
2026-08-23,12:30,Getafe vs Racing Santander,10Bet,,Gana local,1X2 HOME,1X2:HOME,14.5%,0.145100,3.75,-0.46,-0.455900,,,,EV negativo,No encontrado en Betano,Baja,torneo actual,usa Poisson base con estadisticas de goles del torneo,riesgo propio del resultado final y variacion del modelo,
2026-08-23,12:30,Getafe vs Racing Santander,,,Visita tarjetas +3.5,CARDS_AWAY OVER.3.5,CARDS_AWAY:OVER_3_5,14.3%,0.142900,,,,,,,Sin cuota/EV,No encontrado en Betano,Baja,contexto premium torneo actual,usa promedios del contexto premium/API-Football,depende mucho del arbitro y del contexto competitivo,
2026-08-23,12:30,Getafe vs Racing Santander,,,Visita tarjetas -0.5,CARDS_AWAY UNDER.0.5,CARDS_AWAY:UNDER_0_5,13.5%,0.135300,,,,,,,Sin cuota/EV,No encontrado en Betano,Baja,contexto premium torneo actual,usa promedios del contexto premium/API-Football,depende mucho del arbitro y del contexto competitivo,
2026-08-23,12:30,Getafe vs Racing Santander,10Bet,,1T -0.5,FIRST_HALF_TOTALS UNDER.0.5,FIRST_HALF_TOTALS:UNDER_0_5,13.5%,0.135300,1.40,-0.81,-0.810500,,,,EV negativo,No encontrado en Betano,Baja,contexto premium torneo actual,usa promedios del contexto premium/API-Football,el primer tiempo puede tener ritmo bajo o rotaciones,
2026-08-23,12:30,Getafe vs Racing Santander,,,SHOTS_ON_TARGET_TOTAL UNDER.6.5,SHOTS_ON_TARGET_TOTAL UNDER.6.5,SHOTS_ON_TARGET_TOTAL:UNDER_6_5,13.0%,0.130100,,,,,,,Sin cuota/EV,No encontrado en Betano,Baja,contexto premium torneo actual,usa promedios del contexto premium/API-Football,el volumen ofensivo puede variar por planteamiento y marcador temprano,
2026-08-23,12:30,Getafe vs Racing Santander,10Bet,,Goles -1.5,TOTALS UNDER.1.5,TOTALS:UNDER_1_5,12.9%,0.128800,1.36,-0.82,-0.824800,,,,EV negativo,No encontrado en Betano,Baja,torneo actual,usa Poisson base con estadisticas de goles del torneo,un gol temprano o baja eficacia puede cambiar la lectura del mercado,
2026-08-23,12:30,Getafe vs Racing Santander,,,Tarjetas total -2.5,CARDS_TOTALS UNDER.2.5,CARDS_TOTALS:UNDER_2_5,12.5%,0.124700,,,,,,,Sin cuota/EV,No encontrado en Betano,Baja,contexto premium torneo actual,usa promedios del contexto premium/API-Football,depende mucho del arbitro y del contexto competitivo,
2026-08-23,12:30,Getafe vs Racing Santander,,,SHOTS_TOTAL UNDER.20.5,SHOTS_TOTAL UNDER.20.5,SHOTS_TOTAL:UNDER_20_5,11.9%,0.118900,,,,,,,Sin cuota/EV,No encontrado en Betano,Baja,contexto premium torneo actual,usa promedios del contexto premium/API-Football,el volumen ofensivo puede variar por planteamiento y marcador temprano,
2026-08-23,12:30,Getafe vs Racing Santander,,,Local corners -3.5,CORNERS_HOME UNDER.3.5,CORNERS_HOME:UNDER_3_5,11.2%,0.111800,,,,,,,Sin cuota/EV,No encontrado en Betano,Baja,contexto premium torneo actual,usa promedios del contexto premium/API-Football,el volumen ofensivo puede variar por planteamiento y marcador temprano,
2026-08-23,12:30,Getafe vs Racing Santander,,,Local goles +2.5,TEAM_TOTAL_HOME OVER.2.5,TEAM_TOTAL_HOME:OVER_2_5,9.6%,0.095500,,,,,,,Sin cuota/EV,No encontrado en Betano,Baja,torneo actual,usa Poisson base con estadisticas de goles del torneo,un gol temprano o baja eficacia puede cambiar la lectura del mercado,
2026-08-23,12:30,Getafe vs Racing Santander,,,Corners total -7.5,CORNERS_TOTALS UNDER.7.5,CORNERS_TOTALS:UNDER_7_5,8.9%,0.089500,,,,,,,Sin cuota/EV,No encontrado en Betano,Baja,contexto premium torneo actual,usa promedios del contexto premium/API-Football,el volumen ofensivo puede variar por planteamiento y marcador temprano,
2026-08-23,12:30,Getafe vs Racing Santander,,,Visita goles -0.5,TEAM_TOTAL_AWAY UNDER.0.5,TEAM_TOTAL_AWAY:UNDER_0_5,8.3%,0.083200,,,,,,,Sin cuota/EV,No encontrado en Betano,Baja,torneo actual,usa Poisson base con estadisticas de goles del torneo,un gol temprano o baja eficacia puede cambiar la lectura del mercado,
2026-08-23,12:30,Getafe vs Racing Santander,,,SHOTS_TOTAL UNDER.18.5,SHOTS_TOTAL UNDER.18.5,SHOTS_TOTAL:UNDER_18_5,5.4%,0.053700,,,,,,,Sin cuota/EV,No encontrado en Betano,Baja,contexto premium torneo actual,usa promedios del contexto premium/API-Football,el volumen ofensivo puede variar por planteamiento y marcador temprano,
2026-08-23,12:30,Getafe vs Racing Santander,,,Local tarjetas -0.5,CARDS_HOME UNDER.0.5,CARDS_HOME:UNDER_0_5,5.0%,0.049800,,,,,,,Sin cuota/EV,No encontrado en Betano,Baja,contexto premium torneo actual,usa promedios del contexto premium/API-Football,depende mucho del arbitro y del contexto competitivo,
2026-08-23,13:00,Sport Boys vs Cienciano,,,Local tarjetas +0.5,CARDS_HOME OVER.0.5,CARDS_HOME:OVER_0_5,95.0%,0.950200,,,,,,,Sin cuota/EV,No encontrado en Betano,Alta,contexto premium torneo actual,usa promedios del contexto premium/API-Football,depende mucho del arbitro y del contexto competitivo,
2026-08-23,13:00,Sport Boys vs Cienciano,,,SHOTS_TOTAL OVER.18.5,SHOTS_TOTAL OVER.18.5,SHOTS_TOTAL:OVER_18_5,91.1%,0.911100,,,,,,,Sin cuota/EV,No encontrado en Betano,Alta,contexto premium torneo actual,usa promedios del contexto premium/API-Football,el volumen ofensivo puede variar por planteamiento y marcador temprano,
2026-08-23,13:00,Sport Boys vs Cienciano,,,Visita tarjetas -3.5,CARDS_AWAY UNDER.3.5,CARDS_AWAY:UNDER_3_5,89.1%,0.891300,,,,,,,Sin cuota/EV,No encontrado en Betano,Alta,contexto premium torneo actual,usa promedios del contexto premium/API-Football,depende mucho del arbitro y del contexto competitivo,
2026-08-23,13:00,Sport Boys vs Cienciano,,,Local goles -2.5,TEAM_TOTAL_HOME UNDER.2.5,TEAM_TOTAL_HOME:UNDER_2_5,88.4%,0.884200,,,,,,,Sin cuota/EV,No encontrado en Betano,Alta,torneo actual,usa Poisson base con estadisticas de goles del torneo,un gol temprano o baja eficacia puede cambiar la lectura del mercado,
2026-08-23,13:00,Sport Boys vs Cienciano,,,Visita corners -6.5,CORNERS_AWAY UNDER.6.5,CORNERS_AWAY:UNDER_6_5,87.9%,0.878600,,,,,,,Sin cuota/EV,No encontrado en Betano,Alta,contexto premium torneo actual,usa promedios del contexto premium/API-Football,el volumen ofensivo puede variar por planteamiento y marcador temprano,
2026-08-23,13:00,Sport Boys vs Cienciano,10Bet,,1T -1.5,FIRST_HALF_TOTALS UNDER.1.5,FIRST_HALF_TOTALS:UNDER_1_5,87.8%,0.878100,1.05,-0.08,-0.078000,,,,EV negativo,No encontrado en Betano,Alta,contexto premium torneo actual,usa promedios del contexto premium/API-Football,el primer tiempo puede tener ritmo bajo o rotaciones,
2026-08-23,13:00,Sport Boys vs Cienciano,,,Tarjetas total +2.5,CARDS_TOTALS OVER.2.5,CARDS_TOTALS:OVER_2_5,85.8%,0.857500,,,,,,,Sin cuota/EV,No encontrado en Betano,Alta,contexto premium torneo actual,usa promedios del contexto premium/API-Football,depende mucho del arbitro y del contexto competitivo,
2026-08-23,13:00,Sport Boys vs Cienciano,,,Visita goles -2.5,TEAM_TOTAL_AWAY UNDER.2.5,TEAM_TOTAL_AWAY:UNDER_2_5,84.8%,0.847600,,,,,,,Sin cuota/EV,No encontrado en Betano,Alta,torneo actual,usa Poisson base con estadisticas de goles del torneo,un gol temprano o baja eficacia puede cambiar la lectura del mercado,
2026-08-23,13:00,Sport Boys vs Cienciano,,,Visita tarjetas +0.5,CARDS_AWAY OVER.0.5,CARDS_AWAY:OVER_0_5,83.5%,0.834700,,,,,,,Sin cuota/EV,No encontrado en Betano,Alta,contexto premium torneo actual,usa promedios del contexto premium/API-Football,depende mucho del arbitro y del contexto competitivo,
2026-08-23,13:00,Sport Boys vs Cienciano,,,Corners total -11.5,CORNERS_TOTALS UNDER.11.5,CORNERS_TOTALS:UNDER_11_5,83.1%,0.831100,,,,,,,Sin cuota/EV,No encontrado en Betano,Alta,contexto premium torneo actual,usa promedios del contexto premium/API-Football,el volumen ofensivo puede variar por planteamiento y marcador temprano,
2026-08-23,13:00,Sport Boys vs Cienciano,,,SHOTS_TOTAL OVER.20.5,SHOTS_TOTAL OVER.20.5,SHOTS_TOTAL:OVER_20_5,82.0%,0.819600,,,,,,,Sin cuota/EV,No encontrado en Betano,Alta,contexto premium torneo actual,usa promedios del contexto premium/API-Football,el volumen ofensivo puede variar por planteamiento y marcador temprano,
2026-08-23,13:00,Sport Boys vs Cienciano,,,Local corners -6.5,CORNERS_HOME UNDER.6.5,CORNERS_HOME:UNDER_6_5,81.8%,0.818000,,,,,,,Sin cuota/EV,No encontrado en Betano,Alta,contexto premium torneo actual,usa promedios del contexto premium/API-Football,el volumen ofensivo puede variar por planteamiento y marcador temprano,
2026-08-23,13:00,Sport Boys vs Cienciano,,,Local tarjetas +1.5,CARDS_HOME OVER.1.5,CARDS_HOME:OVER_1_5,80.1%,0.800900,,,,,,,Sin cuota/EV,No encontrado en Betano,Alta,contexto premium torneo actual,usa promedios del contexto premium/API-Football,depende mucho del arbitro y del contexto competitivo,
2026-08-23,13:00,Sport Boys vs Cienciano,,,Tarjetas total -6.5,CARDS_TOTALS UNDER.6.5,CARDS_TOTALS:UNDER_6_5,79.1%,0.790800,,,,,,,Sin cuota/EV,No encontrado en Betano,Alta,contexto premium torneo actual,usa promedios del contexto premium/API-Football,depende mucho del arbitro y del contexto competitivo,
2026-08-23,13:00,Sport Boys vs Cienciano,,,Visita corners -5.5,CORNERS_AWAY UNDER.5.5,CORNERS_AWAY:UNDER_5_5,76.9%,0.769300,,,,,,,Sin cuota/EV,No encontrado en Betano,Alta,contexto premium torneo actual,usa promedios del contexto premium/API-Football,el volumen ofensivo puede variar por planteamiento y marcador temprano,
2026-08-23,13:00,Sport Boys vs Cienciano,,,SHOTS_ON_TARGET_TOTAL UNDER.9.5,SHOTS_ON_TARGET_TOTAL UNDER.9.5,SHOTS_ON_TARGET_TOTAL:UNDER_9_5,76.5%,0.764900,,,,,,,Sin cuota/EV,No encontrado en Betano,Alta,contexto premium torneo actual,usa promedios del contexto premium/API-Football,el volumen ofensivo puede variar por planteamiento y marcador temprano,
2026-08-23,13:00,Sport Boys vs Cienciano,10Bet,,Goles -3.5,TOTALS UNDER.3.5,TOTALS:UNDER_3_5,75.3%,0.753500,1.28,-0.04,-0.035500,,,,EV negativo,No encontrado en Betano,Alta,torneo actual,usa Poisson base con estadisticas de goles del torneo,un gol temprano o baja eficacia puede cambiar la lectura del mercado,
2026-08-23,13:00,Sport Boys vs Cienciano,,,Corners total -10.5,CORNERS_TOTALS UNDER.10.5,CORNERS_TOTALS:UNDER_10_5,74.1%,0.740900,,,,,,,Sin cuota/EV,No encontrado en Betano,Alta,contexto premium torneo actual,usa promedios del contexto premium/API-Football,el volumen ofensivo puede variar por planteamiento y marcador temprano,
2026-08-23,13:00,Sport Boys vs Cienciano,,,Visita goles +0.5,TEAM_TOTAL_AWAY OVER.0.5,TEAM_TOTAL_AWAY:OVER_0_5,73.8%,0.738400,,,,,,,Sin cuota/EV,No encontrado en Betano,Alta,torneo actual,usa Poisson base con estadisticas de goles del torneo,un gol temprano o baja eficacia puede cambiar la lectura del mercado,
2026-08-23,13:00,Sport Boys vs Cienciano,,,DOUBLE_CHANCE 12,DOUBLE_CHANCE 12,DOUBLE_CHANCE:12,73.2%,0.732200,,,,,,,Sin cuota/EV,No encontrado en Betano,Alta,torneo actual,usa Poisson base con estadisticas de goles del torneo,riesgo propio del resultado final y variacion del modelo,
2026-08-23,13:00,Sport Boys vs Cienciano,,,Visita tarjetas -2.5,CARDS_AWAY UNDER.2.5,CARDS_AWAY:UNDER_2_5,73.1%,0.730600,,,,,,,Sin cuota/EV,No encontrado en Betano,Alta,contexto premium torneo actual,usa promedios del contexto premium/API-Football,depende mucho del arbitro y del contexto competitivo,
2026-08-23,13:00,Sport Boys vs Cienciano,10Bet,,Goles +1.5,TOTALS OVER.1.5,TOTALS:OVER_1_5,71.7%,0.716600,1.33,-0.05,-0.046900,,,,EV negativo,No encontrado en Betano,Alta,torneo actual,usa Poisson base con estadisticas de goles del torneo,un gol temprano o baja eficacia puede cambiar la lectura del mercado,
2026-08-23,13:00,Sport Boys vs Cienciano,,,Tarjetas total +3.5,CARDS_TOTALS OVER.3.5,CARDS_TOTALS:OVER_3_5,70.6%,0.705800,,,,,,,Sin cuota/EV,No encontrado en Betano,Alta,contexto premium torneo actual,usa promedios del contexto premium/API-Football,depende mucho del arbitro y del contexto competitivo,
2026-08-23,13:00,Sport Boys vs Cienciano,,,Local goles +0.5,TEAM_TOTAL_HOME OVER.0.5,TEAM_TOTAL_HOME:OVER_0_5,69.2%,0.692100,,,,,,,Sin cuota/EV,No encontrado en Betano,Media,torneo actual,usa Poisson base con estadisticas de goles del torneo,un gol temprano o baja eficacia puede cambiar la lectura del mercado,
2026-08-23,13:00,Sport Boys vs Cienciano,,,SHOTS_TOTAL OVER.22.5,SHOTS_TOTAL OVER.22.5,SHOTS_TOTAL:OVER_22_5,68.9%,0.689400,,,,,,,Sin cuota/EV,No encontrado en Betano,Media,contexto premium torneo actual,usa promedios del contexto premium/API-Football,el volumen ofensivo puede variar por planteamiento y marcador temprano,
2026-08-23,13:00,Sport Boys vs Cienciano,,,Local corners -5.5,CORNERS_HOME UNDER.5.5,CORNERS_HOME:UNDER_5_5,68.6%,0.685800,,,,,,,Sin cuota/EV,No encontrado en Betano,Media,contexto premium torneo actual,usa promedios del contexto premium/API-Football,el volumen ofensivo puede variar por planteamiento y marcador temprano,
2026-08-23,13:00,Sport Boys vs Cienciano,,,Local corners +3.5,CORNERS_HOME OVER.3.5,CORNERS_HOME:OVER_3_5,67.4%,0.674300,,,,,,,Sin cuota/EV,No encontrado en Betano,Media,contexto premium torneo actual,usa promedios del contexto premium/API-Football,el volumen ofensivo puede variar por planteamiento y marcador temprano,
2026-08-23,13:00,Sport Boys vs Cienciano,,,DOUBLE_CHANCE X2,DOUBLE_CHANCE X2,DOUBLE_CHANCE:X2,67.2%,0.672500,,,,,,,Sin cuota/EV,No encontrado en Betano,Media,torneo actual,usa Poisson base con estadisticas de goles del torneo,riesgo propio del resultado final y variacion del modelo,
2026-08-23,13:00,Sport Boys vs Cienciano,,,Local goles -1.5,TEAM_TOTAL_HOME UNDER.1.5,TEAM_TOTAL_HOME:UNDER_1_5,67.0%,0.670500,,,,,,,Sin cuota/EV,No encontrado en Betano,Media,torneo actual,usa Poisson base con estadisticas de goles del torneo,un gol temprano o baja eficacia puede cambiar la lectura del mercado,
2026-08-23,13:00,Sport Boys vs Cienciano,,,Tarjetas total -5.5,CARDS_TOTALS UNDER.5.5,CARDS_TOTALS:UNDER_5_5,65.1%,0.651000,,,,,,,Sin cuota/EV,No encontrado en Betano,Media,contexto premium torneo actual,usa promedios del contexto premium/API-Football,depende mucho del arbitro y del contexto competitivo,
2026-08-23,13:00,Sport Boys vs Cienciano,,,SHOTS_ON_TARGET_TOTAL UNDER.8.5,SHOTS_ON_TARGET_TOTAL UNDER.8.5,SHOTS_ON_TARGET_TOTAL:UNDER_8_5,64.8%,0.648200,,,,,,,Sin cuota/EV,No encontrado en Betano,Media,contexto premium torneo actual,usa promedios del contexto premium/API-Football,el volumen ofensivo puede variar por planteamiento y marcador temprano,
2026-08-23,13:00,Sport Boys vs Cienciano,,,Local tarjetas -3.5,CARDS_HOME UNDER.3.5,CARDS_HOME:UNDER_3_5,64.7%,0.647200,,,,,,,Sin cuota/EV,No encontrado en Betano,Media,contexto premium torneo actual,usa promedios del contexto premium/API-Football,depende mucho del arbitro y del contexto competitivo,
2026-08-23,13:00,Sport Boys vs Cienciano,,,Corners total +7.5,CORNERS_TOTALS OVER.7.5,CORNERS_TOTALS:OVER_7_5,64.0%,0.639800,,,,,,,Sin cuota/EV,No encontrado en Betano,Media,contexto premium torneo actual,usa promedios del contexto premium/API-Football,el volumen ofensivo puede variar por planteamiento y marcador temprano,
2026-08-23,13:00,Sport Boys vs Cienciano,,,SHOTS_ON_TARGET_TOTAL OVER.6.5,SHOTS_ON_TARGET_TOTAL OVER.6.5,SHOTS_ON_TARGET_TOTAL:OVER_6_5,63.5%,0.635400,,,,,,,Sin cuota/EV,No encontrado en Betano,Media,contexto premium torneo actual,usa promedios del contexto premium/API-Football,el volumen ofensivo puede variar por planteamiento y marcador temprano,
2026-08-23,13:00,Sport Boys vs Cienciano,,,Corners total -9.5,CORNERS_TOTALS UNDER.9.5,CORNERS_TOTALS:UNDER_9_5,62.7%,0.626900,,,,,,,Sin cuota/EV,No encontrado en Betano,Media,contexto premium torneo actual,usa promedios del contexto premium/API-Football,el volumen ofensivo puede variar por planteamiento y marcador temprano,
2026-08-23,13:00,Sport Boys vs Cienciano,,,SHOTS_TOTAL UNDER.26.5,SHOTS_TOTAL UNDER.26.5,SHOTS_TOTAL:UNDER_26_5,62.2%,0.621700,,,,,,,Sin cuota/EV,No encontrado en Betano,Media,contexto premium torneo actual,usa promedios del contexto premium/API-Football,el volumen ofensivo puede variar por planteamiento y marcador temprano,
2026-08-23,13:00,Sport Boys vs Cienciano,,,Visita goles -1.5,TEAM_TOTAL_AWAY UNDER.1.5,TEAM_TOTAL_AWAY:UNDER_1_5,61.2%,0.612400,,,,,,,Sin cuota/EV,No encontrado en Betano,Media,torneo actual,usa Poisson base con estadisticas de goles del torneo,un gol temprano o baja eficacia puede cambiar la lectura del mercado,
2026-08-23,13:00,Sport Boys vs Cienciano,,,Visita corners -4.5,CORNERS_AWAY UNDER.4.5,CORNERS_AWAY:UNDER_4_5,60.9%,0.609300,,,,,,,Sin cuota/EV,No encontrado en Betano,Media,contexto premium torneo actual,usa promedios del contexto premium/API-Football,el volumen ofensivo puede variar por planteamiento y marcador temprano,
2026-08-23,13:00,Sport Boys vs Cienciano,,,DOUBLE_CHANCE 1X,DOUBLE_CHANCE 1X,DOUBLE_CHANCE:1X,59.5%,0.595300,,,,,,,Sin cuota/EV,No encontrado en Betano,Media,torneo actual,usa Poisson base con estadisticas de goles del torneo,riesgo propio del resultado final y variacion del modelo,
2026-08-23,13:00,Sport Boys vs Cienciano,,,Visita corners +3.5,CORNERS_AWAY OVER.3.5,CORNERS_AWAY:OVER_3_5,58.6%,0.585800,,,,,,,Sin cuota/EV,No encontrado en Betano,Media,contexto premium torneo actual,usa promedios del contexto premium/API-Football,el volumen ofensivo puede variar por planteamiento y marcador temprano,
2026-08-23,13:00,Sport Boys vs Cienciano,,,Local tarjetas +2.5,CARDS_HOME OVER.2.5,CARDS_HOME:OVER_2_5,57.7%,0.576800,,,,,,,Sin cuota/EV,No encontrado en Betano,Media,contexto premium torneo actual,usa promedios del contexto premium/API-Football,depende mucho del arbitro y del contexto competitivo,
2026-08-23,13:00,Sport Boys vs Cienciano,10Bet,,DNB visita,DRAW_NO_BET AWAY,DRAW_NO_BET:AWAY,55.3%,0.552700,2.35,0.30,0.298900,,,,EV positivo,No encontrado en Betano,Media,torneo actual,usa Poisson base con estadisticas de goles del torneo,riesgo propio del resultado final y variacion del modelo,
2026-08-23,13:00,Sport Boys vs Cienciano,10Bet,,1T -0.5,FIRST_HALF_TOTALS UNDER.0.5,FIRST_HALF_TOTALS:UNDER_0_5,54.9%,0.548800,1.53,-0.16,-0.160300,,,,EV negativo,No encontrado en Betano,Baja,contexto premium torneo actual,usa promedios del contexto premium/API-Football,el primer tiempo puede tener ritmo bajo o rotaciones,
2026-08-23,13:00,Sport Boys vs Cienciano,10Bet,,Goles -2.5,TOTALS UNDER.2.5,TOTALS:UNDER_2_5,53.9%,0.538900,1.80,-0.03,-0.029900,,,,EV negativo,No encontrado en Betano,Baja,torneo actual,usa Poisson base con estadisticas de goles del torneo,un gol temprano o baja eficacia puede cambiar la lectura del mercado,
2026-08-23,13:00,Sport Boys vs Cienciano,,,Visita tarjetas +1.5,CARDS_AWAY OVER.1.5,CARDS_AWAY:OVER_1_5,53.7%,0.537200,,,,,,,Sin cuota/EV,No encontrado en Betano,Baja,contexto premium torneo actual,usa promedios del contexto premium/API-Football,depende mucho del arbitro y del contexto competitivo,
2026-08-23,13:00,Sport Boys vs Cienciano,,,SHOTS_TOTAL OVER.24.5,SHOTS_TOTAL OVER.24.5,SHOTS_TOTAL:OVER_24_5,53.4%,0.534500,,,,,,,Sin cuota/EV,No encontrado en Betano,Baja,contexto premium torneo actual,usa promedios del contexto premium/API-Football,el volumen ofensivo puede variar por planteamiento y marcador temprano,
2026-08-23,13:00,Sport Boys vs Cienciano,,,Tarjetas total +4.5,CARDS_TOTALS OVER.4.5,CARDS_TOTALS:OVER_4_5,52.4%,0.523700,,,,,,,Sin cuota/EV,No encontrado en Betano,Baja,contexto premium torneo actual,usa promedios del contexto premium/API-Football,depende mucho del arbitro y del contexto competitivo,
2026-08-23,13:00,Sport Boys vs Cienciano,,,Local corners -4.5,CORNERS_HOME UNDER.4.5,CORNERS_HOME:UNDER_4_5,51.3%,0.513200,,,,,,,Sin cuota/EV,No encontrado en Betano,Baja,contexto premium torneo actual,usa promedios del contexto premium/API-Football,el volumen ofensivo puede variar por planteamiento y marcador temprano,
2026-08-23,13:00,Sport Boys vs Cienciano,10Bet,,BTTS sí,BTTS YES,BTTS:YES,51.1%,0.511100,4.20,1.15,1.146500,,,,EV positivo,No encontrado en Betano,Baja,torneo actual,usa Poisson base con estadisticas de goles del torneo,un gol temprano o baja eficacia puede cambiar la lectura del mercado,
2026-08-23,13:00,Sport Boys vs Cienciano,,,SHOTS_ON_TARGET_TOTAL UNDER.7.5,SHOTS_ON_TARGET_TOTAL UNDER.7.5,SHOTS_ON_TARGET_TOTAL:UNDER_7_5,51.0%,0.510000,,,,,,,Sin cuota/EV,No encontrado en Betano,Baja,contexto premium torneo actual,usa promedios del contexto premium/API-Football,el volumen ofensivo puede variar por planteamiento y marcador temprano,
2026-08-23,13:00,Sport Boys vs Cienciano,,,Corners total +8.5,CORNERS_TOTALS OVER.8.5,CORNERS_TOTALS:OVER_8_5,50.4%,0.504200,,,,,,,Sin cuota/EV,No encontrado en Betano,Baja,contexto premium torneo actual,usa promedios del contexto premium/API-Football,el volumen ofensivo puede variar por planteamiento y marcador temprano,
2026-08-23,13:00,Sport Boys vs Cienciano,,,Corners total -8.5,CORNERS_TOTALS UNDER.8.5,CORNERS_TOTALS:UNDER_8_5,49.6%,0.495800,,,,,,,Sin cuota/EV,No encontrado en Betano,Baja,contexto premium torneo actual,usa promedios del contexto premium/API-Football,el volumen ofensivo puede variar por planteamiento y marcador temprano,
2026-08-23,13:00,Sport Boys vs Cienciano,,,SHOTS_ON_TARGET_TOTAL OVER.7.5,SHOTS_ON_TARGET_TOTAL OVER.7.5,SHOTS_ON_TARGET_TOTAL:OVER_7_5,49.0%,0.490000,,,,,,,Sin cuota/EV,No encontrado en Betano,Baja,contexto premium torneo actual,usa promedios del contexto premium/API-Football,el volumen ofensivo puede variar por planteamiento y marcador temprano,
2026-08-23,13:00,Sport Boys vs Cienciano,10Bet,,BTTS no,BTTS NO,BTTS:NO,48.9%,0.488900,1.18,-0.42,-0.423100,,,,EV negativo,No encontrado en Betano,Baja,torneo actual,usa Poisson base con estadisticas de goles del torneo,un gol temprano o baja eficacia puede cambiar la lectura del mercado,
2026-08-23,13:00,Sport Boys vs Cienciano,,,Local corners +4.5,CORNERS_HOME OVER.4.5,CORNERS_HOME:OVER_4_5,48.7%,0.486800,,,,,,,Sin cuota/EV,No encontrado en Betano,Baja,contexto premium torneo actual,usa promedios del contexto premium/API-Football,el volumen ofensivo puede variar por planteamiento y marcador temprano,
2026-08-23,13:00,Sport Boys vs Cienciano,,,Tarjetas total -4.5,CARDS_TOTALS UNDER.4.5,CARDS_TOTALS:UNDER_4_5,47.6%,0.476300,,,,,,,Sin cuota/EV,No encontrado en Betano,Baja,contexto premium torneo actual,usa promedios del contexto premium/API-Football,depende mucho del arbitro y del contexto competitivo,
2026-08-23,13:00,Sport Boys vs Cienciano,,,SHOTS_TOTAL UNDER.24.5,SHOTS_TOTAL UNDER.24.5,SHOTS_TOTAL:UNDER_24_5,46.6%,0.465500,,,,,,,Sin cuota/EV,No encontrado en Betano,Baja,contexto premium torneo actual,usa promedios del contexto premium/API-Football,el volumen ofensivo puede variar por planteamiento y marcador temprano,
2026-08-23,13:00,Sport Boys vs Cienciano,,,Visita tarjetas -1.5,CARDS_AWAY UNDER.1.5,CARDS_AWAY:UNDER_1_5,46.3%,0.462800,,,,,,,Sin cuota/EV,No encontrado en Betano,Baja,contexto premium torneo actual,usa promedios del contexto premium/API-Football,depende mucho del arbitro y del contexto competitivo,
2026-08-23,13:00,Sport Boys vs Cienciano,10Bet,,Goles +2.5,TOTALS OVER.2.5,TOTALS:OVER_2_5,46.1%,0.461100,2.00,-0.08,-0.077900,,,,EV negativo,No encontrado en Betano,Baja,torneo actual,usa Poisson base con estadisticas de goles del torneo,un gol temprano o baja eficacia puede cambiar la lectura del mercado,
2026-08-23,13:00,Sport Boys vs Cienciano,10Bet,,1T +0.5,FIRST_HALF_TOTALS OVER.0.5,FIRST_HALF_TOTALS:OVER_0_5,45.1%,0.451200,2.38,0.07,0.073800,,,,EV positivo,No encontrado en Betano,Baja,contexto premium torneo actual,usa promedios del contexto premium/API-Football,el primer tiempo puede tener ritmo bajo o rotaciones,
2026-08-23,13:00,Sport Boys vs Cienciano,10Bet,,DNB local,DRAW_NO_BET HOME,DRAW_NO_BET:HOME,44.7%,0.447300,1.53,-0.32,-0.315700,,,,EV negativo,No encontrado en Betano,Baja,torneo actual,usa Poisson base con estadisticas de goles del torneo,riesgo propio del resultado final y variacion del modelo,
2026-08-23,13:00,Sport Boys vs Cienciano,,,Local tarjetas -2.5,CARDS_HOME UNDER.2.5,CARDS_HOME:UNDER_2_5,42.3%,0.423200,,,,,,,Sin cuota/EV,No encontrado en Betano,Baja,contexto premium torneo actual,usa promedios del contexto premium/API-Football,depende mucho del arbitro y del contexto competitivo,
2026-08-23,13:00,Sport Boys vs Cienciano,,,Visita corners -3.5,CORNERS_AWAY UNDER.3.5,CORNERS_AWAY:UNDER_3_5,41.4%,0.414200,,,,,,,Sin cuota/EV,No encontrado en Betano,Baja,contexto premium torneo actual,usa promedios del contexto premium/API-Football,el volumen ofensivo puede variar por planteamiento y marcador temprano,
2026-08-23,13:00,Sport Boys vs Cienciano,10Bet,,Gana visita,1X2 AWAY,1X2:AWAY,40.5%,0.404700,5.00,1.02,1.023600,,,,EV positivo,No encontrado en Betano,Baja,torneo actual,usa Poisson base con estadisticas de goles del torneo,riesgo propio del resultado final y variacion del modelo,
2026-08-23,13:00,Sport Boys vs Cienciano,,,Visita corners +4.5,CORNERS_AWAY OVER.4.5,CORNERS_AWAY:OVER_4_5,39.1%,0.390700,,,,,,,Sin cuota/EV,No encontrado en Betano,Baja,contexto premium torneo actual,usa promedios del contexto premium/API-Football,el volumen ofensivo puede variar por planteamiento y marcador temprano,
2026-08-23,13:00,Sport Boys vs Cienciano,,,Visita goles +1.5,TEAM_TOTAL_AWAY OVER.1.5,TEAM_TOTAL_AWAY:OVER_1_5,38.8%,0.387600,,,,,,,Sin cuota/EV,No encontrado en Betano,Baja,torneo actual,usa Poisson base con estadisticas de goles del torneo,un gol temprano o baja eficacia puede cambiar la lectura del mercado,
2026-08-23,13:00,Sport Boys vs Cienciano,,,SHOTS_TOTAL OVER.26.5,SHOTS_TOTAL OVER.26.5,SHOTS_TOTAL:OVER_26_5,37.8%,0.378300,,,,,,,Sin cuota/EV,No encontrado en Betano,Baja,contexto premium torneo actual,usa promedios del contexto premium/API-Football,el volumen ofensivo puede variar por planteamiento y marcador temprano,
2026-08-23,13:00,Sport Boys vs Cienciano,,,Corners total +9.5,CORNERS_TOTALS OVER.9.5,CORNERS_TOTALS:OVER_9_5,37.3%,0.373100,,,,,,,Sin cuota/EV,No encontrado en Betano,Baja,contexto premium torneo actual,usa promedios del contexto premium/API-Football,el volumen ofensivo puede variar por planteamiento y marcador temprano,
2026-08-23,13:00,Sport Boys vs Cienciano,,,SHOTS_ON_TARGET_TOTAL UNDER.6.5,SHOTS_ON_TARGET_TOTAL UNDER.6.5,SHOTS_ON_TARGET_TOTAL:UNDER_6_5,36.5%,0.364600,,,,,,,Sin cuota/EV,No encontrado en Betano,Baja,contexto premium torneo actual,usa promedios del contexto premium/API-Football,el volumen ofensivo puede variar por planteamiento y marcador temprano,
2026-08-23,13:00,Sport Boys vs Cienciano,,,Corners total -7.5,CORNERS_TOTALS UNDER.7.5,CORNERS_TOTALS:UNDER_7_5,36.0%,0.360200,,,,,,,Sin cuota/EV,No encontrado en Betano,Baja,contexto premium torneo actual,usa promedios del contexto premium/API-Football,el volumen ofensivo puede variar por planteamiento y marcador temprano,
2026-08-23,13:00,Sport Boys vs Cienciano,,,Local tarjetas +3.5,CARDS_HOME OVER.3.5,CARDS_HOME:OVER_3_5,35.3%,0.352800,,,,,,,Sin cuota/EV,No encontrado en Betano,Baja,contexto premium torneo actual,usa promedios del contexto premium/API-Football,depende mucho del arbitro y del contexto competitivo,
2026-08-23,13:00,Sport Boys vs Cienciano,,,SHOTS_ON_TARGET_TOTAL OVER.8.5,SHOTS_ON_TARGET_TOTAL OVER.8.5,SHOTS_ON_TARGET_TOTAL:OVER_8_5,35.2%,0.351800,,,,,,,Sin cuota/EV,No encontrado en Betano,Baja,contexto premium torneo actual,usa promedios del contexto premium/API-Football,el volumen ofensivo puede variar por planteamiento y marcador temprano,
2026-08-23,13:00,Sport Boys vs Cienciano,,,Tarjetas total +5.5,CARDS_TOTALS OVER.5.5,CARDS_TOTALS:OVER_5_5,34.9%,0.349000,,,,,,,Sin cuota/EV,No encontrado en Betano,Baja,contexto premium torneo actual,usa promedios del contexto premium/API-Football,depende mucho del arbitro y del contexto competitivo,
2026-08-23,13:00,Sport Boys vs Cienciano,,,Local goles +1.5,TEAM_TOTAL_HOME OVER.1.5,TEAM_TOTAL_HOME:OVER_1_5,33.0%,0.329500,,,,,,,Sin cuota/EV,No encontrado en Betano,Baja,torneo actual,usa Poisson base con estadisticas de goles del torneo,un gol temprano o baja eficacia puede cambiar la lectura del mercado,
2026-08-23,13:00,Sport Boys vs Cienciano,10Bet,,Gana local,1X2 HOME,1X2:HOME,32.8%,0.327500,3.55,0.16,0.162700,,,,EV positivo,No encontrado en Betano,Baja,torneo actual,usa Poisson base con estadisticas de goles del torneo,riesgo propio del resultado final y variacion del modelo,
2026-08-23,13:00,Sport Boys vs Cienciano,,,Local corners -3.5,CORNERS_HOME UNDER.3.5,CORNERS_HOME:UNDER_3_5,32.6%,0.325700,,,,,,,Sin cuota/EV,No encontrado en Betano,Baja,contexto premium torneo actual,usa promedios del contexto premium/API-Football,el volumen ofensivo puede variar por planteamiento y marcador temprano,
2026-08-23,13:00,Sport Boys vs Cienciano,,,Local corners +5.5,CORNERS_HOME OVER.5.5,CORNERS_HOME:OVER_5_5,31.4%,0.314200,,,,,,,Sin cuota/EV,No encontrado en Betano,Baja,contexto premium torneo actual,usa promedios del contexto premium/API-Football,el volumen ofensivo puede variar por planteamiento y marcador temprano,
2026-08-23,13:00,Sport Boys vs Cienciano,,,SHOTS_TOTAL UNDER.22.5,SHOTS_TOTAL UNDER.22.5,SHOTS_TOTAL:UNDER_22_5,31.1%,0.310600,,,,,,,Sin cuota/EV,No encontrado en Betano,Baja,contexto premium torneo actual,usa promedios del contexto premium/API-Football,el volumen ofensivo puede variar por planteamiento y marcador temprano,
2026-08-23,13:00,Sport Boys vs Cienciano,,,Local goles -0.5,TEAM_TOTAL_HOME UNDER.0.5,TEAM_TOTAL_HOME:UNDER_0_5,30.8%,0.307900,,,,,,,Sin cuota/EV,No encontrado en Betano,Baja,torneo actual,usa Poisson base con estadisticas de goles del torneo,un gol temprano o baja eficacia puede cambiar la lectura del mercado,
2026-08-23,13:00,Sport Boys vs Cienciano,,,Tarjetas total -3.5,CARDS_TOTALS UNDER.3.5,CARDS_TOTALS:UNDER_3_5,29.4%,0.294200,,,,,,,Sin cuota/EV,No encontrado en Betano,Baja,contexto premium torneo actual,usa promedios del contexto premium/API-Football,depende mucho del arbitro y del contexto competitivo,
2026-08-23,13:00,Sport Boys vs Cienciano,10Bet,,Goles -1.5,TOTALS UNDER.1.5,TOTALS:UNDER_1_5,28.3%,0.283400,3.20,-0.09,-0.093100,,,,EV negativo,No encontrado en Betano,Baja,torneo actual,usa Poisson base con estadisticas de goles del torneo,un gol temprano o baja eficacia puede cambiar la lectura del mercado,
2026-08-23,13:00,Sport Boys vs Cienciano,,,Visita tarjetas +2.5,CARDS_AWAY OVER.2.5,CARDS_AWAY:OVER_2_5,26.9%,0.269400,,,,,,,Sin cuota/EV,No encontrado en Betano,Baja,contexto premium torneo actual,usa promedios del contexto premium/API-Football,depende mucho del arbitro y del contexto competitivo,
2026-08-23,13:00,Sport Boys vs Cienciano,10Bet,,Empate,1X2 DRAW,1X2:DRAW,26.8%,0.267800,1.67,-0.55,-0.552800,,,,EV negativo,No encontrado en Betano,Baja,torneo actual,usa Poisson base con estadisticas de goles del torneo,riesgo propio del resultado final y variacion del modelo,
2026-08-23,13:00,Sport Boys vs Cienciano,,,Visita goles -0.5,TEAM_TOTAL_AWAY UNDER.0.5,TEAM_TOTAL_AWAY:UNDER_0_5,26.2%,0.261600,,,,,,,Sin cuota/EV,No encontrado en Betano,Baja,torneo actual,usa Poisson base con estadisticas de goles del torneo,un gol temprano o baja eficacia puede cambiar la lectura del mercado,
2026-08-23,13:00,Sport Boys vs Cienciano,,,Corners total +10.5,CORNERS_TOTALS OVER.10.5,CORNERS_TOTALS:OVER_10_5,25.9%,0.259100,,,,,,,Sin cuota/EV,No encontrado en Betano,Baja,contexto premium torneo actual,usa promedios del contexto premium/API-Football,el volumen ofensivo puede variar por planteamiento y marcador temprano,
2026-08-23,13:00,Sport Boys vs Cienciano,10Bet,,Goles +3.5,TOTALS OVER.3.5,TOTALS:OVER_3_5,24.6%,0.246500,3.50,-0.14,-0.137300,,,,EV negativo,No encontrado en Betano,Baja,torneo actual,usa Poisson base con estadisticas de goles del torneo,un gol temprano o baja eficacia puede cambiar la lectura del mercado,
2026-08-23,13:00,Sport Boys vs Cienciano,,,SHOTS_ON_TARGET_TOTAL OVER.9.5,SHOTS_ON_TARGET_TOTAL OVER.9.5,SHOTS_ON_TARGET_TOTAL:OVER_9_5,23.5%,0.235100,,,,,,,Sin cuota/EV,No encontrado en Betano,Baja,contexto premium torneo actual,usa promedios del contexto premium/API-Football,el volumen ofensivo puede variar por planteamiento y marcador temprano,
2026-08-23,13:00,Sport Boys vs Cienciano,,,Visita corners +5.5,CORNERS_AWAY OVER.5.5,CORNERS_AWAY:OVER_5_5,23.1%,0.230700,,,,,,,Sin cuota/EV,No encontrado en Betano,Baja,contexto premium torneo actual,usa promedios del contexto premium/API-Football,el volumen ofensivo puede variar por planteamiento y marcador temprano,
2026-08-23,13:00,Sport Boys vs Cienciano,,,Tarjetas total +6.5,CARDS_TOTALS OVER.6.5,CARDS_TOTALS:OVER_6_5,20.9%,0.209200,,,,,,,Sin cuota/EV,No encontrado en Betano,Baja,contexto premium torneo actual,usa promedios del contexto premium/API-Football,depende mucho del arbitro y del contexto competitivo,
2026-08-23,13:00,Sport Boys vs Cienciano,,,Local tarjetas -1.5,CARDS_HOME UNDER.1.5,CARDS_HOME:UNDER_1_5,19.9%,0.199100,,,,,,,Sin cuota/EV,No encontrado en Betano,Baja,contexto premium torneo actual,usa promedios del contexto premium/API-Football,depende mucho del arbitro y del contexto competitivo,
2026-08-23,13:00,Sport Boys vs Cienciano,,,Local corners +6.5,CORNERS_HOME OVER.6.5,CORNERS_HOME:OVER_6_5,18.2%,0.182000,,,,,,,Sin cuota/EV,No encontrado en Betano,Baja,contexto premium torneo actual,usa promedios del contexto premium/API-Football,el volumen ofensivo puede variar por planteamiento y marcador temprano,
2026-08-23,13:00,Sport Boys vs Cienciano,,,SHOTS_TOTAL UNDER.20.5,SHOTS_TOTAL UNDER.20.5,SHOTS_TOTAL:UNDER_20_5,18.0%,0.180400,,,,,,,Sin cuota/EV,No encontrado en Betano,Baja,contexto premium torneo actual,usa promedios del contexto premium/API-Football,el volumen ofensivo puede variar por planteamiento y marcador temprano,
2026-08-23,13:00,Sport Boys vs Cienciano,,,Corners total +11.5,CORNERS_TOTALS OVER.11.5,CORNERS_TOTALS:OVER_11_5,16.9%,0.168900,,,,,,,Sin cuota/EV,No encontrado en Betano,Baja,contexto premium torneo actual,usa promedios del contexto premium/API-Football,el volumen ofensivo puede variar por planteamiento y marcador temprano,
2026-08-23,13:00,Sport Boys vs Cienciano,,,Visita tarjetas -0.5,CARDS_AWAY UNDER.0.5,CARDS_AWAY:UNDER_0_5,16.5%,0.165300,,,,,,,Sin cuota/EV,No encontrado en Betano,Baja,contexto premium torneo actual,usa promedios del contexto premium/API-Football,depende mucho del arbitro y del contexto competitivo,
2026-08-23,13:00,Sport Boys vs Cienciano,,,Visita goles +2.5,TEAM_TOTAL_AWAY OVER.2.5,TEAM_TOTAL_AWAY:OVER_2_5,15.2%,0.152400,,,,,,,Sin cuota/EV,No encontrado en Betano,Baja,torneo actual,usa Poisson base con estadisticas de goles del torneo,un gol temprano o baja eficacia puede cambiar la lectura del mercado,
2026-08-23,13:00,Sport Boys vs Cienciano,,,Tarjetas total -2.5,CARDS_TOTALS UNDER.2.5,CARDS_TOTALS:UNDER_2_5,14.2%,0.142500,,,,,,,Sin cuota/EV,No encontrado en Betano,Baja,contexto premium torneo actual,usa promedios del contexto premium/API-Football,depende mucho del arbitro y del contexto competitivo,
2026-08-23,13:00,Sport Boys vs Cienciano,10Bet,,1T +1.5,FIRST_HALF_TOTALS OVER.1.5,FIRST_HALF_TOTALS:OVER_1_5,12.2%,0.121900,8.00,-0.02,-0.024800,,,,EV negativo,No encontrado en Betano,Baja,contexto premium torneo actual,usa promedios del contexto premium/API-Football,el primer tiempo puede tener ritmo bajo o rotaciones,
2026-08-23,13:00,Sport Boys vs Cienciano,,,Visita corners +6.5,CORNERS_AWAY OVER.6.5,CORNERS_AWAY:OVER_6_5,12.1%,0.121400,,,,,,,Sin cuota/EV,No encontrado en Betano,Baja,contexto premium torneo actual,usa promedios del contexto premium/API-Football,el volumen ofensivo puede variar por planteamiento y marcador temprano,
2026-08-23,13:00,Sport Boys vs Cienciano,,,Local goles +2.5,TEAM_TOTAL_HOME OVER.2.5,TEAM_TOTAL_HOME:OVER_2_5,11.6%,0.115800,,,,,,,Sin cuota/EV,No encontrado en Betano,Baja,torneo actual,usa Poisson base con estadisticas de goles del torneo,un gol temprano o baja eficacia puede cambiar la lectura del mercado,
2026-08-23,13:00,Sport Boys vs Cienciano,,,Visita tarjetas +3.5,CARDS_AWAY OVER.3.5,CARDS_AWAY:OVER_3_5,10.9%,0.108700,,,,,,,Sin cuota/EV,No encontrado en Betano,Baja,contexto premium torneo actual,usa promedios del contexto premium/API-Football,depende mucho del arbitro y del contexto competitivo,
2026-08-23,13:00,Sport Boys vs Cienciano,,,SHOTS_TOTAL UNDER.18.5,SHOTS_TOTAL UNDER.18.5,SHOTS_TOTAL:UNDER_18_5,8.9%,0.088900,,,,,,,Sin cuota/EV,No encontrado en Betano,Baja,contexto premium torneo actual,usa promedios del contexto premium/API-Football,el volumen ofensivo puede variar por planteamiento y marcador temprano,
2026-08-23,13:00,Sport Boys vs Cienciano,,,Local tarjetas -0.5,CARDS_HOME UNDER.0.5,CARDS_HOME:UNDER_0_5,5.0%,0.049800,,,,,,,Sin cuota/EV,No encontrado en Betano,Baja,contexto premium torneo actual,usa promedios del contexto premium/API-Football,depende mucho del arbitro y del contexto competitivo,
2026-08-23,13:45,Paris Saint Germain vs Rennes,,,SHOTS_TOTAL OVER.18.5,SHOTS_TOTAL OVER.18.5,SHOTS_TOTAL:OVER_18_5,99.4%,0.994200,,,,,,,Sin cuota/EV,No encontrado en Betano,Alta,contexto premium fallback reciente,usa promedios recientes multi-competicion/API-Football,el volumen ofensivo puede variar por planteamiento y marcador temprano,
2026-08-23,13:45,Paris Saint Germain vs Rennes,,,Tarjetas total -6.5,CARDS_TOTALS UNDER.6.5,CARDS_TOTALS:UNDER_6_5,98.3%,0.983400,,,,,,,Sin cuota/EV,No encontrado en Betano,Alta,contexto premium fallback reciente,usa promedios recientes multi-competicion/API-Football,depende mucho del arbitro y del contexto competitivo,
2026-08-23,13:45,Paris Saint Germain vs Rennes,,,SHOTS_TOTAL OVER.20.5,SHOTS_TOTAL OVER.20.5,SHOTS_TOTAL:OVER_20_5,98.3%,0.982600,,,,,,,Sin cuota/EV,No encontrado en Betano,Alta,contexto premium fallback reciente,usa promedios recientes multi-competicion/API-Football,el volumen ofensivo puede variar por planteamiento y marcador temprano,
2026-08-23,13:45,Paris Saint Germain vs Rennes,,,Local tarjetas -3.5,CARDS_HOME UNDER.3.5,CARDS_HOME:UNDER_3_5,96.2%,0.961700,,,,,,,Sin cuota/EV,No encontrado en Betano,Alta,contexto premium fallback reciente,usa promedios recientes multi-competicion/API-Football,depende mucho del arbitro y del contexto competitivo,
2026-08-23,13:45,Paris Saint Germain vs Rennes,,,SHOTS_TOTAL OVER.22.5,SHOTS_TOTAL OVER.22.5,SHOTS_TOTAL:OVER_22_5,95.6%,0.956200,,,,,,,Sin cuota/EV,No encontrado en Betano,Alta,contexto premium fallback reciente,usa promedios recientes multi-competicion/API-Football,el volumen ofensivo puede variar por planteamiento y marcador temprano,
2026-08-23,13:45,Paris Saint Germain vs Rennes,,,Visita tarjetas -3.5,CARDS_AWAY UNDER.3.5,CARDS_AWAY:UNDER_3_5,95.3%,0.953500,,,,,,,Sin cuota/EV,No encontrado en Betano,Alta,contexto premium fallback reciente,usa promedios recientes multi-competicion/API-Football,depende mucho del arbitro y del contexto competitivo,
2026-08-23,13:45,Paris Saint Germain vs Rennes,,,Tarjetas total -5.5,CARDS_TOTALS UNDER.5.5,CARDS_TOTALS:UNDER_5_5,95.2%,0.952200,,,,,,,Sin cuota/EV,No encontrado en Betano,Alta,contexto premium fallback reciente,usa promedios recientes multi-competicion/API-Football,depende mucho del arbitro y del contexto competitivo,
2026-08-23,13:45,Paris Saint Germain vs Rennes,,,SHOTS_ON_TARGET_TOTAL OVER.6.5,SHOTS_ON_TARGET_TOTAL OVER.6.5,SHOTS_ON_TARGET_TOTAL:OVER_6_5,92.0%,0.920500,,,,,,,Sin cuota/EV,No encontrado en Betano,Alta,contexto premium fallback reciente,usa promedios recientes multi-competicion/API-Football,el volumen ofensivo puede variar por planteamiento y marcador temprano,
2026-08-23,13:45,Paris Saint Germain vs Rennes,,,SHOTS_TOTAL OVER.24.5,SHOTS_TOTAL OVER.24.5,SHOTS_TOTAL:OVER_24_5,90.6%,0.906100,,,,,,,Sin cuota/EV,No encontrado en Betano,Alta,contexto premium fallback reciente,usa promedios recientes multi-competicion/API-Football,el volumen ofensivo puede variar por planteamiento y marcador temprano,
2026-08-23,13:45,Paris Saint Germain vs Rennes,,,Tarjetas total -4.5,CARDS_TOTALS UNDER.4.5,CARDS_TOTALS:UNDER_4_5,88.0%,0.879800,,,,,,,Sin cuota/EV,No encontrado en Betano,Alta,contexto premium fallback reciente,usa promedios recientes multi-competicion/API-Football,depende mucho del arbitro y del contexto competitivo,
2026-08-23,13:45,Paris Saint Germain vs Rennes,,,Local tarjetas -2.5,CARDS_HOME UNDER.2.5,CARDS_HOME:UNDER_2_5,86.9%,0.868500,,,,,,,Sin cuota/EV,No encontrado en Betano,Alta,contexto premium fallback reciente,usa promedios recientes multi-competicion/API-Football,depende mucho del arbitro y del contexto competitivo,
2026-08-23,13:45,Paris Saint Germain vs Rennes,,,Corners total +7.5,CORNERS_TOTALS OVER.7.5,CORNERS_TOTALS:OVER_7_5,85.5%,0.855400,,,,,,,Sin cuota/EV,No encontrado en Betano,Alta,contexto premium fallback reciente,usa promedios recientes multi-competicion/API-Football,el volumen ofensivo puede variar por planteamiento y marcador temprano,
2026-08-23,13:45,Paris Saint Germain vs Rennes,,,SHOTS_ON_TARGET_TOTAL OVER.7.5,SHOTS_ON_TARGET_TOTAL OVER.7.5,SHOTS_ON_TARGET_TOTAL:OVER_7_5,85.5%,0.855400,,,,,,,Sin cuota/EV,No encontrado en Betano,Alta,contexto premium fallback reciente,usa promedios recientes multi-competicion/API-Football,el volumen ofensivo puede variar por planteamiento y marcador temprano,
2026-08-23,13:45,Paris Saint Germain vs Rennes,,,Visita tarjetas -2.5,CARDS_AWAY UNDER.2.5,CARDS_AWAY:UNDER_2_5,84.9%,0.849400,,,,,,,Sin cuota/EV,No encontrado en Betano,Alta,contexto premium fallback reciente,usa promedios recientes multi-competicion/API-Football,depende mucho del arbitro y del contexto competitivo,
2026-08-23,13:45,Paris Saint Germain vs Rennes,10Bet,,Goles +1.5,TOTALS OVER.1.5,TOTALS:OVER_1_5,84.6%,0.845600,1.60,0.35,0.352900,,,,EV positivo,No encontrado en Betano,Alta,fallback ultimos partidos,usa Poisson fallback con ultimos partidos multi-competicion,un gol temprano o baja eficacia puede cambiar la lectura del mercado,
2026-08-23,13:45,Paris Saint Germain vs Rennes,,,Local goles +0.5,TEAM_TOTAL_HOME OVER.0.5,TEAM_TOTAL_HOME:OVER_0_5,84.0%,0.840400,,,,,,,Sin cuota/EV,No encontrado en Betano,Alta,fallback ultimos partidos,usa Poisson fallback con ultimos partidos multi-competicion,un gol temprano o baja eficacia puede cambiar la lectura del mercado,
2026-08-23,13:45,Paris Saint Germain vs Rennes,,,SHOTS_TOTAL OVER.26.5,SHOTS_TOTAL OVER.26.5,SHOTS_TOTAL:OVER_26_5,82.5%,0.825300,,,,,,,Sin cuota/EV,No encontrado en Betano,Alta,contexto premium fallback reciente,usa promedios recientes multi-competicion/API-Football,el volumen ofensivo puede variar por planteamiento y marcador temprano,
2026-08-23,13:45,Paris Saint Germain vs Rennes,,,Local corners +3.5,CORNERS_HOME OVER.3.5,CORNERS_HOME:OVER_3_5,81.7%,0.816500,,,,,,,Sin cuota/EV,No encontrado en Betano,Alta,contexto premium fallback reciente,usa promedios recientes multi-competicion/API-Football,el volumen ofensivo puede variar por planteamiento y marcador temprano,
2026-08-23,13:45,Paris Saint Germain vs Rennes,,,Visita goles -2.5,TEAM_TOTAL_AWAY UNDER.2.5,TEAM_TOTAL_AWAY:UNDER_2_5,80.9%,0.808900,,,,,,,Sin cuota/EV,No encontrado en Betano,Alta,fallback ultimos partidos,usa Poisson fallback con ultimos partidos multi-competicion,un gol temprano o baja eficacia puede cambiar la lectura del mercado,
2026-08-23,13:45,Paris Saint Germain vs Rennes,,,Visita goles +0.5,TEAM_TOTAL_AWAY OVER.0.5,TEAM_TOTAL_AWAY:OVER_0_5,77.7%,0.776700,,,,,,,Sin cuota/EV,No encontrado en Betano,Alta,fallback ultimos partidos,usa Poisson fallback con ultimos partidos multi-competicion,un gol temprano o baja eficacia puede cambiar la lectura del mercado,
2026-08-23,13:45,Paris Saint Germain vs Rennes,10Bet,,Visita corners +3.5,CORNERS_AWAY OVER.3.5,CORNERS_AWAY:OVER_3_5,77.6%,0.776100,1.83,0.42,0.420300,,,,EV positivo,No encontrado en Betano,Alta,contexto premium fallback reciente,usa promedios recientes multi-competicion/API-Football,el volumen ofensivo puede variar por planteamiento y marcador temprano,
2026-08-23,13:45,Paris Saint Germain vs Rennes,,,DOUBLE_CHANCE 12,DOUBLE_CHANCE 12,DOUBLE_CHANCE:12,77.4%,0.774300,,,,,,,Sin cuota/EV,No encontrado en Betano,Alta,fallback ultimos partidos,usa Poisson fallback con ultimos partidos multi-competicion,riesgo propio del resultado final y variacion del modelo,
2026-08-23,13:45,Paris Saint Germain vs Rennes,,,Corners total +8.5,CORNERS_TOTALS OVER.8.5,CORNERS_TOTALS:OVER_8_5,76.6%,0.766100,,,,,,,Sin cuota/EV,No encontrado en Betano,Alta,contexto premium fallback reciente,usa promedios recientes multi-competicion/API-Football,el volumen ofensivo puede variar por planteamiento y marcador temprano,
2026-08-23,13:45,Paris Saint Germain vs Rennes,,,SHOTS_ON_TARGET_TOTAL OVER.8.5,SHOTS_ON_TARGET_TOTAL OVER.8.5,SHOTS_ON_TARGET_TOTAL:OVER_8_5,76.6%,0.766100,,,,,,,Sin cuota/EV,No encontrado en Betano,Alta,contexto premium fallback reciente,usa promedios recientes multi-competicion/API-Football,el volumen ofensivo puede variar por planteamiento y marcador temprano,
2026-08-23,13:45,Paris Saint Germain vs Rennes,10Bet,,1T +0.5,FIRST_HALF_TOTALS OVER.0.5,FIRST_HALF_TOTALS:OVER_0_5,76.1%,0.761500,2.35,0.79,0.789600,,,,EV positivo,No encontrado en Betano,Alta,contexto premium fallback reciente,usa promedios recientes multi-competicion/API-Football,el primer tiempo puede tener ritmo bajo o rotaciones,
2026-08-23,13:45,Paris Saint Germain vs Rennes,,,Tarjetas total -3.5,CARDS_TOTALS UNDER.3.5,CARDS_TOTALS:UNDER_3_5,74.0%,0.739700,,,,,,,Sin cuota/EV,No encontrado en Betano,Alta,contexto premium fallback reciente,usa promedios recientes multi-competicion/API-Football,depende mucho del arbitro y del contexto competitivo,
2026-08-23,13:45,Paris Saint Germain vs Rennes,,,Visita tarjetas +0.5,CARDS_AWAY OVER.0.5,CARDS_AWAY:OVER_0_5,73.6%,0.736300,,,,,,,Sin cuota/EV,No encontrado en Betano,Alta,contexto premium fallback reciente,usa promedios recientes multi-competicion/API-Football,depende mucho del arbitro y del contexto competitivo,
2026-08-23,13:45,Paris Saint Germain vs Rennes,,,Local goles -2.5,TEAM_TOTAL_HOME UNDER.2.5,TEAM_TOTAL_HOME:UNDER_2_5,72.1%,0.721100,,,,,,,Sin cuota/EV,No encontrado en Betano,Alta,fallback ultimos partidos,usa Poisson fallback con ultimos partidos multi-competicion,un gol temprano o baja eficacia puede cambiar la lectura del mercado,
2026-08-23,13:45,Paris Saint Germain vs Rennes,,,Visita corners -6.5,CORNERS_AWAY UNDER.6.5,CORNERS_AWAY:UNDER_6_5,71.5%,0.715200,,,,,,,Sin cuota/EV,No encontrado en Betano,Alta,contexto premium fallback reciente,usa promedios recientes multi-competicion/API-Football,el volumen ofensivo puede variar por planteamiento y marcador temprano,
2026-08-23,13:45,Paris Saint Germain vs Rennes,,,Local tarjetas +0.5,CARDS_HOME OVER.0.5,CARDS_HOME:OVER_0_5,71.4%,0.713500,,,,,,,Sin cuota/EV,No encontrado en Betano,Alta,contexto premium fallback reciente,usa promedios recientes multi-competicion/API-Football,depende mucho del arbitro y del contexto competitivo,
2026-08-23,13:45,Paris Saint Germain vs Rennes,,,DOUBLE_CHANCE 1X,DOUBLE_CHANCE 1X,DOUBLE_CHANCE:1X,68.3%,0.683000,,,,,,,Sin cuota/EV,No encontrado en Betano,Media,fallback ultimos partidos,usa Poisson fallback con ultimos partidos multi-competicion,riesgo propio del resultado final y variacion del modelo,
2026-08-23,13:45,Paris Saint Germain vs Rennes,,,Local corners +4.5,CORNERS_HOME OVER.4.5,CORNERS_HOME:OVER_4_5,66.8%,0.667800,,,,,,,Sin cuota/EV,No encontrado en Betano,Media,contexto premium fallback reciente,usa promedios recientes multi-competicion/API-Football,el volumen ofensivo puede variar por planteamiento y marcador temprano,
2026-08-23,13:45,Paris Saint Germain vs Rennes,10Bet,,Local corners -6.5,CORNERS_HOME UNDER.6.5,CORNERS_HOME:UNDER_6_5,66.0%,0.659700,1.70,0.12,0.121500,,,,EV positivo,No encontrado en Betano,Media,contexto premium fallback reciente,usa promedios recientes multi-competicion/API-Football,el volumen ofensivo puede variar por planteamiento y marcador temprano,
2026-08-23,13:45,Paris Saint Germain vs Rennes,10Bet,,Corners total +9.5,CORNERS_TOTALS OVER.9.5,CORNERS_TOTALS:OVER_9_5,65.7%,0.657200,1.70,0.12,0.117300,,,,EV positivo,No encontrado en Betano,Media,contexto premium fallback reciente,usa promedios recientes multi-competicion/API-Football,el volumen ofensivo puede variar por planteamiento y marcador temprano,
2026-08-23,13:45,Paris Saint Germain vs Rennes,,,SHOTS_ON_TARGET_TOTAL OVER.9.5,SHOTS_ON_TARGET_TOTAL OVER.9.5,SHOTS_ON_TARGET_TOTAL:OVER_9_5,65.7%,0.657200,,,,,,,Sin cuota/EV,No encontrado en Betano,Media,contexto premium fallback reciente,usa promedios recientes multi-competicion/API-Football,el volumen ofensivo puede variar por planteamiento y marcador temprano,
2026-08-23,13:45,Paris Saint Germain vs Rennes,10Bet,,BTTS sí,BTTS YES,BTTS:YES,65.3%,0.652900,3.25,1.12,1.121800,,,,EV positivo,No encontrado en Betano,Media,fallback ultimos partidos,usa Poisson fallback con ultimos partidos multi-competicion,un gol temprano o baja eficacia puede cambiar la lectura del mercado,
2026-08-23,13:45,Paris Saint Germain vs Rennes,10Bet,,Goles +2.5,TOTALS OVER.2.5,TOTALS:OVER_2_5,64.8%,0.647600,2.85,0.85,0.845700,,,,EV positivo,No encontrado en Betano,Media,fallback ultimos partidos,usa Poisson fallback con ultimos partidos multi-competicion,un gol temprano o baja eficacia puede cambiar la lectura del mercado,
2026-08-23,13:45,Paris Saint Germain vs Rennes,,,Local tarjetas -1.5,CARDS_HOME UNDER.1.5,CARDS_HOME:UNDER_1_5,64.5%,0.644600,,,,,,,Sin cuota/EV,No encontrado en Betano,Media,contexto premium fallback reciente,usa promedios recientes multi-competicion/API-Football,depende mucho del arbitro y del contexto competitivo,
2026-08-23,13:45,Paris Saint Germain vs Rennes,,,Visita tarjetas -1.5,CARDS_AWAY UNDER.1.5,CARDS_AWAY:UNDER_1_5,61.5%,0.615200,,,,,,,Sin cuota/EV,No encontrado en Betano,Media,contexto premium fallback reciente,usa promedios recientes multi-competicion/API-Football,depende mucho del arbitro y del contexto competitivo,
2026-08-23,13:45,Paris Saint Germain vs Rennes,,,Visita corners +4.5,CORNERS_AWAY OVER.4.5,CORNERS_AWAY:OVER_4_5,61.3%,0.612500,,,,,,,Sin cuota/EV,No encontrado en Betano,Media,contexto premium fallback reciente,usa promedios recientes multi-competicion/API-Football,el volumen ofensivo puede variar por planteamiento y marcador temprano,
2026-08-23,13:45,Paris Saint Germain vs Rennes,10Bet,,DNB local,DRAW_NO_BET HOME,DRAW_NO_BET:HOME,59.1%,0.590500,1.22,-0.28,-0.279500,,,,EV negativo,No encontrado en Betano,Media,fallback ultimos partidos,usa Poisson fallback con ultimos partidos multi-competicion,riesgo propio del resultado final y variacion del modelo,
2026-08-23,13:45,Paris Saint Germain vs Rennes,,,Corners total -11.5,CORNERS_TOTALS UNDER.11.5,CORNERS_TOTALS:UNDER_11_5,58.2%,0.581800,,,,,,,Sin cuota/EV,No encontrado en Betano,Media,contexto premium fallback reciente,usa promedios recientes multi-competicion/API-Football,el volumen ofensivo puede variar por planteamiento y marcador temprano,
2026-08-23,13:45,Paris Saint Germain vs Rennes,10Bet,,1T -1.5,FIRST_HALF_TOTALS UNDER.1.5,FIRST_HALF_TOTALS:UNDER_1_5,58.0%,0.580300,1.36,-0.21,-0.210800,,,,EV negativo,No encontrado en Betano,Media,contexto premium fallback reciente,usa promedios recientes multi-competicion/API-Football,el primer tiempo puede tener ritmo bajo o rotaciones,
2026-08-23,13:45,Paris Saint Germain vs Rennes,10Bet,,Goles -3.5,TOTALS UNDER.3.5,TOTALS:UNDER_3_5,57.3%,0.572600,1.80,0.03,0.030600,,,,EV positivo,No encontrado en Betano,Media,fallback ultimos partidos,usa Poisson fallback con ultimos partidos multi-competicion,un gol temprano o baja eficacia puede cambiar la lectura del mercado,
2026-08-23,13:45,Paris Saint Germain vs Rennes,,,Visita corners -5.5,CORNERS_AWAY UNDER.5.5,CORNERS_AWAY:UNDER_5_5,56.1%,0.561300,,,,,,,Sin cuota/EV,No encontrado en Betano,Media,contexto premium fallback reciente,usa promedios recientes multi-competicion/API-Football,el volumen ofensivo puede variar por planteamiento y marcador temprano,
2026-08-23,13:45,Paris Saint Germain vs Rennes,,,Visita goles -1.5,TEAM_TOTAL_AWAY UNDER.1.5,TEAM_TOTAL_AWAY:UNDER_1_5,55.8%,0.557900,,,,,,,Sin cuota/EV,No encontrado en Betano,Media,fallback ultimos partidos,usa Poisson fallback con ultimos partidos multi-competicion,un gol temprano o baja eficacia puede cambiar la lectura del mercado,
2026-08-23,13:45,Paris Saint Germain vs Rennes,,,Local goles +1.5,TEAM_TOTAL_HOME OVER.1.5,TEAM_TOTAL_HOME:OVER_1_5,54.8%,0.547600,,,,,,,Sin cuota/EV,No encontrado en Betano,Baja,fallback ultimos partidos,usa Poisson fallback con ultimos partidos multi-competicion,un gol temprano o baja eficacia puede cambiar la lectura del mercado,
2026-08-23,13:45,Paris Saint Germain vs Rennes,,,DOUBLE_CHANCE X2,DOUBLE_CHANCE X2,DOUBLE_CHANCE:X2,54.3%,0.542700,,,,,,,Sin cuota/EV,No encontrado en Betano,Baja,fallback ultimos partidos,usa Poisson fallback con ultimos partidos multi-competicion,riesgo propio del resultado final y variacion del modelo,
2026-08-23,13:45,Paris Saint Germain vs Rennes,10Bet,,Corners total +10.5,CORNERS_TOTALS OVER.10.5,CORNERS_TOTALS:OVER_10_5,53.8%,0.537600,2.05,0.10,0.102100,,,,EV positivo,No encontrado en Betano,Baja,contexto premium fallback reciente,usa promedios recientes multi-competicion/API-Football,el volumen ofensivo puede variar por planteamiento y marcador temprano,
2026-08-23,13:45,Paris Saint Germain vs Rennes,,,Tarjetas total -2.5,CARDS_TOTALS UNDER.2.5,CARDS_TOTALS:UNDER_2_5,52.3%,0.522700,,,,,,,Sin cuota/EV,No encontrado en Betano,Baja,contexto premium fallback reciente,usa promedios recientes multi-competicion/API-Football,depende mucho del arbitro y del contexto competitivo,
2026-08-23,13:45,Paris Saint Germain vs Rennes,,,Local corners -5.5,CORNERS_HOME UNDER.5.5,CORNERS_HOME:UNDER_5_5,50.1%,0.500600,,,,,,,Sin cuota/EV,No encontrado en Betano,Baja,contexto premium fallback reciente,usa promedios recientes multi-competicion/API-Football,el volumen ofensivo puede variar por planteamiento y marcador temprano,
2026-08-23,13:45,Paris Saint Germain vs Rennes,,,Local corners +5.5,CORNERS_HOME OVER.5.5,CORNERS_HOME:OVER_5_5,49.9%,0.499400,,,,,,,Sin cuota/EV,No encontrado en Betano,Baja,contexto premium fallback reciente,usa promedios recientes multi-competicion/API-Football,el volumen ofensivo puede variar por planteamiento y marcador temprano,
2026-08-23,13:45,Paris Saint Germain vs Rennes,,,Tarjetas total +2.5,CARDS_TOTALS OVER.2.5,CARDS_TOTALS:OVER_2_5,47.7%,0.477300,,,,,,,Sin cuota/EV,No encontrado en Betano,Baja,contexto premium fallback reciente,usa promedios recientes multi-competicion/API-Football,depende mucho del arbitro y del contexto competitivo,
2026-08-23,13:45,Paris Saint Germain vs Rennes,10Bet,,Corners total -10.5,CORNERS_TOTALS UNDER.10.5,CORNERS_TOTALS:UNDER_10_5,46.2%,0.462400,1.70,-0.21,-0.213900,,,,EV negativo,No encontrado en Betano,Baja,contexto premium fallback reciente,usa promedios recientes multi-competicion/API-Football,el volumen ofensivo puede variar por planteamiento y marcador temprano,
2026-08-23,13:45,Paris Saint Germain vs Rennes,10Bet,,Gana local,1X2 HOME,1X2:HOME,45.7%,0.457300,2.30,0.05,0.051700,,,,EV positivo,No encontrado en Betano,Baja,fallback ultimos partidos,usa Poisson fallback con ultimos partidos multi-competicion,riesgo propio del resultado final y variacion del modelo,
2026-08-23,13:45,Paris Saint Germain vs Rennes,,,Local goles -1.5,TEAM_TOTAL_HOME UNDER.1.5,TEAM_TOTAL_HOME:UNDER_1_5,45.2%,0.452400,,,,,,,Sin cuota/EV,No encontrado en Betano,Baja,fallback ultimos partidos,usa Poisson fallback con ultimos partidos multi-competicion,un gol temprano o baja eficacia puede cambiar la lectura del mercado,
2026-08-23,13:45,Paris Saint Germain vs Rennes,,,Visita goles +1.5,TEAM_TOTAL_AWAY OVER.1.5,TEAM_TOTAL_AWAY:OVER_1_5,44.2%,0.442100,,,,,,,Sin cuota/EV,No encontrado en Betano,Baja,fallback ultimos partidos,usa Poisson fallback con ultimos partidos multi-competicion,un gol temprano o baja eficacia puede cambiar la lectura del mercado,
2026-08-23,13:45,Paris Saint Germain vs Rennes,,,Visita corners +5.5,CORNERS_AWAY OVER.5.5,CORNERS_AWAY:OVER_5_5,43.9%,0.438700,,,,,,,Sin cuota/EV,No encontrado en Betano,Baja,contexto premium fallback reciente,usa promedios recientes multi-competicion/API-Football,el volumen ofensivo puede variar por planteamiento y marcador temprano,
2026-08-23,13:45,Paris Saint Germain vs Rennes,10Bet,,Goles +3.5,TOTALS OVER.3.5,TOTALS:OVER_3_5,42.7%,0.427400,2.00,-0.15,-0.145100,,,,EV negativo,No encontrado en Betano,Baja,fallback ultimos partidos,usa Poisson fallback con ultimos partidos multi-competicion,un gol temprano o baja eficacia puede cambiar la lectura del mercado,
2026-08-23,13:45,Paris Saint Germain vs Rennes,10Bet,,1T +1.5,FIRST_HALF_TOTALS OVER.1.5,FIRST_HALF_TOTALS:OVER_1_5,42.0%,0.419700,2.85,0.20,0.196100,,,,EV positivo,No encontrado en Betano,Baja,contexto premium fallback reciente,usa promedios recientes multi-competicion/API-Football,el primer tiempo puede tener ritmo bajo o rotaciones,
2026-08-23,13:45,Paris Saint Germain vs Rennes,,,Corners total +11.5,CORNERS_TOTALS OVER.11.5,CORNERS_TOTALS:OVER_11_5,41.8%,0.418200,,,,,,,Sin cuota/EV,No encontrado en Betano,Baja,contexto premium fallback reciente,usa promedios recientes multi-competicion/API-Football,el volumen ofensivo puede variar por planteamiento y marcador temprano,
2026-08-23,13:45,Paris Saint Germain vs Rennes,10Bet,,DNB visita,DRAW_NO_BET AWAY,DRAW_NO_BET:AWAY,40.9%,0.409500,3.80,0.56,0.555900,,,,EV positivo,No encontrado en Betano,Baja,fallback ultimos partidos,usa Poisson fallback con ultimos partidos multi-competicion,riesgo propio del resultado final y variacion del modelo,
2026-08-23,13:45,Paris Saint Germain vs Rennes,,,Visita corners -4.5,CORNERS_AWAY UNDER.4.5,CORNERS_AWAY:UNDER_4_5,38.8%,0.387500,,,,,,,Sin cuota/EV,No encontrado en Betano,Baja,contexto premium fallback reciente,usa promedios recientes multi-competicion/API-Football,el volumen ofensivo puede variar por planteamiento y marcador temprano,
2026-08-23,13:45,Paris Saint Germain vs Rennes,,,Visita tarjetas +1.5,CARDS_AWAY OVER.1.5,CARDS_AWAY:OVER_1_5,38.5%,0.384800,,,,,,,Sin cuota/EV,No encontrado en Betano,Baja,contexto premium fallback reciente,usa promedios recientes multi-competicion/API-Football,depende mucho del arbitro y del contexto competitivo,
2026-08-23,13:45,Paris Saint Germain vs Rennes,,,Local tarjetas +1.5,CARDS_HOME OVER.1.5,CARDS_HOME:OVER_1_5,35.5%,0.355400,,,,,,,Sin cuota/EV,No encontrado en Betano,Baja,contexto premium fallback reciente,usa promedios recientes multi-competicion/API-Football,depende mucho del arbitro y del contexto competitivo,
2026-08-23,13:45,Paris Saint Germain vs Rennes,10Bet,,Goles -2.5,TOTALS UNDER.2.5,TOTALS:UNDER_2_5,35.2%,0.352400,1.36,-0.52,-0.520700,,,,EV negativo,No encontrado en Betano,Baja,fallback ultimos partidos,usa Poisson fallback con ultimos partidos multi-competicion,un gol temprano o baja eficacia puede cambiar la lectura del mercado,
2026-08-23,13:45,Paris Saint Germain vs Rennes,10Bet,,BTTS no,BTTS NO,BTTS:NO,34.7%,0.347100,1.30,-0.55,-0.548700,,,,EV negativo,No encontrado en Betano,Baja,fallback ultimos partidos,usa Poisson fallback con ultimos partidos multi-competicion,un gol temprano o baja eficacia puede cambiar la lectura del mercado,
2026-08-23,13:45,Paris Saint Germain vs Rennes,10Bet,,Corners total -9.5,CORNERS_TOTALS UNDER.9.5,CORNERS_TOTALS:UNDER_9_5,34.3%,0.342800,2.05,-0.30,-0.297300,,,,EV negativo,No encontrado en Betano,Baja,contexto premium fallback reciente,usa promedios recientes multi-competicion/API-Football,el volumen ofensivo puede variar por planteamiento y marcador temprano,
2026-08-23,13:45,Paris Saint Germain vs Rennes,,,SHOTS_ON_TARGET_TOTAL UNDER.9.5,SHOTS_ON_TARGET_TOTAL UNDER.9.5,SHOTS_ON_TARGET_TOTAL:UNDER_9_5,34.3%,0.342800,,,,,,,Sin cuota/EV,No encontrado en Betano,Baja,contexto premium fallback reciente,usa promedios recientes multi-competicion/API-Football,el volumen ofensivo puede variar por planteamiento y marcador temprano,
2026-08-23,13:45,Paris Saint Germain vs Rennes,10Bet,,Local corners +6.5,CORNERS_HOME OVER.6.5,CORNERS_HOME:OVER_6_5,34.0%,0.340300,1.90,-0.35,-0.353400,,,,EV negativo,No encontrado en Betano,Baja,contexto premium fallback reciente,usa promedios recientes multi-competicion/API-Football,el volumen ofensivo puede variar por planteamiento y marcador temprano,
2026-08-23,13:45,Paris Saint Germain vs Rennes,,,Local corners -4.5,CORNERS_HOME UNDER.4.5,CORNERS_HOME:UNDER_4_5,33.2%,0.332200,,,,,,,Sin cuota/EV,No encontrado en Betano,Baja,contexto premium fallback reciente,usa promedios recientes multi-competicion/API-Football,el volumen ofensivo puede variar por planteamiento y marcador temprano,
2026-08-23,13:45,Paris Saint Germain vs Rennes,10Bet,,Gana visita,1X2 AWAY,1X2:AWAY,31.7%,0.317000,6.25,0.98,0.981600,,,,EV positivo,No encontrado en Betano,Baja,fallback ultimos partidos,usa Poisson fallback con ultimos partidos multi-competicion,riesgo propio del resultado final y variacion del modelo,
2026-08-23,13:45,Paris Saint Germain vs Rennes,,,Local tarjetas -0.5,CARDS_HOME UNDER.0.5,CARDS_HOME:UNDER_0_5,28.6%,0.286500,,,,,,,Sin cuota/EV,No encontrado en Betano,Baja,contexto premium fallback reciente,usa promedios recientes multi-competicion/API-Football,depende mucho del arbitro y del contexto competitivo,
2026-08-23,13:45,Paris Saint Germain vs Rennes,,,Visita corners +6.5,CORNERS_AWAY OVER.6.5,CORNERS_AWAY:OVER_6_5,28.5%,0.284800,,,,,,,Sin cuota/EV,No encontrado en Betano,Baja,contexto premium fallback reciente,usa promedios recientes multi-competicion/API-Football,el volumen ofensivo puede variar por planteamiento y marcador temprano,
2026-08-23,13:45,Paris Saint Germain vs Rennes,,,Local goles +2.5,TEAM_TOTAL_HOME OVER.2.5,TEAM_TOTAL_HOME:OVER_2_5,27.9%,0.278900,,,,,,,Sin cuota/EV,No encontrado en Betano,Baja,fallback ultimos partidos,usa Poisson fallback con ultimos partidos multi-competicion,un gol temprano o baja eficacia puede cambiar la lectura del mercado,
2026-08-23,13:45,Paris Saint Germain vs Rennes,,,Visita tarjetas -0.5,CARDS_AWAY UNDER.0.5,CARDS_AWAY:UNDER_0_5,26.4%,0.263700,,,,,,,Sin cuota/EV,No encontrado en Betano,Baja,contexto premium fallback reciente,usa promedios recientes multi-competicion/API-Football,depende mucho del arbitro y del contexto competitivo,
2026-08-23,13:45,Paris Saint Germain vs Rennes,,,Tarjetas total +3.5,CARDS_TOTALS OVER.3.5,CARDS_TOTALS:OVER_3_5,26.0%,0.260300,,,,,,,Sin cuota/EV,No encontrado en Betano,Baja,contexto premium fallback reciente,usa promedios recientes multi-competicion/API-Football,depende mucho del arbitro y del contexto competitivo,
2026-08-23,13:45,Paris Saint Germain vs Rennes,10Bet,,1T -0.5,FIRST_HALF_TOTALS UNDER.0.5,FIRST_HALF_TOTALS:UNDER_0_5,23.8%,0.238500,1.55,-0.63,-0.630400,,,,EV negativo,No encontrado en Betano,Baja,contexto premium fallback reciente,usa promedios recientes multi-competicion/API-Football,el primer tiempo puede tener ritmo bajo o rotaciones,
2026-08-23,13:45,Paris Saint Germain vs Rennes,,,Corners total -8.5,CORNERS_TOTALS UNDER.8.5,CORNERS_TOTALS:UNDER_8_5,23.4%,0.233900,,,,,,,Sin cuota/EV,No encontrado en Betano,Baja,contexto premium fallback reciente,usa promedios recientes multi-competicion/API-Football,el volumen ofensivo puede variar por planteamiento y marcador temprano,
2026-08-23,13:45,Paris Saint Germain vs Rennes,,,SHOTS_ON_TARGET_TOTAL UNDER.8.5,SHOTS_ON_TARGET_TOTAL UNDER.8.5,SHOTS_ON_TARGET_TOTAL:UNDER_8_5,23.4%,0.233900,,,,,,,Sin cuota/EV,No encontrado en Betano,Baja,contexto premium fallback reciente,usa promedios recientes multi-competicion/API-Football,el volumen ofensivo puede variar por planteamiento y marcador temprano,
2026-08-23,13:45,Paris Saint Germain vs Rennes,10Bet,,Empate,1X2 DRAW,1X2:DRAW,22.6%,0.225700,2.05,-0.54,-0.537400,,,,EV negativo,No encontrado en Betano,Baja,fallback ultimos partidos,usa Poisson fallback con ultimos partidos multi-competicion,riesgo propio del resultado final y variacion del modelo,
2026-08-23,13:45,Paris Saint Germain vs Rennes,10Bet,,Visita corners -3.5,CORNERS_AWAY UNDER.3.5,CORNERS_AWAY:UNDER_3_5,22.4%,0.223900,1.75,-0.61,-0.608200,,,,EV negativo,No encontrado en Betano,Baja,contexto premium fallback reciente,usa promedios recientes multi-competicion/API-Football,el volumen ofensivo puede variar por planteamiento y marcador temprano,
2026-08-23,13:45,Paris Saint Germain vs Rennes,,,Visita goles -0.5,TEAM_TOTAL_AWAY UNDER.0.5,TEAM_TOTAL_AWAY:UNDER_0_5,22.3%,0.223300,,,,,,,Sin cuota/EV,No encontrado en Betano,Baja,fallback ultimos partidos,usa Poisson fallback con ultimos partidos multi-competicion,un gol temprano o baja eficacia puede cambiar la lectura del mercado,
2026-08-23,13:45,Paris Saint Germain vs Rennes,,,Visita goles +2.5,TEAM_TOTAL_AWAY OVER.2.5,TEAM_TOTAL_AWAY:OVER_2_5,19.1%,0.191100,,,,,,,Sin cuota/EV,No encontrado en Betano,Baja,fallback ultimos partidos,usa Poisson fallback con ultimos partidos multi-competicion,un gol temprano o baja eficacia puede cambiar la lectura del mercado,
2026-08-23,13:45,Paris Saint Germain vs Rennes,,,Local corners -3.5,CORNERS_HOME UNDER.3.5,CORNERS_HOME:UNDER_3_5,18.4%,0.183500,,,,,,,Sin cuota/EV,No encontrado en Betano,Baja,contexto premium fallback reciente,usa promedios recientes multi-competicion/API-Football,el volumen ofensivo puede variar por planteamiento y marcador temprano,
2026-08-23,13:45,Paris Saint Germain vs Rennes,,,SHOTS_TOTAL UNDER.26.5,SHOTS_TOTAL UNDER.26.5,SHOTS_TOTAL:UNDER_26_5,17.5%,0.174700,,,,,,,Sin cuota/EV,No encontrado en Betano,Baja,contexto premium fallback reciente,usa promedios recientes multi-competicion/API-Football,el volumen ofensivo puede variar por planteamiento y marcador temprano,
2026-08-23,13:45,Paris Saint Germain vs Rennes,,,Local goles -0.5,TEAM_TOTAL_HOME UNDER.0.5,TEAM_TOTAL_HOME:UNDER_0_5,16.0%,0.159600,,,,,,,Sin cuota/EV,No encontrado en Betano,Baja,fallback ultimos partidos,usa Poisson fallback con ultimos partidos multi-competicion,un gol temprano o baja eficacia puede cambiar la lectura del mercado,
2026-08-23,13:45,Paris Saint Germain vs Rennes,10Bet,,Goles -1.5,TOTALS UNDER.1.5,TOTALS:UNDER_1_5,15.4%,0.154400,2.20,-0.66,-0.660300,,,,EV negativo,No encontrado en Betano,Baja,fallback ultimos partidos,usa Poisson fallback con ultimos partidos multi-competicion,un gol temprano o baja eficacia puede cambiar la lectura del mercado,
2026-08-23,13:45,Paris Saint Germain vs Rennes,,,Visita tarjetas +2.5,CARDS_AWAY OVER.2.5,CARDS_AWAY:OVER_2_5,15.1%,0.150600,,,,,,,Sin cuota/EV,No encontrado en Betano,Baja,contexto premium fallback reciente,usa promedios recientes multi-competicion/API-Football,depende mucho del arbitro y del contexto competitivo,
2026-08-23,13:45,Paris Saint Germain vs Rennes,,,Corners total -7.5,CORNERS_TOTALS UNDER.7.5,CORNERS_TOTALS:UNDER_7_5,14.5%,0.144600,,,,,,,Sin cuota/EV,No encontrado en Betano,Baja,contexto premium fallback reciente,usa promedios recientes multi-competicion/API-Football,el volumen ofensivo puede variar por planteamiento y marcador temprano,
2026-08-23,13:45,Paris Saint Germain vs Rennes,,,SHOTS_ON_TARGET_TOTAL UNDER.7.5,SHOTS_ON_TARGET_TOTAL UNDER.7.5,SHOTS_ON_TARGET_TOTAL:UNDER_7_5,14.5%,0.144600,,,,,,,Sin cuota/EV,No encontrado en Betano,Baja,contexto premium fallback reciente,usa promedios recientes multi-competicion/API-Football,el volumen ofensivo puede variar por planteamiento y marcador temprano,
2026-08-23,13:45,Paris Saint Germain vs Rennes,,,Local tarjetas +2.5,CARDS_HOME OVER.2.5,CARDS_HOME:OVER_2_5,13.2%,0.131500,,,,,,,Sin cuota/EV,No encontrado en Betano,Baja,contexto premium fallback reciente,usa promedios recientes multi-competicion/API-Football,depende mucho del arbitro y del contexto competitivo,
2026-08-23,13:45,Paris Saint Germain vs Rennes,,,Tarjetas total +4.5,CARDS_TOTALS OVER.4.5,CARDS_TOTALS:OVER_4_5,12.0%,0.120200,,,,,,,Sin cuota/EV,No encontrado en Betano,Baja,contexto premium fallback reciente,usa promedios recientes multi-competicion/API-Football,depende mucho del arbitro y del contexto competitivo,
2026-08-23,13:45,Paris Saint Germain vs Rennes,,,SHOTS_TOTAL UNDER.24.5,SHOTS_TOTAL UNDER.24.5,SHOTS_TOTAL:UNDER_24_5,9.4%,0.093900,,,,,,,Sin cuota/EV,No encontrado en Betano,Baja,contexto premium fallback reciente,usa promedios recientes multi-competicion/API-Football,el volumen ofensivo puede variar por planteamiento y marcador temprano,
2026-08-23,13:45,Paris Saint Germain vs Rennes,,,SHOTS_ON_TARGET_TOTAL UNDER.6.5,SHOTS_ON_TARGET_TOTAL UNDER.6.5,SHOTS_ON_TARGET_TOTAL:UNDER_6_5,8.0%,0.079500,,,,,,,Sin cuota/EV,No encontrado en Betano,Baja,contexto premium fallback reciente,usa promedios recientes multi-competicion/API-Football,el volumen ofensivo puede variar por planteamiento y marcador temprano,
2026-08-23,13:45,Paris Saint Germain vs Rennes,,,Tarjetas total +5.5,CARDS_TOTALS OVER.5.5,CARDS_TOTALS:OVER_5_5,4.8%,0.047800,,,,,,,Sin cuota/EV,No encontrado en Betano,Baja,contexto premium fallback reciente,usa promedios recientes multi-competicion/API-Football,depende mucho del arbitro y del contexto competitivo,
2026-08-23,13:45,Paris Saint Germain vs Rennes,,,Visita tarjetas +3.5,CARDS_AWAY OVER.3.5,CARDS_AWAY:OVER_3_5,4.7%,0.046500,,,,,,,Sin cuota/EV,No encontrado en Betano,Baja,contexto premium fallback reciente,usa promedios recientes multi-competicion/API-Football,depende mucho del arbitro y del contexto competitivo,
2026-08-23,13:45,Paris Saint Germain vs Rennes,,,SHOTS_TOTAL UNDER.22.5,SHOTS_TOTAL UNDER.22.5,SHOTS_TOTAL:UNDER_22_5,4.4%,0.043800,,,,,,,Sin cuota/EV,No encontrado en Betano,Baja,contexto premium fallback reciente,usa promedios recientes multi-competicion/API-Football,el volumen ofensivo puede variar por planteamiento y marcador temprano,
2026-08-23,13:45,Paris Saint Germain vs Rennes,,,Local tarjetas +3.5,CARDS_HOME OVER.3.5,CARDS_HOME:OVER_3_5,3.8%,0.038300,,,,,,,Sin cuota/EV,No encontrado en Betano,Baja,contexto premium fallback reciente,usa promedios recientes multi-competicion/API-Football,depende mucho del arbitro y del contexto competitivo,
2026-08-23,13:45,Paris Saint Germain vs Rennes,,,SHOTS_TOTAL UNDER.20.5,SHOTS_TOTAL UNDER.20.5,SHOTS_TOTAL:UNDER_20_5,1.7%,0.017400,,,,,,,Sin cuota/EV,No encontrado en Betano,Baja,contexto premium fallback reciente,usa promedios recientes multi-competicion/API-Football,el volumen ofensivo puede variar por planteamiento y marcador temprano,
2026-08-23,13:45,Paris Saint Germain vs Rennes,,,Tarjetas total +6.5,CARDS_TOTALS OVER.6.5,CARDS_TOTALS:OVER_6_5,1.7%,0.016600,,,,,,,Sin cuota/EV,No encontrado en Betano,Baja,contexto premium fallback reciente,usa promedios recientes multi-competicion/API-Football,depende mucho del arbitro y del contexto competitivo,
2026-08-23,13:45,Paris Saint Germain vs Rennes,,,SHOTS_TOTAL UNDER.18.5,SHOTS_TOTAL UNDER.18.5,SHOTS_TOTAL:UNDER_18_5,0.6%,0.005800,,,,,,,Sin cuota/EV,No encontrado en Betano,Baja,contexto premium fallback reciente,usa promedios recientes multi-competicion/API-Football,el volumen ofensivo puede variar por planteamiento y marcador temprano,
2026-08-23,13:45,Atalanta vs Sassuolo,,,Tarjetas total -6.5,CARDS_TOTALS UNDER.6.5,CARDS_TOTALS:UNDER_6_5,97.8%,0.977600,,,,,,,Sin cuota/EV,No encontrado en Betano,Alta,contexto premium fallback reciente,usa promedios recientes multi-competicion/API-Football,depende mucho del arbitro y del contexto competitivo,
2026-08-23,13:45,Atalanta vs Sassuolo,,,Visita corners -6.5,CORNERS_AWAY UNDER.6.5,CORNERS_AWAY:UNDER_6_5,97.0%,0.970500,,,,,,,Sin cuota/EV,No encontrado en Betano,Alta,contexto premium fallback reciente,usa promedios recientes multi-competicion/API-Football,el volumen ofensivo puede variar por planteamiento y marcador temprano,
2026-08-23,13:45,Atalanta vs Sassuolo,,,Visita tarjetas -3.5,CARDS_AWAY UNDER.3.5,CARDS_AWAY:UNDER_3_5,96.2%,0.961700,,,,,,,Sin cuota/EV,No encontrado en Betano,Alta,contexto premium fallback reciente,usa promedios recientes multi-competicion/API-Football,depende mucho del arbitro y del contexto competitivo,
2026-08-23,13:45,Atalanta vs Sassuolo,,,Tarjetas total -5.5,CARDS_TOTALS UNDER.5.5,CARDS_TOTALS:UNDER_5_5,93.9%,0.939200,,,,,,,Sin cuota/EV,No encontrado en Betano,Alta,contexto premium fallback reciente,usa promedios recientes multi-competicion/API-Football,depende mucho del arbitro y del contexto competitivo,
2026-08-23,13:45,Atalanta vs Sassuolo,,,Local tarjetas -3.5,CARDS_HOME UNDER.3.5,CARDS_HOME:UNDER_3_5,93.4%,0.934400,,,,,,,Sin cuota/EV,No encontrado en Betano,Alta,contexto premium fallback reciente,usa promedios recientes multi-competicion/API-Football,depende mucho del arbitro y del contexto competitivo,
2026-08-23,13:45,Atalanta vs Sassuolo,,,Corners total -11.5,CORNERS_TOTALS UNDER.11.5,CORNERS_TOTALS:UNDER_11_5,92.8%,0.927900,,,,,,,Sin cuota/EV,No encontrado en Betano,Alta,contexto premium fallback reciente,usa promedios recientes multi-competicion/API-Football,el volumen ofensivo puede variar por planteamiento y marcador temprano,
2026-08-23,13:45,Atalanta vs Sassuolo,,,Visita corners -5.5,CORNERS_AWAY UNDER.5.5,CORNERS_AWAY:UNDER_5_5,92.4%,0.924300,,,,,,,Sin cuota/EV,No encontrado en Betano,Alta,contexto premium fallback reciente,usa promedios recientes multi-competicion/API-Football,el volumen ofensivo puede variar por planteamiento y marcador temprano,
2026-08-23,13:45,Atalanta vs Sassuolo,,,SHOTS_TOTAL OVER.18.5,SHOTS_TOTAL OVER.18.5,SHOTS_TOTAL:OVER_18_5,92.0%,0.920400,,,,,,,Sin cuota/EV,No encontrado en Betano,Alta,contexto premium fallback reciente,usa promedios recientes multi-competicion/API-Football,el volumen ofensivo puede variar por planteamiento y marcador temprano,
2026-08-23,13:45,Atalanta vs Sassuolo,,,Visita goles -2.5,TEAM_TOTAL_AWAY UNDER.2.5,TEAM_TOTAL_AWAY:UNDER_2_5,87.9%,0.879500,,,,,,,Sin cuota/EV,No encontrado en Betano,Alta,fallback ultimos partidos,usa Poisson fallback con ultimos partidos multi-competicion,un gol temprano o baja eficacia puede cambiar la lectura del mercado,
2026-08-23,13:45,Atalanta vs Sassuolo,10Bet,,Corners total -10.5,CORNERS_TOTALS UNDER.10.5,CORNERS_TOTALS:UNDER_10_5,87.3%,0.872700,1.70,0.48,0.483700,,,,EV positivo,No encontrado en Betano,Alta,contexto premium fallback reciente,usa promedios recientes multi-competicion/API-Football,el volumen ofensivo puede variar por planteamiento y marcador temprano,
2026-08-23,13:45,Atalanta vs Sassuolo,,,Visita tarjetas -2.5,CARDS_AWAY UNDER.2.5,CARDS_AWAY:UNDER_2_5,86.9%,0.868500,,,,,,,Sin cuota/EV,No encontrado en Betano,Alta,contexto premium fallback reciente,usa promedios recientes multi-competicion/API-Football,depende mucho del arbitro y del contexto competitivo,
2026-08-23,13:45,Atalanta vs Sassuolo,,,SHOTS_ON_TARGET_TOTAL OVER.6.5,SHOTS_ON_TARGET_TOTAL OVER.6.5,SHOTS_ON_TARGET_TOTAL:OVER_6_5,85.9%,0.859000,,,,,,,Sin cuota/EV,No encontrado en Betano,Alta,contexto premium fallback reciente,usa promedios recientes multi-competicion/API-Football,el volumen ofensivo puede variar por planteamiento y marcador temprano,
2026-08-23,13:45,Atalanta vs Sassuolo,,,Tarjetas total -4.5,CARDS_TOTALS UNDER.4.5,CARDS_TOTALS:UNDER_4_5,85.5%,0.855400,,,,,,,Sin cuota/EV,No encontrado en Betano,Alta,contexto premium fallback reciente,usa promedios recientes multi-competicion/API-Football,depende mucho del arbitro y del contexto competitivo,
2026-08-23,13:45,Atalanta vs Sassuolo,10Bet,,Local corners -6.5,CORNERS_HOME UNDER.6.5,CORNERS_HOME:UNDER_6_5,83.6%,0.836300,1.62,0.35,0.354900,,,,EV positivo,No encontrado en Betano,Alta,contexto premium fallback reciente,usa promedios recientes multi-competicion/API-Football,el volumen ofensivo puede variar por planteamiento y marcador temprano,
2026-08-23,13:45,Atalanta vs Sassuolo,,,SHOTS_TOTAL OVER.20.5,SHOTS_TOTAL OVER.20.5,SHOTS_TOTAL:OVER_20_5,83.5%,0.835300,,,,,,,Sin cuota/EV,No encontrado en Betano,Alta,contexto premium fallback reciente,usa promedios recientes multi-competicion/API-Football,el volumen ofensivo puede variar por planteamiento y marcador temprano,
2026-08-23,13:45,Atalanta vs Sassuolo,,,Visita corners -4.5,CORNERS_AWAY UNDER.4.5,CORNERS_AWAY:UNDER_4_5,82.9%,0.829100,,,,,,,Sin cuota/EV,No encontrado en Betano,Alta,contexto premium fallback reciente,usa promedios recientes multi-competicion/API-Football,el volumen ofensivo puede variar por planteamiento y marcador temprano,
2026-08-23,13:45,Atalanta vs Sassuolo,,,Local tarjetas -2.5,CARDS_HOME UNDER.2.5,CARDS_HOME:UNDER_2_5,80.9%,0.808800,,,,,,,Sin cuota/EV,No encontrado en Betano,Alta,contexto premium fallback reciente,usa promedios recientes multi-competicion/API-Football,depende mucho del arbitro y del contexto competitivo,
2026-08-23,13:45,Atalanta vs Sassuolo,,,Local goles +0.5,TEAM_TOTAL_HOME OVER.0.5,TEAM_TOTAL_HOME:OVER_0_5,80.2%,0.802000,,,,,,,Sin cuota/EV,No encontrado en Betano,Alta,fallback ultimos partidos,usa Poisson fallback con ultimos partidos multi-competicion,un gol temprano o baja eficacia puede cambiar la lectura del mercado,
2026-08-23,13:45,Atalanta vs Sassuolo,10Bet,,Corners total -9.5,CORNERS_TOTALS UNDER.9.5,CORNERS_TOTALS:UNDER_9_5,79.0%,0.790500,1.85,0.46,0.462500,,,,EV positivo,No encontrado en Betano,Alta,contexto premium fallback reciente,usa promedios recientes multi-competicion/API-Football,el volumen ofensivo puede variar por planteamiento y marcador temprano,
2026-08-23,13:45,Atalanta vs Sassuolo,,,Local goles -2.5,TEAM_TOTAL_HOME UNDER.2.5,TEAM_TOTAL_HOME:UNDER_2_5,77.8%,0.778200,,,,,,,Sin cuota/EV,No encontrado en Betano,Alta,fallback ultimos partidos,usa Poisson fallback con ultimos partidos multi-competicion,un gol temprano o baja eficacia puede cambiar la lectura del mercado,
2026-08-23,13:45,Atalanta vs Sassuolo,,,Local tarjetas +0.5,CARDS_HOME OVER.0.5,CARDS_HOME:OVER_0_5,77.7%,0.776900,,,,,,,Sin cuota/EV,No encontrado en Betano,Alta,contexto premium fallback reciente,usa promedios recientes multi-competicion/API-Football,depende mucho del arbitro y del contexto competitivo,
2026-08-23,13:45,Atalanta vs Sassuolo,10Bet,,1T +0.5,FIRST_HALF_TOTALS OVER.0.5,FIRST_HALF_TOTALS:OVER_0_5,77.3%,0.773200,2.80,1.16,1.164800,,,,EV positivo,No encontrado en Betano,Alta,contexto premium fallback reciente,usa promedios recientes multi-competicion/API-Football,el primer tiempo puede tener ritmo bajo o rotaciones,
2026-08-23,13:45,Atalanta vs Sassuolo,10Bet,,Goles +1.5,TOTALS OVER.1.5,TOTALS:OVER_1_5,77.2%,0.772300,1.80,0.39,0.390100,,,,EV positivo,No encontrado en Betano,Alta,fallback ultimos partidos,usa Poisson fallback con ultimos partidos multi-competicion,un gol temprano o baja eficacia puede cambiar la lectura del mercado,
2026-08-23,13:45,Atalanta vs Sassuolo,,,SHOTS_ON_TARGET_TOTAL OVER.7.5,SHOTS_ON_TARGET_TOTAL OVER.7.5,SHOTS_ON_TARGET_TOTAL:OVER_7_5,76.4%,0.764400,,,,,,,Sin cuota/EV,No encontrado en Betano,Alta,contexto premium fallback reciente,usa promedios recientes multi-competicion/API-Football,el volumen ofensivo puede variar por planteamiento y marcador temprano,
2026-08-23,13:45,Atalanta vs Sassuolo,,,DOUBLE_CHANCE 12,DOUBLE_CHANCE 12,DOUBLE_CHANCE:12,75.4%,0.754400,,,,,,,Sin cuota/EV,No encontrado en Betano,Alta,fallback ultimos partidos,usa Poisson fallback con ultimos partidos multi-competicion,riesgo propio del resultado final y variacion del modelo,
2026-08-23,13:45,Atalanta vs Sassuolo,,,DOUBLE_CHANCE 1X,DOUBLE_CHANCE 1X,DOUBLE_CHANCE:1X,71.7%,0.717000,,,,,,,Sin cuota/EV,No encontrado en Betano,Alta,fallback ultimos partidos,usa Poisson fallback con ultimos partidos multi-competicion,riesgo propio del resultado final y variacion del modelo,
2026-08-23,13:45,Atalanta vs Sassuolo,,,Visita tarjetas +0.5,CARDS_AWAY OVER.0.5,CARDS_AWAY:OVER_0_5,71.4%,0.713500,,,,,,,Sin cuota/EV,No encontrado en Betano,Alta,contexto premium fallback reciente,usa promedios recientes multi-competicion/API-Football,depende mucho del arbitro y del contexto competitivo,
2026-08-23,13:45,Atalanta vs Sassuolo,,,SHOTS_TOTAL OVER.22.5,SHOTS_TOTAL OVER.22.5,SHOTS_TOTAL:OVER_22_5,71.1%,0.711000,,,,,,,Sin cuota/EV,No encontrado en Betano,Alta,contexto premium fallback reciente,usa promedios recientes multi-competicion/API-Football,el volumen ofensivo puede variar por planteamiento y marcador temprano,
2026-08-23,13:45,Atalanta vs Sassuolo,10Bet,,Local corners -5.5,CORNERS_HOME UNDER.5.5,CORNERS_HOME:UNDER_5_5,71.0%,0.710000,1.93,0.37,0.370300,,,,EV positivo,No encontrado en Betano,Alta,contexto premium fallback reciente,usa promedios recientes multi-competicion/API-Football,el volumen ofensivo puede variar por planteamiento y marcador temprano,
2026-08-23,13:45,Atalanta vs Sassuolo,,,Tarjetas total -3.5,CARDS_TOTALS UNDER.3.5,CARDS_TOTALS:UNDER_3_5,70.3%,0.703000,,,,,,,Sin cuota/EV,No encontrado en Betano,Alta,contexto premium fallback reciente,usa promedios recientes multi-competicion/API-Football,depende mucho del arbitro y del contexto competitivo,
2026-08-23,13:45,Atalanta vs Sassuolo,,,Visita goles +0.5,TEAM_TOTAL_AWAY OVER.0.5,TEAM_TOTAL_AWAY:OVER_0_5,69.9%,0.698800,,,,,,,Sin cuota/EV,No encontrado en Betano,Media,fallback ultimos partidos,usa Poisson fallback con ultimos partidos multi-competicion,un gol temprano o baja eficacia puede cambiar la lectura del mercado,
2026-08-23,13:45,Atalanta vs Sassuolo,10Bet,,Goles -3.5,TOTALS UNDER.3.5,TOTALS:UNDER_3_5,68.8%,0.687500,1.48,0.02,0.017600,,,,EV negativo,No encontrado en Betano,Media,fallback ultimos partidos,usa Poisson fallback con ultimos partidos multi-competicion,un gol temprano o baja eficacia puede cambiar la lectura del mercado,
2026-08-23,13:45,Atalanta vs Sassuolo,,,Corners total -8.5,CORNERS_TOTALS UNDER.8.5,CORNERS_TOTALS:UNDER_8_5,67.9%,0.679100,,,,,,,Sin cuota/EV,No encontrado en Betano,Media,contexto premium fallback reciente,usa promedios recientes multi-competicion/API-Football,el volumen ofensivo puede variar por planteamiento y marcador temprano,
2026-08-23,13:45,Atalanta vs Sassuolo,10Bet,,Visita corners -3.5,CORNERS_AWAY UNDER.3.5,CORNERS_AWAY:UNDER_3_5,66.6%,0.665900,1.57,0.05,0.045500,,,,EV positivo,No encontrado en Betano,Media,contexto premium fallback reciente,usa promedios recientes multi-competicion/API-Football,el volumen ofensivo puede variar por planteamiento y marcador temprano,
2026-08-23,13:45,Atalanta vs Sassuolo,,,Visita goles -1.5,TEAM_TOTAL_AWAY UNDER.1.5,TEAM_TOTAL_AWAY:UNDER_1_5,66.3%,0.662600,,,,,,,Sin cuota/EV,No encontrado en Betano,Media,fallback ultimos partidos,usa Poisson fallback con ultimos partidos multi-competicion,un gol temprano o baja eficacia puede cambiar la lectura del mercado,
2026-08-23,13:45,Atalanta vs Sassuolo,,,Local corners +3.5,CORNERS_HOME OVER.3.5,CORNERS_HOME:OVER_3_5,65.1%,0.650700,,,,,,,Sin cuota/EV,No encontrado en Betano,Media,contexto premium fallback reciente,usa promedios recientes multi-competicion/API-Football,el volumen ofensivo puede variar por planteamiento y marcador temprano,
2026-08-23,13:45,Atalanta vs Sassuolo,,,SHOTS_ON_TARGET_TOTAL OVER.8.5,SHOTS_ON_TARGET_TOTAL OVER.8.5,SHOTS_ON_TARGET_TOTAL:OVER_8_5,64.8%,0.648100,,,,,,,Sin cuota/EV,No encontrado en Betano,Media,contexto premium fallback reciente,usa promedios recientes multi-competicion/API-Football,el volumen ofensivo puede variar por planteamiento y marcador temprano,
2026-08-23,13:45,Atalanta vs Sassuolo,,,Visita tarjetas -1.5,CARDS_AWAY UNDER.1.5,CARDS_AWAY:UNDER_1_5,64.5%,0.644600,,,,,,,Sin cuota/EV,No encontrado en Betano,Media,contexto premium fallback reciente,usa promedios recientes multi-competicion/API-Football,depende mucho del arbitro y del contexto competitivo,
2026-08-23,13:45,Atalanta vs Sassuolo,10Bet,,DNB local,DRAW_NO_BET HOME,DRAW_NO_BET:HOME,62.5%,0.624900,1.28,-0.20,-0.200100,,,,EV negativo,No encontrado en Betano,Media,fallback ultimos partidos,usa Poisson fallback con ultimos partidos multi-competicion,riesgo propio del resultado final y variacion del modelo,
2026-08-23,13:45,Atalanta vs Sassuolo,,,SHOTS_TOTAL UNDER.26.5,SHOTS_TOTAL UNDER.26.5,SHOTS_TOTAL:UNDER_26_5,59.7%,0.597300,,,,,,,Sin cuota/EV,No encontrado en Betano,Media,contexto premium fallback reciente,usa promedios recientes multi-competicion/API-Football,el volumen ofensivo puede variar por planteamiento y marcador temprano,
2026-08-23,13:45,Atalanta vs Sassuolo,10Bet,,1T -1.5,FIRST_HALF_TOTALS UNDER.1.5,FIRST_HALF_TOTALS:UNDER_1_5,56.3%,0.563400,1.25,-0.30,-0.295800,,,,EV negativo,No encontrado en Betano,Media,contexto premium fallback reciente,usa promedios recientes multi-competicion/API-Football,el primer tiempo puede tener ritmo bajo o rotaciones,
2026-08-23,13:45,Atalanta vs Sassuolo,10Bet,,BTTS sí,BTTS YES,BTTS:YES,56.0%,0.560500,4.20,1.35,1.354000,,,,EV positivo,No encontrado en Betano,Media,fallback ultimos partidos,usa Poisson fallback con ultimos partidos multi-competicion,un gol temprano o baja eficacia puede cambiar la lectura del mercado,
2026-08-23,13:45,Atalanta vs Sassuolo,,,SHOTS_TOTAL OVER.24.5,SHOTS_TOTAL OVER.24.5,SHOTS_TOTAL:OVER_24_5,56.0%,0.559500,,,,,,,Sin cuota/EV,No encontrado en Betano,Media,contexto premium fallback reciente,usa promedios recientes multi-competicion/API-Football,el volumen ofensivo puede variar por planteamiento y marcador temprano,
2026-08-23,13:45,Atalanta vs Sassuolo,,,Local tarjetas -1.5,CARDS_HOME UNDER.1.5,CARDS_HOME:UNDER_1_5,55.8%,0.557800,,,,,,,Sin cuota/EV,No encontrado en Betano,Media,contexto premium fallback reciente,usa promedios recientes multi-competicion/API-Football,depende mucho del arbitro y del contexto competitivo,
2026-08-23,13:45,Atalanta vs Sassuolo,,,Corners total -7.5,CORNERS_TOTALS UNDER.7.5,CORNERS_TOTALS:UNDER_7_5,54.3%,0.543000,,,,,,,Sin cuota/EV,No encontrado en Betano,Baja,contexto premium fallback reciente,usa promedios recientes multi-competicion/API-Football,el volumen ofensivo puede variar por planteamiento y marcador temprano,
2026-08-23,13:45,Atalanta vs Sassuolo,,,Local corners -4.5,CORNERS_HOME UNDER.4.5,CORNERS_HOME:UNDER_4_5,54.0%,0.540000,,,,,,,Sin cuota/EV,No encontrado en Betano,Baja,contexto premium fallback reciente,usa promedios recientes multi-competicion/API-Football,el volumen ofensivo puede variar por planteamiento y marcador temprano,
2026-08-23,13:45,Atalanta vs Sassuolo,10Bet,,Goles +2.5,TOTALS OVER.2.5,TOTALS:OVER_2_5,53.5%,0.535200,3.45,0.85,0.846600,,,,EV positivo,No encontrado en Betano,Baja,fallback ultimos partidos,usa Poisson fallback con ultimos partidos multi-competicion,un gol temprano o baja eficacia puede cambiar la lectura del mercado,
2026-08-23,13:45,Atalanta vs Sassuolo,,,DOUBLE_CHANCE X2,DOUBLE_CHANCE X2,DOUBLE_CHANCE:X2,52.8%,0.528500,,,,,,,Sin cuota/EV,No encontrado en Betano,Baja,fallback ultimos partidos,usa Poisson fallback con ultimos partidos multi-competicion,riesgo propio del resultado final y variacion del modelo,
2026-08-23,13:45,Atalanta vs Sassuolo,,,SHOTS_ON_TARGET_TOTAL OVER.9.5,SHOTS_ON_TARGET_TOTAL OVER.9.5,SHOTS_ON_TARGET_TOTAL:OVER_9_5,52.1%,0.521100,,,,,,,Sin cuota/EV,No encontrado en Betano,Baja,contexto premium fallback reciente,usa promedios recientes multi-competicion/API-Football,el volumen ofensivo puede variar por planteamiento y marcador temprano,
2026-08-23,13:45,Atalanta vs Sassuolo,,,Local goles -1.5,TEAM_TOTAL_HOME UNDER.1.5,TEAM_TOTAL_HOME:UNDER_1_5,51.8%,0.518500,,,,,,,Sin cuota/EV,No encontrado en Betano,Baja,fallback ultimos partidos,usa Poisson fallback con ultimos partidos multi-competicion,un gol temprano o baja eficacia puede cambiar la lectura del mercado,
2026-08-23,13:45,Atalanta vs Sassuolo,,,Tarjetas total +2.5,CARDS_TOTALS OVER.2.5,CARDS_TOTALS:OVER_2_5,51.8%,0.518500,,,,,,,Sin cuota/EV,No encontrado en Betano,Baja,contexto premium fallback reciente,usa promedios recientes multi-competicion/API-Football,depende mucho del arbitro y del contexto competitivo,
2026-08-23,13:45,Atalanta vs Sassuolo,,,Tarjetas total -2.5,CARDS_TOTALS UNDER.2.5,CARDS_TOTALS:UNDER_2_5,48.1%,0.481500,,,,,,,Sin cuota/EV,No encontrado en Betano,Baja,contexto premium fallback reciente,usa promedios recientes multi-competicion/API-Football,depende mucho del arbitro y del contexto competitivo,
2026-08-23,13:45,Atalanta vs Sassuolo,,,Local goles +1.5,TEAM_TOTAL_HOME OVER.1.5,TEAM_TOTAL_HOME:OVER_1_5,48.1%,0.481500,,,,,,,Sin cuota/EV,No encontrado en Betano,Baja,fallback ultimos partidos,usa Poisson fallback con ultimos partidos multi-competicion,un gol temprano o baja eficacia puede cambiar la lectura del mercado,
2026-08-23,13:45,Atalanta vs Sassuolo,,,SHOTS_ON_TARGET_TOTAL UNDER.9.5,SHOTS_ON_TARGET_TOTAL UNDER.9.5,SHOTS_ON_TARGET_TOTAL:UNDER_9_5,47.9%,0.478900,,,,,,,Sin cuota/EV,No encontrado en Betano,Baja,contexto premium fallback reciente,usa promedios recientes multi-competicion/API-Football,el volumen ofensivo puede variar por planteamiento y marcador temprano,
2026-08-23,13:45,Atalanta vs Sassuolo,10Bet,,Gana local,1X2 HOME,1X2:HOME,47.1%,0.471500,2.55,0.20,0.202200,,,,EV positivo,No encontrado en Betano,Baja,fallback ultimos partidos,usa Poisson fallback con ultimos partidos multi-competicion,riesgo propio del resultado final y variacion del modelo,
2026-08-23,13:45,Atalanta vs Sassuolo,10Bet,,Goles -2.5,TOTALS UNDER.2.5,TOTALS:UNDER_2_5,46.5%,0.464800,1.25,-0.42,-0.419100,,,,EV negativo,No encontrado en Betano,Baja,fallback ultimos partidos,usa Poisson fallback con ultimos partidos multi-competicion,un gol temprano o baja eficacia puede cambiar la lectura del mercado,
2026-08-23,13:45,Atalanta vs Sassuolo,,,Local corners +4.5,CORNERS_HOME OVER.4.5,CORNERS_HOME:OVER_4_5,46.0%,0.460000,,,,,,,Sin cuota/EV,No encontrado en Betano,Baja,contexto premium fallback reciente,usa promedios recientes multi-competicion/API-Football,el volumen ofensivo puede variar por planteamiento y marcador temprano,
2026-08-23,13:45,Atalanta vs Sassuolo,,,Corners total +7.5,CORNERS_TOTALS OVER.7.5,CORNERS_TOTALS:OVER_7_5,45.7%,0.457000,,,,,,,Sin cuota/EV,No encontrado en Betano,Baja,contexto premium fallback reciente,usa promedios recientes multi-competicion/API-Football,el volumen ofensivo puede variar por planteamiento y marcador temprano,
2026-08-23,13:45,Atalanta vs Sassuolo,,,Local tarjetas +1.5,CARDS_HOME OVER.1.5,CARDS_HOME:OVER_1_5,44.2%,0.442200,,,,,,,Sin cuota/EV,No encontrado en Betano,Baja,contexto premium fallback reciente,usa promedios recientes multi-competicion/API-Football,depende mucho del arbitro y del contexto competitivo,
2026-08-23,13:45,Atalanta vs Sassuolo,,,SHOTS_TOTAL UNDER.24.5,SHOTS_TOTAL UNDER.24.5,SHOTS_TOTAL:UNDER_24_5,44.0%,0.440500,,,,,,,Sin cuota/EV,No encontrado en Betano,Baja,contexto premium fallback reciente,usa promedios recientes multi-competicion/API-Football,el volumen ofensivo puede variar por planteamiento y marcador temprano,
2026-08-23,13:45,Atalanta vs Sassuolo,10Bet,,BTTS no,BTTS NO,BTTS:NO,44.0%,0.439500,1.18,-0.48,-0.481400,,,,EV negativo,No encontrado en Betano,Baja,fallback ultimos partidos,usa Poisson fallback con ultimos partidos multi-competicion,un gol temprano o baja eficacia puede cambiar la lectura del mercado,
2026-08-23,13:45,Atalanta vs Sassuolo,10Bet,,1T +1.5,FIRST_HALF_TOTALS OVER.1.5,FIRST_HALF_TOTALS:OVER_1_5,43.7%,0.436600,3.65,0.59,0.593700,,,,EV positivo,No encontrado en Betano,Baja,contexto premium fallback reciente,usa promedios recientes multi-competicion/API-Football,el primer tiempo puede tener ritmo bajo o rotaciones,
2026-08-23,13:45,Atalanta vs Sassuolo,,,SHOTS_TOTAL OVER.26.5,SHOTS_TOTAL OVER.26.5,SHOTS_TOTAL:OVER_26_5,40.3%,0.402700,,,,,,,Sin cuota/EV,No encontrado en Betano,Baja,contexto premium fallback reciente,usa promedios recientes multi-competicion/API-Football,el volumen ofensivo puede variar por planteamiento y marcador temprano,
2026-08-23,13:45,Atalanta vs Sassuolo,10Bet,,DNB visita,DRAW_NO_BET AWAY,DRAW_NO_BET:AWAY,37.5%,0.375100,3.40,0.28,0.275200,,,,EV positivo,No encontrado en Betano,Baja,fallback ultimos partidos,usa Poisson fallback con ultimos partidos multi-competicion,riesgo propio del resultado final y variacion del modelo,
2026-08-23,13:45,Atalanta vs Sassuolo,,,Visita tarjetas +1.5,CARDS_AWAY OVER.1.5,CARDS_AWAY:OVER_1_5,35.5%,0.355400,,,,,,,Sin cuota/EV,No encontrado en Betano,Baja,contexto premium fallback reciente,usa promedios recientes multi-competicion/API-Football,depende mucho del arbitro y del contexto competitivo,
2026-08-23,13:45,Atalanta vs Sassuolo,,,SHOTS_ON_TARGET_TOTAL UNDER.8.5,SHOTS_ON_TARGET_TOTAL UNDER.8.5,SHOTS_ON_TARGET_TOTAL:UNDER_8_5,35.2%,0.351900,,,,,,,Sin cuota/EV,No encontrado en Betano,Baja,contexto premium fallback reciente,usa promedios recientes multi-competicion/API-Football,el volumen ofensivo puede variar por planteamiento y marcador temprano,
2026-08-23,13:45,Atalanta vs Sassuolo,,,Local corners -3.5,CORNERS_HOME UNDER.3.5,CORNERS_HOME:UNDER_3_5,34.9%,0.349300,,,,,,,Sin cuota/EV,No encontrado en Betano,Baja,contexto premium fallback reciente,usa promedios recientes multi-competicion/API-Football,el volumen ofensivo puede variar por planteamiento y marcador temprano,
2026-08-23,13:45,Atalanta vs Sassuolo,,,Visita goles +1.5,TEAM_TOTAL_AWAY OVER.1.5,TEAM_TOTAL_AWAY:OVER_1_5,33.7%,0.337400,,,,,,,Sin cuota/EV,No encontrado en Betano,Baja,fallback ultimos partidos,usa Poisson fallback con ultimos partidos multi-competicion,un gol temprano o baja eficacia puede cambiar la lectura del mercado,
2026-08-23,13:45,Atalanta vs Sassuolo,10Bet,,Visita corners +3.5,CORNERS_AWAY OVER.3.5,CORNERS_AWAY:OVER_3_5,33.4%,0.334100,2.05,-0.32,-0.315200,,,,EV negativo,No encontrado en Betano,Baja,contexto premium fallback reciente,usa promedios recientes multi-competicion/API-Football,el volumen ofensivo puede variar por planteamiento y marcador temprano,
2026-08-23,13:45,Atalanta vs Sassuolo,,,Corners total +8.5,CORNERS_TOTALS OVER.8.5,CORNERS_TOTALS:OVER_8_5,32.1%,0.320900,,,,,,,Sin cuota/EV,No encontrado en Betano,Baja,contexto premium fallback reciente,usa promedios recientes multi-competicion/API-Football,el volumen ofensivo puede variar por planteamiento y marcador temprano,
2026-08-23,13:45,Atalanta vs Sassuolo,10Bet,,Goles +3.5,TOTALS OVER.3.5,TOTALS:OVER_3_5,31.2%,0.312500,2.65,-0.17,-0.172000,,,,EV negativo,No encontrado en Betano,Baja,fallback ultimos partidos,usa Poisson fallback con ultimos partidos multi-competicion,un gol temprano o baja eficacia puede cambiar la lectura del mercado,
2026-08-23,13:45,Atalanta vs Sassuolo,,,Visita goles -0.5,TEAM_TOTAL_AWAY UNDER.0.5,TEAM_TOTAL_AWAY:UNDER_0_5,30.1%,0.301200,,,,,,,Sin cuota/EV,No encontrado en Betano,Baja,fallback ultimos partidos,usa Poisson fallback con ultimos partidos multi-competicion,un gol temprano o baja eficacia puede cambiar la lectura del mercado,
2026-08-23,13:45,Atalanta vs Sassuolo,,,Tarjetas total +3.5,CARDS_TOTALS OVER.3.5,CARDS_TOTALS:OVER_3_5,29.7%,0.297000,,,,,,,Sin cuota/EV,No encontrado en Betano,Baja,contexto premium fallback reciente,usa promedios recientes multi-competicion/API-Football,depende mucho del arbitro y del contexto competitivo,
2026-08-23,13:45,Atalanta vs Sassuolo,10Bet,,Local corners +5.5,CORNERS_HOME OVER.5.5,CORNERS_HOME:OVER_5_5,29.0%,0.290000,1.67,-0.52,-0.515700,,,,EV negativo,No encontrado en Betano,Baja,contexto premium fallback reciente,usa promedios recientes multi-competicion/API-Football,el volumen ofensivo puede variar por planteamiento y marcador temprano,
2026-08-23,13:45,Atalanta vs Sassuolo,,,SHOTS_TOTAL UNDER.22.5,SHOTS_TOTAL UNDER.22.5,SHOTS_TOTAL:UNDER_22_5,28.9%,0.289000,,,,,,,Sin cuota/EV,No encontrado en Betano,Baja,contexto premium fallback reciente,usa promedios recientes multi-competicion/API-Football,el volumen ofensivo puede variar por planteamiento y marcador temprano,
2026-08-23,13:45,Atalanta vs Sassuolo,,,Visita tarjetas -0.5,CARDS_AWAY UNDER.0.5,CARDS_AWAY:UNDER_0_5,28.6%,0.286500,,,,,,,Sin cuota/EV,No encontrado en Betano,Baja,contexto premium fallback reciente,usa promedios recientes multi-competicion/API-Football,depende mucho del arbitro y del contexto competitivo,
2026-08-23,13:45,Atalanta vs Sassuolo,10Bet,,Gana visita,1X2 AWAY,1X2:AWAY,28.3%,0.283000,7.00,0.98,0.980700,,,,EV positivo,No encontrado en Betano,Baja,fallback ultimos partidos,usa Poisson fallback con ultimos partidos multi-competicion,riesgo propio del resultado final y variacion del modelo,
2026-08-23,13:45,Atalanta vs Sassuolo,10Bet,,Empate,1X2 DRAW,1X2:DRAW,24.6%,0.245600,1.83,-0.55,-0.550600,,,,EV negativo,No encontrado en Betano,Baja,fallback ultimos partidos,usa Poisson fallback con ultimos partidos multi-competicion,riesgo propio del resultado final y variacion del modelo,
2026-08-23,13:45,Atalanta vs Sassuolo,,,SHOTS_ON_TARGET_TOTAL UNDER.7.5,SHOTS_ON_TARGET_TOTAL UNDER.7.5,SHOTS_ON_TARGET_TOTAL:UNDER_7_5,23.6%,0.235600,,,,,,,Sin cuota/EV,No encontrado en Betano,Baja,contexto premium fallback reciente,usa promedios recientes multi-competicion/API-Football,el volumen ofensivo puede variar por planteamiento y marcador temprano,
2026-08-23,13:45,Atalanta vs Sassuolo,10Bet,,Goles -1.5,TOTALS UNDER.1.5,TOTALS:UNDER_1_5,22.8%,0.227700,1.91,-0.56,-0.565000,,,,EV negativo,No encontrado en Betano,Baja,fallback ultimos partidos,usa Poisson fallback con ultimos partidos multi-competicion,un gol temprano o baja eficacia puede cambiar la lectura del mercado,
2026-08-23,13:45,Atalanta vs Sassuolo,10Bet,,1T -0.5,FIRST_HALF_TOTALS UNDER.0.5,FIRST_HALF_TOTALS:UNDER_0_5,22.7%,0.226800,1.40,-0.68,-0.682400,,,,EV negativo,No encontrado en Betano,Baja,contexto premium fallback reciente,usa promedios recientes multi-competicion/API-Football,el primer tiempo puede tener ritmo bajo o rotaciones,
2026-08-23,13:45,Atalanta vs Sassuolo,,,Local tarjetas -0.5,CARDS_HOME UNDER.0.5,CARDS_HOME:UNDER_0_5,22.3%,0.223100,,,,,,,Sin cuota/EV,No encontrado en Betano,Baja,contexto premium fallback reciente,usa promedios recientes multi-competicion/API-Football,depende mucho del arbitro y del contexto competitivo,
2026-08-23,13:45,Atalanta vs Sassuolo,,,Local goles +2.5,TEAM_TOTAL_HOME OVER.2.5,TEAM_TOTAL_HOME:OVER_2_5,22.2%,0.221800,,,,,,,Sin cuota/EV,No encontrado en Betano,Baja,fallback ultimos partidos,usa Poisson fallback con ultimos partidos multi-competicion,un gol temprano o baja eficacia puede cambiar la lectura del mercado,
2026-08-23,13:45,Atalanta vs Sassuolo,10Bet,,Corners total +9.5,CORNERS_TOTALS OVER.9.5,CORNERS_TOTALS:OVER_9_5,20.9%,0.209500,1.85,-0.61,-0.612500,,,,EV negativo,No encontrado en Betano,Baja,contexto premium fallback reciente,usa promedios recientes multi-competicion/API-Football,el volumen ofensivo puede variar por planteamiento y marcador temprano,
2026-08-23,13:45,Atalanta vs Sassuolo,,,Local goles -0.5,TEAM_TOTAL_HOME UNDER.0.5,TEAM_TOTAL_HOME:UNDER_0_5,19.8%,0.198000,,,,,,,Sin cuota/EV,No encontrado en Betano,Baja,fallback ultimos partidos,usa Poisson fallback con ultimos partidos multi-competicion,un gol temprano o baja eficacia puede cambiar la lectura del mercado,
2026-08-23,13:45,Atalanta vs Sassuolo,,,Local tarjetas +2.5,CARDS_HOME OVER.2.5,CARDS_HOME:OVER_2_5,19.1%,0.191200,,,,,,,Sin cuota/EV,No encontrado en Betano,Baja,contexto premium fallback reciente,usa promedios recientes multi-competicion/API-Football,depende mucho del arbitro y del contexto competitivo,
2026-08-23,13:45,Atalanta vs Sassuolo,,,Visita corners +4.5,CORNERS_AWAY OVER.4.5,CORNERS_AWAY:OVER_4_5,17.1%,0.170900,,,,,,,Sin cuota/EV,No encontrado en Betano,Baja,contexto premium fallback reciente,usa promedios recientes multi-competicion/API-Football,el volumen ofensivo puede variar por planteamiento y marcador temprano,
2026-08-23,13:45,Atalanta vs Sassuolo,,,SHOTS_TOTAL UNDER.20.5,SHOTS_TOTAL UNDER.20.5,SHOTS_TOTAL:UNDER_20_5,16.5%,0.164700,,,,,,,Sin cuota/EV,No encontrado en Betano,Baja,contexto premium fallback reciente,usa promedios recientes multi-competicion/API-Football,el volumen ofensivo puede variar por planteamiento y marcador temprano,
2026-08-23,13:45,Atalanta vs Sassuolo,10Bet,,Local corners +6.5,CORNERS_HOME OVER.6.5,CORNERS_HOME:OVER_6_5,16.4%,0.163700,2.00,-0.67,-0.672700,,,,EV negativo,No encontrado en Betano,Baja,contexto premium fallback reciente,usa promedios recientes multi-competicion/API-Football,el volumen ofensivo puede variar por planteamiento y marcador temprano,
2026-08-23,13:45,Atalanta vs Sassuolo,,,Tarjetas total +4.5,CARDS_TOTALS OVER.4.5,CARDS_TOTALS:OVER_4_5,14.5%,0.144600,,,,,,,Sin cuota/EV,No encontrado en Betano,Baja,contexto premium fallback reciente,usa promedios recientes multi-competicion/API-Football,depende mucho del arbitro y del contexto competitivo,
2026-08-23,13:45,Atalanta vs Sassuolo,,,SHOTS_ON_TARGET_TOTAL UNDER.6.5,SHOTS_ON_TARGET_TOTAL UNDER.6.5,SHOTS_ON_TARGET_TOTAL:UNDER_6_5,14.1%,0.141000,,,,,,,Sin cuota/EV,No encontrado en Betano,Baja,contexto premium fallback reciente,usa promedios recientes multi-competicion/API-Football,el volumen ofensivo puede variar por planteamiento y marcador temprano,
2026-08-23,13:45,Atalanta vs Sassuolo,,,Visita tarjetas +2.5,CARDS_AWAY OVER.2.5,CARDS_AWAY:OVER_2_5,13.2%,0.131500,,,,,,,Sin cuota/EV,No encontrado en Betano,Baja,contexto premium fallback reciente,usa promedios recientes multi-competicion/API-Football,depende mucho del arbitro y del contexto competitivo,
2026-08-23,13:45,Atalanta vs Sassuolo,10Bet,,Corners total +10.5,CORNERS_TOTALS OVER.10.5,CORNERS_TOTALS:OVER_10_5,12.7%,0.127300,2.05,-0.74,-0.739100,,,,EV negativo,No encontrado en Betano,Baja,contexto premium fallback reciente,usa promedios recientes multi-competicion/API-Football,el volumen ofensivo puede variar por planteamiento y marcador temprano,
2026-08-23,13:45,Atalanta vs Sassuolo,,,Visita goles +2.5,TEAM_TOTAL_AWAY OVER.2.5,TEAM_TOTAL_AWAY:OVER_2_5,12.0%,0.120500,,,,,,,Sin cuota/EV,No encontrado en Betano,Baja,fallback ultimos partidos,usa Poisson fallback con ultimos partidos multi-competicion,un gol temprano o baja eficacia puede cambiar la lectura del mercado,
2026-08-23,13:45,Atalanta vs Sassuolo,,,SHOTS_TOTAL UNDER.18.5,SHOTS_TOTAL UNDER.18.5,SHOTS_TOTAL:UNDER_18_5,8.0%,0.079600,,,,,,,Sin cuota/EV,No encontrado en Betano,Baja,contexto premium fallback reciente,usa promedios recientes multi-competicion/API-Football,el volumen ofensivo puede variar por planteamiento y marcador temprano,
2026-08-23,13:45,Atalanta vs Sassuolo,,,Visita corners +5.5,CORNERS_AWAY OVER.5.5,CORNERS_AWAY:OVER_5_5,7.6%,0.075700,,,,,,,Sin cuota/EV,No encontrado en Betano,Baja,contexto premium fallback reciente,usa promedios recientes multi-competicion/API-Football,el volumen ofensivo puede variar por planteamiento y marcador temprano,
2026-08-23,13:45,Atalanta vs Sassuolo,,,Corners total +11.5,CORNERS_TOTALS OVER.11.5,CORNERS_TOTALS:OVER_11_5,7.2%,0.072100,,,,,,,Sin cuota/EV,No encontrado en Betano,Baja,contexto premium fallback reciente,usa promedios recientes multi-competicion/API-Football,el volumen ofensivo puede variar por planteamiento y marcador temprano,
2026-08-23,13:45,Atalanta vs Sassuolo,,,Local tarjetas +3.5,CARDS_HOME OVER.3.5,CARDS_HOME:OVER_3_5,6.6%,0.065600,,,,,,,Sin cuota/EV,No encontrado en Betano,Baja,contexto premium fallback reciente,usa promedios recientes multi-competicion/API-Football,depende mucho del arbitro y del contexto competitivo,
2026-08-23,13:45,Atalanta vs Sassuolo,,,Tarjetas total +5.5,CARDS_TOTALS OVER.5.5,CARDS_TOTALS:OVER_5_5,6.1%,0.060800,,,,,,,Sin cuota/EV,No encontrado en Betano,Baja,contexto premium fallback reciente,usa promedios recientes multi-competicion/API-Football,depende mucho del arbitro y del contexto competitivo,
2026-08-23,13:45,Atalanta vs Sassuolo,,,Visita tarjetas +3.5,CARDS_AWAY OVER.3.5,CARDS_AWAY:OVER_3_5,3.8%,0.038300,,,,,,,Sin cuota/EV,No encontrado en Betano,Baja,contexto premium fallback reciente,usa promedios recientes multi-competicion/API-Football,depende mucho del arbitro y del contexto competitivo,
2026-08-23,13:45,Atalanta vs Sassuolo,,,Visita corners +6.5,CORNERS_AWAY OVER.6.5,CORNERS_AWAY:OVER_6_5,2.9%,0.029500,,,,,,,Sin cuota/EV,No encontrado en Betano,Baja,contexto premium fallback reciente,usa promedios recientes multi-competicion/API-Football,el volumen ofensivo puede variar por planteamiento y marcador temprano,
2026-08-23,13:45,Atalanta vs Sassuolo,,,Tarjetas total +6.5,CARDS_TOTALS OVER.6.5,CARDS_TOTALS:OVER_6_5,2.2%,0.022400,,,,,,,Sin cuota/EV,No encontrado en Betano,Baja,contexto premium fallback reciente,usa promedios recientes multi-competicion/API-Football,depende mucho del arbitro y del contexto competitivo,
2026-08-23,13:45,Torino vs AC Milan,,,Local tarjetas -3.5,CARDS_HOME UNDER.3.5,CARDS_HOME:UNDER_3_5,95.3%,0.953500,,,,,,,Sin cuota/EV,No encontrado en Betano,Alta,contexto premium fallback reciente,usa promedios recientes multi-competicion/API-Football,depende mucho del arbitro y del contexto competitivo,
2026-08-23,13:45,Torino vs AC Milan,,,Tarjetas total -6.5,CARDS_TOTALS UNDER.6.5,CARDS_TOTALS:UNDER_6_5,92.1%,0.921200,,,,,,,Sin cuota/EV,No encontrado en Betano,Alta,contexto premium fallback reciente,usa promedios recientes multi-competicion/API-Football,depende mucho del arbitro y del contexto competitivo,
2026-08-23,13:45,Torino vs AC Milan,,,SHOTS_TOTAL OVER.18.5,SHOTS_TOTAL OVER.18.5,SHOTS_TOTAL:OVER_18_5,91.8%,0.918000,,,,,,,Sin cuota/EV,No encontrado en Betano,Alta,contexto premium fallback reciente,usa promedios recientes multi-competicion/API-Football,el volumen ofensivo puede variar por planteamiento y marcador temprano,
2026-08-23,13:45,Torino vs AC Milan,,,Visita corners -6.5,CORNERS_AWAY UNDER.6.5,CORNERS_AWAY:UNDER_6_5,91.4%,0.913700,,,,,,,Sin cuota/EV,No encontrado en Betano,Alta,contexto premium fallback reciente,usa promedios recientes multi-competicion/API-Football,el volumen ofensivo puede variar por planteamiento y marcador temprano,
2026-08-23,13:45,Torino vs AC Milan,,,Corners total -11.5,CORNERS_TOTALS UNDER.11.5,CORNERS_TOTALS:UNDER_11_5,91.1%,0.910600,,,,,,,Sin cuota/EV,No encontrado en Betano,Alta,contexto premium fallback reciente,usa promedios recientes multi-competicion/API-Football,el volumen ofensivo puede variar por planteamiento y marcador temprano,
2026-08-23,13:45,Torino vs AC Milan,,,Visita tarjetas +0.5,CARDS_AWAY OVER.0.5,CARDS_AWAY:OVER_0_5,90.3%,0.903000,,,,,,,Sin cuota/EV,No encontrado en Betano,Alta,contexto premium fallback reciente,usa promedios recientes multi-competicion/API-Football,depende mucho del arbitro y del contexto competitivo,
2026-08-23,13:45,Torino vs AC Milan,,,Local corners -6.5,CORNERS_HOME UNDER.6.5,CORNERS_HOME:UNDER_6_5,89.8%,0.897800,,,,,,,Sin cuota/EV,No encontrado en Betano,Alta,contexto premium fallback reciente,usa promedios recientes multi-competicion/API-Football,el volumen ofensivo puede variar por planteamiento y marcador temprano,
2026-08-23,13:45,Torino vs AC Milan,,,Visita goles -2.5,TEAM_TOTAL_AWAY UNDER.2.5,TEAM_TOTAL_AWAY:UNDER_2_5,87.9%,0.879500,,,,,,,Sin cuota/EV,No encontrado en Betano,Alta,fallback ultimos partidos,usa Poisson fallback con ultimos partidos multi-competicion,un gol temprano o baja eficacia puede cambiar la lectura del mercado,
2026-08-23,13:45,Torino vs AC Milan,,,Local tarjetas -2.5,CARDS_HOME UNDER.2.5,CARDS_HOME:UNDER_2_5,84.9%,0.849400,,,,,,,Sin cuota/EV,No encontrado en Betano,Alta,contexto premium fallback reciente,usa promedios recientes multi-competicion/API-Football,depende mucho del arbitro y del contexto competitivo,
2026-08-23,13:45,Torino vs AC Milan,,,Corners total -10.5,CORNERS_TOTALS UNDER.10.5,CORNERS_TOTALS:UNDER_10_5,84.8%,0.847500,,,,,,,Sin cuota/EV,No encontrado en Betano,Alta,contexto premium fallback reciente,usa promedios recientes multi-competicion/API-Football,el volumen ofensivo puede variar por planteamiento y marcador temprano,
2026-08-23,13:45,Torino vs AC Milan,,,Tarjetas total -5.5,CARDS_TOTALS UNDER.5.5,CARDS_TOTALS:UNDER_5_5,83.5%,0.834900,,,,,,,Sin cuota/EV,No encontrado en Betano,Alta,contexto premium fallback reciente,usa promedios recientes multi-competicion/API-Football,depende mucho del arbitro y del contexto competitivo,
2026-08-23,13:45,Torino vs AC Milan,,,SHOTS_TOTAL OVER.20.5,SHOTS_TOTAL OVER.20.5,SHOTS_TOTAL:OVER_20_5,83.1%,0.831200,,,,,,,Sin cuota/EV,No encontrado en Betano,Alta,contexto premium fallback reciente,usa promedios recientes multi-competicion/API-Football,el volumen ofensivo puede variar por planteamiento y marcador temprano,
2026-08-23,13:45,Torino vs AC Milan,10Bet,,Visita corners -5.5,CORNERS_AWAY UNDER.5.5,CORNERS_AWAY:UNDER_5_5,82.3%,0.822900,1.60,0.32,0.316600,,,,EV positivo,No encontrado en Betano,Alta,contexto premium fallback reciente,usa promedios recientes multi-competicion/API-Football,el volumen ofensivo puede variar por planteamiento y marcador temprano,
2026-08-23,13:45,Torino vs AC Milan,,,Local goles -2.5,TEAM_TOTAL_HOME UNDER.2.5,TEAM_TOTAL_HOME:UNDER_2_5,81.9%,0.819300,,,,,,,Sin cuota/EV,No encontrado en Betano,Alta,fallback ultimos partidos,usa Poisson fallback con ultimos partidos multi-competicion,un gol temprano o baja eficacia puede cambiar la lectura del mercado,
2026-08-23,13:45,Torino vs AC Milan,,,Local corners -5.5,CORNERS_HOME UNDER.5.5,CORNERS_HOME:UNDER_5_5,79.8%,0.798000,,,,,,,Sin cuota/EV,No encontrado en Betano,Alta,contexto premium fallback reciente,usa promedios recientes multi-competicion/API-Football,el volumen ofensivo puede variar por planteamiento y marcador temprano,
2026-08-23,13:45,Torino vs AC Milan,,,Visita tarjetas -3.5,CARDS_AWAY UNDER.3.5,CARDS_AWAY:UNDER_3_5,79.3%,0.792600,,,,,,,Sin cuota/EV,No encontrado en Betano,Alta,contexto premium fallback reciente,usa promedios recientes multi-competicion/API-Football,depende mucho del arbitro y del contexto competitivo,
2026-08-23,13:45,Torino vs AC Milan,,,Local goles +0.5,TEAM_TOTAL_HOME OVER.0.5,TEAM_TOTAL_HOME:OVER_0_5,76.7%,0.767300,,,,,,,Sin cuota/EV,No encontrado en Betano,Alta,fallback ultimos partidos,usa Poisson fallback con ultimos partidos multi-competicion,un gol temprano o baja eficacia puede cambiar la lectura del mercado,
2026-08-23,13:45,Torino vs AC Milan,10Bet,,Corners total -9.5,CORNERS_TOTALS UNDER.9.5,CORNERS_TOTALS:UNDER_9_5,75.7%,0.757000,1.77,0.34,0.339900,,,,EV positivo,No encontrado en Betano,Alta,contexto premium fallback reciente,usa promedios recientes multi-competicion/API-Football,el volumen ofensivo puede variar por planteamiento y marcador temprano,
2026-08-23,13:45,Torino vs AC Milan,10Bet,,Goles +1.5,TOTALS OVER.1.5,TOTALS:OVER_1_5,74.4%,0.743600,2.05,0.52,0.524400,,,,EV positivo,No encontrado en Betano,Alta,fallback ultimos partidos,usa Poisson fallback con ultimos partidos multi-competicion,un gol temprano o baja eficacia puede cambiar la lectura del mercado,
2026-08-23,13:45,Torino vs AC Milan,,,DOUBLE_CHANCE 12,DOUBLE_CHANCE 12,DOUBLE_CHANCE:12,74.2%,0.742000,,,,,,,Sin cuota/EV,No encontrado en Betano,Alta,fallback ultimos partidos,usa Poisson fallback con ultimos partidos multi-competicion,riesgo propio del resultado final y variacion del modelo,
2026-08-23,13:45,Torino vs AC Milan,,,Local tarjetas +0.5,CARDS_HOME OVER.0.5,CARDS_HOME:OVER_0_5,73.6%,0.736300,,,,,,,Sin cuota/EV,No encontrado en Betano,Alta,contexto premium fallback reciente,usa promedios recientes multi-competicion/API-Football,depende mucho del arbitro y del contexto competitivo,
2026-08-23,13:45,Torino vs AC Milan,10Bet,,1T -1.5,FIRST_HALF_TOTALS UNDER.1.5,FIRST_HALF_TOTALS:UNDER_1_5,73.6%,0.735800,1.17,-0.14,-0.139200,,,,EV negativo,No encontrado en Betano,Alta,contexto premium fallback reciente,usa promedios recientes multi-competicion/API-Football,el primer tiempo puede tener ritmo bajo o rotaciones,
2026-08-23,13:45,Torino vs AC Milan,,,SHOTS_ON_TARGET_TOTAL OVER.6.5,SHOTS_ON_TARGET_TOTAL OVER.6.5,SHOTS_ON_TARGET_TOTAL:OVER_6_5,72.6%,0.725600,,,,,,,Sin cuota/EV,No encontrado en Betano,Alta,contexto premium fallback reciente,usa promedios recientes multi-competicion/API-Football,el volumen ofensivo puede variar por planteamiento y marcador temprano,
2026-08-23,13:45,Torino vs AC Milan,10Bet,,Goles -3.5,TOTALS UNDER.3.5,TOTALS:UNDER_3_5,72.3%,0.723400,1.33,-0.04,-0.037900,,,,EV negativo,No encontrado en Betano,Alta,fallback ultimos partidos,usa Poisson fallback con ultimos partidos multi-competicion,un gol temprano o baja eficacia puede cambiar la lectura del mercado,
2026-08-23,13:45,Torino vs AC Milan,,,Tarjetas total +2.5,CARDS_TOTALS OVER.2.5,CARDS_TOTALS:OVER_2_5,70.9%,0.708800,,,,,,,Sin cuota/EV,No encontrado en Betano,Alta,contexto premium fallback reciente,usa promedios recientes multi-competicion/API-Football,depende mucho del arbitro y del contexto competitivo,
2026-08-23,13:45,Torino vs AC Milan,,,SHOTS_TOTAL OVER.22.5,SHOTS_TOTAL OVER.22.5,SHOTS_TOTAL:OVER_22_5,70.5%,0.705400,,,,,,,Sin cuota/EV,No encontrado en Betano,Alta,contexto premium fallback reciente,usa promedios recientes multi-competicion/API-Football,el volumen ofensivo puede variar por planteamiento y marcador temprano,
2026-08-23,13:45,Torino vs AC Milan,,,Visita goles +0.5,TEAM_TOTAL_AWAY OVER.0.5,TEAM_TOTAL_AWAY:OVER_0_5,69.9%,0.698800,,,,,,,Sin cuota/EV,No encontrado en Betano,Media,fallback ultimos partidos,usa Poisson fallback con ultimos partidos multi-competicion,un gol temprano o baja eficacia puede cambiar la lectura del mercado,
2026-08-23,13:45,Torino vs AC Milan,,,Tarjetas total -4.5,CARDS_TOTALS UNDER.4.5,CARDS_TOTALS:UNDER_4_5,69.4%,0.693800,,,,,,,Sin cuota/EV,No encontrado en Betano,Media,contexto premium fallback reciente,usa promedios recientes multi-competicion/API-Football,depende mucho del arbitro y del contexto competitivo,
2026-08-23,13:45,Torino vs AC Milan,,,DOUBLE_CHANCE 1X,DOUBLE_CHANCE 1X,DOUBLE_CHANCE:1X,68.9%,0.688700,,,,,,,Sin cuota/EV,No encontrado en Betano,Media,fallback ultimos partidos,usa Poisson fallback con ultimos partidos multi-competicion,riesgo propio del resultado final y variacion del modelo,
2026-08-23,13:45,Torino vs AC Milan,10Bet,,Visita corners -4.5,CORNERS_AWAY UNDER.4.5,CORNERS_AWAY:UNDER_4_5,67.8%,0.677500,2.00,0.36,0.355100,,,,EV positivo,No encontrado en Betano,Media,contexto premium fallback reciente,usa promedios recientes multi-competicion/API-Football,el volumen ofensivo puede variar por planteamiento y marcador temprano,
2026-08-23,13:45,Torino vs AC Milan,,,Visita tarjetas +1.5,CARDS_AWAY OVER.1.5,CARDS_AWAY:OVER_1_5,67.7%,0.676700,,,,,,,Sin cuota/EV,No encontrado en Betano,Media,contexto premium fallback reciente,usa promedios recientes multi-competicion/API-Football,depende mucho del arbitro y del contexto competitivo,
2026-08-23,13:45,Torino vs AC Milan,,,SHOTS_ON_TARGET_TOTAL UNDER.9.5,SHOTS_ON_TARGET_TOTAL UNDER.9.5,SHOTS_ON_TARGET_TOTAL:UNDER_9_5,67.5%,0.674500,,,,,,,Sin cuota/EV,No encontrado en Betano,Media,contexto premium fallback reciente,usa promedios recientes multi-competicion/API-Football,el volumen ofensivo puede variar por planteamiento y marcador temprano,
2026-08-23,13:45,Torino vs AC Milan,,,Visita goles -1.5,TEAM_TOTAL_AWAY UNDER.1.5,TEAM_TOTAL_AWAY:UNDER_1_5,66.3%,0.662600,,,,,,,Sin cuota/EV,No encontrado en Betano,Media,fallback ultimos partidos,usa Poisson fallback con ultimos partidos multi-competicion,un gol temprano o baja eficacia puede cambiar la lectura del mercado,
2026-08-23,13:45,Torino vs AC Milan,10Bet,,Local corners -4.5,CORNERS_HOME UNDER.4.5,CORNERS_HOME:UNDER_4_5,64.5%,0.645000,1.62,0.04,0.045000,,,,EV positivo,No encontrado en Betano,Media,contexto premium fallback reciente,usa promedios recientes multi-competicion/API-Football,el volumen ofensivo puede variar por planteamiento y marcador temprano,
2026-08-23,13:45,Torino vs AC Milan,10Bet,,Corners total -8.5,CORNERS_TOTALS UNDER.8.5,CORNERS_TOTALS:UNDER_8_5,63.9%,0.638900,2.05,0.31,0.309800,,,,EV positivo,No encontrado en Betano,Media,contexto premium fallback reciente,usa promedios recientes multi-competicion/API-Football,el volumen ofensivo puede variar por planteamiento y marcador temprano,
2026-08-23,13:45,Torino vs AC Milan,10Bet,,1T +0.5,FIRST_HALF_TOTALS OVER.0.5,FIRST_HALF_TOTALS:OVER_0_5,63.2%,0.632100,1.75,0.11,0.106200,,,,EV positivo,No encontrado en Betano,Media,contexto premium fallback reciente,usa promedios recientes multi-competicion/API-Football,el primer tiempo puede tener ritmo bajo o rotaciones,
2026-08-23,13:45,Torino vs AC Milan,,,Local tarjetas -1.5,CARDS_HOME UNDER.1.5,CARDS_HOME:UNDER_1_5,61.5%,0.615200,,,,,,,Sin cuota/EV,No encontrado en Betano,Media,contexto premium fallback reciente,usa promedios recientes multi-competicion/API-Football,depende mucho del arbitro y del contexto competitivo,
2026-08-23,13:45,Torino vs AC Milan,,,SHOTS_TOTAL UNDER.26.5,SHOTS_TOTAL UNDER.26.5,SHOTS_TOTAL:UNDER_26_5,60.4%,0.603800,,,,,,,Sin cuota/EV,No encontrado en Betano,Media,contexto premium fallback reciente,usa promedios recientes multi-competicion/API-Football,el volumen ofensivo puede variar por planteamiento y marcador temprano,
2026-08-23,13:45,Torino vs AC Milan,,,SHOTS_ON_TARGET_TOTAL OVER.7.5,SHOTS_ON_TARGET_TOTAL OVER.7.5,SHOTS_ON_TARGET_TOTAL:OVER_7_5,59.2%,0.592500,,,,,,,Sin cuota/EV,No encontrado en Betano,Media,contexto premium fallback reciente,usa promedios recientes multi-competicion/API-Football,el volumen ofensivo puede variar por planteamiento y marcador temprano,
2026-08-23,13:45,Torino vs AC Milan,,,Visita tarjetas -2.5,CARDS_AWAY UNDER.2.5,CARDS_AWAY:UNDER_2_5,58.7%,0.587300,,,,,,,Sin cuota/EV,No encontrado en Betano,Media,contexto premium fallback reciente,usa promedios recientes multi-competicion/API-Football,depende mucho del arbitro y del contexto competitivo,
2026-08-23,13:45,Torino vs AC Milan,10Bet,,DNB local,DRAW_NO_BET HOME,DRAW_NO_BET:HOME,58.0%,0.580400,2.88,0.67,0.671700,,,,EV positivo,No encontrado en Betano,Media,fallback ultimos partidos,usa Poisson fallback con ultimos partidos multi-competicion,riesgo propio del resultado final y variacion del modelo,
2026-08-23,13:45,Torino vs AC Milan,,,Local goles -1.5,TEAM_TOTAL_HOME UNDER.1.5,TEAM_TOTAL_HOME:UNDER_1_5,57.2%,0.572000,,,,,,,Sin cuota/EV,No encontrado en Betano,Media,fallback ultimos partidos,usa Poisson fallback con ultimos partidos multi-competicion,un gol temprano o baja eficacia puede cambiar la lectura del mercado,
2026-08-23,13:45,Torino vs AC Milan,,,DOUBLE_CHANCE X2,DOUBLE_CHANCE X2,DOUBLE_CHANCE:X2,56.9%,0.569300,,,,,,,Sin cuota/EV,No encontrado en Betano,Media,fallback ultimos partidos,usa Poisson fallback con ultimos partidos multi-competicion,riesgo propio del resultado final y variacion del modelo,
2026-08-23,13:45,Torino vs AC Milan,,,SHOTS_TOTAL OVER.24.5,SHOTS_TOTAL OVER.24.5,SHOTS_TOTAL:OVER_24_5,55.3%,0.552900,,,,,,,Sin cuota/EV,No encontrado en Betano,Media,contexto premium fallback reciente,usa promedios recientes multi-competicion/API-Football,el volumen ofensivo puede variar por planteamiento y marcador temprano,
2026-08-23,13:45,Torino vs AC Milan,10Bet,,Local corners +3.5,CORNERS_HOME OVER.3.5,CORNERS_HOME:OVER_3_5,55.0%,0.550100,1.62,-0.11,-0.108800,,,,EV negativo,No encontrado en Betano,Media,contexto premium fallback reciente,usa promedios recientes multi-competicion/API-Football,el volumen ofensivo puede variar por planteamiento y marcador temprano,
2026-08-23,13:45,Torino vs AC Milan,,,SHOTS_ON_TARGET_TOTAL UNDER.8.5,SHOTS_ON_TARGET_TOTAL UNDER.8.5,SHOTS_ON_TARGET_TOTAL:UNDER_8_5,54.6%,0.546100,,,,,,,Sin cuota/EV,No encontrado en Betano,Baja,contexto premium fallback reciente,usa promedios recientes multi-competicion/API-Football,el volumen ofensivo puede variar por planteamiento y marcador temprano,
2026-08-23,13:45,Torino vs AC Milan,10Bet,,BTTS sí,BTTS YES,BTTS:YES,53.6%,0.536200,4.20,1.25,1.251900,,,,EV positivo,No encontrado en Betano,Baja,fallback ultimos partidos,usa Poisson fallback con ultimos partidos multi-competicion,un gol temprano o baja eficacia puede cambiar la lectura del mercado,
2026-08-23,13:45,Torino vs AC Milan,,,Visita corners +3.5,CORNERS_AWAY OVER.3.5,CORNERS_AWAY:OVER_3_5,51.6%,0.516200,,,,,,,Sin cuota/EV,No encontrado en Betano,Baja,contexto premium fallback reciente,usa promedios recientes multi-competicion/API-Football,el volumen ofensivo puede variar por planteamiento y marcador temprano,
2026-08-23,13:45,Torino vs AC Milan,10Bet,,Goles -2.5,TOTALS UNDER.2.5,TOTALS:UNDER_2_5,50.4%,0.504000,1.18,-0.41,-0.405300,,,,EV negativo,No encontrado en Betano,Baja,fallback ultimos partidos,usa Poisson fallback con ultimos partidos multi-competicion,un gol temprano o baja eficacia puede cambiar la lectura del mercado,
2026-08-23,13:45,Torino vs AC Milan,,,Tarjetas total -3.5,CARDS_TOTALS UNDER.3.5,CARDS_TOTALS:UNDER_3_5,50.1%,0.501300,,,,,,,Sin cuota/EV,No encontrado en Betano,Baja,contexto premium fallback reciente,usa promedios recientes multi-competicion/API-Football,depende mucho del arbitro y del contexto competitivo,
2026-08-23,13:45,Torino vs AC Milan,,,Corners total -7.5,CORNERS_TOTALS UNDER.7.5,CORNERS_TOTALS:UNDER_7_5,50.0%,0.500300,,,,,,,Sin cuota/EV,No encontrado en Betano,Baja,contexto premium fallback reciente,usa promedios recientes multi-competicion/API-Football,el volumen ofensivo puede variar por planteamiento y marcador temprano,
2026-08-23,13:45,Torino vs AC Milan,,,Corners total +7.5,CORNERS_TOTALS OVER.7.5,CORNERS_TOTALS:OVER_7_5,50.0%,0.499700,,,,,,,Sin cuota/EV,No encontrado en Betano,Baja,contexto premium fallback reciente,usa promedios recientes multi-competicion/API-Football,el volumen ofensivo puede variar por planteamiento y marcador temprano,
2026-08-23,13:45,Torino vs AC Milan,,,Tarjetas total +3.5,CARDS_TOTALS OVER.3.5,CARDS_TOTALS:OVER_3_5,49.9%,0.498700,,,,,,,Sin cuota/EV,No encontrado en Betano,Baja,contexto premium fallback reciente,usa promedios recientes multi-competicion/API-Football,depende mucho del arbitro y del contexto competitivo,
2026-08-23,13:45,Torino vs AC Milan,10Bet,,Goles +2.5,TOTALS OVER.2.5,TOTALS:OVER_2_5,49.6%,0.496000,4.33,1.15,1.147700,,,,EV positivo,No encontrado en Betano,Baja,fallback ultimos partidos,usa Poisson fallback con ultimos partidos multi-competicion,un gol temprano o baja eficacia puede cambiar la lectura del mercado,
2026-08-23,13:45,Torino vs AC Milan,,,Visita corners -3.5,CORNERS_AWAY UNDER.3.5,CORNERS_AWAY:UNDER_3_5,48.4%,0.483800,,,,,,,Sin cuota/EV,No encontrado en Betano,Baja,contexto premium fallback reciente,usa promedios recientes multi-competicion/API-Football,el volumen ofensivo puede variar por planteamiento y marcador temprano,
2026-08-23,13:45,Torino vs AC Milan,10Bet,,BTTS no,BTTS NO,BTTS:NO,46.4%,0.463800,1.18,-0.45,-0.452700,,,,EV negativo,No encontrado en Betano,Baja,fallback ultimos partidos,usa Poisson fallback con ultimos partidos multi-competicion,un gol temprano o baja eficacia puede cambiar la lectura del mercado,
2026-08-23,13:45,Torino vs AC Milan,,,SHOTS_ON_TARGET_TOTAL OVER.8.5,SHOTS_ON_TARGET_TOTAL OVER.8.5,SHOTS_ON_TARGET_TOTAL:OVER_8_5,45.4%,0.453900,,,,,,,Sin cuota/EV,No encontrado en Betano,Baja,contexto premium fallback reciente,usa promedios recientes multi-competicion/API-Football,el volumen ofensivo puede variar por planteamiento y marcador temprano,
2026-08-23,13:45,Torino vs AC Milan,10Bet,,Local corners -3.5,CORNERS_HOME UNDER.3.5,CORNERS_HOME:UNDER_3_5,45.0%,0.449900,2.00,-0.10,-0.100300,,,,EV negativo,No encontrado en Betano,Baja,contexto premium fallback reciente,usa promedios recientes multi-competicion/API-Football,el volumen ofensivo puede variar por planteamiento y marcador temprano,
2026-08-23,13:45,Torino vs AC Milan,,,SHOTS_TOTAL UNDER.24.5,SHOTS_TOTAL UNDER.24.5,SHOTS_TOTAL:UNDER_24_5,44.7%,0.447100,,,,,,,Sin cuota/EV,No encontrado en Betano,Baja,contexto premium fallback reciente,usa promedios recientes multi-competicion/API-Football,el volumen ofensivo puede variar por planteamiento y marcador temprano,
2026-08-23,13:45,Torino vs AC Milan,10Bet,,Gana local,1X2 HOME,1X2:HOME,43.1%,0.430700,5.75,1.48,1.476400,,,,EV positivo,No encontrado en Betano,Baja,fallback ultimos partidos,usa Poisson fallback con ultimos partidos multi-competicion,riesgo propio del resultado final y variacion del modelo,
2026-08-23,13:45,Torino vs AC Milan,,,Local goles +1.5,TEAM_TOTAL_HOME OVER.1.5,TEAM_TOTAL_HOME:OVER_1_5,42.8%,0.428000,,,,,,,Sin cuota/EV,No encontrado en Betano,Baja,fallback ultimos partidos,usa Poisson fallback con ultimos partidos multi-competicion,un gol temprano o baja eficacia puede cambiar la lectura del mercado,
2026-08-23,13:45,Torino vs AC Milan,10Bet,,DNB visita,DRAW_NO_BET AWAY,DRAW_NO_BET:AWAY,42.0%,0.419600,1.36,-0.43,-0.429400,,,,EV negativo,No encontrado en Betano,Baja,fallback ultimos partidos,usa Poisson fallback con ultimos partidos multi-competicion,riesgo propio del resultado final y variacion del modelo,
2026-08-23,13:45,Torino vs AC Milan,,,Visita tarjetas +2.5,CARDS_AWAY OVER.2.5,CARDS_AWAY:OVER_2_5,41.3%,0.412700,,,,,,,Sin cuota/EV,No encontrado en Betano,Baja,contexto premium fallback reciente,usa promedios recientes multi-competicion/API-Football,depende mucho del arbitro y del contexto competitivo,
2026-08-23,13:45,Torino vs AC Milan,,,SHOTS_ON_TARGET_TOTAL UNDER.7.5,SHOTS_ON_TARGET_TOTAL UNDER.7.5,SHOTS_ON_TARGET_TOTAL:UNDER_7_5,40.8%,0.407500,,,,,,,Sin cuota/EV,No encontrado en Betano,Baja,contexto premium fallback reciente,usa promedios recientes multi-competicion/API-Football,el volumen ofensivo puede variar por planteamiento y marcador temprano,
2026-08-23,13:45,Torino vs AC Milan,,,SHOTS_TOTAL OVER.26.5,SHOTS_TOTAL OVER.26.5,SHOTS_TOTAL:OVER_26_5,39.6%,0.396200,,,,,,,Sin cuota/EV,No encontrado en Betano,Baja,contexto premium fallback reciente,usa promedios recientes multi-competicion/API-Football,el volumen ofensivo puede variar por planteamiento y marcador temprano,
2026-08-23,13:45,Torino vs AC Milan,,,Local tarjetas +1.5,CARDS_HOME OVER.1.5,CARDS_HOME:OVER_1_5,38.5%,0.384800,,,,,,,Sin cuota/EV,No encontrado en Betano,Baja,contexto premium fallback reciente,usa promedios recientes multi-competicion/API-Football,depende mucho del arbitro y del contexto competitivo,
2026-08-23,13:45,Torino vs AC Milan,10Bet,,1T -0.5,FIRST_HALF_TOTALS UNDER.0.5,FIRST_HALF_TOTALS:UNDER_0_5,36.8%,0.367900,2.00,-0.26,-0.264200,,,,EV negativo,No encontrado en Betano,Baja,contexto premium fallback reciente,usa promedios recientes multi-competicion/API-Football,el primer tiempo puede tener ritmo bajo o rotaciones,
2026-08-23,13:45,Torino vs AC Milan,10Bet,,Corners total +8.5,CORNERS_TOTALS OVER.8.5,CORNERS_TOTALS:OVER_8_5,36.1%,0.361100,1.70,-0.39,-0.386200,,,,EV negativo,No encontrado en Betano,Baja,contexto premium fallback reciente,usa promedios recientes multi-competicion/API-Football,el volumen ofensivo puede variar por planteamiento y marcador temprano,
2026-08-23,13:45,Torino vs AC Milan,10Bet,,Local corners +4.5,CORNERS_HOME OVER.4.5,CORNERS_HOME:OVER_4_5,35.5%,0.355000,2.00,-0.29,-0.290100,,,,EV negativo,No encontrado en Betano,Baja,contexto premium fallback reciente,usa promedios recientes multi-competicion/API-Football,el volumen ofensivo puede variar por planteamiento y marcador temprano,
2026-08-23,13:45,Torino vs AC Milan,,,Visita goles +1.5,TEAM_TOTAL_AWAY OVER.1.5,TEAM_TOTAL_AWAY:OVER_1_5,33.7%,0.337400,,,,,,,Sin cuota/EV,No encontrado en Betano,Baja,fallback ultimos partidos,usa Poisson fallback con ultimos partidos multi-competicion,un gol temprano o baja eficacia puede cambiar la lectura del mercado,
2026-08-23,13:45,Torino vs AC Milan,,,SHOTS_ON_TARGET_TOTAL OVER.9.5,SHOTS_ON_TARGET_TOTAL OVER.9.5,SHOTS_ON_TARGET_TOTAL:OVER_9_5,32.6%,0.325500,,,,,,,Sin cuota/EV,No encontrado en Betano,Baja,contexto premium fallback reciente,usa promedios recientes multi-competicion/API-Football,el volumen ofensivo puede variar por planteamiento y marcador temprano,
2026-08-23,13:45,Torino vs AC Milan,,,Visita tarjetas -1.5,CARDS_AWAY UNDER.1.5,CARDS_AWAY:UNDER_1_5,32.3%,0.323300,,,,,,,Sin cuota/EV,No encontrado en Betano,Baja,contexto premium fallback reciente,usa promedios recientes multi-competicion/API-Football,depende mucho del arbitro y del contexto competitivo,
2026-08-23,13:45,Torino vs AC Milan,10Bet,,Visita corners +4.5,CORNERS_AWAY OVER.4.5,CORNERS_AWAY:OVER_4_5,32.2%,0.322500,1.62,-0.48,-0.477600,,,,EV negativo,No encontrado en Betano,Baja,contexto premium fallback reciente,usa promedios recientes multi-competicion/API-Football,el volumen ofensivo puede variar por planteamiento y marcador temprano,
2026-08-23,13:45,Torino vs AC Milan,10Bet,,Gana visita,1X2 AWAY,1X2:AWAY,31.1%,0.311300,3.10,-0.04,-0.035000,,,,EV negativo,No encontrado en Betano,Baja,fallback ultimos partidos,usa Poisson fallback con ultimos partidos multi-competicion,riesgo propio del resultado final y variacion del modelo,
2026-08-23,13:45,Torino vs AC Milan,,,Tarjetas total +4.5,CARDS_TOTALS OVER.4.5,CARDS_TOTALS:OVER_4_5,30.6%,0.306200,,,,,,,Sin cuota/EV,No encontrado en Betano,Baja,contexto premium fallback reciente,usa promedios recientes multi-competicion/API-Football,depende mucho del arbitro y del contexto competitivo,
2026-08-23,13:45,Torino vs AC Milan,,,Visita goles -0.5,TEAM_TOTAL_AWAY UNDER.0.5,TEAM_TOTAL_AWAY:UNDER_0_5,30.1%,0.301200,,,,,,,Sin cuota/EV,No encontrado en Betano,Baja,fallback ultimos partidos,usa Poisson fallback con ultimos partidos multi-competicion,un gol temprano o baja eficacia puede cambiar la lectura del mercado,
2026-08-23,13:45,Torino vs AC Milan,,,SHOTS_TOTAL UNDER.22.5,SHOTS_TOTAL UNDER.22.5,SHOTS_TOTAL:UNDER_22_5,29.5%,0.294600,,,,,,,Sin cuota/EV,No encontrado en Betano,Baja,contexto premium fallback reciente,usa promedios recientes multi-competicion/API-Football,el volumen ofensivo puede variar por planteamiento y marcador temprano,
2026-08-23,13:45,Torino vs AC Milan,,,Tarjetas total -2.5,CARDS_TOTALS UNDER.2.5,CARDS_TOTALS:UNDER_2_5,29.1%,0.291200,,,,,,,Sin cuota/EV,No encontrado en Betano,Baja,contexto premium fallback reciente,usa promedios recientes multi-competicion/API-Football,depende mucho del arbitro y del contexto competitivo,
2026-08-23,13:45,Torino vs AC Milan,10Bet,,Goles +3.5,TOTALS OVER.3.5,TOTALS:OVER_3_5,27.7%,0.276600,3.25,-0.10,-0.100900,,,,EV negativo,No encontrado en Betano,Baja,fallback ultimos partidos,usa Poisson fallback con ultimos partidos multi-competicion,un gol temprano o baja eficacia puede cambiar la lectura del mercado,
2026-08-23,13:45,Torino vs AC Milan,,,SHOTS_ON_TARGET_TOTAL UNDER.6.5,SHOTS_ON_TARGET_TOTAL UNDER.6.5,SHOTS_ON_TARGET_TOTAL:UNDER_6_5,27.4%,0.274400,,,,,,,Sin cuota/EV,No encontrado en Betano,Baja,contexto premium fallback reciente,usa promedios recientes multi-competicion/API-Football,el volumen ofensivo puede variar por planteamiento y marcador temprano,
2026-08-23,13:45,Torino vs AC Milan,10Bet,,1T +1.5,FIRST_HALF_TOTALS OVER.1.5,FIRST_HALF_TOTALS:OVER_1_5,26.4%,0.264200,4.50,0.19,0.189100,,,,EV positivo,No encontrado en Betano,Baja,contexto premium fallback reciente,usa promedios recientes multi-competicion/API-Football,el primer tiempo puede tener ritmo bajo o rotaciones,
2026-08-23,13:45,Torino vs AC Milan,,,Local tarjetas -0.5,CARDS_HOME UNDER.0.5,CARDS_HOME:UNDER_0_5,26.4%,0.263700,,,,,,,Sin cuota/EV,No encontrado en Betano,Baja,contexto premium fallback reciente,usa promedios recientes multi-competicion/API-Football,depende mucho del arbitro y del contexto competitivo,
2026-08-23,13:45,Torino vs AC Milan,10Bet,,Empate,1X2 DRAW,1X2:DRAW,25.8%,0.258000,1.73,-0.55,-0.553600,,,,EV negativo,No encontrado en Betano,Baja,fallback ultimos partidos,usa Poisson fallback con ultimos partidos multi-competicion,riesgo propio del resultado final y variacion del modelo,
2026-08-23,13:45,Torino vs AC Milan,10Bet,,Goles -1.5,TOTALS UNDER.1.5,TOTALS:UNDER_1_5,25.6%,0.256400,1.68,-0.57,-0.569200,,,,EV negativo,No encontrado en Betano,Baja,fallback ultimos partidos,usa Poisson fallback con ultimos partidos multi-competicion,un gol temprano o baja eficacia puede cambiar la lectura del mercado,
2026-08-23,13:45,Torino vs AC Milan,10Bet,,Corners total +9.5,CORNERS_TOTALS OVER.9.5,CORNERS_TOTALS:OVER_9_5,24.3%,0.243000,1.95,-0.53,-0.526100,,,,EV negativo,No encontrado en Betano,Baja,contexto premium fallback reciente,usa promedios recientes multi-competicion/API-Football,el volumen ofensivo puede variar por planteamiento y marcador temprano,
2026-08-23,13:45,Torino vs AC Milan,,,Local goles -0.5,TEAM_TOTAL_HOME UNDER.0.5,TEAM_TOTAL_HOME:UNDER_0_5,23.3%,0.232700,,,,,,,Sin cuota/EV,No encontrado en Betano,Baja,fallback ultimos partidos,usa Poisson fallback con ultimos partidos multi-competicion,un gol temprano o baja eficacia puede cambiar la lectura del mercado,
2026-08-23,13:45,Torino vs AC Milan,,,Visita tarjetas +3.5,CARDS_AWAY OVER.3.5,CARDS_AWAY:OVER_3_5,20.7%,0.207400,,,,,,,Sin cuota/EV,No encontrado en Betano,Baja,contexto premium fallback reciente,usa promedios recientes multi-competicion/API-Football,depende mucho del arbitro y del contexto competitivo,
2026-08-23,13:45,Torino vs AC Milan,,,Local corners +5.5,CORNERS_HOME OVER.5.5,CORNERS_HOME:OVER_5_5,20.2%,0.202000,,,,,,,Sin cuota/EV,No encontrado en Betano,Baja,contexto premium fallback reciente,usa promedios recientes multi-competicion/API-Football,el volumen ofensivo puede variar por planteamiento y marcador temprano,
2026-08-23,13:45,Torino vs AC Milan,,,Local goles +2.5,TEAM_TOTAL_HOME OVER.2.5,TEAM_TOTAL_HOME:OVER_2_5,18.1%,0.180700,,,,,,,Sin cuota/EV,No encontrado en Betano,Baja,fallback ultimos partidos,usa Poisson fallback con ultimos partidos multi-competicion,un gol temprano o baja eficacia puede cambiar la lectura del mercado,
2026-08-23,13:45,Torino vs AC Milan,10Bet,,Visita corners +5.5,CORNERS_AWAY OVER.5.5,CORNERS_AWAY:OVER_5_5,17.7%,0.177100,2.00,-0.65,-0.645800,,,,EV negativo,No encontrado en Betano,Baja,contexto premium fallback reciente,usa promedios recientes multi-competicion/API-Football,el volumen ofensivo puede variar por planteamiento y marcador temprano,
2026-08-23,13:45,Torino vs AC Milan,,,SHOTS_TOTAL UNDER.20.5,SHOTS_TOTAL UNDER.20.5,SHOTS_TOTAL:UNDER_20_5,16.9%,0.168800,,,,,,,Sin cuota/EV,No encontrado en Betano,Baja,contexto premium fallback reciente,usa promedios recientes multi-competicion/API-Football,el volumen ofensivo puede variar por planteamiento y marcador temprano,
2026-08-23,13:45,Torino vs AC Milan,,,Tarjetas total +5.5,CARDS_TOTALS OVER.5.5,CARDS_TOTALS:OVER_5_5,16.5%,0.165100,,,,,,,Sin cuota/EV,No encontrado en Betano,Baja,contexto premium fallback reciente,usa promedios recientes multi-competicion/API-Football,depende mucho del arbitro y del contexto competitivo,
2026-08-23,13:45,Torino vs AC Milan,,,Corners total +10.5,CORNERS_TOTALS OVER.10.5,CORNERS_TOTALS:OVER_10_5,15.2%,0.152500,,,,,,,Sin cuota/EV,No encontrado en Betano,Baja,contexto premium fallback reciente,usa promedios recientes multi-competicion/API-Football,el volumen ofensivo puede variar por planteamiento y marcador temprano,
2026-08-23,13:45,Torino vs AC Milan,,,Local tarjetas +2.5,CARDS_HOME OVER.2.5,CARDS_HOME:OVER_2_5,15.1%,0.150600,,,,,,,Sin cuota/EV,No encontrado en Betano,Baja,contexto premium fallback reciente,usa promedios recientes multi-competicion/API-Football,depende mucho del arbitro y del contexto competitivo,
2026-08-23,13:45,Torino vs AC Milan,,,Visita goles +2.5,TEAM_TOTAL_AWAY OVER.2.5,TEAM_TOTAL_AWAY:OVER_2_5,12.0%,0.120500,,,,,,,Sin cuota/EV,No encontrado en Betano,Baja,fallback ultimos partidos,usa Poisson fallback con ultimos partidos multi-competicion,un gol temprano o baja eficacia puede cambiar la lectura del mercado,
2026-08-23,13:45,Torino vs AC Milan,,,Local corners +6.5,CORNERS_HOME OVER.6.5,CORNERS_HOME:OVER_6_5,10.2%,0.102200,,,,,,,Sin cuota/EV,No encontrado en Betano,Baja,contexto premium fallback reciente,usa promedios recientes multi-competicion/API-Football,el volumen ofensivo puede variar por planteamiento y marcador temprano,
2026-08-23,13:45,Torino vs AC Milan,,,Visita tarjetas -0.5,CARDS_AWAY UNDER.0.5,CARDS_AWAY:UNDER_0_5,9.7%,0.097000,,,,,,,Sin cuota/EV,No encontrado en Betano,Baja,contexto premium fallback reciente,usa promedios recientes multi-competicion/API-Football,depende mucho del arbitro y del contexto competitivo,
2026-08-23,13:45,Torino vs AC Milan,,,Corners total +11.5,CORNERS_TOTALS OVER.11.5,CORNERS_TOTALS:OVER_11_5,8.9%,0.089400,,,,,,,Sin cuota/EV,No encontrado en Betano,Baja,contexto premium fallback reciente,usa promedios recientes multi-competicion/API-Football,el volumen ofensivo puede variar por planteamiento y marcador temprano,
2026-08-23,13:45,Torino vs AC Milan,,,Visita corners +6.5,CORNERS_AWAY OVER.6.5,CORNERS_AWAY:OVER_6_5,8.6%,0.086300,,,,,,,Sin cuota/EV,No encontrado en Betano,Baja,contexto premium fallback reciente,usa promedios recientes multi-competicion/API-Football,el volumen ofensivo puede variar por planteamiento y marcador temprano,
2026-08-23,13:45,Torino vs AC Milan,,,SHOTS_TOTAL UNDER.18.5,SHOTS_TOTAL UNDER.18.5,SHOTS_TOTAL:UNDER_18_5,8.2%,0.082000,,,,,,,Sin cuota/EV,No encontrado en Betano,Baja,contexto premium fallback reciente,usa promedios recientes multi-competicion/API-Football,el volumen ofensivo puede variar por planteamiento y marcador temprano,
2026-08-23,13:45,Torino vs AC Milan,,,Tarjetas total +6.5,CARDS_TOTALS OVER.6.5,CARDS_TOTALS:OVER_6_5,7.9%,0.078800,,,,,,,Sin cuota/EV,No encontrado en Betano,Baja,contexto premium fallback reciente,usa promedios recientes multi-competicion/API-Football,depende mucho del arbitro y del contexto competitivo,
2026-08-23,13:45,Torino vs AC Milan,,,Local tarjetas +3.5,CARDS_HOME OVER.3.5,CARDS_HOME:OVER_3_5,4.7%,0.046500,,,,,,,Sin cuota/EV,No encontrado en Betano,Baja,contexto premium fallback reciente,usa promedios recientes multi-competicion/API-Football,depende mucho del arbitro y del contexto competitivo,
2026-08-23,14:30,Elche vs Barcelona,10Bet,,Visita corners -6.5,CORNERS_AWAY UNDER.6.5,CORNERS_AWAY:UNDER_6_5,91.4%,0.913700,1.65,0.51,0.507600,,,,EV positivo,No encontrado en Betano,Alta,contexto premium mixto,usa mezcla de promedios del torneo y recientes/API-Football,el volumen ofensivo puede variar por planteamiento y marcador temprano,
2026-08-23,14:30,Elche vs Barcelona,,,Tarjetas total -6.5,CARDS_TOTALS UNDER.6.5,CARDS_TOTALS:UNDER_6_5,91.4%,0.913700,,,,,,,Sin cuota/EV,No encontrado en Betano,Alta,contexto premium mixto,usa mezcla de promedios del torneo y recientes/API-Football,depende mucho del arbitro y del contexto competitivo,
2026-08-23,14:30,Elche vs Barcelona,,,SHOTS_TOTAL UNDER.26.5,SHOTS_TOTAL UNDER.26.5,SHOTS_TOTAL:UNDER_26_5,90.8%,0.908500,,,,,,,Sin cuota/EV,No encontrado en Betano,Alta,contexto premium mixto,usa mezcla de promedios del torneo y recientes/API-Football,el volumen ofensivo puede variar por planteamiento y marcador temprano,
2026-08-23,14:30,Elche vs Barcelona,,,Visita tarjetas -3.5,CARDS_AWAY UNDER.3.5,CARDS_AWAY:UNDER_3_5,89.9%,0.899200,,,,,,,Sin cuota/EV,No encontrado en Betano,Alta,contexto premium mixto,usa mezcla de promedios del torneo y recientes/API-Football,depende mucho del arbitro y del contexto competitivo,
2026-08-23,14:30,Elche vs Barcelona,,,Local tarjetas +0.5,CARDS_HOME OVER.0.5,CARDS_HOME:OVER_0_5,86.5%,0.864700,,,,,,,Sin cuota/EV,No encontrado en Betano,Alta,contexto premium mixto,usa mezcla de promedios del torneo y recientes/API-Football,depende mucho del arbitro y del contexto competitivo,
2026-08-23,14:30,Elche vs Barcelona,10Bet,,Local corners +3.5,CORNERS_HOME OVER.3.5,CORNERS_HOME:OVER_3_5,86.0%,0.859600,1.73,0.49,0.487100,,,,EV positivo,No encontrado en Betano,Alta,contexto premium mixto,usa mezcla de promedios del torneo y recientes/API-Football,el volumen ofensivo puede variar por planteamiento y marcador temprano,
2026-08-23,14:30,Elche vs Barcelona,,,Local goles -2.5,TEAM_TOTAL_HOME UNDER.2.5,TEAM_TOTAL_HOME:UNDER_2_5,85.8%,0.858000,,,,,,,Sin cuota/EV,No encontrado en Betano,Alta,fallback ultimos partidos,usa Poisson fallback con ultimos partidos multi-competicion,un gol temprano o baja eficacia puede cambiar la lectura del mercado,
2026-08-23,14:30,Elche vs Barcelona,,,Local tarjetas -3.5,CARDS_HOME UNDER.3.5,CARDS_HOME:UNDER_3_5,85.7%,0.857100,,,,,,,Sin cuota/EV,No encontrado en Betano,Alta,contexto premium mixto,usa mezcla de promedios del torneo y recientes/API-Football,depende mucho del arbitro y del contexto competitivo,
2026-08-23,14:30,Elche vs Barcelona,,,Visita tarjetas +0.5,CARDS_AWAY OVER.0.5,CARDS_AWAY:OVER_0_5,82.6%,0.826200,,,,,,,Sin cuota/EV,No encontrado en Betano,Alta,contexto premium mixto,usa mezcla de promedios del torneo y recientes/API-Football,depende mucho del arbitro y del contexto competitivo,
2026-08-23,14:30,Elche vs Barcelona,,,Visita corners -5.5,CORNERS_AWAY UNDER.5.5,CORNERS_AWAY:UNDER_5_5,82.3%,0.822900,,,,,,,Sin cuota/EV,No encontrado en Betano,Alta,contexto premium mixto,usa mezcla de promedios del torneo y recientes/API-Football,el volumen ofensivo puede variar por planteamiento y marcador temprano,
2026-08-23,14:30,Elche vs Barcelona,,,Tarjetas total -5.5,CARDS_TOTALS UNDER.5.5,CARDS_TOTALS:UNDER_5_5,82.3%,0.822900,,,,,,,Sin cuota/EV,No encontrado en Betano,Alta,contexto premium mixto,usa mezcla de promedios del torneo y recientes/API-Football,depende mucho del arbitro y del contexto competitivo,
2026-08-23,14:30,Elche vs Barcelona,,,SHOTS_TOTAL UNDER.24.5,SHOTS_TOTAL UNDER.24.5,SHOTS_TOTAL:UNDER_24_5,82.2%,0.821600,,,,,,,Sin cuota/EV,No encontrado en Betano,Alta,contexto premium mixto,usa mezcla de promedios del torneo y recientes/API-Football,el volumen ofensivo puede variar por planteamiento y marcador temprano,
2026-08-23,14:30,Elche vs Barcelona,,,Visita goles +0.5,TEAM_TOTAL_AWAY OVER.0.5,TEAM_TOTAL_AWAY:OVER_0_5,80.8%,0.807900,,,,,,,Sin cuota/EV,No encontrado en Betano,Alta,fallback ultimos partidos,usa Poisson fallback con ultimos partidos multi-competicion,un gol temprano o baja eficacia puede cambiar la lectura del mercado,
2026-08-23,14:30,Elche vs Barcelona,10Bet,,Goles +1.5,TOTALS OVER.1.5,TOTALS:OVER_1_5,79.3%,0.792600,1.64,0.30,0.299800,,,,EV positivo,No encontrado en Betano,Alta,fallback ultimos partidos,usa Poisson fallback con ultimos partidos multi-competicion,un gol temprano o baja eficacia puede cambiar la lectura del mercado,
2026-08-23,14:30,Elche vs Barcelona,,,Visita goles -2.5,TEAM_TOTAL_AWAY UNDER.2.5,TEAM_TOTAL_AWAY:UNDER_2_5,77.0%,0.770400,,,,,,,Sin cuota/EV,No encontrado en Betano,Alta,fallback ultimos partidos,usa Poisson fallback con ultimos partidos multi-competicion,un gol temprano o baja eficacia puede cambiar la lectura del mercado,
2026-08-23,14:30,Elche vs Barcelona,,,Corners total +7.5,CORNERS_TOTALS OVER.7.5,CORNERS_TOTALS:OVER_7_5,76.8%,0.768300,,,,,,,Sin cuota/EV,No encontrado en Betano,Alta,contexto premium mixto,usa mezcla de promedios del torneo y recientes/API-Football,el volumen ofensivo puede variar por planteamiento y marcador temprano,
2026-08-23,14:30,Elche vs Barcelona,,,DOUBLE_CHANCE 12,DOUBLE_CHANCE 12,DOUBLE_CHANCE:12,75.9%,0.758600,,,,,,,Sin cuota/EV,No encontrado en Betano,Alta,fallback ultimos partidos,usa Poisson fallback con ultimos partidos multi-competicion,riesgo propio del resultado final y variacion del modelo,
2026-08-23,14:30,Elche vs Barcelona,,,Visita tarjetas -2.5,CARDS_AWAY UNDER.2.5,CARDS_AWAY:UNDER_2_5,74.4%,0.744000,,,,,,,Sin cuota/EV,No encontrado en Betano,Alta,contexto premium mixto,usa mezcla de promedios del torneo y recientes/API-Football,depende mucho del arbitro y del contexto competitivo,
2026-08-23,14:30,Elche vs Barcelona,,,SHOTS_ON_TARGET_TOTAL OVER.6.5,SHOTS_ON_TARGET_TOTAL OVER.6.5,SHOTS_ON_TARGET_TOTAL:OVER_6_5,74.4%,0.743800,,,,,,,Sin cuota/EV,No encontrado en Betano,Alta,contexto premium mixto,usa mezcla de promedios del torneo y recientes/API-Football,el volumen ofensivo puede variar por planteamiento y marcador temprano,
2026-08-23,14:30,Elche vs Barcelona,,,Local corners +4.5,CORNERS_HOME OVER.4.5,CORNERS_HOME:OVER_4_5,73.1%,0.731300,,,,,,,Sin cuota/EV,No encontrado en Betano,Alta,contexto premium mixto,usa mezcla de promedios del torneo y recientes/API-Football,el volumen ofensivo puede variar por planteamiento y marcador temprano,
2026-08-23,14:30,Elche vs Barcelona,,,Local goles +0.5,TEAM_TOTAL_HOME OVER.0.5,TEAM_TOTAL_HOME:OVER_0_5,72.6%,0.726300,,,,,,,Sin cuota/EV,No encontrado en Betano,Alta,fallback ultimos partidos,usa Poisson fallback con ultimos partidos multi-competicion,un gol temprano o baja eficacia puede cambiar la lectura del mercado,
2026-08-23,14:30,Elche vs Barcelona,,,Tarjetas total +2.5,CARDS_TOTALS OVER.2.5,CARDS_TOTALS:OVER_2_5,72.3%,0.722900,,,,,,,Sin cuota/EV,No encontrado en Betano,Alta,contexto premium mixto,usa mezcla de promedios del torneo y recientes/API-Football,depende mucho del arbitro y del contexto competitivo,
2026-08-23,14:30,Elche vs Barcelona,10Bet,,1T +0.5,FIRST_HALF_TOTALS OVER.0.5,FIRST_HALF_TOTALS:OVER_0_5,71.4%,0.713500,1.38,-0.02,-0.015400,,,,EV negativo,No encontrado en Betano,Alta,contexto premium mixto,usa mezcla de promedios del torneo y recientes/API-Football,el primer tiempo puede tener ritmo bajo o rotaciones,
2026-08-23,14:30,Elche vs Barcelona,,,Corners total -11.5,CORNERS_TOTALS UNDER.11.5,CORNERS_TOTALS:UNDER_11_5,71.1%,0.710900,,,,,,,Sin cuota/EV,No encontrado en Betano,Alta,contexto premium mixto,usa mezcla de promedios del torneo y recientes/API-Football,el volumen ofensivo puede variar por planteamiento y marcador temprano,
2026-08-23,14:30,Elche vs Barcelona,,,DOUBLE_CHANCE X2,DOUBLE_CHANCE X2,DOUBLE_CHANCE:X2,69.9%,0.698800,,,,,,,Sin cuota/EV,No encontrado en Betano,Media,fallback ultimos partidos,usa Poisson fallback con ultimos partidos multi-competicion,riesgo propio del resultado final y variacion del modelo,
2026-08-23,14:30,Elche vs Barcelona,,,SHOTS_TOTAL UNDER.22.5,SHOTS_TOTAL UNDER.22.5,SHOTS_TOTAL:UNDER_22_5,69.1%,0.691300,,,,,,,Sin cuota/EV,No encontrado en Betano,Media,contexto premium mixto,usa mezcla de promedios del torneo y recientes/API-Football,el volumen ofensivo puede variar por planteamiento y marcador temprano,
2026-08-23,14:30,Elche vs Barcelona,,,Visita corners -4.5,CORNERS_AWAY UNDER.4.5,CORNERS_AWAY:UNDER_4_5,67.8%,0.677500,,,,,,,Sin cuota/EV,No encontrado en Betano,Media,contexto premium mixto,usa mezcla de promedios del torneo y recientes/API-Football,el volumen ofensivo puede variar por planteamiento y marcador temprano,
2026-08-23,14:30,Elche vs Barcelona,,,Tarjetas total -4.5,CARDS_TOTALS UNDER.4.5,CARDS_TOTALS:UNDER_4_5,67.8%,0.677500,,,,,,,Sin cuota/EV,No encontrado en Betano,Media,contexto premium mixto,usa mezcla de promedios del torneo y recientes/API-Football,depende mucho del arbitro y del contexto competitivo,
2026-08-23,14:30,Elche vs Barcelona,,,Local tarjetas -2.5,CARDS_HOME UNDER.2.5,CARDS_HOME:UNDER_2_5,67.7%,0.676700,,,,,,,Sin cuota/EV,No encontrado en Betano,Media,contexto premium mixto,usa mezcla de promedios del torneo y recientes/API-Football,depende mucho del arbitro y del contexto competitivo,
2026-08-23,14:30,Elche vs Barcelona,10Bet,,Goles -3.5,TOTALS UNDER.3.5,TOTALS:UNDER_3_5,65.9%,0.659400,1.67,0.10,0.101200,,,,EV positivo,No encontrado en Betano,Media,fallback ultimos partidos,usa Poisson fallback con ultimos partidos multi-competicion,un gol temprano o baja eficacia puede cambiar la lectura del mercado,
2026-08-23,14:30,Elche vs Barcelona,,,SHOTS_ON_TARGET_TOTAL UNDER.9.5,SHOTS_ON_TARGET_TOTAL UNDER.9.5,SHOTS_ON_TARGET_TOTAL:UNDER_9_5,65.3%,0.653000,,,,,,,Sin cuota/EV,No encontrado en Betano,Media,contexto premium mixto,usa mezcla de promedios del torneo y recientes/API-Football,el volumen ofensivo puede variar por planteamiento y marcador temprano,
2026-08-23,14:30,Elche vs Barcelona,,,Corners total +8.5,CORNERS_TOTALS OVER.8.5,CORNERS_TOTALS:OVER_8_5,65.3%,0.652900,,,,,,,Sin cuota/EV,No encontrado en Betano,Media,contexto premium mixto,usa mezcla de promedios del torneo y recientes/API-Football,el volumen ofensivo puede variar por planteamiento y marcador temprano,
2026-08-23,14:30,Elche vs Barcelona,,,SHOTS_TOTAL OVER.18.5,SHOTS_TOTAL OVER.18.5,SHOTS_TOTAL:OVER_18_5,65.0%,0.649600,,,,,,,Sin cuota/EV,No encontrado en Betano,Media,contexto premium mixto,usa mezcla de promedios del torneo y recientes/API-Football,el volumen ofensivo puede variar por planteamiento y marcador temprano,
2026-08-23,14:30,Elche vs Barcelona,10Bet,,1T -1.5,FIRST_HALF_TOTALS UNDER.1.5,FIRST_HALF_TOTALS:UNDER_1_5,64.5%,0.644600,1.38,-0.11,-0.110400,,,,EV negativo,No encontrado en Betano,Media,contexto premium mixto,usa mezcla de promedios del torneo y recientes/API-Football,el primer tiempo puede tener ritmo bajo o rotaciones,
2026-08-23,14:30,Elche vs Barcelona,,,Local goles -1.5,TEAM_TOTAL_HOME UNDER.1.5,TEAM_TOTAL_HOME:UNDER_1_5,62.8%,0.628300,,,,,,,Sin cuota/EV,No encontrado en Betano,Media,fallback ultimos partidos,usa Poisson fallback con ultimos partidos multi-competicion,un gol temprano o baja eficacia puede cambiar la lectura del mercado,
2026-08-23,14:30,Elche vs Barcelona,,,SHOTS_ON_TARGET_TOTAL OVER.7.5,SHOTS_ON_TARGET_TOTAL OVER.7.5,SHOTS_ON_TARGET_TOTAL:OVER_7_5,61.4%,0.614400,,,,,,,Sin cuota/EV,No encontrado en Betano,Media,contexto premium mixto,usa mezcla de promedios del torneo y recientes/API-Football,el volumen ofensivo puede variar por planteamiento y marcador temprano,
2026-08-23,14:30,Elche vs Barcelona,10Bet,,DNB visita,DRAW_NO_BET AWAY,DRAW_NO_BET:AWAY,60.3%,0.602900,1.17,-0.29,-0.294600,,,,EV negativo,No encontrado en Betano,Media,fallback ultimos partidos,usa Poisson fallback con ultimos partidos multi-competicion,riesgo propio del resultado final y variacion del modelo,
2026-08-23,14:30,Elche vs Barcelona,10Bet,,Corners total -10.5,CORNERS_TOTALS UNDER.10.5,CORNERS_TOTALS:UNDER_10_5,59.9%,0.598700,1.70,0.02,0.017700,,,,EV negativo,No encontrado en Betano,Media,contexto premium mixto,usa mezcla de promedios del torneo y recientes/API-Football,el volumen ofensivo puede variar por planteamiento y marcador temprano,
2026-08-23,14:30,Elche vs Barcelona,,,Local tarjetas +1.5,CARDS_HOME OVER.1.5,CARDS_HOME:OVER_1_5,59.4%,0.594000,,,,,,,Sin cuota/EV,No encontrado en Betano,Media,contexto premium mixto,usa mezcla de promedios del torneo y recientes/API-Football,depende mucho del arbitro y del contexto competitivo,
2026-08-23,14:30,Elche vs Barcelona,10Bet,,BTTS sí,BTTS YES,BTTS:YES,58.7%,0.586800,3.80,1.23,1.229900,,,,EV positivo,No encontrado en Betano,Media,fallback ultimos partidos,usa Poisson fallback con ultimos partidos multi-competicion,un gol temprano o baja eficacia puede cambiar la lectura del mercado,
2026-08-23,14:30,Elche vs Barcelona,,,Local corners -6.5,CORNERS_HOME UNDER.6.5,CORNERS_HOME:UNDER_6_5,58.6%,0.586200,,,,,,,Sin cuota/EV,No encontrado en Betano,Media,contexto premium mixto,usa mezcla de promedios del torneo y recientes/API-Football,el volumen ofensivo puede variar por planteamiento y marcador temprano,
2026-08-23,14:30,Elche vs Barcelona,,,Local corners +5.5,CORNERS_HOME OVER.5.5,CORNERS_HOME:OVER_5_5,57.4%,0.574200,,,,,,,Sin cuota/EV,No encontrado en Betano,Media,contexto premium mixto,usa mezcla de promedios del torneo y recientes/API-Football,el volumen ofensivo puede variar por planteamiento y marcador temprano,
2026-08-23,14:30,Elche vs Barcelona,10Bet,,Goles +2.5,TOTALS OVER.2.5,TOTALS:OVER_2_5,56.5%,0.564500,2.95,0.67,0.665400,,,,EV positivo,No encontrado en Betano,Media,fallback ultimos partidos,usa Poisson fallback con ultimos partidos multi-competicion,un gol temprano o baja eficacia puede cambiar la lectura del mercado,
2026-08-23,14:30,Elche vs Barcelona,,,DOUBLE_CHANCE 1X,DOUBLE_CHANCE 1X,DOUBLE_CHANCE:1X,54.3%,0.542600,,,,,,,Sin cuota/EV,No encontrado en Betano,Baja,fallback ultimos partidos,usa Poisson fallback con ultimos partidos multi-competicion,riesgo propio del resultado final y variacion del modelo,
2026-08-23,14:30,Elche vs Barcelona,,,Corners total +9.5,CORNERS_TOTALS OVER.9.5,CORNERS_TOTALS:OVER_9_5,52.6%,0.526300,,,,,,,Sin cuota/EV,No encontrado en Betano,Baja,contexto premium mixto,usa mezcla de promedios del torneo y recientes/API-Football,el volumen ofensivo puede variar por planteamiento y marcador temprano,
2026-08-23,14:30,Elche vs Barcelona,,,SHOTS_TOTAL UNDER.20.5,SHOTS_TOTAL UNDER.20.5,SHOTS_TOTAL:UNDER_20_5,52.6%,0.525800,,,,,,,Sin cuota/EV,No encontrado en Betano,Baja,contexto premium mixto,usa mezcla de promedios del torneo y recientes/API-Football,el volumen ofensivo puede variar por planteamiento y marcador temprano,
2026-08-23,14:30,Elche vs Barcelona,,,SHOTS_ON_TARGET_TOTAL UNDER.8.5,SHOTS_ON_TARGET_TOTAL UNDER.8.5,SHOTS_ON_TARGET_TOTAL:UNDER_8_5,52.3%,0.523100,,,,,,,Sin cuota/EV,No encontrado en Betano,Baja,contexto premium mixto,usa mezcla de promedios del torneo y recientes/API-Football,el volumen ofensivo puede variar por planteamiento y marcador temprano,
2026-08-23,14:30,Elche vs Barcelona,,,Visita tarjetas +1.5,CARDS_AWAY OVER.1.5,CARDS_AWAY:OVER_1_5,52.2%,0.522100,,,,,,,Sin cuota/EV,No encontrado en Betano,Baja,contexto premium mixto,usa mezcla de promedios del torneo y recientes/API-Football,depende mucho del arbitro y del contexto competitivo,
2026-08-23,14:30,Elche vs Barcelona,,,Visita corners +3.5,CORNERS_AWAY OVER.3.5,CORNERS_AWAY:OVER_3_5,51.6%,0.516200,,,,,,,Sin cuota/EV,No encontrado en Betano,Baja,contexto premium mixto,usa mezcla de promedios del torneo y recientes/API-Football,el volumen ofensivo puede variar por planteamiento y marcador temprano,
2026-08-23,14:30,Elche vs Barcelona,,,Tarjetas total +3.5,CARDS_TOTALS OVER.3.5,CARDS_TOTALS:OVER_3_5,51.6%,0.516200,,,,,,,Sin cuota/EV,No encontrado en Betano,Baja,contexto premium mixto,usa mezcla de promedios del torneo y recientes/API-Football,depende mucho del arbitro y del contexto competitivo,
2026-08-23,14:30,Elche vs Barcelona,,,Visita goles -1.5,TEAM_TOTAL_AWAY UNDER.1.5,TEAM_TOTAL_AWAY:UNDER_1_5,50.9%,0.509000,,,,,,,Sin cuota/EV,No encontrado en Betano,Baja,fallback ultimos partidos,usa Poisson fallback con ultimos partidos multi-competicion,un gol temprano o baja eficacia puede cambiar la lectura del mercado,
2026-08-23,14:30,Elche vs Barcelona,,,Visita goles +1.5,TEAM_TOTAL_AWAY OVER.1.5,TEAM_TOTAL_AWAY:OVER_1_5,49.1%,0.491000,,,,,,,Sin cuota/EV,No encontrado en Betano,Baja,fallback ultimos partidos,usa Poisson fallback con ultimos partidos multi-competicion,un gol temprano o baja eficacia puede cambiar la lectura del mercado,
2026-08-23,14:30,Elche vs Barcelona,,,Visita corners -3.5,CORNERS_AWAY UNDER.3.5,CORNERS_AWAY:UNDER_3_5,48.4%,0.483800,,,,,,,Sin cuota/EV,No encontrado en Betano,Baja,contexto premium mixto,usa mezcla de promedios del torneo y recientes/API-Football,el volumen ofensivo puede variar por planteamiento y marcador temprano,
2026-08-23,14:30,Elche vs Barcelona,,,Tarjetas total -3.5,CARDS_TOTALS UNDER.3.5,CARDS_TOTALS:UNDER_3_5,48.4%,0.483800,,,,,,,Sin cuota/EV,No encontrado en Betano,Baja,contexto premium mixto,usa mezcla de promedios del torneo y recientes/API-Football,depende mucho del arbitro y del contexto competitivo,
2026-08-23,14:30,Elche vs Barcelona,,,Visita tarjetas -1.5,CARDS_AWAY UNDER.1.5,CARDS_AWAY:UNDER_1_5,47.8%,0.477900,,,,,,,Sin cuota/EV,No encontrado en Betano,Baja,contexto premium mixto,usa mezcla de promedios del torneo y recientes/API-Football,depende mucho del arbitro y del contexto competitivo,
2026-08-23,14:30,Elche vs Barcelona,,,SHOTS_ON_TARGET_TOTAL OVER.8.5,SHOTS_ON_TARGET_TOTAL OVER.8.5,SHOTS_ON_TARGET_TOTAL:OVER_8_5,47.7%,0.476900,,,,,,,Sin cuota/EV,No encontrado en Betano,Baja,contexto premium mixto,usa mezcla de promedios del torneo y recientes/API-Football,el volumen ofensivo puede variar por planteamiento y marcador temprano,
2026-08-23,14:30,Elche vs Barcelona,,,SHOTS_TOTAL OVER.20.5,SHOTS_TOTAL OVER.20.5,SHOTS_TOTAL:OVER_20_5,47.4%,0.474200,,,,,,,Sin cuota/EV,No encontrado en Betano,Baja,contexto premium mixto,usa mezcla de promedios del torneo y recientes/API-Football,el volumen ofensivo puede variar por planteamiento y marcador temprano,
2026-08-23,14:30,Elche vs Barcelona,,,Corners total -9.5,CORNERS_TOTALS UNDER.9.5,CORNERS_TOTALS:UNDER_9_5,47.4%,0.473700,,,,,,,Sin cuota/EV,No encontrado en Betano,Baja,contexto premium mixto,usa mezcla de promedios del torneo y recientes/API-Football,el volumen ofensivo puede variar por planteamiento y marcador temprano,
2026-08-23,14:30,Elche vs Barcelona,10Bet,,Gana visita,1X2 AWAY,1X2:AWAY,45.7%,0.457400,2.20,0.01,0.006300,,,,EV negativo,No encontrado en Betano,Baja,fallback ultimos partidos,usa Poisson fallback con ultimos partidos multi-competicion,riesgo propio del resultado final y variacion del modelo,
2026-08-23,14:30,Elche vs Barcelona,10Bet,,Goles -2.5,TOTALS UNDER.2.5,TOTALS:UNDER_2_5,43.5%,0.435500,1.35,-0.41,-0.412100,,,,EV negativo,No encontrado en Betano,Baja,fallback ultimos partidos,usa Poisson fallback con ultimos partidos multi-competicion,un gol temprano o baja eficacia puede cambiar la lectura del mercado,
2026-08-23,14:30,Elche vs Barcelona,,,Local corners -5.5,CORNERS_HOME UNDER.5.5,CORNERS_HOME:UNDER_5_5,42.6%,0.425800,,,,,,,Sin cuota/EV,No encontrado en Betano,Baja,contexto premium mixto,usa mezcla de promedios del torneo y recientes/API-Football,el volumen ofensivo puede variar por planteamiento y marcador temprano,
2026-08-23,14:30,Elche vs Barcelona,,,Local corners +6.5,CORNERS_HOME OVER.6.5,CORNERS_HOME:OVER_6_5,41.4%,0.413800,,,,,,,Sin cuota/EV,No encontrado en Betano,Baja,contexto premium mixto,usa mezcla de promedios del torneo y recientes/API-Football,el volumen ofensivo puede variar por planteamiento y marcador temprano,
2026-08-23,14:30,Elche vs Barcelona,10Bet,,BTTS no,BTTS NO,BTTS:NO,41.3%,0.413200,1.22,-0.50,-0.495900,,,,EV negativo,No encontrado en Betano,Baja,fallback ultimos partidos,usa Poisson fallback con ultimos partidos multi-competicion,un gol temprano o baja eficacia puede cambiar la lectura del mercado,
2026-08-23,14:30,Elche vs Barcelona,,,Local tarjetas -1.5,CARDS_HOME UNDER.1.5,CARDS_HOME:UNDER_1_5,40.6%,0.406000,,,,,,,Sin cuota/EV,No encontrado en Betano,Baja,contexto premium mixto,usa mezcla de promedios del torneo y recientes/API-Football,depende mucho del arbitro y del contexto competitivo,
2026-08-23,14:30,Elche vs Barcelona,10Bet,,Corners total +10.5,CORNERS_TOTALS OVER.10.5,CORNERS_TOTALS:OVER_10_5,40.1%,0.401300,2.05,-0.18,-0.177300,,,,EV negativo,No encontrado en Betano,Baja,contexto premium mixto,usa mezcla de promedios del torneo y recientes/API-Football,el volumen ofensivo puede variar por planteamiento y marcador temprano,
2026-08-23,14:30,Elche vs Barcelona,10Bet,,DNB local,DRAW_NO_BET HOME,DRAW_NO_BET:HOME,39.7%,0.397100,4.50,0.79,0.786900,,,,EV positivo,No encontrado en Betano,Baja,fallback ultimos partidos,usa Poisson fallback con ultimos partidos multi-competicion,riesgo propio del resultado final y variacion del modelo,
2026-08-23,14:30,Elche vs Barcelona,,,SHOTS_ON_TARGET_TOTAL UNDER.7.5,SHOTS_ON_TARGET_TOTAL UNDER.7.5,SHOTS_ON_TARGET_TOTAL:UNDER_7_5,38.6%,0.385600,,,,,,,Sin cuota/EV,No encontrado en Betano,Baja,contexto premium mixto,usa mezcla de promedios del torneo y recientes/API-Football,el volumen ofensivo puede variar por planteamiento y marcador temprano,
2026-08-23,14:30,Elche vs Barcelona,,,Local goles +1.5,TEAM_TOTAL_HOME OVER.1.5,TEAM_TOTAL_HOME:OVER_1_5,37.2%,0.371700,,,,,,,Sin cuota/EV,No encontrado en Betano,Baja,fallback ultimos partidos,usa Poisson fallback con ultimos partidos multi-competicion,un gol temprano o baja eficacia puede cambiar la lectura del mercado,
2026-08-23,14:30,Elche vs Barcelona,10Bet,,1T +1.5,FIRST_HALF_TOTALS OVER.1.5,FIRST_HALF_TOTALS:OVER_1_5,35.5%,0.355400,2.80,-0.01,-0.005000,,,,EV negativo,No encontrado en Betano,Baja,contexto premium mixto,usa mezcla de promedios del torneo y recientes/API-Football,el primer tiempo puede tener ritmo bajo o rotaciones,
2026-08-23,14:30,Elche vs Barcelona,,,SHOTS_TOTAL UNDER.18.5,SHOTS_TOTAL UNDER.18.5,SHOTS_TOTAL:UNDER_18_5,35.0%,0.350400,,,,,,,Sin cuota/EV,No encontrado en Betano,Baja,contexto premium mixto,usa mezcla de promedios del torneo y recientes/API-Football,el volumen ofensivo puede variar por planteamiento y marcador temprano,
2026-08-23,14:30,Elche vs Barcelona,,,Corners total -8.5,CORNERS_TOTALS UNDER.8.5,CORNERS_TOTALS:UNDER_8_5,34.7%,0.347100,,,,,,,Sin cuota/EV,No encontrado en Betano,Baja,contexto premium mixto,usa mezcla de promedios del torneo y recientes/API-Football,el volumen ofensivo puede variar por planteamiento y marcador temprano,
2026-08-23,14:30,Elche vs Barcelona,,,SHOTS_ON_TARGET_TOTAL OVER.9.5,SHOTS_ON_TARGET_TOTAL OVER.9.5,SHOTS_ON_TARGET_TOTAL:OVER_9_5,34.7%,0.347000,,,,,,,Sin cuota/EV,No encontrado en Betano,Baja,contexto premium mixto,usa mezcla de promedios del torneo y recientes/API-Football,el volumen ofensivo puede variar por planteamiento y marcador temprano,
2026-08-23,14:30,Elche vs Barcelona,10Bet,,Goles +3.5,TOTALS OVER.3.5,TOTALS:OVER_3_5,34.1%,0.340600,2.15,-0.27,-0.267700,,,,EV negativo,No encontrado en Betano,Baja,fallback ultimos partidos,usa Poisson fallback con ultimos partidos multi-competicion,un gol temprano o baja eficacia puede cambiar la lectura del mercado,
2026-08-23,14:30,Elche vs Barcelona,,,Local tarjetas +2.5,CARDS_HOME OVER.2.5,CARDS_HOME:OVER_2_5,32.3%,0.323300,,,,,,,Sin cuota/EV,No encontrado en Betano,Baja,contexto premium mixto,usa mezcla de promedios del torneo y recientes/API-Football,depende mucho del arbitro y del contexto competitivo,
2026-08-23,14:30,Elche vs Barcelona,,,Visita corners +4.5,CORNERS_AWAY OVER.4.5,CORNERS_AWAY:OVER_4_5,32.2%,0.322500,,,,,,,Sin cuota/EV,No encontrado en Betano,Baja,contexto premium mixto,usa mezcla de promedios del torneo y recientes/API-Football,el volumen ofensivo puede variar por planteamiento y marcador temprano,
2026-08-23,14:30,Elche vs Barcelona,,,Tarjetas total +4.5,CARDS_TOTALS OVER.4.5,CARDS_TOTALS:OVER_4_5,32.2%,0.322500,,,,,,,Sin cuota/EV,No encontrado en Betano,Baja,contexto premium mixto,usa mezcla de promedios del torneo y recientes/API-Football,depende mucho del arbitro y del contexto competitivo,
2026-08-23,14:30,Elche vs Barcelona,,,SHOTS_TOTAL OVER.22.5,SHOTS_TOTAL OVER.22.5,SHOTS_TOTAL:OVER_22_5,30.9%,0.308700,,,,,,,Sin cuota/EV,No encontrado en Betano,Baja,contexto premium mixto,usa mezcla de promedios del torneo y recientes/API-Football,el volumen ofensivo puede variar por planteamiento y marcador temprano,
2026-08-23,14:30,Elche vs Barcelona,10Bet,,Gana local,1X2 HOME,1X2:HOME,30.1%,0.301200,8.50,1.56,1.560500,,,,EV positivo,No encontrado en Betano,Baja,fallback ultimos partidos,usa Poisson fallback con ultimos partidos multi-competicion,riesgo propio del resultado final y variacion del modelo,
2026-08-23,14:30,Elche vs Barcelona,,,Corners total +11.5,CORNERS_TOTALS OVER.11.5,CORNERS_TOTALS:OVER_11_5,28.9%,0.289100,,,,,,,Sin cuota/EV,No encontrado en Betano,Baja,contexto premium mixto,usa mezcla de promedios del torneo y recientes/API-Football,el volumen ofensivo puede variar por planteamiento y marcador temprano,
2026-08-23,14:30,Elche vs Barcelona,10Bet,,1T -0.5,FIRST_HALF_TOTALS UNDER.0.5,FIRST_HALF_TOTALS:UNDER_0_5,28.6%,0.286500,2.88,-0.17,-0.174900,,,,EV negativo,No encontrado en Betano,Baja,contexto premium mixto,usa mezcla de promedios del torneo y recientes/API-Football,el primer tiempo puede tener ritmo bajo o rotaciones,
2026-08-23,14:30,Elche vs Barcelona,,,Tarjetas total -2.5,CARDS_TOTALS UNDER.2.5,CARDS_TOTALS:UNDER_2_5,27.7%,0.277100,,,,,,,Sin cuota/EV,No encontrado en Betano,Baja,contexto premium mixto,usa mezcla de promedios del torneo y recientes/API-Football,depende mucho del arbitro y del contexto competitivo,
2026-08-23,14:30,Elche vs Barcelona,,,Local goles -0.5,TEAM_TOTAL_HOME UNDER.0.5,TEAM_TOTAL_HOME:UNDER_0_5,27.4%,0.273700,,,,,,,Sin cuota/EV,No encontrado en Betano,Baja,fallback ultimos partidos,usa Poisson fallback con ultimos partidos multi-competicion,un gol temprano o baja eficacia puede cambiar la lectura del mercado,
2026-08-23,14:30,Elche vs Barcelona,,,Local corners -4.5,CORNERS_HOME UNDER.4.5,CORNERS_HOME:UNDER_4_5,26.9%,0.268700,,,,,,,Sin cuota/EV,No encontrado en Betano,Baja,contexto premium mixto,usa mezcla de promedios del torneo y recientes/API-Football,el volumen ofensivo puede variar por planteamiento y marcador temprano,
2026-08-23,14:30,Elche vs Barcelona,,,SHOTS_ON_TARGET_TOTAL UNDER.6.5,SHOTS_ON_TARGET_TOTAL UNDER.6.5,SHOTS_ON_TARGET_TOTAL:UNDER_6_5,25.6%,0.256200,,,,,,,Sin cuota/EV,No encontrado en Betano,Baja,contexto premium mixto,usa mezcla de promedios del torneo y recientes/API-Football,el volumen ofensivo puede variar por planteamiento y marcador temprano,
2026-08-23,14:30,Elche vs Barcelona,,,Visita tarjetas +2.5,CARDS_AWAY OVER.2.5,CARDS_AWAY:OVER_2_5,25.6%,0.256000,,,,,,,Sin cuota/EV,No encontrado en Betano,Baja,contexto premium mixto,usa mezcla de promedios del torneo y recientes/API-Football,depende mucho del arbitro y del contexto competitivo,
2026-08-23,14:30,Elche vs Barcelona,10Bet,,Empate,1X2 DRAW,1X2:DRAW,24.1%,0.241400,2.00,-0.52,-0.517300,,,,EV negativo,No encontrado en Betano,Baja,fallback ultimos partidos,usa Poisson fallback con ultimos partidos multi-competicion,riesgo propio del resultado final y variacion del modelo,
2026-08-23,14:30,Elche vs Barcelona,,,Corners total -7.5,CORNERS_TOTALS UNDER.7.5,CORNERS_TOTALS:UNDER_7_5,23.2%,0.231700,,,,,,,Sin cuota/EV,No encontrado en Betano,Baja,contexto premium mixto,usa mezcla de promedios del torneo y recientes/API-Football,el volumen ofensivo puede variar por planteamiento y marcador temprano,
2026-08-23,14:30,Elche vs Barcelona,,,Visita goles +2.5,TEAM_TOTAL_AWAY OVER.2.5,TEAM_TOTAL_AWAY:OVER_2_5,23.0%,0.229600,,,,,,,Sin cuota/EV,No encontrado en Betano,Baja,fallback ultimos partidos,usa Poisson fallback con ultimos partidos multi-competicion,un gol temprano o baja eficacia puede cambiar la lectura del mercado,
2026-08-23,14:30,Elche vs Barcelona,10Bet,,Goles -1.5,TOTALS UNDER.1.5,TOTALS:UNDER_1_5,20.7%,0.207400,2.15,-0.55,-0.554000,,,,EV negativo,No encontrado en Betano,Baja,fallback ultimos partidos,usa Poisson fallback con ultimos partidos multi-competicion,un gol temprano o baja eficacia puede cambiar la lectura del mercado,
2026-08-23,14:30,Elche vs Barcelona,,,Visita goles -0.5,TEAM_TOTAL_AWAY UNDER.0.5,TEAM_TOTAL_AWAY:UNDER_0_5,19.2%,0.192100,,,,,,,Sin cuota/EV,No encontrado en Betano,Baja,fallback ultimos partidos,usa Poisson fallback con ultimos partidos multi-competicion,un gol temprano o baja eficacia puede cambiar la lectura del mercado,
2026-08-23,14:30,Elche vs Barcelona,,,SHOTS_TOTAL OVER.24.5,SHOTS_TOTAL OVER.24.5,SHOTS_TOTAL:OVER_24_5,17.8%,0.178400,,,,,,,Sin cuota/EV,No encontrado en Betano,Baja,contexto premium mixto,usa mezcla de promedios del torneo y recientes/API-Football,el volumen ofensivo puede variar por planteamiento y marcador temprano,
2026-08-23,14:30,Elche vs Barcelona,,,Visita corners +5.5,CORNERS_AWAY OVER.5.5,CORNERS_AWAY:OVER_5_5,17.7%,0.177100,,,,,,,Sin cuota/EV,No encontrado en Betano,Baja,contexto premium mixto,usa mezcla de promedios del torneo y recientes/API-Football,el volumen ofensivo puede variar por planteamiento y marcador temprano,
2026-08-23,14:30,Elche vs Barcelona,,,Tarjetas total +5.5,CARDS_TOTALS OVER.5.5,CARDS_TOTALS:OVER_5_5,17.7%,0.177100,,,,,,,Sin cuota/EV,No encontrado en Betano,Baja,contexto premium mixto,usa mezcla de promedios del torneo y recientes/API-Football,depende mucho del arbitro y del contexto competitivo,
2026-08-23,14:30,Elche vs Barcelona,,,Visita tarjetas -0.5,CARDS_AWAY UNDER.0.5,CARDS_AWAY:UNDER_0_5,17.4%,0.173800,,,,,,,Sin cuota/EV,No encontrado en Betano,Baja,contexto premium mixto,usa mezcla de promedios del torneo y recientes/API-Football,depende mucho del arbitro y del contexto competitivo,
2026-08-23,14:30,Elche vs Barcelona,,,Local tarjetas +3.5,CARDS_HOME OVER.3.5,CARDS_HOME:OVER_3_5,14.3%,0.142900,,,,,,,Sin cuota/EV,No encontrado en Betano,Baja,contexto premium mixto,usa mezcla de promedios del torneo y recientes/API-Football,depende mucho del arbitro y del contexto competitivo,
2026-08-23,14:30,Elche vs Barcelona,,,Local goles +2.5,TEAM_TOTAL_HOME OVER.2.5,TEAM_TOTAL_HOME:OVER_2_5,14.2%,0.142000,,,,,,,Sin cuota/EV,No encontrado en Betano,Baja,fallback ultimos partidos,usa Poisson fallback con ultimos partidos multi-competicion,un gol temprano o baja eficacia puede cambiar la lectura del mercado,
2026-08-23,14:30,Elche vs Barcelona,10Bet,,Local corners -3.5,CORNERS_HOME UNDER.3.5,CORNERS_HOME:UNDER_3_5,14.0%,0.140400,1.85,-0.74,-0.740300,,,,EV negativo,No encontrado en Betano,Baja,contexto premium mixto,usa mezcla de promedios del torneo y recientes/API-Football,el volumen ofensivo puede variar por planteamiento y marcador temprano,
2026-08-23,14:30,Elche vs Barcelona,,,Local tarjetas -0.5,CARDS_HOME UNDER.0.5,CARDS_HOME:UNDER_0_5,13.5%,0.135300,,,,,,,Sin cuota/EV,No encontrado en Betano,Baja,contexto premium mixto,usa mezcla de promedios del torneo y recientes/API-Football,depende mucho del arbitro y del contexto competitivo,
2026-08-23,14:30,Elche vs Barcelona,,,Visita tarjetas +3.5,CARDS_AWAY OVER.3.5,CARDS_AWAY:OVER_3_5,10.1%,0.100800,,,,,,,Sin cuota/EV,No encontrado en Betano,Baja,contexto premium mixto,usa mezcla de promedios del torneo y recientes/API-Football,depende mucho del arbitro y del contexto competitivo,
2026-08-23,14:30,Elche vs Barcelona,,,SHOTS_TOTAL OVER.26.5,SHOTS_TOTAL OVER.26.5,SHOTS_TOTAL:OVER_26_5,9.2%,0.091500,,,,,,,Sin cuota/EV,No encontrado en Betano,Baja,contexto premium mixto,usa mezcla de promedios del torneo y recientes/API-Football,el volumen ofensivo puede variar por planteamiento y marcador temprano,
2026-08-23,14:30,Elche vs Barcelona,10Bet,,Visita corners +6.5,CORNERS_AWAY OVER.6.5,CORNERS_AWAY:OVER_6_5,8.6%,0.086300,1.95,-0.83,-0.831700,,,,EV negativo,No encontrado en Betano,Baja,contexto premium mixto,usa mezcla de promedios del torneo y recientes/API-Football,el volumen ofensivo puede variar por planteamiento y marcador temprano,
2026-08-23,14:30,Elche vs Barcelona,,,Tarjetas total +6.5,CARDS_TOTALS OVER.6.5,CARDS_TOTALS:OVER_6_5,8.6%,0.086300,,,,,,,Sin cuota/EV,No encontrado en Betano,Baja,contexto premium mixto,usa mezcla de promedios del torneo y recientes/API-Football,depende mucho del arbitro y del contexto competitivo,
2026-08-23,15:30,FBC Melgar vs Alianza Lima,,,SHOTS_TOTAL OVER.18.5,SHOTS_TOTAL OVER.18.5,SHOTS_TOTAL:OVER_18_5,97.9%,0.979100,,,,,,,Sin cuota/EV,No encontrado en Betano,Alta,contexto premium torneo actual,usa promedios del contexto premium/API-Football,el volumen ofensivo puede variar por planteamiento y marcador temprano,
2026-08-23,15:30,FBC Melgar vs Alianza Lima,,,SHOTS_TOTAL OVER.20.5,SHOTS_TOTAL OVER.20.5,SHOTS_TOTAL:OVER_20_5,94.7%,0.946500,,,,,,,Sin cuota/EV,No encontrado en Betano,Alta,contexto premium torneo actual,usa promedios del contexto premium/API-Football,el volumen ofensivo puede variar por planteamiento y marcador temprano,
2026-08-23,15:30,FBC Melgar vs Alianza Lima,,,Local corners -6.5,CORNERS_HOME UNDER.6.5,CORNERS_HOME:UNDER_6_5,93.8%,0.938500,,,,,,,Sin cuota/EV,No encontrado en Betano,Alta,contexto premium torneo actual,usa promedios del contexto premium/API-Football,el volumen ofensivo puede variar por planteamiento y marcador temprano,
2026-08-23,15:30,FBC Melgar vs Alianza Lima,,,Visita tarjetas +0.5,CARDS_AWAY OVER.0.5,CARDS_AWAY:OVER_0_5,93.6%,0.936100,,,,,,,Sin cuota/EV,No encontrado en Betano,Alta,contexto premium torneo actual,usa promedios del contexto premium/API-Football,depende mucho del arbitro y del contexto competitivo,
2026-08-23,15:30,FBC Melgar vs Alianza Lima,,,Local tarjetas -3.5,CARDS_HOME UNDER.3.5,CARDS_HOME:UNDER_3_5,89.1%,0.891300,,,,,,,Sin cuota/EV,No encontrado en Betano,Alta,contexto premium torneo actual,usa promedios del contexto premium/API-Football,depende mucho del arbitro y del contexto competitivo,
2026-08-23,15:30,FBC Melgar vs Alianza Lima,,,SHOTS_TOTAL OVER.22.5,SHOTS_TOTAL OVER.22.5,SHOTS_TOTAL:OVER_22_5,88.5%,0.885300,,,,,,,Sin cuota/EV,No encontrado en Betano,Alta,contexto premium torneo actual,usa promedios del contexto premium/API-Football,el volumen ofensivo puede variar por planteamiento y marcador temprano,
2026-08-23,15:30,FBC Melgar vs Alianza Lima,,,Local corners -5.5,CORNERS_HOME UNDER.5.5,CORNERS_HOME:UNDER_5_5,86.4%,0.864200,,,,,,,Sin cuota/EV,No encontrado en Betano,Alta,contexto premium torneo actual,usa promedios del contexto premium/API-Football,el volumen ofensivo puede variar por planteamiento y marcador temprano,
2026-08-23,15:30,FBC Melgar vs Alianza Lima,,,Local goles -2.5,TEAM_TOTAL_HOME UNDER.2.5,TEAM_TOTAL_HOME:UNDER_2_5,86.2%,0.862500,,,,,,,Sin cuota/EV,No encontrado en Betano,Alta,torneo actual,usa Poisson base con estadisticas de goles del torneo,un gol temprano o baja eficacia puede cambiar la lectura del mercado,
2026-08-23,15:30,FBC Melgar vs Alianza Lima,,,Corners total -11.5,CORNERS_TOTALS UNDER.11.5,CORNERS_TOTALS:UNDER_11_5,85.9%,0.859100,,,,,,,Sin cuota/EV,No encontrado en Betano,Alta,contexto premium torneo actual,usa promedios del contexto premium/API-Football,el volumen ofensivo puede variar por planteamiento y marcador temprano,
2026-08-23,15:30,FBC Melgar vs Alianza Lima,,,Local tarjetas +0.5,CARDS_HOME OVER.0.5,CARDS_HOME:OVER_0_5,83.5%,0.834700,,,,,,,Sin cuota/EV,No encontrado en Betano,Alta,contexto premium torneo actual,usa promedios del contexto premium/API-Football,depende mucho del arbitro y del contexto competitivo,
2026-08-23,15:30,FBC Melgar vs Alianza Lima,,,Tarjetas total +2.5,CARDS_TOTALS OVER.2.5,CARDS_TOTALS:OVER_2_5,83.2%,0.832000,,,,,,,Sin cuota/EV,No encontrado en Betano,Alta,contexto premium torneo actual,usa promedios del contexto premium/API-Football,depende mucho del arbitro y del contexto competitivo,
2026-08-23,15:30,FBC Melgar vs Alianza Lima,,,Tarjetas total -6.5,CARDS_TOTALS UNDER.6.5,CARDS_TOTALS:UNDER_6_5,82.5%,0.824600,,,,,,,Sin cuota/EV,No encontrado en Betano,Alta,contexto premium torneo actual,usa promedios del contexto premium/API-Football,depende mucho del arbitro y del contexto competitivo,
2026-08-23,15:30,FBC Melgar vs Alianza Lima,,,Visita goles -2.5,TEAM_TOTAL_AWAY UNDER.2.5,TEAM_TOTAL_AWAY:UNDER_2_5,81.5%,0.814600,,,,,,,Sin cuota/EV,No encontrado en Betano,Alta,torneo actual,usa Poisson base con estadisticas de goles del torneo,un gol temprano o baja eficacia puede cambiar la lectura del mercado,
2026-08-23,15:30,FBC Melgar vs Alianza Lima,,,SHOTS_TOTAL OVER.24.5,SHOTS_TOTAL OVER.24.5,SHOTS_TOTAL:OVER_24_5,78.9%,0.789300,,,,,,,Sin cuota/EV,No encontrado en Betano,Alta,contexto premium torneo actual,usa promedios del contexto premium/API-Football,el volumen ofensivo puede variar por planteamiento y marcador temprano,
2026-08-23,15:30,FBC Melgar vs Alianza Lima,,,Corners total -10.5,CORNERS_TOTALS UNDER.10.5,CORNERS_TOTALS:UNDER_10_5,77.7%,0.777000,,,,,,,Sin cuota/EV,No encontrado en Betano,Alta,contexto premium torneo actual,usa promedios del contexto premium/API-Football,el volumen ofensivo puede variar por planteamiento y marcador temprano,
2026-08-23,15:30,FBC Melgar vs Alianza Lima,10Bet,,1T +0.5,FIRST_HALF_TOTALS OVER.0.5,FIRST_HALF_TOTALS:OVER_0_5,77.7%,0.776900,2.50,0.94,0.942200,,,,EV positivo,No encontrado en Betano,Alta,contexto premium torneo actual,usa promedios del contexto premium/API-Football,el primer tiempo puede tener ritmo bajo o rotaciones,
2026-08-23,15:30,FBC Melgar vs Alianza Lima,,,Visita corners -6.5,CORNERS_AWAY UNDER.6.5,CORNERS_AWAY:UNDER_6_5,77.3%,0.773100,,,,,,,Sin cuota/EV,No encontrado en Betano,Alta,contexto premium torneo actual,usa promedios del contexto premium/API-Football,el volumen ofensivo puede variar por planteamiento y marcador temprano,
2026-08-23,15:30,FBC Melgar vs Alianza Lima,,,Visita goles +0.5,TEAM_TOTAL_AWAY OVER.0.5,TEAM_TOTAL_AWAY:OVER_0_5,77.2%,0.771700,,,,,,,Sin cuota/EV,No encontrado en Betano,Alta,torneo actual,usa Poisson base con estadisticas de goles del torneo,un gol temprano o baja eficacia puede cambiar la lectura del mercado,
2026-08-23,15:30,FBC Melgar vs Alianza Lima,,,SHOTS_ON_TARGET_TOTAL OVER.6.5,SHOTS_ON_TARGET_TOTAL OVER.6.5,SHOTS_ON_TARGET_TOTAL:OVER_6_5,76.7%,0.767000,,,,,,,Sin cuota/EV,No encontrado en Betano,Alta,contexto premium torneo actual,usa promedios del contexto premium/API-Football,el volumen ofensivo puede variar por planteamiento y marcador temprano,
2026-08-23,15:30,FBC Melgar vs Alianza Lima,10Bet,,Goles +1.5,TOTALS OVER.1.5,TOTALS:OVER_1_5,76.1%,0.760900,1.42,0.08,0.080400,,,,EV positivo,No encontrado en Betano,Alta,torneo actual,usa Poisson base con estadisticas de goles del torneo,un gol temprano o baja eficacia puede cambiar la lectura del mercado,
2026-08-23,15:30,FBC Melgar vs Alianza Lima,,,Visita tarjetas +1.5,CARDS_AWAY OVER.1.5,CARDS_AWAY:OVER_1_5,76.0%,0.760300,,,,,,,Sin cuota/EV,No encontrado en Betano,Alta,contexto premium torneo actual,usa promedios del contexto premium/API-Football,depende mucho del arbitro y del contexto competitivo,
2026-08-23,15:30,FBC Melgar vs Alianza Lima,,,DOUBLE_CHANCE 12,DOUBLE_CHANCE 12,DOUBLE_CHANCE:12,74.6%,0.746200,,,,,,,Sin cuota/EV,No encontrado en Betano,Alta,torneo actual,usa Poisson base con estadisticas de goles del torneo,riesgo propio del resultado final y variacion del modelo,
2026-08-23,15:30,FBC Melgar vs Alianza Lima,,,Local corners -4.5,CORNERS_HOME UNDER.4.5,CORNERS_HOME:UNDER_4_5,73.5%,0.734900,,,,,,,Sin cuota/EV,No encontrado en Betano,Alta,contexto premium torneo actual,usa promedios del contexto premium/API-Football,el volumen ofensivo puede variar por planteamiento y marcador temprano,
2026-08-23,15:30,FBC Melgar vs Alianza Lima,,,Local tarjetas -2.5,CARDS_HOME UNDER.2.5,CARDS_HOME:UNDER_2_5,73.1%,0.730600,,,,,,,Sin cuota/EV,No encontrado en Betano,Alta,contexto premium torneo actual,usa promedios del contexto premium/API-Football,depende mucho del arbitro y del contexto competitivo,
2026-08-23,15:30,FBC Melgar vs Alianza Lima,,,Visita corners +3.5,CORNERS_AWAY OVER.3.5,CORNERS_AWAY:OVER_3_5,72.4%,0.724300,,,,,,,Sin cuota/EV,No encontrado en Betano,Alta,contexto premium torneo actual,usa promedios del contexto premium/API-Football,el volumen ofensivo puede variar por planteamiento y marcador temprano,
2026-08-23,15:30,FBC Melgar vs Alianza Lima,,,Local goles +0.5,TEAM_TOTAL_HOME OVER.0.5,TEAM_TOTAL_HOME:OVER_0_5,72.1%,0.720900,,,,,,,Sin cuota/EV,No encontrado en Betano,Alta,torneo actual,usa Poisson base con estadisticas de goles del torneo,un gol temprano o baja eficacia puede cambiar la lectura del mercado,
2026-08-23,15:30,FBC Melgar vs Alianza Lima,,,Visita tarjetas -3.5,CARDS_AWAY UNDER.3.5,CARDS_AWAY:UNDER_3_5,70.3%,0.703000,,,,,,,Sin cuota/EV,No encontrado en Betano,Alta,contexto premium torneo actual,usa promedios del contexto premium/API-Football,depende mucho del arbitro y del contexto competitivo,
2026-08-23,15:30,FBC Melgar vs Alianza Lima,10Bet,,Goles -3.5,TOTALS UNDER.3.5,TOTALS:UNDER_3_5,70.2%,0.702300,1.22,-0.14,-0.143200,,,,EV negativo,No encontrado en Betano,Alta,torneo actual,usa Poisson base con estadisticas de goles del torneo,un gol temprano o baja eficacia puede cambiar la lectura del mercado,
2026-08-23,15:30,FBC Melgar vs Alianza Lima,,,Tarjetas total -5.5,CARDS_TOTALS UNDER.5.5,CARDS_TOTALS:UNDER_5_5,69.4%,0.694400,,,,,,,Sin cuota/EV,No encontrado en Betano,Media,contexto premium torneo actual,usa promedios del contexto premium/API-Football,depende mucho del arbitro y del contexto competitivo,
2026-08-23,15:30,FBC Melgar vs Alianza Lima,,,DOUBLE_CHANCE X2,DOUBLE_CHANCE X2,DOUBLE_CHANCE:X2,67.3%,0.672700,,,,,,,Sin cuota/EV,No encontrado en Betano,Media,torneo actual,usa Poisson base con estadisticas de goles del torneo,riesgo propio del resultado final y variacion del modelo,
2026-08-23,15:30,FBC Melgar vs Alianza Lima,,,Corners total -9.5,CORNERS_TOTALS UNDER.9.5,CORNERS_TOTALS:UNDER_9_5,66.9%,0.669100,,,,,,,Sin cuota/EV,No encontrado en Betano,Media,contexto premium torneo actual,usa promedios del contexto premium/API-Football,el volumen ofensivo puede variar por planteamiento y marcador temprano,
2026-08-23,15:30,FBC Melgar vs Alianza Lima,,,Tarjetas total +3.5,CARDS_TOTALS OVER.3.5,CARDS_TOTALS:OVER_3_5,66.6%,0.666100,,,,,,,Sin cuota/EV,No encontrado en Betano,Media,contexto premium torneo actual,usa promedios del contexto premium/API-Football,depende mucho del arbitro y del contexto competitivo,
2026-08-23,15:30,FBC Melgar vs Alianza Lima,,,SHOTS_TOTAL OVER.26.5,SHOTS_TOTAL OVER.26.5,SHOTS_TOTAL:OVER_26_5,66.1%,0.661500,,,,,,,Sin cuota/EV,No encontrado en Betano,Media,contexto premium torneo actual,usa promedios del contexto premium/API-Football,el volumen ofensivo puede variar por planteamiento y marcador temprano,
2026-08-23,15:30,FBC Melgar vs Alianza Lima,,,SHOTS_ON_TARGET_TOTAL OVER.7.5,SHOTS_ON_TARGET_TOTAL OVER.7.5,SHOTS_ON_TARGET_TOTAL:OVER_7_5,64.3%,0.642900,,,,,,,Sin cuota/EV,No encontrado en Betano,Media,contexto premium torneo actual,usa promedios del contexto premium/API-Football,el volumen ofensivo puede variar por planteamiento y marcador temprano,
2026-08-23,15:30,FBC Melgar vs Alianza Lima,,,Local goles -1.5,TEAM_TOTAL_HOME UNDER.1.5,TEAM_TOTAL_HOME:UNDER_1_5,63.5%,0.635200,,,,,,,Sin cuota/EV,No encontrado en Betano,Media,torneo actual,usa Poisson base con estadisticas de goles del torneo,un gol temprano o baja eficacia puede cambiar la lectura del mercado,
2026-08-23,15:30,FBC Melgar vs Alianza Lima,,,Visita corners -5.5,CORNERS_AWAY UNDER.5.5,CORNERS_AWAY:UNDER_5_5,62.9%,0.629100,,,,,,,Sin cuota/EV,No encontrado en Betano,Media,contexto premium torneo actual,usa promedios del contexto premium/API-Football,el volumen ofensivo puede variar por planteamiento y marcador temprano,
2026-08-23,15:30,FBC Melgar vs Alianza Lima,,,SHOTS_ON_TARGET_TOTAL UNDER.9.5,SHOTS_ON_TARGET_TOTAL UNDER.9.5,SHOTS_ON_TARGET_TOTAL:UNDER_9_5,62.4%,0.623600,,,,,,,Sin cuota/EV,No encontrado en Betano,Media,contexto premium torneo actual,usa promedios del contexto premium/API-Football,el volumen ofensivo puede variar por planteamiento y marcador temprano,
2026-08-23,15:30,FBC Melgar vs Alianza Lima,,,Corners total +7.5,CORNERS_TOTALS OVER.7.5,CORNERS_TOTALS:OVER_7_5,59.8%,0.598000,,,,,,,Sin cuota/EV,No encontrado en Betano,Media,contexto premium torneo actual,usa promedios del contexto premium/API-Football,el volumen ofensivo puede variar por planteamiento y marcador temprano,
2026-08-23,15:30,FBC Melgar vs Alianza Lima,,,DOUBLE_CHANCE 1X,DOUBLE_CHANCE 1X,DOUBLE_CHANCE:1X,58.1%,0.581100,,,,,,,Sin cuota/EV,No encontrado en Betano,Media,torneo actual,usa Poisson base con estadisticas de goles del torneo,riesgo propio del resultado final y variacion del modelo,
2026-08-23,15:30,FBC Melgar vs Alianza Lima,,,Visita goles -1.5,TEAM_TOTAL_AWAY UNDER.1.5,TEAM_TOTAL_AWAY:UNDER_1_5,56.5%,0.565500,,,,,,,Sin cuota/EV,No encontrado en Betano,Media,torneo actual,usa Poisson base con estadisticas de goles del torneo,un gol temprano o baja eficacia puede cambiar la lectura del mercado,
2026-08-23,15:30,FBC Melgar vs Alianza Lima,10Bet,,DNB visita,DRAW_NO_BET AWAY,DRAW_NO_BET:AWAY,56.1%,0.561400,2.35,0.32,0.319300,,,,EV positivo,No encontrado en Betano,Media,torneo actual,usa Poisson base con estadisticas de goles del torneo,riesgo propio del resultado final y variacion del modelo,
2026-08-23,15:30,FBC Melgar vs Alianza Lima,10Bet,,1T -1.5,FIRST_HALF_TOTALS UNDER.1.5,FIRST_HALF_TOTALS:UNDER_1_5,55.8%,0.557800,1.04,-0.42,-0.419900,,,,EV negativo,No encontrado en Betano,Media,contexto premium torneo actual,usa promedios del contexto premium/API-Football,el primer tiempo puede tener ritmo bajo o rotaciones,
2026-08-23,15:30,FBC Melgar vs Alianza Lima,10Bet,,BTTS sí,BTTS YES,BTTS:YES,55.6%,0.556400,4.50,1.50,1.503600,,,,EV positivo,No encontrado en Betano,Media,torneo actual,usa Poisson base con estadisticas de goles del torneo,un gol temprano o baja eficacia puede cambiar la lectura del mercado,
2026-08-23,15:30,FBC Melgar vs Alianza Lima,,,Local corners -3.5,CORNERS_HOME UNDER.3.5,CORNERS_HOME:UNDER_3_5,54.8%,0.547500,,,,,,,Sin cuota/EV,No encontrado en Betano,Baja,contexto premium torneo actual,usa promedios del contexto premium/API-Football,el volumen ofensivo puede variar por planteamiento y marcador temprano,
2026-08-23,15:30,FBC Melgar vs Alianza Lima,,,Visita corners +4.5,CORNERS_AWAY OVER.4.5,CORNERS_AWAY:OVER_4_5,54.6%,0.546200,,,,,,,Sin cuota/EV,No encontrado en Betano,Baja,contexto premium torneo actual,usa promedios del contexto premium/API-Football,el volumen ofensivo puede variar por planteamiento y marcador temprano,
2026-08-23,15:30,FBC Melgar vs Alianza Lima,10Bet,,Corners total -8.5,CORNERS_TOTALS UNDER.8.5,CORNERS_TOTALS:UNDER_8_5,54.0%,0.540400,1.73,-0.07,-0.065200,,,,EV negativo,No encontrado en Betano,Baja,contexto premium torneo actual,usa promedios del contexto premium/API-Football,el volumen ofensivo puede variar por planteamiento y marcador temprano,
2026-08-23,15:30,FBC Melgar vs Alianza Lima,,,Local tarjetas +1.5,CARDS_HOME OVER.1.5,CARDS_HOME:OVER_1_5,53.7%,0.537200,,,,,,,Sin cuota/EV,No encontrado en Betano,Baja,contexto premium torneo actual,usa promedios del contexto premium/API-Football,depende mucho del arbitro y del contexto competitivo,
2026-08-23,15:30,FBC Melgar vs Alianza Lima,,,Tarjetas total -4.5,CARDS_TOTALS UNDER.4.5,CARDS_TOTALS:UNDER_4_5,52.3%,0.522600,,,,,,,Sin cuota/EV,No encontrado en Betano,Baja,contexto premium torneo actual,usa promedios del contexto premium/API-Football,depende mucho del arbitro y del contexto competitivo,
2026-08-23,15:30,FBC Melgar vs Alianza Lima,10Bet,,Goles +2.5,TOTALS OVER.2.5,TOTALS:OVER_2_5,51.9%,0.519400,2.25,0.17,0.168600,,,,EV positivo,No encontrado en Betano,Baja,torneo actual,usa Poisson base con estadisticas de goles del torneo,un gol temprano o baja eficacia puede cambiar la lectura del mercado,
2026-08-23,15:30,FBC Melgar vs Alianza Lima,,,Visita tarjetas +2.5,CARDS_AWAY OVER.2.5,CARDS_AWAY:OVER_2_5,51.8%,0.518500,,,,,,,Sin cuota/EV,No encontrado en Betano,Baja,contexto premium torneo actual,usa promedios del contexto premium/API-Football,depende mucho del arbitro y del contexto competitivo,
2026-08-23,15:30,FBC Melgar vs Alianza Lima,,,SHOTS_ON_TARGET_TOTAL OVER.8.5,SHOTS_ON_TARGET_TOTAL OVER.8.5,SHOTS_ON_TARGET_TOTAL:OVER_8_5,50.8%,0.507600,,,,,,,Sin cuota/EV,No encontrado en Betano,Baja,contexto premium torneo actual,usa promedios del contexto premium/API-Football,el volumen ofensivo puede variar por planteamiento y marcador temprano,
2026-08-23,15:30,FBC Melgar vs Alianza Lima,,,SHOTS_ON_TARGET_TOTAL UNDER.8.5,SHOTS_ON_TARGET_TOTAL UNDER.8.5,SHOTS_ON_TARGET_TOTAL:UNDER_8_5,49.2%,0.492400,,,,,,,Sin cuota/EV,No encontrado en Betano,Baja,contexto premium torneo actual,usa promedios del contexto premium/API-Football,el volumen ofensivo puede variar por planteamiento y marcador temprano,
2026-08-23,15:30,FBC Melgar vs Alianza Lima,,,Visita tarjetas -2.5,CARDS_AWAY UNDER.2.5,CARDS_AWAY:UNDER_2_5,48.1%,0.481500,,,,,,,Sin cuota/EV,No encontrado en Betano,Baja,contexto premium torneo actual,usa promedios del contexto premium/API-Football,depende mucho del arbitro y del contexto competitivo,
2026-08-23,15:30,FBC Melgar vs Alianza Lima,10Bet,,Goles -2.5,TOTALS UNDER.2.5,TOTALS:UNDER_2_5,48.1%,0.480600,1.62,-0.22,-0.221400,,,,EV negativo,No encontrado en Betano,Baja,torneo actual,usa Poisson base con estadisticas de goles del torneo,un gol temprano o baja eficacia puede cambiar la lectura del mercado,
2026-08-23,15:30,FBC Melgar vs Alianza Lima,,,Tarjetas total +4.5,CARDS_TOTALS OVER.4.5,CARDS_TOTALS:OVER_4_5,47.7%,0.477400,,,,,,,Sin cuota/EV,No encontrado en Betano,Baja,contexto premium torneo actual,usa promedios del contexto premium/API-Football,depende mucho del arbitro y del contexto competitivo,
2026-08-23,15:30,FBC Melgar vs Alianza Lima,,,Local tarjetas -1.5,CARDS_HOME UNDER.1.5,CARDS_HOME:UNDER_1_5,46.3%,0.462800,,,,,,,Sin cuota/EV,No encontrado en Betano,Baja,contexto premium torneo actual,usa promedios del contexto premium/API-Football,depende mucho del arbitro y del contexto competitivo,
2026-08-23,15:30,FBC Melgar vs Alianza Lima,10Bet,,Corners total +8.5,CORNERS_TOTALS OVER.8.5,CORNERS_TOTALS:OVER_8_5,46.0%,0.459600,2.00,-0.08,-0.080700,,,,EV negativo,No encontrado en Betano,Baja,contexto premium torneo actual,usa promedios del contexto premium/API-Football,el volumen ofensivo puede variar por planteamiento y marcador temprano,
2026-08-23,15:30,FBC Melgar vs Alianza Lima,,,Visita corners -4.5,CORNERS_AWAY UNDER.4.5,CORNERS_AWAY:UNDER_4_5,45.4%,0.453800,,,,,,,Sin cuota/EV,No encontrado en Betano,Baja,contexto premium torneo actual,usa promedios del contexto premium/API-Football,el volumen ofensivo puede variar por planteamiento y marcador temprano,
2026-08-23,15:30,FBC Melgar vs Alianza Lima,,,Local corners +3.5,CORNERS_HOME OVER.3.5,CORNERS_HOME:OVER_3_5,45.2%,0.452500,,,,,,,Sin cuota/EV,No encontrado en Betano,Baja,contexto premium torneo actual,usa promedios del contexto premium/API-Football,el volumen ofensivo puede variar por planteamiento y marcador temprano,
2026-08-23,15:30,FBC Melgar vs Alianza Lima,10Bet,,BTTS no,BTTS NO,BTTS:NO,44.4%,0.443600,1.17,-0.48,-0.480900,,,,EV negativo,No encontrado en Betano,Baja,torneo actual,usa Poisson base con estadisticas de goles del torneo,un gol temprano o baja eficacia puede cambiar la lectura del mercado,
2026-08-23,15:30,FBC Melgar vs Alianza Lima,10Bet,,1T +1.5,FIRST_HALF_TOTALS OVER.1.5,FIRST_HALF_TOTALS:OVER_1_5,44.2%,0.442200,8.50,2.76,2.758500,,,,EV positivo,No encontrado en Betano,Baja,contexto premium torneo actual,usa promedios del contexto premium/API-Football,el primer tiempo puede tener ritmo bajo o rotaciones,
2026-08-23,15:30,FBC Melgar vs Alianza Lima,10Bet,,DNB local,DRAW_NO_BET HOME,DRAW_NO_BET:HOME,43.9%,0.438600,1.53,-0.33,-0.328900,,,,EV negativo,No encontrado en Betano,Baja,torneo actual,usa Poisson base con estadisticas de goles del torneo,riesgo propio del resultado final y variacion del modelo,
2026-08-23,15:30,FBC Melgar vs Alianza Lima,,,Visita goles +1.5,TEAM_TOTAL_AWAY OVER.1.5,TEAM_TOTAL_AWAY:OVER_1_5,43.5%,0.434500,,,,,,,Sin cuota/EV,No encontrado en Betano,Baja,torneo actual,usa Poisson base con estadisticas de goles del torneo,un gol temprano o baja eficacia puede cambiar la lectura del mercado,
2026-08-23,15:30,FBC Melgar vs Alianza Lima,10Bet,,Gana visita,1X2 AWAY,1X2:AWAY,41.9%,0.418900,5.25,1.20,1.199300,,,,EV positivo,No encontrado en Betano,Baja,torneo actual,usa Poisson base con estadisticas de goles del torneo,riesgo propio del resultado final y variacion del modelo,
2026-08-23,15:30,FBC Melgar vs Alianza Lima,,,Corners total -7.5,CORNERS_TOTALS UNDER.7.5,CORNERS_TOTALS:UNDER_7_5,40.2%,0.402000,,,,,,,Sin cuota/EV,No encontrado en Betano,Baja,contexto premium torneo actual,usa promedios del contexto premium/API-Football,el volumen ofensivo puede variar por planteamiento y marcador temprano,
2026-08-23,15:30,FBC Melgar vs Alianza Lima,,,SHOTS_ON_TARGET_TOTAL OVER.9.5,SHOTS_ON_TARGET_TOTAL OVER.9.5,SHOTS_ON_TARGET_TOTAL:OVER_9_5,37.6%,0.376400,,,,,,,Sin cuota/EV,No encontrado en Betano,Baja,contexto premium torneo actual,usa promedios del contexto premium/API-Football,el volumen ofensivo puede variar por planteamiento y marcador temprano,
2026-08-23,15:30,FBC Melgar vs Alianza Lima,,,Visita corners +5.5,CORNERS_AWAY OVER.5.5,CORNERS_AWAY:OVER_5_5,37.1%,0.370900,,,,,,,Sin cuota/EV,No encontrado en Betano,Baja,contexto premium torneo actual,usa promedios del contexto premium/API-Football,el volumen ofensivo puede variar por planteamiento y marcador temprano,
2026-08-23,15:30,FBC Melgar vs Alianza Lima,,,Local goles +1.5,TEAM_TOTAL_HOME OVER.1.5,TEAM_TOTAL_HOME:OVER_1_5,36.5%,0.364800,,,,,,,Sin cuota/EV,No encontrado en Betano,Baja,torneo actual,usa Poisson base con estadisticas de goles del torneo,un gol temprano o baja eficacia puede cambiar la lectura del mercado,
2026-08-23,15:30,FBC Melgar vs Alianza Lima,,,SHOTS_ON_TARGET_TOTAL UNDER.7.5,SHOTS_ON_TARGET_TOTAL UNDER.7.5,SHOTS_ON_TARGET_TOTAL:UNDER_7_5,35.7%,0.357100,,,,,,,Sin cuota/EV,No encontrado en Betano,Baja,contexto premium torneo actual,usa promedios del contexto premium/API-Football,el volumen ofensivo puede variar por planteamiento y marcador temprano,
2026-08-23,15:30,FBC Melgar vs Alianza Lima,,,SHOTS_TOTAL UNDER.26.5,SHOTS_TOTAL UNDER.26.5,SHOTS_TOTAL:UNDER_26_5,33.9%,0.338500,,,,,,,Sin cuota/EV,No encontrado en Betano,Baja,contexto premium torneo actual,usa promedios del contexto premium/API-Football,el volumen ofensivo puede variar por planteamiento y marcador temprano,
2026-08-23,15:30,FBC Melgar vs Alianza Lima,,,Tarjetas total -3.5,CARDS_TOTALS UNDER.3.5,CARDS_TOTALS:UNDER_3_5,33.4%,0.333900,,,,,,,Sin cuota/EV,No encontrado en Betano,Baja,contexto premium torneo actual,usa promedios del contexto premium/API-Football,depende mucho del arbitro y del contexto competitivo,
2026-08-23,15:30,FBC Melgar vs Alianza Lima,,,Corners total +9.5,CORNERS_TOTALS OVER.9.5,CORNERS_TOTALS:OVER_9_5,33.1%,0.330900,,,,,,,Sin cuota/EV,No encontrado en Betano,Baja,contexto premium torneo actual,usa promedios del contexto premium/API-Football,el volumen ofensivo puede variar por planteamiento y marcador temprano,
2026-08-23,15:30,FBC Melgar vs Alianza Lima,10Bet,,Gana local,1X2 HOME,1X2:HOME,32.7%,0.327300,3.65,0.19,0.194600,,,,EV positivo,No encontrado en Betano,Baja,torneo actual,usa Poisson base con estadisticas de goles del torneo,riesgo propio del resultado final y variacion del modelo,
2026-08-23,15:30,FBC Melgar vs Alianza Lima,,,Tarjetas total +5.5,CARDS_TOTALS OVER.5.5,CARDS_TOTALS:OVER_5_5,30.6%,0.305600,,,,,,,Sin cuota/EV,No encontrado en Betano,Baja,contexto premium torneo actual,usa promedios del contexto premium/API-Football,depende mucho del arbitro y del contexto competitivo,
2026-08-23,15:30,FBC Melgar vs Alianza Lima,10Bet,,Goles +3.5,TOTALS OVER.3.5,TOTALS:OVER_3_5,29.8%,0.297700,4.20,0.25,0.250500,,,,EV positivo,No encontrado en Betano,Baja,torneo actual,usa Poisson base con estadisticas de goles del torneo,un gol temprano o baja eficacia puede cambiar la lectura del mercado,
2026-08-23,15:30,FBC Melgar vs Alianza Lima,,,Visita tarjetas +3.5,CARDS_AWAY OVER.3.5,CARDS_AWAY:OVER_3_5,29.7%,0.297000,,,,,,,Sin cuota/EV,No encontrado en Betano,Baja,contexto premium torneo actual,usa promedios del contexto premium/API-Football,depende mucho del arbitro y del contexto competitivo,
2026-08-23,15:30,FBC Melgar vs Alianza Lima,,,Local goles -0.5,TEAM_TOTAL_HOME UNDER.0.5,TEAM_TOTAL_HOME:UNDER_0_5,27.9%,0.279100,,,,,,,Sin cuota/EV,No encontrado en Betano,Baja,torneo actual,usa Poisson base con estadisticas de goles del torneo,un gol temprano o baja eficacia puede cambiar la lectura del mercado,
2026-08-23,15:30,FBC Melgar vs Alianza Lima,,,Visita corners -3.5,CORNERS_AWAY UNDER.3.5,CORNERS_AWAY:UNDER_3_5,27.6%,0.275700,,,,,,,Sin cuota/EV,No encontrado en Betano,Baja,contexto premium torneo actual,usa promedios del contexto premium/API-Football,el volumen ofensivo puede variar por planteamiento y marcador temprano,
2026-08-23,15:30,FBC Melgar vs Alianza Lima,,,Local tarjetas +2.5,CARDS_HOME OVER.2.5,CARDS_HOME:OVER_2_5,26.9%,0.269400,,,,,,,Sin cuota/EV,No encontrado en Betano,Baja,contexto premium torneo actual,usa promedios del contexto premium/API-Football,depende mucho del arbitro y del contexto competitivo,
2026-08-23,15:30,FBC Melgar vs Alianza Lima,,,Local corners +4.5,CORNERS_HOME OVER.4.5,CORNERS_HOME:OVER_4_5,26.5%,0.265100,,,,,,,Sin cuota/EV,No encontrado en Betano,Baja,contexto premium torneo actual,usa promedios del contexto premium/API-Football,el volumen ofensivo puede variar por planteamiento y marcador temprano,
2026-08-23,15:30,FBC Melgar vs Alianza Lima,10Bet,,Empate,1X2 DRAW,1X2:DRAW,25.4%,0.253800,1.62,-0.59,-0.588900,,,,EV negativo,No encontrado en Betano,Baja,torneo actual,usa Poisson base con estadisticas de goles del torneo,riesgo propio del resultado final y variacion del modelo,
2026-08-23,15:30,FBC Melgar vs Alianza Lima,,,Visita tarjetas -1.5,CARDS_AWAY UNDER.1.5,CARDS_AWAY:UNDER_1_5,24.0%,0.239700,,,,,,,Sin cuota/EV,No encontrado en Betano,Baja,contexto premium torneo actual,usa promedios del contexto premium/API-Football,depende mucho del arbitro y del contexto competitivo,
2026-08-23,15:30,FBC Melgar vs Alianza Lima,10Bet,,Goles -1.5,TOTALS UNDER.1.5,TOTALS:UNDER_1_5,23.9%,0.239100,2.80,-0.33,-0.330500,,,,EV negativo,No encontrado en Betano,Baja,torneo actual,usa Poisson base con estadisticas de goles del torneo,un gol temprano o baja eficacia puede cambiar la lectura del mercado,
2026-08-23,15:30,FBC Melgar vs Alianza Lima,,,SHOTS_ON_TARGET_TOTAL UNDER.6.5,SHOTS_ON_TARGET_TOTAL UNDER.6.5,SHOTS_ON_TARGET_TOTAL:UNDER_6_5,23.3%,0.233000,,,,,,,Sin cuota/EV,No encontrado en Betano,Baja,contexto premium torneo actual,usa promedios del contexto premium/API-Football,el volumen ofensivo puede variar por planteamiento y marcador temprano,
2026-08-23,15:30,FBC Melgar vs Alianza Lima,,,Visita goles -0.5,TEAM_TOTAL_AWAY UNDER.0.5,TEAM_TOTAL_AWAY:UNDER_0_5,22.8%,0.228300,,,,,,,Sin cuota/EV,No encontrado en Betano,Baja,torneo actual,usa Poisson base con estadisticas de goles del torneo,un gol temprano o baja eficacia puede cambiar la lectura del mercado,
2026-08-23,15:30,FBC Melgar vs Alianza Lima,,,Visita corners +6.5,CORNERS_AWAY OVER.6.5,CORNERS_AWAY:OVER_6_5,22.7%,0.226900,,,,,,,Sin cuota/EV,No encontrado en Betano,Baja,contexto premium torneo actual,usa promedios del contexto premium/API-Football,el volumen ofensivo puede variar por planteamiento y marcador temprano,
2026-08-23,15:30,FBC Melgar vs Alianza Lima,10Bet,,1T -0.5,FIRST_HALF_TOTALS UNDER.0.5,FIRST_HALF_TOTALS:UNDER_0_5,22.3%,0.223100,1.48,-0.67,-0.669800,,,,EV negativo,No encontrado en Betano,Baja,contexto premium torneo actual,usa promedios del contexto premium/API-Football,el primer tiempo puede tener ritmo bajo o rotaciones,
2026-08-23,15:30,FBC Melgar vs Alianza Lima,,,Corners total +10.5,CORNERS_TOTALS OVER.10.5,CORNERS_TOTALS:OVER_10_5,22.3%,0.223000,,,,,,,Sin cuota/EV,No encontrado en Betano,Baja,contexto premium torneo actual,usa promedios del contexto premium/API-Football,el volumen ofensivo puede variar por planteamiento y marcador temprano,
2026-08-23,15:30,FBC Melgar vs Alianza Lima,,,SHOTS_TOTAL UNDER.24.5,SHOTS_TOTAL UNDER.24.5,SHOTS_TOTAL:UNDER_24_5,21.1%,0.210700,,,,,,,Sin cuota/EV,No encontrado en Betano,Baja,contexto premium torneo actual,usa promedios del contexto premium/API-Football,el volumen ofensivo puede variar por planteamiento y marcador temprano,
2026-08-23,15:30,FBC Melgar vs Alianza Lima,,,Visita goles +2.5,TEAM_TOTAL_AWAY OVER.2.5,TEAM_TOTAL_AWAY:OVER_2_5,18.5%,0.185400,,,,,,,Sin cuota/EV,No encontrado en Betano,Baja,torneo actual,usa Poisson base con estadisticas de goles del torneo,un gol temprano o baja eficacia puede cambiar la lectura del mercado,
2026-08-23,15:30,FBC Melgar vs Alianza Lima,,,Tarjetas total +6.5,CARDS_TOTALS OVER.6.5,CARDS_TOTALS:OVER_6_5,17.5%,0.175400,,,,,,,Sin cuota/EV,No encontrado en Betano,Baja,contexto premium torneo actual,usa promedios del contexto premium/API-Football,depende mucho del arbitro y del contexto competitivo,
2026-08-23,15:30,FBC Melgar vs Alianza Lima,,,Tarjetas total -2.5,CARDS_TOTALS UNDER.2.5,CARDS_TOTALS:UNDER_2_5,16.8%,0.168000,,,,,,,Sin cuota/EV,No encontrado en Betano,Baja,contexto premium torneo actual,usa promedios del contexto premium/API-Football,depende mucho del arbitro y del contexto competitivo,
2026-08-23,15:30,FBC Melgar vs Alianza Lima,,,Local tarjetas -0.5,CARDS_HOME UNDER.0.5,CARDS_HOME:UNDER_0_5,16.5%,0.165300,,,,,,,Sin cuota/EV,No encontrado en Betano,Baja,contexto premium torneo actual,usa promedios del contexto premium/API-Football,depende mucho del arbitro y del contexto competitivo,
2026-08-23,15:30,FBC Melgar vs Alianza Lima,,,Corners total +11.5,CORNERS_TOTALS OVER.11.5,CORNERS_TOTALS:OVER_11_5,14.1%,0.140900,,,,,,,Sin cuota/EV,No encontrado en Betano,Baja,contexto premium torneo actual,usa promedios del contexto premium/API-Football,el volumen ofensivo puede variar por planteamiento y marcador temprano,
2026-08-23,15:30,FBC Melgar vs Alianza Lima,,,Local goles +2.5,TEAM_TOTAL_HOME OVER.2.5,TEAM_TOTAL_HOME:OVER_2_5,13.8%,0.137500,,,,,,,Sin cuota/EV,No encontrado en Betano,Baja,torneo actual,usa Poisson base con estadisticas de goles del torneo,un gol temprano o baja eficacia puede cambiar la lectura del mercado,
2026-08-23,15:30,FBC Melgar vs Alianza Lima,,,Local corners +5.5,CORNERS_HOME OVER.5.5,CORNERS_HOME:OVER_5_5,13.6%,0.135800,,,,,,,Sin cuota/EV,No encontrado en Betano,Baja,contexto premium torneo actual,usa promedios del contexto premium/API-Football,el volumen ofensivo puede variar por planteamiento y marcador temprano,
2026-08-23,15:30,FBC Melgar vs Alianza Lima,,,SHOTS_TOTAL UNDER.22.5,SHOTS_TOTAL UNDER.22.5,SHOTS_TOTAL:UNDER_22_5,11.5%,0.114700,,,,,,,Sin cuota/EV,No encontrado en Betano,Baja,contexto premium torneo actual,usa promedios del contexto premium/API-Football,el volumen ofensivo puede variar por planteamiento y marcador temprano,
2026-08-23,15:30,FBC Melgar vs Alianza Lima,,,Local tarjetas +3.5,CARDS_HOME OVER.3.5,CARDS_HOME:OVER_3_5,10.9%,0.108700,,,,,,,Sin cuota/EV,No encontrado en Betano,Baja,contexto premium torneo actual,usa promedios del contexto premium/API-Football,depende mucho del arbitro y del contexto competitivo,
2026-08-23,15:30,FBC Melgar vs Alianza Lima,,,Visita tarjetas -0.5,CARDS_AWAY UNDER.0.5,CARDS_AWAY:UNDER_0_5,6.4%,0.063900,,,,,,,Sin cuota/EV,No encontrado en Betano,Baja,contexto premium torneo actual,usa promedios del contexto premium/API-Football,depende mucho del arbitro y del contexto competitivo,
2026-08-23,15:30,FBC Melgar vs Alianza Lima,,,Local corners +6.5,CORNERS_HOME OVER.6.5,CORNERS_HOME:OVER_6_5,6.2%,0.061500,,,,,,,Sin cuota/EV,No encontrado en Betano,Baja,contexto premium torneo actual,usa promedios del contexto premium/API-Football,el volumen ofensivo puede variar por planteamiento y marcador temprano,
2026-08-23,15:30,FBC Melgar vs Alianza Lima,,,SHOTS_TOTAL UNDER.20.5,SHOTS_TOTAL UNDER.20.5,SHOTS_TOTAL:UNDER_20_5,5.3%,0.053500,,,,,,,Sin cuota/EV,No encontrado en Betano,Baja,contexto premium torneo actual,usa promedios del contexto premium/API-Football,el volumen ofensivo puede variar por planteamiento y marcador temprano,
2026-08-23,15:30,FBC Melgar vs Alianza Lima,,,SHOTS_TOTAL UNDER.18.5,SHOTS_TOTAL UNDER.18.5,SHOTS_TOTAL:UNDER_18_5,2.1%,0.020900,,,,,,,Sin cuota/EV,No encontrado en Betano,Baja,contexto premium torneo actual,usa promedios del contexto premium/API-Football,el volumen ofensivo puede variar por planteamiento y marcador temprano,
2026-08-23,18:30,Universitario vs Club Deportivo Los Chankas,,,Local tarjetas -3.5,CARDS_HOME UNDER.3.5,CARDS_HOME:UNDER_3_5,96.6%,0.966200,,,,,,,Sin cuota/EV,No encontrado en Betano,Alta,contexto premium torneo actual,usa promedios del contexto premium/API-Football,depende mucho del arbitro y del contexto competitivo,
2026-08-23,18:30,Universitario vs Club Deportivo Los Chankas,,,SHOTS_TOTAL OVER.18.5,SHOTS_TOTAL OVER.18.5,SHOTS_TOTAL:OVER_18_5,96.3%,0.963400,,,,,,,Sin cuota/EV,No encontrado en Betano,Alta,contexto premium torneo actual,usa promedios del contexto premium/API-Football,el volumen ofensivo puede variar por planteamiento y marcador temprano,
2026-08-23,18:30,Universitario vs Club Deportivo Los Chankas,,,Tarjetas total -6.5,CARDS_TOTALS UNDER.6.5,CARDS_TOTALS:UNDER_6_5,95.5%,0.955400,,,,,,,Sin cuota/EV,No encontrado en Betano,Alta,contexto premium torneo actual,usa promedios del contexto premium/API-Football,depende mucho del arbitro y del contexto competitivo,
2026-08-23,18:30,Universitario vs Club Deportivo Los Chankas,,,SHOTS_TOTAL OVER.20.5,SHOTS_TOTAL OVER.20.5,SHOTS_TOTAL:OVER_20_5,91.4%,0.913900,,,,,,,Sin cuota/EV,No encontrado en Betano,Alta,contexto premium torneo actual,usa promedios del contexto premium/API-Football,el volumen ofensivo puede variar por planteamiento y marcador temprano,
2026-08-23,18:30,Universitario vs Club Deportivo Los Chankas,,,Tarjetas total -5.5,CARDS_TOTALS UNDER.5.5,CARDS_TOTALS:UNDER_5_5,89.5%,0.894600,,,,,,,Sin cuota/EV,No encontrado en Betano,Alta,contexto premium torneo actual,usa promedios del contexto premium/API-Football,depende mucho del arbitro y del contexto competitivo,
2026-08-23,18:30,Universitario vs Club Deportivo Los Chankas,,,Local tarjetas -2.5,CARDS_HOME UNDER.2.5,CARDS_HOME:UNDER_2_5,87.9%,0.879500,,,,,,,Sin cuota/EV,No encontrado en Betano,Alta,contexto premium torneo actual,usa promedios del contexto premium/API-Football,depende mucho del arbitro y del contexto competitivo,
2026-08-23,18:30,Universitario vs Club Deportivo Los Chankas,,,Visita goles -2.5,TEAM_TOTAL_AWAY UNDER.2.5,TEAM_TOTAL_AWAY:UNDER_2_5,87.8%,0.878500,,,,,,,Sin cuota/EV,No encontrado en Betano,Alta,torneo actual,usa Poisson base con estadisticas de goles del torneo,un gol temprano o baja eficacia puede cambiar la lectura del mercado,
2026-08-23,18:30,Universitario vs Club Deportivo Los Chankas,,,Local corners -6.5,CORNERS_HOME UNDER.6.5,CORNERS_HOME:UNDER_6_5,86.8%,0.867500,,,,,,,Sin cuota/EV,No encontrado en Betano,Alta,contexto premium torneo actual,usa promedios del contexto premium/API-Football,el volumen ofensivo puede variar por planteamiento y marcador temprano,
2026-08-23,18:30,Universitario vs Club Deportivo Los Chankas,,,Visita tarjetas +0.5,CARDS_AWAY OVER.0.5,CARDS_AWAY:OVER_0_5,86.5%,0.864700,,,,,,,Sin cuota/EV,No encontrado en Betano,Alta,contexto premium torneo actual,usa promedios del contexto premium/API-Football,depende mucho del arbitro y del contexto competitivo,
2026-08-23,18:30,Universitario vs Club Deportivo Los Chankas,,,Visita tarjetas -3.5,CARDS_AWAY UNDER.3.5,CARDS_AWAY:UNDER_3_5,85.7%,0.857100,,,,,,,Sin cuota/EV,No encontrado en Betano,Alta,contexto premium torneo actual,usa promedios del contexto premium/API-Football,depende mucho del arbitro y del contexto competitivo,
2026-08-23,18:30,Universitario vs Club Deportivo Los Chankas,,,SHOTS_TOTAL OVER.22.5,SHOTS_TOTAL OVER.22.5,SHOTS_TOTAL:OVER_22_5,82.9%,0.829400,,,,,,,Sin cuota/EV,No encontrado en Betano,Alta,contexto premium torneo actual,usa promedios del contexto premium/API-Football,el volumen ofensivo puede variar por planteamiento y marcador temprano,
2026-08-23,18:30,Universitario vs Club Deportivo Los Chankas,10Bet,,1T +0.5,FIRST_HALF_TOTALS OVER.0.5,FIRST_HALF_TOTALS:OVER_0_5,81.7%,0.817300,3.35,1.74,1.738000,,,,EV positivo,No encontrado en Betano,Alta,contexto premium torneo actual,usa promedios del contexto premium/API-Football,el primer tiempo puede tener ritmo bajo o rotaciones,
2026-08-23,18:30,Universitario vs Club Deportivo Los Chankas,,,Local goles -2.5,TEAM_TOTAL_HOME UNDER.2.5,TEAM_TOTAL_HOME:UNDER_2_5,80.3%,0.803400,,,,,,,Sin cuota/EV,No encontrado en Betano,Alta,torneo actual,usa Poisson base con estadisticas de goles del torneo,un gol temprano o baja eficacia puede cambiar la lectura del mercado,
2026-08-23,18:30,Universitario vs Club Deportivo Los Chankas,,,Corners total -11.5,CORNERS_TOTALS UNDER.11.5,CORNERS_TOTALS:UNDER_11_5,80.3%,0.803000,,,,,,,Sin cuota/EV,No encontrado en Betano,Alta,contexto premium torneo actual,usa promedios del contexto premium/API-Football,el volumen ofensivo puede variar por planteamiento y marcador temprano,
2026-08-23,18:30,Universitario vs Club Deportivo Los Chankas,,,Visita corners -6.5,CORNERS_AWAY UNDER.6.5,CORNERS_AWAY:UNDER_6_5,79.1%,0.790800,,,,,,,Sin cuota/EV,No encontrado en Betano,Alta,contexto premium torneo actual,usa promedios del contexto premium/API-Football,el volumen ofensivo puede variar por planteamiento y marcador temprano,
2026-08-23,18:30,Universitario vs Club Deportivo Los Chankas,,,SHOTS_ON_TARGET_TOTAL OVER.6.5,SHOTS_ON_TARGET_TOTAL OVER.6.5,SHOTS_ON_TARGET_TOTAL:OVER_6_5,78.4%,0.784000,,,,,,,Sin cuota/EV,No encontrado en Betano,Alta,contexto premium torneo actual,usa promedios del contexto premium/API-Football,el volumen ofensivo puede variar por planteamiento y marcador temprano,
2026-08-23,18:30,Universitario vs Club Deportivo Los Chankas,,,Local goles +0.5,TEAM_TOTAL_HOME OVER.0.5,TEAM_TOTAL_HOME:OVER_0_5,78.2%,0.781700,,,,,,,Sin cuota/EV,No encontrado en Betano,Alta,torneo actual,usa Poisson base con estadisticas de goles del torneo,un gol temprano o baja eficacia puede cambiar la lectura del mercado,
2026-08-23,18:30,Universitario vs Club Deportivo Los Chankas,,,Tarjetas total -4.5,CARDS_TOTALS UNDER.4.5,CARDS_TOTALS:UNDER_4_5,78.1%,0.780600,,,,,,,Sin cuota/EV,No encontrado en Betano,Alta,contexto premium torneo actual,usa promedios del contexto premium/API-Football,depende mucho del arbitro y del contexto competitivo,
2026-08-23,18:30,Universitario vs Club Deportivo Los Chankas,10Bet,,Goles +1.5,TOTALS OVER.1.5,TOTALS:OVER_1_5,75.6%,0.756000,1.22,-0.08,-0.077600,,,,EV negativo,No encontrado en Betano,Alta,torneo actual,usa Poisson base con estadisticas de goles del torneo,un gol temprano o baja eficacia puede cambiar la lectura del mercado,
2026-08-23,18:30,Universitario vs Club Deportivo Los Chankas,,,Local corners -5.5,CORNERS_HOME UNDER.5.5,CORNERS_HOME:UNDER_5_5,75.3%,0.753100,,,,,,,Sin cuota/EV,No encontrado en Betano,Alta,contexto premium torneo actual,usa promedios del contexto premium/API-Football,el volumen ofensivo puede variar por planteamiento y marcador temprano,
2026-08-23,18:30,Universitario vs Club Deportivo Los Chankas,,,DOUBLE_CHANCE 12,DOUBLE_CHANCE 12,DOUBLE_CHANCE:12,74.7%,0.747000,,,,,,,Sin cuota/EV,No encontrado en Betano,Alta,torneo actual,usa Poisson base con estadisticas de goles del torneo,riesgo propio del resultado final y variacion del modelo,
2026-08-23,18:30,Universitario vs Club Deportivo Los Chankas,,,SHOTS_TOTAL OVER.24.5,SHOTS_TOTAL OVER.24.5,SHOTS_TOTAL:OVER_24_5,70.9%,0.709000,,,,,,,Sin cuota/EV,No encontrado en Betano,Alta,contexto premium torneo actual,usa promedios del contexto premium/API-Football,el volumen ofensivo puede variar por planteamiento y marcador temprano,
2026-08-23,18:30,Universitario vs Club Deportivo Los Chankas,10Bet,,Goles -3.5,TOTALS UNDER.3.5,TOTALS:UNDER_3_5,70.8%,0.708300,1.42,0.01,0.005800,,,,EV negativo,No encontrado en Betano,Alta,torneo actual,usa Poisson base con estadisticas de goles del torneo,un gol temprano o baja eficacia puede cambiar la lectura del mercado,
2026-08-23,18:30,Universitario vs Club Deportivo Los Chankas,,,Corners total -10.5,CORNERS_TOTALS UNDER.10.5,CORNERS_TOTALS:UNDER_10_5,70.6%,0.706000,,,,,,,Sin cuota/EV,No encontrado en Betano,Alta,contexto premium torneo actual,usa promedios del contexto premium/API-Football,el volumen ofensivo puede variar por planteamiento y marcador temprano,
2026-08-23,18:30,Universitario vs Club Deportivo Los Chankas,,,Visita corners +3.5,CORNERS_AWAY OVER.3.5,CORNERS_AWAY:OVER_3_5,70.6%,0.705800,,,,,,,Sin cuota/EV,No encontrado en Betano,Alta,contexto premium torneo actual,usa promedios del contexto premium/API-Football,el volumen ofensivo puede variar por planteamiento y marcador temprano,
2026-08-23,18:30,Universitario vs Club Deportivo Los Chankas,,,Visita goles +0.5,TEAM_TOTAL_AWAY OVER.0.5,TEAM_TOTAL_AWAY:OVER_0_5,70.0%,0.700100,,,,,,,Sin cuota/EV,No encontrado en Betano,Alta,torneo actual,usa Poisson base con estadisticas de goles del torneo,un gol temprano o baja eficacia puede cambiar la lectura del mercado,
2026-08-23,18:30,Universitario vs Club Deportivo Los Chankas,,,DOUBLE_CHANCE 1X,DOUBLE_CHANCE 1X,DOUBLE_CHANCE:1X,69.9%,0.699000,,,,,,,Sin cuota/EV,No encontrado en Betano,Media,torneo actual,usa Poisson base con estadisticas de goles del torneo,riesgo propio del resultado final y variacion del modelo,
2026-08-23,18:30,Universitario vs Club Deportivo Los Chankas,,,Local tarjetas +0.5,CARDS_HOME OVER.0.5,CARDS_HOME:OVER_0_5,69.9%,0.698800,,,,,,,Sin cuota/EV,No encontrado en Betano,Media,contexto premium torneo actual,usa promedios del contexto premium/API-Football,depende mucho del arbitro y del contexto competitivo,
2026-08-23,18:30,Universitario vs Club Deportivo Los Chankas,,,Visita tarjetas -2.5,CARDS_AWAY UNDER.2.5,CARDS_AWAY:UNDER_2_5,67.7%,0.676700,,,,,,,Sin cuota/EV,No encontrado en Betano,Media,contexto premium torneo actual,usa promedios del contexto premium/API-Football,depende mucho del arbitro y del contexto competitivo,
2026-08-23,18:30,Universitario vs Club Deportivo Los Chankas,,,Corners total +7.5,CORNERS_TOTALS OVER.7.5,CORNERS_TOTALS:OVER_7_5,67.6%,0.676100,,,,,,,Sin cuota/EV,No encontrado en Betano,Media,contexto premium torneo actual,usa promedios del contexto premium/API-Football,el volumen ofensivo puede variar por planteamiento y marcador temprano,
2026-08-23,18:30,Universitario vs Club Deportivo Los Chankas,,,SHOTS_ON_TARGET_TOTAL OVER.7.5,SHOTS_ON_TARGET_TOTAL OVER.7.5,SHOTS_ON_TARGET_TOTAL:OVER_7_5,66.4%,0.664300,,,,,,,Sin cuota/EV,No encontrado en Betano,Media,contexto premium torneo actual,usa promedios del contexto premium/API-Football,el volumen ofensivo puede variar por planteamiento y marcador temprano,
2026-08-23,18:30,Universitario vs Club Deportivo Los Chankas,,,Local tarjetas -1.5,CARDS_HOME UNDER.1.5,CARDS_HOME:UNDER_1_5,66.3%,0.662600,,,,,,,Sin cuota/EV,No encontrado en Betano,Media,contexto premium torneo actual,usa promedios del contexto premium/API-Football,depende mucho del arbitro y del contexto competitivo,
2026-08-23,18:30,Universitario vs Club Deportivo Los Chankas,,,Visita goles -1.5,TEAM_TOTAL_AWAY UNDER.1.5,TEAM_TOTAL_AWAY:UNDER_1_5,66.1%,0.661000,,,,,,,Sin cuota/EV,No encontrado en Betano,Media,torneo actual,usa Poisson base con estadisticas de goles del torneo,un gol temprano o baja eficacia puede cambiar la lectura del mercado,
2026-08-23,18:30,Universitario vs Club Deportivo Los Chankas,,,Visita corners -5.5,CORNERS_AWAY UNDER.5.5,CORNERS_AWAY:UNDER_5_5,65.1%,0.651000,,,,,,,Sin cuota/EV,No encontrado en Betano,Media,contexto premium torneo actual,usa promedios del contexto premium/API-Football,el volumen ofensivo puede variar por planteamiento y marcador temprano,
2026-08-23,18:30,Universitario vs Club Deportivo Los Chankas,,,Tarjetas total +2.5,CARDS_TOTALS OVER.2.5,CARDS_TOTALS:OVER_2_5,62.0%,0.620100,,,,,,,Sin cuota/EV,No encontrado en Betano,Media,contexto premium torneo actual,usa promedios del contexto premium/API-Football,depende mucho del arbitro y del contexto competitivo,
2026-08-23,18:30,Universitario vs Club Deportivo Los Chankas,,,Local corners +3.5,CORNERS_HOME OVER.3.5,CORNERS_HOME:OVER_3_5,60.5%,0.604600,,,,,,,Sin cuota/EV,No encontrado en Betano,Media,contexto premium torneo actual,usa promedios del contexto premium/API-Football,el volumen ofensivo puede variar por planteamiento y marcador temprano,
2026-08-23,18:30,Universitario vs Club Deportivo Los Chankas,,,Tarjetas total -3.5,CARDS_TOTALS UNDER.3.5,CARDS_TOTALS:UNDER_3_5,60.2%,0.602500,,,,,,,Sin cuota/EV,No encontrado en Betano,Media,contexto premium torneo actual,usa promedios del contexto premium/API-Football,depende mucho del arbitro y del contexto competitivo,
2026-08-23,18:30,Universitario vs Club Deportivo Los Chankas,,,SHOTS_ON_TARGET_TOTAL UNDER.9.5,SHOTS_ON_TARGET_TOTAL UNDER.9.5,SHOTS_ON_TARGET_TOTAL:UNDER_9_5,60.1%,0.600600,,,,,,,Sin cuota/EV,No encontrado en Betano,Media,contexto premium torneo actual,usa promedios del contexto premium/API-Football,el volumen ofensivo puede variar por planteamiento y marcador temprano,
2026-08-23,18:30,Universitario vs Club Deportivo Los Chankas,10Bet,,DNB local,DRAW_NO_BET HOME,DRAW_NO_BET:HOME,59.7%,0.597000,1.14,-0.32,-0.319400,,,,EV negativo,No encontrado en Betano,Media,torneo actual,usa Poisson base con estadisticas de goles del torneo,riesgo propio del resultado final y variacion del modelo,
2026-08-23,18:30,Universitario vs Club Deportivo Los Chankas,,,Visita tarjetas +1.5,CARDS_AWAY OVER.1.5,CARDS_AWAY:OVER_1_5,59.4%,0.594000,,,,,,,Sin cuota/EV,No encontrado en Betano,Media,contexto premium torneo actual,usa promedios del contexto premium/API-Football,depende mucho del arbitro y del contexto competitivo,
2026-08-23,18:30,Universitario vs Club Deportivo Los Chankas,,,Local corners -4.5,CORNERS_HOME UNDER.4.5,CORNERS_HOME:UNDER_4_5,59.0%,0.589800,,,,,,,Sin cuota/EV,No encontrado en Betano,Media,contexto premium torneo actual,usa promedios del contexto premium/API-Football,el volumen ofensivo puede variar por planteamiento y marcador temprano,
2026-08-23,18:30,Universitario vs Club Deportivo Los Chankas,,,Corners total -9.5,CORNERS_TOTALS UNDER.9.5,CORNERS_TOTALS:UNDER_9_5,58.7%,0.587400,,,,,,,Sin cuota/EV,No encontrado en Betano,Media,contexto premium torneo actual,usa promedios del contexto premium/API-Football,el volumen ofensivo puede variar por planteamiento y marcador temprano,
2026-08-23,18:30,Universitario vs Club Deportivo Los Chankas,,,SHOTS_TOTAL OVER.26.5,SHOTS_TOTAL OVER.26.5,SHOTS_TOTAL:OVER_26_5,56.4%,0.563500,,,,,,,Sin cuota/EV,No encontrado en Betano,Media,contexto premium torneo actual,usa promedios del contexto premium/API-Football,el volumen ofensivo puede variar por planteamiento y marcador temprano,
2026-08-23,18:30,Universitario vs Club Deportivo Los Chankas,,,DOUBLE_CHANCE X2,DOUBLE_CHANCE X2,DOUBLE_CHANCE:X2,55.4%,0.554000,,,,,,,Sin cuota/EV,No encontrado en Betano,Media,torneo actual,usa Poisson base con estadisticas de goles del torneo,riesgo propio del resultado final y variacion del modelo,
2026-08-23,18:30,Universitario vs Club Deportivo Los Chankas,,,Local goles -1.5,TEAM_TOTAL_HOME UNDER.1.5,TEAM_TOTAL_HOME:UNDER_1_5,55.1%,0.550600,,,,,,,Sin cuota/EV,No encontrado en Betano,Media,torneo actual,usa Poisson base con estadisticas de goles del torneo,un gol temprano o baja eficacia puede cambiar la lectura del mercado,
2026-08-23,18:30,Universitario vs Club Deportivo Los Chankas,10Bet,,BTTS sí,BTTS YES,BTTS:YES,54.7%,0.547300,4.75,1.60,1.599600,,,,EV positivo,No encontrado en Betano,Baja,torneo actual,usa Poisson base con estadisticas de goles del torneo,un gol temprano o baja eficacia puede cambiar la lectura del mercado,
2026-08-23,18:30,Universitario vs Club Deportivo Los Chankas,10Bet,,Corners total +8.5,CORNERS_TOTALS OVER.8.5,CORNERS_TOTALS:OVER_8_5,54.4%,0.544300,1.80,-0.02,-0.020200,,,,EV negativo,No encontrado en Betano,Baja,contexto premium torneo actual,usa promedios del contexto premium/API-Football,el volumen ofensivo puede variar por planteamiento y marcador temprano,
2026-08-23,18:30,Universitario vs Club Deportivo Los Chankas,,,SHOTS_ON_TARGET_TOTAL OVER.8.5,SHOTS_ON_TARGET_TOTAL OVER.8.5,SHOTS_ON_TARGET_TOTAL:OVER_8_5,53.1%,0.531100,,,,,,,Sin cuota/EV,No encontrado en Betano,Baja,contexto premium torneo actual,usa promedios del contexto premium/API-Football,el volumen ofensivo puede variar por planteamiento y marcador temprano,
2026-08-23,18:30,Universitario vs Club Deportivo Los Chankas,,,Visita corners +4.5,CORNERS_AWAY OVER.4.5,CORNERS_AWAY:OVER_4_5,52.4%,0.523700,,,,,,,Sin cuota/EV,No encontrado en Betano,Baja,contexto premium torneo actual,usa promedios del contexto premium/API-Football,el volumen ofensivo puede variar por planteamiento y marcador temprano,
2026-08-23,18:30,Universitario vs Club Deportivo Los Chankas,10Bet,,Goles +2.5,TOTALS OVER.2.5,TOTALS:OVER_2_5,51.3%,0.512800,1.70,-0.13,-0.128300,,,,EV negativo,No encontrado en Betano,Baja,torneo actual,usa Poisson base con estadisticas de goles del torneo,un gol temprano o baja eficacia puede cambiar la lectura del mercado,
2026-08-23,18:30,Universitario vs Club Deportivo Los Chankas,10Bet,,1T +1.5,FIRST_HALF_TOTALS OVER.1.5,FIRST_HALF_TOTALS:OVER_1_5,50.7%,0.506800,15.00,6.60,6.601300,,,,EV positivo,No encontrado en Betano,Baja,contexto premium torneo actual,usa promedios del contexto premium/API-Football,el primer tiempo puede tener ritmo bajo o rotaciones,
2026-08-23,18:30,Universitario vs Club Deportivo Los Chankas,10Bet,,1T -1.5,FIRST_HALF_TOTALS UNDER.1.5,FIRST_HALF_TOTALS:UNDER_1_5,49.3%,0.493200,1.02,-0.50,-0.496900,,,,EV negativo,No encontrado en Betano,Baja,contexto premium torneo actual,usa promedios del contexto premium/API-Football,el primer tiempo puede tener ritmo bajo o rotaciones,
2026-08-23,18:30,Universitario vs Club Deportivo Los Chankas,10Bet,,Goles -2.5,TOTALS UNDER.2.5,TOTALS:UNDER_2_5,48.7%,0.487200,2.10,0.02,0.023200,,,,EV positivo,No encontrado en Betano,Baja,torneo actual,usa Poisson base con estadisticas de goles del torneo,un gol temprano o baja eficacia puede cambiar la lectura del mercado,
2026-08-23,18:30,Universitario vs Club Deportivo Los Chankas,,,Visita corners -4.5,CORNERS_AWAY UNDER.4.5,CORNERS_AWAY:UNDER_4_5,47.6%,0.476300,,,,,,,Sin cuota/EV,No encontrado en Betano,Baja,contexto premium torneo actual,usa promedios del contexto premium/API-Football,el volumen ofensivo puede variar por planteamiento y marcador temprano,
2026-08-23,18:30,Universitario vs Club Deportivo Los Chankas,,,SHOTS_ON_TARGET_TOTAL UNDER.8.5,SHOTS_ON_TARGET_TOTAL UNDER.8.5,SHOTS_ON_TARGET_TOTAL:UNDER_8_5,46.9%,0.468900,,,,,,,Sin cuota/EV,No encontrado en Betano,Baja,contexto premium torneo actual,usa promedios del contexto premium/API-Football,el volumen ofensivo puede variar por planteamiento y marcador temprano,
2026-08-23,18:30,Universitario vs Club Deportivo Los Chankas,10Bet,,Corners total -8.5,CORNERS_TOTALS UNDER.8.5,CORNERS_TOTALS:UNDER_8_5,45.6%,0.455700,1.91,-0.13,-0.129700,,,,EV negativo,No encontrado en Betano,Baja,contexto premium torneo actual,usa promedios del contexto premium/API-Football,el volumen ofensivo puede variar por planteamiento y marcador temprano,
2026-08-23,18:30,Universitario vs Club Deportivo Los Chankas,10Bet,,BTTS no,BTTS NO,BTTS:NO,45.3%,0.452700,1.15,-0.48,-0.479400,,,,EV negativo,No encontrado en Betano,Baja,torneo actual,usa Poisson base con estadisticas de goles del torneo,un gol temprano o baja eficacia puede cambiar la lectura del mercado,
2026-08-23,18:30,Universitario vs Club Deportivo Los Chankas,,,Local goles +1.5,TEAM_TOTAL_HOME OVER.1.5,TEAM_TOTAL_HOME:OVER_1_5,44.9%,0.449400,,,,,,,Sin cuota/EV,No encontrado en Betano,Baja,torneo actual,usa Poisson base con estadisticas de goles del torneo,un gol temprano o baja eficacia puede cambiar la lectura del mercado,
2026-08-23,18:30,Universitario vs Club Deportivo Los Chankas,10Bet,,Gana local,1X2 HOME,1X2:HOME,44.6%,0.446000,2.30,0.03,0.025700,,,,EV positivo,No encontrado en Betano,Baja,torneo actual,usa Poisson base con estadisticas de goles del torneo,riesgo propio del resultado final y variacion del modelo,
2026-08-23,18:30,Universitario vs Club Deportivo Los Chankas,,,SHOTS_TOTAL UNDER.26.5,SHOTS_TOTAL UNDER.26.5,SHOTS_TOTAL:UNDER_26_5,43.6%,0.436500,,,,,,,Sin cuota/EV,No encontrado en Betano,Baja,contexto premium torneo actual,usa promedios del contexto premium/API-Football,el volumen ofensivo puede variar por planteamiento y marcador temprano,
2026-08-23,18:30,Universitario vs Club Deportivo Los Chankas,,,Corners total +9.5,CORNERS_TOTALS OVER.9.5,CORNERS_TOTALS:OVER_9_5,41.3%,0.412600,,,,,,,Sin cuota/EV,No encontrado en Betano,Baja,contexto premium torneo actual,usa promedios del contexto premium/API-Football,el volumen ofensivo puede variar por planteamiento y marcador temprano,
2026-08-23,18:30,Universitario vs Club Deportivo Los Chankas,,,Local corners +4.5,CORNERS_HOME OVER.4.5,CORNERS_HOME:OVER_4_5,41.0%,0.410200,,,,,,,Sin cuota/EV,No encontrado en Betano,Baja,contexto premium torneo actual,usa promedios del contexto premium/API-Football,el volumen ofensivo puede variar por planteamiento y marcador temprano,
2026-08-23,18:30,Universitario vs Club Deportivo Los Chankas,,,Visita tarjetas -1.5,CARDS_AWAY UNDER.1.5,CARDS_AWAY:UNDER_1_5,40.6%,0.406000,,,,,,,Sin cuota/EV,No encontrado en Betano,Baja,contexto premium torneo actual,usa promedios del contexto premium/API-Football,depende mucho del arbitro y del contexto competitivo,
2026-08-23,18:30,Universitario vs Club Deportivo Los Chankas,10Bet,,DNB visita,DRAW_NO_BET AWAY,DRAW_NO_BET:AWAY,40.3%,0.403000,5.00,1.01,1.014800,,,,EV positivo,No encontrado en Betano,Baja,torneo actual,usa Poisson base con estadisticas de goles del torneo,riesgo propio del resultado final y variacion del modelo,
2026-08-23,18:30,Universitario vs Club Deportivo Los Chankas,,,SHOTS_ON_TARGET_TOTAL OVER.9.5,SHOTS_ON_TARGET_TOTAL OVER.9.5,SHOTS_ON_TARGET_TOTAL:OVER_9_5,39.9%,0.399400,,,,,,,Sin cuota/EV,No encontrado en Betano,Baja,contexto premium torneo actual,usa promedios del contexto premium/API-Football,el volumen ofensivo puede variar por planteamiento y marcador temprano,
2026-08-23,18:30,Universitario vs Club Deportivo Los Chankas,,,Tarjetas total +3.5,CARDS_TOTALS OVER.3.5,CARDS_TOTALS:OVER_3_5,39.8%,0.397500,,,,,,,Sin cuota/EV,No encontrado en Betano,Baja,contexto premium torneo actual,usa promedios del contexto premium/API-Football,depende mucho del arbitro y del contexto competitivo,
2026-08-23,18:30,Universitario vs Club Deportivo Los Chankas,,,Local corners -3.5,CORNERS_HOME UNDER.3.5,CORNERS_HOME:UNDER_3_5,39.5%,0.395400,,,,,,,Sin cuota/EV,No encontrado en Betano,Baja,contexto premium torneo actual,usa promedios del contexto premium/API-Football,el volumen ofensivo puede variar por planteamiento y marcador temprano,
2026-08-23,18:30,Universitario vs Club Deportivo Los Chankas,,,Tarjetas total -2.5,CARDS_TOTALS UNDER.2.5,CARDS_TOTALS:UNDER_2_5,38.0%,0.379900,,,,,,,Sin cuota/EV,No encontrado en Betano,Baja,contexto premium torneo actual,usa promedios del contexto premium/API-Football,depende mucho del arbitro y del contexto competitivo,
2026-08-23,18:30,Universitario vs Club Deportivo Los Chankas,,,Visita corners +5.5,CORNERS_AWAY OVER.5.5,CORNERS_AWAY:OVER_5_5,34.9%,0.349000,,,,,,,Sin cuota/EV,No encontrado en Betano,Baja,contexto premium torneo actual,usa promedios del contexto premium/API-Football,el volumen ofensivo puede variar por planteamiento y marcador temprano,
2026-08-23,18:30,Universitario vs Club Deportivo Los Chankas,,,Visita goles +1.5,TEAM_TOTAL_AWAY OVER.1.5,TEAM_TOTAL_AWAY:OVER_1_5,33.9%,0.339000,,,,,,,Sin cuota/EV,No encontrado en Betano,Baja,torneo actual,usa Poisson base con estadisticas de goles del torneo,un gol temprano o baja eficacia puede cambiar la lectura del mercado,
2026-08-23,18:30,Universitario vs Club Deportivo Los Chankas,,,Local tarjetas +1.5,CARDS_HOME OVER.1.5,CARDS_HOME:OVER_1_5,33.7%,0.337400,,,,,,,Sin cuota/EV,No encontrado en Betano,Baja,contexto premium torneo actual,usa promedios del contexto premium/API-Football,depende mucho del arbitro y del contexto competitivo,
2026-08-23,18:30,Universitario vs Club Deportivo Los Chankas,,,SHOTS_ON_TARGET_TOTAL UNDER.7.5,SHOTS_ON_TARGET_TOTAL UNDER.7.5,SHOTS_ON_TARGET_TOTAL:UNDER_7_5,33.6%,0.335700,,,,,,,Sin cuota/EV,No encontrado en Betano,Baja,contexto premium torneo actual,usa promedios del contexto premium/API-Football,el volumen ofensivo puede variar por planteamiento y marcador temprano,
2026-08-23,18:30,Universitario vs Club Deportivo Los Chankas,,,Corners total -7.5,CORNERS_TOTALS UNDER.7.5,CORNERS_TOTALS:UNDER_7_5,32.4%,0.323900,,,,,,,Sin cuota/EV,No encontrado en Betano,Baja,contexto premium torneo actual,usa promedios del contexto premium/API-Football,el volumen ofensivo puede variar por planteamiento y marcador temprano,
2026-08-23,18:30,Universitario vs Club Deportivo Los Chankas,,,Visita tarjetas +2.5,CARDS_AWAY OVER.2.5,CARDS_AWAY:OVER_2_5,32.3%,0.323300,,,,,,,Sin cuota/EV,No encontrado en Betano,Baja,contexto premium torneo actual,usa promedios del contexto premium/API-Football,depende mucho del arbitro y del contexto competitivo,
2026-08-23,18:30,Universitario vs Club Deportivo Los Chankas,,,Local tarjetas -0.5,CARDS_HOME UNDER.0.5,CARDS_HOME:UNDER_0_5,30.1%,0.301200,,,,,,,Sin cuota/EV,No encontrado en Betano,Baja,contexto premium torneo actual,usa promedios del contexto premium/API-Football,depende mucho del arbitro y del contexto competitivo,
2026-08-23,18:30,Universitario vs Club Deportivo Los Chankas,10Bet,,Gana visita,1X2 AWAY,1X2:AWAY,30.1%,0.301000,8.50,1.56,1.558500,,,,EV positivo,No encontrado en Betano,Baja,torneo actual,usa Poisson base con estadisticas de goles del torneo,riesgo propio del resultado final y variacion del modelo,
2026-08-23,18:30,Universitario vs Club Deportivo Los Chankas,,,Visita goles -0.5,TEAM_TOTAL_AWAY UNDER.0.5,TEAM_TOTAL_AWAY:UNDER_0_5,30.0%,0.299900,,,,,,,Sin cuota/EV,No encontrado en Betano,Baja,torneo actual,usa Poisson base con estadisticas de goles del torneo,un gol temprano o baja eficacia puede cambiar la lectura del mercado,
2026-08-23,18:30,Universitario vs Club Deportivo Los Chankas,,,Visita corners -3.5,CORNERS_AWAY UNDER.3.5,CORNERS_AWAY:UNDER_3_5,29.4%,0.294200,,,,,,,Sin cuota/EV,No encontrado en Betano,Baja,contexto premium torneo actual,usa promedios del contexto premium/API-Football,el volumen ofensivo puede variar por planteamiento y marcador temprano,
2026-08-23,18:30,Universitario vs Club Deportivo Los Chankas,,,Corners total +10.5,CORNERS_TOTALS OVER.10.5,CORNERS_TOTALS:OVER_10_5,29.4%,0.294000,,,,,,,Sin cuota/EV,No encontrado en Betano,Baja,contexto premium torneo actual,usa promedios del contexto premium/API-Football,el volumen ofensivo puede variar por planteamiento y marcador temprano,
2026-08-23,18:30,Universitario vs Club Deportivo Los Chankas,10Bet,,Goles +3.5,TOTALS OVER.3.5,TOTALS:OVER_3_5,29.2%,0.291700,2.80,-0.18,-0.183300,,,,EV negativo,No encontrado en Betano,Baja,torneo actual,usa Poisson base con estadisticas de goles del torneo,un gol temprano o baja eficacia puede cambiar la lectura del mercado,
2026-08-23,18:30,Universitario vs Club Deportivo Los Chankas,,,SHOTS_TOTAL UNDER.24.5,SHOTS_TOTAL UNDER.24.5,SHOTS_TOTAL:UNDER_24_5,29.1%,0.291000,,,,,,,Sin cuota/EV,No encontrado en Betano,Baja,contexto premium torneo actual,usa promedios del contexto premium/API-Football,el volumen ofensivo puede variar por planteamiento y marcador temprano,
2026-08-23,18:30,Universitario vs Club Deportivo Los Chankas,10Bet,,Empate,1X2 DRAW,1X2:DRAW,25.3%,0.253000,1.90,-0.52,-0.519300,,,,EV negativo,No encontrado en Betano,Baja,torneo actual,usa Poisson base con estadisticas de goles del torneo,riesgo propio del resultado final y variacion del modelo,
2026-08-23,18:30,Universitario vs Club Deportivo Los Chankas,,,Local corners +5.5,CORNERS_HOME OVER.5.5,CORNERS_HOME:OVER_5_5,24.7%,0.246900,,,,,,,Sin cuota/EV,No encontrado en Betano,Baja,contexto premium torneo actual,usa promedios del contexto premium/API-Football,el volumen ofensivo puede variar por planteamiento y marcador temprano,
2026-08-23,18:30,Universitario vs Club Deportivo Los Chankas,10Bet,,Goles -1.5,TOTALS UNDER.1.5,TOTALS:UNDER_1_5,24.4%,0.244000,4.20,0.02,0.024600,,,,EV positivo,No encontrado en Betano,Baja,torneo actual,usa Poisson base con estadisticas de goles del torneo,un gol temprano o baja eficacia puede cambiar la lectura del mercado,
2026-08-23,18:30,Universitario vs Club Deportivo Los Chankas,,,Tarjetas total +4.5,CARDS_TOTALS OVER.4.5,CARDS_TOTALS:OVER_4_5,21.9%,0.219400,,,,,,,Sin cuota/EV,No encontrado en Betano,Baja,contexto premium torneo actual,usa promedios del contexto premium/API-Football,depende mucho del arbitro y del contexto competitivo,
2026-08-23,18:30,Universitario vs Club Deportivo Los Chankas,,,Local goles -0.5,TEAM_TOTAL_HOME UNDER.0.5,TEAM_TOTAL_HOME:UNDER_0_5,21.8%,0.218300,,,,,,,Sin cuota/EV,No encontrado en Betano,Baja,torneo actual,usa Poisson base con estadisticas de goles del torneo,un gol temprano o baja eficacia puede cambiar la lectura del mercado,
2026-08-23,18:30,Universitario vs Club Deportivo Los Chankas,,,SHOTS_ON_TARGET_TOTAL UNDER.6.5,SHOTS_ON_TARGET_TOTAL UNDER.6.5,SHOTS_ON_TARGET_TOTAL:UNDER_6_5,21.6%,0.216000,,,,,,,Sin cuota/EV,No encontrado en Betano,Baja,contexto premium torneo actual,usa promedios del contexto premium/API-Football,el volumen ofensivo puede variar por planteamiento y marcador temprano,
2026-08-23,18:30,Universitario vs Club Deportivo Los Chankas,,,Visita corners +6.5,CORNERS_AWAY OVER.6.5,CORNERS_AWAY:OVER_6_5,20.9%,0.209200,,,,,,,Sin cuota/EV,No encontrado en Betano,Baja,contexto premium torneo actual,usa promedios del contexto premium/API-Football,el volumen ofensivo puede variar por planteamiento y marcador temprano,
2026-08-23,18:30,Universitario vs Club Deportivo Los Chankas,,,Corners total +11.5,CORNERS_TOTALS OVER.11.5,CORNERS_TOTALS:OVER_11_5,19.7%,0.197000,,,,,,,Sin cuota/EV,No encontrado en Betano,Baja,contexto premium torneo actual,usa promedios del contexto premium/API-Football,el volumen ofensivo puede variar por planteamiento y marcador temprano,
2026-08-23,18:30,Universitario vs Club Deportivo Los Chankas,,,Local goles +2.5,TEAM_TOTAL_HOME OVER.2.5,TEAM_TOTAL_HOME:OVER_2_5,19.7%,0.196600,,,,,,,Sin cuota/EV,No encontrado en Betano,Baja,torneo actual,usa Poisson base con estadisticas de goles del torneo,un gol temprano o baja eficacia puede cambiar la lectura del mercado,
2026-08-23,18:30,Universitario vs Club Deportivo Los Chankas,10Bet,,1T -0.5,FIRST_HALF_TOTALS UNDER.0.5,FIRST_HALF_TOTALS:UNDER_0_5,18.3%,0.182700,1.28,-0.77,-0.766200,,,,EV negativo,No encontrado en Betano,Baja,contexto premium torneo actual,usa promedios del contexto premium/API-Football,el primer tiempo puede tener ritmo bajo o rotaciones,
2026-08-23,18:30,Universitario vs Club Deportivo Los Chankas,,,SHOTS_TOTAL UNDER.22.5,SHOTS_TOTAL UNDER.22.5,SHOTS_TOTAL:UNDER_22_5,17.1%,0.170600,,,,,,,Sin cuota/EV,No encontrado en Betano,Baja,contexto premium torneo actual,usa promedios del contexto premium/API-Football,el volumen ofensivo puede variar por planteamiento y marcador temprano,
2026-08-23,18:30,Universitario vs Club Deportivo Los Chankas,,,Visita tarjetas +3.5,CARDS_AWAY OVER.3.5,CARDS_AWAY:OVER_3_5,14.3%,0.142900,,,,,,,Sin cuota/EV,No encontrado en Betano,Baja,contexto premium torneo actual,usa promedios del contexto premium/API-Football,depende mucho del arbitro y del contexto competitivo,
2026-08-23,18:30,Universitario vs Club Deportivo Los Chankas,,,Visita tarjetas -0.5,CARDS_AWAY UNDER.0.5,CARDS_AWAY:UNDER_0_5,13.5%,0.135300,,,,,,,Sin cuota/EV,No encontrado en Betano,Baja,contexto premium torneo actual,usa promedios del contexto premium/API-Football,depende mucho del arbitro y del contexto competitivo,
2026-08-23,18:30,Universitario vs Club Deportivo Los Chankas,,,Local corners +6.5,CORNERS_HOME OVER.6.5,CORNERS_HOME:OVER_6_5,13.2%,0.132500,,,,,,,Sin cuota/EV,No encontrado en Betano,Baja,contexto premium torneo actual,usa promedios del contexto premium/API-Football,el volumen ofensivo puede variar por planteamiento y marcador temprano,
2026-08-23,18:30,Universitario vs Club Deportivo Los Chankas,,,Visita goles +2.5,TEAM_TOTAL_AWAY OVER.2.5,TEAM_TOTAL_AWAY:OVER_2_5,12.2%,0.121500,,,,,,,Sin cuota/EV,No encontrado en Betano,Baja,torneo actual,usa Poisson base con estadisticas de goles del torneo,un gol temprano o baja eficacia puede cambiar la lectura del mercado,
2026-08-23,18:30,Universitario vs Club Deportivo Los Chankas,,,Local tarjetas +2.5,CARDS_HOME OVER.2.5,CARDS_HOME:OVER_2_5,12.0%,0.120500,,,,,,,Sin cuota/EV,No encontrado en Betano,Baja,contexto premium torneo actual,usa promedios del contexto premium/API-Football,depende mucho del arbitro y del contexto competitivo,
2026-08-23,18:30,Universitario vs Club Deportivo Los Chankas,,,Tarjetas total +5.5,CARDS_TOTALS OVER.5.5,CARDS_TOTALS:OVER_5_5,10.5%,0.105400,,,,,,,Sin cuota/EV,No encontrado en Betano,Baja,contexto premium torneo actual,usa promedios del contexto premium/API-Football,depende mucho del arbitro y del contexto competitivo,
2026-08-23,18:30,Universitario vs Club Deportivo Los Chankas,,,SHOTS_TOTAL UNDER.20.5,SHOTS_TOTAL UNDER.20.5,SHOTS_TOTAL:UNDER_20_5,8.6%,0.086100,,,,,,,Sin cuota/EV,No encontrado en Betano,Baja,contexto premium torneo actual,usa promedios del contexto premium/API-Football,el volumen ofensivo puede variar por planteamiento y marcador temprano,
2026-08-23,18:30,Universitario vs Club Deportivo Los Chankas,,,Tarjetas total +6.5,CARDS_TOTALS OVER.6.5,CARDS_TOTALS:OVER_6_5,4.5%,0.044600,,,,,,,Sin cuota/EV,No encontrado en Betano,Baja,contexto premium torneo actual,usa promedios del contexto premium/API-Football,depende mucho del arbitro y del contexto competitivo,
2026-08-23,18:30,Universitario vs Club Deportivo Los Chankas,,,SHOTS_TOTAL UNDER.18.5,SHOTS_TOTAL UNDER.18.5,SHOTS_TOTAL:UNDER_18_5,3.7%,0.036600,,,,,,,Sin cuota/EV,No encontrado en Betano,Baja,contexto premium torneo actual,usa promedios del contexto premium/API-Football,el volumen ofensivo puede variar por planteamiento y marcador temprano,
2026-08-23,18:30,Universitario vs Club Deportivo Los Chankas,,,Local tarjetas +3.5,CARDS_HOME OVER.3.5,CARDS_HOME:OVER_3_5,3.4%,0.033800,,,,,,,Sin cuota/EV,No encontrado en Betano,Baja,contexto premium torneo actual,usa promedios del contexto premium/API-Football,depende mucho del arbitro y del contexto competitivo,
