fecha,hora,partido,bookmaker_api,bookmaker_betano,pick,market_original,key,probabilidad,prob_num,cuota_api,ev_api,ev_api_num,cuota_betano,ev_betano,ev_betano_num,estado_api,estado_betano,confianza,fuente,razon,riesgo,betano_url
2026-08-20,17:00,LDU de Quito vs Mirassol,,,SHOTS_TOTAL OVER.18.5,SHOTS_TOTAL OVER.18.5,SHOTS_TOTAL:OVER_18_5,92.3%,0.922700,,,,,,,Sin cuota/EV,No encontrado en Betano,Alta,contexto premium torneo actual,usa promedios del contexto premium/API-Football,el volumen ofensivo puede variar por planteamiento y marcador temprano,
2026-08-20,17:00,LDU de Quito vs Mirassol,,,Visita goles -2.5,TEAM_TOTAL_AWAY UNDER.2.5,TEAM_TOTAL_AWAY:UNDER_2_5,92.0%,0.919700,,,,,,,Sin cuota/EV,No encontrado en Betano,Alta,torneo actual,usa Poisson base con estadisticas de goles del torneo,un gol temprano o baja eficacia puede cambiar la lectura del mercado,
2026-08-20,17:00,LDU de Quito vs Mirassol,,,Local tarjetas +0.5,CARDS_HOME OVER.0.5,CARDS_HOME:OVER_0_5,90.9%,0.909300,,,,,,,Sin cuota/EV,No encontrado en Betano,Alta,contexto premium torneo actual,usa promedios del contexto premium/API-Football,depende mucho del arbitro y del contexto competitivo,
2026-08-20,17:00,LDU de Quito vs Mirassol,,,Local goles -2.5,TEAM_TOTAL_HOME UNDER.2.5,TEAM_TOTAL_HOME:UNDER_2_5,90.4%,0.904400,,,,,,,Sin cuota/EV,No encontrado en Betano,Alta,torneo actual,usa Poisson base con estadisticas de goles del torneo,un gol temprano o baja eficacia puede cambiar la lectura del mercado,
2026-08-20,17:00,LDU de Quito vs Mirassol,,,Visita tarjetas +0.5,CARDS_AWAY OVER.0.5,CARDS_AWAY:OVER_0_5,88.9%,0.889200,,,,,,,Sin cuota/EV,No encontrado en Betano,Alta,contexto premium torneo actual,usa promedios del contexto premium/API-Football,depende mucho del arbitro y del contexto competitivo,
2026-08-20,17:00,LDU de Quito vs Mirassol,10Bet,,Local corners -6.5,CORNERS_HOME UNDER.6.5,CORNERS_HOME:UNDER_6_5,86.8%,0.867500,1.60,0.39,0.387900,,,,EV positivo,No encontrado en Betano,Alta,contexto premium torneo actual,usa promedios del contexto premium/API-Football,el volumen ofensivo puede variar por planteamiento y marcador temprano,
2026-08-20,17:00,LDU de Quito vs Mirassol,10Bet,,Goles -3.5,TOTALS UNDER.3.5,TOTALS:UNDER_3_5,84.2%,0.842400,1.25,0.05,0.053000,,,,EV positivo,No encontrado en Betano,Alta,torneo actual,usa Poisson base con estadisticas de goles del torneo,un gol temprano o baja eficacia puede cambiar la lectura del mercado,
2026-08-20,17:00,LDU de Quito vs Mirassol,,,SHOTS_TOTAL OVER.20.5,SHOTS_TOTAL OVER.20.5,SHOTS_TOTAL:OVER_20_5,83.9%,0.839200,,,,,,,Sin cuota/EV,No encontrado en Betano,Alta,contexto premium torneo actual,usa promedios del contexto premium/API-Football,el volumen ofensivo puede variar por planteamiento y marcador temprano,
2026-08-20,17:00,LDU de Quito vs Mirassol,,,Tarjetas total +2.5,CARDS_TOTALS OVER.2.5,CARDS_TOTALS:OVER_2_5,83.7%,0.837400,,,,,,,Sin cuota/EV,No encontrado en Betano,Alta,contexto premium torneo actual,usa promedios del contexto premium/API-Football,depende mucho del arbitro y del contexto competitivo,
2026-08-20,17:00,LDU de Quito vs Mirassol,10Bet,,Visita corners +3.5,CORNERS_AWAY OVER.3.5,CORNERS_AWAY:OVER_3_5,82.0%,0.820000,1.85,0.52,0.516900,,,,EV positivo,No encontrado en Betano,Alta,contexto premium torneo actual,usa promedios del contexto premium/API-Football,el volumen ofensivo puede variar por planteamiento y marcador temprano,
2026-08-20,17:00,LDU de Quito vs Mirassol,,,Visita tarjetas -3.5,CARDS_AWAY UNDER.3.5,CARDS_AWAY:UNDER_3_5,81.9%,0.819400,,,,,,,Sin cuota/EV,No encontrado en Betano,Alta,contexto premium torneo actual,usa promedios del contexto premium/API-Football,depende mucho del arbitro y del contexto competitivo,
2026-08-20,17:00,LDU de Quito vs Mirassol,,,Tarjetas total -6.5,CARDS_TOTALS UNDER.6.5,CARDS_TOTALS:UNDER_6_5,81.8%,0.818000,,,,,,,Sin cuota/EV,No encontrado en Betano,Alta,contexto premium torneo actual,usa promedios del contexto premium/API-Football,depende mucho del arbitro y del contexto competitivo,
2026-08-20,17:00,LDU de Quito vs Mirassol,10Bet,,1T -1.5,FIRST_HALF_TOTALS UNDER.1.5,FIRST_HALF_TOTALS:UNDER_1_5,80.9%,0.808800,1.17,-0.05,-0.053700,,,,EV negativo,No encontrado en Betano,Alta,contexto premium torneo actual,usa promedios del contexto premium/API-Football,el primer tiempo puede tener ritmo bajo o rotaciones,
2026-08-20,17:00,LDU de Quito vs Mirassol,,,Local tarjetas -3.5,CARDS_HOME UNDER.3.5,CARDS_HOME:UNDER_3_5,77.9%,0.778700,,,,,,,Sin cuota/EV,No encontrado en Betano,Alta,contexto premium torneo actual,usa promedios del contexto premium/API-Football,depende mucho del arbitro y del contexto competitivo,
2026-08-20,17:00,LDU de Quito vs Mirassol,,,Corners total +7.5,CORNERS_TOTALS OVER.7.5,CORNERS_TOTALS:OVER_7_5,77.1%,0.770600,,,,,,,Sin cuota/EV,No encontrado en Betano,Alta,contexto premium torneo actual,usa promedios del contexto premium/API-Football,el volumen ofensivo puede variar por planteamiento y marcador temprano,
2026-08-20,17:00,LDU de Quito vs Mirassol,10Bet,,Local corners -5.5,CORNERS_HOME UNDER.5.5,CORNERS_HOME:UNDER_5_5,75.3%,0.753100,2.05,0.54,0.543900,,,,EV positivo,No encontrado en Betano,Alta,contexto premium torneo actual,usa promedios del contexto premium/API-Football,el volumen ofensivo puede variar por planteamiento y marcador temprano,
2026-08-20,17:00,LDU de Quito vs Mirassol,,,Visita goles -1.5,TEAM_TOTAL_AWAY UNDER.1.5,TEAM_TOTAL_AWAY:UNDER_1_5,73.6%,0.735800,,,,,,,Sin cuota/EV,No encontrado en Betano,Alta,torneo actual,usa Poisson base con estadisticas de goles del torneo,un gol temprano o baja eficacia puede cambiar la lectura del mercado,
2026-08-20,17:00,LDU de Quito vs Mirassol,,,SHOTS_ON_TARGET_TOTAL UNDER.9.5,SHOTS_ON_TARGET_TOTAL UNDER.9.5,SHOTS_ON_TARGET_TOTAL:UNDER_9_5,71.7%,0.716600,,,,,,,Sin cuota/EV,No encontrado en Betano,Alta,contexto premium torneo actual,usa promedios del contexto premium/API-Football,el volumen ofensivo puede variar por planteamiento y marcador temprano,
2026-08-20,17:00,LDU de Quito vs Mirassol,,,SHOTS_TOTAL OVER.22.5,SHOTS_TOTAL OVER.22.5,SHOTS_TOTAL:OVER_22_5,71.7%,0.716500,,,,,,,Sin cuota/EV,No encontrado en Betano,Alta,contexto premium torneo actual,usa promedios del contexto premium/API-Football,el volumen ofensivo puede variar por planteamiento y marcador temprano,
2026-08-20,17:00,LDU de Quito vs Mirassol,,,Corners total -11.5,CORNERS_TOTALS UNDER.11.5,CORNERS_TOTALS:UNDER_11_5,70.8%,0.708100,,,,,,,Sin cuota/EV,No encontrado en Betano,Alta,contexto premium torneo actual,usa promedios del contexto premium/API-Football,el volumen ofensivo puede variar por planteamiento y marcador temprano,
2026-08-20,17:00,LDU de Quito vs Mirassol,,,Local goles -1.5,TEAM_TOTAL_HOME UNDER.1.5,TEAM_TOTAL_HOME:UNDER_1_5,70.6%,0.706400,,,,,,,Sin cuota/EV,No encontrado en Betano,Alta,torneo actual,usa Poisson base con estadisticas de goles del torneo,un gol temprano o baja eficacia puede cambiar la lectura del mercado,
2026-08-20,17:00,LDU de Quito vs Mirassol,,,DOUBLE_CHANCE 12,DOUBLE_CHANCE 12,DOUBLE_CHANCE:12,69.9%,0.699000,,,,,,,Sin cuota/EV,No encontrado en Betano,Media,torneo actual,usa Poisson base con estadisticas de goles del torneo,riesgo propio del resultado final y variacion del modelo,
2026-08-20,17:00,LDU de Quito vs Mirassol,,,Local tarjetas +1.5,CARDS_HOME OVER.1.5,CARDS_HOME:OVER_1_5,69.2%,0.691600,,,,,,,Sin cuota/EV,No encontrado en Betano,Media,contexto premium torneo actual,usa promedios del contexto premium/API-Football,depende mucho del arbitro y del contexto competitivo,
2026-08-20,17:00,LDU de Quito vs Mirassol,,,SHOTS_ON_TARGET_TOTAL OVER.6.5,SHOTS_ON_TARGET_TOTAL OVER.6.5,SHOTS_ON_TARGET_TOTAL:OVER_6_5,68.7%,0.686600,,,,,,,Sin cuota/EV,No encontrado en Betano,Media,contexto premium torneo actual,usa promedios del contexto premium/API-Football,el volumen ofensivo puede variar por planteamiento y marcador temprano,
2026-08-20,17:00,LDU de Quito vs Mirassol,,,Tarjetas total -5.5,CARDS_TOTALS UNDER.5.5,CARDS_TOTALS:UNDER_5_5,68.6%,0.685800,,,,,,,Sin cuota/EV,No encontrado en Betano,Media,contexto premium torneo actual,usa promedios del contexto premium/API-Football,depende mucho del arbitro y del contexto competitivo,
2026-08-20,17:00,LDU de Quito vs Mirassol,,,Tarjetas total +3.5,CARDS_TOTALS OVER.3.5,CARDS_TOTALS:OVER_3_5,67.4%,0.674300,,,,,,,Sin cuota/EV,No encontrado en Betano,Media,contexto premium torneo actual,usa promedios del contexto premium/API-Football,depende mucho del arbitro y del contexto competitivo,
2026-08-20,17:00,LDU de Quito vs Mirassol,,,Visita corners +4.5,CORNERS_AWAY OVER.4.5,CORNERS_AWAY:OVER_4_5,67.3%,0.672800,,,,,,,Sin cuota/EV,No encontrado en Betano,Media,contexto premium torneo actual,usa promedios del contexto premium/API-Football,el volumen ofensivo puede variar por planteamiento y marcador temprano,
2026-08-20,17:00,LDU de Quito vs Mirassol,,,DOUBLE_CHANCE 1X,DOUBLE_CHANCE 1X,DOUBLE_CHANCE:1X,67.1%,0.671100,,,,,,,Sin cuota/EV,No encontrado en Betano,Media,torneo actual,usa Poisson base con estadisticas de goles del torneo,riesgo propio del resultado final y variacion del modelo,
2026-08-20,17:00,LDU de Quito vs Mirassol,,,Local goles +0.5,TEAM_TOTAL_HOME OVER.0.5,TEAM_TOTAL_HOME:OVER_0_5,66.0%,0.660400,,,,,,,Sin cuota/EV,No encontrado en Betano,Media,torneo actual,usa Poisson base con estadisticas de goles del torneo,un gol temprano o baja eficacia puede cambiar la lectura del mercado,
2026-08-20,17:00,LDU de Quito vs Mirassol,,,Corners total +8.5,CORNERS_TOTALS OVER.8.5,CORNERS_TOTALS:OVER_8_5,65.6%,0.655800,,,,,,,Sin cuota/EV,No encontrado en Betano,Media,contexto premium torneo actual,usa promedios del contexto premium/API-Football,el volumen ofensivo puede variar por planteamiento y marcador temprano,
2026-08-20,17:00,LDU de Quito vs Mirassol,10Bet,,Goles -2.5,TOTALS UNDER.2.5,TOTALS:UNDER_2_5,65.5%,0.655000,1.13,-0.26,-0.259800,,,,EV negativo,No encontrado en Betano,Media,torneo actual,usa Poisson base con estadisticas de goles del torneo,un gol temprano o baja eficacia puede cambiar la lectura del mercado,
2026-08-20,17:00,LDU de Quito vs Mirassol,,,Visita corners -6.5,CORNERS_AWAY UNDER.6.5,CORNERS_AWAY:UNDER_6_5,65.4%,0.654400,,,,,,,Sin cuota/EV,No encontrado en Betano,Media,contexto premium torneo actual,usa promedios del contexto premium/API-Football,el volumen ofensivo puede variar por planteamiento y marcador temprano,
2026-08-20,17:00,LDU de Quito vs Mirassol,,,Visita tarjetas +1.5,CARDS_AWAY OVER.1.5,CARDS_AWAY:OVER_1_5,64.5%,0.645400,,,,,,,Sin cuota/EV,No encontrado en Betano,Media,contexto premium torneo actual,usa promedios del contexto premium/API-Football,depende mucho del arbitro y del contexto competitivo,
2026-08-20,17:00,LDU de Quito vs Mirassol,,,Visita goles +0.5,TEAM_TOTAL_AWAY OVER.0.5,TEAM_TOTAL_AWAY:OVER_0_5,63.2%,0.632100,,,,,,,Sin cuota/EV,No encontrado en Betano,Media,torneo actual,usa Poisson base con estadisticas de goles del torneo,un gol temprano o baja eficacia puede cambiar la lectura del mercado,
2026-08-20,17:00,LDU de Quito vs Mirassol,,,DOUBLE_CHANCE X2,DOUBLE_CHANCE X2,DOUBLE_CHANCE:X2,63.0%,0.629900,,,,,,,Sin cuota/EV,No encontrado en Betano,Media,torneo actual,usa Poisson base con estadisticas de goles del torneo,riesgo propio del resultado final y variacion del modelo,
2026-08-20,17:00,LDU de Quito vs Mirassol,,,Visita tarjetas -2.5,CARDS_AWAY UNDER.2.5,CARDS_AWAY:UNDER_2_5,62.3%,0.622700,,,,,,,Sin cuota/EV,No encontrado en Betano,Media,contexto premium torneo actual,usa promedios del contexto premium/API-Football,depende mucho del arbitro y del contexto competitivo,
2026-08-20,17:00,LDU de Quito vs Mirassol,10Bet,,Goles +1.5,TOTALS OVER.1.5,TOTALS:OVER_1_5,61.5%,0.615200,2.25,0.38,0.384200,,,,EV positivo,No encontrado en Betano,Media,torneo actual,usa Poisson base con estadisticas de goles del torneo,un gol temprano o baja eficacia puede cambiar la lectura del mercado,
2026-08-20,17:00,LDU de Quito vs Mirassol,,,Local corners +3.5,CORNERS_HOME OVER.3.5,CORNERS_HOME:OVER_3_5,60.5%,0.604600,,,,,,,Sin cuota/EV,No encontrado en Betano,Media,contexto premium torneo actual,usa promedios del contexto premium/API-Football,el volumen ofensivo puede variar por planteamiento y marcador temprano,
2026-08-20,17:00,LDU de Quito vs Mirassol,10Bet,,Corners total -10.5,CORNERS_TOTALS UNDER.10.5,CORNERS_TOTALS:UNDER_10_5,59.6%,0.595500,1.70,0.01,0.012400,,,,EV negativo,No encontrado en Betano,Media,contexto premium torneo actual,usa promedios del contexto premium/API-Football,el volumen ofensivo puede variar por planteamiento y marcador temprano,
2026-08-20,17:00,LDU de Quito vs Mirassol,,,SHOTS_ON_TARGET_TOTAL UNDER.8.5,SHOTS_ON_TARGET_TOTAL UNDER.8.5,SHOTS_ON_TARGET_TOTAL:UNDER_8_5,59.2%,0.592500,,,,,,,Sin cuota/EV,No encontrado en Betano,Media,contexto premium torneo actual,usa promedios del contexto premium/API-Football,el volumen ofensivo puede variar por planteamiento y marcador temprano,
2026-08-20,17:00,LDU de Quito vs Mirassol,,,SHOTS_TOTAL UNDER.26.5,SHOTS_TOTAL UNDER.26.5,SHOTS_TOTAL:UNDER_26_5,59.1%,0.590800,,,,,,,Sin cuota/EV,No encontrado en Betano,Media,contexto premium torneo actual,usa promedios del contexto premium/API-Football,el volumen ofensivo puede variar por planteamiento y marcador temprano,
2026-08-20,17:00,LDU de Quito vs Mirassol,,,Local corners -4.5,CORNERS_HOME UNDER.4.5,CORNERS_HOME:UNDER_4_5,59.0%,0.589800,,,,,,,Sin cuota/EV,No encontrado en Betano,Media,contexto premium torneo actual,usa promedios del contexto premium/API-Football,el volumen ofensivo puede variar por planteamiento y marcador temprano,
2026-08-20,17:00,LDU de Quito vs Mirassol,10Bet,,BTTS no,BTTS NO,BTTS:NO,58.2%,0.582500,1.13,-0.34,-0.341700,,,,EV negativo,No encontrado en Betano,Media,torneo actual,usa Poisson base con estadisticas de goles del torneo,un gol temprano o baja eficacia puede cambiar la lectura del mercado,
2026-08-20,17:00,LDU de Quito vs Mirassol,,,Local tarjetas -2.5,CARDS_HOME UNDER.2.5,CARDS_HOME:UNDER_2_5,57.0%,0.569700,,,,,,,Sin cuota/EV,No encontrado en Betano,Media,contexto premium torneo actual,usa promedios del contexto premium/API-Football,depende mucho del arbitro y del contexto competitivo,
2026-08-20,17:00,LDU de Quito vs Mirassol,,,SHOTS_TOTAL OVER.24.5,SHOTS_TOTAL OVER.24.5,SHOTS_TOTAL:OVER_24_5,56.6%,0.565900,,,,,,,Sin cuota/EV,No encontrado en Betano,Media,contexto premium torneo actual,usa promedios del contexto premium/API-Football,el volumen ofensivo puede variar por planteamiento y marcador temprano,
2026-08-20,17:00,LDU de Quito vs Mirassol,10Bet,,1T +0.5,FIRST_HALF_TOTALS OVER.0.5,FIRST_HALF_TOTALS:OVER_0_5,55.1%,0.550700,3.20,0.76,0.762100,,,,EV positivo,No encontrado en Betano,Media,contexto premium torneo actual,usa promedios del contexto premium/API-Football,el primer tiempo puede tener ritmo bajo o rotaciones,
2026-08-20,17:00,LDU de Quito vs Mirassol,,,SHOTS_ON_TARGET_TOTAL OVER.7.5,SHOTS_ON_TARGET_TOTAL OVER.7.5,SHOTS_ON_TARGET_TOTAL:OVER_7_5,54.7%,0.547000,,,,,,,Sin cuota/EV,No encontrado en Betano,Baja,contexto premium torneo actual,usa promedios del contexto premium/API-Football,el volumen ofensivo puede variar por planteamiento y marcador temprano,
2026-08-20,17:00,LDU de Quito vs Mirassol,10Bet,,Corners total +9.5,CORNERS_TOTALS OVER.9.5,CORNERS_TOTALS:OVER_9_5,52.9%,0.529500,1.85,-0.02,-0.020400,,,,EV negativo,No encontrado en Betano,Baja,contexto premium torneo actual,usa promedios del contexto premium/API-Football,el volumen ofensivo puede variar por planteamiento y marcador temprano,
2026-08-20,17:00,LDU de Quito vs Mirassol,10Bet,,DNB local,DRAW_NO_BET HOME,DRAW_NO_BET:HOME,52.9%,0.529500,1.25,-0.34,-0.338200,,,,EV negativo,No encontrado en Betano,Baja,torneo actual,usa Poisson base con estadisticas de goles del torneo,riesgo propio del resultado final y variacion del modelo,
2026-08-20,17:00,LDU de Quito vs Mirassol,,,Tarjetas total -4.5,CARDS_TOTALS UNDER.4.5,CARDS_TOTALS:UNDER_4_5,51.3%,0.513200,,,,,,,Sin cuota/EV,No encontrado en Betano,Baja,contexto premium torneo actual,usa promedios del contexto premium/API-Football,depende mucho del arbitro y del contexto competitivo,
2026-08-20,17:00,LDU de Quito vs Mirassol,,,Visita corners +5.5,CORNERS_AWAY OVER.5.5,CORNERS_AWAY:OVER_5_5,50.5%,0.505000,,,,,,,Sin cuota/EV,No encontrado en Betano,Baja,contexto premium torneo actual,usa promedios del contexto premium/API-Football,el volumen ofensivo puede variar por planteamiento y marcador temprano,
2026-08-20,17:00,LDU de Quito vs Mirassol,,,Visita corners -5.5,CORNERS_AWAY UNDER.5.5,CORNERS_AWAY:UNDER_5_5,49.5%,0.495000,,,,,,,Sin cuota/EV,No encontrado en Betano,Baja,contexto premium torneo actual,usa promedios del contexto premium/API-Football,el volumen ofensivo puede variar por planteamiento y marcador temprano,
2026-08-20,17:00,LDU de Quito vs Mirassol,,,Tarjetas total +4.5,CARDS_TOTALS OVER.4.5,CARDS_TOTALS:OVER_4_5,48.7%,0.486800,,,,,,,Sin cuota/EV,No encontrado en Betano,Baja,contexto premium torneo actual,usa promedios del contexto premium/API-Football,depende mucho del arbitro y del contexto competitivo,
2026-08-20,17:00,LDU de Quito vs Mirassol,10Bet,,DNB visita,DRAW_NO_BET AWAY,DRAW_NO_BET:AWAY,47.0%,0.470500,3.55,0.67,0.670300,,,,EV positivo,No encontrado en Betano,Baja,torneo actual,usa Poisson base con estadisticas de goles del torneo,riesgo propio del resultado final y variacion del modelo,
2026-08-20,17:00,LDU de Quito vs Mirassol,10Bet,,Corners total -9.5,CORNERS_TOTALS UNDER.9.5,CORNERS_TOTALS:UNDER_9_5,47.0%,0.470500,1.85,-0.13,-0.129600,,,,EV negativo,No encontrado en Betano,Baja,contexto premium torneo actual,usa promedios del contexto premium/API-Football,el volumen ofensivo puede variar por planteamiento y marcador temprano,
2026-08-20,17:00,LDU de Quito vs Mirassol,,,SHOTS_ON_TARGET_TOTAL UNDER.7.5,SHOTS_ON_TARGET_TOTAL UNDER.7.5,SHOTS_ON_TARGET_TOTAL:UNDER_7_5,45.3%,0.453000,,,,,,,Sin cuota/EV,No encontrado en Betano,Baja,contexto premium torneo actual,usa promedios del contexto premium/API-Football,el volumen ofensivo puede variar por planteamiento y marcador temprano,
2026-08-20,17:00,LDU de Quito vs Mirassol,10Bet,,1T -0.5,FIRST_HALF_TOTALS UNDER.0.5,FIRST_HALF_TOTALS:UNDER_0_5,44.9%,0.449300,1.30,-0.42,-0.415900,,,,EV negativo,No encontrado en Betano,Baja,contexto premium torneo actual,usa promedios del contexto premium/API-Football,el primer tiempo puede tener ritmo bajo o rotaciones,
2026-08-20,17:00,LDU de Quito vs Mirassol,,,SHOTS_TOTAL UNDER.24.5,SHOTS_TOTAL UNDER.24.5,SHOTS_TOTAL:UNDER_24_5,43.4%,0.434100,,,,,,,Sin cuota/EV,No encontrado en Betano,Baja,contexto premium torneo actual,usa promedios del contexto premium/API-Football,el volumen ofensivo puede variar por planteamiento y marcador temprano,
2026-08-20,17:00,LDU de Quito vs Mirassol,,,Local tarjetas +2.5,CARDS_HOME OVER.2.5,CARDS_HOME:OVER_2_5,43.0%,0.430300,,,,,,,Sin cuota/EV,No encontrado en Betano,Baja,contexto premium torneo actual,usa promedios del contexto premium/API-Football,depende mucho del arbitro y del contexto competitivo,
2026-08-20,17:00,LDU de Quito vs Mirassol,10Bet,,BTTS sí,BTTS YES,BTTS:YES,41.8%,0.417500,5.00,1.09,1.087300,,,,EV positivo,No encontrado en Betano,Baja,torneo actual,usa Poisson base con estadisticas de goles del torneo,un gol temprano o baja eficacia puede cambiar la lectura del mercado,
2026-08-20,17:00,LDU de Quito vs Mirassol,,,Local corners +4.5,CORNERS_HOME OVER.4.5,CORNERS_HOME:OVER_4_5,41.0%,0.410200,,,,,,,Sin cuota/EV,No encontrado en Betano,Baja,contexto premium torneo actual,usa promedios del contexto premium/API-Football,el volumen ofensivo puede variar por planteamiento y marcador temprano,
2026-08-20,17:00,LDU de Quito vs Mirassol,,,SHOTS_TOTAL OVER.26.5,SHOTS_TOTAL OVER.26.5,SHOTS_TOTAL:OVER_26_5,40.9%,0.409200,,,,,,,Sin cuota/EV,No encontrado en Betano,Baja,contexto premium torneo actual,usa promedios del contexto premium/API-Football,el volumen ofensivo puede variar por planteamiento y marcador temprano,
2026-08-20,17:00,LDU de Quito vs Mirassol,,,SHOTS_ON_TARGET_TOTAL OVER.8.5,SHOTS_ON_TARGET_TOTAL OVER.8.5,SHOTS_ON_TARGET_TOTAL:OVER_8_5,40.8%,0.407500,,,,,,,Sin cuota/EV,No encontrado en Betano,Baja,contexto premium torneo actual,usa promedios del contexto premium/API-Football,el volumen ofensivo puede variar por planteamiento y marcador temprano,
2026-08-20,17:00,LDU de Quito vs Mirassol,10Bet,,Corners total +10.5,CORNERS_TOTALS OVER.10.5,CORNERS_TOTALS:OVER_10_5,40.5%,0.404500,2.05,-0.17,-0.170900,,,,EV negativo,No encontrado en Betano,Baja,contexto premium torneo actual,usa promedios del contexto premium/API-Football,el volumen ofensivo puede variar por planteamiento y marcador temprano,
2026-08-20,17:00,LDU de Quito vs Mirassol,,,Local corners -3.5,CORNERS_HOME UNDER.3.5,CORNERS_HOME:UNDER_3_5,39.5%,0.395400,,,,,,,Sin cuota/EV,No encontrado en Betano,Baja,contexto premium torneo actual,usa promedios del contexto premium/API-Football,el volumen ofensivo puede variar por planteamiento y marcador temprano,
2026-08-20,17:00,LDU de Quito vs Mirassol,10Bet,,Goles -1.5,TOTALS UNDER.1.5,TOTALS:UNDER_1_5,38.5%,0.384800,1.57,-0.40,-0.395900,,,,EV negativo,No encontrado en Betano,Baja,torneo actual,usa Poisson base con estadisticas de goles del torneo,un gol temprano o baja eficacia puede cambiar la lectura del mercado,
2026-08-20,17:00,LDU de Quito vs Mirassol,,,Visita tarjetas +2.5,CARDS_AWAY OVER.2.5,CARDS_AWAY:OVER_2_5,37.7%,0.377300,,,,,,,Sin cuota/EV,No encontrado en Betano,Baja,contexto premium torneo actual,usa promedios del contexto premium/API-Football,depende mucho del arbitro y del contexto competitivo,
2026-08-20,17:00,LDU de Quito vs Mirassol,10Bet,,Gana local,1X2 HOME,1X2:HOME,37.0%,0.370100,2.80,0.04,0.036300,,,,EV positivo,No encontrado en Betano,Baja,torneo actual,usa Poisson base con estadisticas de goles del torneo,riesgo propio del resultado final y variacion del modelo,
2026-08-20,17:00,LDU de Quito vs Mirassol,,,Visita goles -0.5,TEAM_TOTAL_AWAY UNDER.0.5,TEAM_TOTAL_AWAY:UNDER_0_5,36.8%,0.367900,,,,,,,Sin cuota/EV,No encontrado en Betano,Baja,torneo actual,usa Poisson base con estadisticas de goles del torneo,un gol temprano o baja eficacia puede cambiar la lectura del mercado,
2026-08-20,17:00,LDU de Quito vs Mirassol,,,Visita tarjetas -1.5,CARDS_AWAY UNDER.1.5,CARDS_AWAY:UNDER_1_5,35.5%,0.354600,,,,,,,Sin cuota/EV,No encontrado en Betano,Baja,contexto premium torneo actual,usa promedios del contexto premium/API-Football,depende mucho del arbitro y del contexto competitivo,
2026-08-20,17:00,LDU de Quito vs Mirassol,,,Visita corners +6.5,CORNERS_AWAY OVER.6.5,CORNERS_AWAY:OVER_6_5,34.6%,0.345600,,,,,,,Sin cuota/EV,No encontrado en Betano,Baja,contexto premium torneo actual,usa promedios del contexto premium/API-Football,el volumen ofensivo puede variar por planteamiento y marcador temprano,
2026-08-20,17:00,LDU de Quito vs Mirassol,10Bet,,Goles +2.5,TOTALS OVER.2.5,TOTALS:OVER_2_5,34.5%,0.345000,5.00,0.72,0.724800,,,,EV positivo,No encontrado en Betano,Baja,torneo actual,usa Poisson base con estadisticas de goles del torneo,un gol temprano o baja eficacia puede cambiar la lectura del mercado,
2026-08-20,17:00,LDU de Quito vs Mirassol,,,Corners total -8.5,CORNERS_TOTALS UNDER.8.5,CORNERS_TOTALS:UNDER_8_5,34.4%,0.344200,,,,,,,Sin cuota/EV,No encontrado en Betano,Baja,contexto premium torneo actual,usa promedios del contexto premium/API-Football,el volumen ofensivo puede variar por planteamiento y marcador temprano,
2026-08-20,17:00,LDU de Quito vs Mirassol,,,Local goles -0.5,TEAM_TOTAL_HOME UNDER.0.5,TEAM_TOTAL_HOME:UNDER_0_5,34.0%,0.339600,,,,,,,Sin cuota/EV,No encontrado en Betano,Baja,torneo actual,usa Poisson base con estadisticas de goles del torneo,un gol temprano o baja eficacia puede cambiar la lectura del mercado,
2026-08-20,17:00,LDU de Quito vs Mirassol,10Bet,,Gana visita,1X2 AWAY,1X2:AWAY,32.9%,0.328900,7.50,1.47,1.466800,,,,EV positivo,No encontrado en Betano,Baja,torneo actual,usa Poisson base con estadisticas de goles del torneo,riesgo propio del resultado final y variacion del modelo,
2026-08-20,17:00,LDU de Quito vs Mirassol,,,Visita corners -4.5,CORNERS_AWAY UNDER.4.5,CORNERS_AWAY:UNDER_4_5,32.7%,0.327200,,,,,,,Sin cuota/EV,No encontrado en Betano,Baja,contexto premium torneo actual,usa promedios del contexto premium/API-Football,el volumen ofensivo puede variar por planteamiento y marcador temprano,
2026-08-20,17:00,LDU de Quito vs Mirassol,,,Tarjetas total -3.5,CARDS_TOTALS UNDER.3.5,CARDS_TOTALS:UNDER_3_5,32.6%,0.325700,,,,,,,Sin cuota/EV,No encontrado en Betano,Baja,contexto premium torneo actual,usa promedios del contexto premium/API-Football,depende mucho del arbitro y del contexto competitivo,
2026-08-20,17:00,LDU de Quito vs Mirassol,,,Tarjetas total +5.5,CARDS_TOTALS OVER.5.5,CARDS_TOTALS:OVER_5_5,31.4%,0.314200,,,,,,,Sin cuota/EV,No encontrado en Betano,Baja,contexto premium torneo actual,usa promedios del contexto premium/API-Football,depende mucho del arbitro y del contexto competitivo,
2026-08-20,17:00,LDU de Quito vs Mirassol,,,SHOTS_ON_TARGET_TOTAL UNDER.6.5,SHOTS_ON_TARGET_TOTAL UNDER.6.5,SHOTS_ON_TARGET_TOTAL:UNDER_6_5,31.3%,0.313400,,,,,,,Sin cuota/EV,No encontrado en Betano,Baja,contexto premium torneo actual,usa promedios del contexto premium/API-Football,el volumen ofensivo puede variar por planteamiento y marcador temprano,
2026-08-20,17:00,LDU de Quito vs Mirassol,,,Local tarjetas -1.5,CARDS_HOME UNDER.1.5,CARDS_HOME:UNDER_1_5,30.8%,0.308400,,,,,,,Sin cuota/EV,No encontrado en Betano,Baja,contexto premium torneo actual,usa promedios del contexto premium/API-Football,depende mucho del arbitro y del contexto competitivo,
2026-08-20,17:00,LDU de Quito vs Mirassol,10Bet,,Empate,1X2 DRAW,1X2:DRAW,30.1%,0.301000,1.67,-0.50,-0.497400,,,,EV negativo,No encontrado en Betano,Baja,torneo actual,usa Poisson base con estadisticas de goles del torneo,riesgo propio del resultado final y variacion del modelo,
2026-08-20,17:00,LDU de Quito vs Mirassol,,,Local goles +1.5,TEAM_TOTAL_HOME OVER.1.5,TEAM_TOTAL_HOME:OVER_1_5,29.4%,0.293600,,,,,,,Sin cuota/EV,No encontrado en Betano,Baja,torneo actual,usa Poisson base con estadisticas de goles del torneo,un gol temprano o baja eficacia puede cambiar la lectura del mercado,
2026-08-20,17:00,LDU de Quito vs Mirassol,,,Corners total +11.5,CORNERS_TOTALS OVER.11.5,CORNERS_TOTALS:OVER_11_5,29.2%,0.291900,,,,,,,Sin cuota/EV,No encontrado en Betano,Baja,contexto premium torneo actual,usa promedios del contexto premium/API-Football,el volumen ofensivo puede variar por planteamiento y marcador temprano,
2026-08-20,17:00,LDU de Quito vs Mirassol,,,SHOTS_TOTAL UNDER.22.5,SHOTS_TOTAL UNDER.22.5,SHOTS_TOTAL:UNDER_22_5,28.3%,0.283500,,,,,,,Sin cuota/EV,No encontrado en Betano,Baja,contexto premium torneo actual,usa promedios del contexto premium/API-Football,el volumen ofensivo puede variar por planteamiento y marcador temprano,
2026-08-20,17:00,LDU de Quito vs Mirassol,,,SHOTS_ON_TARGET_TOTAL OVER.9.5,SHOTS_ON_TARGET_TOTAL OVER.9.5,SHOTS_ON_TARGET_TOTAL:OVER_9_5,28.3%,0.283400,,,,,,,Sin cuota/EV,No encontrado en Betano,Baja,contexto premium torneo actual,usa promedios del contexto premium/API-Football,el volumen ofensivo puede variar por planteamiento y marcador temprano,
2026-08-20,17:00,LDU de Quito vs Mirassol,,,Visita goles +1.5,TEAM_TOTAL_AWAY OVER.1.5,TEAM_TOTAL_AWAY:OVER_1_5,26.4%,0.264200,,,,,,,Sin cuota/EV,No encontrado en Betano,Baja,torneo actual,usa Poisson base con estadisticas de goles del torneo,un gol temprano o baja eficacia puede cambiar la lectura del mercado,
2026-08-20,17:00,LDU de Quito vs Mirassol,10Bet,,Local corners +5.5,CORNERS_HOME OVER.5.5,CORNERS_HOME:OVER_5_5,24.7%,0.246900,1.57,-0.61,-0.612400,,,,EV negativo,No encontrado en Betano,Baja,contexto premium torneo actual,usa promedios del contexto premium/API-Football,el volumen ofensivo puede variar por planteamiento y marcador temprano,
2026-08-20,17:00,LDU de Quito vs Mirassol,,,Corners total -7.5,CORNERS_TOTALS UNDER.7.5,CORNERS_TOTALS:UNDER_7_5,22.9%,0.229400,,,,,,,Sin cuota/EV,No encontrado en Betano,Baja,contexto premium torneo actual,usa promedios del contexto premium/API-Football,el volumen ofensivo puede variar por planteamiento y marcador temprano,
2026-08-20,17:00,LDU de Quito vs Mirassol,,,Local tarjetas +3.5,CARDS_HOME OVER.3.5,CARDS_HOME:OVER_3_5,22.1%,0.221300,,,,,,,Sin cuota/EV,No encontrado en Betano,Baja,contexto premium torneo actual,usa promedios del contexto premium/API-Football,depende mucho del arbitro y del contexto competitivo,
2026-08-20,17:00,LDU de Quito vs Mirassol,10Bet,,1T +1.5,FIRST_HALF_TOTALS OVER.1.5,FIRST_HALF_TOTALS:OVER_1_5,19.1%,0.191200,4.50,-0.14,-0.139600,,,,EV negativo,No encontrado en Betano,Baja,contexto premium torneo actual,usa promedios del contexto premium/API-Football,el primer tiempo puede tener ritmo bajo o rotaciones,
2026-08-20,17:00,LDU de Quito vs Mirassol,,,Tarjetas total +6.5,CARDS_TOTALS OVER.6.5,CARDS_TOTALS:OVER_6_5,18.2%,0.182000,,,,,,,Sin cuota/EV,No encontrado en Betano,Baja,contexto premium torneo actual,usa promedios del contexto premium/API-Football,depende mucho del arbitro y del contexto competitivo,
2026-08-20,17:00,LDU de Quito vs Mirassol,,,Visita tarjetas +3.5,CARDS_AWAY OVER.3.5,CARDS_AWAY:OVER_3_5,18.1%,0.180600,,,,,,,Sin cuota/EV,No encontrado en Betano,Baja,contexto premium torneo actual,usa promedios del contexto premium/API-Football,depende mucho del arbitro y del contexto competitivo,
2026-08-20,17:00,LDU de Quito vs Mirassol,10Bet,,Visita corners -3.5,CORNERS_AWAY UNDER.3.5,CORNERS_AWAY:UNDER_3_5,18.0%,0.180000,1.73,-0.69,-0.688500,,,,EV negativo,No encontrado en Betano,Baja,contexto premium torneo actual,usa promedios del contexto premium/API-Football,el volumen ofensivo puede variar por planteamiento y marcador temprano,
2026-08-20,17:00,LDU de Quito vs Mirassol,,,Tarjetas total -2.5,CARDS_TOTALS UNDER.2.5,CARDS_TOTALS:UNDER_2_5,16.3%,0.162600,,,,,,,Sin cuota/EV,No encontrado en Betano,Baja,contexto premium torneo actual,usa promedios del contexto premium/API-Football,depende mucho del arbitro y del contexto competitivo,
2026-08-20,17:00,LDU de Quito vs Mirassol,,,SHOTS_TOTAL UNDER.20.5,SHOTS_TOTAL UNDER.20.5,SHOTS_TOTAL:UNDER_20_5,16.1%,0.160800,,,,,,,Sin cuota/EV,No encontrado en Betano,Baja,contexto premium torneo actual,usa promedios del contexto premium/API-Football,el volumen ofensivo puede variar por planteamiento y marcador temprano,
2026-08-20,17:00,LDU de Quito vs Mirassol,10Bet,,Goles +3.5,TOTALS OVER.3.5,TOTALS:OVER_3_5,15.8%,0.157600,3.85,-0.39,-0.393300,,,,EV negativo,No encontrado en Betano,Baja,torneo actual,usa Poisson base con estadisticas de goles del torneo,un gol temprano o baja eficacia puede cambiar la lectura del mercado,
2026-08-20,17:00,LDU de Quito vs Mirassol,10Bet,,Local corners +6.5,CORNERS_HOME OVER.6.5,CORNERS_HOME:OVER_6_5,13.2%,0.132500,2.00,-0.73,-0.734900,,,,EV negativo,No encontrado en Betano,Baja,contexto premium torneo actual,usa promedios del contexto premium/API-Football,el volumen ofensivo puede variar por planteamiento y marcador temprano,
2026-08-20,17:00,LDU de Quito vs Mirassol,,,Visita tarjetas -0.5,CARDS_AWAY UNDER.0.5,CARDS_AWAY:UNDER_0_5,11.1%,0.110800,,,,,,,Sin cuota/EV,No encontrado en Betano,Baja,contexto premium torneo actual,usa promedios del contexto premium/API-Football,depende mucho del arbitro y del contexto competitivo,
2026-08-20,17:00,LDU de Quito vs Mirassol,,,Local goles +2.5,TEAM_TOTAL_HOME OVER.2.5,TEAM_TOTAL_HOME:OVER_2_5,9.6%,0.095600,,,,,,,Sin cuota/EV,No encontrado en Betano,Baja,torneo actual,usa Poisson base con estadisticas de goles del torneo,un gol temprano o baja eficacia puede cambiar la lectura del mercado,
2026-08-20,17:00,LDU de Quito vs Mirassol,,,Local tarjetas -0.5,CARDS_HOME UNDER.0.5,CARDS_HOME:UNDER_0_5,9.1%,0.090700,,,,,,,Sin cuota/EV,No encontrado en Betano,Baja,contexto premium torneo actual,usa promedios del contexto premium/API-Football,depende mucho del arbitro y del contexto competitivo,
2026-08-20,17:00,LDU de Quito vs Mirassol,,,Visita goles +2.5,TEAM_TOTAL_AWAY OVER.2.5,TEAM_TOTAL_AWAY:OVER_2_5,8.0%,0.080300,,,,,,,Sin cuota/EV,No encontrado en Betano,Baja,torneo actual,usa Poisson base con estadisticas de goles del torneo,un gol temprano o baja eficacia puede cambiar la lectura del mercado,
2026-08-20,17:00,LDU de Quito vs Mirassol,,,SHOTS_TOTAL UNDER.18.5,SHOTS_TOTAL UNDER.18.5,SHOTS_TOTAL:UNDER_18_5,7.7%,0.077300,,,,,,,Sin cuota/EV,No encontrado en Betano,Baja,contexto premium torneo actual,usa promedios del contexto premium/API-Football,el volumen ofensivo puede variar por planteamiento y marcador temprano,
2026-08-20,17:00,Macara vs Santos,,Betano,Local tarjetas +0.5,CARDS_HOME OVER.0.5,CARDS_HOME:OVER_0_5,97.3%,0.972700,,,,,,,Sin cuota/EV,No encontrado en Betano,Alta,contexto premium torneo actual,usa promedios del contexto premium/API-Football,depende mucho del arbitro y del contexto competitivo,https://www.betano.pe/cuotas-de-partido/csd-macara-santos-sp/90736623/
2026-08-20,17:00,Macara vs Santos,,Betano,Tarjetas total +2.5,CARDS_TOTALS OVER.2.5,CARDS_TOTALS:OVER_2_5,93.8%,0.938000,,,,,,,Sin cuota/EV,No encontrado en Betano,Alta,contexto premium torneo actual,usa promedios del contexto premium/API-Football,depende mucho del arbitro y del contexto competitivo,https://www.betano.pe/cuotas-de-partido/csd-macara-santos-sp/90736623/
2026-08-20,17:00,Macara vs Santos,,Betano,SHOTS_TOTAL OVER.18.5,SHOTS_TOTAL OVER.18.5,SHOTS_TOTAL:OVER_18_5,93.3%,0.933000,,,,,,,Sin cuota/EV,No encontrado en Betano,Alta,contexto premium torneo actual,usa promedios del contexto premium/API-Football,el volumen ofensivo puede variar por planteamiento y marcador temprano,https://www.betano.pe/cuotas-de-partido/csd-macara-santos-sp/90736623/
2026-08-20,17:00,Macara vs Santos,,Betano,Visita tarjetas +0.5,CARDS_AWAY OVER.0.5,CARDS_AWAY:OVER_0_5,90.9%,0.909300,,,,,,,Sin cuota/EV,No encontrado en Betano,Alta,contexto premium torneo actual,usa promedios del contexto premium/API-Football,depende mucho del arbitro y del contexto competitivo,https://www.betano.pe/cuotas-de-partido/csd-macara-santos-sp/90736623/
2026-08-20,17:00,Macara vs Santos,,Betano,Local goles -2.5,TEAM_TOTAL_HOME UNDER.2.5,TEAM_TOTAL_HOME:UNDER_2_5,89.2%,0.892200,,,,,,,Sin cuota/EV,No encontrado en Betano,Alta,torneo actual,usa Poisson base con estadisticas de goles del torneo,un gol temprano o baja eficacia puede cambiar la lectura del mercado,https://www.betano.pe/cuotas-de-partido/csd-macara-santos-sp/90736623/
2026-08-20,17:00,Macara vs Santos,,Betano,Visita corners -6.5,CORNERS_AWAY UNDER.6.5,CORNERS_AWAY:UNDER_6_5,87.9%,0.878600,,,,,,,Sin cuota/EV,No encontrado en Betano,Alta,contexto premium torneo actual,usa promedios del contexto premium/API-Football,el volumen ofensivo puede variar por planteamiento y marcador temprano,https://www.betano.pe/cuotas-de-partido/csd-macara-santos-sp/90736623/
2026-08-20,17:00,Macara vs Santos,,Betano,Local tarjetas +1.5,CARDS_HOME OVER.1.5,CARDS_HOME:OVER_1_5,87.4%,0.874300,,,,,,,Sin cuota/EV,No encontrado en Betano,Alta,contexto premium torneo actual,usa promedios del contexto premium/API-Football,depende mucho del arbitro y del contexto competitivo,https://www.betano.pe/cuotas-de-partido/csd-macara-santos-sp/90736623/
2026-08-20,17:00,Macara vs Santos,,Betano,SHOTS_TOTAL OVER.20.5,SHOTS_TOTAL OVER.20.5,SHOTS_TOTAL:OVER_20_5,85.7%,0.857100,,,,,,,Sin cuota/EV,No encontrado en Betano,Alta,contexto premium torneo actual,usa promedios del contexto premium/API-Football,el volumen ofensivo puede variar por planteamiento y marcador temprano,https://www.betano.pe/cuotas-de-partido/csd-macara-santos-sp/90736623/
2026-08-20,17:00,Macara vs Santos,,Betano,Visita goles -2.5,TEAM_TOTAL_AWAY UNDER.2.5,TEAM_TOTAL_AWAY:UNDER_2_5,85.4%,0.854200,,,,,,,Sin cuota/EV,No encontrado en Betano,Alta,torneo actual,usa Poisson base con estadisticas de goles del torneo,un gol temprano o baja eficacia puede cambiar la lectura del mercado,https://www.betano.pe/cuotas-de-partido/csd-macara-santos-sp/90736623/
2026-08-20,17:00,Macara vs Santos,,Betano,Tarjetas total +3.5,CARDS_TOTALS OVER.3.5,CARDS_TOTALS:OVER_3_5,84.9%,0.848800,,,,,,,Sin cuota/EV,No encontrado en Betano,Alta,contexto premium torneo actual,usa promedios del contexto premium/API-Football,depende mucho del arbitro y del contexto competitivo,https://www.betano.pe/cuotas-de-partido/csd-macara-santos-sp/90736623/
2026-08-20,17:00,Macara vs Santos,,Betano,Corners total -11.5,CORNERS_TOTALS UNDER.11.5,CORNERS_TOTALS:UNDER_11_5,79.3%,0.793200,,,,,,,Sin cuota/EV,No encontrado en Betano,Alta,contexto premium torneo actual,usa promedios del contexto premium/API-Football,el volumen ofensivo puede variar por planteamiento y marcador temprano,https://www.betano.pe/cuotas-de-partido/csd-macara-santos-sp/90736623/
2026-08-20,17:00,Macara vs Santos,,Betano,Visita tarjetas -3.5,CARDS_AWAY UNDER.3.5,CARDS_AWAY:UNDER_3_5,77.9%,0.778700,,,,,,,Sin cuota/EV,No encontrado en Betano,Alta,contexto premium torneo actual,usa promedios del contexto premium/API-Football,depende mucho del arbitro y del contexto competitivo,https://www.betano.pe/cuotas-de-partido/csd-macara-santos-sp/90736623/
2026-08-20,17:00,Macara vs Santos,,Betano,Visita corners -5.5,CORNERS_AWAY UNDER.5.5,CORNERS_AWAY:UNDER_5_5,76.9%,0.769300,,,,,,,Sin cuota/EV,No encontrado en Betano,Alta,contexto premium torneo actual,usa promedios del contexto premium/API-Football,el volumen ofensivo puede variar por planteamiento y marcador temprano,https://www.betano.pe/cuotas-de-partido/csd-macara-santos-sp/90736623/
2026-08-20,17:00,Macara vs Santos,10Bet,Betano,Goles -3.5,TOTALS UNDER.3.5,TOTALS:UNDER_3_5,76.8%,0.767700,1.25,-0.04,-0.040400,1.29,-0.01,-0.009700,EV negativo,EV negativo Betano,Alta,torneo actual,usa Poisson base con estadisticas de goles del torneo,un gol temprano o baja eficacia puede cambiar la lectura del mercado,https://www.betano.pe/cuotas-de-partido/csd-macara-santos-sp/90736623/
2026-08-20,17:00,Macara vs Santos,,Betano,SHOTS_ON_TARGET_TOTAL OVER.6.5,SHOTS_ON_TARGET_TOTAL OVER.6.5,SHOTS_ON_TARGET_TOTAL:OVER_6_5,76.4%,0.764500,,,,,,,Sin cuota/EV,No encontrado en Betano,Alta,contexto premium torneo actual,usa promedios del contexto premium/API-Football,el volumen ofensivo puede variar por planteamiento y marcador temprano,https://www.betano.pe/cuotas-de-partido/csd-macara-santos-sp/90736623/
2026-08-20,17:00,Macara vs Santos,,Betano,Local corners -6.5,CORNERS_HOME UNDER.6.5,CORNERS_HOME:UNDER_6_5,76.2%,0.762200,,,,,,,Sin cuota/EV,No encontrado en Betano,Alta,contexto premium torneo actual,usa promedios del contexto premium/API-Football,el volumen ofensivo puede variar por planteamiento y marcador temprano,https://www.betano.pe/cuotas-de-partido/csd-macara-santos-sp/90736623/
2026-08-20,17:00,Macara vs Santos,10Bet,Betano,1T +0.5,FIRST_HALF_TOTALS OVER.0.5,FIRST_HALF_TOTALS:OVER_0_5,75.3%,0.753400,2.15,0.62,0.619800,1.45,0.09,0.092400,EV positivo,EV positivo Betano,Alta,contexto premium torneo actual,usa promedios del contexto premium/API-Football,el primer tiempo puede tener ritmo bajo o rotaciones,https://www.betano.pe/cuotas-de-partido/csd-macara-santos-sp/90736623/
2026-08-20,17:00,Macara vs Santos,,Betano,SHOTS_TOTAL OVER.22.5,SHOTS_TOTAL OVER.22.5,SHOTS_TOTAL:OVER_22_5,74.2%,0.742100,,,,,,,Sin cuota/EV,No encontrado en Betano,Alta,contexto premium torneo actual,usa promedios del contexto premium/API-Football,el volumen ofensivo puede variar por planteamiento y marcador temprano,https://www.betano.pe/cuotas-de-partido/csd-macara-santos-sp/90736623/
2026-08-20,17:00,Macara vs Santos,,Betano,Local corners +3.5,CORNERS_HOME OVER.3.5,CORNERS_HOME:OVER_3_5,73.5%,0.735000,,,,,,,Sin cuota/EV,No encontrado en Betano,Alta,contexto premium torneo actual,usa promedios del contexto premium/API-Football,el volumen ofensivo puede variar por planteamiento y marcador temprano,https://www.betano.pe/cuotas-de-partido/csd-macara-santos-sp/90736623/
2026-08-20,17:00,Macara vs Santos,,Betano,Visita goles +0.5,TEAM_TOTAL_AWAY OVER.0.5,TEAM_TOTAL_AWAY:OVER_0_5,73.1%,0.730800,,,,,,,Sin cuota/EV,No encontrado en Betano,Alta,torneo actual,usa Poisson base con estadisticas de goles del torneo,un gol temprano o baja eficacia puede cambiar la lectura del mercado,https://www.betano.pe/cuotas-de-partido/csd-macara-santos-sp/90736623/
2026-08-20,17:00,Macara vs Santos,,Betano,DOUBLE_CHANCE 12,DOUBLE_CHANCE 12,DOUBLE_CHANCE:12,72.8%,0.728100,,,,,,,Sin cuota/EV,No encontrado en Betano,Alta,torneo actual,usa Poisson base con estadisticas de goles del torneo,riesgo propio del resultado final y variacion del modelo,https://www.betano.pe/cuotas-de-partido/csd-macara-santos-sp/90736623/
2026-08-20,17:00,Macara vs Santos,,Betano,Tarjetas total +4.5,CARDS_TOTALS OVER.4.5,CARDS_TOTALS:OVER_4_5,71.5%,0.714900,,,,,,,Sin cuota/EV,No encontrado en Betano,Alta,contexto premium torneo actual,usa promedios del contexto premium/API-Football,depende mucho del arbitro y del contexto competitivo,https://www.betano.pe/cuotas-de-partido/csd-macara-santos-sp/90736623/
2026-08-20,17:00,Macara vs Santos,10Bet,Betano,Goles +1.5,TOTALS OVER.1.5,TOTALS:OVER_1_5,70.3%,0.702800,2.35,0.65,0.651600,1.38,-0.03,-0.030100,EV positivo,EV negativo Betano,Alta,torneo actual,usa Poisson base con estadisticas de goles del torneo,un gol temprano o baja eficacia puede cambiar la lectura del mercado,https://www.betano.pe/cuotas-de-partido/csd-macara-santos-sp/90736623/
2026-08-20,17:00,Macara vs Santos,,Betano,Local tarjetas +2.5,CARDS_HOME OVER.2.5,CARDS_HOME:OVER_2_5,69.7%,0.697300,,,,,,,Sin cuota/EV,No encontrado en Betano,Media,contexto premium torneo actual,usa promedios del contexto premium/API-Football,depende mucho del arbitro y del contexto competitivo,https://www.betano.pe/cuotas-de-partido/csd-macara-santos-sp/90736623/
2026-08-20,17:00,Macara vs Santos,,Betano,Corners total -10.5,CORNERS_TOTALS UNDER.10.5,CORNERS_TOTALS:UNDER_10_5,69.4%,0.694100,,,,1.52,0.06,0.055000,Sin cuota/EV,EV positivo Betano,Media,contexto premium torneo actual,usa promedios del contexto premium/API-Football,el volumen ofensivo puede variar por planteamiento y marcador temprano,https://www.betano.pe/cuotas-de-partido/csd-macara-santos-sp/90736623/
2026-08-20,17:00,Macara vs Santos,,Betano,Visita tarjetas +1.5,CARDS_AWAY OVER.1.5,CARDS_AWAY:OVER_1_5,69.2%,0.691600,,,,,,,Sin cuota/EV,No encontrado en Betano,Media,contexto premium torneo actual,usa promedios del contexto premium/API-Football,depende mucho del arbitro y del contexto competitivo,https://www.betano.pe/cuotas-de-partido/csd-macara-santos-sp/90736623/
2026-08-20,17:00,Macara vs Santos,,Betano,Corners total +7.5,CORNERS_TOTALS OVER.7.5,CORNERS_TOTALS:OVER_7_5,68.8%,0.687700,,,,,,,Sin cuota/EV,No encontrado en Betano,Media,contexto premium torneo actual,usa promedios del contexto premium/API-Football,el volumen ofensivo puede variar por planteamiento y marcador temprano,https://www.betano.pe/cuotas-de-partido/csd-macara-santos-sp/90736623/
2026-08-20,17:00,Macara vs Santos,,Betano,Local goles -1.5,TEAM_TOTAL_HOME UNDER.1.5,TEAM_TOTAL_HOME:UNDER_1_5,68.4%,0.684400,,,,,,,Sin cuota/EV,No encontrado en Betano,Media,torneo actual,usa Poisson base con estadisticas de goles del torneo,un gol temprano o baja eficacia puede cambiar la lectura del mercado,https://www.betano.pe/cuotas-de-partido/csd-macara-santos-sp/90736623/
2026-08-20,17:00,Macara vs Santos,,Betano,Local goles +0.5,TEAM_TOTAL_HOME OVER.0.5,TEAM_TOTAL_HOME:OVER_0_5,68.0%,0.680200,,,,,,,Sin cuota/EV,No encontrado en Betano,Media,torneo actual,usa Poisson base con estadisticas de goles del torneo,un gol temprano o baja eficacia puede cambiar la lectura del mercado,https://www.betano.pe/cuotas-de-partido/csd-macara-santos-sp/90736623/
2026-08-20,17:00,Macara vs Santos,,Betano,DOUBLE_CHANCE X2,DOUBLE_CHANCE X2,DOUBLE_CHANCE:X2,67.7%,0.677300,,,,,,,Sin cuota/EV,No encontrado en Betano,Media,torneo actual,usa Poisson base con estadisticas de goles del torneo,riesgo propio del resultado final y variacion del modelo,https://www.betano.pe/cuotas-de-partido/csd-macara-santos-sp/90736623/
2026-08-20,17:00,Macara vs Santos,,Betano,SHOTS_ON_TARGET_TOTAL OVER.7.5,SHOTS_ON_TARGET_TOTAL OVER.7.5,SHOTS_ON_TARGET_TOTAL:OVER_7_5,64.0%,0.639800,,,,,,,Sin cuota/EV,No encontrado en Betano,Media,contexto premium torneo actual,usa promedios del contexto premium/API-Football,el volumen ofensivo puede variar por planteamiento y marcador temprano,https://www.betano.pe/cuotas-de-partido/csd-macara-santos-sp/90736623/
2026-08-20,17:00,Macara vs Santos,,Betano,SHOTS_ON_TARGET_TOTAL UNDER.9.5,SHOTS_ON_TARGET_TOTAL UNDER.9.5,SHOTS_ON_TARGET_TOTAL:UNDER_9_5,62.7%,0.626900,,,,,,,Sin cuota/EV,No encontrado en Betano,Media,contexto premium torneo actual,usa promedios del contexto premium/API-Football,el volumen ofensivo puede variar por planteamiento y marcador temprano,https://www.betano.pe/cuotas-de-partido/csd-macara-santos-sp/90736623/
2026-08-20,17:00,Macara vs Santos,,Betano,Visita goles -1.5,TEAM_TOTAL_AWAY UNDER.1.5,TEAM_TOTAL_AWAY:UNDER_1_5,62.2%,0.622400,,,,,,,Sin cuota/EV,No encontrado en Betano,Media,torneo actual,usa Poisson base con estadisticas de goles del torneo,un gol temprano o baja eficacia puede cambiar la lectura del mercado,https://www.betano.pe/cuotas-de-partido/csd-macara-santos-sp/90736623/
2026-08-20,17:00,Macara vs Santos,10Bet,Betano,Local corners -5.5,CORNERS_HOME UNDER.5.5,CORNERS_HOME:UNDER_5_5,61.6%,0.616000,1.77,0.09,0.090300,,,,EV positivo,No encontrado en Betano,Media,contexto premium torneo actual,usa promedios del contexto premium/API-Football,el volumen ofensivo puede variar por planteamiento y marcador temprano,https://www.betano.pe/cuotas-de-partido/csd-macara-santos-sp/90736623/
2026-08-20,17:00,Macara vs Santos,10Bet,Betano,Visita corners -4.5,CORNERS_AWAY UNDER.4.5,CORNERS_AWAY:UNDER_4_5,60.9%,0.609300,1.62,-0.01,-0.012900,,,,EV negativo,No encontrado en Betano,Media,contexto premium torneo actual,usa promedios del contexto premium/API-Football,el volumen ofensivo puede variar por planteamiento y marcador temprano,https://www.betano.pe/cuotas-de-partido/csd-macara-santos-sp/90736623/
2026-08-20,17:00,Macara vs Santos,,Betano,Tarjetas total -6.5,CARDS_TOTALS UNDER.6.5,CARDS_TOTALS:UNDER_6_5,60.6%,0.606300,,,,,,,Sin cuota/EV,No encontrado en Betano,Media,contexto premium torneo actual,usa promedios del contexto premium/API-Football,depende mucho del arbitro y del contexto competitivo,https://www.betano.pe/cuotas-de-partido/csd-macara-santos-sp/90736623/
2026-08-20,17:00,Macara vs Santos,,Betano,SHOTS_TOTAL OVER.24.5,SHOTS_TOTAL OVER.24.5,SHOTS_TOTAL:OVER_24_5,59.7%,0.596500,,,,,,,Sin cuota/EV,No encontrado en Betano,Media,contexto premium torneo actual,usa promedios del contexto premium/API-Football,el volumen ofensivo puede variar por planteamiento y marcador temprano,https://www.betano.pe/cuotas-de-partido/csd-macara-santos-sp/90736623/
2026-08-20,17:00,Macara vs Santos,,Betano,DOUBLE_CHANCE 1X,DOUBLE_CHANCE 1X,DOUBLE_CHANCE:1X,59.5%,0.594500,,,,,,,Sin cuota/EV,No encontrado en Betano,Media,torneo actual,usa Poisson base con estadisticas de goles del torneo,riesgo propio del resultado final y variacion del modelo,https://www.betano.pe/cuotas-de-partido/csd-macara-santos-sp/90736623/
2026-08-20,17:00,Macara vs Santos,10Bet,Betano,1T -1.5,FIRST_HALF_TOTALS UNDER.1.5,FIRST_HALF_TOTALS:UNDER_1_5,59.2%,0.591800,1.07,-0.37,-0.366700,1.40,-0.17,-0.171500,EV negativo,EV negativo Betano,Media,contexto premium torneo actual,usa promedios del contexto premium/API-Football,el primer tiempo puede tener ritmo bajo o rotaciones,https://www.betano.pe/cuotas-de-partido/csd-macara-santos-sp/90736623/
2026-08-20,17:00,Macara vs Santos,10Bet,Betano,Visita corners +3.5,CORNERS_AWAY OVER.3.5,CORNERS_AWAY:OVER_3_5,58.6%,0.585800,1.65,-0.03,-0.033400,,,,EV negativo,No encontrado en Betano,Media,contexto premium torneo actual,usa promedios del contexto premium/API-Football,el volumen ofensivo puede variar por planteamiento y marcador temprano,https://www.betano.pe/cuotas-de-partido/csd-macara-santos-sp/90736623/
2026-08-20,17:00,Macara vs Santos,10Bet,Betano,Corners total -9.5,CORNERS_TOTALS UNDER.9.5,CORNERS_TOTALS:UNDER_9_5,57.4%,0.574200,1.85,0.06,0.062300,1.85,0.06,0.062300,EV positivo,EV positivo Betano,Media,contexto premium torneo actual,usa promedios del contexto premium/API-Football,el volumen ofensivo puede variar por planteamiento y marcador temprano,https://www.betano.pe/cuotas-de-partido/csd-macara-santos-sp/90736623/
2026-08-20,17:00,Macara vs Santos,,Betano,Visita tarjetas -2.5,CARDS_AWAY UNDER.2.5,CARDS_AWAY:UNDER_2_5,57.0%,0.569700,,,,,,,Sin cuota/EV,No encontrado en Betano,Media,contexto premium torneo actual,usa promedios del contexto premium/API-Football,depende mucho del arbitro y del contexto competitivo,https://www.betano.pe/cuotas-de-partido/csd-macara-santos-sp/90736623/
2026-08-20,17:00,Macara vs Santos,,Betano,SHOTS_TOTAL UNDER.26.5,SHOTS_TOTAL UNDER.26.5,SHOTS_TOTAL:UNDER_26_5,56.0%,0.559700,,,,,,,Sin cuota/EV,No encontrado en Betano,Media,contexto premium torneo actual,usa promedios del contexto premium/API-Football,el volumen ofensivo puede variar por planteamiento y marcador temprano,https://www.betano.pe/cuotas-de-partido/csd-macara-santos-sp/90736623/
2026-08-20,17:00,Macara vs Santos,,Betano,Local corners +4.5,CORNERS_HOME OVER.4.5,CORNERS_HOME:OVER_4_5,56.0%,0.559500,,,,,,,Sin cuota/EV,No encontrado en Betano,Media,contexto premium torneo actual,usa promedios del contexto premium/API-Football,el volumen ofensivo puede variar por planteamiento y marcador temprano,https://www.betano.pe/cuotas-de-partido/csd-macara-santos-sp/90736623/
2026-08-20,17:00,Macara vs Santos,,Betano,Corners total +8.5,CORNERS_TOTALS OVER.8.5,CORNERS_TOTALS:OVER_8_5,55.7%,0.557400,,,,1.52,-0.15,-0.152800,Sin cuota/EV,EV negativo Betano,Media,contexto premium torneo actual,usa promedios del contexto premium/API-Football,el volumen ofensivo puede variar por planteamiento y marcador temprano,https://www.betano.pe/cuotas-de-partido/csd-macara-santos-sp/90736623/
2026-08-20,17:00,Macara vs Santos,10Bet,Betano,DNB visita,DRAW_NO_BET AWAY,DRAW_NO_BET:AWAY,55.7%,0.556900,1.95,0.09,0.085900,,,,EV positivo,No encontrado en Betano,Media,torneo actual,usa Poisson base con estadisticas de goles del torneo,riesgo propio del resultado final y variacion del modelo,https://www.betano.pe/cuotas-de-partido/csd-macara-santos-sp/90736623/
2026-08-20,17:00,Macara vs Santos,10Bet,Betano,Goles -2.5,TOTALS UNDER.2.5,TOTALS:UNDER_2_5,55.6%,0.556100,1.12,-0.38,-0.377200,1.75,-0.03,-0.026800,EV negativo,EV negativo Betano,Media,torneo actual,usa Poisson base con estadisticas de goles del torneo,un gol temprano o baja eficacia puede cambiar la lectura del mercado,https://www.betano.pe/cuotas-de-partido/csd-macara-santos-sp/90736623/
2026-08-20,17:00,Macara vs Santos,,Betano,Tarjetas total +5.5,CARDS_TOTALS OVER.5.5,CARDS_TOTALS:OVER_5_5,55.4%,0.554300,,,,2.15,0.19,0.191700,Sin cuota/EV,EV positivo Betano,Media,contexto premium torneo actual,usa promedios del contexto premium/API-Football,depende mucho del arbitro y del contexto competitivo,https://www.betano.pe/cuotas-de-partido/csd-macara-santos-sp/90736623/
2026-08-20,17:00,Macara vs Santos,,Betano,Local tarjetas -3.5,CARDS_HOME UNDER.3.5,CARDS_HOME:UNDER_3_5,51.5%,0.515200,,,,,,,Sin cuota/EV,No encontrado en Betano,Baja,contexto premium torneo actual,usa promedios del contexto premium/API-Football,depende mucho del arbitro y del contexto competitivo,https://www.betano.pe/cuotas-de-partido/csd-macara-santos-sp/90736623/
2026-08-20,17:00,Macara vs Santos,,Betano,SHOTS_ON_TARGET_TOTAL OVER.8.5,SHOTS_ON_TARGET_TOTAL OVER.8.5,SHOTS_ON_TARGET_TOTAL:OVER_8_5,50.4%,0.504200,,,,,,,Sin cuota/EV,No encontrado en Betano,Baja,contexto premium torneo actual,usa promedios del contexto premium/API-Football,el volumen ofensivo puede variar por planteamiento y marcador temprano,https://www.betano.pe/cuotas-de-partido/csd-macara-santos-sp/90736623/
2026-08-20,17:00,Macara vs Santos,10Bet,Betano,BTTS no,BTTS NO,BTTS:NO,50.3%,0.502900,1.18,-0.41,-0.406600,1.91,-0.04,-0.039500,EV negativo,EV negativo Betano,Baja,torneo actual,usa Poisson base con estadisticas de goles del torneo,un gol temprano o baja eficacia puede cambiar la lectura del mercado,https://www.betano.pe/cuotas-de-partido/csd-macara-santos-sp/90736623/
2026-08-20,17:00,Macara vs Santos,10Bet,Betano,BTTS sí,BTTS YES,BTTS:YES,49.7%,0.497100,4.33,1.15,1.152500,1.83,-0.09,-0.090300,EV positivo,EV negativo Betano,Baja,torneo actual,usa Poisson base con estadisticas de goles del torneo,un gol temprano o baja eficacia puede cambiar la lectura del mercado,https://www.betano.pe/cuotas-de-partido/csd-macara-santos-sp/90736623/
2026-08-20,17:00,Macara vs Santos,,Betano,SHOTS_ON_TARGET_TOTAL UNDER.8.5,SHOTS_ON_TARGET_TOTAL UNDER.8.5,SHOTS_ON_TARGET_TOTAL:UNDER_8_5,49.6%,0.495800,,,,,,,Sin cuota/EV,No encontrado en Betano,Baja,contexto premium torneo actual,usa promedios del contexto premium/API-Football,el volumen ofensivo puede variar por planteamiento y marcador temprano,https://www.betano.pe/cuotas-de-partido/csd-macara-santos-sp/90736623/
2026-08-20,17:00,Macara vs Santos,,Betano,Local tarjetas +3.5,CARDS_HOME OVER.3.5,CARDS_HOME:OVER_3_5,48.5%,0.484800,,,,,,,Sin cuota/EV,No encontrado en Betano,Baja,contexto premium torneo actual,usa promedios del contexto premium/API-Football,depende mucho del arbitro y del contexto competitivo,https://www.betano.pe/cuotas-de-partido/csd-macara-santos-sp/90736623/
2026-08-20,17:00,Macara vs Santos,,Betano,Tarjetas total -5.5,CARDS_TOTALS UNDER.5.5,CARDS_TOTALS:UNDER_5_5,44.6%,0.445700,,,,1.65,-0.26,-0.264600,Sin cuota/EV,EV negativo Betano,Baja,contexto premium torneo actual,usa promedios del contexto premium/API-Football,depende mucho del arbitro y del contexto competitivo,https://www.betano.pe/cuotas-de-partido/csd-macara-santos-sp/90736623/
2026-08-20,17:00,Macara vs Santos,10Bet,Betano,Goles +2.5,TOTALS OVER.2.5,TOTALS:OVER_2_5,44.4%,0.443900,5.25,1.33,1.330600,2.10,-0.07,-0.067800,EV positivo,EV negativo Betano,Baja,torneo actual,usa Poisson base con estadisticas de goles del torneo,un gol temprano o baja eficacia puede cambiar la lectura del mercado,https://www.betano.pe/cuotas-de-partido/csd-macara-santos-sp/90736623/
2026-08-20,17:00,Macara vs Santos,10Bet,Betano,DNB local,DRAW_NO_BET HOME,DRAW_NO_BET:HOME,44.3%,0.443100,1.75,-0.22,-0.224500,,,,EV negativo,No encontrado en Betano,Baja,torneo actual,usa Poisson base con estadisticas de goles del torneo,riesgo propio del resultado final y variacion del modelo,https://www.betano.pe/cuotas-de-partido/csd-macara-santos-sp/90736623/
2026-08-20,17:00,Macara vs Santos,,Betano,Corners total -8.5,CORNERS_TOTALS UNDER.8.5,CORNERS_TOTALS:UNDER_8_5,44.3%,0.442600,,,,2.42,0.07,0.071100,Sin cuota/EV,EV positivo Betano,Baja,contexto premium torneo actual,usa promedios del contexto premium/API-Football,el volumen ofensivo puede variar por planteamiento y marcador temprano,https://www.betano.pe/cuotas-de-partido/csd-macara-santos-sp/90736623/
2026-08-20,17:00,Macara vs Santos,,Betano,Local corners -4.5,CORNERS_HOME UNDER.4.5,CORNERS_HOME:UNDER_4_5,44.0%,0.440500,,,,,,,Sin cuota/EV,No encontrado en Betano,Baja,contexto premium torneo actual,usa promedios del contexto premium/API-Football,el volumen ofensivo puede variar por planteamiento y marcador temprano,https://www.betano.pe/cuotas-de-partido/csd-macara-santos-sp/90736623/
2026-08-20,17:00,Macara vs Santos,,Betano,SHOTS_TOTAL OVER.26.5,SHOTS_TOTAL OVER.26.5,SHOTS_TOTAL:OVER_26_5,44.0%,0.440300,,,,,,,Sin cuota/EV,No encontrado en Betano,Baja,contexto premium torneo actual,usa promedios del contexto premium/API-Football,el volumen ofensivo puede variar por planteamiento y marcador temprano,https://www.betano.pe/cuotas-de-partido/csd-macara-santos-sp/90736623/
2026-08-20,17:00,Macara vs Santos,,Betano,Visita tarjetas +2.5,CARDS_AWAY OVER.2.5,CARDS_AWAY:OVER_2_5,43.0%,0.430300,,,,,,,Sin cuota/EV,No encontrado en Betano,Baja,contexto premium torneo actual,usa promedios del contexto premium/API-Football,depende mucho del arbitro y del contexto competitivo,https://www.betano.pe/cuotas-de-partido/csd-macara-santos-sp/90736623/
2026-08-20,17:00,Macara vs Santos,10Bet,Betano,Corners total +9.5,CORNERS_TOTALS OVER.9.5,CORNERS_TOTALS:OVER_9_5,42.6%,0.425800,1.85,-0.21,-0.212300,1.88,-0.20,-0.199500,EV negativo,EV negativo Betano,Baja,contexto premium torneo actual,usa promedios del contexto premium/API-Football,el volumen ofensivo puede variar por planteamiento y marcador temprano,https://www.betano.pe/cuotas-de-partido/csd-macara-santos-sp/90736623/
2026-08-20,17:00,Macara vs Santos,10Bet,Betano,Visita corners -3.5,CORNERS_AWAY UNDER.3.5,CORNERS_AWAY:UNDER_3_5,41.4%,0.414200,1.95,-0.19,-0.192300,,,,EV negativo,No encontrado en Betano,Baja,contexto premium torneo actual,usa promedios del contexto premium/API-Football,el volumen ofensivo puede variar por planteamiento y marcador temprano,https://www.betano.pe/cuotas-de-partido/csd-macara-santos-sp/90736623/
2026-08-20,17:00,Macara vs Santos,10Bet,Betano,1T +1.5,FIRST_HALF_TOTALS OVER.1.5,FIRST_HALF_TOTALS:OVER_1_5,40.8%,0.408200,7.00,1.86,1.857200,2.90,0.18,0.183800,EV positivo,EV positivo Betano,Baja,contexto premium torneo actual,usa promedios del contexto premium/API-Football,el primer tiempo puede tener ritmo bajo o rotaciones,https://www.betano.pe/cuotas-de-partido/csd-macara-santos-sp/90736623/
2026-08-20,17:00,Macara vs Santos,10Bet,Betano,Gana visita,1X2 AWAY,1X2:AWAY,40.6%,0.405500,4.33,0.76,0.755700,3.85,0.56,0.561200,EV positivo,EV positivo Betano,Baja,torneo actual,usa Poisson base con estadisticas de goles del torneo,riesgo propio del resultado final y variacion del modelo,https://www.betano.pe/cuotas-de-partido/csd-macara-santos-sp/90736623/
2026-08-20,17:00,Macara vs Santos,,Betano,SHOTS_TOTAL UNDER.24.5,SHOTS_TOTAL UNDER.24.5,SHOTS_TOTAL:UNDER_24_5,40.4%,0.403500,,,,,,,Sin cuota/EV,No encontrado en Betano,Baja,contexto premium torneo actual,usa promedios del contexto premium/API-Football,el volumen ofensivo puede variar por planteamiento y marcador temprano,https://www.betano.pe/cuotas-de-partido/csd-macara-santos-sp/90736623/
2026-08-20,17:00,Macara vs Santos,,Betano,Tarjetas total +6.5,CARDS_TOTALS OVER.6.5,CARDS_TOTALS:OVER_6_5,39.4%,0.393700,,,,,,,Sin cuota/EV,No encontrado en Betano,Baja,contexto premium torneo actual,usa promedios del contexto premium/API-Football,depende mucho del arbitro y del contexto competitivo,https://www.betano.pe/cuotas-de-partido/csd-macara-santos-sp/90736623/
2026-08-20,17:00,Macara vs Santos,10Bet,Betano,Visita corners +4.5,CORNERS_AWAY OVER.4.5,CORNERS_AWAY:OVER_4_5,39.1%,0.390700,2.00,-0.22,-0.218600,,,,EV negativo,No encontrado en Betano,Baja,contexto premium torneo actual,usa promedios del contexto premium/API-Football,el volumen ofensivo puede variar por planteamiento y marcador temprano,https://www.betano.pe/cuotas-de-partido/csd-macara-santos-sp/90736623/
2026-08-20,17:00,Macara vs Santos,10Bet,Betano,Local corners +5.5,CORNERS_HOME OVER.5.5,CORNERS_HOME:OVER_5_5,38.4%,0.384000,1.80,-0.31,-0.308700,,,,EV negativo,No encontrado en Betano,Baja,contexto premium torneo actual,usa promedios del contexto premium/API-Football,el volumen ofensivo puede variar por planteamiento y marcador temprano,https://www.betano.pe/cuotas-de-partido/csd-macara-santos-sp/90736623/
2026-08-20,17:00,Macara vs Santos,,Betano,Visita goles +1.5,TEAM_TOTAL_AWAY OVER.1.5,TEAM_TOTAL_AWAY:OVER_1_5,37.8%,0.377600,,,,,,,Sin cuota/EV,No encontrado en Betano,Baja,torneo actual,usa Poisson base con estadisticas de goles del torneo,un gol temprano o baja eficacia puede cambiar la lectura del mercado,https://www.betano.pe/cuotas-de-partido/csd-macara-santos-sp/90736623/
2026-08-20,17:00,Macara vs Santos,,Betano,SHOTS_ON_TARGET_TOTAL OVER.9.5,SHOTS_ON_TARGET_TOTAL OVER.9.5,SHOTS_ON_TARGET_TOTAL:OVER_9_5,37.3%,0.373100,,,,,,,Sin cuota/EV,No encontrado en Betano,Baja,contexto premium torneo actual,usa promedios del contexto premium/API-Football,el volumen ofensivo puede variar por planteamiento y marcador temprano,https://www.betano.pe/cuotas-de-partido/csd-macara-santos-sp/90736623/
2026-08-20,17:00,Macara vs Santos,,Betano,SHOTS_ON_TARGET_TOTAL UNDER.7.5,SHOTS_ON_TARGET_TOTAL UNDER.7.5,SHOTS_ON_TARGET_TOTAL:UNDER_7_5,36.0%,0.360200,,,,,,,Sin cuota/EV,No encontrado en Betano,Baja,contexto premium torneo actual,usa promedios del contexto premium/API-Football,el volumen ofensivo puede variar por planteamiento y marcador temprano,https://www.betano.pe/cuotas-de-partido/csd-macara-santos-sp/90736623/
2026-08-20,17:00,Macara vs Santos,10Bet,Betano,Gana local,1X2 HOME,1X2:HOME,32.3%,0.322700,3.90,0.26,0.258400,2.07,-0.33,-0.332000,EV positivo,EV negativo Betano,Baja,torneo actual,usa Poisson base con estadisticas de goles del torneo,riesgo propio del resultado final y variacion del modelo,https://www.betano.pe/cuotas-de-partido/csd-macara-santos-sp/90736623/
2026-08-20,17:00,Macara vs Santos,,Betano,Local goles -0.5,TEAM_TOTAL_HOME UNDER.0.5,TEAM_TOTAL_HOME:UNDER_0_5,32.0%,0.319800,,,,,,,Sin cuota/EV,No encontrado en Betano,Baja,torneo actual,usa Poisson base con estadisticas de goles del torneo,un gol temprano o baja eficacia puede cambiar la lectura del mercado,https://www.betano.pe/cuotas-de-partido/csd-macara-santos-sp/90736623/
2026-08-20,17:00,Macara vs Santos,,Betano,Local goles +1.5,TEAM_TOTAL_HOME OVER.1.5,TEAM_TOTAL_HOME:OVER_1_5,31.6%,0.315600,,,,,,,Sin cuota/EV,No encontrado en Betano,Baja,torneo actual,usa Poisson base con estadisticas de goles del torneo,un gol temprano o baja eficacia puede cambiar la lectura del mercado,https://www.betano.pe/cuotas-de-partido/csd-macara-santos-sp/90736623/
2026-08-20,17:00,Macara vs Santos,,Betano,Corners total -7.5,CORNERS_TOTALS UNDER.7.5,CORNERS_TOTALS:UNDER_7_5,31.2%,0.312300,,,,,,,Sin cuota/EV,No encontrado en Betano,Baja,contexto premium torneo actual,usa promedios del contexto premium/API-Football,el volumen ofensivo puede variar por planteamiento y marcador temprano,https://www.betano.pe/cuotas-de-partido/csd-macara-santos-sp/90736623/
2026-08-20,17:00,Macara vs Santos,,Betano,Visita tarjetas -1.5,CARDS_AWAY UNDER.1.5,CARDS_AWAY:UNDER_1_5,30.8%,0.308400,,,,,,,Sin cuota/EV,No encontrado en Betano,Baja,contexto premium torneo actual,usa promedios del contexto premium/API-Football,depende mucho del arbitro y del contexto competitivo,https://www.betano.pe/cuotas-de-partido/csd-macara-santos-sp/90736623/
2026-08-20,17:00,Macara vs Santos,,Betano,Corners total +10.5,CORNERS_TOTALS OVER.10.5,CORNERS_TOTALS:OVER_10_5,30.6%,0.305900,,,,2.45,-0.25,-0.250500,Sin cuota/EV,EV negativo Betano,Baja,contexto premium torneo actual,usa promedios del contexto premium/API-Football,el volumen ofensivo puede variar por planteamiento y marcador temprano,https://www.betano.pe/cuotas-de-partido/csd-macara-santos-sp/90736623/
2026-08-20,17:00,Macara vs Santos,,Betano,Local tarjetas -2.5,CARDS_HOME UNDER.2.5,CARDS_HOME:UNDER_2_5,30.3%,0.302700,,,,,,,Sin cuota/EV,No encontrado en Betano,Baja,contexto premium torneo actual,usa promedios del contexto premium/API-Football,depende mucho del arbitro y del contexto competitivo,https://www.betano.pe/cuotas-de-partido/csd-macara-santos-sp/90736623/
2026-08-20,17:00,Macara vs Santos,10Bet,Betano,Goles -1.5,TOTALS UNDER.1.5,TOTALS:UNDER_1_5,29.7%,0.297200,1.53,-0.55,-0.545300,3.10,-0.08,-0.078700,EV negativo,EV negativo Betano,Baja,torneo actual,usa Poisson base con estadisticas de goles del torneo,un gol temprano o baja eficacia puede cambiar la lectura del mercado,https://www.betano.pe/cuotas-de-partido/csd-macara-santos-sp/90736623/
2026-08-20,17:00,Macara vs Santos,,Betano,Tarjetas total -4.5,CARDS_TOTALS UNDER.4.5,CARDS_TOTALS:UNDER_4_5,28.5%,0.285100,,,,,,,Sin cuota/EV,No encontrado en Betano,Baja,contexto premium torneo actual,usa promedios del contexto premium/API-Football,depende mucho del arbitro y del contexto competitivo,https://www.betano.pe/cuotas-de-partido/csd-macara-santos-sp/90736623/
2026-08-20,17:00,Macara vs Santos,10Bet,Betano,Empate,1X2 DRAW,1X2:DRAW,27.2%,0.271900,1.67,-0.55,-0.546000,3.25,-0.12,-0.116300,EV negativo,EV negativo Betano,Baja,torneo actual,usa Poisson base con estadisticas de goles del torneo,riesgo propio del resultado final y variacion del modelo,https://www.betano.pe/cuotas-de-partido/csd-macara-santos-sp/90736623/
2026-08-20,17:00,Macara vs Santos,,Betano,Visita goles -0.5,TEAM_TOTAL_AWAY UNDER.0.5,TEAM_TOTAL_AWAY:UNDER_0_5,26.9%,0.269200,,,,,,,Sin cuota/EV,No encontrado en Betano,Baja,torneo actual,usa Poisson base con estadisticas de goles del torneo,un gol temprano o baja eficacia puede cambiar la lectura del mercado,https://www.betano.pe/cuotas-de-partido/csd-macara-santos-sp/90736623/
2026-08-20,17:00,Macara vs Santos,,Betano,Local corners -3.5,CORNERS_HOME UNDER.3.5,CORNERS_HOME:UNDER_3_5,26.5%,0.265000,,,,,,,Sin cuota/EV,No encontrado en Betano,Baja,contexto premium torneo actual,usa promedios del contexto premium/API-Football,el volumen ofensivo puede variar por planteamiento y marcador temprano,https://www.betano.pe/cuotas-de-partido/csd-macara-santos-sp/90736623/
2026-08-20,17:00,Macara vs Santos,,Betano,SHOTS_TOTAL UNDER.22.5,SHOTS_TOTAL UNDER.22.5,SHOTS_TOTAL:UNDER_22_5,25.8%,0.257900,,,,,,,Sin cuota/EV,No encontrado en Betano,Baja,contexto premium torneo actual,usa promedios del contexto premium/API-Football,el volumen ofensivo puede variar por planteamiento y marcador temprano,https://www.betano.pe/cuotas-de-partido/csd-macara-santos-sp/90736623/
2026-08-20,17:00,Macara vs Santos,10Bet,Betano,1T -0.5,FIRST_HALF_TOTALS UNDER.0.5,FIRST_HALF_TOTALS:UNDER_0_5,24.7%,0.246600,1.62,-0.60,-0.600500,2.70,-0.33,-0.334200,EV negativo,EV negativo Betano,Baja,contexto premium torneo actual,usa promedios del contexto premium/API-Football,el primer tiempo puede tener ritmo bajo o rotaciones,https://www.betano.pe/cuotas-de-partido/csd-macara-santos-sp/90736623/
2026-08-20,17:00,Macara vs Santos,,Betano,Local corners +6.5,CORNERS_HOME OVER.6.5,CORNERS_HOME:OVER_6_5,23.8%,0.237800,,,,,,,Sin cuota/EV,No encontrado en Betano,Baja,contexto premium torneo actual,usa promedios del contexto premium/API-Football,el volumen ofensivo puede variar por planteamiento y marcador temprano,https://www.betano.pe/cuotas-de-partido/csd-macara-santos-sp/90736623/
2026-08-20,17:00,Macara vs Santos,,Betano,SHOTS_ON_TARGET_TOTAL UNDER.6.5,SHOTS_ON_TARGET_TOTAL UNDER.6.5,SHOTS_ON_TARGET_TOTAL:UNDER_6_5,23.5%,0.235500,,,,,,,Sin cuota/EV,No encontrado en Betano,Baja,contexto premium torneo actual,usa promedios del contexto premium/API-Football,el volumen ofensivo puede variar por planteamiento y marcador temprano,https://www.betano.pe/cuotas-de-partido/csd-macara-santos-sp/90736623/
2026-08-20,17:00,Macara vs Santos,10Bet,Betano,Goles +3.5,TOTALS OVER.3.5,TOTALS:OVER_3_5,23.2%,0.232300,3.85,-0.11,-0.105600,3.65,-0.15,-0.152100,EV negativo,EV negativo Betano,Baja,torneo actual,usa Poisson base con estadisticas de goles del torneo,un gol temprano o baja eficacia puede cambiar la lectura del mercado,https://www.betano.pe/cuotas-de-partido/csd-macara-santos-sp/90736623/
2026-08-20,17:00,Macara vs Santos,,Betano,Visita corners +5.5,CORNERS_AWAY OVER.5.5,CORNERS_AWAY:OVER_5_5,23.1%,0.230700,,,,,,,Sin cuota/EV,No encontrado en Betano,Baja,contexto premium torneo actual,usa promedios del contexto premium/API-Football,el volumen ofensivo puede variar por planteamiento y marcador temprano,https://www.betano.pe/cuotas-de-partido/csd-macara-santos-sp/90736623/
2026-08-20,17:00,Macara vs Santos,,Betano,Visita tarjetas +3.5,CARDS_AWAY OVER.3.5,CARDS_AWAY:OVER_3_5,22.1%,0.221300,,,,,,,Sin cuota/EV,No encontrado en Betano,Baja,contexto premium torneo actual,usa promedios del contexto premium/API-Football,depende mucho del arbitro y del contexto competitivo,https://www.betano.pe/cuotas-de-partido/csd-macara-santos-sp/90736623/
2026-08-20,17:00,Macara vs Santos,,Betano,Corners total +11.5,CORNERS_TOTALS OVER.11.5,CORNERS_TOTALS:OVER_11_5,20.7%,0.206800,,,,,,,Sin cuota/EV,No encontrado en Betano,Baja,contexto premium torneo actual,usa promedios del contexto premium/API-Football,el volumen ofensivo puede variar por planteamiento y marcador temprano,https://www.betano.pe/cuotas-de-partido/csd-macara-santos-sp/90736623/
2026-08-20,17:00,Macara vs Santos,,Betano,Tarjetas total -3.5,CARDS_TOTALS UNDER.3.5,CARDS_TOTALS:UNDER_3_5,15.1%,0.151200,,,,,,,Sin cuota/EV,No encontrado en Betano,Baja,contexto premium torneo actual,usa promedios del contexto premium/API-Football,depende mucho del arbitro y del contexto competitivo,https://www.betano.pe/cuotas-de-partido/csd-macara-santos-sp/90736623/
2026-08-20,17:00,Macara vs Santos,,Betano,Visita goles +2.5,TEAM_TOTAL_AWAY OVER.2.5,TEAM_TOTAL_AWAY:OVER_2_5,14.6%,0.145800,,,,,,,Sin cuota/EV,No encontrado en Betano,Baja,torneo actual,usa Poisson base con estadisticas de goles del torneo,un gol temprano o baja eficacia puede cambiar la lectura del mercado,https://www.betano.pe/cuotas-de-partido/csd-macara-santos-sp/90736623/
2026-08-20,17:00,Macara vs Santos,,Betano,SHOTS_TOTAL UNDER.20.5,SHOTS_TOTAL UNDER.20.5,SHOTS_TOTAL:UNDER_20_5,14.3%,0.142900,,,,,,,Sin cuota/EV,No encontrado en Betano,Baja,contexto premium torneo actual,usa promedios del contexto premium/API-Football,el volumen ofensivo puede variar por planteamiento y marcador temprano,https://www.betano.pe/cuotas-de-partido/csd-macara-santos-sp/90736623/
2026-08-20,17:00,Macara vs Santos,,Betano,Local tarjetas -1.5,CARDS_HOME UNDER.1.5,CARDS_HOME:UNDER_1_5,12.6%,0.125700,,,,,,,Sin cuota/EV,No encontrado en Betano,Baja,contexto premium torneo actual,usa promedios del contexto premium/API-Football,depende mucho del arbitro y del contexto competitivo,https://www.betano.pe/cuotas-de-partido/csd-macara-santos-sp/90736623/
2026-08-20,17:00,Macara vs Santos,,Betano,Visita corners +6.5,CORNERS_AWAY OVER.6.5,CORNERS_AWAY:OVER_6_5,12.1%,0.121400,,,,,,,Sin cuota/EV,No encontrado en Betano,Baja,contexto premium torneo actual,usa promedios del contexto premium/API-Football,el volumen ofensivo puede variar por planteamiento y marcador temprano,https://www.betano.pe/cuotas-de-partido/csd-macara-santos-sp/90736623/
2026-08-20,17:00,Macara vs Santos,,Betano,Local goles +2.5,TEAM_TOTAL_HOME OVER.2.5,TEAM_TOTAL_HOME:OVER_2_5,10.8%,0.107800,,,,,,,Sin cuota/EV,No encontrado en Betano,Baja,torneo actual,usa Poisson base con estadisticas de goles del torneo,un gol temprano o baja eficacia puede cambiar la lectura del mercado,https://www.betano.pe/cuotas-de-partido/csd-macara-santos-sp/90736623/
2026-08-20,17:00,Macara vs Santos,,Betano,Visita tarjetas -0.5,CARDS_AWAY UNDER.0.5,CARDS_AWAY:UNDER_0_5,9.1%,0.090700,,,,,,,Sin cuota/EV,No encontrado en Betano,Baja,contexto premium torneo actual,usa promedios del contexto premium/API-Football,depende mucho del arbitro y del contexto competitivo,https://www.betano.pe/cuotas-de-partido/csd-macara-santos-sp/90736623/
2026-08-20,17:00,Macara vs Santos,,Betano,SHOTS_TOTAL UNDER.18.5,SHOTS_TOTAL UNDER.18.5,SHOTS_TOTAL:UNDER_18_5,6.7%,0.067000,,,,,,,Sin cuota/EV,No encontrado en Betano,Baja,contexto premium torneo actual,usa promedios del contexto premium/API-Football,el volumen ofensivo puede variar por planteamiento y marcador temprano,https://www.betano.pe/cuotas-de-partido/csd-macara-santos-sp/90736623/
2026-08-20,17:00,Macara vs Santos,,Betano,Tarjetas total -2.5,CARDS_TOTALS UNDER.2.5,CARDS_TOTALS:UNDER_2_5,6.2%,0.062000,,,,,,,Sin cuota/EV,No encontrado en Betano,Baja,contexto premium torneo actual,usa promedios del contexto premium/API-Football,depende mucho del arbitro y del contexto competitivo,https://www.betano.pe/cuotas-de-partido/csd-macara-santos-sp/90736623/
2026-08-20,17:00,Macara vs Santos,,Betano,Local tarjetas -0.5,CARDS_HOME UNDER.0.5,CARDS_HOME:UNDER_0_5,2.7%,0.027300,,,,,,,Sin cuota/EV,No encontrado en Betano,Baja,contexto premium torneo actual,usa promedios del contexto premium/API-Football,depende mucho del arbitro y del contexto competitivo,https://www.betano.pe/cuotas-de-partido/csd-macara-santos-sp/90736623/
2026-08-20,17:00,Olimpia vs Vasco DA Gama,,Betano,SHOTS_TOTAL OVER.18.5,SHOTS_TOTAL OVER.18.5,SHOTS_TOTAL:OVER_18_5,97.0%,0.970000,,,,,,,Sin cuota/EV,No encontrado en Betano,Alta,contexto premium torneo actual,usa promedios del contexto premium/API-Football,el volumen ofensivo puede variar por planteamiento y marcador temprano,https://www.betano.pe/cuotas-de-partido/olimpia-asuncion-vasco-da-gama-rj/90736653/
2026-08-20,17:00,Olimpia vs Vasco DA Gama,,Betano,SHOTS_TOTAL OVER.20.5,SHOTS_TOTAL OVER.20.5,SHOTS_TOTAL:OVER_20_5,92.7%,0.927300,,,,,,,Sin cuota/EV,No encontrado en Betano,Alta,contexto premium torneo actual,usa promedios del contexto premium/API-Football,el volumen ofensivo puede variar por planteamiento y marcador temprano,https://www.betano.pe/cuotas-de-partido/olimpia-asuncion-vasco-da-gama-rj/90736653/
2026-08-20,17:00,Olimpia vs Vasco DA Gama,,Betano,Local tarjetas +0.5,CARDS_HOME OVER.0.5,CARDS_HOME:OVER_0_5,90.9%,0.909300,,,,,,,Sin cuota/EV,No encontrado en Betano,Alta,contexto premium torneo actual,usa promedios del contexto premium/API-Football,depende mucho del arbitro y del contexto competitivo,https://www.betano.pe/cuotas-de-partido/olimpia-asuncion-vasco-da-gama-rj/90736653/
2026-08-20,17:00,Olimpia vs Vasco DA Gama,,Betano,Visita tarjetas +0.5,CARDS_AWAY OVER.0.5,CARDS_AWAY:OVER_0_5,90.9%,0.909300,,,,,,,Sin cuota/EV,No encontrado en Betano,Alta,contexto premium torneo actual,usa promedios del contexto premium/API-Football,depende mucho del arbitro y del contexto competitivo,https://www.betano.pe/cuotas-de-partido/olimpia-asuncion-vasco-da-gama-rj/90736653/
2026-08-20,17:00,Olimpia vs Vasco DA Gama,,Betano,Visita goles -2.5,TEAM_TOTAL_AWAY UNDER.2.5,TEAM_TOTAL_AWAY:UNDER_2_5,90.1%,0.901000,,,,,,,Sin cuota/EV,No encontrado en Betano,Alta,torneo actual,usa Poisson base con estadisticas de goles del torneo,un gol temprano o baja eficacia puede cambiar la lectura del mercado,https://www.betano.pe/cuotas-de-partido/olimpia-asuncion-vasco-da-gama-rj/90736653/
2026-08-20,17:00,Olimpia vs Vasco DA Gama,,Betano,Local goles -2.5,TEAM_TOTAL_HOME UNDER.2.5,TEAM_TOTAL_HOME:UNDER_2_5,87.5%,0.874600,,,,,,,Sin cuota/EV,No encontrado en Betano,Alta,torneo actual,usa Poisson base con estadisticas de goles del torneo,un gol temprano o baja eficacia puede cambiar la lectura del mercado,https://www.betano.pe/cuotas-de-partido/olimpia-asuncion-vasco-da-gama-rj/90736653/
2026-08-20,17:00,Olimpia vs Vasco DA Gama,,Betano,Tarjetas total +2.5,CARDS_TOTALS OVER.2.5,CARDS_TOTALS:OVER_2_5,85.8%,0.857500,,,,,,,Sin cuota/EV,No encontrado en Betano,Alta,contexto premium torneo actual,usa promedios del contexto premium/API-Football,depende mucho del arbitro y del contexto competitivo,https://www.betano.pe/cuotas-de-partido/olimpia-asuncion-vasco-da-gama-rj/90736653/
2026-08-20,17:00,Olimpia vs Vasco DA Gama,,Betano,SHOTS_TOTAL OVER.22.5,SHOTS_TOTAL OVER.22.5,SHOTS_TOTAL:OVER_22_5,85.2%,0.851700,,,,,,,Sin cuota/EV,No encontrado en Betano,Alta,contexto premium torneo actual,usa promedios del contexto premium/API-Football,el volumen ofensivo puede variar por planteamiento y marcador temprano,https://www.betano.pe/cuotas-de-partido/olimpia-asuncion-vasco-da-gama-rj/90736653/
2026-08-20,17:00,Olimpia vs Vasco DA Gama,10Bet,Betano,1T -1.5,FIRST_HALF_TOTALS UNDER.1.5,FIRST_HALF_TOTALS:UNDER_1_5,80.9%,0.808800,1.08,-0.13,-0.126500,1.30,0.05,0.051400,EV negativo,EV positivo Betano,Alta,contexto premium torneo actual,usa promedios del contexto premium/API-Football,el primer tiempo puede tener ritmo bajo o rotaciones,https://www.betano.pe/cuotas-de-partido/olimpia-asuncion-vasco-da-gama-rj/90736653/
2026-08-20,17:00,Olimpia vs Vasco DA Gama,,Betano,Local corners -6.5,CORNERS_HOME UNDER.6.5,CORNERS_HOME:UNDER_6_5,80.5%,0.804600,,,,,,,Sin cuota/EV,No encontrado en Betano,Alta,contexto premium torneo actual,usa promedios del contexto premium/API-Football,el volumen ofensivo puede variar por planteamiento y marcador temprano,https://www.betano.pe/cuotas-de-partido/olimpia-asuncion-vasco-da-gama-rj/90736653/
2026-08-20,17:00,Olimpia vs Vasco DA Gama,,Betano,SHOTS_ON_TARGET_TOTAL OVER.6.5,SHOTS_ON_TARGET_TOTAL OVER.6.5,SHOTS_ON_TARGET_TOTAL:OVER_6_5,80.2%,0.802200,,,,,,,Sin cuota/EV,No encontrado en Betano,Alta,contexto premium torneo actual,usa promedios del contexto premium/API-Football,el volumen ofensivo puede variar por planteamiento y marcador temprano,https://www.betano.pe/cuotas-de-partido/olimpia-asuncion-vasco-da-gama-rj/90736653/
2026-08-20,17:00,Olimpia vs Vasco DA Gama,10Bet,Betano,Goles -3.5,TOTALS UNDER.3.5,TOTALS:UNDER_3_5,79.5%,0.795300,1.22,-0.03,-0.029700,1.22,-0.03,-0.029700,EV negativo,EV negativo Betano,Alta,torneo actual,usa Poisson base con estadisticas de goles del torneo,un gol temprano o baja eficacia puede cambiar la lectura del mercado,https://www.betano.pe/cuotas-de-partido/olimpia-asuncion-vasco-da-gama-rj/90736653/
2026-08-20,17:00,Olimpia vs Vasco DA Gama,,Betano,Tarjetas total -6.5,CARDS_TOTALS UNDER.6.5,CARDS_TOTALS:UNDER_6_5,79.1%,0.790800,,,,1.88,0.49,0.486700,Sin cuota/EV,EV positivo Betano,Alta,contexto premium torneo actual,usa promedios del contexto premium/API-Football,depende mucho del arbitro y del contexto competitivo,https://www.betano.pe/cuotas-de-partido/olimpia-asuncion-vasco-da-gama-rj/90736653/
2026-08-20,17:00,Olimpia vs Vasco DA Gama,,Betano,Local tarjetas -3.5,CARDS_HOME UNDER.3.5,CARDS_HOME:UNDER_3_5,77.9%,0.778700,,,,,,,Sin cuota/EV,No encontrado en Betano,Alta,contexto premium torneo actual,usa promedios del contexto premium/API-Football,depende mucho del arbitro y del contexto competitivo,https://www.betano.pe/cuotas-de-partido/olimpia-asuncion-vasco-da-gama-rj/90736653/
2026-08-20,17:00,Olimpia vs Vasco DA Gama,,Betano,Visita tarjetas -3.5,CARDS_AWAY UNDER.3.5,CARDS_AWAY:UNDER_3_5,77.9%,0.778700,,,,,,,Sin cuota/EV,No encontrado en Betano,Alta,contexto premium torneo actual,usa promedios del contexto premium/API-Football,depende mucho del arbitro y del contexto competitivo,https://www.betano.pe/cuotas-de-partido/olimpia-asuncion-vasco-da-gama-rj/90736653/
2026-08-20,17:00,Olimpia vs Vasco DA Gama,,Betano,Corners total +7.5,CORNERS_TOTALS OVER.7.5,CORNERS_TOTALS:OVER_7_5,77.1%,0.770600,,,,,,,Sin cuota/EV,No encontrado en Betano,Alta,contexto premium torneo actual,usa promedios del contexto premium/API-Football,el volumen ofensivo puede variar por planteamiento y marcador temprano,https://www.betano.pe/cuotas-de-partido/olimpia-asuncion-vasco-da-gama-rj/90736653/
2026-08-20,17:00,Olimpia vs Vasco DA Gama,10Bet,Betano,Visita corners +3.5,CORNERS_AWAY OVER.3.5,CORNERS_AWAY:OVER_3_5,76.2%,0.761900,1.55,0.18,0.181000,,,,EV positivo,No encontrado en Betano,Alta,contexto premium torneo actual,usa promedios del contexto premium/API-Football,el volumen ofensivo puede variar por planteamiento y marcador temprano,https://www.betano.pe/cuotas-de-partido/olimpia-asuncion-vasco-da-gama-rj/90736653/
2026-08-20,17:00,Olimpia vs Vasco DA Gama,,Betano,SHOTS_TOTAL OVER.24.5,SHOTS_TOTAL OVER.24.5,SHOTS_TOTAL:OVER_24_5,74.0%,0.740100,,,,,,,Sin cuota/EV,No encontrado en Betano,Alta,contexto premium torneo actual,usa promedios del contexto premium/API-Football,el volumen ofensivo puede variar por planteamiento y marcador temprano,https://www.betano.pe/cuotas-de-partido/olimpia-asuncion-vasco-da-gama-rj/90736653/
2026-08-20,17:00,Olimpia vs Vasco DA Gama,,Betano,Visita corners -6.5,CORNERS_AWAY UNDER.6.5,CORNERS_AWAY:UNDER_6_5,73.2%,0.732400,,,,,,,Sin cuota/EV,No encontrado en Betano,Alta,contexto premium torneo actual,usa promedios del contexto premium/API-Football,el volumen ofensivo puede variar por planteamiento y marcador temprano,https://www.betano.pe/cuotas-de-partido/olimpia-asuncion-vasco-da-gama-rj/90736653/
2026-08-20,17:00,Olimpia vs Vasco DA Gama,,Betano,DOUBLE_CHANCE 12,DOUBLE_CHANCE 12,DOUBLE_CHANCE:12,71.9%,0.718500,,,,,,,Sin cuota/EV,No encontrado en Betano,Alta,torneo actual,usa Poisson base con estadisticas de goles del torneo,riesgo propio del resultado final y variacion del modelo,https://www.betano.pe/cuotas-de-partido/olimpia-asuncion-vasco-da-gama-rj/90736653/
2026-08-20,17:00,Olimpia vs Vasco DA Gama,,Betano,Corners total -11.5,CORNERS_TOTALS UNDER.11.5,CORNERS_TOTALS:UNDER_11_5,70.8%,0.708100,,,,,,,Sin cuota/EV,No encontrado en Betano,Alta,contexto premium torneo actual,usa promedios del contexto premium/API-Football,el volumen ofensivo puede variar por planteamiento y marcador temprano,https://www.betano.pe/cuotas-de-partido/olimpia-asuncion-vasco-da-gama-rj/90736653/
2026-08-20,17:00,Olimpia vs Vasco DA Gama,,Betano,Tarjetas total +3.5,CARDS_TOTALS OVER.3.5,CARDS_TOTALS:OVER_3_5,70.6%,0.705800,,,,,,,Sin cuota/EV,No encontrado en Betano,Alta,contexto premium torneo actual,usa promedios del contexto premium/API-Football,depende mucho del arbitro y del contexto competitivo,https://www.betano.pe/cuotas-de-partido/olimpia-asuncion-vasco-da-gama-rj/90736653/
2026-08-20,17:00,Olimpia vs Vasco DA Gama,,Betano,Local goles +0.5,TEAM_TOTAL_HOME OVER.0.5,TEAM_TOTAL_HOME:OVER_0_5,70.5%,0.705500,,,,,,,Sin cuota/EV,No encontrado en Betano,Alta,torneo actual,usa Poisson base con estadisticas de goles del torneo,un gol temprano o baja eficacia puede cambiar la lectura del mercado,https://www.betano.pe/cuotas-de-partido/olimpia-asuncion-vasco-da-gama-rj/90736653/
2026-08-20,17:00,Olimpia vs Vasco DA Gama,,Betano,Visita goles -1.5,TEAM_TOTAL_AWAY UNDER.1.5,TEAM_TOTAL_AWAY:UNDER_1_5,70.0%,0.700100,,,,,,,Sin cuota/EV,No encontrado en Betano,Alta,torneo actual,usa Poisson base con estadisticas de goles del torneo,un gol temprano o baja eficacia puede cambiar la lectura del mercado,https://www.betano.pe/cuotas-de-partido/olimpia-asuncion-vasco-da-gama-rj/90736653/
2026-08-20,17:00,Olimpia vs Vasco DA Gama,,Betano,Local tarjetas +1.5,CARDS_HOME OVER.1.5,CARDS_HOME:OVER_1_5,69.2%,0.691600,,,,,,,Sin cuota/EV,No encontrado en Betano,Media,contexto premium torneo actual,usa promedios del contexto premium/API-Football,depende mucho del arbitro y del contexto competitivo,https://www.betano.pe/cuotas-de-partido/olimpia-asuncion-vasco-da-gama-rj/90736653/
2026-08-20,17:00,Olimpia vs Vasco DA Gama,,Betano,Visita tarjetas +1.5,CARDS_AWAY OVER.1.5,CARDS_AWAY:OVER_1_5,69.2%,0.691600,,,,,,,Sin cuota/EV,No encontrado en Betano,Media,contexto premium torneo actual,usa promedios del contexto premium/API-Football,depende mucho del arbitro y del contexto competitivo,https://www.betano.pe/cuotas-de-partido/olimpia-asuncion-vasco-da-gama-rj/90736653/
2026-08-20,17:00,Olimpia vs Vasco DA Gama,,Betano,Local corners +3.5,CORNERS_HOME OVER.3.5,CORNERS_HOME:OVER_3_5,69.0%,0.690300,,,,,,,Sin cuota/EV,No encontrado en Betano,Media,contexto premium torneo actual,usa promedios del contexto premium/API-Football,el volumen ofensivo puede variar por planteamiento y marcador temprano,https://www.betano.pe/cuotas-de-partido/olimpia-asuncion-vasco-da-gama-rj/90736653/
2026-08-20,17:00,Olimpia vs Vasco DA Gama,,Betano,SHOTS_ON_TARGET_TOTAL OVER.7.5,SHOTS_ON_TARGET_TOTAL OVER.7.5,SHOTS_ON_TARGET_TOTAL:OVER_7_5,68.8%,0.687700,,,,,,,Sin cuota/EV,No encontrado en Betano,Media,contexto premium torneo actual,usa promedios del contexto premium/API-Football,el volumen ofensivo puede variar por planteamiento y marcador temprano,https://www.betano.pe/cuotas-de-partido/olimpia-asuncion-vasco-da-gama-rj/90736653/
2026-08-20,17:00,Olimpia vs Vasco DA Gama,10Bet,Betano,Goles +1.5,TOTALS OVER.1.5,TOTALS:OVER_1_5,67.4%,0.673700,2.35,0.58,0.583100,1.47,-0.01,-0.009700,EV positivo,EV negativo Betano,Media,torneo actual,usa Poisson base con estadisticas de goles del torneo,un gol temprano o baja eficacia puede cambiar la lectura del mercado,https://www.betano.pe/cuotas-de-partido/olimpia-asuncion-vasco-da-gama-rj/90736653/
2026-08-20,17:00,Olimpia vs Vasco DA Gama,,Betano,DOUBLE_CHANCE 1X,DOUBLE_CHANCE 1X,DOUBLE_CHANCE:1X,67.2%,0.671600,,,,,,,Sin cuota/EV,No encontrado en Betano,Media,torneo actual,usa Poisson base con estadisticas de goles del torneo,riesgo propio del resultado final y variacion del modelo,https://www.betano.pe/cuotas-de-partido/olimpia-asuncion-vasco-da-gama-rj/90736653/
2026-08-20,17:00,Olimpia vs Vasco DA Gama,,Betano,Local corners -5.5,CORNERS_HOME UNDER.5.5,CORNERS_HOME:UNDER_5_5,66.8%,0.668400,,,,,,,Sin cuota/EV,No encontrado en Betano,Media,contexto premium torneo actual,usa promedios del contexto premium/API-Football,el volumen ofensivo puede variar por planteamiento y marcador temprano,https://www.betano.pe/cuotas-de-partido/olimpia-asuncion-vasco-da-gama-rj/90736653/
2026-08-20,17:00,Olimpia vs Vasco DA Gama,,Betano,Visita goles +0.5,TEAM_TOTAL_AWAY OVER.0.5,TEAM_TOTAL_AWAY:OVER_0_5,66.6%,0.666200,,,,,,,Sin cuota/EV,No encontrado en Betano,Media,torneo actual,usa Poisson base con estadisticas de goles del torneo,un gol temprano o baja eficacia puede cambiar la lectura del mercado,https://www.betano.pe/cuotas-de-partido/olimpia-asuncion-vasco-da-gama-rj/90736653/
2026-08-20,17:00,Olimpia vs Vasco DA Gama,10Bet,Betano,Corners total +8.5,CORNERS_TOTALS OVER.8.5,CORNERS_TOTALS:OVER_8_5,65.6%,0.655800,1.70,0.11,0.114900,1.62,0.06,0.062400,EV positivo,EV positivo Betano,Media,contexto premium torneo actual,usa promedios del contexto premium/API-Football,el volumen ofensivo puede variar por planteamiento y marcador temprano,https://www.betano.pe/cuotas-de-partido/olimpia-asuncion-vasco-da-gama-rj/90736653/
2026-08-20,17:00,Olimpia vs Vasco DA Gama,,Betano,Local goles -1.5,TEAM_TOTAL_HOME UNDER.1.5,TEAM_TOTAL_HOME:UNDER_1_5,65.5%,0.654500,,,,,,,Sin cuota/EV,No encontrado en Betano,Media,torneo actual,usa Poisson base con estadisticas de goles del torneo,un gol temprano o baja eficacia puede cambiar la lectura del mercado,https://www.betano.pe/cuotas-de-partido/olimpia-asuncion-vasco-da-gama-rj/90736653/
2026-08-20,17:00,Olimpia vs Vasco DA Gama,,Betano,Tarjetas total -5.5,CARDS_TOTALS UNDER.5.5,CARDS_TOTALS:UNDER_5_5,65.1%,0.651000,,,,,,,Sin cuota/EV,No encontrado en Betano,Media,contexto premium torneo actual,usa promedios del contexto premium/API-Football,depende mucho del arbitro y del contexto competitivo,https://www.betano.pe/cuotas-de-partido/olimpia-asuncion-vasco-da-gama-rj/90736653/
2026-08-20,17:00,Olimpia vs Vasco DA Gama,,Betano,DOUBLE_CHANCE X2,DOUBLE_CHANCE X2,DOUBLE_CHANCE:X2,61.0%,0.610000,,,,,,,Sin cuota/EV,No encontrado en Betano,Media,torneo actual,usa Poisson base con estadisticas de goles del torneo,riesgo propio del resultado final y variacion del modelo,https://www.betano.pe/cuotas-de-partido/olimpia-asuncion-vasco-da-gama-rj/90736653/
2026-08-20,17:00,Olimpia vs Vasco DA Gama,,Betano,SHOTS_TOTAL OVER.26.5,SHOTS_TOTAL OVER.26.5,SHOTS_TOTAL:OVER_26_5,60.0%,0.600300,,,,,,,Sin cuota/EV,No encontrado en Betano,Media,contexto premium torneo actual,usa promedios del contexto premium/API-Football,el volumen ofensivo puede variar por planteamiento y marcador temprano,https://www.betano.pe/cuotas-de-partido/olimpia-asuncion-vasco-da-gama-rj/90736653/
2026-08-20,17:00,Olimpia vs Vasco DA Gama,,Betano,Corners total -10.5,CORNERS_TOTALS UNDER.10.5,CORNERS_TOTALS:UNDER_10_5,59.6%,0.595500,,,,1.42,-0.15,-0.154400,Sin cuota/EV,EV negativo Betano,Media,contexto premium torneo actual,usa promedios del contexto premium/API-Football,el volumen ofensivo puede variar por planteamiento y marcador temprano,https://www.betano.pe/cuotas-de-partido/olimpia-asuncion-vasco-da-gama-rj/90736653/
2026-08-20,17:00,Olimpia vs Vasco DA Gama,10Bet,Betano,Visita corners +4.5,CORNERS_AWAY OVER.4.5,CORNERS_AWAY:OVER_4_5,59.4%,0.593900,2.10,0.25,0.247100,,,,EV positivo,No encontrado en Betano,Media,contexto premium torneo actual,usa promedios del contexto premium/API-Football,el volumen ofensivo puede variar por planteamiento y marcador temprano,https://www.betano.pe/cuotas-de-partido/olimpia-asuncion-vasco-da-gama-rj/90736653/
2026-08-20,17:00,Olimpia vs Vasco DA Gama,10Bet,Betano,Goles -2.5,TOTALS UNDER.2.5,TOTALS:UNDER_2_5,59.1%,0.590800,1.12,-0.34,-0.338300,1.60,-0.05,-0.054700,EV negativo,EV negativo Betano,Media,torneo actual,usa Poisson base con estadisticas de goles del torneo,un gol temprano o baja eficacia puede cambiar la lectura del mercado,https://www.betano.pe/cuotas-de-partido/olimpia-asuncion-vasco-da-gama-rj/90736653/
2026-08-20,17:00,Olimpia vs Vasco DA Gama,,Betano,Visita corners -5.5,CORNERS_AWAY UNDER.5.5,CORNERS_AWAY:UNDER_5_5,58.1%,0.580900,,,,,,,Sin cuota/EV,No encontrado en Betano,Media,contexto premium torneo actual,usa promedios del contexto premium/API-Football,el volumen ofensivo puede variar por planteamiento y marcador temprano,https://www.betano.pe/cuotas-de-partido/olimpia-asuncion-vasco-da-gama-rj/90736653/
2026-08-20,17:00,Olimpia vs Vasco DA Gama,,Betano,SHOTS_ON_TARGET_TOTAL UNDER.9.5,SHOTS_ON_TARGET_TOTAL UNDER.9.5,SHOTS_ON_TARGET_TOTAL:UNDER_9_5,57.4%,0.574200,,,,,,,Sin cuota/EV,No encontrado en Betano,Media,contexto premium torneo actual,usa promedios del contexto premium/API-Football,el volumen ofensivo puede variar por planteamiento y marcador temprano,https://www.betano.pe/cuotas-de-partido/olimpia-asuncion-vasco-da-gama-rj/90736653/
2026-08-20,17:00,Olimpia vs Vasco DA Gama,,Betano,Local tarjetas -2.5,CARDS_HOME UNDER.2.5,CARDS_HOME:UNDER_2_5,57.0%,0.569700,,,,,,,Sin cuota/EV,No encontrado en Betano,Media,contexto premium torneo actual,usa promedios del contexto premium/API-Football,depende mucho del arbitro y del contexto competitivo,https://www.betano.pe/cuotas-de-partido/olimpia-asuncion-vasco-da-gama-rj/90736653/
2026-08-20,17:00,Olimpia vs Vasco DA Gama,,Betano,Visita tarjetas -2.5,CARDS_AWAY UNDER.2.5,CARDS_AWAY:UNDER_2_5,57.0%,0.569700,,,,,,,Sin cuota/EV,No encontrado en Betano,Media,contexto premium torneo actual,usa promedios del contexto premium/API-Football,depende mucho del arbitro y del contexto competitivo,https://www.betano.pe/cuotas-de-partido/olimpia-asuncion-vasco-da-gama-rj/90736653/
2026-08-20,17:00,Olimpia vs Vasco DA Gama,,Betano,SHOTS_ON_TARGET_TOTAL OVER.8.5,SHOTS_ON_TARGET_TOTAL OVER.8.5,SHOTS_ON_TARGET_TOTAL:OVER_8_5,55.7%,0.557400,,,,,,,Sin cuota/EV,No encontrado en Betano,Media,contexto premium torneo actual,usa promedios del contexto premium/API-Football,el volumen ofensivo puede variar por planteamiento y marcador temprano,https://www.betano.pe/cuotas-de-partido/olimpia-asuncion-vasco-da-gama-rj/90736653/
2026-08-20,17:00,Olimpia vs Vasco DA Gama,10Bet,Betano,1T +0.5,FIRST_HALF_TOTALS OVER.0.5,FIRST_HALF_TOTALS:OVER_0_5,55.1%,0.550700,2.30,0.27,0.266500,1.57,-0.14,-0.135400,EV positivo,EV negativo Betano,Media,contexto premium torneo actual,usa promedios del contexto premium/API-Football,el primer tiempo puede tener ritmo bajo o rotaciones,https://www.betano.pe/cuotas-de-partido/olimpia-asuncion-vasco-da-gama-rj/90736653/
2026-08-20,17:00,Olimpia vs Vasco DA Gama,10Bet,Betano,DNB local,DRAW_NO_BET HOME,DRAW_NO_BET:HOME,54.3%,0.542900,1.77,-0.04,-0.039100,,,,EV negativo,No encontrado en Betano,Baja,torneo actual,usa Poisson base con estadisticas de goles del torneo,riesgo propio del resultado final y variacion del modelo,https://www.betano.pe/cuotas-de-partido/olimpia-asuncion-vasco-da-gama-rj/90736653/
2026-08-20,17:00,Olimpia vs Vasco DA Gama,10Bet,Betano,BTTS no,BTTS NO,BTTS:NO,53.0%,0.530000,1.15,-0.39,-0.390500,1.80,-0.05,-0.046000,EV negativo,EV negativo Betano,Baja,torneo actual,usa Poisson base con estadisticas de goles del torneo,un gol temprano o baja eficacia puede cambiar la lectura del mercado,https://www.betano.pe/cuotas-de-partido/olimpia-asuncion-vasco-da-gama-rj/90736653/
2026-08-20,17:00,Olimpia vs Vasco DA Gama,10Bet,Betano,Corners total +9.5,CORNERS_TOTALS OVER.9.5,CORNERS_TOTALS:OVER_9_5,52.9%,0.529500,2.05,0.09,0.085500,2.05,0.09,0.085500,EV positivo,EV positivo Betano,Baja,contexto premium torneo actual,usa promedios del contexto premium/API-Football,el volumen ofensivo puede variar por planteamiento y marcador temprano,https://www.betano.pe/cuotas-de-partido/olimpia-asuncion-vasco-da-gama-rj/90736653/
2026-08-20,17:00,Olimpia vs Vasco DA Gama,,Betano,Tarjetas total +4.5,CARDS_TOTALS OVER.4.5,CARDS_TOTALS:OVER_4_5,52.4%,0.523700,,,,,,,Sin cuota/EV,No encontrado en Betano,Baja,contexto premium torneo actual,usa promedios del contexto premium/API-Football,depende mucho del arbitro y del contexto competitivo,https://www.betano.pe/cuotas-de-partido/olimpia-asuncion-vasco-da-gama-rj/90736653/
2026-08-20,17:00,Olimpia vs Vasco DA Gama,10Bet,Betano,Local corners +4.5,CORNERS_HOME OVER.4.5,CORNERS_HOME:OVER_4_5,50.5%,0.505400,1.70,-0.14,-0.140800,,,,EV negativo,No encontrado en Betano,Baja,contexto premium torneo actual,usa promedios del contexto premium/API-Football,el volumen ofensivo puede variar por planteamiento y marcador temprano,https://www.betano.pe/cuotas-de-partido/olimpia-asuncion-vasco-da-gama-rj/90736653/
2026-08-20,17:00,Olimpia vs Vasco DA Gama,10Bet,Betano,Local corners -4.5,CORNERS_HOME UNDER.4.5,CORNERS_HOME:UNDER_4_5,49.5%,0.494600,1.90,-0.06,-0.060200,,,,EV negativo,No encontrado en Betano,Baja,contexto premium torneo actual,usa promedios del contexto premium/API-Football,el volumen ofensivo puede variar por planteamiento y marcador temprano,https://www.betano.pe/cuotas-de-partido/olimpia-asuncion-vasco-da-gama-rj/90736653/
2026-08-20,17:00,Olimpia vs Vasco DA Gama,,Betano,Tarjetas total -4.5,CARDS_TOTALS UNDER.4.5,CARDS_TOTALS:UNDER_4_5,47.6%,0.476300,,,,,,,Sin cuota/EV,No encontrado en Betano,Baja,contexto premium torneo actual,usa promedios del contexto premium/API-Football,depende mucho del arbitro y del contexto competitivo,https://www.betano.pe/cuotas-de-partido/olimpia-asuncion-vasco-da-gama-rj/90736653/
2026-08-20,17:00,Olimpia vs Vasco DA Gama,10Bet,Betano,Corners total -9.5,CORNERS_TOTALS UNDER.9.5,CORNERS_TOTALS:UNDER_9_5,47.0%,0.470500,1.70,-0.20,-0.200100,1.72,-0.19,-0.190700,EV negativo,EV negativo Betano,Baja,contexto premium torneo actual,usa promedios del contexto premium/API-Football,el volumen ofensivo puede variar por planteamiento y marcador temprano,https://www.betano.pe/cuotas-de-partido/olimpia-asuncion-vasco-da-gama-rj/90736653/
2026-08-20,17:00,Olimpia vs Vasco DA Gama,10Bet,Betano,BTTS sí,BTTS YES,BTTS:YES,47.0%,0.470000,4.75,1.23,1.232500,1.95,-0.08,-0.083500,EV positivo,EV negativo Betano,Baja,torneo actual,usa Poisson base con estadisticas de goles del torneo,un gol temprano o baja eficacia puede cambiar la lectura del mercado,https://www.betano.pe/cuotas-de-partido/olimpia-asuncion-vasco-da-gama-rj/90736653/
2026-08-20,17:00,Olimpia vs Vasco DA Gama,10Bet,Betano,DNB visita,DRAW_NO_BET AWAY,DRAW_NO_BET:AWAY,45.7%,0.457100,1.95,-0.11,-0.108600,,,,EV negativo,No encontrado en Betano,Baja,torneo actual,usa Poisson base con estadisticas de goles del torneo,riesgo propio del resultado final y variacion del modelo,https://www.betano.pe/cuotas-de-partido/olimpia-asuncion-vasco-da-gama-rj/90736653/
2026-08-20,17:00,Olimpia vs Vasco DA Gama,10Bet,Betano,1T -0.5,FIRST_HALF_TOTALS UNDER.0.5,FIRST_HALF_TOTALS:UNDER_0_5,44.9%,0.449300,1.57,-0.29,-0.294600,2.37,0.06,0.064800,EV negativo,EV positivo Betano,Baja,contexto premium torneo actual,usa promedios del contexto premium/API-Football,el primer tiempo puede tener ritmo bajo o rotaciones,https://www.betano.pe/cuotas-de-partido/olimpia-asuncion-vasco-da-gama-rj/90736653/
2026-08-20,17:00,Olimpia vs Vasco DA Gama,,Betano,SHOTS_ON_TARGET_TOTAL UNDER.8.5,SHOTS_ON_TARGET_TOTAL UNDER.8.5,SHOTS_ON_TARGET_TOTAL:UNDER_8_5,44.3%,0.442600,,,,,,,Sin cuota/EV,No encontrado en Betano,Baja,contexto premium torneo actual,usa promedios del contexto premium/API-Football,el volumen ofensivo puede variar por planteamiento y marcador temprano,https://www.betano.pe/cuotas-de-partido/olimpia-asuncion-vasco-da-gama-rj/90736653/
2026-08-20,17:00,Olimpia vs Vasco DA Gama,,Betano,Local tarjetas +2.5,CARDS_HOME OVER.2.5,CARDS_HOME:OVER_2_5,43.0%,0.430300,,,,,,,Sin cuota/EV,No encontrado en Betano,Baja,contexto premium torneo actual,usa promedios del contexto premium/API-Football,depende mucho del arbitro y del contexto competitivo,https://www.betano.pe/cuotas-de-partido/olimpia-asuncion-vasco-da-gama-rj/90736653/
2026-08-20,17:00,Olimpia vs Vasco DA Gama,,Betano,Visita tarjetas +2.5,CARDS_AWAY OVER.2.5,CARDS_AWAY:OVER_2_5,43.0%,0.430300,,,,,,,Sin cuota/EV,No encontrado en Betano,Baja,contexto premium torneo actual,usa promedios del contexto premium/API-Football,depende mucho del arbitro y del contexto competitivo,https://www.betano.pe/cuotas-de-partido/olimpia-asuncion-vasco-da-gama-rj/90736653/
2026-08-20,17:00,Olimpia vs Vasco DA Gama,,Betano,SHOTS_ON_TARGET_TOTAL OVER.9.5,SHOTS_ON_TARGET_TOTAL OVER.9.5,SHOTS_ON_TARGET_TOTAL:OVER_9_5,42.6%,0.425800,,,,,,,Sin cuota/EV,No encontrado en Betano,Baja,contexto premium torneo actual,usa promedios del contexto premium/API-Football,el volumen ofensivo puede variar por planteamiento y marcador temprano,https://www.betano.pe/cuotas-de-partido/olimpia-asuncion-vasco-da-gama-rj/90736653/
2026-08-20,17:00,Olimpia vs Vasco DA Gama,,Betano,Visita corners +5.5,CORNERS_AWAY OVER.5.5,CORNERS_AWAY:OVER_5_5,41.9%,0.419100,,,,,,,Sin cuota/EV,No encontrado en Betano,Baja,contexto premium torneo actual,usa promedios del contexto premium/API-Football,el volumen ofensivo puede variar por planteamiento y marcador temprano,https://www.betano.pe/cuotas-de-partido/olimpia-asuncion-vasco-da-gama-rj/90736653/
2026-08-20,17:00,Olimpia vs Vasco DA Gama,10Bet,Betano,Goles +2.5,TOTALS OVER.2.5,TOTALS:OVER_2_5,40.9%,0.409200,5.25,1.15,1.148200,2.37,-0.03,-0.030200,EV positivo,EV negativo Betano,Baja,torneo actual,usa Poisson base con estadisticas de goles del torneo,un gol temprano o baja eficacia puede cambiar la lectura del mercado,https://www.betano.pe/cuotas-de-partido/olimpia-asuncion-vasco-da-gama-rj/90736653/
2026-08-20,17:00,Olimpia vs Vasco DA Gama,10Bet,Betano,Visita corners -4.5,CORNERS_AWAY UNDER.4.5,CORNERS_AWAY:UNDER_4_5,40.6%,0.406100,1.55,-0.37,-0.370500,,,,EV negativo,No encontrado en Betano,Baja,contexto premium torneo actual,usa promedios del contexto premium/API-Football,el volumen ofensivo puede variar por planteamiento y marcador temprano,https://www.betano.pe/cuotas-de-partido/olimpia-asuncion-vasco-da-gama-rj/90736653/
2026-08-20,17:00,Olimpia vs Vasco DA Gama,,Betano,Corners total +10.5,CORNERS_TOTALS OVER.10.5,CORNERS_TOTALS:OVER_10_5,40.5%,0.404500,,,,2.75,0.11,0.112400,Sin cuota/EV,EV positivo Betano,Baja,contexto premium torneo actual,usa promedios del contexto premium/API-Football,el volumen ofensivo puede variar por planteamiento y marcador temprano,https://www.betano.pe/cuotas-de-partido/olimpia-asuncion-vasco-da-gama-rj/90736653/
2026-08-20,17:00,Olimpia vs Vasco DA Gama,,Betano,SHOTS_TOTAL UNDER.26.5,SHOTS_TOTAL UNDER.26.5,SHOTS_TOTAL:UNDER_26_5,40.0%,0.399700,,,,,,,Sin cuota/EV,No encontrado en Betano,Baja,contexto premium torneo actual,usa promedios del contexto premium/API-Football,el volumen ofensivo puede variar por planteamiento y marcador temprano,https://www.betano.pe/cuotas-de-partido/olimpia-asuncion-vasco-da-gama-rj/90736653/
2026-08-20,17:00,Olimpia vs Vasco DA Gama,10Bet,Betano,Gana local,1X2 HOME,1X2:HOME,39.0%,0.390000,4.20,0.64,0.638100,2.82,0.10,0.099800,EV positivo,EV positivo Betano,Baja,torneo actual,usa Poisson base con estadisticas de goles del torneo,riesgo propio del resultado final y variacion del modelo,https://www.betano.pe/cuotas-de-partido/olimpia-asuncion-vasco-da-gama-rj/90736653/
2026-08-20,17:00,Olimpia vs Vasco DA Gama,,Betano,Tarjetas total +5.5,CARDS_TOTALS OVER.5.5,CARDS_TOTALS:OVER_5_5,34.9%,0.349000,,,,,,,Sin cuota/EV,No encontrado en Betano,Baja,contexto premium torneo actual,usa promedios del contexto premium/API-Football,depende mucho del arbitro y del contexto competitivo,https://www.betano.pe/cuotas-de-partido/olimpia-asuncion-vasco-da-gama-rj/90736653/
2026-08-20,17:00,Olimpia vs Vasco DA Gama,,Betano,Local goles +1.5,TEAM_TOTAL_HOME OVER.1.5,TEAM_TOTAL_HOME:OVER_1_5,34.5%,0.345500,,,,,,,Sin cuota/EV,No encontrado en Betano,Baja,torneo actual,usa Poisson base con estadisticas de goles del torneo,un gol temprano o baja eficacia puede cambiar la lectura del mercado,https://www.betano.pe/cuotas-de-partido/olimpia-asuncion-vasco-da-gama-rj/90736653/
2026-08-20,17:00,Olimpia vs Vasco DA Gama,10Bet,Betano,Corners total -8.5,CORNERS_TOTALS UNDER.8.5,CORNERS_TOTALS:UNDER_8_5,34.4%,0.344200,2.05,-0.29,-0.294400,2.20,-0.24,-0.242800,EV negativo,EV negativo Betano,Baja,contexto premium torneo actual,usa promedios del contexto premium/API-Football,el volumen ofensivo puede variar por planteamiento y marcador temprano,https://www.betano.pe/cuotas-de-partido/olimpia-asuncion-vasco-da-gama-rj/90736653/
2026-08-20,17:00,Olimpia vs Vasco DA Gama,,Betano,Visita goles -0.5,TEAM_TOTAL_AWAY UNDER.0.5,TEAM_TOTAL_AWAY:UNDER_0_5,33.4%,0.333800,,,,,,,Sin cuota/EV,No encontrado en Betano,Baja,torneo actual,usa Poisson base con estadisticas de goles del torneo,un gol temprano o baja eficacia puede cambiar la lectura del mercado,https://www.betano.pe/cuotas-de-partido/olimpia-asuncion-vasco-da-gama-rj/90736653/
2026-08-20,17:00,Olimpia vs Vasco DA Gama,,Betano,Local corners +5.5,CORNERS_HOME OVER.5.5,CORNERS_HOME:OVER_5_5,33.2%,0.331600,,,,,,,Sin cuota/EV,No encontrado en Betano,Baja,contexto premium torneo actual,usa promedios del contexto premium/API-Football,el volumen ofensivo puede variar por planteamiento y marcador temprano,https://www.betano.pe/cuotas-de-partido/olimpia-asuncion-vasco-da-gama-rj/90736653/
2026-08-20,17:00,Olimpia vs Vasco DA Gama,10Bet,Betano,Gana visita,1X2 AWAY,1X2:AWAY,32.8%,0.328400,4.50,0.48,0.477900,2.72,-0.11,-0.106800,EV positivo,EV negativo Betano,Baja,torneo actual,usa Poisson base con estadisticas de goles del torneo,riesgo propio del resultado final y variacion del modelo,https://www.betano.pe/cuotas-de-partido/olimpia-asuncion-vasco-da-gama-rj/90736653/
2026-08-20,17:00,Olimpia vs Vasco DA Gama,10Bet,Betano,Goles -1.5,TOTALS UNDER.1.5,TOTALS:UNDER_1_5,32.6%,0.326300,1.53,-0.50,-0.500700,2.70,-0.12,-0.119000,EV negativo,EV negativo Betano,Baja,torneo actual,usa Poisson base con estadisticas de goles del torneo,un gol temprano o baja eficacia puede cambiar la lectura del mercado,https://www.betano.pe/cuotas-de-partido/olimpia-asuncion-vasco-da-gama-rj/90736653/
2026-08-20,17:00,Olimpia vs Vasco DA Gama,,Betano,SHOTS_ON_TARGET_TOTAL UNDER.7.5,SHOTS_ON_TARGET_TOTAL UNDER.7.5,SHOTS_ON_TARGET_TOTAL:UNDER_7_5,31.2%,0.312300,,,,,,,Sin cuota/EV,No encontrado en Betano,Baja,contexto premium torneo actual,usa promedios del contexto premium/API-Football,el volumen ofensivo puede variar por planteamiento y marcador temprano,https://www.betano.pe/cuotas-de-partido/olimpia-asuncion-vasco-da-gama-rj/90736653/
2026-08-20,17:00,Olimpia vs Vasco DA Gama,,Betano,Local corners -3.5,CORNERS_HOME UNDER.3.5,CORNERS_HOME:UNDER_3_5,31.0%,0.309700,,,,,,,Sin cuota/EV,No encontrado en Betano,Baja,contexto premium torneo actual,usa promedios del contexto premium/API-Football,el volumen ofensivo puede variar por planteamiento y marcador temprano,https://www.betano.pe/cuotas-de-partido/olimpia-asuncion-vasco-da-gama-rj/90736653/
2026-08-20,17:00,Olimpia vs Vasco DA Gama,,Betano,Local tarjetas -1.5,CARDS_HOME UNDER.1.5,CARDS_HOME:UNDER_1_5,30.8%,0.308400,,,,,,,Sin cuota/EV,No encontrado en Betano,Baja,contexto premium torneo actual,usa promedios del contexto premium/API-Football,depende mucho del arbitro y del contexto competitivo,https://www.betano.pe/cuotas-de-partido/olimpia-asuncion-vasco-da-gama-rj/90736653/
2026-08-20,17:00,Olimpia vs Vasco DA Gama,,Betano,Visita tarjetas -1.5,CARDS_AWAY UNDER.1.5,CARDS_AWAY:UNDER_1_5,30.8%,0.308400,,,,,,,Sin cuota/EV,No encontrado en Betano,Baja,contexto premium torneo actual,usa promedios del contexto premium/API-Football,depende mucho del arbitro y del contexto competitivo,https://www.betano.pe/cuotas-de-partido/olimpia-asuncion-vasco-da-gama-rj/90736653/
2026-08-20,17:00,Olimpia vs Vasco DA Gama,,Betano,Visita goles +1.5,TEAM_TOTAL_AWAY OVER.1.5,TEAM_TOTAL_AWAY:OVER_1_5,30.0%,0.299900,,,,,,,Sin cuota/EV,No encontrado en Betano,Baja,torneo actual,usa Poisson base con estadisticas de goles del torneo,un gol temprano o baja eficacia puede cambiar la lectura del mercado,https://www.betano.pe/cuotas-de-partido/olimpia-asuncion-vasco-da-gama-rj/90736653/
2026-08-20,17:00,Olimpia vs Vasco DA Gama,,Betano,Local goles -0.5,TEAM_TOTAL_HOME UNDER.0.5,TEAM_TOTAL_HOME:UNDER_0_5,29.4%,0.294500,,,,,,,Sin cuota/EV,No encontrado en Betano,Baja,torneo actual,usa Poisson base con estadisticas de goles del torneo,un gol temprano o baja eficacia puede cambiar la lectura del mercado,https://www.betano.pe/cuotas-de-partido/olimpia-asuncion-vasco-da-gama-rj/90736653/
2026-08-20,17:00,Olimpia vs Vasco DA Gama,,Betano,Tarjetas total -3.5,CARDS_TOTALS UNDER.3.5,CARDS_TOTALS:UNDER_3_5,29.4%,0.294200,,,,,,,Sin cuota/EV,No encontrado en Betano,Baja,contexto premium torneo actual,usa promedios del contexto premium/API-Football,depende mucho del arbitro y del contexto competitivo,https://www.betano.pe/cuotas-de-partido/olimpia-asuncion-vasco-da-gama-rj/90736653/
2026-08-20,17:00,Olimpia vs Vasco DA Gama,,Betano,Corners total +11.5,CORNERS_TOTALS OVER.11.5,CORNERS_TOTALS:OVER_11_5,29.2%,0.291900,,,,,,,Sin cuota/EV,No encontrado en Betano,Baja,contexto premium torneo actual,usa promedios del contexto premium/API-Football,el volumen ofensivo puede variar por planteamiento y marcador temprano,https://www.betano.pe/cuotas-de-partido/olimpia-asuncion-vasco-da-gama-rj/90736653/
2026-08-20,17:00,Olimpia vs Vasco DA Gama,10Bet,Betano,Empate,1X2 DRAW,1X2:DRAW,28.1%,0.281500,1.60,-0.55,-0.549500,3.05,-0.14,-0.141400,EV negativo,EV negativo Betano,Baja,torneo actual,usa Poisson base con estadisticas de goles del torneo,riesgo propio del resultado final y variacion del modelo,https://www.betano.pe/cuotas-de-partido/olimpia-asuncion-vasco-da-gama-rj/90736653/
2026-08-20,17:00,Olimpia vs Vasco DA Gama,,Betano,Visita corners +6.5,CORNERS_AWAY OVER.6.5,CORNERS_AWAY:OVER_6_5,26.8%,0.267600,,,,,,,Sin cuota/EV,No encontrado en Betano,Baja,contexto premium torneo actual,usa promedios del contexto premium/API-Football,el volumen ofensivo puede variar por planteamiento y marcador temprano,https://www.betano.pe/cuotas-de-partido/olimpia-asuncion-vasco-da-gama-rj/90736653/
2026-08-20,17:00,Olimpia vs Vasco DA Gama,,Betano,SHOTS_TOTAL UNDER.24.5,SHOTS_TOTAL UNDER.24.5,SHOTS_TOTAL:UNDER_24_5,26.0%,0.259900,,,,,,,Sin cuota/EV,No encontrado en Betano,Baja,contexto premium torneo actual,usa promedios del contexto premium/API-Football,el volumen ofensivo puede variar por planteamiento y marcador temprano,https://www.betano.pe/cuotas-de-partido/olimpia-asuncion-vasco-da-gama-rj/90736653/
2026-08-20,17:00,Olimpia vs Vasco DA Gama,10Bet,Betano,Visita corners -3.5,CORNERS_AWAY UNDER.3.5,CORNERS_AWAY:UNDER_3_5,23.8%,0.238100,2.10,-0.50,-0.500100,,,,EV negativo,No encontrado en Betano,Baja,contexto premium torneo actual,usa promedios del contexto premium/API-Football,el volumen ofensivo puede variar por planteamiento y marcador temprano,https://www.betano.pe/cuotas-de-partido/olimpia-asuncion-vasco-da-gama-rj/90736653/
2026-08-20,17:00,Olimpia vs Vasco DA Gama,,Betano,Corners total -7.5,CORNERS_TOTALS UNDER.7.5,CORNERS_TOTALS:UNDER_7_5,22.9%,0.229400,,,,,,,Sin cuota/EV,No encontrado en Betano,Baja,contexto premium torneo actual,usa promedios del contexto premium/API-Football,el volumen ofensivo puede variar por planteamiento y marcador temprano,https://www.betano.pe/cuotas-de-partido/olimpia-asuncion-vasco-da-gama-rj/90736653/
2026-08-20,17:00,Olimpia vs Vasco DA Gama,,Betano,Local tarjetas +3.5,CARDS_HOME OVER.3.5,CARDS_HOME:OVER_3_5,22.1%,0.221300,,,,,,,Sin cuota/EV,No encontrado en Betano,Baja,contexto premium torneo actual,usa promedios del contexto premium/API-Football,depende mucho del arbitro y del contexto competitivo,https://www.betano.pe/cuotas-de-partido/olimpia-asuncion-vasco-da-gama-rj/90736653/
2026-08-20,17:00,Olimpia vs Vasco DA Gama,,Betano,Visita tarjetas +3.5,CARDS_AWAY OVER.3.5,CARDS_AWAY:OVER_3_5,22.1%,0.221300,,,,,,,Sin cuota/EV,No encontrado en Betano,Baja,contexto premium torneo actual,usa promedios del contexto premium/API-Football,depende mucho del arbitro y del contexto competitivo,https://www.betano.pe/cuotas-de-partido/olimpia-asuncion-vasco-da-gama-rj/90736653/
2026-08-20,17:00,Olimpia vs Vasco DA Gama,,Betano,Tarjetas total +6.5,CARDS_TOTALS OVER.6.5,CARDS_TOTALS:OVER_6_5,20.9%,0.209200,,,,1.87,-0.61,-0.608800,Sin cuota/EV,EV negativo Betano,Baja,contexto premium torneo actual,usa promedios del contexto premium/API-Football,depende mucho del arbitro y del contexto competitivo,https://www.betano.pe/cuotas-de-partido/olimpia-asuncion-vasco-da-gama-rj/90736653/
2026-08-20,17:00,Olimpia vs Vasco DA Gama,10Bet,Betano,Goles +3.5,TOTALS OVER.3.5,TOTALS:OVER_3_5,20.5%,0.204700,4.20,-0.14,-0.140400,4.40,-0.10,-0.099300,EV negativo,EV negativo Betano,Baja,torneo actual,usa Poisson base con estadisticas de goles del torneo,un gol temprano o baja eficacia puede cambiar la lectura del mercado,https://www.betano.pe/cuotas-de-partido/olimpia-asuncion-vasco-da-gama-rj/90736653/
2026-08-20,17:00,Olimpia vs Vasco DA Gama,,Betano,SHOTS_ON_TARGET_TOTAL UNDER.6.5,SHOTS_ON_TARGET_TOTAL UNDER.6.5,SHOTS_ON_TARGET_TOTAL:UNDER_6_5,19.8%,0.197800,,,,,,,Sin cuota/EV,No encontrado en Betano,Baja,contexto premium torneo actual,usa promedios del contexto premium/API-Football,el volumen ofensivo puede variar por planteamiento y marcador temprano,https://www.betano.pe/cuotas-de-partido/olimpia-asuncion-vasco-da-gama-rj/90736653/
2026-08-20,17:00,Olimpia vs Vasco DA Gama,,Betano,Local corners +6.5,CORNERS_HOME OVER.6.5,CORNERS_HOME:OVER_6_5,19.5%,0.195400,,,,,,,Sin cuota/EV,No encontrado en Betano,Baja,contexto premium torneo actual,usa promedios del contexto premium/API-Football,el volumen ofensivo puede variar por planteamiento y marcador temprano,https://www.betano.pe/cuotas-de-partido/olimpia-asuncion-vasco-da-gama-rj/90736653/
2026-08-20,17:00,Olimpia vs Vasco DA Gama,10Bet,Betano,1T +1.5,FIRST_HALF_TOTALS OVER.1.5,FIRST_HALF_TOTALS:OVER_1_5,19.1%,0.191200,6.50,0.24,0.242900,3.45,-0.34,-0.340400,EV positivo,EV negativo Betano,Baja,contexto premium torneo actual,usa promedios del contexto premium/API-Football,el primer tiempo puede tener ritmo bajo o rotaciones,https://www.betano.pe/cuotas-de-partido/olimpia-asuncion-vasco-da-gama-rj/90736653/
2026-08-20,17:00,Olimpia vs Vasco DA Gama,,Betano,SHOTS_TOTAL UNDER.22.5,SHOTS_TOTAL UNDER.22.5,SHOTS_TOTAL:UNDER_22_5,14.8%,0.148300,,,,,,,Sin cuota/EV,No encontrado en Betano,Baja,contexto premium torneo actual,usa promedios del contexto premium/API-Football,el volumen ofensivo puede variar por planteamiento y marcador temprano,https://www.betano.pe/cuotas-de-partido/olimpia-asuncion-vasco-da-gama-rj/90736653/
2026-08-20,17:00,Olimpia vs Vasco DA Gama,,Betano,Tarjetas total -2.5,CARDS_TOTALS UNDER.2.5,CARDS_TOTALS:UNDER_2_5,14.2%,0.142500,,,,,,,Sin cuota/EV,No encontrado en Betano,Baja,contexto premium torneo actual,usa promedios del contexto premium/API-Football,depende mucho del arbitro y del contexto competitivo,https://www.betano.pe/cuotas-de-partido/olimpia-asuncion-vasco-da-gama-rj/90736653/
2026-08-20,17:00,Olimpia vs Vasco DA Gama,,Betano,Local goles +2.5,TEAM_TOTAL_HOME OVER.2.5,TEAM_TOTAL_HOME:OVER_2_5,12.5%,0.125400,,,,,,,Sin cuota/EV,No encontrado en Betano,Baja,torneo actual,usa Poisson base con estadisticas de goles del torneo,un gol temprano o baja eficacia puede cambiar la lectura del mercado,https://www.betano.pe/cuotas-de-partido/olimpia-asuncion-vasco-da-gama-rj/90736653/
2026-08-20,17:00,Olimpia vs Vasco DA Gama,,Betano,Visita goles +2.5,TEAM_TOTAL_AWAY OVER.2.5,TEAM_TOTAL_AWAY:OVER_2_5,9.9%,0.099000,,,,,,,Sin cuota/EV,No encontrado en Betano,Baja,torneo actual,usa Poisson base con estadisticas de goles del torneo,un gol temprano o baja eficacia puede cambiar la lectura del mercado,https://www.betano.pe/cuotas-de-partido/olimpia-asuncion-vasco-da-gama-rj/90736653/
2026-08-20,17:00,Olimpia vs Vasco DA Gama,,Betano,Local tarjetas -0.5,CARDS_HOME UNDER.0.5,CARDS_HOME:UNDER_0_5,9.1%,0.090700,,,,,,,Sin cuota/EV,No encontrado en Betano,Baja,contexto premium torneo actual,usa promedios del contexto premium/API-Football,depende mucho del arbitro y del contexto competitivo,https://www.betano.pe/cuotas-de-partido/olimpia-asuncion-vasco-da-gama-rj/90736653/
2026-08-20,17:00,Olimpia vs Vasco DA Gama,,Betano,Visita tarjetas -0.5,CARDS_AWAY UNDER.0.5,CARDS_AWAY:UNDER_0_5,9.1%,0.090700,,,,,,,Sin cuota/EV,No encontrado en Betano,Baja,contexto premium torneo actual,usa promedios del contexto premium/API-Football,depende mucho del arbitro y del contexto competitivo,https://www.betano.pe/cuotas-de-partido/olimpia-asuncion-vasco-da-gama-rj/90736653/
2026-08-20,17:00,Olimpia vs Vasco DA Gama,,Betano,SHOTS_TOTAL UNDER.20.5,SHOTS_TOTAL UNDER.20.5,SHOTS_TOTAL:UNDER_20_5,7.3%,0.072700,,,,,,,Sin cuota/EV,No encontrado en Betano,Baja,contexto premium torneo actual,usa promedios del contexto premium/API-Football,el volumen ofensivo puede variar por planteamiento y marcador temprano,https://www.betano.pe/cuotas-de-partido/olimpia-asuncion-vasco-da-gama-rj/90736653/
2026-08-20,17:00,Olimpia vs Vasco DA Gama,,Betano,SHOTS_TOTAL UNDER.18.5,SHOTS_TOTAL UNDER.18.5,SHOTS_TOTAL:UNDER_18_5,3.0%,0.030000,,,,,,,Sin cuota/EV,No encontrado en Betano,Baja,contexto premium torneo actual,usa promedios del contexto premium/API-Football,el volumen ofensivo puede variar por planteamiento y marcador temprano,https://www.betano.pe/cuotas-de-partido/olimpia-asuncion-vasco-da-gama-rj/90736653/
2026-08-20,19:30,Corinthians vs Rosario Central,,Betano,Local goles -2.5,TEAM_TOTAL_HOME UNDER.2.5,TEAM_TOTAL_HOME:UNDER_2_5,96.7%,0.966600,,,,,,,Sin cuota/EV,No encontrado en Betano,Alta,torneo actual,usa Poisson base con estadisticas de goles del torneo,un gol temprano o baja eficacia puede cambiar la lectura del mercado,https://www.betano.pe/cuotas-de-partido/corinthians-sp-ca-rosario-central/90742116/
2026-08-20,19:30,Corinthians vs Rosario Central,,Betano,Local tarjetas -3.5,CARDS_HOME UNDER.3.5,CARDS_HOME:UNDER_3_5,96.6%,0.966200,,,,,,,Sin cuota/EV,No encontrado en Betano,Alta,contexto premium torneo actual,usa promedios del contexto premium/API-Football,depende mucho del arbitro y del contexto competitivo,https://www.betano.pe/cuotas-de-partido/corinthians-sp-ca-rosario-central/90742116/
2026-08-20,19:30,Corinthians vs Rosario Central,,Betano,SHOTS_TOTAL OVER.18.5,SHOTS_TOTAL OVER.18.5,SHOTS_TOTAL:OVER_18_5,94.0%,0.939900,,,,,,,Sin cuota/EV,No encontrado en Betano,Alta,contexto premium torneo actual,usa promedios del contexto premium/API-Football,el volumen ofensivo puede variar por planteamiento y marcador temprano,https://www.betano.pe/cuotas-de-partido/corinthians-sp-ca-rosario-central/90742116/
2026-08-20,19:30,Corinthians vs Rosario Central,,Betano,Visita tarjetas +0.5,CARDS_AWAY OVER.0.5,CARDS_AWAY:OVER_0_5,93.9%,0.939200,,,,,,,Sin cuota/EV,No encontrado en Betano,Alta,contexto premium torneo actual,usa promedios del contexto premium/API-Football,depende mucho del arbitro y del contexto competitivo,https://www.betano.pe/cuotas-de-partido/corinthians-sp-ca-rosario-central/90742116/
2026-08-20,19:30,Corinthians vs Rosario Central,,Betano,Visita goles -2.5,TEAM_TOTAL_AWAY UNDER.2.5,TEAM_TOTAL_AWAY:UNDER_2_5,93.2%,0.932400,,,,,,,Sin cuota/EV,No encontrado en Betano,Alta,torneo actual,usa Poisson base con estadisticas de goles del torneo,un gol temprano o baja eficacia puede cambiar la lectura del mercado,https://www.betano.pe/cuotas-de-partido/corinthians-sp-ca-rosario-central/90742116/
2026-08-20,19:30,Corinthians vs Rosario Central,10Bet,Betano,Goles -3.5,TOTALS UNDER.3.5,TOTALS:UNDER_3_5,91.8%,0.918000,1.11,0.02,0.019000,,,,EV negativo,No encontrado en Betano,Alta,torneo actual,usa Poisson base con estadisticas de goles del torneo,un gol temprano o baja eficacia puede cambiar la lectura del mercado,https://www.betano.pe/cuotas-de-partido/corinthians-sp-ca-rosario-central/90742116/
2026-08-20,19:30,Corinthians vs Rosario Central,,Betano,Local corners -6.5,CORNERS_HOME UNDER.6.5,CORNERS_HOME:UNDER_6_5,90.0%,0.899500,,,,,,,Sin cuota/EV,No encontrado en Betano,Alta,contexto premium torneo actual,usa promedios del contexto premium/API-Football,el volumen ofensivo puede variar por planteamiento y marcador temprano,https://www.betano.pe/cuotas-de-partido/corinthians-sp-ca-rosario-central/90742116/
2026-08-20,19:30,Corinthians vs Rosario Central,,Betano,Tarjetas total -6.5,CARDS_TOTALS UNDER.6.5,CARDS_TOTALS:UNDER_6_5,88.9%,0.889300,,,,1.72,0.53,0.529600,Sin cuota/EV,EV positivo Betano,Alta,contexto premium torneo actual,usa promedios del contexto premium/API-Football,depende mucho del arbitro y del contexto competitivo,https://www.betano.pe/cuotas-de-partido/corinthians-sp-ca-rosario-central/90742116/
2026-08-20,19:30,Corinthians vs Rosario Central,,Betano,Local tarjetas -2.5,CARDS_HOME UNDER.2.5,CARDS_HOME:UNDER_2_5,87.9%,0.879500,,,,,,,Sin cuota/EV,No encontrado en Betano,Alta,contexto premium torneo actual,usa promedios del contexto premium/API-Football,depende mucho del arbitro y del contexto competitivo,https://www.betano.pe/cuotas-de-partido/corinthians-sp-ca-rosario-central/90742116/
2026-08-20,19:30,Corinthians vs Rosario Central,,Betano,SHOTS_TOTAL OVER.20.5,SHOTS_TOTAL OVER.20.5,SHOTS_TOTAL:OVER_20_5,87.0%,0.869500,,,,,,,Sin cuota/EV,No encontrado en Betano,Alta,contexto premium torneo actual,usa promedios del contexto premium/API-Football,el volumen ofensivo puede variar por planteamiento y marcador temprano,https://www.betano.pe/cuotas-de-partido/corinthians-sp-ca-rosario-central/90742116/
2026-08-20,19:30,Corinthians vs Rosario Central,,Betano,Local goles -1.5,TEAM_TOTAL_HOME UNDER.1.5,TEAM_TOTAL_HOME:UNDER_1_5,84.6%,0.846200,,,,,,,Sin cuota/EV,No encontrado en Betano,Alta,torneo actual,usa Poisson base con estadisticas de goles del torneo,un gol temprano o baja eficacia puede cambiar la lectura del mercado,https://www.betano.pe/cuotas-de-partido/corinthians-sp-ca-rosario-central/90742116/
2026-08-20,19:30,Corinthians vs Rosario Central,10Bet,Betano,1T -1.5,FIRST_HALF_TOTALS UNDER.1.5,FIRST_HALF_TOTALS:UNDER_1_5,84.4%,0.844200,1.08,-0.09,-0.088300,1.21,0.02,0.021500,EV negativo,EV positivo Betano,Alta,contexto premium torneo actual,usa promedios del contexto premium/API-Football,el primer tiempo puede tener ritmo bajo o rotaciones,https://www.betano.pe/cuotas-de-partido/corinthians-sp-ca-rosario-central/90742116/
2026-08-20,19:30,Corinthians vs Rosario Central,10Bet,Betano,Visita corners +3.5,CORNERS_AWAY OVER.3.5,CORNERS_AWAY:OVER_3_5,80.9%,0.809400,1.62,0.31,0.311200,,,,EV positivo,No encontrado en Betano,Alta,contexto premium torneo actual,usa promedios del contexto premium/API-Football,el volumen ofensivo puede variar por planteamiento y marcador temprano,https://www.betano.pe/cuotas-de-partido/corinthians-sp-ca-rosario-central/90742116/
2026-08-20,19:30,Corinthians vs Rosario Central,10Bet,Betano,Local corners -5.5,CORNERS_HOME UNDER.5.5,CORNERS_HOME:UNDER_5_5,80.1%,0.800600,1.65,0.32,0.320900,,,,EV positivo,No encontrado en Betano,Alta,contexto premium torneo actual,usa promedios del contexto premium/API-Football,el volumen ofensivo puede variar por planteamiento y marcador temprano,https://www.betano.pe/cuotas-de-partido/corinthians-sp-ca-rosario-central/90742116/
2026-08-20,19:30,Corinthians vs Rosario Central,,Betano,Tarjetas total -5.5,CARDS_TOTALS UNDER.5.5,CARDS_TOTALS:UNDER_5_5,78.5%,0.785100,,,,2.25,0.77,0.766500,Sin cuota/EV,EV positivo Betano,Alta,contexto premium torneo actual,usa promedios del contexto premium/API-Football,depende mucho del arbitro y del contexto competitivo,https://www.betano.pe/cuotas-de-partido/corinthians-sp-ca-rosario-central/90742116/
2026-08-20,19:30,Corinthians vs Rosario Central,10Bet,Betano,Goles -2.5,TOTALS UNDER.2.5,TOTALS:UNDER_2_5,77.7%,0.777400,1.07,-0.17,-0.168100,1.38,0.07,0.072800,EV negativo,EV positivo Betano,Alta,torneo actual,usa Poisson base con estadisticas de goles del torneo,un gol temprano o baja eficacia puede cambiar la lectura del mercado,https://www.betano.pe/cuotas-de-partido/corinthians-sp-ca-rosario-central/90742116/
2026-08-20,19:30,Corinthians vs Rosario Central,,Betano,Visita tarjetas +1.5,CARDS_AWAY OVER.1.5,CARDS_AWAY:OVER_1_5,76.9%,0.768900,,,,,,,Sin cuota/EV,No encontrado en Betano,Alta,contexto premium torneo actual,usa promedios del contexto premium/API-Football,depende mucho del arbitro y del contexto competitivo,https://www.betano.pe/cuotas-de-partido/corinthians-sp-ca-rosario-central/90742116/
2026-08-20,19:30,Corinthians vs Rosario Central,,Betano,Visita goles -1.5,TEAM_TOTAL_AWAY UNDER.1.5,TEAM_TOTAL_AWAY:UNDER_1_5,76.2%,0.762000,,,,,,,Sin cuota/EV,No encontrado en Betano,Alta,torneo actual,usa Poisson base con estadisticas de goles del torneo,un gol temprano o baja eficacia puede cambiar la lectura del mercado,https://www.betano.pe/cuotas-de-partido/corinthians-sp-ca-rosario-central/90742116/
2026-08-20,19:30,Corinthians vs Rosario Central,,Betano,Tarjetas total +2.5,CARDS_TOTALS OVER.2.5,CARDS_TOTALS:OVER_2_5,76.2%,0.761900,,,,,,,Sin cuota/EV,No encontrado en Betano,Alta,contexto premium torneo actual,usa promedios del contexto premium/API-Football,depende mucho del arbitro y del contexto competitivo,https://www.betano.pe/cuotas-de-partido/corinthians-sp-ca-rosario-central/90742116/
2026-08-20,19:30,Corinthians vs Rosario Central,,Betano,SHOTS_TOTAL OVER.22.5,SHOTS_TOTAL OVER.22.5,SHOTS_TOTAL:OVER_22_5,76.0%,0.760300,,,,,,,Sin cuota/EV,No encontrado en Betano,Alta,contexto premium torneo actual,usa promedios del contexto premium/API-Football,el volumen ofensivo puede variar por planteamiento y marcador temprano,https://www.betano.pe/cuotas-de-partido/corinthians-sp-ca-rosario-central/90742116/
2026-08-20,19:30,Corinthians vs Rosario Central,,Betano,Corners total -11.5,CORNERS_TOTALS UNDER.11.5,CORNERS_TOTALS:UNDER_11_5,75.2%,0.752000,,,,,,,Sin cuota/EV,No encontrado en Betano,Alta,contexto premium torneo actual,usa promedios del contexto premium/API-Football,el volumen ofensivo puede variar por planteamiento y marcador temprano,https://www.betano.pe/cuotas-de-partido/corinthians-sp-ca-rosario-central/90742116/
2026-08-20,19:30,Corinthians vs Rosario Central,,Betano,DOUBLE_CHANCE X2,DOUBLE_CHANCE X2,DOUBLE_CHANCE:X2,74.0%,0.739800,,,,,,,Sin cuota/EV,No encontrado en Betano,Alta,torneo actual,usa Poisson base con estadisticas de goles del torneo,riesgo propio del resultado final y variacion del modelo,https://www.betano.pe/cuotas-de-partido/corinthians-sp-ca-rosario-central/90742116/
2026-08-20,19:30,Corinthians vs Rosario Central,,Betano,Corners total +7.5,CORNERS_TOTALS OVER.7.5,CORNERS_TOTALS:OVER_7_5,73.1%,0.731300,,,,1.38,0.01,0.009200,Sin cuota/EV,EV positivo Betano,Alta,contexto premium torneo actual,usa promedios del contexto premium/API-Football,el volumen ofensivo puede variar por planteamiento y marcador temprano,https://www.betano.pe/cuotas-de-partido/corinthians-sp-ca-rosario-central/90742116/
2026-08-20,19:30,Corinthians vs Rosario Central,,Betano,SHOTS_ON_TARGET_TOTAL UNDER.9.5,SHOTS_ON_TARGET_TOTAL UNDER.9.5,SHOTS_ON_TARGET_TOTAL:UNDER_9_5,72.9%,0.729000,,,,,,,Sin cuota/EV,No encontrado en Betano,Alta,contexto premium torneo actual,usa promedios del contexto premium/API-Football,el volumen ofensivo puede variar por planteamiento y marcador temprano,https://www.betano.pe/cuotas-de-partido/corinthians-sp-ca-rosario-central/90742116/
2026-08-20,19:30,Corinthians vs Rosario Central,,Betano,Local tarjetas +0.5,CARDS_HOME OVER.0.5,CARDS_HOME:OVER_0_5,69.9%,0.698800,,,,,,,Sin cuota/EV,No encontrado en Betano,Media,contexto premium torneo actual,usa promedios del contexto premium/API-Football,depende mucho del arbitro y del contexto competitivo,https://www.betano.pe/cuotas-de-partido/corinthians-sp-ca-rosario-central/90742116/
2026-08-20,19:30,Corinthians vs Rosario Central,10Bet,Betano,BTTS no,BTTS NO,BTTS:NO,69.7%,0.697200,1.09,-0.24,-0.240000,1.53,0.07,0.066700,EV negativo,EV positivo Betano,Media,torneo actual,usa Poisson base con estadisticas de goles del torneo,un gol temprano o baja eficacia puede cambiar la lectura del mercado,https://www.betano.pe/cuotas-de-partido/corinthians-sp-ca-rosario-central/90742116/
2026-08-20,19:30,Corinthians vs Rosario Central,,Betano,Visita tarjetas -3.5,CARDS_AWAY UNDER.3.5,CARDS_AWAY:UNDER_3_5,69.2%,0.691900,,,,,,,Sin cuota/EV,No encontrado en Betano,Media,contexto premium torneo actual,usa promedios del contexto premium/API-Football,depende mucho del arbitro y del contexto competitivo,https://www.betano.pe/cuotas-de-partido/corinthians-sp-ca-rosario-central/90742116/
2026-08-20,19:30,Corinthians vs Rosario Central,,Betano,SHOTS_ON_TARGET_TOTAL OVER.6.5,SHOTS_ON_TARGET_TOTAL OVER.6.5,SHOTS_ON_TARGET_TOTAL:OVER_6_5,67.4%,0.674300,,,,,,,Sin cuota/EV,No encontrado en Betano,Media,contexto premium torneo actual,usa promedios del contexto premium/API-Football,el volumen ofensivo puede variar por planteamiento y marcador temprano,https://www.betano.pe/cuotas-de-partido/corinthians-sp-ca-rosario-central/90742116/
2026-08-20,19:30,Corinthians vs Rosario Central,,Betano,Visita corners -6.5,CORNERS_AWAY UNDER.6.5,CORNERS_AWAY:UNDER_6_5,67.0%,0.670300,,,,,,,Sin cuota/EV,No encontrado en Betano,Media,contexto premium torneo actual,usa promedios del contexto premium/API-Football,el volumen ofensivo puede variar por planteamiento y marcador temprano,https://www.betano.pe/cuotas-de-partido/corinthians-sp-ca-rosario-central/90742116/
2026-08-20,19:30,Corinthians vs Rosario Central,,Betano,Local tarjetas -1.5,CARDS_HOME UNDER.1.5,CARDS_HOME:UNDER_1_5,66.3%,0.662600,,,,,,,Sin cuota/EV,No encontrado en Betano,Media,contexto premium torneo actual,usa promedios del contexto premium/API-Football,depende mucho del arbitro y del contexto competitivo,https://www.betano.pe/cuotas-de-partido/corinthians-sp-ca-rosario-central/90742116/
2026-08-20,19:30,Corinthians vs Rosario Central,,Betano,Visita corners +4.5,CORNERS_AWAY OVER.4.5,CORNERS_AWAY:OVER_4_5,65.8%,0.657800,,,,,,,Sin cuota/EV,No encontrado en Betano,Media,contexto premium torneo actual,usa promedios del contexto premium/API-Football,el volumen ofensivo puede variar por planteamiento y marcador temprano,https://www.betano.pe/cuotas-de-partido/corinthians-sp-ca-rosario-central/90742116/
2026-08-20,19:30,Corinthians vs Rosario Central,,Betano,DOUBLE_CHANCE 12,DOUBLE_CHANCE 12,DOUBLE_CHANCE:12,65.3%,0.653400,,,,,,,Sin cuota/EV,No encontrado en Betano,Media,torneo actual,usa Poisson base con estadisticas de goles del torneo,riesgo propio del resultado final y variacion del modelo,https://www.betano.pe/cuotas-de-partido/corinthians-sp-ca-rosario-central/90742116/
2026-08-20,19:30,Corinthians vs Rosario Central,,Betano,Local corners -4.5,CORNERS_HOME UNDER.4.5,CORNERS_HOME:UNDER_4_5,64.8%,0.648400,,,,,,,Sin cuota/EV,No encontrado en Betano,Media,contexto premium torneo actual,usa promedios del contexto premium/API-Football,el volumen ofensivo puede variar por planteamiento y marcador temprano,https://www.betano.pe/cuotas-de-partido/corinthians-sp-ca-rosario-central/90742116/
2026-08-20,19:30,Corinthians vs Rosario Central,,Betano,Corners total -10.5,CORNERS_TOTALS UNDER.10.5,CORNERS_TOTALS:UNDER_10_5,64.5%,0.645300,,,,,,,Sin cuota/EV,No encontrado en Betano,Media,contexto premium torneo actual,usa promedios del contexto premium/API-Football,el volumen ofensivo puede variar por planteamiento y marcador temprano,https://www.betano.pe/cuotas-de-partido/corinthians-sp-ca-rosario-central/90742116/
2026-08-20,19:30,Corinthians vs Rosario Central,,Betano,Tarjetas total -4.5,CARDS_TOTALS UNDER.4.5,CARDS_TOTALS:UNDER_4_5,62.9%,0.628800,,,,,,,Sin cuota/EV,No encontrado en Betano,Media,contexto premium torneo actual,usa promedios del contexto premium/API-Football,depende mucho del arbitro y del contexto competitivo,https://www.betano.pe/cuotas-de-partido/corinthians-sp-ca-rosario-central/90742116/
2026-08-20,19:30,Corinthians vs Rosario Central,,Betano,SHOTS_TOTAL OVER.24.5,SHOTS_TOTAL OVER.24.5,SHOTS_TOTAL:OVER_24_5,61.9%,0.619000,,,,,,,Sin cuota/EV,No encontrado en Betano,Media,contexto premium torneo actual,usa promedios del contexto premium/API-Football,el volumen ofensivo puede variar por planteamiento y marcador temprano,https://www.betano.pe/cuotas-de-partido/corinthians-sp-ca-rosario-central/90742116/
2026-08-20,19:30,Corinthians vs Rosario Central,10Bet,Betano,Corners total +8.5,CORNERS_TOTALS OVER.8.5,CORNERS_TOTALS:OVER_8_5,60.8%,0.608200,1.70,0.03,0.033900,1.70,0.03,0.033900,EV positivo,EV positivo Betano,Media,contexto premium torneo actual,usa promedios del contexto premium/API-Football,el volumen ofensivo puede variar por planteamiento y marcador temprano,https://www.betano.pe/cuotas-de-partido/corinthians-sp-ca-rosario-central/90742116/
2026-08-20,19:30,Corinthians vs Rosario Central,,Betano,DOUBLE_CHANCE 1X,DOUBLE_CHANCE 1X,DOUBLE_CHANCE:1X,60.7%,0.606800,,,,,,,Sin cuota/EV,No encontrado en Betano,Media,torneo actual,usa Poisson base con estadisticas de goles del torneo,riesgo propio del resultado final y variacion del modelo,https://www.betano.pe/cuotas-de-partido/corinthians-sp-ca-rosario-central/90742116/
2026-08-20,19:30,Corinthians vs Rosario Central,,Betano,SHOTS_ON_TARGET_TOTAL UNDER.8.5,SHOTS_ON_TARGET_TOTAL UNDER.8.5,SHOTS_ON_TARGET_TOTAL:UNDER_8_5,60.7%,0.606500,,,,,,,Sin cuota/EV,No encontrado en Betano,Media,contexto premium torneo actual,usa promedios del contexto premium/API-Football,el volumen ofensivo puede variar por planteamiento y marcador temprano,https://www.betano.pe/cuotas-de-partido/corinthians-sp-ca-rosario-central/90742116/
2026-08-20,19:30,Corinthians vs Rosario Central,,Betano,Visita goles +0.5,TEAM_TOTAL_AWAY OVER.0.5,TEAM_TOTAL_AWAY:OVER_0_5,60.5%,0.604900,,,,,,,Sin cuota/EV,No encontrado en Betano,Media,torneo actual,usa Poisson base con estadisticas de goles del torneo,un gol temprano o baja eficacia puede cambiar la lectura del mercado,https://www.betano.pe/cuotas-de-partido/corinthians-sp-ca-rosario-central/90742116/
2026-08-20,19:30,Corinthians vs Rosario Central,10Bet,Betano,DNB visita,DRAW_NO_BET AWAY,DRAW_NO_BET:AWAY,60.2%,0.601700,2.85,0.71,0.715000,,,,EV positivo,No encontrado en Betano,Media,torneo actual,usa Poisson base con estadisticas de goles del torneo,riesgo propio del resultado final y variacion del modelo,https://www.betano.pe/cuotas-de-partido/corinthians-sp-ca-rosario-central/90742116/
2026-08-20,19:30,Corinthians vs Rosario Central,,Betano,Tarjetas total +3.5,CARDS_TOTALS OVER.3.5,CARDS_TOTALS:OVER_3_5,56.6%,0.566500,,,,,,,Sin cuota/EV,No encontrado en Betano,Media,contexto premium torneo actual,usa promedios del contexto premium/API-Football,depende mucho del arbitro y del contexto competitivo,https://www.betano.pe/cuotas-de-partido/corinthians-sp-ca-rosario-central/90742116/
2026-08-20,19:30,Corinthians vs Rosario Central,,Betano,Local corners +3.5,CORNERS_HOME OVER.3.5,CORNERS_HOME:OVER_3_5,54.7%,0.546800,,,,,,,Sin cuota/EV,No encontrado en Betano,Baja,contexto premium torneo actual,usa promedios del contexto premium/API-Football,el volumen ofensivo puede variar por planteamiento y marcador temprano,https://www.betano.pe/cuotas-de-partido/corinthians-sp-ca-rosario-central/90742116/
2026-08-20,19:30,Corinthians vs Rosario Central,,Betano,SHOTS_TOTAL UNDER.26.5,SHOTS_TOTAL UNDER.26.5,SHOTS_TOTAL:UNDER_26_5,53.6%,0.536300,,,,,,,Sin cuota/EV,No encontrado en Betano,Baja,contexto premium torneo actual,usa promedios del contexto premium/API-Football,el volumen ofensivo puede variar por planteamiento y marcador temprano,https://www.betano.pe/cuotas-de-partido/corinthians-sp-ca-rosario-central/90742116/
2026-08-20,19:30,Corinthians vs Rosario Central,,Betano,SHOTS_ON_TARGET_TOTAL OVER.7.5,SHOTS_ON_TARGET_TOTAL OVER.7.5,SHOTS_ON_TARGET_TOTAL:OVER_7_5,53.3%,0.533000,,,,,,,Sin cuota/EV,No encontrado en Betano,Baja,contexto premium torneo actual,usa promedios del contexto premium/API-Football,el volumen ofensivo puede variar por planteamiento y marcador temprano,https://www.betano.pe/cuotas-de-partido/corinthians-sp-ca-rosario-central/90742116/
2026-08-20,19:30,Corinthians vs Rosario Central,,Betano,Visita tarjetas +2.5,CARDS_AWAY OVER.2.5,CARDS_AWAY:OVER_2_5,53.0%,0.530500,,,,,,,Sin cuota/EV,No encontrado en Betano,Baja,contexto premium torneo actual,usa promedios del contexto premium/API-Football,depende mucho del arbitro y del contexto competitivo,https://www.betano.pe/cuotas-de-partido/corinthians-sp-ca-rosario-central/90742116/
2026-08-20,19:30,Corinthians vs Rosario Central,10Bet,Betano,Corners total -9.5,CORNERS_TOTALS UNDER.9.5,CORNERS_TOTALS:UNDER_9_5,52.2%,0.521800,1.77,-0.08,-0.076400,1.65,-0.14,-0.139000,EV negativo,EV negativo Betano,Baja,contexto premium torneo actual,usa promedios del contexto premium/API-Football,el volumen ofensivo puede variar por planteamiento y marcador temprano,https://www.betano.pe/cuotas-de-partido/corinthians-sp-ca-rosario-central/90742116/
2026-08-20,19:30,Corinthians vs Rosario Central,10Bet,Betano,Goles -1.5,TOTALS UNDER.1.5,TOTALS:UNDER_1_5,51.8%,0.517600,1.35,-0.30,-0.301300,2.18,0.13,0.128400,EV negativo,EV positivo Betano,Baja,torneo actual,usa Poisson base con estadisticas de goles del torneo,un gol temprano o baja eficacia puede cambiar la lectura del mercado,https://www.betano.pe/cuotas-de-partido/corinthians-sp-ca-rosario-central/90742116/
2026-08-20,19:30,Corinthians vs Rosario Central,,Betano,Visita corners -5.5,CORNERS_AWAY UNDER.5.5,CORNERS_AWAY:UNDER_5_5,51.2%,0.511900,,,,,,,Sin cuota/EV,No encontrado en Betano,Baja,contexto premium torneo actual,usa promedios del contexto premium/API-Football,el volumen ofensivo puede variar por planteamiento y marcador temprano,https://www.betano.pe/cuotas-de-partido/corinthians-sp-ca-rosario-central/90742116/
2026-08-20,19:30,Corinthians vs Rosario Central,10Bet,Betano,1T +0.5,FIRST_HALF_TOTALS OVER.0.5,FIRST_HALF_TOTALS:OVER_0_5,50.3%,0.503400,3.20,0.61,0.610900,1.72,-0.13,-0.134200,EV positivo,EV negativo Betano,Baja,contexto premium torneo actual,usa promedios del contexto premium/API-Football,el primer tiempo puede tener ritmo bajo o rotaciones,https://www.betano.pe/cuotas-de-partido/corinthians-sp-ca-rosario-central/90742116/
2026-08-20,19:30,Corinthians vs Rosario Central,,Betano,Local goles +0.5,TEAM_TOTAL_HOME OVER.0.5,TEAM_TOTAL_HOME:OVER_0_5,50.1%,0.500600,,,,,,,Sin cuota/EV,No encontrado en Betano,Baja,torneo actual,usa Poisson base con estadisticas de goles del torneo,un gol temprano o baja eficacia puede cambiar la lectura del mercado,https://www.betano.pe/cuotas-de-partido/corinthians-sp-ca-rosario-central/90742116/
2026-08-20,19:30,Corinthians vs Rosario Central,,Betano,Local goles -0.5,TEAM_TOTAL_HOME UNDER.0.5,TEAM_TOTAL_HOME:UNDER_0_5,49.9%,0.499400,,,,,,,Sin cuota/EV,No encontrado en Betano,Baja,torneo actual,usa Poisson base con estadisticas de goles del torneo,un gol temprano o baja eficacia puede cambiar la lectura del mercado,https://www.betano.pe/cuotas-de-partido/corinthians-sp-ca-rosario-central/90742116/
2026-08-20,19:30,Corinthians vs Rosario Central,10Bet,Betano,1T -0.5,FIRST_HALF_TOTALS UNDER.0.5,FIRST_HALF_TOTALS:UNDER_0_5,49.7%,0.496600,1.30,-0.35,-0.354400,2.10,0.04,0.042900,EV negativo,EV positivo Betano,Baja,contexto premium torneo actual,usa promedios del contexto premium/API-Football,el primer tiempo puede tener ritmo bajo o rotaciones,https://www.betano.pe/cuotas-de-partido/corinthians-sp-ca-rosario-central/90742116/
2026-08-20,19:30,Corinthians vs Rosario Central,,Betano,Visita corners +5.5,CORNERS_AWAY OVER.5.5,CORNERS_AWAY:OVER_5_5,48.8%,0.488100,,,,,,,Sin cuota/EV,No encontrado en Betano,Baja,contexto premium torneo actual,usa promedios del contexto premium/API-Football,el volumen ofensivo puede variar por planteamiento y marcador temprano,https://www.betano.pe/cuotas-de-partido/corinthians-sp-ca-rosario-central/90742116/
2026-08-20,19:30,Corinthians vs Rosario Central,10Bet,Betano,Goles +1.5,TOTALS OVER.1.5,TOTALS:OVER_1_5,48.2%,0.482400,2.95,0.42,0.423100,1.70,-0.18,-0.179900,EV positivo,EV negativo Betano,Baja,torneo actual,usa Poisson base con estadisticas de goles del torneo,un gol temprano o baja eficacia puede cambiar la lectura del mercado,https://www.betano.pe/cuotas-de-partido/corinthians-sp-ca-rosario-central/90742116/
2026-08-20,19:30,Corinthians vs Rosario Central,10Bet,Betano,Corners total +9.5,CORNERS_TOTALS OVER.9.5,CORNERS_TOTALS:OVER_9_5,47.8%,0.478200,1.95,-0.07,-0.067600,2.15,0.03,0.028100,EV negativo,EV positivo Betano,Baja,contexto premium torneo actual,usa promedios del contexto premium/API-Football,el volumen ofensivo puede variar por planteamiento y marcador temprano,https://www.betano.pe/cuotas-de-partido/corinthians-sp-ca-rosario-central/90742116/
2026-08-20,19:30,Corinthians vs Rosario Central,,Betano,Visita tarjetas -2.5,CARDS_AWAY UNDER.2.5,CARDS_AWAY:UNDER_2_5,46.9%,0.469500,,,,,,,Sin cuota/EV,No encontrado en Betano,Baja,contexto premium torneo actual,usa promedios del contexto premium/API-Football,depende mucho del arbitro y del contexto competitivo,https://www.betano.pe/cuotas-de-partido/corinthians-sp-ca-rosario-central/90742116/
2026-08-20,19:30,Corinthians vs Rosario Central,,Betano,SHOTS_ON_TARGET_TOTAL UNDER.7.5,SHOTS_ON_TARGET_TOTAL UNDER.7.5,SHOTS_ON_TARGET_TOTAL:UNDER_7_5,46.7%,0.467000,,,,,,,Sin cuota/EV,No encontrado en Betano,Baja,contexto premium torneo actual,usa promedios del contexto premium/API-Football,el volumen ofensivo puede variar por planteamiento y marcador temprano,https://www.betano.pe/cuotas-de-partido/corinthians-sp-ca-rosario-central/90742116/
2026-08-20,19:30,Corinthians vs Rosario Central,,Betano,SHOTS_TOTAL OVER.26.5,SHOTS_TOTAL OVER.26.5,SHOTS_TOTAL:OVER_26_5,46.4%,0.463700,,,,,,,Sin cuota/EV,No encontrado en Betano,Baja,contexto premium torneo actual,usa promedios del contexto premium/API-Football,el volumen ofensivo puede variar por planteamiento y marcador temprano,https://www.betano.pe/cuotas-de-partido/corinthians-sp-ca-rosario-central/90742116/
2026-08-20,19:30,Corinthians vs Rosario Central,,Betano,Local corners -3.5,CORNERS_HOME UNDER.3.5,CORNERS_HOME:UNDER_3_5,45.3%,0.453200,,,,,,,Sin cuota/EV,No encontrado en Betano,Baja,contexto premium torneo actual,usa promedios del contexto premium/API-Football,el volumen ofensivo puede variar por planteamiento y marcador temprano,https://www.betano.pe/cuotas-de-partido/corinthians-sp-ca-rosario-central/90742116/
2026-08-20,19:30,Corinthians vs Rosario Central,,Betano,Tarjetas total -3.5,CARDS_TOTALS UNDER.3.5,CARDS_TOTALS:UNDER_3_5,43.4%,0.433500,,,,,,,Sin cuota/EV,No encontrado en Betano,Baja,contexto premium torneo actual,usa promedios del contexto premium/API-Football,depende mucho del arbitro y del contexto competitivo,https://www.betano.pe/cuotas-de-partido/corinthians-sp-ca-rosario-central/90742116/
2026-08-20,19:30,Corinthians vs Rosario Central,10Bet,Betano,DNB local,DRAW_NO_BET HOME,DRAW_NO_BET:HOME,39.8%,0.398300,1.36,-0.46,-0.458400,,,,EV negativo,No encontrado en Betano,Baja,torneo actual,usa Poisson base con estadisticas de goles del torneo,riesgo propio del resultado final y variacion del modelo,https://www.betano.pe/cuotas-de-partido/corinthians-sp-ca-rosario-central/90742116/
2026-08-20,19:30,Corinthians vs Rosario Central,,Betano,Visita goles -0.5,TEAM_TOTAL_AWAY UNDER.0.5,TEAM_TOTAL_AWAY:UNDER_0_5,39.5%,0.395100,,,,,,,Sin cuota/EV,No encontrado en Betano,Baja,torneo actual,usa Poisson base con estadisticas de goles del torneo,un gol temprano o baja eficacia puede cambiar la lectura del mercado,https://www.betano.pe/cuotas-de-partido/corinthians-sp-ca-rosario-central/90742116/
2026-08-20,19:30,Corinthians vs Rosario Central,,Betano,SHOTS_ON_TARGET_TOTAL OVER.8.5,SHOTS_ON_TARGET_TOTAL OVER.8.5,SHOTS_ON_TARGET_TOTAL:OVER_8_5,39.4%,0.393500,,,,,,,Sin cuota/EV,No encontrado en Betano,Baja,contexto premium torneo actual,usa promedios del contexto premium/API-Football,el volumen ofensivo puede variar por planteamiento y marcador temprano,https://www.betano.pe/cuotas-de-partido/corinthians-sp-ca-rosario-central/90742116/
2026-08-20,19:30,Corinthians vs Rosario Central,10Bet,Betano,Gana visita,1X2 AWAY,1X2:AWAY,39.3%,0.393200,6.50,1.56,1.555700,3.70,0.45,0.454800,EV positivo,EV positivo Betano,Baja,torneo actual,usa Poisson base con estadisticas de goles del torneo,riesgo propio del resultado final y variacion del modelo,https://www.betano.pe/cuotas-de-partido/corinthians-sp-ca-rosario-central/90742116/
2026-08-20,19:30,Corinthians vs Rosario Central,10Bet,Betano,Corners total -8.5,CORNERS_TOTALS UNDER.8.5,CORNERS_TOTALS:UNDER_8_5,39.2%,0.391800,2.05,-0.20,-0.196800,2.07,-0.19,-0.189000,EV negativo,EV negativo Betano,Baja,contexto premium torneo actual,usa promedios del contexto premium/API-Football,el volumen ofensivo puede variar por planteamiento y marcador temprano,https://www.betano.pe/cuotas-de-partido/corinthians-sp-ca-rosario-central/90742116/
2026-08-20,19:30,Corinthians vs Rosario Central,,Betano,SHOTS_TOTAL UNDER.24.5,SHOTS_TOTAL UNDER.24.5,SHOTS_TOTAL:UNDER_24_5,38.1%,0.381000,,,,,,,Sin cuota/EV,No encontrado en Betano,Baja,contexto premium torneo actual,usa promedios del contexto premium/API-Football,el volumen ofensivo puede variar por planteamiento y marcador temprano,https://www.betano.pe/cuotas-de-partido/corinthians-sp-ca-rosario-central/90742116/
2026-08-20,19:30,Corinthians vs Rosario Central,,Betano,Tarjetas total +4.5,CARDS_TOTALS OVER.4.5,CARDS_TOTALS:OVER_4_5,37.1%,0.371200,,,,,,,Sin cuota/EV,No encontrado en Betano,Baja,contexto premium torneo actual,usa promedios del contexto premium/API-Football,depende mucho del arbitro y del contexto competitivo,https://www.betano.pe/cuotas-de-partido/corinthians-sp-ca-rosario-central/90742116/
2026-08-20,19:30,Corinthians vs Rosario Central,,Betano,Corners total +10.5,CORNERS_TOTALS OVER.10.5,CORNERS_TOTALS:OVER_10_5,35.5%,0.354700,,,,,,,Sin cuota/EV,No encontrado en Betano,Baja,contexto premium torneo actual,usa promedios del contexto premium/API-Football,el volumen ofensivo puede variar por planteamiento y marcador temprano,https://www.betano.pe/cuotas-de-partido/corinthians-sp-ca-rosario-central/90742116/
2026-08-20,19:30,Corinthians vs Rosario Central,,Betano,Local corners +4.5,CORNERS_HOME OVER.4.5,CORNERS_HOME:OVER_4_5,35.2%,0.351600,,,,,,,Sin cuota/EV,No encontrado en Betano,Baja,contexto premium torneo actual,usa promedios del contexto premium/API-Football,el volumen ofensivo puede variar por planteamiento y marcador temprano,https://www.betano.pe/cuotas-de-partido/corinthians-sp-ca-rosario-central/90742116/
2026-08-20,19:30,Corinthians vs Rosario Central,10Bet,Betano,Empate,1X2 DRAW,1X2:DRAW,34.7%,0.346600,1.53,-0.47,-0.469700,2.92,0.01,0.012100,EV negativo,EV positivo Betano,Baja,torneo actual,usa Poisson base con estadisticas de goles del torneo,riesgo propio del resultado final y variacion del modelo,https://www.betano.pe/cuotas-de-partido/corinthians-sp-ca-rosario-central/90742116/
2026-08-20,19:30,Corinthians vs Rosario Central,,Betano,Visita corners -4.5,CORNERS_AWAY UNDER.4.5,CORNERS_AWAY:UNDER_4_5,34.2%,0.342200,,,,,,,Sin cuota/EV,No encontrado en Betano,Baja,contexto premium torneo actual,usa promedios del contexto premium/API-Football,el volumen ofensivo puede variar por planteamiento y marcador temprano,https://www.betano.pe/cuotas-de-partido/corinthians-sp-ca-rosario-central/90742116/
2026-08-20,19:30,Corinthians vs Rosario Central,,Betano,Local tarjetas +1.5,CARDS_HOME OVER.1.5,CARDS_HOME:OVER_1_5,33.7%,0.337400,,,,,,,Sin cuota/EV,No encontrado en Betano,Baja,contexto premium torneo actual,usa promedios del contexto premium/API-Football,depende mucho del arbitro y del contexto competitivo,https://www.betano.pe/cuotas-de-partido/corinthians-sp-ca-rosario-central/90742116/
2026-08-20,19:30,Corinthians vs Rosario Central,,Betano,Visita corners +6.5,CORNERS_AWAY OVER.6.5,CORNERS_AWAY:OVER_6_5,33.0%,0.329700,,,,,,,Sin cuota/EV,No encontrado en Betano,Baja,contexto premium torneo actual,usa promedios del contexto premium/API-Football,el volumen ofensivo puede variar por planteamiento y marcador temprano,https://www.betano.pe/cuotas-de-partido/corinthians-sp-ca-rosario-central/90742116/
2026-08-20,19:30,Corinthians vs Rosario Central,,Betano,SHOTS_ON_TARGET_TOTAL UNDER.6.5,SHOTS_ON_TARGET_TOTAL UNDER.6.5,SHOTS_ON_TARGET_TOTAL:UNDER_6_5,32.6%,0.325700,,,,,,,Sin cuota/EV,No encontrado en Betano,Baja,contexto premium torneo actual,usa promedios del contexto premium/API-Football,el volumen ofensivo puede variar por planteamiento y marcador temprano,https://www.betano.pe/cuotas-de-partido/corinthians-sp-ca-rosario-central/90742116/
2026-08-20,19:30,Corinthians vs Rosario Central,,Betano,Visita tarjetas +3.5,CARDS_AWAY OVER.3.5,CARDS_AWAY:OVER_3_5,30.8%,0.308100,,,,,,,Sin cuota/EV,No encontrado en Betano,Baja,contexto premium torneo actual,usa promedios del contexto premium/API-Football,depende mucho del arbitro y del contexto competitivo,https://www.betano.pe/cuotas-de-partido/corinthians-sp-ca-rosario-central/90742116/
2026-08-20,19:30,Corinthians vs Rosario Central,10Bet,Betano,BTTS sí,BTTS YES,BTTS:YES,30.3%,0.302800,6.25,0.89,0.892400,2.40,-0.27,-0.273300,EV positivo,EV negativo Betano,Baja,torneo actual,usa Poisson base con estadisticas de goles del torneo,un gol temprano o baja eficacia puede cambiar la lectura del mercado,https://www.betano.pe/cuotas-de-partido/corinthians-sp-ca-rosario-central/90742116/
2026-08-20,19:30,Corinthians vs Rosario Central,,Betano,Local tarjetas -0.5,CARDS_HOME UNDER.0.5,CARDS_HOME:UNDER_0_5,30.1%,0.301200,,,,,,,Sin cuota/EV,No encontrado en Betano,Baja,contexto premium torneo actual,usa promedios del contexto premium/API-Football,depende mucho del arbitro y del contexto competitivo,https://www.betano.pe/cuotas-de-partido/corinthians-sp-ca-rosario-central/90742116/
2026-08-20,19:30,Corinthians vs Rosario Central,,Betano,SHOTS_ON_TARGET_TOTAL OVER.9.5,SHOTS_ON_TARGET_TOTAL OVER.9.5,SHOTS_ON_TARGET_TOTAL:OVER_9_5,27.1%,0.271000,,,,,,,Sin cuota/EV,No encontrado en Betano,Baja,contexto premium torneo actual,usa promedios del contexto premium/API-Football,el volumen ofensivo puede variar por planteamiento y marcador temprano,https://www.betano.pe/cuotas-de-partido/corinthians-sp-ca-rosario-central/90742116/
2026-08-20,19:30,Corinthians vs Rosario Central,,Betano,Corners total -7.5,CORNERS_TOTALS UNDER.7.5,CORNERS_TOTALS:UNDER_7_5,26.9%,0.268700,,,,2.87,-0.23,-0.228800,Sin cuota/EV,EV negativo Betano,Baja,contexto premium torneo actual,usa promedios del contexto premium/API-Football,el volumen ofensivo puede variar por planteamiento y marcador temprano,https://www.betano.pe/cuotas-de-partido/corinthians-sp-ca-rosario-central/90742116/
2026-08-20,19:30,Corinthians vs Rosario Central,10Bet,Betano,Gana local,1X2 HOME,1X2:HOME,26.0%,0.260200,3.60,-0.06,-0.063200,2.30,-0.40,-0.401500,EV negativo,EV negativo Betano,Baja,torneo actual,usa Poisson base con estadisticas de goles del torneo,riesgo propio del resultado final y variacion del modelo,https://www.betano.pe/cuotas-de-partido/corinthians-sp-ca-rosario-central/90742116/
2026-08-20,19:30,Corinthians vs Rosario Central,,Betano,Corners total +11.5,CORNERS_TOTALS OVER.11.5,CORNERS_TOTALS:OVER_11_5,24.8%,0.248000,,,,,,,Sin cuota/EV,No encontrado en Betano,Baja,contexto premium torneo actual,usa promedios del contexto premium/API-Football,el volumen ofensivo puede variar por planteamiento y marcador temprano,https://www.betano.pe/cuotas-de-partido/corinthians-sp-ca-rosario-central/90742116/
2026-08-20,19:30,Corinthians vs Rosario Central,,Betano,SHOTS_TOTAL UNDER.22.5,SHOTS_TOTAL UNDER.22.5,SHOTS_TOTAL:UNDER_22_5,24.0%,0.239700,,,,,,,Sin cuota/EV,No encontrado en Betano,Baja,contexto premium torneo actual,usa promedios del contexto premium/API-Football,el volumen ofensivo puede variar por planteamiento y marcador temprano,https://www.betano.pe/cuotas-de-partido/corinthians-sp-ca-rosario-central/90742116/
2026-08-20,19:30,Corinthians vs Rosario Central,,Betano,Tarjetas total -2.5,CARDS_TOTALS UNDER.2.5,CARDS_TOTALS:UNDER_2_5,23.8%,0.238100,,,,,,,Sin cuota/EV,No encontrado en Betano,Baja,contexto premium torneo actual,usa promedios del contexto premium/API-Football,depende mucho del arbitro y del contexto competitivo,https://www.betano.pe/cuotas-de-partido/corinthians-sp-ca-rosario-central/90742116/
2026-08-20,19:30,Corinthians vs Rosario Central,,Betano,Visita goles +1.5,TEAM_TOTAL_AWAY OVER.1.5,TEAM_TOTAL_AWAY:OVER_1_5,23.8%,0.238000,,,,,,,Sin cuota/EV,No encontrado en Betano,Baja,torneo actual,usa Poisson base con estadisticas de goles del torneo,un gol temprano o baja eficacia puede cambiar la lectura del mercado,https://www.betano.pe/cuotas-de-partido/corinthians-sp-ca-rosario-central/90742116/
2026-08-20,19:30,Corinthians vs Rosario Central,,Betano,Visita tarjetas -1.5,CARDS_AWAY UNDER.1.5,CARDS_AWAY:UNDER_1_5,23.1%,0.231100,,,,,,,Sin cuota/EV,No encontrado en Betano,Baja,contexto premium torneo actual,usa promedios del contexto premium/API-Football,depende mucho del arbitro y del contexto competitivo,https://www.betano.pe/cuotas-de-partido/corinthians-sp-ca-rosario-central/90742116/
2026-08-20,19:30,Corinthians vs Rosario Central,10Bet,Betano,Goles +2.5,TOTALS OVER.2.5,TOTALS:OVER_2_5,22.3%,0.222600,7.00,0.56,0.557900,3.05,-0.32,-0.321100,EV positivo,EV negativo Betano,Baja,torneo actual,usa Poisson base con estadisticas de goles del torneo,un gol temprano o baja eficacia puede cambiar la lectura del mercado,https://www.betano.pe/cuotas-de-partido/corinthians-sp-ca-rosario-central/90742116/
2026-08-20,19:30,Corinthians vs Rosario Central,,Betano,Tarjetas total +5.5,CARDS_TOTALS OVER.5.5,CARDS_TOTALS:OVER_5_5,21.5%,0.214900,,,,1.60,-0.66,-0.656200,Sin cuota/EV,EV negativo Betano,Baja,contexto premium torneo actual,usa promedios del contexto premium/API-Football,depende mucho del arbitro y del contexto competitivo,https://www.betano.pe/cuotas-de-partido/corinthians-sp-ca-rosario-central/90742116/
2026-08-20,19:30,Corinthians vs Rosario Central,10Bet,Betano,Local corners +5.5,CORNERS_HOME OVER.5.5,CORNERS_HOME:OVER_5_5,19.9%,0.199400,1.95,-0.61,-0.611100,,,,EV negativo,No encontrado en Betano,Baja,contexto premium torneo actual,usa promedios del contexto premium/API-Football,el volumen ofensivo puede variar por planteamiento y marcador temprano,https://www.betano.pe/cuotas-de-partido/corinthians-sp-ca-rosario-central/90742116/
2026-08-20,19:30,Corinthians vs Rosario Central,10Bet,Betano,Visita corners -3.5,CORNERS_AWAY UNDER.3.5,CORNERS_AWAY:UNDER_3_5,19.1%,0.190600,2.00,-0.62,-0.618800,,,,EV negativo,No encontrado en Betano,Baja,contexto premium torneo actual,usa promedios del contexto premium/API-Football,el volumen ofensivo puede variar por planteamiento y marcador temprano,https://www.betano.pe/cuotas-de-partido/corinthians-sp-ca-rosario-central/90742116/
2026-08-20,19:30,Corinthians vs Rosario Central,10Bet,Betano,1T +1.5,FIRST_HALF_TOTALS OVER.1.5,FIRST_HALF_TOTALS:OVER_1_5,15.6%,0.155800,6.50,0.01,0.012700,4.20,-0.35,-0.345600,EV negativo,EV negativo Betano,Baja,contexto premium torneo actual,usa promedios del contexto premium/API-Football,el primer tiempo puede tener ritmo bajo o rotaciones,https://www.betano.pe/cuotas-de-partido/corinthians-sp-ca-rosario-central/90742116/
2026-08-20,19:30,Corinthians vs Rosario Central,,Betano,Local goles +1.5,TEAM_TOTAL_HOME OVER.1.5,TEAM_TOTAL_HOME:OVER_1_5,15.4%,0.153800,,,,,,,Sin cuota/EV,No encontrado en Betano,Baja,torneo actual,usa Poisson base con estadisticas de goles del torneo,un gol temprano o baja eficacia puede cambiar la lectura del mercado,https://www.betano.pe/cuotas-de-partido/corinthians-sp-ca-rosario-central/90742116/
2026-08-20,19:30,Corinthians vs Rosario Central,,Betano,SHOTS_TOTAL UNDER.20.5,SHOTS_TOTAL UNDER.20.5,SHOTS_TOTAL:UNDER_20_5,13.1%,0.130500,,,,,,,Sin cuota/EV,No encontrado en Betano,Baja,contexto premium torneo actual,usa promedios del contexto premium/API-Football,el volumen ofensivo puede variar por planteamiento y marcador temprano,https://www.betano.pe/cuotas-de-partido/corinthians-sp-ca-rosario-central/90742116/
2026-08-20,19:30,Corinthians vs Rosario Central,,Betano,Local tarjetas +2.5,CARDS_HOME OVER.2.5,CARDS_HOME:OVER_2_5,12.0%,0.120500,,,,,,,Sin cuota/EV,No encontrado en Betano,Baja,contexto premium torneo actual,usa promedios del contexto premium/API-Football,depende mucho del arbitro y del contexto competitivo,https://www.betano.pe/cuotas-de-partido/corinthians-sp-ca-rosario-central/90742116/
2026-08-20,19:30,Corinthians vs Rosario Central,,Betano,Tarjetas total +6.5,CARDS_TOTALS OVER.6.5,CARDS_TOTALS:OVER_6_5,11.1%,0.110700,,,,2.05,-0.77,-0.773100,Sin cuota/EV,EV negativo Betano,Baja,contexto premium torneo actual,usa promedios del contexto premium/API-Football,depende mucho del arbitro y del contexto competitivo,https://www.betano.pe/cuotas-de-partido/corinthians-sp-ca-rosario-central/90742116/
2026-08-20,19:30,Corinthians vs Rosario Central,,Betano,Local corners +6.5,CORNERS_HOME OVER.6.5,CORNERS_HOME:OVER_6_5,10.1%,0.100500,,,,,,,Sin cuota/EV,No encontrado en Betano,Baja,contexto premium torneo actual,usa promedios del contexto premium/API-Football,el volumen ofensivo puede variar por planteamiento y marcador temprano,https://www.betano.pe/cuotas-de-partido/corinthians-sp-ca-rosario-central/90742116/
2026-08-20,19:30,Corinthians vs Rosario Central,10Bet,Betano,Goles +3.5,TOTALS OVER.3.5,TOTALS:OVER_3_5,8.2%,0.082000,6.25,-0.49,-0.487500,,,,EV negativo,No encontrado en Betano,Baja,torneo actual,usa Poisson base con estadisticas de goles del torneo,un gol temprano o baja eficacia puede cambiar la lectura del mercado,https://www.betano.pe/cuotas-de-partido/corinthians-sp-ca-rosario-central/90742116/
2026-08-20,19:30,Corinthians vs Rosario Central,,Betano,Visita goles +2.5,TEAM_TOTAL_AWAY OVER.2.5,TEAM_TOTAL_AWAY:OVER_2_5,6.8%,0.067600,,,,,,,Sin cuota/EV,No encontrado en Betano,Baja,torneo actual,usa Poisson base con estadisticas de goles del torneo,un gol temprano o baja eficacia puede cambiar la lectura del mercado,https://www.betano.pe/cuotas-de-partido/corinthians-sp-ca-rosario-central/90742116/
2026-08-20,19:30,Corinthians vs Rosario Central,,Betano,Visita tarjetas -0.5,CARDS_AWAY UNDER.0.5,CARDS_AWAY:UNDER_0_5,6.1%,0.060800,,,,,,,Sin cuota/EV,No encontrado en Betano,Baja,contexto premium torneo actual,usa promedios del contexto premium/API-Football,depende mucho del arbitro y del contexto competitivo,https://www.betano.pe/cuotas-de-partido/corinthians-sp-ca-rosario-central/90742116/
2026-08-20,19:30,Corinthians vs Rosario Central,,Betano,SHOTS_TOTAL UNDER.18.5,SHOTS_TOTAL UNDER.18.5,SHOTS_TOTAL:UNDER_18_5,6.0%,0.060100,,,,,,,Sin cuota/EV,No encontrado en Betano,Baja,contexto premium torneo actual,usa promedios del contexto premium/API-Football,el volumen ofensivo puede variar por planteamiento y marcador temprano,https://www.betano.pe/cuotas-de-partido/corinthians-sp-ca-rosario-central/90742116/
2026-08-20,19:30,Corinthians vs Rosario Central,,Betano,Local tarjetas +3.5,CARDS_HOME OVER.3.5,CARDS_HOME:OVER_3_5,3.4%,0.033800,,,,,,,Sin cuota/EV,No encontrado en Betano,Baja,contexto premium torneo actual,usa promedios del contexto premium/API-Football,depende mucho del arbitro y del contexto competitivo,https://www.betano.pe/cuotas-de-partido/corinthians-sp-ca-rosario-central/90742116/
2026-08-20,19:30,Corinthians vs Rosario Central,,Betano,Local goles +2.5,TEAM_TOTAL_HOME OVER.2.5,TEAM_TOTAL_HOME:OVER_2_5,3.3%,0.033400,,,,,,,Sin cuota/EV,No encontrado en Betano,Baja,torneo actual,usa Poisson base con estadisticas de goles del torneo,un gol temprano o baja eficacia puede cambiar la lectura del mercado,https://www.betano.pe/cuotas-de-partido/corinthians-sp-ca-rosario-central/90742116/
2026-08-20,19:30,Botafogo vs Cienciano,,Betano,SHOTS_TOTAL OVER.18.5,SHOTS_TOTAL OVER.18.5,SHOTS_TOTAL:OVER_18_5,97.8%,0.978400,,,,,,,Sin cuota/EV,No encontrado en Betano,Alta,contexto premium torneo actual,usa promedios del contexto premium/API-Football,el volumen ofensivo puede variar por planteamiento y marcador temprano,https://www.betano.pe/cuotas-de-partido/botafogo-rj-club-cienciano/90742080/
2026-08-20,19:30,Botafogo vs Cienciano,,Betano,SHOTS_TOTAL OVER.20.5,SHOTS_TOTAL OVER.20.5,SHOTS_TOTAL:OVER_20_5,94.5%,0.945000,,,,,,,Sin cuota/EV,No encontrado en Betano,Alta,contexto premium torneo actual,usa promedios del contexto premium/API-Football,el volumen ofensivo puede variar por planteamiento y marcador temprano,https://www.betano.pe/cuotas-de-partido/botafogo-rj-club-cienciano/90742080/
2026-08-20,19:30,Botafogo vs Cienciano,,Betano,SHOTS_ON_TARGET_TOTAL OVER.6.5,SHOTS_ON_TARGET_TOTAL OVER.6.5,SHOTS_ON_TARGET_TOTAL:OVER_6_5,91.7%,0.917200,,,,,,,Sin cuota/EV,No encontrado en Betano,Alta,contexto premium torneo actual,usa promedios del contexto premium/API-Football,el volumen ofensivo puede variar por planteamiento y marcador temprano,https://www.betano.pe/cuotas-de-partido/botafogo-rj-club-cienciano/90742080/
2026-08-20,19:30,Botafogo vs Cienciano,,Betano,Tarjetas total -6.5,CARDS_TOTALS UNDER.6.5,CARDS_TOTALS:UNDER_6_5,90.9%,0.909100,,,,,,,Sin cuota/EV,No encontrado en Betano,Alta,contexto premium torneo actual,usa promedios del contexto premium/API-Football,depende mucho del arbitro y del contexto competitivo,https://www.betano.pe/cuotas-de-partido/botafogo-rj-club-cienciano/90742080/
2026-08-20,19:30,Botafogo vs Cienciano,,Betano,Local tarjetas -3.5,CARDS_HOME UNDER.3.5,CARDS_HOME:UNDER_3_5,89.1%,0.891300,,,,,,,Sin cuota/EV,No encontrado en Betano,Alta,contexto premium torneo actual,usa promedios del contexto premium/API-Football,depende mucho del arbitro y del contexto competitivo,https://www.betano.pe/cuotas-de-partido/botafogo-rj-club-cienciano/90742080/
2026-08-20,19:30,Botafogo vs Cienciano,,Betano,SHOTS_TOTAL OVER.22.5,SHOTS_TOTAL OVER.22.5,SHOTS_TOTAL:OVER_22_5,88.3%,0.882700,,,,,,,Sin cuota/EV,No encontrado en Betano,Alta,contexto premium torneo actual,usa promedios del contexto premium/API-Football,el volumen ofensivo puede variar por planteamiento y marcador temprano,https://www.betano.pe/cuotas-de-partido/botafogo-rj-club-cienciano/90742080/
2026-08-20,19:30,Botafogo vs Cienciano,,Betano,Visita tarjetas +0.5,CARDS_AWAY OVER.0.5,CARDS_AWAY:OVER_0_5,86.5%,0.864700,,,,,,,Sin cuota/EV,No encontrado en Betano,Alta,contexto premium torneo actual,usa promedios del contexto premium/API-Football,depende mucho del arbitro y del contexto competitivo,https://www.betano.pe/cuotas-de-partido/botafogo-rj-club-cienciano/90742080/
2026-08-20,19:30,Botafogo vs Cienciano,10Bet,Betano,Goles +1.5,TOTALS OVER.1.5,TOTALS:OVER_1_5,86.0%,0.860100,1.45,0.25,0.247100,,,,EV positivo,No encontrado en Betano,Alta,torneo actual,usa Poisson base con estadisticas de goles del torneo,un gol temprano o baja eficacia puede cambiar la lectura del mercado,https://www.betano.pe/cuotas-de-partido/botafogo-rj-club-cienciano/90742080/
2026-08-20,19:30,Botafogo vs Cienciano,,Betano,Visita tarjetas -3.5,CARDS_AWAY UNDER.3.5,CARDS_AWAY:UNDER_3_5,85.7%,0.857100,,,,,,,Sin cuota/EV,No encontrado en Betano,Alta,contexto premium torneo actual,usa promedios del contexto premium/API-Football,depende mucho del arbitro y del contexto competitivo,https://www.betano.pe/cuotas-de-partido/botafogo-rj-club-cienciano/90742080/
2026-08-20,19:30,Botafogo vs Cienciano,10Bet,Betano,1T +0.5,FIRST_HALF_TOTALS OVER.0.5,FIRST_HALF_TOTALS:OVER_0_5,85.0%,0.850400,3.25,1.76,1.763900,1.18,0.00,0.003500,EV positivo,EV positivo Betano,Alta,contexto premium torneo actual,usa promedios del contexto premium/API-Football,el primer tiempo puede tener ritmo bajo o rotaciones,https://www.betano.pe/cuotas-de-partido/botafogo-rj-club-cienciano/90742080/
2026-08-20,19:30,Botafogo vs Cienciano,,Betano,SHOTS_ON_TARGET_TOTAL OVER.7.5,SHOTS_ON_TARGET_TOTAL OVER.7.5,SHOTS_ON_TARGET_TOTAL:OVER_7_5,85.0%,0.850200,,,,,,,Sin cuota/EV,No encontrado en Betano,Alta,contexto premium torneo actual,usa promedios del contexto premium/API-Football,el volumen ofensivo puede variar por planteamiento y marcador temprano,https://www.betano.pe/cuotas-de-partido/botafogo-rj-club-cienciano/90742080/
2026-08-20,19:30,Botafogo vs Cienciano,,Betano,Local goles +0.5,TEAM_TOTAL_HOME OVER.0.5,TEAM_TOTAL_HOME:OVER_0_5,83.9%,0.839100,,,,,,,Sin cuota/EV,No encontrado en Betano,Alta,torneo actual,usa Poisson base con estadisticas de goles del torneo,un gol temprano o baja eficacia puede cambiar la lectura del mercado,https://www.betano.pe/cuotas-de-partido/botafogo-rj-club-cienciano/90742080/
2026-08-20,19:30,Botafogo vs Cienciano,,Betano,Local tarjetas +0.5,CARDS_HOME OVER.0.5,CARDS_HOME:OVER_0_5,83.5%,0.834700,,,,,,,Sin cuota/EV,No encontrado en Betano,Alta,contexto premium torneo actual,usa promedios del contexto premium/API-Football,depende mucho del arbitro y del contexto competitivo,https://www.betano.pe/cuotas-de-partido/botafogo-rj-club-cienciano/90742080/
2026-08-20,19:30,Botafogo vs Cienciano,,Betano,Corners total +7.5,CORNERS_TOTALS OVER.7.5,CORNERS_TOTALS:OVER_7_5,82.9%,0.829000,,,,,,,Sin cuota/EV,No encontrado en Betano,Alta,contexto premium torneo actual,usa promedios del contexto premium/API-Football,el volumen ofensivo puede variar por planteamiento y marcador temprano,https://www.betano.pe/cuotas-de-partido/botafogo-rj-club-cienciano/90742080/
2026-08-20,19:30,Botafogo vs Cienciano,,Betano,Tarjetas total -5.5,CARDS_TOTALS UNDER.5.5,CARDS_TOTALS:UNDER_5_5,81.6%,0.815600,,,,,,,Sin cuota/EV,No encontrado en Betano,Alta,contexto premium torneo actual,usa promedios del contexto premium/API-Football,depende mucho del arbitro y del contexto competitivo,https://www.betano.pe/cuotas-de-partido/botafogo-rj-club-cienciano/90742080/
2026-08-20,19:30,Botafogo vs Cienciano,,Betano,Visita goles +0.5,TEAM_TOTAL_AWAY OVER.0.5,TEAM_TOTAL_AWAY:OVER_0_5,80.5%,0.805000,,,,,,,Sin cuota/EV,No encontrado en Betano,Alta,torneo actual,usa Poisson base con estadisticas de goles del torneo,un gol temprano o baja eficacia puede cambiar la lectura del mercado,https://www.betano.pe/cuotas-de-partido/botafogo-rj-club-cienciano/90742080/
2026-08-20,19:30,Botafogo vs Cienciano,,Betano,Local corners +3.5,CORNERS_HOME OVER.3.5,CORNERS_HOME:OVER_3_5,79.8%,0.798300,,,,,,,Sin cuota/EV,No encontrado en Betano,Alta,contexto premium torneo actual,usa promedios del contexto premium/API-Football,el volumen ofensivo puede variar por planteamiento y marcador temprano,https://www.betano.pe/cuotas-de-partido/botafogo-rj-club-cienciano/90742080/
2026-08-20,19:30,Botafogo vs Cienciano,,Betano,SHOTS_TOTAL OVER.24.5,SHOTS_TOTAL OVER.24.5,SHOTS_TOTAL:OVER_24_5,78.5%,0.785400,,,,,,,Sin cuota/EV,No encontrado en Betano,Alta,contexto premium torneo actual,usa promedios del contexto premium/API-Football,el volumen ofensivo puede variar por planteamiento y marcador temprano,https://www.betano.pe/cuotas-de-partido/botafogo-rj-club-cienciano/90742080/
2026-08-20,19:30,Botafogo vs Cienciano,,Betano,DOUBLE_CHANCE 12,DOUBLE_CHANCE 12,DOUBLE_CHANCE:12,77.7%,0.776900,,,,,,,Sin cuota/EV,No encontrado en Betano,Alta,torneo actual,usa Poisson base con estadisticas de goles del torneo,riesgo propio del resultado final y variacion del modelo,https://www.betano.pe/cuotas-de-partido/botafogo-rj-club-cienciano/90742080/
2026-08-20,19:30,Botafogo vs Cienciano,,Betano,Visita goles -2.5,TEAM_TOTAL_AWAY UNDER.2.5,TEAM_TOTAL_AWAY:UNDER_2_5,77.4%,0.774200,,,,,,,Sin cuota/EV,No encontrado en Betano,Alta,torneo actual,usa Poisson base con estadisticas de goles del torneo,un gol temprano o baja eficacia puede cambiar la lectura del mercado,https://www.betano.pe/cuotas-de-partido/botafogo-rj-club-cienciano/90742080/
2026-08-20,19:30,Botafogo vs Cienciano,,Betano,SHOTS_ON_TARGET_TOTAL OVER.8.5,SHOTS_ON_TARGET_TOTAL OVER.8.5,SHOTS_ON_TARGET_TOTAL:OVER_8_5,75.9%,0.759000,,,,,,,Sin cuota/EV,No encontrado en Betano,Alta,contexto premium torneo actual,usa promedios del contexto premium/API-Football,el volumen ofensivo puede variar por planteamiento y marcador temprano,https://www.betano.pe/cuotas-de-partido/botafogo-rj-club-cienciano/90742080/
2026-08-20,19:30,Botafogo vs Cienciano,,Betano,Visita corners +3.5,CORNERS_AWAY OVER.3.5,CORNERS_AWAY:OVER_3_5,74.9%,0.748700,,,,,,,Sin cuota/EV,No encontrado en Betano,Alta,contexto premium torneo actual,usa promedios del contexto premium/API-Football,el volumen ofensivo puede variar por planteamiento y marcador temprano,https://www.betano.pe/cuotas-de-partido/botafogo-rj-club-cienciano/90742080/
2026-08-20,19:30,Botafogo vs Cienciano,,Betano,Visita corners -6.5,CORNERS_AWAY UNDER.6.5,CORNERS_AWAY:UNDER_6_5,74.7%,0.747400,,,,,,,Sin cuota/EV,No encontrado en Betano,Alta,contexto premium torneo actual,usa promedios del contexto premium/API-Football,el volumen ofensivo puede variar por planteamiento y marcador temprano,https://www.betano.pe/cuotas-de-partido/botafogo-rj-club-cienciano/90742080/
2026-08-20,19:30,Botafogo vs Cienciano,,Betano,Tarjetas total +2.5,CARDS_TOTALS OVER.2.5,CARDS_TOTALS:OVER_2_5,73.1%,0.731100,,,,,,,Sin cuota/EV,No encontrado en Betano,Alta,contexto premium torneo actual,usa promedios del contexto premium/API-Football,depende mucho del arbitro y del contexto competitivo,https://www.betano.pe/cuotas-de-partido/botafogo-rj-club-cienciano/90742080/
2026-08-20,19:30,Botafogo vs Cienciano,,Betano,Local tarjetas -2.5,CARDS_HOME UNDER.2.5,CARDS_HOME:UNDER_2_5,73.1%,0.730600,,,,,,,Sin cuota/EV,No encontrado en Betano,Alta,contexto premium torneo actual,usa promedios del contexto premium/API-Football,depende mucho del arbitro y del contexto competitivo,https://www.betano.pe/cuotas-de-partido/botafogo-rj-club-cienciano/90742080/
2026-08-20,19:30,Botafogo vs Cienciano,,Betano,Corners total +8.5,CORNERS_TOTALS OVER.8.5,CORNERS_TOTALS:OVER_8_5,73.1%,0.730600,,,,,,,Sin cuota/EV,No encontrado en Betano,Alta,contexto premium torneo actual,usa promedios del contexto premium/API-Football,el volumen ofensivo puede variar por planteamiento y marcador temprano,https://www.betano.pe/cuotas-de-partido/botafogo-rj-club-cienciano/90742080/
2026-08-20,19:30,Botafogo vs Cienciano,,Betano,Local goles -2.5,TEAM_TOTAL_HOME UNDER.2.5,TEAM_TOTAL_HOME:UNDER_2_5,72.3%,0.723200,,,,,,,Sin cuota/EV,No encontrado en Betano,Alta,torneo actual,usa Poisson base con estadisticas de goles del torneo,un gol temprano o baja eficacia puede cambiar la lectura del mercado,https://www.betano.pe/cuotas-de-partido/botafogo-rj-club-cienciano/90742080/
2026-08-20,19:30,Botafogo vs Cienciano,,Betano,Local corners -6.5,CORNERS_HOME UNDER.6.5,CORNERS_HOME:UNDER_6_5,68.6%,0.686000,,,,,,,Sin cuota/EV,No encontrado en Betano,Media,contexto premium torneo actual,usa promedios del contexto premium/API-Football,el volumen ofensivo puede variar por planteamiento y marcador temprano,https://www.betano.pe/cuotas-de-partido/botafogo-rj-club-cienciano/90742080/
2026-08-20,19:30,Botafogo vs Cienciano,,Betano,Visita tarjetas -2.5,CARDS_AWAY UNDER.2.5,CARDS_AWAY:UNDER_2_5,67.7%,0.676700,,,,,,,Sin cuota/EV,No encontrado en Betano,Media,contexto premium torneo actual,usa promedios del contexto premium/API-Football,depende mucho del arbitro y del contexto competitivo,https://www.betano.pe/cuotas-de-partido/botafogo-rj-club-cienciano/90742080/
2026-08-20,19:30,Botafogo vs Cienciano,10Bet,Betano,BTTS sí,BTTS YES,BTTS:YES,67.6%,0.675700,4.00,1.70,1.702600,1.95,0.32,0.317600,EV positivo,EV positivo Betano,Media,torneo actual,usa Poisson base con estadisticas de goles del torneo,un gol temprano o baja eficacia puede cambiar la lectura del mercado,https://www.betano.pe/cuotas-de-partido/botafogo-rj-club-cienciano/90742080/
2026-08-20,19:30,Botafogo vs Cienciano,10Bet,Betano,Goles +2.5,TOTALS OVER.2.5,TOTALS:OVER_2_5,67.2%,0.672300,2.40,0.61,0.613400,1.30,-0.13,-0.126000,EV positivo,EV negativo Betano,Media,torneo actual,usa Poisson base con estadisticas de goles del torneo,un gol temprano o baja eficacia puede cambiar la lectura del mercado,https://www.betano.pe/cuotas-de-partido/botafogo-rj-club-cienciano/90742080/
2026-08-20,19:30,Botafogo vs Cienciano,,Betano,Tarjetas total -4.5,CARDS_TOTALS UNDER.4.5,CARDS_TOTALS:UNDER_4_5,66.8%,0.667800,,,,2.12,0.42,0.415700,Sin cuota/EV,EV positivo Betano,Media,contexto premium torneo actual,usa promedios del contexto premium/API-Football,depende mucho del arbitro y del contexto competitivo,https://www.betano.pe/cuotas-de-partido/botafogo-rj-club-cienciano/90742080/
2026-08-20,19:30,Botafogo vs Cienciano,,Betano,SHOTS_TOTAL OVER.26.5,SHOTS_TOTAL OVER.26.5,SHOTS_TOTAL:OVER_26_5,65.6%,0.656500,,,,,,,Sin cuota/EV,No encontrado en Betano,Media,contexto premium torneo actual,usa promedios del contexto premium/API-Football,el volumen ofensivo puede variar por planteamiento y marcador temprano,https://www.betano.pe/cuotas-de-partido/botafogo-rj-club-cienciano/90742080/
2026-08-20,19:30,Botafogo vs Cienciano,,Betano,DOUBLE_CHANCE 1X,DOUBLE_CHANCE 1X,DOUBLE_CHANCE:1X,65.1%,0.651200,,,,,,,Sin cuota/EV,No encontrado en Betano,Media,torneo actual,usa Poisson base con estadisticas de goles del torneo,riesgo propio del resultado final y variacion del modelo,https://www.betano.pe/cuotas-de-partido/botafogo-rj-club-cienciano/90742080/
2026-08-20,19:30,Botafogo vs Cienciano,,Betano,SHOTS_ON_TARGET_TOTAL OVER.9.5,SHOTS_ON_TARGET_TOTAL OVER.9.5,SHOTS_ON_TARGET_TOTAL:OVER_9_5,64.8%,0.648500,,,,,,,Sin cuota/EV,No encontrado en Betano,Media,contexto premium torneo actual,usa promedios del contexto premium/API-Football,el volumen ofensivo puede variar por planteamiento y marcador temprano,https://www.betano.pe/cuotas-de-partido/botafogo-rj-club-cienciano/90742080/
2026-08-20,19:30,Botafogo vs Cienciano,,Betano,Local corners +4.5,CORNERS_HOME OVER.4.5,CORNERS_HOME:OVER_4_5,64.2%,0.642500,,,,,,,Sin cuota/EV,No encontrado en Betano,Media,contexto premium torneo actual,usa promedios del contexto premium/API-Football,el volumen ofensivo puede variar por planteamiento y marcador temprano,https://www.betano.pe/cuotas-de-partido/botafogo-rj-club-cienciano/90742080/
2026-08-20,19:30,Botafogo vs Cienciano,10Bet,Betano,Corners total -11.5,CORNERS_TOTALS UNDER.11.5,CORNERS_TOTALS:UNDER_11_5,62.7%,0.626900,2.05,0.29,0.285100,2.32,0.45,0.454400,EV positivo,EV positivo Betano,Media,contexto premium torneo actual,usa promedios del contexto premium/API-Football,el volumen ofensivo puede variar por planteamiento y marcador temprano,https://www.betano.pe/cuotas-de-partido/botafogo-rj-club-cienciano/90742080/
2026-08-20,19:30,Botafogo vs Cienciano,,Betano,Corners total +9.5,CORNERS_TOTALS OVER.9.5,CORNERS_TOTALS:OVER_9_5,61.5%,0.614600,,,,,,,Sin cuota/EV,No encontrado en Betano,Media,contexto premium torneo actual,usa promedios del contexto premium/API-Football,el volumen ofensivo puede variar por planteamiento y marcador temprano,https://www.betano.pe/cuotas-de-partido/botafogo-rj-club-cienciano/90742080/
2026-08-20,19:30,Botafogo vs Cienciano,,Betano,Visita corners -5.5,CORNERS_AWAY UNDER.5.5,CORNERS_AWAY:UNDER_5_5,59.8%,0.598400,,,,,,,Sin cuota/EV,No encontrado en Betano,Media,contexto premium torneo actual,usa promedios del contexto premium/API-Football,el volumen ofensivo puede variar por planteamiento y marcador temprano,https://www.betano.pe/cuotas-de-partido/botafogo-rj-club-cienciano/90742080/
2026-08-20,19:30,Botafogo vs Cienciano,,Betano,Visita tarjetas +1.5,CARDS_AWAY OVER.1.5,CARDS_AWAY:OVER_1_5,59.4%,0.594000,,,,,,,Sin cuota/EV,No encontrado en Betano,Media,contexto premium torneo actual,usa promedios del contexto premium/API-Football,depende mucho del arbitro y del contexto competitivo,https://www.betano.pe/cuotas-de-partido/botafogo-rj-club-cienciano/90742080/
2026-08-20,19:30,Botafogo vs Cienciano,,Betano,Visita corners +4.5,CORNERS_AWAY OVER.4.5,CORNERS_AWAY:OVER_4_5,57.7%,0.576900,,,,,,,Sin cuota/EV,No encontrado en Betano,Media,contexto premium torneo actual,usa promedios del contexto premium/API-Football,el volumen ofensivo puede variar por planteamiento y marcador temprano,https://www.betano.pe/cuotas-de-partido/botafogo-rj-club-cienciano/90742080/
2026-08-20,19:30,Botafogo vs Cienciano,,Betano,DOUBLE_CHANCE X2,DOUBLE_CHANCE X2,DOUBLE_CHANCE:X2,57.2%,0.572000,,,,,,,Sin cuota/EV,No encontrado en Betano,Media,torneo actual,usa Poisson base con estadisticas de goles del torneo,riesgo propio del resultado final y variacion del modelo,https://www.betano.pe/cuotas-de-partido/botafogo-rj-club-cienciano/90742080/
2026-08-20,19:30,Botafogo vs Cienciano,10Bet,Betano,1T +1.5,FIRST_HALF_TOTALS OVER.1.5,FIRST_HALF_TOTALS:OVER_1_5,56.6%,0.566300,2.00,0.13,0.132500,1.80,0.02,0.019300,EV positivo,EV positivo Betano,Media,contexto premium torneo actual,usa promedios del contexto premium/API-Football,el primer tiempo puede tener ritmo bajo o rotaciones,https://www.betano.pe/cuotas-de-partido/botafogo-rj-club-cienciano/90742080/
2026-08-20,19:30,Botafogo vs Cienciano,10Bet,Betano,DNB local,DRAW_NO_BET HOME,DRAW_NO_BET:HOME,55.1%,0.551000,1.07,-0.41,-0.410500,,,,EV negativo,No encontrado en Betano,Media,torneo actual,usa Poisson base con estadisticas de goles del torneo,riesgo propio del resultado final y variacion del modelo,https://www.betano.pe/cuotas-de-partido/botafogo-rj-club-cienciano/90742080/
2026-08-20,19:30,Botafogo vs Cienciano,,Betano,Local goles +1.5,TEAM_TOTAL_HOME OVER.1.5,TEAM_TOTAL_HOME:OVER_1_5,54.5%,0.545400,,,,,,,Sin cuota/EV,No encontrado en Betano,Baja,torneo actual,usa Poisson base con estadisticas de goles del torneo,un gol temprano o baja eficacia puede cambiar la lectura del mercado,https://www.betano.pe/cuotas-de-partido/botafogo-rj-club-cienciano/90742080/
2026-08-20,19:30,Botafogo vs Cienciano,10Bet,Betano,Goles -3.5,TOTALS UNDER.3.5,TOTALS:UNDER_3_5,54.5%,0.544600,1.15,-0.37,-0.373700,2.12,0.15,0.154600,EV negativo,EV positivo Betano,Baja,torneo actual,usa Poisson base con estadisticas de goles del torneo,un gol temprano o baja eficacia puede cambiar la lectura del mercado,https://www.betano.pe/cuotas-de-partido/botafogo-rj-club-cienciano/90742080/
2026-08-20,19:30,Botafogo vs Cienciano,,Betano,Local tarjetas +1.5,CARDS_HOME OVER.1.5,CARDS_HOME:OVER_1_5,53.7%,0.537200,,,,,,,Sin cuota/EV,No encontrado en Betano,Baja,contexto premium torneo actual,usa promedios del contexto premium/API-Football,depende mucho del arbitro y del contexto competitivo,https://www.betano.pe/cuotas-de-partido/botafogo-rj-club-cienciano/90742080/
2026-08-20,19:30,Botafogo vs Cienciano,,Betano,Local corners -5.5,CORNERS_HOME UNDER.5.5,CORNERS_HOME:UNDER_5_5,52.9%,0.528900,,,,,,,Sin cuota/EV,No encontrado en Betano,Baja,contexto premium torneo actual,usa promedios del contexto premium/API-Football,el volumen ofensivo puede variar por planteamiento y marcador temprano,https://www.betano.pe/cuotas-de-partido/botafogo-rj-club-cienciano/90742080/
2026-08-20,19:30,Botafogo vs Cienciano,,Betano,Tarjetas total +3.5,CARDS_TOTALS OVER.3.5,CARDS_TOTALS:OVER_3_5,52.6%,0.526500,,,,,,,Sin cuota/EV,No encontrado en Betano,Baja,contexto premium torneo actual,usa promedios del contexto premium/API-Football,depende mucho del arbitro y del contexto competitivo,https://www.betano.pe/cuotas-de-partido/botafogo-rj-club-cienciano/90742080/
2026-08-20,19:30,Botafogo vs Cienciano,,Betano,Visita goles -1.5,TEAM_TOTAL_AWAY UNDER.1.5,TEAM_TOTAL_AWAY:UNDER_1_5,51.4%,0.513600,,,,,,,Sin cuota/EV,No encontrado en Betano,Baja,torneo actual,usa Poisson base con estadisticas de goles del torneo,un gol temprano o baja eficacia puede cambiar la lectura del mercado,https://www.betano.pe/cuotas-de-partido/botafogo-rj-club-cienciano/90742080/
2026-08-20,19:30,Botafogo vs Cienciano,,Betano,Corners total -10.5,CORNERS_TOTALS UNDER.10.5,CORNERS_TOTALS:UNDER_10_5,50.8%,0.508400,,,,,,,Sin cuota/EV,No encontrado en Betano,Baja,contexto premium torneo actual,usa promedios del contexto premium/API-Football,el volumen ofensivo puede variar por planteamiento y marcador temprano,https://www.betano.pe/cuotas-de-partido/botafogo-rj-club-cienciano/90742080/
2026-08-20,19:30,Botafogo vs Cienciano,,Betano,Corners total +10.5,CORNERS_TOTALS OVER.10.5,CORNERS_TOTALS:OVER_10_5,49.2%,0.491600,,,,,,,Sin cuota/EV,No encontrado en Betano,Baja,contexto premium torneo actual,usa promedios del contexto premium/API-Football,el volumen ofensivo puede variar por planteamiento y marcador temprano,https://www.betano.pe/cuotas-de-partido/botafogo-rj-club-cienciano/90742080/
2026-08-20,19:30,Botafogo vs Cienciano,,Betano,Visita goles +1.5,TEAM_TOTAL_AWAY OVER.1.5,TEAM_TOTAL_AWAY:OVER_1_5,48.6%,0.486400,,,,,,,Sin cuota/EV,No encontrado en Betano,Baja,torneo actual,usa Poisson base con estadisticas de goles del torneo,un gol temprano o baja eficacia puede cambiar la lectura del mercado,https://www.betano.pe/cuotas-de-partido/botafogo-rj-club-cienciano/90742080/
2026-08-20,19:30,Botafogo vs Cienciano,,Betano,Tarjetas total -3.5,CARDS_TOTALS UNDER.3.5,CARDS_TOTALS:UNDER_3_5,47.3%,0.473500,,,,,,,Sin cuota/EV,No encontrado en Betano,Baja,contexto premium torneo actual,usa promedios del contexto premium/API-Football,depende mucho del arbitro y del contexto competitivo,https://www.betano.pe/cuotas-de-partido/botafogo-rj-club-cienciano/90742080/
2026-08-20,19:30,Botafogo vs Cienciano,,Betano,Local corners +5.5,CORNERS_HOME OVER.5.5,CORNERS_HOME:OVER_5_5,47.1%,0.471100,,,,,,,Sin cuota/EV,No encontrado en Betano,Baja,contexto premium torneo actual,usa promedios del contexto premium/API-Football,el volumen ofensivo puede variar por planteamiento y marcador temprano,https://www.betano.pe/cuotas-de-partido/botafogo-rj-club-cienciano/90742080/
2026-08-20,19:30,Botafogo vs Cienciano,,Betano,Local tarjetas -1.5,CARDS_HOME UNDER.1.5,CARDS_HOME:UNDER_1_5,46.3%,0.462800,,,,,,,Sin cuota/EV,No encontrado en Betano,Baja,contexto premium torneo actual,usa promedios del contexto premium/API-Football,depende mucho del arbitro y del contexto competitivo,https://www.betano.pe/cuotas-de-partido/botafogo-rj-club-cienciano/90742080/
2026-08-20,19:30,Botafogo vs Cienciano,10Bet,Betano,Goles +3.5,TOTALS OVER.3.5,TOTALS:OVER_3_5,45.5%,0.455400,4.60,1.09,1.094900,1.72,-0.22,-0.216700,EV positivo,EV negativo Betano,Baja,torneo actual,usa Poisson base con estadisticas de goles del torneo,un gol temprano o baja eficacia puede cambiar la lectura del mercado,https://www.betano.pe/cuotas-de-partido/botafogo-rj-club-cienciano/90742080/
2026-08-20,19:30,Botafogo vs Cienciano,,Betano,Local goles -1.5,TEAM_TOTAL_HOME UNDER.1.5,TEAM_TOTAL_HOME:UNDER_1_5,45.5%,0.454600,,,,,,,Sin cuota/EV,No encontrado en Betano,Baja,torneo actual,usa Poisson base con estadisticas de goles del torneo,un gol temprano o baja eficacia puede cambiar la lectura del mercado,https://www.betano.pe/cuotas-de-partido/botafogo-rj-club-cienciano/90742080/
2026-08-20,19:30,Botafogo vs Cienciano,10Bet,Betano,DNB visita,DRAW_NO_BET AWAY,DRAW_NO_BET:AWAY,44.9%,0.449000,7.00,2.14,2.143200,,,,EV positivo,No encontrado en Betano,Baja,torneo actual,usa Poisson base con estadisticas de goles del torneo,riesgo propio del resultado final y variacion del modelo,https://www.betano.pe/cuotas-de-partido/botafogo-rj-club-cienciano/90742080/
2026-08-20,19:30,Botafogo vs Cienciano,10Bet,Betano,1T -1.5,FIRST_HALF_TOTALS UNDER.1.5,FIRST_HALF_TOTALS:UNDER_1_5,43.4%,0.433700,1.73,-0.25,-0.249600,2.00,-0.13,-0.132600,EV negativo,EV negativo Betano,Baja,contexto premium torneo actual,usa promedios del contexto premium/API-Football,el primer tiempo puede tener ritmo bajo o rotaciones,https://www.betano.pe/cuotas-de-partido/botafogo-rj-club-cienciano/90742080/
2026-08-20,19:30,Botafogo vs Cienciano,10Bet,Betano,Gana local,1X2 HOME,1X2:HOME,42.8%,0.428000,1.73,-0.26,-0.259500,1.15,-0.51,-0.507800,EV negativo,EV negativo Betano,Baja,torneo actual,usa Poisson base con estadisticas de goles del torneo,riesgo propio del resultado final y variacion del modelo,https://www.betano.pe/cuotas-de-partido/botafogo-rj-club-cienciano/90742080/
2026-08-20,19:30,Botafogo vs Cienciano,,Betano,Visita corners -4.5,CORNERS_AWAY UNDER.4.5,CORNERS_AWAY:UNDER_4_5,42.3%,0.423100,,,,,,,Sin cuota/EV,No encontrado en Betano,Baja,contexto premium torneo actual,usa promedios del contexto premium/API-Football,el volumen ofensivo puede variar por planteamiento y marcador temprano,https://www.betano.pe/cuotas-de-partido/botafogo-rj-club-cienciano/90742080/
2026-08-20,19:30,Botafogo vs Cienciano,,Betano,Visita tarjetas -1.5,CARDS_AWAY UNDER.1.5,CARDS_AWAY:UNDER_1_5,40.6%,0.406000,,,,,,,Sin cuota/EV,No encontrado en Betano,Baja,contexto premium torneo actual,usa promedios del contexto premium/API-Football,depende mucho del arbitro y del contexto competitivo,https://www.betano.pe/cuotas-de-partido/botafogo-rj-club-cienciano/90742080/
2026-08-20,19:30,Botafogo vs Cienciano,,Betano,Visita corners +5.5,CORNERS_AWAY OVER.5.5,CORNERS_AWAY:OVER_5_5,40.2%,0.401600,,,,,,,Sin cuota/EV,No encontrado en Betano,Baja,contexto premium torneo actual,usa promedios del contexto premium/API-Football,el volumen ofensivo puede variar por planteamiento y marcador temprano,https://www.betano.pe/cuotas-de-partido/botafogo-rj-club-cienciano/90742080/
2026-08-20,19:30,Botafogo vs Cienciano,,Betano,Corners total -9.5,CORNERS_TOTALS UNDER.9.5,CORNERS_TOTALS:UNDER_9_5,38.5%,0.385400,,,,,,,Sin cuota/EV,No encontrado en Betano,Baja,contexto premium torneo actual,usa promedios del contexto premium/API-Football,el volumen ofensivo puede variar por planteamiento y marcador temprano,https://www.betano.pe/cuotas-de-partido/botafogo-rj-club-cienciano/90742080/
2026-08-20,19:30,Botafogo vs Cienciano,10Bet,Betano,Corners total +11.5,CORNERS_TOTALS OVER.11.5,CORNERS_TOTALS:OVER_11_5,37.3%,0.373100,1.70,-0.37,-0.365700,1.57,-0.41,-0.414200,EV negativo,EV negativo Betano,Baja,contexto premium torneo actual,usa promedios del contexto premium/API-Football,el volumen ofensivo puede variar por planteamiento y marcador temprano,https://www.betano.pe/cuotas-de-partido/botafogo-rj-club-cienciano/90742080/
2026-08-20,19:30,Botafogo vs Cienciano,,Betano,Local corners -4.5,CORNERS_HOME UNDER.4.5,CORNERS_HOME:UNDER_4_5,35.8%,0.357500,,,,,,,Sin cuota/EV,No encontrado en Betano,Baja,contexto premium torneo actual,usa promedios del contexto premium/API-Football,el volumen ofensivo puede variar por planteamiento y marcador temprano,https://www.betano.pe/cuotas-de-partido/botafogo-rj-club-cienciano/90742080/
2026-08-20,19:30,Botafogo vs Cienciano,,Betano,SHOTS_ON_TARGET_TOTAL UNDER.9.5,SHOTS_ON_TARGET_TOTAL UNDER.9.5,SHOTS_ON_TARGET_TOTAL:UNDER_9_5,35.1%,0.351500,,,,,,,Sin cuota/EV,No encontrado en Betano,Baja,contexto premium torneo actual,usa promedios del contexto premium/API-Football,el volumen ofensivo puede variar por planteamiento y marcador temprano,https://www.betano.pe/cuotas-de-partido/botafogo-rj-club-cienciano/90742080/
2026-08-20,19:30,Botafogo vs Cienciano,10Bet,Betano,Gana visita,1X2 AWAY,1X2:AWAY,34.9%,0.348800,11.00,2.84,2.837200,14.50,4.06,4.057600,EV positivo,EV positivo Betano,Baja,torneo actual,usa Poisson base con estadisticas de goles del torneo,riesgo propio del resultado final y variacion del modelo,https://www.betano.pe/cuotas-de-partido/botafogo-rj-club-cienciano/90742080/
2026-08-20,19:30,Botafogo vs Cienciano,,Betano,SHOTS_TOTAL UNDER.26.5,SHOTS_TOTAL UNDER.26.5,SHOTS_TOTAL:UNDER_26_5,34.4%,0.343500,,,,,,,Sin cuota/EV,No encontrado en Betano,Baja,contexto premium torneo actual,usa promedios del contexto premium/API-Football,el volumen ofensivo puede variar por planteamiento y marcador temprano,https://www.betano.pe/cuotas-de-partido/botafogo-rj-club-cienciano/90742080/
2026-08-20,19:30,Botafogo vs Cienciano,,Betano,Tarjetas total +4.5,CARDS_TOTALS OVER.4.5,CARDS_TOTALS:OVER_4_5,33.2%,0.332200,,,,1.67,-0.45,-0.445200,Sin cuota/EV,EV negativo Betano,Baja,contexto premium torneo actual,usa promedios del contexto premium/API-Football,depende mucho del arbitro y del contexto competitivo,https://www.betano.pe/cuotas-de-partido/botafogo-rj-club-cienciano/90742080/
2026-08-20,19:30,Botafogo vs Cienciano,10Bet,Betano,Goles -2.5,TOTALS UNDER.2.5,TOTALS:UNDER_2_5,32.8%,0.327700,1.50,-0.51,-0.508400,3.60,0.18,0.179700,EV negativo,EV positivo Betano,Baja,torneo actual,usa Poisson base con estadisticas de goles del torneo,un gol temprano o baja eficacia puede cambiar la lectura del mercado,https://www.betano.pe/cuotas-de-partido/botafogo-rj-club-cienciano/90742080/
2026-08-20,19:30,Botafogo vs Cienciano,10Bet,Betano,BTTS no,BTTS NO,BTTS:NO,32.4%,0.324300,1.20,-0.61,-0.610800,1.80,-0.42,-0.416300,EV negativo,EV negativo Betano,Baja,torneo actual,usa Poisson base con estadisticas de goles del torneo,un gol temprano o baja eficacia puede cambiar la lectura del mercado,https://www.betano.pe/cuotas-de-partido/botafogo-rj-club-cienciano/90742080/
2026-08-20,19:30,Botafogo vs Cienciano,,Betano,Visita tarjetas +2.5,CARDS_AWAY OVER.2.5,CARDS_AWAY:OVER_2_5,32.3%,0.323300,,,,,,,Sin cuota/EV,No encontrado en Betano,Baja,contexto premium torneo actual,usa promedios del contexto premium/API-Football,depende mucho del arbitro y del contexto competitivo,https://www.betano.pe/cuotas-de-partido/botafogo-rj-club-cienciano/90742080/
2026-08-20,19:30,Botafogo vs Cienciano,,Betano,Local corners +6.5,CORNERS_HOME OVER.6.5,CORNERS_HOME:OVER_6_5,31.4%,0.314000,,,,,,,Sin cuota/EV,No encontrado en Betano,Baja,contexto premium torneo actual,usa promedios del contexto premium/API-Football,el volumen ofensivo puede variar por planteamiento y marcador temprano,https://www.betano.pe/cuotas-de-partido/botafogo-rj-club-cienciano/90742080/
2026-08-20,19:30,Botafogo vs Cienciano,,Betano,Local goles +2.5,TEAM_TOTAL_HOME OVER.2.5,TEAM_TOTAL_HOME:OVER_2_5,27.7%,0.276800,,,,,,,Sin cuota/EV,No encontrado en Betano,Baja,torneo actual,usa Poisson base con estadisticas de goles del torneo,un gol temprano o baja eficacia puede cambiar la lectura del mercado,https://www.betano.pe/cuotas-de-partido/botafogo-rj-club-cienciano/90742080/
2026-08-20,19:30,Botafogo vs Cienciano,,Betano,Corners total -8.5,CORNERS_TOTALS UNDER.8.5,CORNERS_TOTALS:UNDER_8_5,26.9%,0.269400,,,,,,,Sin cuota/EV,No encontrado en Betano,Baja,contexto premium torneo actual,usa promedios del contexto premium/API-Football,el volumen ofensivo puede variar por planteamiento y marcador temprano,https://www.betano.pe/cuotas-de-partido/botafogo-rj-club-cienciano/90742080/
2026-08-20,19:30,Botafogo vs Cienciano,,Betano,Local tarjetas +2.5,CARDS_HOME OVER.2.5,CARDS_HOME:OVER_2_5,26.9%,0.269400,,,,,,,Sin cuota/EV,No encontrado en Betano,Baja,contexto premium torneo actual,usa promedios del contexto premium/API-Football,depende mucho del arbitro y del contexto competitivo,https://www.betano.pe/cuotas-de-partido/botafogo-rj-club-cienciano/90742080/
2026-08-20,19:30,Botafogo vs Cienciano,,Betano,Tarjetas total -2.5,CARDS_TOTALS UNDER.2.5,CARDS_TOTALS:UNDER_2_5,26.9%,0.268900,,,,,,,Sin cuota/EV,No encontrado en Betano,Baja,contexto premium torneo actual,usa promedios del contexto premium/API-Football,depende mucho del arbitro y del contexto competitivo,https://www.betano.pe/cuotas-de-partido/botafogo-rj-club-cienciano/90742080/
2026-08-20,19:30,Botafogo vs Cienciano,,Betano,Visita corners +6.5,CORNERS_AWAY OVER.6.5,CORNERS_AWAY:OVER_6_5,25.3%,0.252600,,,,,,,Sin cuota/EV,No encontrado en Betano,Baja,contexto premium torneo actual,usa promedios del contexto premium/API-Football,el volumen ofensivo puede variar por planteamiento y marcador temprano,https://www.betano.pe/cuotas-de-partido/botafogo-rj-club-cienciano/90742080/
2026-08-20,19:30,Botafogo vs Cienciano,,Betano,Visita corners -3.5,CORNERS_AWAY UNDER.3.5,CORNERS_AWAY:UNDER_3_5,25.1%,0.251300,,,,,,,Sin cuota/EV,No encontrado en Betano,Baja,contexto premium torneo actual,usa promedios del contexto premium/API-Football,el volumen ofensivo puede variar por planteamiento y marcador temprano,https://www.betano.pe/cuotas-de-partido/botafogo-rj-club-cienciano/90742080/
2026-08-20,19:30,Botafogo vs Cienciano,,Betano,SHOTS_ON_TARGET_TOTAL UNDER.8.5,SHOTS_ON_TARGET_TOTAL UNDER.8.5,SHOTS_ON_TARGET_TOTAL:UNDER_8_5,24.1%,0.241000,,,,,,,Sin cuota/EV,No encontrado en Betano,Baja,contexto premium torneo actual,usa promedios del contexto premium/API-Football,el volumen ofensivo puede variar por planteamiento y marcador temprano,https://www.betano.pe/cuotas-de-partido/botafogo-rj-club-cienciano/90742080/
2026-08-20,19:30,Botafogo vs Cienciano,,Betano,Visita goles +2.5,TEAM_TOTAL_AWAY OVER.2.5,TEAM_TOTAL_AWAY:OVER_2_5,22.6%,0.225800,,,,,,,Sin cuota/EV,No encontrado en Betano,Baja,torneo actual,usa Poisson base con estadisticas de goles del torneo,un gol temprano o baja eficacia puede cambiar la lectura del mercado,https://www.betano.pe/cuotas-de-partido/botafogo-rj-club-cienciano/90742080/
2026-08-20,19:30,Botafogo vs Cienciano,10Bet,Betano,Empate,1X2 DRAW,1X2:DRAW,22.3%,0.223100,2.40,-0.46,-0.464500,9.00,1.01,1.007900,EV negativo,EV positivo Betano,Baja,torneo actual,usa Poisson base con estadisticas de goles del torneo,riesgo propio del resultado final y variacion del modelo,https://www.betano.pe/cuotas-de-partido/botafogo-rj-club-cienciano/90742080/
2026-08-20,19:30,Botafogo vs Cienciano,,Betano,SHOTS_TOTAL UNDER.24.5,SHOTS_TOTAL UNDER.24.5,SHOTS_TOTAL:UNDER_24_5,21.5%,0.214600,,,,,,,Sin cuota/EV,No encontrado en Betano,Baja,contexto premium torneo actual,usa promedios del contexto premium/API-Football,el volumen ofensivo puede variar por planteamiento y marcador temprano,https://www.betano.pe/cuotas-de-partido/botafogo-rj-club-cienciano/90742080/
2026-08-20,19:30,Botafogo vs Cienciano,,Betano,Local corners -3.5,CORNERS_HOME UNDER.3.5,CORNERS_HOME:UNDER_3_5,20.2%,0.201700,,,,,,,Sin cuota/EV,No encontrado en Betano,Baja,contexto premium torneo actual,usa promedios del contexto premium/API-Football,el volumen ofensivo puede variar por planteamiento y marcador temprano,https://www.betano.pe/cuotas-de-partido/botafogo-rj-club-cienciano/90742080/
2026-08-20,19:30,Botafogo vs Cienciano,,Betano,Visita goles -0.5,TEAM_TOTAL_AWAY UNDER.0.5,TEAM_TOTAL_AWAY:UNDER_0_5,19.5%,0.195000,,,,,,,Sin cuota/EV,No encontrado en Betano,Baja,torneo actual,usa Poisson base con estadisticas de goles del torneo,un gol temprano o baja eficacia puede cambiar la lectura del mercado,https://www.betano.pe/cuotas-de-partido/botafogo-rj-club-cienciano/90742080/
2026-08-20,19:30,Botafogo vs Cienciano,,Betano,Tarjetas total +5.5,CARDS_TOTALS OVER.5.5,CARDS_TOTALS:OVER_5_5,18.4%,0.184400,,,,,,,Sin cuota/EV,No encontrado en Betano,Baja,contexto premium torneo actual,usa promedios del contexto premium/API-Football,depende mucho del arbitro y del contexto competitivo,https://www.betano.pe/cuotas-de-partido/botafogo-rj-club-cienciano/90742080/
2026-08-20,19:30,Botafogo vs Cienciano,,Betano,Corners total -7.5,CORNERS_TOTALS UNDER.7.5,CORNERS_TOTALS:UNDER_7_5,17.1%,0.171000,,,,,,,Sin cuota/EV,No encontrado en Betano,Baja,contexto premium torneo actual,usa promedios del contexto premium/API-Football,el volumen ofensivo puede variar por planteamiento y marcador temprano,https://www.betano.pe/cuotas-de-partido/botafogo-rj-club-cienciano/90742080/
2026-08-20,19:30,Botafogo vs Cienciano,,Betano,Local tarjetas -0.5,CARDS_HOME UNDER.0.5,CARDS_HOME:UNDER_0_5,16.5%,0.165300,,,,,,,Sin cuota/EV,No encontrado en Betano,Baja,contexto premium torneo actual,usa promedios del contexto premium/API-Football,depende mucho del arbitro y del contexto competitivo,https://www.betano.pe/cuotas-de-partido/botafogo-rj-club-cienciano/90742080/
2026-08-20,19:30,Botafogo vs Cienciano,,Betano,Local goles -0.5,TEAM_TOTAL_HOME UNDER.0.5,TEAM_TOTAL_HOME:UNDER_0_5,16.1%,0.160900,,,,,,,Sin cuota/EV,No encontrado en Betano,Baja,torneo actual,usa Poisson base con estadisticas de goles del torneo,un gol temprano o baja eficacia puede cambiar la lectura del mercado,https://www.betano.pe/cuotas-de-partido/botafogo-rj-club-cienciano/90742080/
2026-08-20,19:30,Botafogo vs Cienciano,,Betano,SHOTS_ON_TARGET_TOTAL UNDER.7.5,SHOTS_ON_TARGET_TOTAL UNDER.7.5,SHOTS_ON_TARGET_TOTAL:UNDER_7_5,15.0%,0.149800,,,,,,,Sin cuota/EV,No encontrado en Betano,Baja,contexto premium torneo actual,usa promedios del contexto premium/API-Football,el volumen ofensivo puede variar por planteamiento y marcador temprano,https://www.betano.pe/cuotas-de-partido/botafogo-rj-club-cienciano/90742080/
2026-08-20,19:30,Botafogo vs Cienciano,10Bet,Betano,1T -0.5,FIRST_HALF_TOTALS UNDER.0.5,FIRST_HALF_TOTALS:UNDER_0_5,15.0%,0.149600,1.30,-0.81,-0.805600,4.70,-0.30,-0.296900,EV negativo,EV negativo Betano,Baja,contexto premium torneo actual,usa promedios del contexto premium/API-Football,el primer tiempo puede tener ritmo bajo o rotaciones,https://www.betano.pe/cuotas-de-partido/botafogo-rj-club-cienciano/90742080/
2026-08-20,19:30,Botafogo vs Cienciano,,Betano,Visita tarjetas +3.5,CARDS_AWAY OVER.3.5,CARDS_AWAY:OVER_3_5,14.3%,0.142900,,,,,,,Sin cuota/EV,No encontrado en Betano,Baja,contexto premium torneo actual,usa promedios del contexto premium/API-Football,depende mucho del arbitro y del contexto competitivo,https://www.betano.pe/cuotas-de-partido/botafogo-rj-club-cienciano/90742080/
2026-08-20,19:30,Botafogo vs Cienciano,10Bet,Betano,Goles -1.5,TOTALS UNDER.1.5,TOTALS:UNDER_1_5,14.0%,0.139900,2.55,-0.64,-0.643200,,,,EV negativo,No encontrado en Betano,Baja,torneo actual,usa Poisson base con estadisticas de goles del torneo,un gol temprano o baja eficacia puede cambiar la lectura del mercado,https://www.betano.pe/cuotas-de-partido/botafogo-rj-club-cienciano/90742080/
2026-08-20,19:30,Botafogo vs Cienciano,,Betano,Visita tarjetas -0.5,CARDS_AWAY UNDER.0.5,CARDS_AWAY:UNDER_0_5,13.5%,0.135300,,,,,,,Sin cuota/EV,No encontrado en Betano,Baja,contexto premium torneo actual,usa promedios del contexto premium/API-Football,depende mucho del arbitro y del contexto competitivo,https://www.betano.pe/cuotas-de-partido/botafogo-rj-club-cienciano/90742080/
2026-08-20,19:30,Botafogo vs Cienciano,,Betano,SHOTS_TOTAL UNDER.22.5,SHOTS_TOTAL UNDER.22.5,SHOTS_TOTAL:UNDER_22_5,11.7%,0.117300,,,,,,,Sin cuota/EV,No encontrado en Betano,Baja,contexto premium torneo actual,usa promedios del contexto premium/API-Football,el volumen ofensivo puede variar por planteamiento y marcador temprano,https://www.betano.pe/cuotas-de-partido/botafogo-rj-club-cienciano/90742080/
2026-08-20,19:30,Botafogo vs Cienciano,,Betano,Local tarjetas +3.5,CARDS_HOME OVER.3.5,CARDS_HOME:OVER_3_5,10.9%,0.108700,,,,,,,Sin cuota/EV,No encontrado en Betano,Baja,contexto premium torneo actual,usa promedios del contexto premium/API-Football,depende mucho del arbitro y del contexto competitivo,https://www.betano.pe/cuotas-de-partido/botafogo-rj-club-cienciano/90742080/
2026-08-20,19:30,Botafogo vs Cienciano,,Betano,Tarjetas total +6.5,CARDS_TOTALS OVER.6.5,CARDS_TOTALS:OVER_6_5,9.1%,0.090900,,,,,,,Sin cuota/EV,No encontrado en Betano,Baja,contexto premium torneo actual,usa promedios del contexto premium/API-Football,depende mucho del arbitro y del contexto competitivo,https://www.betano.pe/cuotas-de-partido/botafogo-rj-club-cienciano/90742080/
2026-08-20,19:30,Botafogo vs Cienciano,,Betano,SHOTS_ON_TARGET_TOTAL UNDER.6.5,SHOTS_ON_TARGET_TOTAL UNDER.6.5,SHOTS_ON_TARGET_TOTAL:UNDER_6_5,8.3%,0.082800,,,,,,,Sin cuota/EV,No encontrado en Betano,Baja,contexto premium torneo actual,usa promedios del contexto premium/API-Football,el volumen ofensivo puede variar por planteamiento y marcador temprano,https://www.betano.pe/cuotas-de-partido/botafogo-rj-club-cienciano/90742080/
2026-08-20,19:30,Botafogo vs Cienciano,,Betano,SHOTS_TOTAL UNDER.20.5,SHOTS_TOTAL UNDER.20.5,SHOTS_TOTAL:UNDER_20_5,5.5%,0.055000,,,,,,,Sin cuota/EV,No encontrado en Betano,Baja,contexto premium torneo actual,usa promedios del contexto premium/API-Football,el volumen ofensivo puede variar por planteamiento y marcador temprano,https://www.betano.pe/cuotas-de-partido/botafogo-rj-club-cienciano/90742080/
2026-08-20,19:30,Botafogo vs Cienciano,,Betano,SHOTS_TOTAL UNDER.18.5,SHOTS_TOTAL UNDER.18.5,SHOTS_TOTAL:UNDER_18_5,2.2%,0.021600,,,,,,,Sin cuota/EV,No encontrado en Betano,Baja,contexto premium torneo actual,usa promedios del contexto premium/API-Football,el volumen ofensivo puede variar por planteamiento y marcador temprano,https://www.betano.pe/cuotas-de-partido/botafogo-rj-club-cienciano/90742080/
