fecha,hora,partido,bookmaker_api,bookmaker_betano,pick,market_original,key,probabilidad,prob_num,cuota_justa,cuota_api,ev_api,ev_api_num,dif_api_vs_justa,ratio_api_vs_justa,cuota_betano,ev_betano,ev_betano_num,dif_betano_vs_justa,ratio_betano_vs_justa,estado_api,estado_betano,perfil_pick,prioridad_mercado,score,score_num,alerta_valor,cobertura_betano,confianza,fuente,razon,riesgo,betano_url
2026-09-08,13:45,Bournemouth vs Lincoln,,,Visita tarjetas -3.5,CARDS_AWAY UNDER.3.5,CARDS_AWAY:UNDER_3_5,93.4%,0.934400,1.07,,,,,,,,,,,Sin cuota/EV,No encontrado en Betano,Solo modelo,2,94.44,94.436000,,Betano no expuesto,Alta,contexto premium mixto,usa mezcla de promedios del torneo y recientes/API-Football,depende mucho del arbitro y del contexto competitivo,
2026-09-08,13:45,Bournemouth vs Lincoln,10Bet,,Local corners -6.5,CORNERS_HOME UNDER.6.5,CORNERS_HOME:UNDER_6_5,92.7%,0.926700,1.08,1.77,0.64,0.640300,0.69,1.64,,,,,,EV positivo,No encontrado en Betano,Valor,4,120.20,120.198000,,Betano no expuesto,Alta,contexto premium mixto,usa mezcla de promedios del torneo y recientes/API-Football,el volumen ofensivo puede variar por planteamiento y marcador temprano,
2026-09-08,13:45,Bournemouth vs Lincoln,,,Local tarjetas +0.5,CARDS_HOME OVER.0.5,CARDS_HOME:OVER_0_5,92.6%,0.925700,1.08,,,,,,,,,,,Sin cuota/EV,No encontrado en Betano,Solo modelo,2,93.57,93.573000,,Betano no expuesto,Alta,contexto premium mixto,usa mezcla de promedios del torneo y recientes/API-Football,depende mucho del arbitro y del contexto competitivo,
2026-09-08,13:45,Bournemouth vs Lincoln,,,Local goles +0.5,TEAM_TOTAL_HOME OVER.0.5,TEAM_TOTAL_HOME:OVER_0_5,90.6%,0.906300,1.10,,,,,,,,,,,Sin cuota/EV,No encontrado en Betano,Solo modelo,4,102.63,102.626000,,Betano no expuesto,Alta,fallback ultimos partidos,usa Poisson fallback con ultimos partidos multi-competicion,un gol temprano o baja eficacia puede cambiar la lectura del mercado,
2026-09-08,13:45,Bournemouth vs Lincoln,10Bet,,Goles +1.5,TOTALS OVER.1.5,TOTALS:OVER_1_5,88.5%,0.885300,1.13,1.60,0.42,0.416500,0.47,1.42,,,,,,EV positivo,No encontrado en Betano,Seguro,10,147.03,147.032000,,Betano no expuesto,Alta,fallback ultimos partidos,usa Poisson fallback con ultimos partidos multi-competicion,un gol temprano o baja eficacia puede cambiar la lectura del mercado,
2026-09-08,13:45,Bournemouth vs Lincoln,,,Tarjetas total -6.5,CARDS_TOTALS UNDER.6.5,CARDS_TOTALS:UNDER_6_5,87.9%,0.878600,1.14,,,,,,,,,,,Sin cuota/EV,No encontrado en Betano,Solo modelo,3,93.86,93.865000,,Betano no expuesto,Alta,contexto premium mixto,usa mezcla de promedios del torneo y recientes/API-Football,depende mucho del arbitro y del contexto competitivo,
2026-09-08,13:45,Bournemouth vs Lincoln,10Bet,,1T +0.5,FIRST_HALF_TOTALS OVER.0.5,FIRST_HALF_TOTALS:OVER_0_5,86.8%,0.868300,1.15,2.88,1.50,1.500800,1.73,2.50,,,,,,EV positivo,No encontrado en Betano,Valor,5,123.83,123.834000,Cuota API muy superior a la cuota justa: revisar manualmente antes de apostar,Betano no expuesto,Alta,contexto premium mixto,usa mezcla de promedios del torneo y recientes/API-Football,el primer tiempo puede tener ritmo bajo o rotaciones,
2026-09-08,13:45,Bournemouth vs Lincoln,,,SHOTS_TOTAL OVER.18.5,SHOTS_TOTAL OVER.18.5,SHOTS_TOTAL:OVER_18_5,86.8%,0.867600,1.15,,,,,,,,,,,Sin cuota/EV,No encontrado en Betano,Solo modelo,2,87.75,87.755000,,Betano no expuesto,Alta,contexto premium mixto,usa mezcla de promedios del torneo y recientes/API-Football,el volumen ofensivo puede variar por planteamiento y marcador temprano,
2026-09-08,13:45,Bournemouth vs Lincoln,,,Corners total -11.5,CORNERS_TOTALS UNDER.11.5,CORNERS_TOTALS:UNDER_11_5,85.3%,0.852900,1.17,,,,,,,,,,,Sin cuota/EV,No encontrado en Betano,Solo modelo,6,113.29,113.290000,,Betano no expuesto,Alta,contexto premium mixto,usa mezcla de promedios del torneo y recientes/API-Football,el volumen ofensivo puede variar por planteamiento y marcador temprano,
2026-09-08,13:45,Bournemouth vs Lincoln,,,Visita goles -2.5,TEAM_TOTAL_AWAY UNDER.2.5,TEAM_TOTAL_AWAY:UNDER_2_5,84.6%,0.845600,1.18,,,,,,,,,,,Sin cuota/EV,No encontrado en Betano,Solo modelo,4,96.56,96.558000,,Betano no expuesto,Alta,fallback ultimos partidos,usa Poisson fallback con ultimos partidos multi-competicion,un gol temprano o baja eficacia puede cambiar la lectura del mercado,
2026-09-08,13:45,Bournemouth vs Lincoln,,,Local corners -5.5,CORNERS_HOME UNDER.5.5,CORNERS_HOME:UNDER_5_5,84.4%,0.844100,1.19,,,,,,,,,,,Sin cuota/EV,No encontrado en Betano,Solo modelo,4,98.41,98.412000,,Betano no expuesto,Alta,contexto premium mixto,usa mezcla de promedios del torneo y recientes/API-Football,el volumen ofensivo puede variar por planteamiento y marcador temprano,
2026-09-08,13:45,Bournemouth vs Lincoln,,,SHOTS_ON_TARGET_TOTAL OVER.6.5,SHOTS_ON_TARGET_TOTAL OVER.6.5,SHOTS_ON_TARGET_TOTAL:OVER_6_5,83.5%,0.835100,1.20,,,,,,,,,,,Sin cuota/EV,No encontrado en Betano,Solo modelo,2,84.50,84.505000,,Betano no expuesto,Alta,contexto premium mixto,usa mezcla de promedios del torneo y recientes/API-Football,el volumen ofensivo puede variar por planteamiento y marcador temprano,
2026-09-08,13:45,Bournemouth vs Lincoln,,,DOUBLE_CHANCE 12,DOUBLE_CHANCE 12,DOUBLE_CHANCE:12,80.9%,0.809400,1.24,,,,,,,,,,,Sin cuota/EV,No encontrado en Betano,Solo modelo,9,121.94,121.939000,,Betano no expuesto,Alta,fallback ultimos partidos,usa Poisson fallback con ultimos partidos multi-competicion,riesgo propio del resultado final y variacion del modelo,
2026-09-08,13:45,Bournemouth vs Lincoln,,,Visita tarjetas -2.5,CARDS_AWAY UNDER.2.5,CARDS_AWAY:UNDER_2_5,80.9%,0.808800,1.24,,,,,,,,,,,Sin cuota/EV,No encontrado en Betano,Solo modelo,2,81.89,81.885000,,Betano no expuesto,Alta,contexto premium mixto,usa mezcla de promedios del torneo y recientes/API-Football,depende mucho del arbitro y del contexto competitivo,
2026-09-08,13:45,Bournemouth vs Lincoln,,,DOUBLE_CHANCE 1X,DOUBLE_CHANCE 1X,DOUBLE_CHANCE:1X,79.2%,0.792500,1.26,,,,,,,,,,,Sin cuota/EV,No encontrado en Betano,Solo modelo,9,120.25,120.248000,,Betano no expuesto,Alta,fallback ultimos partidos,usa Poisson fallback con ultimos partidos multi-competicion,riesgo propio del resultado final y variacion del modelo,
2026-09-08,13:45,Bournemouth vs Lincoln,,,Visita corners -6.5,CORNERS_AWAY UNDER.6.5,CORNERS_AWAY:UNDER_6_5,78.4%,0.783800,1.28,,,,,,,,,,,Sin cuota/EV,No encontrado en Betano,Solo modelo,4,92.38,92.377000,,Betano no expuesto,Alta,contexto premium mixto,usa mezcla de promedios del torneo y recientes/API-Football,el volumen ofensivo puede variar por planteamiento y marcador temprano,
2026-09-08,13:45,Bournemouth vs Lincoln,,,Visita tarjetas +0.5,CARDS_AWAY OVER.0.5,CARDS_AWAY:OVER_0_5,77.7%,0.776900,1.29,,,,,,,,,,,Sin cuota/EV,No encontrado en Betano,Solo modelo,2,78.69,78.687000,,Betano no expuesto,Alta,contexto premium mixto,usa mezcla de promedios del torneo y recientes/API-Football,depende mucho del arbitro y del contexto competitivo,
2026-09-08,13:45,Bournemouth vs Lincoln,,,Tarjetas total +2.5,CARDS_TOTALS OVER.2.5,CARDS_TOTALS:OVER_2_5,77.6%,0.776200,1.29,,,,,,,,,,,Sin cuota/EV,No encontrado en Betano,Solo modelo,3,83.62,83.619000,,Betano no expuesto,Alta,contexto premium mixto,usa mezcla de promedios del torneo y recientes/API-Football,depende mucho del arbitro y del contexto competitivo,
2026-09-08,13:45,Bournemouth vs Lincoln,,,Tarjetas total -5.5,CARDS_TOTALS UNDER.5.5,CARDS_TOTALS:UNDER_5_5,76.9%,0.769300,1.30,,,,,,,,,,,Sin cuota/EV,No encontrado en Betano,Solo modelo,3,82.93,82.931000,,Betano no expuesto,Alta,contexto premium mixto,usa mezcla de promedios del torneo y recientes/API-Football,depende mucho del arbitro y del contexto competitivo,
2026-09-08,13:45,Bournemouth vs Lincoln,,,Corners total -10.5,CORNERS_TOTALS UNDER.10.5,CORNERS_TOTALS:UNDER_10_5,76.9%,0.768900,1.30,,,,,,,,,,,Sin cuota/EV,No encontrado en Betano,Solo modelo,6,104.89,104.886000,,Betano no expuesto,Alta,contexto premium mixto,usa mezcla de promedios del torneo y recientes/API-Football,el volumen ofensivo puede variar por planteamiento y marcador temprano,
2026-09-08,13:45,Bournemouth vs Lincoln,,,SHOTS_TOTAL OVER.20.5,SHOTS_TOTAL OVER.20.5,SHOTS_TOTAL:OVER_20_5,75.1%,0.751100,1.33,,,,,,,,,,,Sin cuota/EV,No encontrado en Betano,Solo modelo,2,76.11,76.107000,,Betano no expuesto,Alta,contexto premium mixto,usa mezcla de promedios del torneo y recientes/API-Football,el volumen ofensivo puede variar por planteamiento y marcador temprano,
2026-09-08,13:45,Bournemouth vs Lincoln,10Bet,,DNB local,DRAW_NO_BET HOME,DRAW_NO_BET:HOME,74.4%,0.743600,1.34,1.17,-0.13,-0.130000,-0.17,0.87,,,,,,EV negativo,No encontrado en Betano,Revisar,9,113.02,113.021000,,Betano no expuesto,Alta,fallback ultimos partidos,usa Poisson fallback con ultimos partidos multi-competicion,riesgo propio del resultado final y variacion del modelo,
2026-09-08,13:45,Bournemouth vs Lincoln,,,Visita goles +0.5,TEAM_TOTAL_AWAY OVER.0.5,TEAM_TOTAL_AWAY:OVER_0_5,74.0%,0.740200,1.35,,,,,,,,,,,Sin cuota/EV,No encontrado en Betano,Solo modelo,4,86.02,86.015000,,Betano no expuesto,Alta,fallback ultimos partidos,usa Poisson fallback con ultimos partidos multi-competicion,un gol temprano o baja eficacia puede cambiar la lectura del mercado,
2026-09-08,13:45,Bournemouth vs Lincoln,,,Local tarjetas -3.5,CARDS_HOME UNDER.3.5,CARDS_HOME:UNDER_3_5,73.6%,0.736000,1.36,,,,,,,,,,,Sin cuota/EV,No encontrado en Betano,Solo modelo,2,74.60,74.600000,,Betano no expuesto,Alta,contexto premium mixto,usa mezcla de promedios del torneo y recientes/API-Football,depende mucho del arbitro y del contexto competitivo,
2026-09-08,13:45,Bournemouth vs Lincoln,,,Local tarjetas +1.5,CARDS_HOME OVER.1.5,CARDS_HOME:OVER_1_5,73.3%,0.732600,1.36,,,,,,,,,,,Sin cuota/EV,No encontrado en Betano,Solo modelo,2,74.26,74.262000,,Betano no expuesto,Alta,contexto premium mixto,usa mezcla de promedios del torneo y recientes/API-Football,depende mucho del arbitro y del contexto competitivo,
2026-09-08,13:45,Bournemouth vs Lincoln,,,SHOTS_ON_TARGET_TOTAL OVER.7.5,SHOTS_ON_TARGET_TOTAL OVER.7.5,SHOTS_ON_TARGET_TOTAL:OVER_7_5,73.1%,0.731300,1.37,,,,,,,,,,,Sin cuota/EV,No encontrado en Betano,Solo modelo,2,74.13,74.134000,,Betano no expuesto,Alta,contexto premium mixto,usa mezcla de promedios del torneo y recientes/API-Football,el volumen ofensivo puede variar por planteamiento y marcador temprano,
2026-09-08,13:45,Bournemouth vs Lincoln,10Bet,,Goles +2.5,TOTALS OVER.2.5,TOTALS:OVER_2_5,71.8%,0.718100,1.39,2.85,1.05,1.046700,1.46,2.05,,,,,,EV positivo,No encontrado en Betano,Valor,8,116.65,116.652000,Cuota API muy superior a la cuota justa: revisar manualmente antes de apostar,Betano no expuesto,Alta,fallback ultimos partidos,usa Poisson fallback con ultimos partidos multi-competicion,un gol temprano o baja eficacia puede cambiar la lectura del mercado,
2026-09-08,13:45,Bournemouth vs Lincoln,10Bet,,Visita corners +3.5,CORNERS_AWAY OVER.3.5,CORNERS_AWAY:OVER_3_5,71.3%,0.713300,1.40,2.15,0.53,0.533600,0.75,1.53,,,,,,EV positivo,No encontrado en Betano,Valor,4,96.93,96.932000,,Betano no expuesto,Alta,contexto premium mixto,usa mezcla de promedios del torneo y recientes/API-Football,el volumen ofensivo puede variar por planteamiento y marcador temprano,
2026-09-08,13:45,Bournemouth vs Lincoln,,,SHOTS_TOTAL UNDER.26.5,SHOTS_TOTAL UNDER.26.5,SHOTS_TOTAL:UNDER_26_5,71.1%,0.711000,1.41,,,,,,,,,,,Sin cuota/EV,No encontrado en Betano,Solo modelo,2,72.10,72.098000,,Betano no expuesto,Alta,contexto premium mixto,usa mezcla de promedios del torneo y recientes/API-Football,el volumen ofensivo puede variar por planteamiento y marcador temprano,
2026-09-08,13:45,Bournemouth vs Lincoln,,,Local corners -4.5,CORNERS_HOME UNDER.4.5,CORNERS_HOME:UNDER_4_5,70.6%,0.706400,1.42,,,,,,,,,,,Sin cuota/EV,No encontrado en Betano,Solo modelo,4,84.64,84.644000,,Betano no expuesto,Alta,contexto premium mixto,usa mezcla de promedios del torneo y recientes/API-Football,el volumen ofensivo puede variar por planteamiento y marcador temprano,
2026-09-08,13:45,Bournemouth vs Lincoln,,,Local goles +1.5,TEAM_TOTAL_HOME OVER.1.5,TEAM_TOTAL_HOME:OVER_1_5,68.5%,0.685500,1.46,,,,,,,,,,,Sin cuota/EV,No encontrado en Betano,Solo modelo,4,80.55,80.548000,,Betano no expuesto,Media,fallback ultimos partidos,usa Poisson fallback con ultimos partidos multi-competicion,un gol temprano o baja eficacia puede cambiar la lectura del mercado,
2026-09-08,13:45,Bournemouth vs Lincoln,10Bet,,BTTS sí,BTTS YES,BTTS:YES,67.1%,0.671300,1.49,3.80,1.55,1.551000,2.31,2.55,,,,,,EV positivo,No encontrado en Betano,Valor,8,117.13,117.132000,Cuota API muy superior a la cuota justa: revisar manualmente antes de apostar,Betano no expuesto,Media,fallback ultimos partidos,usa Poisson fallback con ultimos partidos multi-competicion,un gol temprano o baja eficacia puede cambiar la lectura del mercado,
2026-09-08,13:45,Bournemouth vs Lincoln,10Bet,,Corners total -9.5,CORNERS_TOTALS UNDER.9.5,CORNERS_TOTALS:UNDER_9_5,66.0%,0.659500,1.52,1.95,0.29,0.285900,0.43,1.29,,,,,,EV positivo,No encontrado en Betano,Valor,6,101.09,101.093000,,Betano no expuesto,Media,contexto premium mixto,usa mezcla de promedios del torneo y recientes/API-Football,el volumen ofensivo puede variar por planteamiento y marcador temprano,
2026-09-08,13:45,Bournemouth vs Lincoln,,,Visita corners -5.5,CORNERS_AWAY UNDER.5.5,CORNERS_AWAY:UNDER_5_5,64.2%,0.642300,1.56,,,,,,,,,,,Sin cuota/EV,No encontrado en Betano,Solo modelo,4,78.23,78.226000,,Betano no expuesto,Media,contexto premium mixto,usa mezcla de promedios del torneo y recientes/API-Football,el volumen ofensivo puede variar por planteamiento y marcador temprano,
2026-09-08,13:45,Bournemouth vs Lincoln,,,Visita goles -1.5,TEAM_TOTAL_AWAY UNDER.1.5,TEAM_TOTAL_AWAY:UNDER_1_5,61.0%,0.609500,1.64,,,,,,,,,,,Sin cuota/EV,No encontrado en Betano,Solo modelo,4,72.95,72.954000,,Betano no expuesto,Media,fallback ultimos partidos,usa Poisson fallback con ultimos partidos multi-competicion,un gol temprano o baja eficacia puede cambiar la lectura del mercado,
2026-09-08,13:45,Bournemouth vs Lincoln,,,Tarjetas total -4.5,CARDS_TOTALS UNDER.4.5,CARDS_TOTALS:UNDER_4_5,60.9%,0.609300,1.64,,,,,,,,,,,Sin cuota/EV,No encontrado en Betano,Solo modelo,3,66.93,66.931000,,Betano no expuesto,Media,contexto premium mixto,usa mezcla de promedios del torneo y recientes/API-Football,depende mucho del arbitro y del contexto competitivo,
2026-09-08,13:45,Bournemouth vs Lincoln,,,SHOTS_ON_TARGET_TOTAL OVER.8.5,SHOTS_ON_TARGET_TOTAL OVER.8.5,SHOTS_ON_TARGET_TOTAL:OVER_8_5,60.8%,0.608200,1.64,,,,,,,,,,,Sin cuota/EV,No encontrado en Betano,Solo modelo,2,61.82,61.818000,,Betano no expuesto,Media,contexto premium mixto,usa mezcla de promedios del torneo y recientes/API-Football,el volumen ofensivo puede variar por planteamiento y marcador temprano,
2026-09-08,13:45,Bournemouth vs Lincoln,,,Corners total +7.5,CORNERS_TOTALS OVER.7.5,CORNERS_TOTALS:OVER_7_5,60.8%,0.607900,1.65,,,,,,,,,,,Sin cuota/EV,No encontrado en Betano,Solo modelo,6,88.79,88.790000,,Betano no expuesto,Media,contexto premium mixto,usa mezcla de promedios del torneo y recientes/API-Football,el volumen ofensivo puede variar por planteamiento y marcador temprano,
2026-09-08,13:45,Bournemouth vs Lincoln,10Bet,,Gana local,1X2 HOME,1X2:HOME,60.2%,0.601900,1.66,2.20,0.32,0.324100,0.54,1.32,,,,,,EV positivo,No encontrado en Betano,Valor,7,99.02,99.021000,,Betano no expuesto,Media,fallback ultimos partidos,usa Poisson fallback con ultimos partidos multi-competicion,riesgo propio del resultado final y variacion del modelo,
2026-09-08,13:45,Bournemouth vs Lincoln,10Bet,,1T +1.5,FIRST_HALF_TOTALS OVER.1.5,FIRST_HALF_TOTALS:OVER_1_5,60.1%,0.601400,1.66,2.80,0.68,0.683900,1.14,1.68,,,,,,EV positivo,No encontrado en Betano,Valor,5,97.45,97.449000,,Betano no expuesto,Media,contexto premium mixto,usa mezcla de promedios del torneo y recientes/API-Football,el primer tiempo puede tener ritmo bajo o rotaciones,
2026-09-08,13:45,Bournemouth vs Lincoln,,,SHOTS_TOTAL OVER.22.5,SHOTS_TOTAL OVER.22.5,SHOTS_TOTAL:OVER_22_5,60.1%,0.600500,1.67,,,,,,,,,,,Sin cuota/EV,No encontrado en Betano,Solo modelo,2,61.05,61.049000,,Betano no expuesto,Media,contexto premium mixto,usa mezcla de promedios del torneo y recientes/API-Football,el volumen ofensivo puede variar por planteamiento y marcador temprano,
2026-09-08,13:45,Bournemouth vs Lincoln,,,Tarjetas total +3.5,CARDS_TOTALS OVER.3.5,CARDS_TOTALS:OVER_3_5,58.6%,0.585800,1.71,,,,,,,,,,,Sin cuota/EV,No encontrado en Betano,Solo modelo,3,64.58,64.582000,,Betano no expuesto,Media,contexto premium mixto,usa mezcla de promedios del torneo y recientes/API-Football,depende mucho del arbitro y del contexto competitivo,
2026-09-08,13:45,Bournemouth vs Lincoln,,,Local goles -2.5,TEAM_TOTAL_HOME UNDER.2.5,TEAM_TOTAL_HOME:UNDER_2_5,57.7%,0.576800,1.73,,,,,,,,,,,Sin cuota/EV,No encontrado en Betano,Solo modelo,4,69.68,69.680000,,Betano no expuesto,Media,fallback ultimos partidos,usa Poisson fallback con ultimos partidos multi-competicion,un gol temprano o baja eficacia puede cambiar la lectura del mercado,
2026-09-08,13:45,Bournemouth vs Lincoln,,,SHOTS_TOTAL UNDER.24.5,SHOTS_TOTAL UNDER.24.5,SHOTS_TOTAL:UNDER_24_5,56.2%,0.562100,1.78,,,,,,,,,,,Sin cuota/EV,No encontrado en Betano,Solo modelo,2,57.21,57.212000,,Betano no expuesto,Media,contexto premium mixto,usa mezcla de promedios del torneo y recientes/API-Football,el volumen ofensivo puede variar por planteamiento y marcador temprano,
2026-09-08,13:45,Bournemouth vs Lincoln,,,Visita tarjetas -1.5,CARDS_AWAY UNDER.1.5,CARDS_AWAY:UNDER_1_5,55.8%,0.557800,1.79,,,,,,,,,,,Sin cuota/EV,No encontrado en Betano,Solo modelo,2,56.78,56.783000,,Betano no expuesto,Media,contexto premium mixto,usa mezcla de promedios del torneo y recientes/API-Football,depende mucho del arbitro y del contexto competitivo,
2026-09-08,13:45,Bournemouth vs Lincoln,,,Visita corners +4.5,CORNERS_AWAY OVER.4.5,CORNERS_AWAY:OVER_4_5,53.3%,0.532800,1.88,,,,,,,,,,,Sin cuota/EV,No encontrado en Betano,Solo modelo,4,67.28,67.280000,,Betano no expuesto,Baja,contexto premium mixto,usa mezcla de promedios del torneo y recientes/API-Football,el volumen ofensivo puede variar por planteamiento y marcador temprano,
2026-09-08,13:45,Bournemouth vs Lincoln,,,Corners total -8.5,CORNERS_TOTALS UNDER.8.5,CORNERS_TOTALS:UNDER_8_5,53.0%,0.530000,1.89,,,,,,,,,,,Sin cuota/EV,No encontrado en Betano,Solo modelo,6,81.00,80.999000,,Betano no expuesto,Baja,contexto premium mixto,usa mezcla de promedios del torneo y recientes/API-Football,el volumen ofensivo puede variar por planteamiento y marcador temprano,
2026-09-08,13:45,Bournemouth vs Lincoln,,,SHOTS_ON_TARGET_TOTAL UNDER.9.5,SHOTS_ON_TARGET_TOTAL UNDER.9.5,SHOTS_ON_TARGET_TOTAL:UNDER_9_5,52.2%,0.521800,1.92,,,,,,,,,,,Sin cuota/EV,No encontrado en Betano,Solo modelo,2,53.18,53.183000,,Betano no expuesto,Baja,contexto premium mixto,usa mezcla de promedios del torneo y recientes/API-Football,el volumen ofensivo puede variar por planteamiento y marcador temprano,
2026-09-08,13:45,Bournemouth vs Lincoln,,,Local tarjetas -2.5,CARDS_HOME UNDER.2.5,CARDS_HOME:UNDER_2_5,51.8%,0.518400,1.93,,,,,,,,,,,Sin cuota/EV,No encontrado en Betano,Solo modelo,2,52.84,52.843000,,Betano no expuesto,Baja,contexto premium mixto,usa mezcla de promedios del torneo y recientes/API-Football,depende mucho del arbitro y del contexto competitivo,
2026-09-08,13:45,Bournemouth vs Lincoln,,,Local corners -3.5,CORNERS_HOME UNDER.3.5,CORNERS_HOME:UNDER_3_5,51.5%,0.515200,1.94,,,,,,,,,,,Sin cuota/EV,No encontrado en Betano,Solo modelo,4,65.52,65.522000,,Betano no expuesto,Baja,contexto premium mixto,usa mezcla de promedios del torneo y recientes/API-Football,el volumen ofensivo puede variar por planteamiento y marcador temprano,
2026-09-08,13:45,Bournemouth vs Lincoln,10Bet,,Goles +3.5,TOTALS OVER.3.5,TOTALS:OVER_3_5,51.0%,0.510400,1.96,2.10,0.07,0.071900,0.14,1.07,,,,,,EV positivo,No encontrado en Betano,Revisar,1,53.34,53.339000,,Betano no expuesto,Baja,fallback ultimos partidos,usa Poisson fallback con ultimos partidos multi-competicion,un gol temprano o baja eficacia puede cambiar la lectura del mercado,
2026-09-08,13:45,Bournemouth vs Lincoln,10Bet,,Goles -3.5,TOTALS UNDER.3.5,TOTALS:UNDER_3_5,49.0%,0.489600,2.04,1.70,-0.17,-0.167800,-0.34,0.83,,,,,,EV negativo,No encontrado en Betano,Revisar,10,87.94,87.936000,Cuota por debajo de la cuota justa: valor limitado,Betano no expuesto,Baja,fallback ultimos partidos,usa Poisson fallback con ultimos partidos multi-competicion,un gol temprano o baja eficacia puede cambiar la lectura del mercado,
2026-09-08,13:45,Bournemouth vs Lincoln,,,Local corners +3.5,CORNERS_HOME OVER.3.5,CORNERS_HOME:OVER_3_5,48.5%,0.484800,2.06,,,,,,,,,,,Sin cuota/EV,No encontrado en Betano,Solo modelo,4,62.48,62.478000,,Betano no expuesto,Baja,contexto premium mixto,usa mezcla de promedios del torneo y recientes/API-Football,el volumen ofensivo puede variar por planteamiento y marcador temprano,
2026-09-08,13:45,Bournemouth vs Lincoln,,,Local tarjetas +2.5,CARDS_HOME OVER.2.5,CARDS_HOME:OVER_2_5,48.2%,0.481600,2.08,,,,,,,,,,,Sin cuota/EV,No encontrado en Betano,Solo modelo,2,49.16,49.157000,,Betano no expuesto,Baja,contexto premium mixto,usa mezcla de promedios del torneo y recientes/API-Football,depende mucho del arbitro y del contexto competitivo,
2026-09-08,13:45,Bournemouth vs Lincoln,,,SHOTS_ON_TARGET_TOTAL OVER.9.5,SHOTS_ON_TARGET_TOTAL OVER.9.5,SHOTS_ON_TARGET_TOTAL:OVER_9_5,47.8%,0.478200,2.09,,,,,,,,,,,Sin cuota/EV,No encontrado en Betano,Solo modelo,2,48.82,48.817000,,Betano no expuesto,Baja,contexto premium mixto,usa mezcla de promedios del torneo y recientes/API-Football,el volumen ofensivo puede variar por planteamiento y marcador temprano,
2026-09-08,13:45,Bournemouth vs Lincoln,,,Corners total +8.5,CORNERS_TOTALS OVER.8.5,CORNERS_TOTALS:OVER_8_5,47.0%,0.470000,2.13,,,,,,,,,,,Sin cuota/EV,No encontrado en Betano,Solo modelo,6,75.00,75.001000,,Betano no expuesto,Baja,contexto premium mixto,usa mezcla de promedios del torneo y recientes/API-Football,el volumen ofensivo puede variar por planteamiento y marcador temprano,
2026-09-08,13:45,Bournemouth vs Lincoln,,,Visita corners -4.5,CORNERS_AWAY UNDER.4.5,CORNERS_AWAY:UNDER_4_5,46.7%,0.467200,2.14,,,,,,,,,,,Sin cuota/EV,No encontrado en Betano,Solo modelo,4,60.72,60.720000,,Betano no expuesto,Baja,contexto premium mixto,usa mezcla de promedios del torneo y recientes/API-Football,el volumen ofensivo puede variar por planteamiento y marcador temprano,
2026-09-08,13:45,Bournemouth vs Lincoln,,,Visita tarjetas +1.5,CARDS_AWAY OVER.1.5,CARDS_AWAY:OVER_1_5,44.2%,0.442200,2.26,,,,,,,,,,,Sin cuota/EV,No encontrado en Betano,Solo modelo,2,45.22,45.217000,,Betano no expuesto,Baja,contexto premium mixto,usa mezcla de promedios del torneo y recientes/API-Football,depende mucho del arbitro y del contexto competitivo,
2026-09-08,13:45,Bournemouth vs Lincoln,,,SHOTS_TOTAL OVER.24.5,SHOTS_TOTAL OVER.24.5,SHOTS_TOTAL:OVER_24_5,43.8%,0.437900,2.28,,,,,,,,,,,Sin cuota/EV,No encontrado en Betano,Solo modelo,2,44.79,44.788000,,Betano no expuesto,Baja,contexto premium mixto,usa mezcla de promedios del torneo y recientes/API-Football,el volumen ofensivo puede variar por planteamiento y marcador temprano,
2026-09-08,13:45,Bournemouth vs Lincoln,,,Local goles +2.5,TEAM_TOTAL_HOME OVER.2.5,TEAM_TOTAL_HOME:OVER_2_5,42.3%,0.423200,2.36,,,,,,,,,,,Sin cuota/EV,No encontrado en Betano,Solo modelo,4,54.32,54.320000,,Betano no expuesto,Baja,fallback ultimos partidos,usa Poisson fallback con ultimos partidos multi-competicion,un gol temprano o baja eficacia puede cambiar la lectura del mercado,
2026-09-08,13:45,Bournemouth vs Lincoln,,,Tarjetas total -3.5,CARDS_TOTALS UNDER.3.5,CARDS_TOTALS:UNDER_3_5,41.4%,0.414200,2.41,,,,,,,,,,,Sin cuota/EV,No encontrado en Betano,Solo modelo,3,47.42,47.418000,,Betano no expuesto,Baja,contexto premium mixto,usa mezcla de promedios del torneo y recientes/API-Football,depende mucho del arbitro y del contexto competitivo,
2026-09-08,13:45,Bournemouth vs Lincoln,,,SHOTS_TOTAL UNDER.22.5,SHOTS_TOTAL UNDER.22.5,SHOTS_TOTAL:UNDER_22_5,40.0%,0.399500,2.50,,,,,,,,,,,Sin cuota/EV,No encontrado en Betano,Solo modelo,2,40.95,40.951000,,Betano no expuesto,Baja,contexto premium mixto,usa mezcla de promedios del torneo y recientes/API-Football,el volumen ofensivo puede variar por planteamiento y marcador temprano,
2026-09-08,13:45,Bournemouth vs Lincoln,10Bet,,1T -1.5,FIRST_HALF_TOTALS UNDER.1.5,FIRST_HALF_TOTALS:UNDER_1_5,39.9%,0.398600,2.51,1.38,-0.45,-0.449900,-1.13,0.55,,,,,,EV negativo,No encontrado en Betano,Evitar,5,35.76,35.763000,Cuota por debajo de la cuota justa: valor limitado,Betano no expuesto,Baja,contexto premium mixto,usa mezcla de promedios del torneo y recientes/API-Football,el primer tiempo puede tener ritmo bajo o rotaciones,
2026-09-08,13:45,Bournemouth vs Lincoln,,,DOUBLE_CHANCE X2,DOUBLE_CHANCE X2,DOUBLE_CHANCE:X2,39.8%,0.398100,2.51,,,,,,,,,,,Sin cuota/EV,No encontrado en Betano,Solo modelo,9,80.81,80.813000,,Betano no expuesto,Baja,fallback ultimos partidos,usa Poisson fallback con ultimos partidos multi-competicion,riesgo propio del resultado final y variacion del modelo,
2026-09-08,13:45,Bournemouth vs Lincoln,,,Corners total -7.5,CORNERS_TOTALS UNDER.7.5,CORNERS_TOTALS:UNDER_7_5,39.2%,0.392100,2.55,,,,,,,,,,,Sin cuota/EV,No encontrado en Betano,Solo modelo,6,67.21,67.210000,,Betano no expuesto,Baja,contexto premium mixto,usa mezcla de promedios del torneo y recientes/API-Football,el volumen ofensivo puede variar por planteamiento y marcador temprano,
2026-09-08,13:45,Bournemouth vs Lincoln,,,SHOTS_ON_TARGET_TOTAL UNDER.8.5,SHOTS_ON_TARGET_TOTAL UNDER.8.5,SHOTS_ON_TARGET_TOTAL:UNDER_8_5,39.2%,0.391800,2.55,,,,,,,,,,,Sin cuota/EV,No encontrado en Betano,Solo modelo,2,40.18,40.182000,,Betano no expuesto,Baja,contexto premium mixto,usa mezcla de promedios del torneo y recientes/API-Football,el volumen ofensivo puede variar por planteamiento y marcador temprano,
2026-09-08,13:45,Bournemouth vs Lincoln,,,Tarjetas total +4.5,CARDS_TOTALS OVER.4.5,CARDS_TOTALS:OVER_4_5,39.1%,0.390700,2.56,,,,,,,,,,,Sin cuota/EV,No encontrado en Betano,Solo modelo,3,45.07,45.069000,,Betano no expuesto,Baja,contexto premium mixto,usa mezcla de promedios del torneo y recientes/API-Football,depende mucho del arbitro y del contexto competitivo,
2026-09-08,13:45,Bournemouth vs Lincoln,,,Visita goles +1.5,TEAM_TOTAL_AWAY OVER.1.5,TEAM_TOTAL_AWAY:OVER_1_5,39.1%,0.390500,2.56,,,,,,,,,,,Sin cuota/EV,No encontrado en Betano,Solo modelo,4,51.05,51.046000,,Betano no expuesto,Baja,fallback ultimos partidos,usa Poisson fallback con ultimos partidos multi-competicion,un gol temprano o baja eficacia puede cambiar la lectura del mercado,
2026-09-08,13:45,Bournemouth vs Lincoln,,,Visita corners +5.5,CORNERS_AWAY OVER.5.5,CORNERS_AWAY:OVER_5_5,35.8%,0.357700,2.79,,,,,,,,,,,Sin cuota/EV,No encontrado en Betano,Solo modelo,4,49.77,49.774000,,Betano no expuesto,Baja,contexto premium mixto,usa mezcla de promedios del torneo y recientes/API-Football,el volumen ofensivo puede variar por planteamiento y marcador temprano,
2026-09-08,13:45,Bournemouth vs Lincoln,10Bet,,Corners total +9.5,CORNERS_TOTALS OVER.9.5,CORNERS_TOTALS:OVER_9_5,34.1%,0.340500,2.94,1.77,-0.40,-0.397200,-1.17,0.60,,,,,,EV negativo,No encontrado en Betano,Evitar,6,35.90,35.904000,Cuota por debajo de la cuota justa: valor limitado,Betano no expuesto,Baja,contexto premium mixto,usa mezcla de promedios del torneo y recientes/API-Football,el volumen ofensivo puede variar por planteamiento y marcador temprano,
2026-09-08,13:45,Bournemouth vs Lincoln,10Bet,,BTTS no,BTTS NO,BTTS:NO,32.9%,0.328700,3.04,1.22,-0.60,-0.599000,-1.82,0.40,,,,,,EV negativo,No encontrado en Betano,Revisar,8,54.09,54.086000,Cuota por debajo de la cuota justa: valor limitado,Betano no expuesto,Baja,fallback ultimos partidos,usa Poisson fallback con ultimos partidos multi-competicion,un gol temprano o baja eficacia puede cambiar la lectura del mercado,
2026-09-08,13:45,Bournemouth vs Lincoln,,,Local goles -1.5,TEAM_TOTAL_HOME UNDER.1.5,TEAM_TOTAL_HOME:UNDER_1_5,31.4%,0.314500,3.18,,,,,,,,,,,Sin cuota/EV,No encontrado en Betano,Solo modelo,4,43.45,43.452000,,Betano no expuesto,Baja,fallback ultimos partidos,usa Poisson fallback con ultimos partidos multi-competicion,un gol temprano o baja eficacia puede cambiar la lectura del mercado,
2026-09-08,13:45,Bournemouth vs Lincoln,,,Local corners +4.5,CORNERS_HOME OVER.4.5,CORNERS_HOME:OVER_4_5,29.4%,0.293600,3.41,,,,,,,,,,,Sin cuota/EV,No encontrado en Betano,Solo modelo,4,43.36,43.356000,,Betano no expuesto,Baja,contexto premium mixto,usa mezcla de promedios del torneo y recientes/API-Football,el volumen ofensivo puede variar por planteamiento y marcador temprano,
2026-09-08,13:45,Bournemouth vs Lincoln,,,SHOTS_TOTAL OVER.26.5,SHOTS_TOTAL OVER.26.5,SHOTS_TOTAL:OVER_26_5,28.9%,0.289000,3.46,,,,,,,,,,,Sin cuota/EV,No encontrado en Betano,Solo modelo,2,29.90,29.902000,,Betano no expuesto,Baja,contexto premium mixto,usa mezcla de promedios del torneo y recientes/API-Football,el volumen ofensivo puede variar por planteamiento y marcador temprano,
2026-09-08,13:45,Bournemouth vs Lincoln,10Bet,,Visita corners -3.5,CORNERS_AWAY UNDER.3.5,CORNERS_AWAY:UNDER_3_5,28.7%,0.286700,3.49,1.53,-0.56,-0.561300,-1.96,0.44,,,,,,EV negativo,No encontrado en Betano,Evitar,4,13.57,13.568000,Cuota por debajo de la cuota justa: valor limitado,Betano no expuesto,Baja,contexto premium mixto,usa mezcla de promedios del torneo y recientes/API-Football,el volumen ofensivo puede variar por planteamiento y marcador temprano,
2026-09-08,13:45,Bournemouth vs Lincoln,10Bet,,Goles -2.5,TOTALS UNDER.2.5,TOTALS:UNDER_2_5,28.2%,0.281900,3.55,1.36,-0.62,-0.616600,-2.19,0.38,,,,,,EV negativo,No encontrado en Betano,Revisar,8,49.09,49.088000,Cuota por debajo de la cuota justa: valor limitado,Betano no expuesto,Baja,fallback ultimos partidos,usa Poisson fallback con ultimos partidos multi-competicion,un gol temprano o baja eficacia puede cambiar la lectura del mercado,
2026-09-08,13:45,Bournemouth vs Lincoln,,,SHOTS_ON_TARGET_TOTAL UNDER.7.5,SHOTS_ON_TARGET_TOTAL UNDER.7.5,SHOTS_ON_TARGET_TOTAL:UNDER_7_5,26.9%,0.268700,3.72,,,,,,,,,,,Sin cuota/EV,No encontrado en Betano,Solo modelo,2,27.87,27.866000,,Betano no expuesto,Baja,contexto premium mixto,usa mezcla de promedios del torneo y recientes/API-Football,el volumen ofensivo puede variar por planteamiento y marcador temprano,
2026-09-08,13:45,Bournemouth vs Lincoln,,,Local tarjetas -1.5,CARDS_HOME UNDER.1.5,CARDS_HOME:UNDER_1_5,26.7%,0.267400,3.74,,,,,,,,,,,Sin cuota/EV,No encontrado en Betano,Solo modelo,2,27.74,27.738000,,Betano no expuesto,Baja,contexto premium mixto,usa mezcla de promedios del torneo y recientes/API-Football,depende mucho del arbitro y del contexto competitivo,
2026-09-08,13:45,Bournemouth vs Lincoln,,,Local tarjetas +3.5,CARDS_HOME OVER.3.5,CARDS_HOME:OVER_3_5,26.4%,0.264000,3.79,,,,,,,,,,,Sin cuota/EV,No encontrado en Betano,Solo modelo,2,27.40,27.400000,,Betano no expuesto,Baja,contexto premium mixto,usa mezcla de promedios del torneo y recientes/API-Football,depende mucho del arbitro y del contexto competitivo,
2026-09-08,13:45,Bournemouth vs Lincoln,,,Visita goles -0.5,TEAM_TOTAL_AWAY UNDER.0.5,TEAM_TOTAL_AWAY:UNDER_0_5,26.0%,0.259800,3.85,,,,,,,,,,,Sin cuota/EV,No encontrado en Betano,Solo modelo,4,37.98,37.985000,,Betano no expuesto,Baja,fallback ultimos partidos,usa Poisson fallback con ultimos partidos multi-competicion,un gol temprano o baja eficacia puede cambiar la lectura del mercado,
2026-09-08,13:45,Bournemouth vs Lincoln,10Bet,,DNB visita,DRAW_NO_BET AWAY,DRAW_NO_BET:AWAY,25.6%,0.256400,3.90,4.50,0.15,0.153800,0.60,1.15,,,,,,EV positivo,No encontrado en Betano,Revisar,9,69.41,69.407000,,Betano no expuesto,Baja,fallback ultimos partidos,usa Poisson fallback con ultimos partidos multi-competicion,riesgo propio del resultado final y variacion del modelo,
2026-09-08,13:45,Bournemouth vs Lincoln,,,SHOTS_TOTAL UNDER.20.5,SHOTS_TOTAL UNDER.20.5,SHOTS_TOTAL:UNDER_20_5,24.9%,0.248900,4.02,,,,,,,,,,,Sin cuota/EV,No encontrado en Betano,Solo modelo,2,25.89,25.893000,,Betano no expuesto,Baja,contexto premium mixto,usa mezcla de promedios del torneo y recientes/API-Football,el volumen ofensivo puede variar por planteamiento y marcador temprano,
2026-09-08,13:45,Bournemouth vs Lincoln,,,Corners total +10.5,CORNERS_TOTALS OVER.10.5,CORNERS_TOTALS:OVER_10_5,23.1%,0.231100,4.33,,,,,,,,,,,Sin cuota/EV,No encontrado en Betano,Solo modelo,6,51.11,51.114000,,Betano no expuesto,Baja,contexto premium mixto,usa mezcla de promedios del torneo y recientes/API-Football,el volumen ofensivo puede variar por planteamiento y marcador temprano,
2026-09-08,13:45,Bournemouth vs Lincoln,,,Tarjetas total +5.5,CARDS_TOTALS OVER.5.5,CARDS_TOTALS:OVER_5_5,23.1%,0.230700,4.33,,,,,,,,,,,Sin cuota/EV,No encontrado en Betano,Solo modelo,3,29.07,29.069000,,Betano no expuesto,Baja,contexto premium mixto,usa mezcla de promedios del torneo y recientes/API-Football,depende mucho del arbitro y del contexto competitivo,
2026-09-08,13:45,Bournemouth vs Lincoln,,,Tarjetas total -2.5,CARDS_TOTALS UNDER.2.5,CARDS_TOTALS:UNDER_2_5,22.4%,0.223800,4.47,,,,,,,,,,,Sin cuota/EV,No encontrado en Betano,Solo modelo,3,28.38,28.381000,,Betano no expuesto,Baja,contexto premium mixto,usa mezcla de promedios del torneo y recientes/API-Football,depende mucho del arbitro y del contexto competitivo,
2026-09-08,13:45,Bournemouth vs Lincoln,,,Visita tarjetas -0.5,CARDS_AWAY UNDER.0.5,CARDS_AWAY:UNDER_0_5,22.3%,0.223100,4.48,,,,,,,,,,,Sin cuota/EV,No encontrado en Betano,Solo modelo,2,23.31,23.313000,,Betano no expuesto,Baja,contexto premium mixto,usa mezcla de promedios del torneo y recientes/API-Football,depende mucho del arbitro y del contexto competitivo,
2026-09-08,13:45,Bournemouth vs Lincoln,,,Visita corners +6.5,CORNERS_AWAY OVER.6.5,CORNERS_AWAY:OVER_6_5,21.6%,0.216200,4.62,,,,,,,,,,,Sin cuota/EV,No encontrado en Betano,Solo modelo,4,35.62,35.623000,,Betano no expuesto,Baja,contexto premium mixto,usa mezcla de promedios del torneo y recientes/API-Football,el volumen ofensivo puede variar por planteamiento y marcador temprano,
2026-09-08,13:45,Bournemouth vs Lincoln,10Bet,,Gana visita,1X2 AWAY,1X2:AWAY,20.8%,0.207500,4.82,8.50,0.76,0.764000,3.68,1.76,,,,,,EV positivo,No encontrado en Betano,Revisar,7,53.50,53.504000,Cuota API muy superior a la cuota justa: revisar manualmente antes de apostar,Betano no expuesto,Baja,fallback ultimos partidos,usa Poisson fallback con ultimos partidos multi-competicion,riesgo propio del resultado final y variacion del modelo,
2026-09-08,13:45,Bournemouth vs Lincoln,,,Visita tarjetas +2.5,CARDS_AWAY OVER.2.5,CARDS_AWAY:OVER_2_5,19.1%,0.191200,5.23,,,,,,,,,,,Sin cuota/EV,No encontrado en Betano,Solo modelo,2,20.11,20.115000,,Betano no expuesto,Baja,contexto premium mixto,usa mezcla de promedios del torneo y recientes/API-Football,depende mucho del arbitro y del contexto competitivo,
2026-09-08,13:45,Bournemouth vs Lincoln,10Bet,,Empate,1X2 DRAW,1X2:DRAW,19.1%,0.190600,5.25,2.00,-0.62,-0.618800,-3.25,0.38,,,,,,EV negativo,No encontrado en Betano,Revisar,7,34.92,34.922000,Cuota por debajo de la cuota justa: valor limitado,Betano no expuesto,Baja,fallback ultimos partidos,usa Poisson fallback con ultimos partidos multi-competicion,riesgo propio del resultado final y variacion del modelo,
2026-09-08,13:45,Bournemouth vs Lincoln,,,SHOTS_ON_TARGET_TOTAL UNDER.6.5,SHOTS_ON_TARGET_TOTAL UNDER.6.5,SHOTS_ON_TARGET_TOTAL:UNDER_6_5,16.5%,0.164900,6.06,,,,,,,,,,,Sin cuota/EV,No encontrado en Betano,Solo modelo,2,17.50,17.495000,,Betano no expuesto,Baja,contexto premium mixto,usa mezcla de promedios del torneo y recientes/API-Football,el volumen ofensivo puede variar por planteamiento y marcador temprano,
2026-09-08,13:45,Bournemouth vs Lincoln,,,Local corners +5.5,CORNERS_HOME OVER.5.5,CORNERS_HOME:OVER_5_5,15.6%,0.155900,6.42,,,,,,,,,,,Sin cuota/EV,No encontrado en Betano,Solo modelo,4,29.59,29.588000,,Betano no expuesto,Baja,contexto premium mixto,usa mezcla de promedios del torneo y recientes/API-Football,el volumen ofensivo puede variar por planteamiento y marcador temprano,
2026-09-08,13:45,Bournemouth vs Lincoln,,,Visita goles +2.5,TEAM_TOTAL_AWAY OVER.2.5,TEAM_TOTAL_AWAY:OVER_2_5,15.4%,0.154400,6.48,,,,,,,,,,,Sin cuota/EV,No encontrado en Betano,Solo modelo,4,27.44,27.442000,,Betano no expuesto,Baja,fallback ultimos partidos,usa Poisson fallback con ultimos partidos multi-competicion,un gol temprano o baja eficacia puede cambiar la lectura del mercado,
2026-09-08,13:45,Bournemouth vs Lincoln,,,Corners total +11.5,CORNERS_TOTALS OVER.11.5,CORNERS_TOTALS:OVER_11_5,14.7%,0.147100,6.80,,,,,,,,,,,Sin cuota/EV,No encontrado en Betano,Solo modelo,6,42.71,42.710000,,Betano no expuesto,Baja,contexto premium mixto,usa mezcla de promedios del torneo y recientes/API-Football,el volumen ofensivo puede variar por planteamiento y marcador temprano,
2026-09-08,13:45,Bournemouth vs Lincoln,,,SHOTS_TOTAL UNDER.18.5,SHOTS_TOTAL UNDER.18.5,SHOTS_TOTAL:UNDER_18_5,13.2%,0.132400,7.55,,,,,,,,,,,Sin cuota/EV,No encontrado en Betano,Solo modelo,2,14.24,14.245000,,Betano no expuesto,Baja,contexto premium mixto,usa mezcla de promedios del torneo y recientes/API-Football,el volumen ofensivo puede variar por planteamiento y marcador temprano,
2026-09-08,13:45,Bournemouth vs Lincoln,10Bet,,1T -0.5,FIRST_HALF_TOTALS UNDER.0.5,FIRST_HALF_TOTALS:UNDER_0_5,13.2%,0.131700,7.59,1.38,-0.82,-0.818300,-6.22,0.18,,,,,,EV negativo,No encontrado en Betano,Evitar,5,5.17,5.166000,Cuota por debajo de la cuota justa: valor limitado,Betano no expuesto,Baja,contexto premium mixto,usa mezcla de promedios del torneo y recientes/API-Football,el primer tiempo puede tener ritmo bajo o rotaciones,
2026-09-08,13:45,Bournemouth vs Lincoln,,,Tarjetas total +6.5,CARDS_TOTALS OVER.6.5,CARDS_TOTALS:OVER_6_5,12.1%,0.121400,8.24,,,,,,,,,,,Sin cuota/EV,No encontrado en Betano,Solo modelo,3,18.14,18.135000,,Betano no expuesto,Baja,contexto premium mixto,usa mezcla de promedios del torneo y recientes/API-Football,depende mucho del arbitro y del contexto competitivo,
2026-09-08,13:45,Bournemouth vs Lincoln,10Bet,,Goles -1.5,TOTALS UNDER.1.5,TOTALS:UNDER_1_5,11.5%,0.114700,8.72,2.20,-0.75,-0.747700,-6.52,0.25,,,,,,EV negativo,No encontrado en Betano,Revisar,1,-3.53,-3.534000,Cuota por debajo de la cuota justa: valor limitado,Betano no expuesto,Baja,fallback ultimos partidos,usa Poisson fallback con ultimos partidos multi-competicion,un gol temprano o baja eficacia puede cambiar la lectura del mercado,
2026-09-08,13:45,Bournemouth vs Lincoln,,,Local goles -0.5,TEAM_TOTAL_HOME UNDER.0.5,TEAM_TOTAL_HOME:UNDER_0_5,9.4%,0.093700,10.67,,,,,,,,,,,Sin cuota/EV,No encontrado en Betano,Solo modelo,4,21.37,21.374000,,Betano no expuesto,Baja,fallback ultimos partidos,usa Poisson fallback con ultimos partidos multi-competicion,un gol temprano o baja eficacia puede cambiar la lectura del mercado,
2026-09-08,13:45,Bournemouth vs Lincoln,,,Local tarjetas -0.5,CARDS_HOME UNDER.0.5,CARDS_HOME:UNDER_0_5,7.4%,0.074300,13.46,,,,,,,,,,,Sin cuota/EV,No encontrado en Betano,Solo modelo,2,8.43,8.427000,,Betano no expuesto,Baja,contexto premium mixto,usa mezcla de promedios del torneo y recientes/API-Football,depende mucho del arbitro y del contexto competitivo,
2026-09-08,13:45,Bournemouth vs Lincoln,10Bet,,Local corners +6.5,CORNERS_HOME OVER.6.5,CORNERS_HOME:OVER_6_5,7.3%,0.073300,13.65,1.80,-0.87,-0.868100,-11.85,0.13,,,,,,EV negativo,No encontrado en Betano,Evitar,4,-9.67,-9.673000,Cuota por debajo de la cuota justa: valor limitado,Betano no expuesto,Baja,contexto premium mixto,usa mezcla de promedios del torneo y recientes/API-Football,el volumen ofensivo puede variar por planteamiento y marcador temprano,
2026-09-08,13:45,Bournemouth vs Lincoln,,,Visita tarjetas +3.5,CARDS_AWAY OVER.3.5,CARDS_AWAY:OVER_3_5,6.6%,0.065600,15.23,,,,,,,,,,,Sin cuota/EV,No encontrado en Betano,Solo modelo,2,7.56,7.564000,,Betano no expuesto,Baja,contexto premium mixto,usa mezcla de promedios del torneo y recientes/API-Football,depende mucho del arbitro y del contexto competitivo,
2026-09-08,13:45,Crystal Palace vs Middlesbrough,,,Local corners -6.5,CORNERS_HOME UNDER.6.5,CORNERS_HOME:UNDER_6_5,99.9%,0.999100,1.00,,,,,,,,,,,Sin cuota/EV,No encontrado en Betano,Solo modelo,4,113.91,113.907000,,Betano no expuesto,Alta,contexto premium mixto,usa mezcla de promedios del torneo y recientes/API-Football,el volumen ofensivo puede variar por planteamiento y marcador temprano,
2026-09-08,13:45,Crystal Palace vs Middlesbrough,10Bet,,Local corners -5.5,CORNERS_HOME UNDER.5.5,CORNERS_HOME:UNDER_5_5,99.6%,0.995500,1.00,1.60,0.59,0.592900,0.60,1.59,,,,,,EV positivo,No encontrado en Betano,Valor,4,126.23,126.226000,,Betano no expuesto,Alta,contexto premium mixto,usa mezcla de promedios del torneo y recientes/API-Football,el volumen ofensivo puede variar por planteamiento y marcador temprano,
2026-09-08,13:45,Crystal Palace vs Middlesbrough,,,Local tarjetas -3.5,CARDS_HOME UNDER.3.5,CARDS_HOME:UNDER_3_5,99.5%,0.995100,1.00,,,,,,,,,,,Sin cuota/EV,No encontrado en Betano,Solo modelo,2,100.51,100.513000,,Betano no expuesto,Alta,contexto premium mixto,usa mezcla de promedios del torneo y recientes/API-Football,depende mucho del arbitro y del contexto competitivo,
2026-09-08,13:45,Crystal Palace vs Middlesbrough,,,Tarjetas total -6.5,CARDS_TOTALS UNDER.6.5,CARDS_TOTALS:UNDER_6_5,99.3%,0.993100,1.01,,,,,,,,,,,Sin cuota/EV,No encontrado en Betano,Solo modelo,3,105.31,105.310000,,Betano no expuesto,Alta,contexto premium mixto,usa mezcla de promedios del torneo y recientes/API-Football,depende mucho del arbitro y del contexto competitivo,
2026-09-08,13:45,Crystal Palace vs Middlesbrough,,,SHOTS_TOTAL OVER.18.5,SHOTS_TOTAL OVER.18.5,SHOTS_TOTAL:OVER_18_5,98.6%,0.986100,1.01,,,,,,,,,,,Sin cuota/EV,No encontrado en Betano,Solo modelo,2,99.61,99.609000,,Betano no expuesto,Alta,contexto premium mixto,usa mezcla de promedios del torneo y recientes/API-Football,el volumen ofensivo puede variar por planteamiento y marcador temprano,
2026-09-08,13:45,Crystal Palace vs Middlesbrough,,,Local corners -4.5,CORNERS_HOME UNDER.4.5,CORNERS_HOME:UNDER_4_5,98.1%,0.981400,1.02,,,,,,,,,,,Sin cuota/EV,No encontrado en Betano,Solo modelo,4,112.14,112.142000,,Betano no expuesto,Alta,contexto premium mixto,usa mezcla de promedios del torneo y recientes/API-Football,el volumen ofensivo puede variar por planteamiento y marcador temprano,
2026-09-08,13:45,Crystal Palace vs Middlesbrough,,,Tarjetas total -5.5,CARDS_TOTALS UNDER.5.5,CARDS_TOTALS:UNDER_5_5,97.7%,0.976600,1.02,,,,,,,,,,,Sin cuota/EV,No encontrado en Betano,Solo modelo,3,103.66,103.663000,,Betano no expuesto,Alta,contexto premium mixto,usa mezcla de promedios del torneo y recientes/API-Football,depende mucho del arbitro y del contexto competitivo,
2026-09-08,13:45,Crystal Palace vs Middlesbrough,,,Local tarjetas -2.5,CARDS_HOME UNDER.2.5,CARDS_HOME:UNDER_2_5,97.0%,0.969700,1.03,,,,,,,,,,,Sin cuota/EV,No encontrado en Betano,Solo modelo,2,97.97,97.975000,,Betano no expuesto,Alta,contexto premium mixto,usa mezcla de promedios del torneo y recientes/API-Football,depende mucho del arbitro y del contexto competitivo,
2026-09-08,13:45,Crystal Palace vs Middlesbrough,,,SHOTS_TOTAL OVER.20.5,SHOTS_TOTAL OVER.20.5,SHOTS_TOTAL:OVER_20_5,96.2%,0.962400,1.04,,,,,,,,,,,Sin cuota/EV,No encontrado en Betano,Solo modelo,2,97.24,97.242000,,Betano no expuesto,Alta,contexto premium mixto,usa mezcla de promedios del torneo y recientes/API-Football,el volumen ofensivo puede variar por planteamiento y marcador temprano,
2026-09-08,13:45,Crystal Palace vs Middlesbrough,,,Local corners -3.5,CORNERS_HOME UNDER.3.5,CORNERS_HOME:UNDER_3_5,93.4%,0.934400,1.07,,,,,,,,,,,Sin cuota/EV,No encontrado en Betano,Solo modelo,4,107.44,107.436000,,Betano no expuesto,Alta,contexto premium mixto,usa mezcla de promedios del torneo y recientes/API-Football,el volumen ofensivo puede variar por planteamiento y marcador temprano,
2026-09-08,13:45,Crystal Palace vs Middlesbrough,,,Visita tarjetas -3.5,CARDS_AWAY UNDER.3.5,CARDS_AWAY:UNDER_3_5,93.4%,0.934400,1.07,,,,,,,,,,,Sin cuota/EV,No encontrado en Betano,Solo modelo,2,94.44,94.436000,,Betano no expuesto,Alta,contexto premium mixto,usa mezcla de promedios del torneo y recientes/API-Football,depende mucho del arbitro y del contexto competitivo,
2026-09-08,13:45,Crystal Palace vs Middlesbrough,,,Tarjetas total -4.5,CARDS_TOTALS UNDER.4.5,CARDS_TOTALS:UNDER_4_5,93.1%,0.931000,1.07,,,,,,,,,,,Sin cuota/EV,No encontrado en Betano,Solo modelo,3,99.10,99.102000,,Betano no expuesto,Alta,contexto premium mixto,usa mezcla de promedios del torneo y recientes/API-Football,depende mucho del arbitro y del contexto competitivo,
2026-09-08,13:45,Crystal Palace vs Middlesbrough,,,SHOTS_TOTAL OVER.22.5,SHOTS_TOTAL OVER.22.5,SHOTS_TOTAL:OVER_22_5,91.5%,0.915000,1.09,,,,,,,,,,,Sin cuota/EV,No encontrado en Betano,Solo modelo,2,92.50,92.498000,,Betano no expuesto,Alta,contexto premium mixto,usa mezcla de promedios del torneo y recientes/API-Football,el volumen ofensivo puede variar por planteamiento y marcador temprano,
2026-09-08,13:45,Crystal Palace vs Middlesbrough,,,Corners total -11.5,CORNERS_TOTALS UNDER.11.5,CORNERS_TOTALS:UNDER_11_5,90.0%,0.899700,1.11,,,,,,,,,,,Sin cuota/EV,No encontrado en Betano,Solo modelo,6,117.97,117.972000,,Betano no expuesto,Alta,contexto premium mixto,usa mezcla de promedios del torneo y recientes/API-Football,el volumen ofensivo puede variar por planteamiento y marcador temprano,
2026-09-08,13:45,Crystal Palace vs Middlesbrough,10Bet,,Visita corners +3.5,CORNERS_AWAY OVER.3.5,CORNERS_AWAY:OVER_3_5,87.6%,0.876200,1.14,1.55,0.36,0.358100,0.41,1.36,,,,,,EV positivo,No encontrado en Betano,Valor,4,110.06,110.062000,,Betano no expuesto,Alta,contexto premium mixto,usa mezcla de promedios del torneo y recientes/API-Football,el volumen ofensivo puede variar por planteamiento y marcador temprano,
2026-09-08,13:45,Crystal Palace vs Middlesbrough,,,Local tarjetas -1.5,CARDS_HOME UNDER.1.5,CARDS_HOME:UNDER_1_5,85.6%,0.855600,1.17,,,,,,,,,,,Sin cuota/EV,No encontrado en Betano,Solo modelo,2,86.56,86.558000,,Betano no expuesto,Alta,contexto premium mixto,usa mezcla de promedios del torneo y recientes/API-Football,depende mucho del arbitro y del contexto competitivo,
2026-09-08,13:45,Crystal Palace vs Middlesbrough,,,Visita goles +0.5,TEAM_TOTAL_AWAY OVER.0.5,TEAM_TOTAL_AWAY:OVER_0_5,84.3%,0.842600,1.19,,,,,,,,,,,Sin cuota/EV,No encontrado en Betano,Solo modelo,4,96.26,96.261000,,Betano no expuesto,Alta,fallback ultimos partidos,usa Poisson fallback con ultimos partidos multi-competicion,un gol temprano o baja eficacia puede cambiar la lectura del mercado,
2026-09-08,13:45,Crystal Palace vs Middlesbrough,10Bet,,Goles +1.5,TOTALS OVER.1.5,TOTALS:OVER_1_5,84.2%,0.842200,1.19,1.80,0.52,0.516000,0.61,1.52,,,,,,EV positivo,No encontrado en Betano,Seguro,10,144.51,144.509000,,Betano no expuesto,Alta,fallback ultimos partidos,usa Poisson fallback con ultimos partidos multi-competicion,un gol temprano o baja eficacia puede cambiar la lectura del mercado,
2026-09-08,13:45,Crystal Palace vs Middlesbrough,,,SHOTS_TOTAL OVER.24.5,SHOTS_TOTAL OVER.24.5,SHOTS_TOTAL:OVER_24_5,83.5%,0.835500,1.20,,,,,,,,,,,Sin cuota/EV,No encontrado en Betano,Solo modelo,2,84.56,84.555000,,Betano no expuesto,Alta,contexto premium mixto,usa mezcla de promedios del torneo y recientes/API-Football,el volumen ofensivo puede variar por planteamiento y marcador temprano,
2026-09-08,13:45,Crystal Palace vs Middlesbrough,,,SHOTS_ON_TARGET_TOTAL OVER.6.5,SHOTS_ON_TARGET_TOTAL OVER.6.5,SHOTS_ON_TARGET_TOTAL:OVER_6_5,83.5%,0.835100,1.20,,,,,,,,,,,Sin cuota/EV,No encontrado en Betano,Solo modelo,2,84.50,84.505000,,Betano no expuesto,Alta,contexto premium mixto,usa mezcla de promedios del torneo y recientes/API-Football,el volumen ofensivo puede variar por planteamiento y marcador temprano,
2026-09-08,13:45,Crystal Palace vs Middlesbrough,,,Corners total -10.5,CORNERS_TOTALS UNDER.10.5,CORNERS_TOTALS:UNDER_10_5,83.2%,0.832100,1.20,,,,,,,,,,,Sin cuota/EV,No encontrado en Betano,Solo modelo,6,111.21,111.206000,,Betano no expuesto,Alta,contexto premium mixto,usa mezcla de promedios del torneo y recientes/API-Football,el volumen ofensivo puede variar por planteamiento y marcador temprano,
2026-09-08,13:45,Crystal Palace vs Middlesbrough,,,Tarjetas total -3.5,CARDS_TOTALS UNDER.3.5,CARDS_TOTALS:UNDER_3_5,82.6%,0.825800,1.21,,,,,,,,,,,Sin cuota/EV,No encontrado en Betano,Solo modelo,3,88.58,88.580000,,Betano no expuesto,Alta,contexto premium mixto,usa mezcla de promedios del torneo y recientes/API-Football,depende mucho del arbitro y del contexto competitivo,
2026-09-08,13:45,Crystal Palace vs Middlesbrough,,,Local goles -2.5,TEAM_TOTAL_HOME UNDER.2.5,TEAM_TOTAL_HOME:UNDER_2_5,81.9%,0.819400,1.22,,,,,,,,,,,Sin cuota/EV,No encontrado en Betano,Solo modelo,4,93.94,93.936000,,Betano no expuesto,Alta,fallback ultimos partidos,usa Poisson fallback con ultimos partidos multi-competicion,un gol temprano o baja eficacia puede cambiar la lectura del mercado,
2026-09-08,13:45,Crystal Palace vs Middlesbrough,,,Visita tarjetas -2.5,CARDS_AWAY UNDER.2.5,CARDS_AWAY:UNDER_2_5,80.9%,0.808800,1.24,,,,,,,,,,,Sin cuota/EV,No encontrado en Betano,Solo modelo,2,81.89,81.885000,,Betano no expuesto,Alta,contexto premium mixto,usa mezcla de promedios del torneo y recientes/API-Football,depende mucho del arbitro y del contexto competitivo,
2026-09-08,13:45,Crystal Palace vs Middlesbrough,,,Visita tarjetas +0.5,CARDS_AWAY OVER.0.5,CARDS_AWAY:OVER_0_5,77.7%,0.776900,1.29,,,,,,,,,,,Sin cuota/EV,No encontrado en Betano,Solo modelo,2,78.69,78.687000,,Betano no expuesto,Alta,contexto premium mixto,usa mezcla de promedios del torneo y recientes/API-Football,depende mucho del arbitro y del contexto competitivo,
2026-09-08,13:45,Crystal Palace vs Middlesbrough,,,DOUBLE_CHANCE 12,DOUBLE_CHANCE 12,DOUBLE_CHANCE:12,77.4%,0.774400,1.29,,,,,,,,,,,Sin cuota/EV,No encontrado en Betano,Solo modelo,9,118.44,118.443000,,Betano no expuesto,Alta,fallback ultimos partidos,usa Poisson fallback con ultimos partidos multi-competicion,riesgo propio del resultado final y variacion del modelo,
2026-09-08,13:45,Crystal Palace vs Middlesbrough,,,Local goles +0.5,TEAM_TOTAL_HOME OVER.0.5,TEAM_TOTAL_HOME:OVER_0_5,76.7%,0.767200,1.30,,,,,,,,,,,Sin cuota/EV,No encontrado en Betano,Solo modelo,4,88.72,88.717000,,Betano no expuesto,Alta,fallback ultimos partidos,usa Poisson fallback con ultimos partidos multi-competicion,un gol temprano o baja eficacia puede cambiar la lectura del mercado,
2026-09-08,13:45,Crystal Palace vs Middlesbrough,10Bet,,Visita corners +4.5,CORNERS_AWAY OVER.4.5,CORNERS_AWAY:OVER_4_5,75.7%,0.757100,1.32,2.05,0.55,0.552100,0.73,1.55,,,,,,EV positivo,No encontrado en Betano,Valor,4,101.65,101.648000,,Betano no expuesto,Alta,contexto premium mixto,usa mezcla de promedios del torneo y recientes/API-Football,el volumen ofensivo puede variar por planteamiento y marcador temprano,
2026-09-08,13:45,Crystal Palace vs Middlesbrough,10Bet,,Corners total -9.5,CORNERS_TOTALS UNDER.9.5,CORNERS_TOTALS:UNDER_9_5,73.7%,0.737100,1.36,1.80,0.33,0.326700,0.44,1.33,,,,,,EV positivo,No encontrado en Betano,Valor,6,109.59,109.586000,,Betano no expuesto,Alta,contexto premium mixto,usa mezcla de promedios del torneo y recientes/API-Football,el volumen ofensivo puede variar por planteamiento y marcador temprano,
2026-09-08,13:45,Crystal Palace vs Middlesbrough,,,SHOTS_ON_TARGET_TOTAL OVER.7.5,SHOTS_ON_TARGET_TOTAL OVER.7.5,SHOTS_ON_TARGET_TOTAL:OVER_7_5,73.1%,0.731300,1.37,,,,,,,,,,,Sin cuota/EV,No encontrado en Betano,Solo modelo,2,74.13,74.134000,,Betano no expuesto,Alta,contexto premium mixto,usa mezcla de promedios del torneo y recientes/API-Football,el volumen ofensivo puede variar por planteamiento y marcador temprano,
2026-09-08,13:45,Crystal Palace vs Middlesbrough,,,SHOTS_TOTAL OVER.26.5,SHOTS_TOTAL OVER.26.5,SHOTS_TOTAL:OVER_26_5,72.3%,0.722700,1.38,,,,,,,,,,,Sin cuota/EV,No encontrado en Betano,Solo modelo,2,73.27,73.273000,,Betano no expuesto,Alta,contexto premium mixto,usa mezcla de promedios del torneo y recientes/API-Football,el volumen ofensivo puede variar por planteamiento y marcador temprano,
2026-09-08,13:45,Crystal Palace vs Middlesbrough,,,Visita goles -2.5,TEAM_TOTAL_AWAY UNDER.2.5,TEAM_TOTAL_AWAY:UNDER_2_5,71.7%,0.717300,1.39,,,,,,,,,,,Sin cuota/EV,No encontrado en Betano,Solo modelo,4,83.73,83.734000,,Betano no expuesto,Alta,fallback ultimos partidos,usa Poisson fallback con ultimos partidos multi-competicion,un gol temprano o baja eficacia puede cambiar la lectura del mercado,
2026-09-08,13:45,Crystal Palace vs Middlesbrough,,,DOUBLE_CHANCE X2,DOUBLE_CHANCE X2,DOUBLE_CHANCE:X2,69.5%,0.694800,1.44,,,,,,,,,,,Sin cuota/EV,No encontrado en Betano,Solo modelo,9,110.48,110.477000,,Betano no expuesto,Media,fallback ultimos partidos,usa Poisson fallback con ultimos partidos multi-competicion,riesgo propio del resultado final y variacion del modelo,
2026-09-08,13:45,Crystal Palace vs Middlesbrough,10Bet,,1T -1.5,FIRST_HALF_TOTALS UNDER.1.5,FIRST_HALF_TOTALS:UNDER_1_5,68.5%,0.684800,1.46,1.22,-0.16,-0.164600,-0.24,0.84,,,,,,EV negativo,No encontrado en Betano,Evitar,5,69.52,69.515000,Cuota por debajo de la cuota justa: valor limitado,Betano no expuesto,Media,contexto premium mixto,usa mezcla de promedios del torneo y recientes/API-Football,el primer tiempo puede tener ritmo bajo o rotaciones,
2026-09-08,13:45,Crystal Palace vs Middlesbrough,10Bet,,1T +0.5,FIRST_HALF_TOTALS OVER.0.5,FIRST_HALF_TOTALS:OVER_0_5,68.0%,0.679900,1.47,2.25,0.53,0.529700,0.78,1.53,,,,,,EV positivo,No encontrado en Betano,Valor,5,102.52,102.520000,,Betano no expuesto,Media,contexto premium mixto,usa mezcla de promedios del torneo y recientes/API-Football,el primer tiempo puede tener ritmo bajo o rotaciones,
2026-09-08,13:45,Crystal Palace vs Middlesbrough,10Bet,,BTTS sí,BTTS YES,BTTS:YES,64.6%,0.646500,1.55,3.50,1.26,1.262900,1.95,2.26,,,,,,EV positivo,No encontrado en Betano,Valor,8,113.38,113.384000,Cuota API muy superior a la cuota justa: revisar manualmente antes de apostar,Betano no expuesto,Media,fallback ultimos partidos,usa Poisson fallback con ultimos partidos multi-competicion,un gol temprano o baja eficacia puede cambiar la lectura del mercado,
2026-09-08,13:45,Crystal Palace vs Middlesbrough,10Bet,,Goles +2.5,TOTALS OVER.2.5,TOTALS:OVER_2_5,64.2%,0.642000,1.56,3.45,1.22,1.215000,1.89,2.21,,,,,,EV positivo,No encontrado en Betano,Valor,8,112.07,112.072000,Cuota API muy superior a la cuota justa: revisar manualmente antes de apostar,Betano no expuesto,Media,fallback ultimos partidos,usa Poisson fallback con ultimos partidos multi-competicion,un gol temprano o baja eficacia puede cambiar la lectura del mercado,
2026-09-08,13:45,Crystal Palace vs Middlesbrough,,,Tarjetas total -2.5,CARDS_TOTALS UNDER.2.5,CARDS_TOTALS:UNDER_2_5,63.2%,0.631600,1.58,,,,,,,,,,,Sin cuota/EV,No encontrado en Betano,Solo modelo,3,69.16,69.158000,,Betano no expuesto,Media,contexto premium mixto,usa mezcla de promedios del torneo y recientes/API-Football,depende mucho del arbitro y del contexto competitivo,
2026-09-08,13:45,Crystal Palace vs Middlesbrough,,,Corners total -8.5,CORNERS_TOTALS UNDER.8.5,CORNERS_TOTALS:UNDER_8_5,61.6%,0.615800,1.62,,,,,,,,,,,Sin cuota/EV,No encontrado en Betano,Solo modelo,6,89.58,89.577000,,Betano no expuesto,Media,contexto premium mixto,usa mezcla de promedios del torneo y recientes/API-Football,el volumen ofensivo puede variar por planteamiento y marcador temprano,
2026-09-08,13:45,Crystal Palace vs Middlesbrough,,,SHOTS_ON_TARGET_TOTAL OVER.8.5,SHOTS_ON_TARGET_TOTAL OVER.8.5,SHOTS_ON_TARGET_TOTAL:OVER_8_5,60.8%,0.608200,1.64,,,,,,,,,,,Sin cuota/EV,No encontrado en Betano,Solo modelo,2,61.82,61.818000,,Betano no expuesto,Media,contexto premium mixto,usa mezcla de promedios del torneo y recientes/API-Football,el volumen ofensivo puede variar por planteamiento y marcador temprano,
2026-09-08,13:45,Crystal Palace vs Middlesbrough,,,Visita corners +5.5,CORNERS_AWAY OVER.5.5,CORNERS_AWAY:OVER_5_5,60.6%,0.606300,1.65,,,,,,,,,,,Sin cuota/EV,No encontrado en Betano,Solo modelo,4,74.63,74.630000,,Betano no expuesto,Media,contexto premium mixto,usa mezcla de promedios del torneo y recientes/API-Football,el volumen ofensivo puede variar por planteamiento y marcador temprano,
2026-09-08,13:45,Crystal Palace vs Middlesbrough,10Bet,,DNB visita,DRAW_NO_BET AWAY,DRAW_NO_BET:AWAY,60.6%,0.605900,1.65,2.75,0.67,0.666100,1.10,1.67,,,,,,EV positivo,No encontrado en Betano,Valor,9,115.58,115.577000,,Betano no expuesto,Media,fallback ultimos partidos,usa Poisson fallback con ultimos partidos multi-competicion,riesgo propio del resultado final y variacion del modelo,
2026-09-08,13:45,Crystal Palace vs Middlesbrough,10Bet,,Goles -3.5,TOTALS UNDER.3.5,TOTALS:UNDER_3_5,57.9%,0.578700,1.73,1.53,-0.11,-0.114500,-0.20,0.89,,,,,,EV negativo,No encontrado en Betano,Revisar,10,101.81,101.811000,,Betano no expuesto,Media,fallback ultimos partidos,usa Poisson fallback con ultimos partidos multi-competicion,un gol temprano o baja eficacia puede cambiar la lectura del mercado,
2026-09-08,13:45,Crystal Palace vs Middlesbrough,,,Local goles -1.5,TEAM_TOTAL_HOME UNDER.1.5,TEAM_TOTAL_HOME:UNDER_1_5,57.2%,0.572100,1.75,,,,,,,,,,,Sin cuota/EV,No encontrado en Betano,Solo modelo,4,69.21,69.206000,,Betano no expuesto,Media,fallback ultimos partidos,usa Poisson fallback con ultimos partidos multi-competicion,un gol temprano o baja eficacia puede cambiar la lectura del mercado,
2026-09-08,13:45,Crystal Palace vs Middlesbrough,,,Visita tarjetas -1.5,CARDS_AWAY UNDER.1.5,CARDS_AWAY:UNDER_1_5,55.8%,0.557800,1.79,,,,,,,,,,,Sin cuota/EV,No encontrado en Betano,Solo modelo,2,56.78,56.783000,,Betano no expuesto,Media,contexto premium mixto,usa mezcla de promedios del torneo y recientes/API-Football,depende mucho del arbitro y del contexto competitivo,
2026-09-08,13:45,Crystal Palace vs Middlesbrough,,,Visita corners -6.5,CORNERS_AWAY UNDER.6.5,CORNERS_AWAY:UNDER_6_5,55.3%,0.552900,1.81,,,,,,,,,,,Sin cuota/EV,No encontrado en Betano,Solo modelo,4,69.29,69.290000,,Betano no expuesto,Media,contexto premium mixto,usa mezcla de promedios del torneo y recientes/API-Football,el volumen ofensivo puede variar por planteamiento y marcador temprano,
2026-09-08,13:45,Crystal Palace vs Middlesbrough,,,Visita goles +1.5,TEAM_TOTAL_AWAY OVER.1.5,TEAM_TOTAL_AWAY:OVER_1_5,55.2%,0.551700,1.81,,,,,,,,,,,Sin cuota/EV,No encontrado en Betano,Solo modelo,4,67.17,67.173000,,Betano no expuesto,Media,fallback ultimos partidos,usa Poisson fallback con ultimos partidos multi-competicion,un gol temprano o baja eficacia puede cambiar la lectura del mercado,
2026-09-08,13:45,Crystal Palace vs Middlesbrough,,,DOUBLE_CHANCE 1X,DOUBLE_CHANCE 1X,DOUBLE_CHANCE:1X,53.1%,0.530800,1.88,,,,,,,,,,,Sin cuota/EV,No encontrado en Betano,Solo modelo,9,94.08,94.080000,,Betano no expuesto,Baja,fallback ultimos partidos,usa Poisson fallback con ultimos partidos multi-competicion,riesgo propio del resultado final y variacion del modelo,
2026-09-08,13:45,Crystal Palace vs Middlesbrough,,,Corners total +7.5,CORNERS_TOTALS OVER.7.5,CORNERS_TOTALS:OVER_7_5,52.4%,0.523600,1.91,,,,,,,,,,,Sin cuota/EV,No encontrado en Betano,Solo modelo,6,80.36,80.357000,,Betano no expuesto,Baja,contexto premium mixto,usa mezcla de promedios del torneo y recientes/API-Football,el volumen ofensivo puede variar por planteamiento y marcador temprano,
2026-09-08,13:45,Crystal Palace vs Middlesbrough,,,SHOTS_ON_TARGET_TOTAL UNDER.9.5,SHOTS_ON_TARGET_TOTAL UNDER.9.5,SHOTS_ON_TARGET_TOTAL:UNDER_9_5,52.2%,0.521800,1.92,,,,,,,,,,,Sin cuota/EV,No encontrado en Betano,Solo modelo,2,53.18,53.183000,,Betano no expuesto,Baja,contexto premium mixto,usa mezcla de promedios del torneo y recientes/API-Football,el volumen ofensivo puede variar por planteamiento y marcador temprano,
2026-09-08,13:45,Crystal Palace vs Middlesbrough,,,Local tarjetas -0.5,CARDS_HOME UNDER.0.5,CARDS_HOME:UNDER_0_5,51.3%,0.513200,1.95,,,,,,,,,,,Sin cuota/EV,No encontrado en Betano,Solo modelo,2,52.33,52.325000,,Betano no expuesto,Baja,contexto premium mixto,usa mezcla de promedios del torneo y recientes/API-Football,depende mucho del arbitro y del contexto competitivo,
2026-09-08,13:45,Crystal Palace vs Middlesbrough,,,Local tarjetas +0.5,CARDS_HOME OVER.0.5,CARDS_HOME:OVER_0_5,48.7%,0.486800,2.05,,,,,,,,,,,Sin cuota/EV,No encontrado en Betano,Solo modelo,2,49.67,49.675000,,Betano no expuesto,Baja,contexto premium mixto,usa mezcla de promedios del torneo y recientes/API-Football,depende mucho del arbitro y del contexto competitivo,
2026-09-08,13:45,Crystal Palace vs Middlesbrough,,,SHOTS_ON_TARGET_TOTAL OVER.9.5,SHOTS_ON_TARGET_TOTAL OVER.9.5,SHOTS_ON_TARGET_TOTAL:OVER_9_5,47.8%,0.478200,2.09,,,,,,,,,,,Sin cuota/EV,No encontrado en Betano,Solo modelo,2,48.82,48.817000,,Betano no expuesto,Baja,contexto premium mixto,usa mezcla de promedios del torneo y recientes/API-Football,el volumen ofensivo puede variar por planteamiento y marcador temprano,
2026-09-08,13:45,Crystal Palace vs Middlesbrough,,,Corners total -7.5,CORNERS_TOTALS UNDER.7.5,CORNERS_TOTALS:UNDER_7_5,47.6%,0.476400,2.10,,,,,,,,,,,Sin cuota/EV,No encontrado en Betano,Solo modelo,6,75.64,75.643000,,Betano no expuesto,Baja,contexto premium mixto,usa mezcla de promedios del torneo y recientes/API-Football,el volumen ofensivo puede variar por planteamiento y marcador temprano,
2026-09-08,13:45,Crystal Palace vs Middlesbrough,10Bet,,Gana visita,1X2 AWAY,1X2:AWAY,46.9%,0.469200,2.13,5.25,1.46,1.463300,3.12,2.46,,,,,,EV positivo,No encontrado en Betano,Revisar,7,89.92,89.920000,Cuota API muy superior a la cuota justa: revisar manualmente antes de apostar,Betano no expuesto,Baja,fallback ultimos partidos,usa Poisson fallback con ultimos partidos multi-competicion,riesgo propio del resultado final y variacion del modelo,
2026-09-08,13:45,Crystal Palace vs Middlesbrough,,,Visita goles -1.5,TEAM_TOTAL_AWAY UNDER.1.5,TEAM_TOTAL_AWAY:UNDER_1_5,44.8%,0.448300,2.23,,,,,,,,,,,Sin cuota/EV,No encontrado en Betano,Solo modelo,4,56.83,56.827000,,Betano no expuesto,Baja,fallback ultimos partidos,usa Poisson fallback con ultimos partidos multi-competicion,un gol temprano o baja eficacia puede cambiar la lectura del mercado,
2026-09-08,13:45,Crystal Palace vs Middlesbrough,,,Visita corners +6.5,CORNERS_AWAY OVER.6.5,CORNERS_AWAY:OVER_6_5,44.7%,0.447100,2.24,,,,,,,,,,,Sin cuota/EV,No encontrado en Betano,Solo modelo,4,58.71,58.710000,,Betano no expuesto,Baja,contexto premium mixto,usa mezcla de promedios del torneo y recientes/API-Football,el volumen ofensivo puede variar por planteamiento y marcador temprano,
2026-09-08,13:45,Crystal Palace vs Middlesbrough,,,Visita tarjetas +1.5,CARDS_AWAY OVER.1.5,CARDS_AWAY:OVER_1_5,44.2%,0.442200,2.26,,,,,,,,,,,Sin cuota/EV,No encontrado en Betano,Solo modelo,2,45.22,45.217000,,Betano no expuesto,Baja,contexto premium mixto,usa mezcla de promedios del torneo y recientes/API-Football,depende mucho del arbitro y del contexto competitivo,
2026-09-08,13:45,Crystal Palace vs Middlesbrough,,,Local goles +1.5,TEAM_TOTAL_HOME OVER.1.5,TEAM_TOTAL_HOME:OVER_1_5,42.8%,0.427900,2.34,,,,,,,,,,,Sin cuota/EV,No encontrado en Betano,Solo modelo,4,54.79,54.794000,,Betano no expuesto,Baja,fallback ultimos partidos,usa Poisson fallback con ultimos partidos multi-competicion,un gol temprano o baja eficacia puede cambiar la lectura del mercado,
2026-09-08,13:45,Crystal Palace vs Middlesbrough,10Bet,,Goles +3.5,TOTALS OVER.3.5,TOTALS:OVER_3_5,42.1%,0.421300,2.37,2.45,0.03,0.032100,0.08,1.03,,,,,,EV positivo,No encontrado en Betano,Revisar,1,43.70,43.705000,,Betano no expuesto,Baja,fallback ultimos partidos,usa Poisson fallback con ultimos partidos multi-competicion,un gol temprano o baja eficacia puede cambiar la lectura del mercado,
2026-09-08,13:45,Crystal Palace vs Middlesbrough,10Bet,,DNB local,DRAW_NO_BET HOME,DRAW_NO_BET:HOME,39.4%,0.394100,2.54,1.40,-0.45,-0.448200,-1.14,0.55,,,,,,EV negativo,No encontrado en Betano,Revisar,9,68.34,68.345000,Cuota por debajo de la cuota justa: valor limitado,Betano no expuesto,Baja,fallback ultimos partidos,usa Poisson fallback con ultimos partidos multi-competicion,riesgo propio del resultado final y variacion del modelo,
2026-09-08,13:45,Crystal Palace vs Middlesbrough,,,Visita corners -5.5,CORNERS_AWAY UNDER.5.5,CORNERS_AWAY:UNDER_5_5,39.4%,0.393700,2.54,,,,,,,,,,,Sin cuota/EV,No encontrado en Betano,Solo modelo,4,53.37,53.370000,,Betano no expuesto,Baja,contexto premium mixto,usa mezcla de promedios del torneo y recientes/API-Football,el volumen ofensivo puede variar por planteamiento y marcador temprano,
2026-09-08,13:45,Crystal Palace vs Middlesbrough,,,SHOTS_ON_TARGET_TOTAL UNDER.8.5,SHOTS_ON_TARGET_TOTAL UNDER.8.5,SHOTS_ON_TARGET_TOTAL:UNDER_8_5,39.2%,0.391800,2.55,,,,,,,,,,,Sin cuota/EV,No encontrado en Betano,Solo modelo,2,40.18,40.182000,,Betano no expuesto,Baja,contexto premium mixto,usa mezcla de promedios del torneo y recientes/API-Football,el volumen ofensivo puede variar por planteamiento y marcador temprano,
2026-09-08,13:45,Crystal Palace vs Middlesbrough,,,Corners total +8.5,CORNERS_TOTALS OVER.8.5,CORNERS_TOTALS:OVER_8_5,38.4%,0.384200,2.60,,,,,,,,,,,Sin cuota/EV,No encontrado en Betano,Solo modelo,6,66.42,66.423000,,Betano no expuesto,Baja,contexto premium mixto,usa mezcla de promedios del torneo y recientes/API-Football,el volumen ofensivo puede variar por planteamiento y marcador temprano,
2026-09-08,13:45,Crystal Palace vs Middlesbrough,,,Tarjetas total +2.5,CARDS_TOTALS OVER.2.5,CARDS_TOTALS:OVER_2_5,36.8%,0.368400,2.71,,,,,,,,,,,Sin cuota/EV,No encontrado en Betano,Solo modelo,3,42.84,42.842000,,Betano no expuesto,Baja,contexto premium mixto,usa mezcla de promedios del torneo y recientes/API-Football,depende mucho del arbitro y del contexto competitivo,
2026-09-08,13:45,Crystal Palace vs Middlesbrough,10Bet,,Goles -2.5,TOTALS UNDER.2.5,TOTALS:UNDER_2_5,35.8%,0.358000,2.79,1.25,-0.55,-0.552500,-1.54,0.45,,,,,,EV negativo,No encontrado en Betano,Revisar,8,57.85,57.852000,Cuota por debajo de la cuota justa: valor limitado,Betano no expuesto,Baja,fallback ultimos partidos,usa Poisson fallback con ultimos partidos multi-competicion,un gol temprano o baja eficacia puede cambiar la lectura del mercado,
2026-09-08,13:45,Crystal Palace vs Middlesbrough,10Bet,,BTTS no,BTTS NO,BTTS:NO,35.4%,0.353500,2.83,1.25,-0.56,-0.558200,-1.58,0.44,,,,,,EV negativo,No encontrado en Betano,Revisar,8,57.30,57.300000,Cuota por debajo de la cuota justa: valor limitado,Betano no expuesto,Baja,fallback ultimos partidos,usa Poisson fallback con ultimos partidos multi-competicion,un gol temprano o baja eficacia puede cambiar la lectura del mercado,
2026-09-08,13:45,Crystal Palace vs Middlesbrough,10Bet,,1T -0.5,FIRST_HALF_TOTALS UNDER.0.5,FIRST_HALF_TOTALS:UNDER_0_5,32.0%,0.320100,3.12,1.57,-0.50,-0.497400,-1.55,0.50,,,,,,EV negativo,No encontrado en Betano,Evitar,5,27.06,27.061000,Cuota por debajo de la cuota justa: valor limitado,Betano no expuesto,Baja,contexto premium mixto,usa mezcla de promedios del torneo y recientes/API-Football,el primer tiempo puede tener ritmo bajo o rotaciones,
2026-09-08,13:45,Crystal Palace vs Middlesbrough,10Bet,,1T +1.5,FIRST_HALF_TOTALS OVER.1.5,FIRST_HALF_TOTALS:OVER_1_5,31.5%,0.315200,3.17,3.75,0.18,0.182100,0.58,1.18,,,,,,EV positivo,No encontrado en Betano,Equilibrado,5,57.80,57.800000,,Betano no expuesto,Baja,contexto premium mixto,usa mezcla de promedios del torneo y recientes/API-Football,el primer tiempo puede tener ritmo bajo o rotaciones,
2026-09-08,13:45,Crystal Palace vs Middlesbrough,10Bet,,Gana local,1X2 HOME,1X2:HOME,30.5%,0.305200,3.28,2.75,-0.16,-0.160600,-0.53,0.84,,,,,,EV negativo,No encontrado en Betano,Revisar,7,54.63,54.632000,Cuota por debajo de la cuota justa: valor limitado,Betano no expuesto,Baja,fallback ultimos partidos,usa Poisson fallback con ultimos partidos multi-competicion,riesgo propio del resultado final y variacion del modelo,
2026-09-08,13:45,Crystal Palace vs Middlesbrough,,,Visita goles +2.5,TEAM_TOTAL_AWAY OVER.2.5,TEAM_TOTAL_AWAY:OVER_2_5,28.3%,0.282700,3.54,,,,,,,,,,,Sin cuota/EV,No encontrado en Betano,Solo modelo,4,40.27,40.266000,,Betano no expuesto,Baja,fallback ultimos partidos,usa Poisson fallback con ultimos partidos multi-competicion,un gol temprano o baja eficacia puede cambiar la lectura del mercado,
2026-09-08,13:45,Crystal Palace vs Middlesbrough,,,SHOTS_TOTAL UNDER.26.5,SHOTS_TOTAL UNDER.26.5,SHOTS_TOTAL:UNDER_26_5,27.7%,0.277300,3.61,,,,,,,,,,,Sin cuota/EV,No encontrado en Betano,Solo modelo,2,28.73,28.727000,,Betano no expuesto,Baja,contexto premium mixto,usa mezcla de promedios del torneo y recientes/API-Football,el volumen ofensivo puede variar por planteamiento y marcador temprano,
2026-09-08,13:45,Crystal Palace vs Middlesbrough,,,SHOTS_ON_TARGET_TOTAL UNDER.7.5,SHOTS_ON_TARGET_TOTAL UNDER.7.5,SHOTS_ON_TARGET_TOTAL:UNDER_7_5,26.9%,0.268700,3.72,,,,,,,,,,,Sin cuota/EV,No encontrado en Betano,Solo modelo,2,27.87,27.866000,,Betano no expuesto,Baja,contexto premium mixto,usa mezcla de promedios del torneo y recientes/API-Football,el volumen ofensivo puede variar por planteamiento y marcador temprano,
2026-09-08,13:45,Crystal Palace vs Middlesbrough,10Bet,,Corners total +9.5,CORNERS_TOTALS OVER.9.5,CORNERS_TOTALS:OVER_9_5,26.3%,0.262900,3.80,1.91,-0.50,-0.497800,-1.89,0.50,,,,,,EV negativo,No encontrado en Betano,Evitar,6,26.33,26.334000,Cuota por debajo de la cuota justa: valor limitado,Betano no expuesto,Baja,contexto premium mixto,usa mezcla de promedios del torneo y recientes/API-Football,el volumen ofensivo puede variar por planteamiento y marcador temprano,
2026-09-08,13:45,Crystal Palace vs Middlesbrough,10Bet,,Visita corners -4.5,CORNERS_AWAY UNDER.4.5,CORNERS_AWAY:UNDER_4_5,24.3%,0.242900,4.12,1.57,-0.62,-0.618700,-2.55,0.38,,,,,,EV negativo,No encontrado en Betano,Evitar,4,8.15,8.153000,Cuota por debajo de la cuota justa: valor limitado,Betano no expuesto,Baja,contexto premium mixto,usa mezcla de promedios del torneo y recientes/API-Football,el volumen ofensivo puede variar por planteamiento y marcador temprano,
2026-09-08,13:45,Crystal Palace vs Middlesbrough,,,Local goles -0.5,TEAM_TOTAL_HOME UNDER.0.5,TEAM_TOTAL_HOME:UNDER_0_5,23.3%,0.232800,4.29,,,,,,,,,,,Sin cuota/EV,No encontrado en Betano,Solo modelo,4,35.28,35.283000,,Betano no expuesto,Baja,fallback ultimos partidos,usa Poisson fallback con ultimos partidos multi-competicion,un gol temprano o baja eficacia puede cambiar la lectura del mercado,
2026-09-08,13:45,Crystal Palace vs Middlesbrough,10Bet,,Empate,1X2 DRAW,1X2:DRAW,22.6%,0.225600,4.43,1.90,-0.57,-0.571400,-2.53,0.43,,,,,,EV negativo,No encontrado en Betano,Revisar,7,39.27,39.271000,Cuota por debajo de la cuota justa: valor limitado,Betano no expuesto,Baja,fallback ultimos partidos,usa Poisson fallback con ultimos partidos multi-competicion,riesgo propio del resultado final y variacion del modelo,
2026-09-08,13:45,Crystal Palace vs Middlesbrough,,,Visita tarjetas -0.5,CARDS_AWAY UNDER.0.5,CARDS_AWAY:UNDER_0_5,22.3%,0.223100,4.48,,,,,,,,,,,Sin cuota/EV,No encontrado en Betano,Solo modelo,2,23.31,23.313000,,Betano no expuesto,Baja,contexto premium mixto,usa mezcla de promedios del torneo y recientes/API-Football,depende mucho del arbitro y del contexto competitivo,
2026-09-08,13:45,Crystal Palace vs Middlesbrough,,,Visita tarjetas +2.5,CARDS_AWAY OVER.2.5,CARDS_AWAY:OVER_2_5,19.1%,0.191200,5.23,,,,,,,,,,,Sin cuota/EV,No encontrado en Betano,Solo modelo,2,20.11,20.115000,,Betano no expuesto,Baja,contexto premium mixto,usa mezcla de promedios del torneo y recientes/API-Football,depende mucho del arbitro y del contexto competitivo,
2026-09-08,13:45,Crystal Palace vs Middlesbrough,,,Local goles +2.5,TEAM_TOTAL_HOME OVER.2.5,TEAM_TOTAL_HOME:OVER_2_5,18.1%,0.180600,5.54,,,,,,,,,,,Sin cuota/EV,No encontrado en Betano,Solo modelo,4,30.06,30.064000,,Betano no expuesto,Baja,fallback ultimos partidos,usa Poisson fallback con ultimos partidos multi-competicion,un gol temprano o baja eficacia puede cambiar la lectura del mercado,
2026-09-08,13:45,Crystal Palace vs Middlesbrough,,,Tarjetas total +3.5,CARDS_TOTALS OVER.3.5,CARDS_TOTALS:OVER_3_5,17.4%,0.174200,5.74,,,,,,,,,,,Sin cuota/EV,No encontrado en Betano,Solo modelo,3,23.42,23.420000,,Betano no expuesto,Baja,contexto premium mixto,usa mezcla de promedios del torneo y recientes/API-Football,depende mucho del arbitro y del contexto competitivo,
2026-09-08,13:45,Crystal Palace vs Middlesbrough,,,Corners total +10.5,CORNERS_TOTALS OVER.10.5,CORNERS_TOTALS:OVER_10_5,16.8%,0.167900,5.96,,,,,,,,,,,Sin cuota/EV,No encontrado en Betano,Solo modelo,6,44.79,44.794000,,Betano no expuesto,Baja,contexto premium mixto,usa mezcla de promedios del torneo y recientes/API-Football,el volumen ofensivo puede variar por planteamiento y marcador temprano,
2026-09-08,13:45,Crystal Palace vs Middlesbrough,,,SHOTS_ON_TARGET_TOTAL UNDER.6.5,SHOTS_ON_TARGET_TOTAL UNDER.6.5,SHOTS_ON_TARGET_TOTAL:UNDER_6_5,16.5%,0.164900,6.06,,,,,,,,,,,Sin cuota/EV,No encontrado en Betano,Solo modelo,2,17.50,17.495000,,Betano no expuesto,Baja,contexto premium mixto,usa mezcla de promedios del torneo y recientes/API-Football,el volumen ofensivo puede variar por planteamiento y marcador temprano,
2026-09-08,13:45,Crystal Palace vs Middlesbrough,,,SHOTS_TOTAL UNDER.24.5,SHOTS_TOTAL UNDER.24.5,SHOTS_TOTAL:UNDER_24_5,16.4%,0.164500,6.08,,,,,,,,,,,Sin cuota/EV,No encontrado en Betano,Solo modelo,2,17.45,17.445000,,Betano no expuesto,Baja,contexto premium mixto,usa mezcla de promedios del torneo y recientes/API-Football,el volumen ofensivo puede variar por planteamiento y marcador temprano,
2026-09-08,13:45,Crystal Palace vs Middlesbrough,10Bet,,Goles -1.5,TOTALS UNDER.1.5,TOTALS:UNDER_1_5,15.8%,0.157800,6.34,1.91,-0.70,-0.698600,-4.43,0.30,,,,,,EV negativo,No encontrado en Betano,Revisar,1,0.78,0.778000,Cuota por debajo de la cuota justa: valor limitado,Betano no expuesto,Baja,fallback ultimos partidos,usa Poisson fallback con ultimos partidos multi-competicion,un gol temprano o baja eficacia puede cambiar la lectura del mercado,
2026-09-08,13:45,Crystal Palace vs Middlesbrough,,,Visita goles -0.5,TEAM_TOTAL_AWAY UNDER.0.5,TEAM_TOTAL_AWAY:UNDER_0_5,15.7%,0.157400,6.35,,,,,,,,,,,Sin cuota/EV,No encontrado en Betano,Solo modelo,4,27.74,27.739000,,Betano no expuesto,Baja,fallback ultimos partidos,usa Poisson fallback con ultimos partidos multi-competicion,un gol temprano o baja eficacia puede cambiar la lectura del mercado,
2026-09-08,13:45,Crystal Palace vs Middlesbrough,,,Local tarjetas +1.5,CARDS_HOME OVER.1.5,CARDS_HOME:OVER_1_5,14.4%,0.144400,6.92,,,,,,,,,,,Sin cuota/EV,No encontrado en Betano,Solo modelo,2,15.44,15.442000,,Betano no expuesto,Baja,contexto premium mixto,usa mezcla de promedios del torneo y recientes/API-Football,depende mucho del arbitro y del contexto competitivo,
2026-09-08,13:45,Crystal Palace vs Middlesbrough,10Bet,,Visita corners -3.5,CORNERS_AWAY UNDER.3.5,CORNERS_AWAY:UNDER_3_5,12.4%,0.123800,8.07,2.10,-0.74,-0.740000,-5.98,0.26,,,,,,EV negativo,No encontrado en Betano,Evitar,4,-4.62,-4.617000,Cuota por debajo de la cuota justa: valor limitado,Betano no expuesto,Baja,contexto premium mixto,usa mezcla de promedios del torneo y recientes/API-Football,el volumen ofensivo puede variar por planteamiento y marcador temprano,
2026-09-08,13:45,Crystal Palace vs Middlesbrough,,,Corners total +11.5,CORNERS_TOTALS OVER.11.5,CORNERS_TOTALS:OVER_11_5,10.0%,0.100300,9.97,,,,,,,,,,,Sin cuota/EV,No encontrado en Betano,Solo modelo,6,38.03,38.028000,,Betano no expuesto,Baja,contexto premium mixto,usa mezcla de promedios del torneo y recientes/API-Football,el volumen ofensivo puede variar por planteamiento y marcador temprano,
2026-09-08,13:45,Crystal Palace vs Middlesbrough,,,SHOTS_TOTAL UNDER.22.5,SHOTS_TOTAL UNDER.22.5,SHOTS_TOTAL:UNDER_22_5,8.5%,0.085000,11.76,,,,,,,,,,,Sin cuota/EV,No encontrado en Betano,Solo modelo,2,9.50,9.502000,,Betano no expuesto,Baja,contexto premium mixto,usa mezcla de promedios del torneo y recientes/API-Football,el volumen ofensivo puede variar por planteamiento y marcador temprano,
2026-09-08,13:45,Crystal Palace vs Middlesbrough,,,Tarjetas total +4.5,CARDS_TOTALS OVER.4.5,CARDS_TOTALS:OVER_4_5,6.9%,0.069000,14.50,,,,,,,,,,,Sin cuota/EV,No encontrado en Betano,Solo modelo,3,12.90,12.898000,,Betano no expuesto,Baja,contexto premium mixto,usa mezcla de promedios del torneo y recientes/API-Football,depende mucho del arbitro y del contexto competitivo,
2026-09-08,13:45,Crystal Palace vs Middlesbrough,,,Local corners +3.5,CORNERS_HOME OVER.3.5,CORNERS_HOME:OVER_3_5,6.6%,0.065600,15.23,,,,,,,,,,,Sin cuota/EV,No encontrado en Betano,Solo modelo,4,20.56,20.564000,,Betano no expuesto,Baja,contexto premium mixto,usa mezcla de promedios del torneo y recientes/API-Football,el volumen ofensivo puede variar por planteamiento y marcador temprano,
2026-09-08,13:45,Crystal Palace vs Middlesbrough,,,Visita tarjetas +3.5,CARDS_AWAY OVER.3.5,CARDS_AWAY:OVER_3_5,6.6%,0.065600,15.23,,,,,,,,,,,Sin cuota/EV,No encontrado en Betano,Solo modelo,2,7.56,7.564000,,Betano no expuesto,Baja,contexto premium mixto,usa mezcla de promedios del torneo y recientes/API-Football,depende mucho del arbitro y del contexto competitivo,
2026-09-08,13:45,Crystal Palace vs Middlesbrough,,,SHOTS_TOTAL UNDER.20.5,SHOTS_TOTAL UNDER.20.5,SHOTS_TOTAL:UNDER_20_5,3.8%,0.037600,26.61,,,,,,,,,,,Sin cuota/EV,No encontrado en Betano,Solo modelo,2,4.76,4.758000,,Betano no expuesto,Baja,contexto premium mixto,usa mezcla de promedios del torneo y recientes/API-Football,el volumen ofensivo puede variar por planteamiento y marcador temprano,
2026-09-08,13:45,Crystal Palace vs Middlesbrough,,,Local tarjetas +2.5,CARDS_HOME OVER.2.5,CARDS_HOME:OVER_2_5,3.0%,0.030300,33.06,,,,,,,,,,,Sin cuota/EV,No encontrado en Betano,Solo modelo,2,4.03,4.025000,,Betano no expuesto,Baja,contexto premium mixto,usa mezcla de promedios del torneo y recientes/API-Football,depende mucho del arbitro y del contexto competitivo,
2026-09-08,13:45,Crystal Palace vs Middlesbrough,,,Tarjetas total +5.5,CARDS_TOTALS OVER.5.5,CARDS_TOTALS:OVER_5_5,2.3%,0.023400,42.79,,,,,,,,,,,Sin cuota/EV,No encontrado en Betano,Solo modelo,3,8.34,8.337000,,Betano no expuesto,Baja,contexto premium mixto,usa mezcla de promedios del torneo y recientes/API-Football,depende mucho del arbitro y del contexto competitivo,
2026-09-08,13:45,Crystal Palace vs Middlesbrough,,,Local corners +4.5,CORNERS_HOME OVER.4.5,CORNERS_HOME:OVER_4_5,1.9%,0.018600,53.83,,,,,,,,,,,Sin cuota/EV,No encontrado en Betano,Solo modelo,4,15.86,15.858000,,Betano no expuesto,Baja,contexto premium mixto,usa mezcla de promedios del torneo y recientes/API-Football,el volumen ofensivo puede variar por planteamiento y marcador temprano,
2026-09-08,13:45,Crystal Palace vs Middlesbrough,,,SHOTS_TOTAL UNDER.18.5,SHOTS_TOTAL UNDER.18.5,SHOTS_TOTAL:UNDER_18_5,1.4%,0.013900,71.90,,,,,,,,,,,Sin cuota/EV,No encontrado en Betano,Solo modelo,2,2.39,2.391000,,Betano no expuesto,Baja,contexto premium mixto,usa mezcla de promedios del torneo y recientes/API-Football,el volumen ofensivo puede variar por planteamiento y marcador temprano,
2026-09-08,13:45,Crystal Palace vs Middlesbrough,,,Tarjetas total +6.5,CARDS_TOTALS OVER.6.5,CARDS_TOTALS:OVER_6_5,0.7%,0.006900,144.89,,,,,,,,,,,Sin cuota/EV,No encontrado en Betano,Solo modelo,3,6.69,6.690000,,Betano no expuesto,Baja,contexto premium mixto,usa mezcla de promedios del torneo y recientes/API-Football,depende mucho del arbitro y del contexto competitivo,
2026-09-08,13:45,Crystal Palace vs Middlesbrough,,,Local tarjetas +3.5,CARDS_HOME OVER.3.5,CARDS_HOME:OVER_3_5,0.5%,0.004900,205.48,,,,,,,,,,,Sin cuota/EV,No encontrado en Betano,Solo modelo,2,1.49,1.487000,,Betano no expuesto,Baja,contexto premium mixto,usa mezcla de promedios del torneo y recientes/API-Football,depende mucho del arbitro y del contexto competitivo,
2026-09-08,13:45,Crystal Palace vs Middlesbrough,10Bet,,Local corners +5.5,CORNERS_HOME OVER.5.5,CORNERS_HOME:OVER_5_5,0.4%,0.004500,224.42,2.00,-0.99,-0.991100,-222.42,0.01,,,,,,EV negativo,No encontrado en Betano,Evitar,4,-16.55,-16.554000,Cuota por debajo de la cuota justa: valor limitado,Betano no expuesto,Baja,contexto premium mixto,usa mezcla de promedios del torneo y recientes/API-Football,el volumen ofensivo puede variar por planteamiento y marcador temprano,
2026-09-08,13:45,Crystal Palace vs Middlesbrough,,,Local corners +6.5,CORNERS_HOME OVER.6.5,CORNERS_HOME:OVER_6_5,0.1%,0.000900,1079.92,,,,,,,,,,,Sin cuota/EV,No encontrado en Betano,Solo modelo,4,14.09,14.093000,,Betano no expuesto,Baja,contexto premium mixto,usa mezcla de promedios del torneo y recientes/API-Football,el volumen ofensivo puede variar por planteamiento y marcador temprano,
2026-09-08,13:45,Leyton Orient vs Bradford,,,Tarjetas total -6.5,CARDS_TOTALS UNDER.6.5,CARDS_TOTALS:UNDER_6_5,99.6%,0.995500,1.00,,,,,,,,,,,Sin cuota/EV,No encontrado en Betano,Solo modelo,3,107.55,107.547000,,Betano no expuesto,Alta,contexto premium torneo actual,usa promedios del contexto premium/API-Football,depende mucho del arbitro y del contexto competitivo,
2026-09-08,13:45,Leyton Orient vs Bradford,,,SHOTS_TOTAL OVER.18.5,SHOTS_TOTAL OVER.18.5,SHOTS_TOTAL:OVER_18_5,99.0%,0.989600,1.01,,,,,,,,,,,Sin cuota/EV,No encontrado en Betano,Solo modelo,2,101.96,101.963000,,Betano no expuesto,Alta,contexto premium torneo actual,usa promedios del contexto premium/API-Football,el volumen ofensivo puede variar por planteamiento y marcador temprano,
2026-09-08,13:45,Leyton Orient vs Bradford,,,Tarjetas total -5.5,CARDS_TOTALS UNDER.5.5,CARDS_TOTALS:UNDER_5_5,98.3%,0.983400,1.02,,,,,,,,,,,Sin cuota/EV,No encontrado en Betano,Solo modelo,3,106.34,106.344000,,Betano no expuesto,Alta,contexto premium torneo actual,usa promedios del contexto premium/API-Football,depende mucho del arbitro y del contexto competitivo,
2026-09-08,13:45,Leyton Orient vs Bradford,,,Local tarjetas -3.5,CARDS_HOME UNDER.3.5,CARDS_HOME:UNDER_3_5,98.1%,0.981000,1.02,,,,,,,,,,,Sin cuota/EV,No encontrado en Betano,Solo modelo,2,101.10,101.101000,,Betano no expuesto,Alta,contexto premium torneo actual,usa promedios del contexto premium/API-Football,depende mucho del arbitro y del contexto competitivo,
2026-09-08,13:45,Leyton Orient vs Bradford,,,Visita tarjetas -3.5,CARDS_AWAY UNDER.3.5,CARDS_AWAY:UNDER_3_5,98.1%,0.981000,1.02,,,,,,,,,,,Sin cuota/EV,No encontrado en Betano,Solo modelo,2,101.10,101.101000,,Betano no expuesto,Alta,contexto premium torneo actual,usa promedios del contexto premium/API-Football,depende mucho del arbitro y del contexto competitivo,
2026-09-08,13:45,Leyton Orient vs Bradford,10Bet,,1T -1.5,FIRST_HALF_TOTALS UNDER.1.5,FIRST_HALF_TOTALS:UNDER_1_5,97.4%,0.973500,1.03,1.11,0.08,0.080600,0.08,1.08,,,,,,EV positivo,No encontrado en Betano,Valor,5,125.80,125.801000,,Betano no expuesto,Alta,contexto premium torneo actual,usa promedios del contexto premium/API-Football,el primer tiempo puede tener ritmo bajo o rotaciones,
2026-09-08,13:45,Leyton Orient vs Bradford,,,SHOTS_TOTAL OVER.20.5,SHOTS_TOTAL OVER.20.5,SHOTS_TOTAL:OVER_20_5,97.1%,0.970900,1.03,,,,,,,,,,,Sin cuota/EV,No encontrado en Betano,Solo modelo,2,100.09,100.089000,,Betano no expuesto,Alta,contexto premium torneo actual,usa promedios del contexto premium/API-Football,el volumen ofensivo puede variar por planteamiento y marcador temprano,
2026-09-08,13:45,Leyton Orient vs Bradford,,,Visita goles -2.5,TEAM_TOTAL_AWAY UNDER.2.5,TEAM_TOTAL_AWAY:UNDER_2_5,96.0%,0.959500,1.04,,,,,,,,,,,Sin cuota/EV,No encontrado en Betano,Solo modelo,4,111.95,111.949000,,Betano no expuesto,Alta,torneo actual,usa Poisson base con estadisticas de goles del torneo,un gol temprano o baja eficacia puede cambiar la lectura del mercado,
2026-09-08,13:45,Leyton Orient vs Bradford,,,Local goles -2.5,TEAM_TOTAL_HOME UNDER.2.5,TEAM_TOTAL_HOME:UNDER_2_5,95.1%,0.951100,1.05,,,,,,,,,,,Sin cuota/EV,No encontrado en Betano,Solo modelo,4,111.11,111.113000,,Betano no expuesto,Alta,torneo actual,usa Poisson base con estadisticas de goles del torneo,un gol temprano o baja eficacia puede cambiar la lectura del mercado,
2026-09-08,13:45,Leyton Orient vs Bradford,,,Local corners +3.5,CORNERS_HOME OVER.3.5,CORNERS_HOME:OVER_3_5,95.0%,0.949900,1.05,,,,,,,,,,,Sin cuota/EV,No encontrado en Betano,Solo modelo,4,110.99,110.988000,,Betano no expuesto,Alta,contexto premium torneo actual,usa promedios del contexto premium/API-Football,el volumen ofensivo puede variar por planteamiento y marcador temprano,
2026-09-08,13:45,Leyton Orient vs Bradford,,,Tarjetas total -4.5,CARDS_TOTALS UNDER.4.5,CARDS_TOTALS:UNDER_4_5,94.7%,0.947300,1.06,,,,,,,,,,,Sin cuota/EV,No encontrado en Betano,Solo modelo,3,102.73,102.735000,,Betano no expuesto,Alta,contexto premium torneo actual,usa promedios del contexto premium/API-Football,depende mucho del arbitro y del contexto competitivo,
2026-09-08,13:45,Leyton Orient vs Bradford,,,SHOTS_TOTAL OVER.22.5,SHOTS_TOTAL OVER.22.5,SHOTS_TOTAL:OVER_22_5,93.2%,0.931600,1.07,,,,,,,,,,,Sin cuota/EV,No encontrado en Betano,Solo modelo,2,96.17,96.165000,,Betano no expuesto,Alta,contexto premium torneo actual,usa promedios del contexto premium/API-Football,el volumen ofensivo puede variar por planteamiento y marcador temprano,
2026-09-08,13:45,Leyton Orient vs Bradford,,,Corners total +7.5,CORNERS_TOTALS OVER.7.5,CORNERS_TOTALS:OVER_7_5,93.0%,0.930200,1.07,,,,,,,,,,,Sin cuota/EV,No encontrado en Betano,Solo modelo,6,123.02,123.017000,,Betano no expuesto,Alta,contexto premium torneo actual,usa promedios del contexto premium/API-Football,el volumen ofensivo puede variar por planteamiento y marcador temprano,
2026-09-08,13:45,Leyton Orient vs Bradford,10Bet,,Goles -3.5,TOTALS UNDER.3.5,TOTALS:UNDER_3_5,92.7%,0.926600,1.08,1.30,0.20,0.204600,0.22,1.20,,,,,,EV positivo,No encontrado en Betano,Seguro,10,151.34,151.343000,,Betano no expuesto,Alta,torneo actual,usa Poisson base con estadisticas de goles del torneo,un gol temprano o baja eficacia puede cambiar la lectura del mercado,
2026-09-08,13:45,Leyton Orient vs Bradford,,,Local tarjetas -2.5,CARDS_HOME UNDER.2.5,CARDS_HOME:UNDER_2_5,92.0%,0.919700,1.09,,,,,,,,,,,Sin cuota/EV,No encontrado en Betano,Solo modelo,2,94.97,94.970000,,Betano no expuesto,Alta,contexto premium torneo actual,usa promedios del contexto premium/API-Football,depende mucho del arbitro y del contexto competitivo,
2026-09-08,13:45,Leyton Orient vs Bradford,,,Visita tarjetas -2.5,CARDS_AWAY UNDER.2.5,CARDS_AWAY:UNDER_2_5,92.0%,0.919700,1.09,,,,,,,,,,,Sin cuota/EV,No encontrado en Betano,Solo modelo,2,94.97,94.970000,,Betano no expuesto,Alta,contexto premium torneo actual,usa promedios del contexto premium/API-Football,depende mucho del arbitro y del contexto competitivo,
2026-09-08,13:45,Leyton Orient vs Bradford,10Bet,,Local corners +4.5,CORNERS_HOME OVER.4.5,CORNERS_HOME:OVER_4_5,88.5%,0.885100,1.13,1.80,0.59,0.593200,0.67,1.59,,,,,,EV positivo,No encontrado en Betano,Valor,4,117.19,117.191000,,Betano no expuesto,Alta,contexto premium torneo actual,usa promedios del contexto premium/API-Football,el volumen ofensivo puede variar por planteamiento y marcador temprano,
2026-09-08,13:45,Leyton Orient vs Bradford,,,Corners total +8.5,CORNERS_TOTALS OVER.8.5,CORNERS_TOTALS:OVER_8_5,87.5%,0.875100,1.14,,,,,,,,,,,Sin cuota/EV,No encontrado en Betano,Solo modelo,6,117.51,117.508000,,Betano no expuesto,Alta,contexto premium torneo actual,usa promedios del contexto premium/API-Football,el volumen ofensivo puede variar por planteamiento y marcador temprano,
2026-09-08,13:45,Leyton Orient vs Bradford,,,SHOTS_TOTAL OVER.24.5,SHOTS_TOTAL OVER.24.5,SHOTS_TOTAL:OVER_24_5,86.3%,0.863000,1.16,,,,,,,,,,,Sin cuota/EV,No encontrado en Betano,Solo modelo,2,89.30,89.300000,,Betano no expuesto,Alta,contexto premium torneo actual,usa promedios del contexto premium/API-Football,el volumen ofensivo puede variar por planteamiento y marcador temprano,
2026-09-08,13:45,Leyton Orient vs Bradford,,,Tarjetas total -3.5,CARDS_TOTALS UNDER.3.5,CARDS_TOTALS:UNDER_3_5,85.7%,0.857100,1.17,,,,,,,,,,,Sin cuota/EV,No encontrado en Betano,Solo modelo,3,93.71,93.712000,,Betano no expuesto,Alta,contexto premium torneo actual,usa promedios del contexto premium/API-Football,depende mucho del arbitro y del contexto competitivo,
2026-09-08,13:45,Leyton Orient vs Bradford,,,Visita goles -1.5,TEAM_TOTAL_AWAY UNDER.1.5,TEAM_TOTAL_AWAY:UNDER_1_5,82.7%,0.826600,1.21,,,,,,,,,,,Sin cuota/EV,No encontrado en Betano,Solo modelo,4,98.66,98.664000,,Betano no expuesto,Alta,torneo actual,usa Poisson base con estadisticas de goles del torneo,un gol temprano o baja eficacia puede cambiar la lectura del mercado,
2026-09-08,13:45,Leyton Orient vs Bradford,,,Local goles -1.5,TEAM_TOTAL_HOME UNDER.1.5,TEAM_TOTAL_HOME:UNDER_1_5,80.5%,0.805200,1.24,,,,,,,,,,,Sin cuota/EV,No encontrado en Betano,Solo modelo,4,96.52,96.519000,,Betano no expuesto,Alta,torneo actual,usa Poisson base con estadisticas de goles del torneo,un gol temprano o baja eficacia puede cambiar la lectura del mercado,
2026-09-08,13:45,Leyton Orient vs Bradford,10Bet,,Corners total +9.5,CORNERS_TOTALS OVER.9.5,CORNERS_TOTALS:OVER_9_5,79.9%,0.798600,1.25,1.77,0.41,0.413500,0.52,1.41,,,,,,EV positivo,No encontrado en Betano,Valor,6,119.30,119.299000,,Betano no expuesto,Alta,contexto premium torneo actual,usa promedios del contexto premium/API-Football,el volumen ofensivo puede variar por planteamiento y marcador temprano,
2026-09-08,13:45,Leyton Orient vs Bradford,,,Visita corners -6.5,CORNERS_AWAY UNDER.6.5,CORNERS_AWAY:UNDER_6_5,79.8%,0.797800,1.25,,,,,,,,,,,Sin cuota/EV,No encontrado en Betano,Solo modelo,4,95.78,95.775000,,Betano no expuesto,Alta,contexto premium torneo actual,usa promedios del contexto premium/API-Football,el volumen ofensivo puede variar por planteamiento y marcador temprano,
2026-09-08,13:45,Leyton Orient vs Bradford,10Bet,,Goles -2.5,TOTALS UNDER.2.5,TOTALS:UNDER_2_5,79.4%,0.793600,1.26,1.15,-0.09,-0.087300,-0.11,0.91,,,,,,EV negativo,No encontrado en Betano,Evitar,8,102.79,102.793000,,Betano no expuesto,Alta,torneo actual,usa Poisson base con estadisticas de goles del torneo,un gol temprano o baja eficacia puede cambiar la lectura del mercado,
2026-09-08,13:45,Leyton Orient vs Bradford,,,SHOTS_ON_TARGET_TOTAL OVER.6.5,SHOTS_ON_TARGET_TOTAL OVER.6.5,SHOTS_ON_TARGET_TOTAL:OVER_6_5,79.3%,0.793200,1.26,,,,,,,,,,,Sin cuota/EV,No encontrado en Betano,Solo modelo,2,82.32,82.322000,,Betano no expuesto,Alta,contexto premium torneo actual,usa promedios del contexto premium/API-Football,el volumen ofensivo puede variar por planteamiento y marcador temprano,
2026-09-08,13:45,Leyton Orient vs Bradford,,,Local corners +5.5,CORNERS_HOME OVER.5.5,CORNERS_HOME:OVER_5_5,78.5%,0.784800,1.27,,,,,,,,,,,Sin cuota/EV,No encontrado en Betano,Solo modelo,4,94.48,94.478000,,Betano no expuesto,Alta,contexto premium torneo actual,usa promedios del contexto premium/API-Football,el volumen ofensivo puede variar por planteamiento y marcador temprano,
2026-09-08,13:45,Leyton Orient vs Bradford,10Bet,,1T -0.5,FIRST_HALF_TOTALS UNDER.0.5,FIRST_HALF_TOTALS:UNDER_0_5,77.9%,0.778800,1.28,1.83,0.43,0.425200,0.55,1.43,,,,,,EV positivo,No encontrado en Betano,Valor,5,112.53,112.534000,,Betano no expuesto,Alta,contexto premium torneo actual,usa promedios del contexto premium/API-Football,el primer tiempo puede tener ritmo bajo o rotaciones,
2026-09-08,13:45,Leyton Orient vs Bradford,,,SHOTS_TOTAL OVER.26.5,SHOTS_TOTAL OVER.26.5,SHOTS_TOTAL:OVER_26_5,76.1%,0.761200,1.31,,,,,,,,,,,Sin cuota/EV,No encontrado en Betano,Solo modelo,2,79.12,79.116000,,Betano no expuesto,Alta,contexto premium torneo actual,usa promedios del contexto premium/API-Football,el volumen ofensivo puede variar por planteamiento y marcador temprano,
2026-09-08,13:45,Leyton Orient vs Bradford,,,Local tarjetas -1.5,CARDS_HOME UNDER.1.5,CARDS_HOME:UNDER_1_5,73.6%,0.735800,1.36,,,,,,,,,,,Sin cuota/EV,No encontrado en Betano,Solo modelo,2,76.58,76.576000,,Betano no expuesto,Alta,contexto premium torneo actual,usa promedios del contexto premium/API-Football,depende mucho del arbitro y del contexto competitivo,
2026-09-08,13:45,Leyton Orient vs Bradford,,,Visita tarjetas -1.5,CARDS_AWAY UNDER.1.5,CARDS_AWAY:UNDER_1_5,73.6%,0.735800,1.36,,,,,,,,,,,Sin cuota/EV,No encontrado en Betano,Solo modelo,2,76.58,76.576000,,Betano no expuesto,Alta,contexto premium torneo actual,usa promedios del contexto premium/API-Football,depende mucho del arbitro y del contexto competitivo,
2026-09-08,13:45,Leyton Orient vs Bradford,10Bet,,BTTS no,BTTS NO,BTTS:NO,70.7%,0.707100,1.41,1.20,-0.15,-0.151500,-0.21,0.85,,,,,,EV negativo,No encontrado en Betano,Evitar,8,88.98,88.982000,Cuota por debajo de la cuota justa: valor limitado,Betano no expuesto,Alta,torneo actual,usa Poisson base con estadisticas de goles del torneo,un gol temprano o baja eficacia puede cambiar la lectura del mercado,
2026-09-08,13:45,Leyton Orient vs Bradford,,,Corners total +10.5,CORNERS_TOTALS OVER.10.5,CORNERS_TOTALS:OVER_10_5,70.3%,0.702900,1.42,,,,,,,,,,,Sin cuota/EV,No encontrado en Betano,Solo modelo,6,100.29,100.293000,,Betano no expuesto,Alta,contexto premium torneo actual,usa promedios del contexto premium/API-Football,el volumen ofensivo puede variar por planteamiento y marcador temprano,
2026-09-08,13:45,Leyton Orient vs Bradford,,,Visita corners +3.5,CORNERS_AWAY OVER.3.5,CORNERS_AWAY:OVER_3_5,69.8%,0.698100,1.43,,,,,,,,,,,Sin cuota/EV,No encontrado en Betano,Solo modelo,4,85.81,85.811000,,Betano no expuesto,Media,contexto premium torneo actual,usa promedios del contexto premium/API-Football,el volumen ofensivo puede variar por planteamiento y marcador temprano,
2026-09-08,13:45,Leyton Orient vs Bradford,,,DOUBLE_CHANCE 1X,DOUBLE_CHANCE 1X,DOUBLE_CHANCE:1X,69.7%,0.696600,1.44,,,,,,,,,,,Sin cuota/EV,No encontrado en Betano,Solo modelo,9,114.66,114.660000,,Betano no expuesto,Media,torneo actual,usa Poisson base con estadisticas de goles del torneo,riesgo propio del resultado final y variacion del modelo,
2026-09-08,13:45,Leyton Orient vs Bradford,,,Tarjetas total -2.5,CARDS_TOTALS UNDER.2.5,CARDS_TOTALS:UNDER_2_5,67.7%,0.676700,1.48,,,,,,,,,,,Sin cuota/EV,No encontrado en Betano,Solo modelo,3,75.67,75.668000,,Betano no expuesto,Media,contexto premium torneo actual,usa promedios del contexto premium/API-Football,depende mucho del arbitro y del contexto competitivo,
2026-09-08,13:45,Leyton Orient vs Bradford,,,SHOTS_ON_TARGET_TOTAL OVER.7.5,SHOTS_ON_TARGET_TOTAL OVER.7.5,SHOTS_ON_TARGET_TOTAL:OVER_7_5,67.6%,0.676100,1.48,,,,,,,,,,,Sin cuota/EV,No encontrado en Betano,Solo modelo,2,70.61,70.610000,,Betano no expuesto,Media,contexto premium torneo actual,usa promedios del contexto premium/API-Football,el volumen ofensivo puede variar por planteamiento y marcador temprano,
2026-09-08,13:45,Leyton Orient vs Bradford,,,DOUBLE_CHANCE X2,DOUBLE_CHANCE X2,DOUBLE_CHANCE:X2,66.2%,0.661900,1.51,,,,,,,,,,,Sin cuota/EV,No encontrado en Betano,Solo modelo,9,111.19,111.194000,,Betano no expuesto,Media,torneo actual,usa Poisson base con estadisticas de goles del torneo,riesgo propio del resultado final y variacion del modelo,
2026-09-08,13:45,Leyton Orient vs Bradford,10Bet,,Visita corners -5.5,CORNERS_AWAY UNDER.5.5,CORNERS_AWAY:UNDER_5_5,66.0%,0.659700,1.52,1.57,0.04,0.035800,0.05,1.04,,,,,,EV positivo,No encontrado en Betano,Equilibrado,4,82.62,82.617000,,Betano no expuesto,Media,contexto premium torneo actual,usa promedios del contexto premium/API-Football,el volumen ofensivo puede variar por planteamiento y marcador temprano,
2026-09-08,13:45,Leyton Orient vs Bradford,,,Local corners +6.5,CORNERS_HOME OVER.6.5,CORNERS_HOME:OVER_6_5,65.5%,0.655100,1.53,,,,,,,,,,,Sin cuota/EV,No encontrado en Betano,Solo modelo,4,81.52,81.515000,,Betano no expuesto,Media,contexto premium torneo actual,usa promedios del contexto premium/API-Football,el volumen ofensivo puede variar por planteamiento y marcador temprano,
2026-09-08,13:45,Leyton Orient vs Bradford,,,DOUBLE_CHANCE 12,DOUBLE_CHANCE 12,DOUBLE_CHANCE:12,64.1%,0.641500,1.56,,,,,,,,,,,Sin cuota/EV,No encontrado en Betano,Solo modelo,9,109.15,109.146000,,Betano no expuesto,Media,torneo actual,usa Poisson base con estadisticas de goles del torneo,riesgo propio del resultado final y variacion del modelo,
2026-09-08,13:45,Leyton Orient vs Bradford,,,Local tarjetas +0.5,CARDS_HOME OVER.0.5,CARDS_HOME:OVER_0_5,63.2%,0.632100,1.58,,,,,,,,,,,Sin cuota/EV,No encontrado en Betano,Solo modelo,2,66.21,66.212000,,Betano no expuesto,Media,contexto premium torneo actual,usa promedios del contexto premium/API-Football,depende mucho del arbitro y del contexto competitivo,
2026-09-08,13:45,Leyton Orient vs Bradford,,,Visita tarjetas +0.5,CARDS_AWAY OVER.0.5,CARDS_AWAY:OVER_0_5,63.2%,0.632100,1.58,,,,,,,,,,,Sin cuota/EV,No encontrado en Betano,Solo modelo,2,66.21,66.212000,,Betano no expuesto,Media,contexto premium torneo actual,usa promedios del contexto premium/API-Football,depende mucho del arbitro y del contexto competitivo,
2026-09-08,13:45,Leyton Orient vs Bradford,,,Corners total +11.5,CORNERS_TOTALS OVER.11.5,CORNERS_TOTALS:OVER_11_5,59.4%,0.594200,1.68,,,,,,,,,,,Sin cuota/EV,No encontrado en Betano,Solo modelo,6,89.42,89.424000,,Betano no expuesto,Media,contexto premium torneo actual,usa promedios del contexto premium/API-Football,el volumen ofensivo puede variar por planteamiento y marcador temprano,
2026-09-08,13:45,Leyton Orient vs Bradford,,,SHOTS_ON_TARGET_TOTAL UNDER.9.5,SHOTS_ON_TARGET_TOTAL UNDER.9.5,SHOTS_ON_TARGET_TOTAL:UNDER_9_5,58.7%,0.587400,1.70,,,,,,,,,,,Sin cuota/EV,No encontrado en Betano,Solo modelo,2,61.74,61.741000,,Betano no expuesto,Media,contexto premium torneo actual,usa promedios del contexto premium/API-Football,el volumen ofensivo puede variar por planteamiento y marcador temprano,
2026-09-08,13:45,Leyton Orient vs Bradford,,,Local goles +0.5,TEAM_TOTAL_HOME OVER.0.5,TEAM_TOTAL_HOME:OVER_0_5,55.5%,0.555100,1.80,,,,,,,,,,,Sin cuota/EV,No encontrado en Betano,Solo modelo,4,71.51,71.514000,,Betano no expuesto,Media,torneo actual,usa Poisson base con estadisticas de goles del torneo,un gol temprano o baja eficacia puede cambiar la lectura del mercado,
2026-09-08,13:45,Leyton Orient vs Bradford,,,SHOTS_ON_TARGET_TOTAL OVER.8.5,SHOTS_ON_TARGET_TOTAL OVER.8.5,SHOTS_ON_TARGET_TOTAL:OVER_8_5,54.4%,0.544300,1.84,,,,,,,,,,,Sin cuota/EV,No encontrado en Betano,Solo modelo,2,57.44,57.435000,,Betano no expuesto,Baja,contexto premium torneo actual,usa promedios del contexto premium/API-Football,el volumen ofensivo puede variar por planteamiento y marcador temprano,
2026-09-08,13:45,Leyton Orient vs Bradford,10Bet,,Goles -1.5,TOTALS UNDER.1.5,TOTALS:UNDER_1_5,53.8%,0.537900,1.86,1.62,-0.13,-0.128500,-0.24,0.87,,,,,,EV negativo,No encontrado en Betano,Evitar,1,41.48,41.481000,,Betano no expuesto,Baja,torneo actual,usa Poisson base con estadisticas de goles del torneo,un gol temprano o baja eficacia puede cambiar la lectura del mercado,
2026-09-08,13:45,Leyton Orient vs Bradford,,,Visita goles +0.5,TEAM_TOTAL_AWAY OVER.0.5,TEAM_TOTAL_AWAY:OVER_0_5,52.8%,0.527600,1.90,,,,,,,,,,,Sin cuota/EV,No encontrado en Betano,Solo modelo,4,68.76,68.763000,,Betano no expuesto,Baja,torneo actual,usa Poisson base con estadisticas de goles del torneo,un gol temprano o baja eficacia puede cambiar la lectura del mercado,
2026-09-08,13:45,Leyton Orient vs Bradford,10Bet,,DNB local,DRAW_NO_BET HOME,DRAW_NO_BET:HOME,52.7%,0.527000,1.90,2.10,0.11,0.106700,0.20,1.11,,,,,,EV positivo,No encontrado en Betano,Valor,9,101.62,101.624000,,Betano no expuesto,Baja,torneo actual,usa Poisson base con estadisticas de goles del torneo,riesgo propio del resultado final y variacion del modelo,
2026-09-08,13:45,Leyton Orient vs Bradford,,,Visita corners +4.5,CORNERS_AWAY OVER.4.5,CORNERS_AWAY:OVER_4_5,51.5%,0.514600,1.94,,,,,,,,,,,Sin cuota/EV,No encontrado en Betano,Solo modelo,4,67.46,67.460000,,Betano no expuesto,Baja,contexto premium torneo actual,usa promedios del contexto premium/API-Football,el volumen ofensivo puede variar por planteamiento y marcador temprano,
2026-09-08,13:45,Leyton Orient vs Bradford,,,Visita corners -4.5,CORNERS_AWAY UNDER.4.5,CORNERS_AWAY:UNDER_4_5,48.5%,0.485400,2.06,,,,,,,,,,,Sin cuota/EV,No encontrado en Betano,Solo modelo,4,64.54,64.540000,,Betano no expuesto,Baja,contexto premium torneo actual,usa promedios del contexto premium/API-Football,el volumen ofensivo puede variar por planteamiento y marcador temprano,
2026-09-08,13:45,Leyton Orient vs Bradford,10Bet,,DNB visita,DRAW_NO_BET AWAY,DRAW_NO_BET:AWAY,47.3%,0.473000,2.11,1.67,-0.21,-0.210100,-0.44,0.79,,,,,,EV negativo,No encontrado en Betano,Evitar,9,69.52,69.516000,Cuota por debajo de la cuota justa: valor limitado,Betano no expuesto,Baja,torneo actual,usa Poisson base con estadisticas de goles del torneo,riesgo propio del resultado final y variacion del modelo,
2026-09-08,13:45,Leyton Orient vs Bradford,,,Visita goles -0.5,TEAM_TOTAL_AWAY UNDER.0.5,TEAM_TOTAL_AWAY:UNDER_0_5,47.2%,0.472400,2.12,,,,,,,,,,,Sin cuota/EV,No encontrado en Betano,Solo modelo,4,63.24,63.237000,,Betano no expuesto,Baja,torneo actual,usa Poisson base con estadisticas de goles del torneo,un gol temprano o baja eficacia puede cambiar la lectura del mercado,
2026-09-08,13:45,Leyton Orient vs Bradford,10Bet,,Goles +1.5,TOTALS OVER.1.5,TOTALS:OVER_1_5,46.2%,0.462100,2.16,2.15,-0.01,-0.006600,-0.01,0.99,,,,,,EV negativo,No encontrado en Betano,Equilibrado,10,96.09,96.087000,,Betano no expuesto,Baja,torneo actual,usa Poisson base con estadisticas de goles del torneo,un gol temprano o baja eficacia puede cambiar la lectura del mercado,
2026-09-08,13:45,Leyton Orient vs Bradford,,,SHOTS_ON_TARGET_TOTAL UNDER.8.5,SHOTS_ON_TARGET_TOTAL UNDER.8.5,SHOTS_ON_TARGET_TOTAL:UNDER_8_5,45.6%,0.455700,2.19,,,,,,,,,,,Sin cuota/EV,No encontrado en Betano,Solo modelo,2,48.56,48.565000,,Betano no expuesto,Baja,contexto premium torneo actual,usa promedios del contexto premium/API-Football,el volumen ofensivo puede variar por planteamiento y marcador temprano,
2026-09-08,13:45,Leyton Orient vs Bradford,,,Local goles -0.5,TEAM_TOTAL_HOME UNDER.0.5,TEAM_TOTAL_HOME:UNDER_0_5,44.5%,0.444900,2.25,,,,,,,,,,,Sin cuota/EV,No encontrado en Betano,Solo modelo,4,60.49,60.486000,,Betano no expuesto,Baja,torneo actual,usa Poisson base con estadisticas de goles del torneo,un gol temprano o baja eficacia puede cambiar la lectura del mercado,
2026-09-08,13:45,Leyton Orient vs Bradford,,,SHOTS_ON_TARGET_TOTAL OVER.9.5,SHOTS_ON_TARGET_TOTAL OVER.9.5,SHOTS_ON_TARGET_TOTAL:OVER_9_5,41.3%,0.412600,2.42,,,,,,,,,,,Sin cuota/EV,No encontrado en Betano,Solo modelo,2,44.26,44.259000,,Betano no expuesto,Baja,contexto premium torneo actual,usa promedios del contexto premium/API-Football,el volumen ofensivo puede variar por planteamiento y marcador temprano,
2026-09-08,13:45,Leyton Orient vs Bradford,,,Corners total -11.5,CORNERS_TOTALS UNDER.11.5,CORNERS_TOTALS:UNDER_11_5,40.6%,0.405800,2.46,,,,,,,,,,,Sin cuota/EV,No encontrado en Betano,Solo modelo,6,70.58,70.576000,,Betano no expuesto,Baja,contexto premium torneo actual,usa promedios del contexto premium/API-Football,el volumen ofensivo puede variar por planteamiento y marcador temprano,
2026-09-08,13:45,Leyton Orient vs Bradford,,,Local tarjetas -0.5,CARDS_HOME UNDER.0.5,CARDS_HOME:UNDER_0_5,36.8%,0.367900,2.72,,,,,,,,,,,Sin cuota/EV,No encontrado en Betano,Solo modelo,2,39.79,39.788000,,Betano no expuesto,Baja,contexto premium torneo actual,usa promedios del contexto premium/API-Football,depende mucho del arbitro y del contexto competitivo,
2026-09-08,13:45,Leyton Orient vs Bradford,,,Visita tarjetas -0.5,CARDS_AWAY UNDER.0.5,CARDS_AWAY:UNDER_0_5,36.8%,0.367900,2.72,,,,,,,,,,,Sin cuota/EV,No encontrado en Betano,Solo modelo,2,39.79,39.788000,,Betano no expuesto,Baja,contexto premium torneo actual,usa promedios del contexto premium/API-Football,depende mucho del arbitro y del contexto competitivo,
2026-09-08,13:45,Leyton Orient vs Bradford,10Bet,,Empate,1X2 DRAW,1X2:DRAW,35.9%,0.358500,2.79,1.73,-0.38,-0.379700,-1.06,0.62,,,,,,EV negativo,No encontrado en Betano,Evitar,7,45.02,45.019000,Cuota por debajo de la cuota justa: valor limitado,Betano no expuesto,Baja,torneo actual,usa Poisson base con estadisticas de goles del torneo,riesgo propio del resultado final y variacion del modelo,
2026-09-08,13:45,Leyton Orient vs Bradford,,,Local corners -6.5,CORNERS_HOME UNDER.6.5,CORNERS_HOME:UNDER_6_5,34.5%,0.344900,2.90,,,,,,,,,,,Sin cuota/EV,No encontrado en Betano,Solo modelo,4,50.48,50.485000,,Betano no expuesto,Baja,contexto premium torneo actual,usa promedios del contexto premium/API-Football,el volumen ofensivo puede variar por planteamiento y marcador temprano,
2026-09-08,13:45,Leyton Orient vs Bradford,10Bet,,Visita corners +5.5,CORNERS_AWAY OVER.5.5,CORNERS_AWAY:OVER_5_5,34.0%,0.340300,2.94,2.05,-0.30,-0.302500,-0.89,0.70,,,,,,EV negativo,No encontrado en Betano,Evitar,4,25.58,25.582000,Cuota por debajo de la cuota justa: valor limitado,Betano no expuesto,Baja,contexto premium torneo actual,usa promedios del contexto premium/API-Football,el volumen ofensivo puede variar por planteamiento y marcador temprano,
2026-09-08,13:45,Leyton Orient vs Bradford,10Bet,,Gana local,1X2 HOME,1X2:HOME,33.8%,0.338100,2.96,4.50,0.52,0.521300,1.54,1.52,,,,,,EV positivo,No encontrado en Betano,Equilibrado,7,78.19,78.189000,,Betano no expuesto,Baja,torneo actual,usa Poisson base con estadisticas de goles del torneo,riesgo propio del resultado final y variacion del modelo,
2026-09-08,13:45,Leyton Orient vs Bradford,,,SHOTS_ON_TARGET_TOTAL UNDER.7.5,SHOTS_ON_TARGET_TOTAL UNDER.7.5,SHOTS_ON_TARGET_TOTAL:UNDER_7_5,32.4%,0.323900,3.09,,,,,,,,,,,Sin cuota/EV,No encontrado en Betano,Solo modelo,2,35.39,35.390000,,Betano no expuesto,Baja,contexto premium torneo actual,usa promedios del contexto premium/API-Football,el volumen ofensivo puede variar por planteamiento y marcador temprano,
2026-09-08,13:45,Leyton Orient vs Bradford,,,Tarjetas total +2.5,CARDS_TOTALS OVER.2.5,CARDS_TOTALS:OVER_2_5,32.3%,0.323300,3.09,,,,,,,,,,,Sin cuota/EV,No encontrado en Betano,Solo modelo,3,40.33,40.332000,,Betano no expuesto,Baja,contexto premium torneo actual,usa promedios del contexto premium/API-Football,depende mucho del arbitro y del contexto competitivo,
2026-09-08,13:45,Leyton Orient vs Bradford,10Bet,,Gana visita,1X2 AWAY,1X2:AWAY,30.3%,0.303400,3.30,3.60,0.09,0.092200,0.30,1.09,,,,,,EV positivo,No encontrado en Betano,Equilibrado,7,67.00,67.000000,,Betano no expuesto,Baja,torneo actual,usa Poisson base con estadisticas de goles del torneo,riesgo propio del resultado final y variacion del modelo,
2026-09-08,13:45,Leyton Orient vs Bradford,,,Visita corners -3.5,CORNERS_AWAY UNDER.3.5,CORNERS_AWAY:UNDER_3_5,30.2%,0.301900,3.31,,,,,,,,,,,Sin cuota/EV,No encontrado en Betano,Solo modelo,4,46.19,46.189000,,Betano no expuesto,Baja,contexto premium torneo actual,usa promedios del contexto premium/API-Football,el volumen ofensivo puede variar por planteamiento y marcador temprano,
2026-09-08,13:45,Leyton Orient vs Bradford,,,Corners total -10.5,CORNERS_TOTALS UNDER.10.5,CORNERS_TOTALS:UNDER_10_5,29.7%,0.297100,3.37,,,,,,,,,,,Sin cuota/EV,No encontrado en Betano,Solo modelo,6,59.71,59.707000,,Betano no expuesto,Baja,contexto premium torneo actual,usa promedios del contexto premium/API-Football,el volumen ofensivo puede variar por planteamiento y marcador temprano,
2026-09-08,13:45,Leyton Orient vs Bradford,10Bet,,BTTS sí,BTTS YES,BTTS:YES,29.3%,0.292900,3.41,4.00,0.17,0.171600,0.59,1.17,,,,,,EV positivo,No encontrado en Betano,Equilibrado,8,72.38,72.381000,,Betano no expuesto,Baja,torneo actual,usa Poisson base con estadisticas de goles del torneo,un gol temprano o baja eficacia puede cambiar la lectura del mercado,
2026-09-08,13:45,Leyton Orient vs Bradford,,,Local tarjetas +1.5,CARDS_HOME OVER.1.5,CARDS_HOME:OVER_1_5,26.4%,0.264200,3.78,,,,,,,,,,,Sin cuota/EV,No encontrado en Betano,Solo modelo,2,29.42,29.424000,,Betano no expuesto,Baja,contexto premium torneo actual,usa promedios del contexto premium/API-Football,depende mucho del arbitro y del contexto competitivo,
2026-09-08,13:45,Leyton Orient vs Bradford,,,Visita tarjetas +1.5,CARDS_AWAY OVER.1.5,CARDS_AWAY:OVER_1_5,26.4%,0.264200,3.78,,,,,,,,,,,Sin cuota/EV,No encontrado en Betano,Solo modelo,2,29.42,29.424000,,Betano no expuesto,Baja,contexto premium torneo actual,usa promedios del contexto premium/API-Football,depende mucho del arbitro y del contexto competitivo,
2026-09-08,13:45,Leyton Orient vs Bradford,,,SHOTS_TOTAL UNDER.26.5,SHOTS_TOTAL UNDER.26.5,SHOTS_TOTAL:UNDER_26_5,23.9%,0.238800,4.19,,,,,,,,,,,Sin cuota/EV,No encontrado en Betano,Solo modelo,2,26.88,26.884000,,Betano no expuesto,Baja,contexto premium torneo actual,usa promedios del contexto premium/API-Football,el volumen ofensivo puede variar por planteamiento y marcador temprano,
2026-09-08,13:45,Leyton Orient vs Bradford,10Bet,,1T +0.5,FIRST_HALF_TOTALS OVER.0.5,FIRST_HALF_TOTALS:OVER_0_5,22.1%,0.221200,4.52,1.91,-0.58,-0.577500,-2.61,0.42,,,,,,EV negativo,No encontrado en Betano,Evitar,5,17.73,17.725000,Cuota por debajo de la cuota justa: valor limitado,Betano no expuesto,Baja,contexto premium torneo actual,usa promedios del contexto premium/API-Football,el primer tiempo puede tener ritmo bajo o rotaciones,
2026-09-08,13:45,Leyton Orient vs Bradford,,,Local corners -5.5,CORNERS_HOME UNDER.5.5,CORNERS_HOME:UNDER_5_5,21.5%,0.215200,4.65,,,,,,,,,,,Sin cuota/EV,No encontrado en Betano,Solo modelo,4,37.52,37.522000,,Betano no expuesto,Baja,contexto premium torneo actual,usa promedios del contexto premium/API-Football,el volumen ofensivo puede variar por planteamiento y marcador temprano,
2026-09-08,13:45,Leyton Orient vs Bradford,,,SHOTS_ON_TARGET_TOTAL UNDER.6.5,SHOTS_ON_TARGET_TOTAL UNDER.6.5,SHOTS_ON_TARGET_TOTAL:UNDER_6_5,20.7%,0.206800,4.84,,,,,,,,,,,Sin cuota/EV,No encontrado en Betano,Solo modelo,2,23.68,23.678000,,Betano no expuesto,Baja,contexto premium torneo actual,usa promedios del contexto premium/API-Football,el volumen ofensivo puede variar por planteamiento y marcador temprano,
2026-09-08,13:45,Leyton Orient vs Bradford,10Bet,,Goles +2.5,TOTALS OVER.2.5,TOTALS:OVER_2_5,20.6%,0.206400,4.85,4.75,-0.02,-0.019800,-0.10,0.98,,,,,,EV negativo,No encontrado en Betano,Equilibrado,8,60.28,60.279000,,Betano no expuesto,Baja,torneo actual,usa Poisson base con estadisticas de goles del torneo,un gol temprano o baja eficacia puede cambiar la lectura del mercado,
2026-09-08,13:45,Leyton Orient vs Bradford,,,Visita corners +6.5,CORNERS_AWAY OVER.6.5,CORNERS_AWAY:OVER_6_5,20.2%,0.202200,4.94,,,,,,,,,,,Sin cuota/EV,No encontrado en Betano,Solo modelo,4,36.23,36.225000,,Betano no expuesto,Baja,contexto premium torneo actual,usa promedios del contexto premium/API-Football,el volumen ofensivo puede variar por planteamiento y marcador temprano,
2026-09-08,13:45,Leyton Orient vs Bradford,10Bet,,Corners total -9.5,CORNERS_TOTALS UNDER.9.5,CORNERS_TOTALS:UNDER_9_5,20.1%,0.201400,4.96,1.95,-0.61,-0.607200,-3.01,0.39,,,,,,EV negativo,No encontrado en Betano,Evitar,6,20.21,20.213000,Cuota por debajo de la cuota justa: valor limitado,Betano no expuesto,Baja,contexto premium torneo actual,usa promedios del contexto premium/API-Football,el volumen ofensivo puede variar por planteamiento y marcador temprano,
2026-09-08,13:45,Leyton Orient vs Bradford,,,Local goles +1.5,TEAM_TOTAL_HOME OVER.1.5,TEAM_TOTAL_HOME:OVER_1_5,19.5%,0.194800,5.13,,,,,,,,,,,Sin cuota/EV,No encontrado en Betano,Solo modelo,4,35.48,35.481000,,Betano no expuesto,Baja,torneo actual,usa Poisson base con estadisticas de goles del torneo,un gol temprano o baja eficacia puede cambiar la lectura del mercado,
2026-09-08,13:45,Leyton Orient vs Bradford,,,Visita goles +1.5,TEAM_TOTAL_AWAY OVER.1.5,TEAM_TOTAL_AWAY:OVER_1_5,17.3%,0.173400,5.77,,,,,,,,,,,Sin cuota/EV,No encontrado en Betano,Solo modelo,4,33.34,33.336000,,Betano no expuesto,Baja,torneo actual,usa Poisson base con estadisticas de goles del torneo,un gol temprano o baja eficacia puede cambiar la lectura del mercado,
2026-09-08,13:45,Leyton Orient vs Bradford,,,Tarjetas total +3.5,CARDS_TOTALS OVER.3.5,CARDS_TOTALS:OVER_3_5,14.3%,0.142900,7.00,,,,,,,,,,,Sin cuota/EV,No encontrado en Betano,Solo modelo,3,22.29,22.288000,,Betano no expuesto,Baja,contexto premium torneo actual,usa promedios del contexto premium/API-Football,depende mucho del arbitro y del contexto competitivo,
2026-09-08,13:45,Leyton Orient vs Bradford,,,SHOTS_TOTAL UNDER.24.5,SHOTS_TOTAL UNDER.24.5,SHOTS_TOTAL:UNDER_24_5,13.7%,0.137000,7.30,,,,,,,,,,,Sin cuota/EV,No encontrado en Betano,Solo modelo,2,16.70,16.700000,,Betano no expuesto,Baja,contexto premium torneo actual,usa promedios del contexto premium/API-Football,el volumen ofensivo puede variar por planteamiento y marcador temprano,
2026-09-08,13:45,Leyton Orient vs Bradford,,,Corners total -8.5,CORNERS_TOTALS UNDER.8.5,CORNERS_TOTALS:UNDER_8_5,12.5%,0.124900,8.01,,,,,,,,,,,Sin cuota/EV,No encontrado en Betano,Solo modelo,6,42.49,42.492000,,Betano no expuesto,Baja,contexto premium torneo actual,usa promedios del contexto premium/API-Football,el volumen ofensivo puede variar por planteamiento y marcador temprano,
2026-09-08,13:45,Leyton Orient vs Bradford,10Bet,,Local corners -4.5,CORNERS_HOME UNDER.4.5,CORNERS_HOME:UNDER_4_5,11.5%,0.114900,8.71,1.77,-0.80,-0.796700,-6.94,0.20,,,,,,EV negativo,No encontrado en Betano,Evitar,4,-3.51,-3.513000,Cuota por debajo de la cuota justa: valor limitado,Betano no expuesto,Baja,contexto premium torneo actual,usa promedios del contexto premium/API-Football,el volumen ofensivo puede variar por planteamiento y marcador temprano,
2026-09-08,13:45,Leyton Orient vs Bradford,,,Local tarjetas +2.5,CARDS_HOME OVER.2.5,CARDS_HOME:OVER_2_5,8.0%,0.080300,12.45,,,,,,,,,,,Sin cuota/EV,No encontrado en Betano,Solo modelo,2,11.03,11.030000,,Betano no expuesto,Baja,contexto premium torneo actual,usa promedios del contexto premium/API-Football,depende mucho del arbitro y del contexto competitivo,
2026-09-08,13:45,Leyton Orient vs Bradford,,,Visita tarjetas +2.5,CARDS_AWAY OVER.2.5,CARDS_AWAY:OVER_2_5,8.0%,0.080300,12.45,,,,,,,,,,,Sin cuota/EV,No encontrado en Betano,Solo modelo,2,11.03,11.030000,,Betano no expuesto,Baja,contexto premium torneo actual,usa promedios del contexto premium/API-Football,depende mucho del arbitro y del contexto competitivo,
2026-09-08,13:45,Leyton Orient vs Bradford,10Bet,,Goles +3.5,TOTALS OVER.3.5,TOTALS:OVER_3_5,7.3%,0.073400,13.62,3.45,-0.75,-0.746800,-10.17,0.25,,,,,,EV negativo,No encontrado en Betano,Evitar,1,-18.66,-18.660000,Cuota por debajo de la cuota justa: valor limitado,Betano no expuesto,Baja,torneo actual,usa Poisson base con estadisticas de goles del torneo,un gol temprano o baja eficacia puede cambiar la lectura del mercado,
2026-09-08,13:45,Leyton Orient vs Bradford,,,Corners total -7.5,CORNERS_TOTALS UNDER.7.5,CORNERS_TOTALS:UNDER_7_5,7.0%,0.069800,14.32,,,,,,,,,,,Sin cuota/EV,No encontrado en Betano,Solo modelo,6,36.98,36.983000,,Betano no expuesto,Baja,contexto premium torneo actual,usa promedios del contexto premium/API-Football,el volumen ofensivo puede variar por planteamiento y marcador temprano,
2026-09-08,13:45,Leyton Orient vs Bradford,,,SHOTS_TOTAL UNDER.22.5,SHOTS_TOTAL UNDER.22.5,SHOTS_TOTAL:UNDER_22_5,6.8%,0.068400,14.63,,,,,,,,,,,Sin cuota/EV,No encontrado en Betano,Solo modelo,2,9.84,9.835000,,Betano no expuesto,Baja,contexto premium torneo actual,usa promedios del contexto premium/API-Football,el volumen ofensivo puede variar por planteamiento y marcador temprano,
2026-09-08,13:45,Leyton Orient vs Bradford,,,Tarjetas total +4.5,CARDS_TOTALS OVER.4.5,CARDS_TOTALS:OVER_4_5,5.3%,0.052700,18.99,,,,,,,,,,,Sin cuota/EV,No encontrado en Betano,Solo modelo,3,13.27,13.265000,,Betano no expuesto,Baja,contexto premium torneo actual,usa promedios del contexto premium/API-Football,depende mucho del arbitro y del contexto competitivo,
2026-09-08,13:45,Leyton Orient vs Bradford,,,Local corners -3.5,CORNERS_HOME UNDER.3.5,CORNERS_HOME:UNDER_3_5,5.0%,0.050100,19.95,,,,,,,,,,,Sin cuota/EV,No encontrado en Betano,Solo modelo,4,21.01,21.012000,,Betano no expuesto,Baja,contexto premium torneo actual,usa promedios del contexto premium/API-Football,el volumen ofensivo puede variar por planteamiento y marcador temprano,
2026-09-08,13:45,Leyton Orient vs Bradford,,,Local goles +2.5,TEAM_TOTAL_HOME OVER.2.5,TEAM_TOTAL_HOME:OVER_2_5,4.9%,0.048900,20.46,,,,,,,,,,,Sin cuota/EV,No encontrado en Betano,Solo modelo,4,20.89,20.887000,,Betano no expuesto,Baja,torneo actual,usa Poisson base con estadisticas de goles del torneo,un gol temprano o baja eficacia puede cambiar la lectura del mercado,
2026-09-08,13:45,Leyton Orient vs Bradford,,,Visita goles +2.5,TEAM_TOTAL_AWAY OVER.2.5,TEAM_TOTAL_AWAY:OVER_2_5,4.0%,0.040500,24.69,,,,,,,,,,,Sin cuota/EV,No encontrado en Betano,Solo modelo,4,20.05,20.051000,,Betano no expuesto,Baja,torneo actual,usa Poisson base con estadisticas de goles del torneo,un gol temprano o baja eficacia puede cambiar la lectura del mercado,
2026-09-08,13:45,Leyton Orient vs Bradford,,,SHOTS_TOTAL UNDER.20.5,SHOTS_TOTAL UNDER.20.5,SHOTS_TOTAL:UNDER_20_5,2.9%,0.029100,34.35,,,,,,,,,,,Sin cuota/EV,No encontrado en Betano,Solo modelo,2,5.91,5.911000,,Betano no expuesto,Baja,contexto premium torneo actual,usa promedios del contexto premium/API-Football,el volumen ofensivo puede variar por planteamiento y marcador temprano,
2026-09-08,13:45,Leyton Orient vs Bradford,10Bet,,1T +1.5,FIRST_HALF_TOTALS OVER.1.5,FIRST_HALF_TOTALS:OVER_1_5,2.6%,0.026500,37.74,5.50,-0.85,-0.854300,-32.24,0.15,,,,,,EV negativo,No encontrado en Betano,Evitar,5,-3.35,-3.350000,Cuota por debajo de la cuota justa: valor limitado,Betano no expuesto,Baja,contexto premium torneo actual,usa promedios del contexto premium/API-Football,el primer tiempo puede tener ritmo bajo o rotaciones,
2026-09-08,13:45,Leyton Orient vs Bradford,,,Local tarjetas +3.5,CARDS_HOME OVER.3.5,CARDS_HOME:OVER_3_5,1.9%,0.019000,52.66,,,,,,,,,,,Sin cuota/EV,No encontrado en Betano,Solo modelo,2,4.90,4.899000,,Betano no expuesto,Baja,contexto premium torneo actual,usa promedios del contexto premium/API-Football,depende mucho del arbitro y del contexto competitivo,
2026-09-08,13:45,Leyton Orient vs Bradford,,,Visita tarjetas +3.5,CARDS_AWAY OVER.3.5,CARDS_AWAY:OVER_3_5,1.9%,0.019000,52.66,,,,,,,,,,,Sin cuota/EV,No encontrado en Betano,Solo modelo,2,4.90,4.899000,,Betano no expuesto,Baja,contexto premium torneo actual,usa promedios del contexto premium/API-Football,depende mucho del arbitro y del contexto competitivo,
2026-09-08,13:45,Leyton Orient vs Bradford,,,Tarjetas total +5.5,CARDS_TOTALS OVER.5.5,CARDS_TOTALS:OVER_5_5,1.7%,0.016600,60.37,,,,,,,,,,,Sin cuota/EV,No encontrado en Betano,Solo modelo,3,9.66,9.656000,,Betano no expuesto,Baja,contexto premium torneo actual,usa promedios del contexto premium/API-Football,depende mucho del arbitro y del contexto competitivo,
2026-09-08,13:45,Leyton Orient vs Bradford,,,SHOTS_TOTAL UNDER.18.5,SHOTS_TOTAL UNDER.18.5,SHOTS_TOTAL:UNDER_18_5,1.0%,0.010400,96.44,,,,,,,,,,,Sin cuota/EV,No encontrado en Betano,Solo modelo,2,4.04,4.037000,,Betano no expuesto,Baja,contexto premium torneo actual,usa promedios del contexto premium/API-Football,el volumen ofensivo puede variar por planteamiento y marcador temprano,
2026-09-08,13:45,Leyton Orient vs Bradford,,,Tarjetas total +6.5,CARDS_TOTALS OVER.6.5,CARDS_TOTALS:OVER_6_5,0.4%,0.004500,220.56,,,,,,,,,,,Sin cuota/EV,No encontrado en Betano,Solo modelo,3,8.45,8.453000,,Betano no expuesto,Baja,contexto premium torneo actual,usa promedios del contexto premium/API-Football,depende mucho del arbitro y del contexto competitivo,
2026-09-08,13:45,Sunderland vs Hull City,,,Local corners -6.5,CORNERS_HOME UNDER.6.5,CORNERS_HOME:UNDER_6_5,98.2%,0.982000,1.02,,,,,,,,,,,Sin cuota/EV,No encontrado en Betano,Solo modelo,4,112.20,112.202000,,Betano no expuesto,Alta,contexto premium mixto,usa mezcla de promedios del torneo y recientes/API-Football,el volumen ofensivo puede variar por planteamiento y marcador temprano,
2026-09-08,13:45,Sunderland vs Hull City,,,Visita tarjetas -3.5,CARDS_AWAY UNDER.3.5,CARDS_AWAY:UNDER_3_5,98.1%,0.981000,1.02,,,,,,,,,,,Sin cuota/EV,No encontrado en Betano,Solo modelo,2,99.10,99.101000,,Betano no expuesto,Alta,contexto premium mixto,usa mezcla de promedios del torneo y recientes/API-Football,depende mucho del arbitro y del contexto competitivo,
2026-09-08,13:45,Sunderland vs Hull City,,,Corners total -11.5,CORNERS_TOTALS UNDER.11.5,CORNERS_TOTALS:UNDER_11_5,97.4%,0.973700,1.03,,,,,,,,,,,Sin cuota/EV,No encontrado en Betano,Solo modelo,6,125.37,125.367000,,Betano no expuesto,Alta,contexto premium mixto,usa mezcla de promedios del torneo y recientes/API-Football,el volumen ofensivo puede variar por planteamiento y marcador temprano,
2026-09-08,13:45,Sunderland vs Hull City,10Bet,,Local corners -5.5,CORNERS_HOME UNDER.5.5,CORNERS_HOME:UNDER_5_5,94.9%,0.949100,1.05,1.95,0.85,0.850800,0.90,1.85,,,,,,EV positivo,No encontrado en Betano,Valor,4,114.22,114.224000,Cuota API muy superior a la cuota justa: revisar manualmente antes de apostar,Betano no expuesto,Alta,contexto premium mixto,usa mezcla de promedios del torneo y recientes/API-Football,el volumen ofensivo puede variar por planteamiento y marcador temprano,
2026-09-08,13:45,Sunderland vs Hull City,10Bet,,Corners total -10.5,CORNERS_TOTALS UNDER.10.5,CORNERS_TOTALS:UNDER_10_5,94.6%,0.946200,1.06,1.70,0.61,0.608500,0.64,1.61,,,,,,EV positivo,No encontrado en Betano,Valor,6,135.57,135.571000,,Betano no expuesto,Alta,contexto premium mixto,usa mezcla de promedios del torneo y recientes/API-Football,el volumen ofensivo puede variar por planteamiento y marcador temprano,
2026-09-08,13:45,Sunderland vs Hull City,,,SHOTS_TOTAL OVER.18.5,SHOTS_TOTAL OVER.18.5,SHOTS_TOTAL:OVER_18_5,94.4%,0.943700,1.06,,,,,,,,,,,Sin cuota/EV,No encontrado en Betano,Solo modelo,2,95.37,95.370000,,Betano no expuesto,Alta,contexto premium mixto,usa mezcla de promedios del torneo y recientes/API-Football,el volumen ofensivo puede variar por planteamiento y marcador temprano,
2026-09-08,13:45,Sunderland vs Hull City,,,Tarjetas total -6.5,CARDS_TOTALS UNDER.6.5,CARDS_TOTALS:UNDER_6_5,93.5%,0.934700,1.07,,,,,,,,,,,Sin cuota/EV,No encontrado en Betano,Solo modelo,3,99.47,99.471000,,Betano no expuesto,Alta,contexto premium mixto,usa mezcla de promedios del torneo y recientes/API-Football,depende mucho del arbitro y del contexto competitivo,
2026-09-08,13:45,Sunderland vs Hull City,,,Visita corners -6.5,CORNERS_AWAY UNDER.6.5,CORNERS_AWAY:UNDER_6_5,92.5%,0.924600,1.08,,,,,,,,,,,Sin cuota/EV,No encontrado en Betano,Solo modelo,4,106.46,106.464000,,Betano no expuesto,Alta,contexto premium mixto,usa mezcla de promedios del torneo y recientes/API-Football,el volumen ofensivo puede variar por planteamiento y marcador temprano,
2026-09-08,13:45,Sunderland vs Hull City,,,Visita tarjetas -2.5,CARDS_AWAY UNDER.2.5,CARDS_AWAY:UNDER_2_5,92.0%,0.919700,1.09,,,,,,,,,,,Sin cuota/EV,No encontrado en Betano,Solo modelo,2,92.97,92.970000,,Betano no expuesto,Alta,contexto premium mixto,usa mezcla de promedios del torneo y recientes/API-Football,depende mucho del arbitro y del contexto competitivo,
2026-09-08,13:45,Sunderland vs Hull City,,,Local tarjetas +0.5,CARDS_HOME OVER.0.5,CARDS_HOME:OVER_0_5,91.8%,0.917900,1.09,,,,,,,,,,,Sin cuota/EV,No encontrado en Betano,Solo modelo,2,92.79,92.792000,,Betano no expuesto,Alta,contexto premium mixto,usa mezcla de promedios del torneo y recientes/API-Football,depende mucho del arbitro y del contexto competitivo,
2026-09-08,13:45,Sunderland vs Hull City,,,Visita goles -2.5,TEAM_TOTAL_AWAY UNDER.2.5,TEAM_TOTAL_AWAY:UNDER_2_5,89.9%,0.899300,1.11,,,,,,,,,,,Sin cuota/EV,No encontrado en Betano,Solo modelo,4,101.93,101.930000,,Betano no expuesto,Alta,fallback ultimos partidos,usa Poisson fallback con ultimos partidos multi-competicion,un gol temprano o baja eficacia puede cambiar la lectura del mercado,
2026-09-08,13:45,Sunderland vs Hull City,,,Corners total -9.5,CORNERS_TOTALS UNDER.9.5,CORNERS_TOTALS:UNDER_9_5,89.8%,0.897800,1.11,,,,,,,,,,,Sin cuota/EV,No encontrado en Betano,Solo modelo,6,117.78,117.779000,,Betano no expuesto,Alta,contexto premium mixto,usa mezcla de promedios del torneo y recientes/API-Football,el volumen ofensivo puede variar por planteamiento y marcador temprano,
2026-09-08,13:45,Sunderland vs Hull City,,,SHOTS_TOTAL OVER.20.5,SHOTS_TOTAL OVER.20.5,SHOTS_TOTAL:OVER_20_5,87.6%,0.876400,1.14,,,,,,,,,,,Sin cuota/EV,No encontrado en Betano,Solo modelo,2,88.64,88.635000,,Betano no expuesto,Alta,contexto premium mixto,usa mezcla de promedios del torneo y recientes/API-Football,el volumen ofensivo puede variar por planteamiento y marcador temprano,
2026-09-08,13:45,Sunderland vs Hull City,,,Local goles -2.5,TEAM_TOTAL_HOME UNDER.2.5,TEAM_TOTAL_HOME:UNDER_2_5,87.6%,0.875600,1.14,,,,,,,,,,,Sin cuota/EV,No encontrado en Betano,Solo modelo,4,99.56,99.557000,,Betano no expuesto,Alta,fallback ultimos partidos,usa Poisson fallback con ultimos partidos multi-competicion,un gol temprano o baja eficacia puede cambiar la lectura del mercado,
2026-09-08,13:45,Sunderland vs Hull City,,,Local corners -4.5,CORNERS_HOME UNDER.4.5,CORNERS_HOME:UNDER_4_5,87.4%,0.873900,1.14,,,,,,,,,,,Sin cuota/EV,No encontrado en Betano,Solo modelo,4,101.39,101.386000,,Betano no expuesto,Alta,contexto premium mixto,usa mezcla de promedios del torneo y recientes/API-Football,el volumen ofensivo puede variar por planteamiento y marcador temprano,
2026-09-08,13:45,Sunderland vs Hull City,,,Tarjetas total -5.5,CARDS_TOTALS UNDER.5.5,CARDS_TOTALS:UNDER_5_5,85.8%,0.857600,1.17,,,,,,,,,,,Sin cuota/EV,No encontrado en Betano,Solo modelo,3,91.76,91.761000,,Betano no expuesto,Alta,contexto premium mixto,usa mezcla de promedios del torneo y recientes/API-Football,depende mucho del arbitro y del contexto competitivo,
2026-09-08,13:45,Sunderland vs Hull City,,,Visita corners -5.5,CORNERS_AWAY UNDER.5.5,CORNERS_AWAY:UNDER_5_5,84.1%,0.840700,1.19,,,,,,,,,,,Sin cuota/EV,No encontrado en Betano,Solo modelo,4,98.07,98.066000,,Betano no expuesto,Alta,contexto premium mixto,usa mezcla de promedios del torneo y recientes/API-Football,el volumen ofensivo puede variar por planteamiento y marcador temprano,
2026-09-08,13:45,Sunderland vs Hull City,,,Corners total -8.5,CORNERS_TOTALS UNDER.8.5,CORNERS_TOTALS:UNDER_8_5,82.0%,0.820400,1.22,,,,,,,,,,,Sin cuota/EV,No encontrado en Betano,Solo modelo,6,110.04,110.038000,,Betano no expuesto,Alta,contexto premium mixto,usa mezcla de promedios del torneo y recientes/API-Football,el volumen ofensivo puede variar por planteamiento y marcador temprano,
2026-09-08,13:45,Sunderland vs Hull City,10Bet,,1T +0.5,FIRST_HALF_TOTALS OVER.0.5,FIRST_HALF_TOTALS:OVER_0_5,79.8%,0.798100,1.25,2.70,1.15,1.154900,1.45,2.15,,,,,,EV positivo,No encontrado en Betano,Valor,5,113.60,113.598000,Cuota API muy superior a la cuota justa: revisar manualmente antes de apostar,Betano no expuesto,Alta,contexto premium mixto,usa mezcla de promedios del torneo y recientes/API-Football,el primer tiempo puede tener ritmo bajo o rotaciones,
2026-09-08,13:45,Sunderland vs Hull City,10Bet,,Goles -3.5,TOTALS UNDER.3.5,TOTALS:UNDER_3_5,79.5%,0.794500,1.26,1.30,0.03,0.032900,0.04,1.03,,,,,,EV positivo,No encontrado en Betano,Seguro,10,131.05,131.047000,,Betano no expuesto,Alta,fallback ultimos partidos,usa Poisson fallback con ultimos partidos multi-competicion,un gol temprano o baja eficacia puede cambiar la lectura del mercado,
2026-09-08,13:45,Sunderland vs Hull City,,,SHOTS_TOTAL OVER.22.5,SHOTS_TOTAL OVER.22.5,SHOTS_TOTAL:OVER_22_5,77.1%,0.770600,1.30,,,,,,,,,,,Sin cuota/EV,No encontrado en Betano,Solo modelo,2,78.06,78.058000,,Betano no expuesto,Alta,contexto premium mixto,usa mezcla de promedios del torneo y recientes/API-Football,el volumen ofensivo puede variar por planteamiento y marcador temprano,
2026-09-08,13:45,Sunderland vs Hull City,,,Local tarjetas -3.5,CARDS_HOME UNDER.3.5,CARDS_HOME:UNDER_3_5,75.8%,0.757600,1.32,,,,,,,,,,,Sin cuota/EV,No encontrado en Betano,Solo modelo,2,76.76,76.758000,,Betano no expuesto,Alta,contexto premium mixto,usa mezcla de promedios del torneo y recientes/API-Football,depende mucho del arbitro y del contexto competitivo,
2026-09-08,13:45,Sunderland vs Hull City,,,Visita tarjetas -1.5,CARDS_AWAY UNDER.1.5,CARDS_AWAY:UNDER_1_5,73.6%,0.735800,1.36,,,,,,,,,,,Sin cuota/EV,No encontrado en Betano,Solo modelo,2,74.58,74.576000,,Betano no expuesto,Alta,contexto premium mixto,usa mezcla de promedios del torneo y recientes/API-Football,depende mucho del arbitro y del contexto competitivo,
2026-09-08,13:45,Sunderland vs Hull City,,,Local corners -3.5,CORNERS_HOME UNDER.3.5,CORNERS_HOME:UNDER_3_5,73.1%,0.730600,1.37,,,,,,,,,,,Sin cuota/EV,No encontrado en Betano,Solo modelo,4,87.06,87.055000,,Betano no expuesto,Alta,contexto premium mixto,usa mezcla de promedios del torneo y recientes/API-Football,el volumen ofensivo puede variar por planteamiento y marcador temprano,
2026-09-08,13:45,Sunderland vs Hull City,,,SHOTS_ON_TARGET_TOTAL OVER.6.5,SHOTS_ON_TARGET_TOTAL OVER.6.5,SHOTS_ON_TARGET_TOTAL:OVER_6_5,73.0%,0.730300,1.37,,,,,,,,,,,Sin cuota/EV,No encontrado en Betano,Solo modelo,2,74.03,74.025000,,Betano no expuesto,Alta,contexto premium mixto,usa mezcla de promedios del torneo y recientes/API-Football,el volumen ofensivo puede variar por planteamiento y marcador temprano,
2026-09-08,13:45,Sunderland vs Hull City,,,Tarjetas total -4.5,CARDS_TOTALS UNDER.4.5,CARDS_TOTALS:UNDER_4_5,72.5%,0.725400,1.38,,,,,,,,,,,Sin cuota/EV,No encontrado en Betano,Solo modelo,3,78.54,78.544000,,Betano no expuesto,Alta,contexto premium mixto,usa mezcla de promedios del torneo y recientes/API-Football,depende mucho del arbitro y del contexto competitivo,
2026-09-08,13:45,Sunderland vs Hull City,,,DOUBLE_CHANCE 12,DOUBLE_CHANCE 12,DOUBLE_CHANCE:12,71.9%,0.718600,1.39,,,,,,,,,,,Sin cuota/EV,No encontrado en Betano,Solo modelo,9,112.86,112.859000,,Betano no expuesto,Alta,fallback ultimos partidos,usa Poisson fallback con ultimos partidos multi-competicion,riesgo propio del resultado final y variacion del modelo,
2026-09-08,13:45,Sunderland vs Hull City,,,Local tarjetas +1.5,CARDS_HOME OVER.1.5,CARDS_HOME:OVER_1_5,71.3%,0.712700,1.40,,,,,,,,,,,Sin cuota/EV,No encontrado en Betano,Solo modelo,2,72.27,72.270000,,Betano no expuesto,Alta,contexto premium mixto,usa mezcla de promedios del torneo y recientes/API-Football,depende mucho del arbitro y del contexto competitivo,
2026-09-08,13:45,Sunderland vs Hull City,,,Corners total -7.5,CORNERS_TOTALS UNDER.7.5,CORNERS_TOTALS:UNDER_7_5,70.9%,0.708900,1.41,,,,,,,,,,,Sin cuota/EV,No encontrado en Betano,Solo modelo,6,98.89,98.890000,,Betano no expuesto,Alta,contexto premium mixto,usa mezcla de promedios del torneo y recientes/API-Football,el volumen ofensivo puede variar por planteamiento y marcador temprano,
2026-09-08,13:45,Sunderland vs Hull City,,,Local goles +0.5,TEAM_TOTAL_HOME OVER.0.5,TEAM_TOTAL_HOME:OVER_0_5,70.4%,0.704200,1.42,,,,,,,,,,,Sin cuota/EV,No encontrado en Betano,Solo modelo,4,82.42,82.417000,,Betano no expuesto,Alta,fallback ultimos partidos,usa Poisson fallback con ultimos partidos multi-competicion,un gol temprano o baja eficacia puede cambiar la lectura del mercado,
2026-09-08,13:45,Sunderland vs Hull City,10Bet,,Visita corners -4.5,CORNERS_AWAY UNDER.4.5,CORNERS_AWAY:UNDER_4_5,70.2%,0.701700,1.43,1.55,0.09,0.087600,0.12,1.09,,,,,,EV positivo,No encontrado en Betano,Valor,4,87.74,87.741000,,Betano no expuesto,Alta,contexto premium mixto,usa mezcla de promedios del torneo y recientes/API-Football,el volumen ofensivo puede variar por planteamiento y marcador temprano,
2026-09-08,13:45,Sunderland vs Hull City,,,Visita goles -1.5,TEAM_TOTAL_AWAY UNDER.1.5,TEAM_TOTAL_AWAY:UNDER_1_5,69.7%,0.697000,1.44,,,,,,,,,,,Sin cuota/EV,No encontrado en Betano,Solo modelo,4,81.70,81.700000,,Betano no expuesto,Media,fallback ultimos partidos,usa Poisson fallback con ultimos partidos multi-competicion,un gol temprano o baja eficacia puede cambiar la lectura del mercado,
2026-09-08,13:45,Sunderland vs Hull City,,,Tarjetas total +2.5,CARDS_TOTALS OVER.2.5,CARDS_TOTALS:OVER_2_5,67.9%,0.679200,1.47,,,,,,,,,,,Sin cuota/EV,No encontrado en Betano,Solo modelo,3,73.92,73.915000,,Betano no expuesto,Media,contexto premium mixto,usa mezcla de promedios del torneo y recientes/API-Football,depende mucho del arbitro y del contexto competitivo,
2026-09-08,13:45,Sunderland vs Hull City,10Bet,,Goles +1.5,TOTALS OVER.1.5,TOTALS:OVER_1_5,67.5%,0.674500,1.48,2.10,0.42,0.416500,0.62,1.42,,,,,,EV positivo,No encontrado en Betano,Valor,10,122.95,122.951000,,Betano no expuesto,Media,fallback ultimos partidos,usa Poisson fallback con ultimos partidos multi-competicion,un gol temprano o baja eficacia puede cambiar la lectura del mercado,
2026-09-08,13:45,Sunderland vs Hull City,,,SHOTS_ON_TARGET_TOTAL UNDER.9.5,SHOTS_ON_TARGET_TOTAL UNDER.9.5,SHOTS_ON_TARGET_TOTAL:UNDER_9_5,66.9%,0.669100,1.49,,,,,,,,,,,Sin cuota/EV,No encontrado en Betano,Solo modelo,2,67.91,67.914000,,Betano no expuesto,Media,contexto premium mixto,usa mezcla de promedios del torneo y recientes/API-Football,el volumen ofensivo puede variar por planteamiento y marcador temprano,
2026-09-08,13:45,Sunderland vs Hull City,,,Visita goles +0.5,TEAM_TOTAL_AWAY OVER.0.5,TEAM_TOTAL_AWAY:OVER_0_5,66.9%,0.669000,1.50,,,,,,,,,,,Sin cuota/EV,No encontrado en Betano,Solo modelo,4,78.90,78.897000,,Betano no expuesto,Media,fallback ultimos partidos,usa Poisson fallback con ultimos partidos multi-competicion,un gol temprano o baja eficacia puede cambiar la lectura del mercado,
2026-09-08,13:45,Sunderland vs Hull City,,,DOUBLE_CHANCE 1X,DOUBLE_CHANCE 1X,DOUBLE_CHANCE:1X,66.8%,0.668300,1.50,,,,,,,,,,,Sin cuota/EV,No encontrado en Betano,Solo modelo,9,107.83,107.834000,,Betano no expuesto,Media,fallback ultimos partidos,usa Poisson fallback con ultimos partidos multi-competicion,riesgo propio del resultado final y variacion del modelo,
2026-09-08,13:45,Sunderland vs Hull City,,,Local goles -1.5,TEAM_TOTAL_HOME UNDER.1.5,TEAM_TOTAL_HOME:UNDER_1_5,65.6%,0.656100,1.52,,,,,,,,,,,Sin cuota/EV,No encontrado en Betano,Solo modelo,4,77.61,77.614000,,Betano no expuesto,Media,fallback ultimos partidos,usa Poisson fallback con ultimos partidos multi-competicion,un gol temprano o baja eficacia puede cambiar la lectura del mercado,
2026-09-08,13:45,Sunderland vs Hull City,,,Visita tarjetas +0.5,CARDS_AWAY OVER.0.5,CARDS_AWAY:OVER_0_5,63.2%,0.632100,1.58,,,,,,,,,,,Sin cuota/EV,No encontrado en Betano,Solo modelo,2,64.21,64.212000,,Betano no expuesto,Media,contexto premium mixto,usa mezcla de promedios del torneo y recientes/API-Football,depende mucho del arbitro y del contexto competitivo,
2026-09-08,13:45,Sunderland vs Hull City,,,SHOTS_TOTAL OVER.24.5,SHOTS_TOTAL OVER.24.5,SHOTS_TOTAL:OVER_24_5,63.2%,0.631800,1.58,,,,,,,,,,,Sin cuota/EV,No encontrado en Betano,Solo modelo,2,64.18,64.177000,,Betano no expuesto,Media,contexto premium mixto,usa mezcla de promedios del torneo y recientes/API-Football,el volumen ofensivo puede variar por planteamiento y marcador temprano,
2026-09-08,13:45,Sunderland vs Hull City,,,DOUBLE_CHANCE X2,DOUBLE_CHANCE X2,DOUBLE_CHANCE:X2,61.3%,0.613100,1.63,,,,,,,,,,,Sin cuota/EV,No encontrado en Betano,Solo modelo,9,102.31,102.307000,,Betano no expuesto,Media,fallback ultimos partidos,usa Poisson fallback con ultimos partidos multi-competicion,riesgo propio del resultado final y variacion del modelo,
2026-09-08,13:45,Sunderland vs Hull City,,,SHOTS_ON_TARGET_TOTAL OVER.7.5,SHOTS_ON_TARGET_TOTAL OVER.7.5,SHOTS_ON_TARGET_TOTAL:OVER_7_5,59.8%,0.598000,1.67,,,,,,,,,,,Sin cuota/EV,No encontrado en Betano,Solo modelo,2,60.80,60.805000,,Betano no expuesto,Media,contexto premium mixto,usa mezcla de promedios del torneo y recientes/API-Football,el volumen ofensivo puede variar por planteamiento y marcador temprano,
2026-09-08,13:45,Sunderland vs Hull City,10Bet,,Goles -2.5,TOTALS UNDER.2.5,TOTALS:UNDER_2_5,59.0%,0.589800,1.70,1.17,-0.31,-0.309900,-0.53,0.69,,,,,,EV negativo,No encontrado en Betano,Revisar,8,85.40,85.402000,Cuota por debajo de la cuota justa: valor limitado,Betano no expuesto,Media,fallback ultimos partidos,usa Poisson fallback con ultimos partidos multi-competicion,un gol temprano o baja eficacia puede cambiar la lectura del mercado,
2026-09-08,13:45,Sunderland vs Hull City,,,Local tarjetas -2.5,CARDS_HOME UNDER.2.5,CARDS_HOME:UNDER_2_5,54.4%,0.543800,1.84,,,,,,,,,,,Sin cuota/EV,No encontrado en Betano,Solo modelo,2,55.38,55.381000,,Betano no expuesto,Baja,contexto premium mixto,usa mezcla de promedios del torneo y recientes/API-Football,depende mucho del arbitro y del contexto competitivo,
2026-09-08,13:45,Sunderland vs Hull City,,,SHOTS_ON_TARGET_TOTAL UNDER.8.5,SHOTS_ON_TARGET_TOTAL UNDER.8.5,SHOTS_ON_TARGET_TOTAL:UNDER_8_5,54.0%,0.540400,1.85,,,,,,,,,,,Sin cuota/EV,No encontrado en Betano,Solo modelo,2,55.03,55.035000,,Betano no expuesto,Baja,contexto premium mixto,usa mezcla de promedios del torneo y recientes/API-Football,el volumen ofensivo puede variar por planteamiento y marcador temprano,
2026-09-08,13:45,Sunderland vs Hull City,10Bet,,DNB local,DRAW_NO_BET HOME,DRAW_NO_BET:HOME,53.8%,0.538500,1.86,1.36,-0.27,-0.267700,-0.50,0.73,,,,,,EV negativo,No encontrado en Betano,Revisar,9,86.03,86.028000,Cuota por debajo de la cuota justa: valor limitado,Betano no expuesto,Baja,fallback ultimos partidos,usa Poisson fallback con ultimos partidos multi-competicion,riesgo propio del resultado final y variacion del modelo,
2026-09-08,13:45,Sunderland vs Hull City,,,Tarjetas total -3.5,CARDS_TOTALS UNDER.3.5,CARDS_TOTALS:UNDER_3_5,53.7%,0.536600,1.86,,,,,,,,,,,Sin cuota/EV,No encontrado en Betano,Solo modelo,3,59.66,59.663000,,Betano no expuesto,Baja,contexto premium mixto,usa mezcla de promedios del torneo y recientes/API-Football,depende mucho del arbitro y del contexto competitivo,
2026-09-08,13:45,Sunderland vs Hull City,10Bet,,BTTS no,BTTS NO,BTTS:NO,52.9%,0.528900,1.89,1.17,-0.38,-0.381200,-0.72,0.62,,,,,,EV negativo,No encontrado en Betano,Revisar,8,78.03,78.032000,Cuota por debajo de la cuota justa: valor limitado,Betano no expuesto,Baja,fallback ultimos partidos,usa Poisson fallback con ultimos partidos multi-competicion,un gol temprano o baja eficacia puede cambiar la lectura del mercado,
2026-09-08,13:45,Sunderland vs Hull City,10Bet,,1T -1.5,FIRST_HALF_TOTALS UNDER.1.5,FIRST_HALF_TOTALS:UNDER_1_5,52.5%,0.524900,1.91,1.18,-0.38,-0.380600,-0.72,0.62,,,,,,EV negativo,No encontrado en Betano,Evitar,5,49.64,49.643000,Cuota por debajo de la cuota justa: valor limitado,Betano no expuesto,Baja,contexto premium mixto,usa mezcla de promedios del torneo y recientes/API-Football,el primer tiempo puede tener ritmo bajo o rotaciones,
2026-09-08,13:45,Sunderland vs Hull City,,,SHOTS_TOTAL UNDER.26.5,SHOTS_TOTAL UNDER.26.5,SHOTS_TOTAL:UNDER_26_5,52.3%,0.522700,1.91,,,,,,,,,,,Sin cuota/EV,No encontrado en Betano,Solo modelo,2,53.27,53.268000,,Betano no expuesto,Baja,contexto premium mixto,usa mezcla de promedios del torneo y recientes/API-Football,el volumen ofensivo puede variar por planteamiento y marcador temprano,
2026-09-08,13:45,Sunderland vs Hull City,10Bet,,Visita corners -3.5,CORNERS_AWAY UNDER.3.5,CORNERS_AWAY:UNDER_3_5,51.0%,0.509900,1.96,2.05,0.05,0.045300,0.09,1.05,,,,,,EV positivo,No encontrado en Betano,Equilibrado,4,65.81,65.807000,,Betano no expuesto,Baja,contexto premium mixto,usa mezcla de promedios del torneo y recientes/API-Football,el volumen ofensivo puede variar por planteamiento y marcador temprano,
2026-09-08,13:45,Sunderland vs Hull City,10Bet,,Visita corners +3.5,CORNERS_AWAY OVER.3.5,CORNERS_AWAY:OVER_3_5,49.0%,0.490100,2.04,1.57,-0.23,-0.230600,-0.47,0.77,,,,,,EV negativo,No encontrado en Betano,Evitar,4,39.86,39.858000,Cuota por debajo de la cuota justa: valor limitado,Betano no expuesto,Baja,contexto premium mixto,usa mezcla de promedios del torneo y recientes/API-Football,el volumen ofensivo puede variar por planteamiento y marcador temprano,
2026-09-08,13:45,Sunderland vs Hull City,,,SHOTS_TOTAL OVER.26.5,SHOTS_TOTAL OVER.26.5,SHOTS_TOTAL:OVER_26_5,47.7%,0.477300,2.10,,,,,,,,,,,Sin cuota/EV,No encontrado en Betano,Solo modelo,2,48.73,48.732000,,Betano no expuesto,Baja,contexto premium mixto,usa mezcla de promedios del torneo y recientes/API-Football,el volumen ofensivo puede variar por planteamiento y marcador temprano,
2026-09-08,13:45,Sunderland vs Hull City,10Bet,,1T +1.5,FIRST_HALF_TOTALS OVER.1.5,FIRST_HALF_TOTALS:OVER_1_5,47.5%,0.475100,2.10,4.33,1.06,1.057000,2.23,2.06,,,,,,EV positivo,No encontrado en Betano,Equilibrado,5,77.53,77.534000,Cuota API muy superior a la cuota justa: revisar manualmente antes de apostar,Betano no expuesto,Baja,contexto premium mixto,usa mezcla de promedios del torneo y recientes/API-Football,el primer tiempo puede tener ritmo bajo o rotaciones,
2026-09-08,13:45,Sunderland vs Hull City,10Bet,,BTTS sí,BTTS YES,BTTS:YES,47.1%,0.471100,2.12,4.50,1.12,1.119800,2.38,2.12,,,,,,EV positivo,No encontrado en Betano,Revisar,8,91.26,91.264000,Cuota API muy superior a la cuota justa: revisar manualmente antes de apostar,Betano no expuesto,Baja,fallback ultimos partidos,usa Poisson fallback con ultimos partidos multi-competicion,un gol temprano o baja eficacia puede cambiar la lectura del mercado,
2026-09-08,13:45,Sunderland vs Hull City,,,Tarjetas total +3.5,CARDS_TOTALS OVER.3.5,CARDS_TOTALS:OVER_3_5,46.3%,0.463400,2.16,,,,,,,,,,,Sin cuota/EV,No encontrado en Betano,Solo modelo,3,52.34,52.337000,,Betano no expuesto,Baja,contexto premium mixto,usa mezcla de promedios del torneo y recientes/API-Football,depende mucho del arbitro y del contexto competitivo,
2026-09-08,13:45,Sunderland vs Hull City,10Bet,,DNB visita,DRAW_NO_BET AWAY,DRAW_NO_BET:AWAY,46.2%,0.461500,2.17,2.90,0.34,0.338500,0.73,1.34,,,,,,EV positivo,No encontrado en Betano,Revisar,9,93.25,93.246000,,Betano no expuesto,Baja,fallback ultimos partidos,usa Poisson fallback con ultimos partidos multi-competicion,riesgo propio del resultado final y variacion del modelo,
2026-09-08,13:45,Sunderland vs Hull City,,,SHOTS_ON_TARGET_TOTAL OVER.8.5,SHOTS_ON_TARGET_TOTAL OVER.8.5,SHOTS_ON_TARGET_TOTAL:OVER_8_5,46.0%,0.459600,2.18,,,,,,,,,,,Sin cuota/EV,No encontrado en Betano,Solo modelo,2,46.97,46.965000,,Betano no expuesto,Baja,contexto premium mixto,usa mezcla de promedios del torneo y recientes/API-Football,el volumen ofensivo puede variar por planteamiento y marcador temprano,
2026-09-08,13:45,Sunderland vs Hull City,,,Local tarjetas +2.5,CARDS_HOME OVER.2.5,CARDS_HOME:OVER_2_5,45.6%,0.456200,2.19,,,,,,,,,,,Sin cuota/EV,No encontrado en Betano,Solo modelo,2,46.62,46.619000,,Betano no expuesto,Baja,contexto premium mixto,usa mezcla de promedios del torneo y recientes/API-Football,depende mucho del arbitro y del contexto competitivo,
2026-09-08,13:45,Sunderland vs Hull City,10Bet,,Goles +2.5,TOTALS OVER.2.5,TOTALS:OVER_2_5,41.0%,0.410200,2.44,4.50,0.85,0.845900,2.06,1.85,,,,,,EV positivo,No encontrado en Betano,Revisar,8,80.24,80.244000,Cuota API muy superior a la cuota justa: revisar manualmente antes de apostar,Betano no expuesto,Baja,fallback ultimos partidos,usa Poisson fallback con ultimos partidos multi-competicion,un gol temprano o baja eficacia puede cambiar la lectura del mercado,
2026-09-08,13:45,Sunderland vs Hull City,,,SHOTS_ON_TARGET_TOTAL UNDER.7.5,SHOTS_ON_TARGET_TOTAL UNDER.7.5,SHOTS_ON_TARGET_TOTAL:UNDER_7_5,40.2%,0.402000,2.49,,,,,,,,,,,Sin cuota/EV,No encontrado en Betano,Solo modelo,2,41.20,41.195000,,Betano no expuesto,Baja,contexto premium mixto,usa mezcla de promedios del torneo y recientes/API-Football,el volumen ofensivo puede variar por planteamiento y marcador temprano,
2026-09-08,13:45,Sunderland vs Hull City,10Bet,,Gana local,1X2 HOME,1X2:HOME,38.7%,0.386900,2.58,2.88,0.11,0.114400,0.30,1.11,,,,,,EV positivo,No encontrado en Betano,Revisar,7,71.75,71.752000,,Betano no expuesto,Baja,fallback ultimos partidos,usa Poisson fallback con ultimos partidos multi-competicion,riesgo propio del resultado final y variacion del modelo,
2026-09-08,13:45,Sunderland vs Hull City,,,SHOTS_TOTAL UNDER.24.5,SHOTS_TOTAL UNDER.24.5,SHOTS_TOTAL:UNDER_24_5,36.8%,0.368200,2.72,,,,,,,,,,,Sin cuota/EV,No encontrado en Betano,Solo modelo,2,37.82,37.823000,,Betano no expuesto,Baja,contexto premium mixto,usa mezcla de promedios del torneo y recientes/API-Football,el volumen ofensivo puede variar por planteamiento y marcador temprano,
2026-09-08,13:45,Sunderland vs Hull City,,,Visita tarjetas -0.5,CARDS_AWAY UNDER.0.5,CARDS_AWAY:UNDER_0_5,36.8%,0.367900,2.72,,,,,,,,,,,Sin cuota/EV,No encontrado en Betano,Solo modelo,2,37.79,37.788000,,Betano no expuesto,Baja,contexto premium mixto,usa mezcla de promedios del torneo y recientes/API-Football,depende mucho del arbitro y del contexto competitivo,
2026-09-08,13:45,Sunderland vs Hull City,,,Local goles +1.5,TEAM_TOTAL_HOME OVER.1.5,TEAM_TOTAL_HOME:OVER_1_5,34.4%,0.343900,2.91,,,,,,,,,,,Sin cuota/EV,No encontrado en Betano,Solo modelo,4,46.39,46.386000,,Betano no expuesto,Baja,fallback ultimos partidos,usa Poisson fallback con ultimos partidos multi-competicion,un gol temprano o baja eficacia puede cambiar la lectura del mercado,
2026-09-08,13:45,Sunderland vs Hull City,10Bet,,Gana visita,1X2 AWAY,1X2:AWAY,33.2%,0.331700,3.02,6.25,1.07,1.072900,3.23,2.07,,,,,,EV positivo,No encontrado en Betano,Revisar,7,71.48,71.477000,Cuota API muy superior a la cuota justa: revisar manualmente antes de apostar,Betano no expuesto,Baja,fallback ultimos partidos,usa Poisson fallback con ultimos partidos multi-competicion,riesgo propio del resultado final y variacion del modelo,
2026-09-08,13:45,Sunderland vs Hull City,,,Visita goles -0.5,TEAM_TOTAL_AWAY UNDER.0.5,TEAM_TOTAL_AWAY:UNDER_0_5,33.1%,0.331000,3.02,,,,,,,,,,,Sin cuota/EV,No encontrado en Betano,Solo modelo,4,45.10,45.103000,,Betano no expuesto,Baja,fallback ultimos partidos,usa Poisson fallback con ultimos partidos multi-competicion,un gol temprano o baja eficacia puede cambiar la lectura del mercado,
2026-09-08,13:45,Sunderland vs Hull City,,,SHOTS_ON_TARGET_TOTAL OVER.9.5,SHOTS_ON_TARGET_TOTAL OVER.9.5,SHOTS_ON_TARGET_TOTAL:OVER_9_5,33.1%,0.330900,3.02,,,,,,,,,,,Sin cuota/EV,No encontrado en Betano,Solo modelo,2,34.09,34.086000,,Betano no expuesto,Baja,contexto premium mixto,usa mezcla de promedios del torneo y recientes/API-Football,el volumen ofensivo puede variar por planteamiento y marcador temprano,
2026-09-08,13:45,Sunderland vs Hull City,10Bet,,Goles -1.5,TOTALS UNDER.1.5,TOTALS:UNDER_1_5,32.6%,0.325500,3.07,1.65,-0.46,-0.463000,-1.42,0.54,,,,,,EV negativo,No encontrado en Betano,Revisar,1,21.21,21.213000,Cuota por debajo de la cuota justa: valor limitado,Betano no expuesto,Baja,fallback ultimos partidos,usa Poisson fallback con ultimos partidos multi-competicion,un gol temprano o baja eficacia puede cambiar la lectura del mercado,
2026-09-08,13:45,Sunderland vs Hull City,,,Tarjetas total -2.5,CARDS_TOTALS UNDER.2.5,CARDS_TOTALS:UNDER_2_5,32.1%,0.320800,3.12,,,,,,,,,,,Sin cuota/EV,No encontrado en Betano,Solo modelo,3,38.09,38.085000,,Betano no expuesto,Baja,contexto premium mixto,usa mezcla de promedios del torneo y recientes/API-Football,depende mucho del arbitro y del contexto competitivo,
2026-09-08,13:45,Sunderland vs Hull City,,,Visita goles +1.5,TEAM_TOTAL_AWAY OVER.1.5,TEAM_TOTAL_AWAY:OVER_1_5,30.3%,0.303000,3.30,,,,,,,,,,,Sin cuota/EV,No encontrado en Betano,Solo modelo,4,42.30,42.300000,,Betano no expuesto,Baja,fallback ultimos partidos,usa Poisson fallback con ultimos partidos multi-competicion,un gol temprano o baja eficacia puede cambiar la lectura del mercado,
2026-09-08,13:45,Sunderland vs Hull City,10Bet,,Visita corners +4.5,CORNERS_AWAY OVER.4.5,CORNERS_AWAY:OVER_4_5,29.8%,0.298300,3.35,2.10,-0.37,-0.373500,-1.25,0.63,,,,,,EV negativo,No encontrado en Betano,Evitar,4,18.11,18.112000,Cuota por debajo de la cuota justa: valor limitado,Betano no expuesto,Baja,contexto premium mixto,usa mezcla de promedios del torneo y recientes/API-Football,el volumen ofensivo puede variar por planteamiento y marcador temprano,
2026-09-08,13:45,Sunderland vs Hull City,,,Local goles -0.5,TEAM_TOTAL_HOME UNDER.0.5,TEAM_TOTAL_HOME:UNDER_0_5,29.6%,0.295800,3.38,,,,,,,,,,,Sin cuota/EV,No encontrado en Betano,Solo modelo,4,41.58,41.583000,,Betano no expuesto,Baja,fallback ultimos partidos,usa Poisson fallback con ultimos partidos multi-competicion,un gol temprano o baja eficacia puede cambiar la lectura del mercado,
2026-09-08,13:45,Sunderland vs Hull City,,,Corners total +7.5,CORNERS_TOTALS OVER.7.5,CORNERS_TOTALS:OVER_7_5,29.1%,0.291100,3.44,,,,,,,,,,,Sin cuota/EV,No encontrado en Betano,Solo modelo,6,57.11,57.110000,,Betano no expuesto,Baja,contexto premium mixto,usa mezcla de promedios del torneo y recientes/API-Football,el volumen ofensivo puede variar por planteamiento y marcador temprano,
2026-09-08,13:45,Sunderland vs Hull City,,,Local tarjetas -1.5,CARDS_HOME UNDER.1.5,CARDS_HOME:UNDER_1_5,28.7%,0.287300,3.48,,,,,,,,,,,Sin cuota/EV,No encontrado en Betano,Solo modelo,2,29.73,29.730000,,Betano no expuesto,Baja,contexto premium mixto,usa mezcla de promedios del torneo y recientes/API-Football,depende mucho del arbitro y del contexto competitivo,
2026-09-08,13:45,Sunderland vs Hull City,10Bet,,Empate,1X2 DRAW,1X2:DRAW,28.1%,0.281400,3.55,1.75,-0.51,-0.507500,-1.80,0.49,,,,,,EV negativo,No encontrado en Betano,Revisar,7,46.01,46.006000,Cuota por debajo de la cuota justa: valor limitado,Betano no expuesto,Baja,fallback ultimos partidos,usa Poisson fallback con ultimos partidos multi-competicion,riesgo propio del resultado final y variacion del modelo,
2026-09-08,13:45,Sunderland vs Hull City,,,Tarjetas total +4.5,CARDS_TOTALS OVER.4.5,CARDS_TOTALS:OVER_4_5,27.5%,0.274600,3.64,,,,,,,,,,,Sin cuota/EV,No encontrado en Betano,Solo modelo,3,33.46,33.456000,,Betano no expuesto,Baja,contexto premium mixto,usa mezcla de promedios del torneo y recientes/API-Football,depende mucho del arbitro y del contexto competitivo,
2026-09-08,13:45,Sunderland vs Hull City,,,SHOTS_ON_TARGET_TOTAL UNDER.6.5,SHOTS_ON_TARGET_TOTAL UNDER.6.5,SHOTS_ON_TARGET_TOTAL:UNDER_6_5,27.0%,0.269700,3.71,,,,,,,,,,,Sin cuota/EV,No encontrado en Betano,Solo modelo,2,27.98,27.975000,,Betano no expuesto,Baja,contexto premium mixto,usa mezcla de promedios del torneo y recientes/API-Football,el volumen ofensivo puede variar por planteamiento y marcador temprano,
2026-09-08,13:45,Sunderland vs Hull City,,,Local corners +3.5,CORNERS_HOME OVER.3.5,CORNERS_HOME:OVER_3_5,26.9%,0.269400,3.71,,,,,,,,,,,Sin cuota/EV,No encontrado en Betano,Solo modelo,4,40.95,40.945000,,Betano no expuesto,Baja,contexto premium mixto,usa mezcla de promedios del torneo y recientes/API-Football,el volumen ofensivo puede variar por planteamiento y marcador temprano,
2026-09-08,13:45,Sunderland vs Hull City,,,Visita tarjetas +1.5,CARDS_AWAY OVER.1.5,CARDS_AWAY:OVER_1_5,26.4%,0.264200,3.78,,,,,,,,,,,Sin cuota/EV,No encontrado en Betano,Solo modelo,2,27.42,27.424000,,Betano no expuesto,Baja,contexto premium mixto,usa mezcla de promedios del torneo y recientes/API-Football,depende mucho del arbitro y del contexto competitivo,
2026-09-08,13:45,Sunderland vs Hull City,,,Local tarjetas +3.5,CARDS_HOME OVER.3.5,CARDS_HOME:OVER_3_5,24.2%,0.242400,4.12,,,,,,,,,,,Sin cuota/EV,No encontrado en Betano,Solo modelo,2,25.24,25.242000,,Betano no expuesto,Baja,contexto premium mixto,usa mezcla de promedios del torneo y recientes/API-Football,depende mucho del arbitro y del contexto competitivo,
2026-09-08,13:45,Sunderland vs Hull City,,,SHOTS_TOTAL UNDER.22.5,SHOTS_TOTAL UNDER.22.5,SHOTS_TOTAL:UNDER_22_5,22.9%,0.229400,4.36,,,,,,,,,,,Sin cuota/EV,No encontrado en Betano,Solo modelo,2,23.94,23.942000,,Betano no expuesto,Baja,contexto premium mixto,usa mezcla de promedios del torneo y recientes/API-Football,el volumen ofensivo puede variar por planteamiento y marcador temprano,
2026-09-08,13:45,Sunderland vs Hull City,10Bet,,Goles +3.5,TOTALS OVER.3.5,TOTALS:OVER_3_5,20.5%,0.205500,4.87,3.35,-0.31,-0.311700,-1.52,0.69,,,,,,EV negativo,No encontrado en Betano,Revisar,1,11.93,11.934000,Cuota por debajo de la cuota justa: valor limitado,Betano no expuesto,Baja,fallback ultimos partidos,usa Poisson fallback con ultimos partidos multi-competicion,un gol temprano o baja eficacia puede cambiar la lectura del mercado,
2026-09-08,13:45,Sunderland vs Hull City,10Bet,,1T -0.5,FIRST_HALF_TOTALS UNDER.0.5,FIRST_HALF_TOTALS:UNDER_0_5,20.2%,0.201900,4.95,1.42,-0.71,-0.713300,-3.53,0.29,,,,,,EV negativo,No encontrado en Betano,Evitar,5,12.19,12.190000,Cuota por debajo de la cuota justa: valor limitado,Betano no expuesto,Baja,contexto premium mixto,usa mezcla de promedios del torneo y recientes/API-Football,el primer tiempo puede tener ritmo bajo o rotaciones,
2026-09-08,13:45,Sunderland vs Hull City,,,Corners total +8.5,CORNERS_TOTALS OVER.8.5,CORNERS_TOTALS:OVER_8_5,18.0%,0.179600,5.57,,,,,,,,,,,Sin cuota/EV,No encontrado en Betano,Solo modelo,6,45.96,45.962000,,Betano no expuesto,Baja,contexto premium mixto,usa mezcla de promedios del torneo y recientes/API-Football,el volumen ofensivo puede variar por planteamiento y marcador temprano,
2026-09-08,13:45,Sunderland vs Hull City,,,Visita corners +5.5,CORNERS_AWAY OVER.5.5,CORNERS_AWAY:OVER_5_5,15.9%,0.159300,6.28,,,,,,,,,,,Sin cuota/EV,No encontrado en Betano,Solo modelo,4,29.93,29.934000,,Betano no expuesto,Baja,contexto premium mixto,usa mezcla de promedios del torneo y recientes/API-Football,el volumen ofensivo puede variar por planteamiento y marcador temprano,
2026-09-08,13:45,Sunderland vs Hull City,,,Tarjetas total +5.5,CARDS_TOTALS OVER.5.5,CARDS_TOTALS:OVER_5_5,14.2%,0.142400,7.02,,,,,,,,,,,Sin cuota/EV,No encontrado en Betano,Solo modelo,3,20.24,20.239000,,Betano no expuesto,Baja,contexto premium mixto,usa mezcla de promedios del torneo y recientes/API-Football,depende mucho del arbitro y del contexto competitivo,
2026-09-08,13:45,Sunderland vs Hull City,,,Local corners +4.5,CORNERS_HOME OVER.4.5,CORNERS_HOME:OVER_4_5,12.6%,0.126100,7.93,,,,,,,,,,,Sin cuota/EV,No encontrado en Betano,Solo modelo,4,26.61,26.614000,,Betano no expuesto,Baja,contexto premium mixto,usa mezcla de promedios del torneo y recientes/API-Football,el volumen ofensivo puede variar por planteamiento y marcador temprano,
2026-09-08,13:45,Sunderland vs Hull City,,,Local goles +2.5,TEAM_TOTAL_HOME OVER.2.5,TEAM_TOTAL_HOME:OVER_2_5,12.4%,0.124400,8.04,,,,,,,,,,,Sin cuota/EV,No encontrado en Betano,Solo modelo,4,24.44,24.443000,,Betano no expuesto,Baja,fallback ultimos partidos,usa Poisson fallback con ultimos partidos multi-competicion,un gol temprano o baja eficacia puede cambiar la lectura del mercado,
2026-09-08,13:45,Sunderland vs Hull City,,,SHOTS_TOTAL UNDER.20.5,SHOTS_TOTAL UNDER.20.5,SHOTS_TOTAL:UNDER_20_5,12.4%,0.123600,8.09,,,,,,,,,,,Sin cuota/EV,No encontrado en Betano,Solo modelo,2,13.37,13.365000,,Betano no expuesto,Baja,contexto premium mixto,usa mezcla de promedios del torneo y recientes/API-Football,el volumen ofensivo puede variar por planteamiento y marcador temprano,
2026-09-08,13:45,Sunderland vs Hull City,,,Corners total +9.5,CORNERS_TOTALS OVER.9.5,CORNERS_TOTALS:OVER_9_5,10.2%,0.102200,9.78,,,,,,,,,,,Sin cuota/EV,No encontrado en Betano,Solo modelo,6,38.22,38.221000,,Betano no expuesto,Baja,contexto premium mixto,usa mezcla de promedios del torneo y recientes/API-Football,el volumen ofensivo puede variar por planteamiento y marcador temprano,
2026-09-08,13:45,Sunderland vs Hull City,,,Visita goles +2.5,TEAM_TOTAL_AWAY OVER.2.5,TEAM_TOTAL_AWAY:OVER_2_5,10.1%,0.100700,9.93,,,,,,,,,,,Sin cuota/EV,No encontrado en Betano,Solo modelo,4,22.07,22.070000,,Betano no expuesto,Baja,fallback ultimos partidos,usa Poisson fallback con ultimos partidos multi-competicion,un gol temprano o baja eficacia puede cambiar la lectura del mercado,
2026-09-08,13:45,Sunderland vs Hull City,,,Local tarjetas -0.5,CARDS_HOME UNDER.0.5,CARDS_HOME:UNDER_0_5,8.2%,0.082100,12.18,,,,,,,,,,,Sin cuota/EV,No encontrado en Betano,Solo modelo,2,9.21,9.208000,,Betano no expuesto,Baja,contexto premium mixto,usa mezcla de promedios del torneo y recientes/API-Football,depende mucho del arbitro y del contexto competitivo,
2026-09-08,13:45,Sunderland vs Hull City,,,Visita tarjetas +2.5,CARDS_AWAY OVER.2.5,CARDS_AWAY:OVER_2_5,8.0%,0.080300,12.45,,,,,,,,,,,Sin cuota/EV,No encontrado en Betano,Solo modelo,2,9.03,9.030000,,Betano no expuesto,Baja,contexto premium mixto,usa mezcla de promedios del torneo y recientes/API-Football,depende mucho del arbitro y del contexto competitivo,
2026-09-08,13:45,Sunderland vs Hull City,,,Visita corners +6.5,CORNERS_AWAY OVER.6.5,CORNERS_AWAY:OVER_6_5,7.5%,0.075400,13.27,,,,,,,,,,,Sin cuota/EV,No encontrado en Betano,Solo modelo,4,21.54,21.536000,,Betano no expuesto,Baja,contexto premium mixto,usa mezcla de promedios del torneo y recientes/API-Football,el volumen ofensivo puede variar por planteamiento y marcador temprano,
2026-09-08,13:45,Sunderland vs Hull City,,,Tarjetas total +6.5,CARDS_TOTALS OVER.6.5,CARDS_TOTALS:OVER_6_5,6.5%,0.065300,15.32,,,,,,,,,,,Sin cuota/EV,No encontrado en Betano,Solo modelo,3,12.53,12.529000,,Betano no expuesto,Baja,contexto premium mixto,usa mezcla de promedios del torneo y recientes/API-Football,depende mucho del arbitro y del contexto competitivo,
2026-09-08,13:45,Sunderland vs Hull City,,,SHOTS_TOTAL UNDER.18.5,SHOTS_TOTAL UNDER.18.5,SHOTS_TOTAL:UNDER_18_5,5.6%,0.056300,17.76,,,,,,,,,,,Sin cuota/EV,No encontrado en Betano,Solo modelo,2,6.63,6.630000,,Betano no expuesto,Baja,contexto premium mixto,usa mezcla de promedios del torneo y recientes/API-Football,el volumen ofensivo puede variar por planteamiento y marcador temprano,
2026-09-08,13:45,Sunderland vs Hull City,10Bet,,Corners total +10.5,CORNERS_TOTALS OVER.10.5,CORNERS_TOTALS:OVER_10_5,5.4%,0.053800,18.58,2.05,-0.89,-0.889700,-16.53,0.11,,,,,,EV negativo,No encontrado en Betano,Evitar,6,2.38,2.382000,Cuota por debajo de la cuota justa: valor limitado,Betano no expuesto,Baja,contexto premium mixto,usa mezcla de promedios del torneo y recientes/API-Football,el volumen ofensivo puede variar por planteamiento y marcador temprano,
2026-09-08,13:45,Sunderland vs Hull City,10Bet,,Local corners +5.5,CORNERS_HOME OVER.5.5,CORNERS_HOME:OVER_5_5,5.1%,0.050900,19.65,1.65,-0.92,-0.916000,-18.00,0.08,,,,,,EV negativo,No encontrado en Betano,Evitar,4,-11.91,-11.910000,Cuota por debajo de la cuota justa: valor limitado,Betano no expuesto,Baja,contexto premium mixto,usa mezcla de promedios del torneo y recientes/API-Football,el volumen ofensivo puede variar por planteamiento y marcador temprano,
2026-09-08,13:45,Sunderland vs Hull City,,,Corners total +11.5,CORNERS_TOTALS OVER.11.5,CORNERS_TOTALS:OVER_11_5,2.6%,0.026300,37.98,,,,,,,,,,,Sin cuota/EV,No encontrado en Betano,Solo modelo,6,30.63,30.633000,,Betano no expuesto,Baja,contexto premium mixto,usa mezcla de promedios del torneo y recientes/API-Football,el volumen ofensivo puede variar por planteamiento y marcador temprano,
2026-09-08,13:45,Sunderland vs Hull City,,,Visita tarjetas +3.5,CARDS_AWAY OVER.3.5,CARDS_AWAY:OVER_3_5,1.9%,0.019000,52.66,,,,,,,,,,,Sin cuota/EV,No encontrado en Betano,Solo modelo,2,2.90,2.899000,,Betano no expuesto,Baja,contexto premium mixto,usa mezcla de promedios del torneo y recientes/API-Football,depende mucho del arbitro y del contexto competitivo,
2026-09-08,13:45,Sunderland vs Hull City,,,Local corners +6.5,CORNERS_HOME OVER.6.5,CORNERS_HOME:OVER_6_5,1.8%,0.018000,55.62,,,,,,,,,,,Sin cuota/EV,No encontrado en Betano,Solo modelo,4,15.80,15.798000,,Betano no expuesto,Baja,contexto premium mixto,usa mezcla de promedios del torneo y recientes/API-Football,el volumen ofensivo puede variar por planteamiento y marcador temprano,
2026-09-08,14:00,Millwall vs Newcastle,,,Local corners -6.5,CORNERS_HOME UNDER.6.5,CORNERS_HOME:UNDER_6_5,99.9%,0.999100,1.00,,,,,,,,,,,Sin cuota/EV,No encontrado en Betano,Solo modelo,4,115.91,115.907000,,Betano no expuesto,Alta,contexto premium torneo actual,usa promedios del contexto premium/API-Football,el volumen ofensivo puede variar por planteamiento y marcador temprano,
2026-09-08,14:00,Millwall vs Newcastle,,,Local corners -5.5,CORNERS_HOME UNDER.5.5,CORNERS_HOME:UNDER_5_5,99.6%,0.995500,1.00,,,,,,,,,,,Sin cuota/EV,No encontrado en Betano,Solo modelo,4,115.55,115.554000,,Betano no expuesto,Alta,contexto premium torneo actual,usa promedios del contexto premium/API-Football,el volumen ofensivo puede variar por planteamiento y marcador temprano,
2026-09-08,14:00,Millwall vs Newcastle,,,Local corners -4.5,CORNERS_HOME UNDER.4.5,CORNERS_HOME:UNDER_4_5,98.1%,0.981400,1.02,,,,,,,,,,,Sin cuota/EV,No encontrado en Betano,Solo modelo,4,114.14,114.142000,,Betano no expuesto,Alta,contexto premium torneo actual,usa promedios del contexto premium/API-Football,el volumen ofensivo puede variar por planteamiento y marcador temprano,
2026-09-08,14:00,Millwall vs Newcastle,,,Tarjetas total -6.5,CARDS_TOTALS UNDER.6.5,CARDS_TOTALS:UNDER_6_5,96.7%,0.966500,1.03,,,,,,,,,,,Sin cuota/EV,No encontrado en Betano,Solo modelo,3,104.65,104.649000,,Betano no expuesto,Alta,contexto premium torneo actual,usa promedios del contexto premium/API-Football,depende mucho del arbitro y del contexto competitivo,
2026-09-08,14:00,Millwall vs Newcastle,,,Visita tarjetas +0.5,CARDS_AWAY OVER.0.5,CARDS_AWAY:OVER_0_5,95.0%,0.950200,1.05,,,,,,,,,,,Sin cuota/EV,No encontrado en Betano,Solo modelo,2,98.02,98.021000,,Betano no expuesto,Alta,contexto premium torneo actual,usa promedios del contexto premium/API-Football,depende mucho del arbitro y del contexto competitivo,
2026-09-08,14:00,Millwall vs Newcastle,,,Corners total -11.5,CORNERS_TOTALS UNDER.11.5,CORNERS_TOTALS:UNDER_11_5,94.7%,0.946700,1.06,,,,,,,,,,,Sin cuota/EV,No encontrado en Betano,Solo modelo,6,124.67,124.665000,,Betano no expuesto,Alta,contexto premium torneo actual,usa promedios del contexto premium/API-Football,el volumen ofensivo puede variar por planteamiento y marcador temprano,
2026-09-08,14:00,Millwall vs Newcastle,,,Local corners -3.5,CORNERS_HOME UNDER.3.5,CORNERS_HOME:UNDER_3_5,93.4%,0.934400,1.07,,,,,,,,,,,Sin cuota/EV,No encontrado en Betano,Solo modelo,4,109.44,109.436000,,Betano no expuesto,Alta,contexto premium torneo actual,usa promedios del contexto premium/API-Football,el volumen ofensivo puede variar por planteamiento y marcador temprano,
2026-09-08,14:00,Millwall vs Newcastle,,,Tarjetas total -5.5,CARDS_TOTALS UNDER.5.5,CARDS_TOTALS:UNDER_5_5,91.6%,0.916100,1.09,,,,,,,,,,,Sin cuota/EV,No encontrado en Betano,Solo modelo,3,99.61,99.608000,,Betano no expuesto,Alta,contexto premium torneo actual,usa promedios del contexto premium/API-Football,depende mucho del arbitro y del contexto competitivo,
2026-09-08,14:00,Millwall vs Newcastle,,,Corners total -10.5,CORNERS_TOTALS UNDER.10.5,CORNERS_TOTALS:UNDER_10_5,90.1%,0.901500,1.11,,,,,,,,,,,Sin cuota/EV,No encontrado en Betano,Solo modelo,6,120.15,120.148000,,Betano no expuesto,Alta,contexto premium torneo actual,usa promedios del contexto premium/API-Football,el volumen ofensivo puede variar por planteamiento y marcador temprano,
2026-09-08,14:00,Millwall vs Newcastle,10Bet,,Goles +1.5,TOTALS OVER.1.5,TOTALS:OVER_1_5,87.8%,0.877900,1.14,1.91,0.68,0.676900,0.77,1.68,,,,,,EV positivo,No encontrado en Betano,Seguro,10,154.98,154.978000,,Betano no expuesto,Alta,torneo actual,usa Poisson base con estadisticas de goles del torneo,un gol temprano o baja eficacia puede cambiar la lectura del mercado,
2026-09-08,14:00,Millwall vs Newcastle,,,Local goles +0.5,TEAM_TOTAL_HOME OVER.0.5,TEAM_TOTAL_HOME:OVER_0_5,84.9%,0.848700,1.18,,,,,,,,,,,Sin cuota/EV,No encontrado en Betano,Solo modelo,4,100.87,100.870000,,Betano no expuesto,Alta,torneo actual,usa Poisson base con estadisticas de goles del torneo,un gol temprano o baja eficacia puede cambiar la lectura del mercado,
2026-09-08,14:00,Millwall vs Newcastle,,,Corners total -9.5,CORNERS_TOTALS UNDER.9.5,CORNERS_TOTALS:UNDER_9_5,83.0%,0.830500,1.20,,,,,,,,,,,Sin cuota/EV,No encontrado en Betano,Solo modelo,6,113.05,113.050000,,Betano no expuesto,Alta,contexto premium torneo actual,usa promedios del contexto premium/API-Football,el volumen ofensivo puede variar por planteamiento y marcador temprano,
2026-09-08,14:00,Millwall vs Newcastle,,,Visita goles +0.5,TEAM_TOTAL_AWAY OVER.0.5,TEAM_TOTAL_AWAY:OVER_0_5,82.6%,0.826000,1.21,,,,,,,,,,,Sin cuota/EV,No encontrado en Betano,Solo modelo,4,98.60,98.601000,,Betano no expuesto,Alta,torneo actual,usa Poisson base con estadisticas de goles del torneo,un gol temprano o baja eficacia puede cambiar la lectura del mercado,
2026-09-08,14:00,Millwall vs Newcastle,,,Tarjetas total -4.5,CARDS_TOTALS UNDER.4.5,CARDS_TOTALS:UNDER_4_5,81.5%,0.815300,1.23,,,,,,,,,,,Sin cuota/EV,No encontrado en Betano,Solo modelo,3,89.53,89.526000,,Betano no expuesto,Alta,contexto premium torneo actual,usa promedios del contexto premium/API-Football,depende mucho del arbitro y del contexto competitivo,
2026-09-08,14:00,Millwall vs Newcastle,,,SHOTS_TOTAL OVER.18.5,SHOTS_TOTAL OVER.18.5,SHOTS_TOTAL:OVER_18_5,81.2%,0.811900,1.23,,,,,,,,,,,Sin cuota/EV,No encontrado en Betano,Solo modelo,2,84.19,84.188000,,Betano no expuesto,Alta,contexto premium torneo actual,usa promedios del contexto premium/API-Football,el volumen ofensivo puede variar por planteamiento y marcador temprano,
2026-09-08,14:00,Millwall vs Newcastle,,,Visita tarjetas +1.5,CARDS_AWAY OVER.1.5,CARDS_AWAY:OVER_1_5,80.1%,0.800900,1.25,,,,,,,,,,,Sin cuota/EV,No encontrado en Betano,Solo modelo,2,83.08,83.085000,,Betano no expuesto,Alta,contexto premium torneo actual,usa promedios del contexto premium/API-Football,depende mucho del arbitro y del contexto competitivo,
2026-09-08,14:00,Millwall vs Newcastle,,,Visita corners +3.5,CORNERS_AWAY OVER.3.5,CORNERS_AWAY:OVER_3_5,79.8%,0.798300,1.25,,,,,,,,,,,Sin cuota/EV,No encontrado en Betano,Solo modelo,4,95.83,95.830000,,Betano no expuesto,Alta,contexto premium torneo actual,usa promedios del contexto premium/API-Football,el volumen ofensivo puede variar por planteamiento y marcador temprano,
2026-09-08,14:00,Millwall vs Newcastle,,,SHOTS_TOTAL UNDER.26.5,SHOTS_TOTAL UNDER.26.5,SHOTS_TOTAL:UNDER_26_5,78.8%,0.788200,1.27,,,,,,,,,,,Sin cuota/EV,No encontrado en Betano,Solo modelo,2,81.82,81.819000,,Betano no expuesto,Alta,contexto premium torneo actual,usa promedios del contexto premium/API-Football,el volumen ofensivo puede variar por planteamiento y marcador temprano,
2026-09-08,14:00,Millwall vs Newcastle,,,DOUBLE_CHANCE 12,DOUBLE_CHANCE 12,DOUBLE_CHANCE:12,78.2%,0.782400,1.28,,,,,,,,,,,Sin cuota/EV,No encontrado en Betano,Solo modelo,9,123.24,123.243000,,Betano no expuesto,Alta,torneo actual,usa Poisson base con estadisticas de goles del torneo,riesgo propio del resultado final y variacion del modelo,
2026-09-08,14:00,Millwall vs Newcastle,,,SHOTS_ON_TARGET_TOTAL UNDER.9.5,SHOTS_ON_TARGET_TOTAL UNDER.9.5,SHOTS_ON_TARGET_TOTAL:UNDER_9_5,77.6%,0.776400,1.29,,,,,,,,,,,Sin cuota/EV,No encontrado en Betano,Solo modelo,2,80.64,80.641000,,Betano no expuesto,Alta,contexto premium torneo actual,usa promedios del contexto premium/API-Football,el volumen ofensivo puede variar por planteamiento y marcador temprano,
2026-09-08,14:00,Millwall vs Newcastle,,,Visita goles -2.5,TEAM_TOTAL_AWAY UNDER.2.5,TEAM_TOTAL_AWAY:UNDER_2_5,74.4%,0.744100,1.34,,,,,,,,,,,Sin cuota/EV,No encontrado en Betano,Solo modelo,4,90.41,90.410000,,Betano no expuesto,Alta,torneo actual,usa Poisson base con estadisticas de goles del torneo,un gol temprano o baja eficacia puede cambiar la lectura del mercado,
2026-09-08,14:00,Millwall vs Newcastle,,,Corners total -8.5,CORNERS_TOTALS UNDER.8.5,CORNERS_TOTALS:UNDER_8_5,72.9%,0.729100,1.37,,,,,,,,,,,Sin cuota/EV,No encontrado en Betano,Solo modelo,6,102.91,102.909000,,Betano no expuesto,Alta,contexto premium torneo actual,usa promedios del contexto premium/API-Football,el volumen ofensivo puede variar por planteamiento y marcador temprano,
2026-09-08,14:00,Millwall vs Newcastle,10Bet,,1T +0.5,FIRST_HALF_TOTALS OVER.0.5,FIRST_HALF_TOTALS:OVER_0_5,71.4%,0.713500,1.40,1.57,0.12,0.120200,0.17,1.12,,,,,,EV positivo,No encontrado en Betano,Valor,5,100.51,100.513000,,Betano no expuesto,Alta,contexto premium torneo actual,usa promedios del contexto premium/API-Football,el primer tiempo puede tener ritmo bajo o rotaciones,
2026-09-08,14:00,Millwall vs Newcastle,,,Local goles -2.5,TEAM_TOTAL_HOME UNDER.2.5,TEAM_TOTAL_HOME:UNDER_2_5,70.7%,0.706600,1.42,,,,,,,,,,,Sin cuota/EV,No encontrado en Betano,Solo modelo,4,86.66,86.660000,,Betano no expuesto,Alta,torneo actual,usa Poisson base con estadisticas de goles del torneo,un gol temprano o baja eficacia puede cambiar la lectura del mercado,
2026-09-08,14:00,Millwall vs Newcastle,10Bet,,Goles +2.5,TOTALS OVER.2.5,TOTALS:OVER_2_5,70.4%,0.704000,1.42,3.85,1.71,1.710500,2.43,2.71,,,,,,EV positivo,No encontrado en Betano,Valor,8,124.40,124.403000,Cuota API muy superior a la cuota justa: revisar manualmente antes de apostar,Betano no expuesto,Alta,torneo actual,usa Poisson base con estadisticas de goles del torneo,un gol temprano o baja eficacia puede cambiar la lectura del mercado,
2026-09-08,14:00,Millwall vs Newcastle,10Bet,,BTTS sí,BTTS YES,BTTS:YES,70.1%,0.701200,1.43,4.00,1.80,1.804800,2.57,2.80,,,,,,EV positivo,No encontrado en Betano,Valor,8,124.12,124.120000,Cuota API muy superior a la cuota justa: revisar manualmente antes de apostar,Betano no expuesto,Alta,torneo actual,usa Poisson base con estadisticas de goles del torneo,un gol temprano o baja eficacia puede cambiar la lectura del mercado,
2026-09-08,14:00,Millwall vs Newcastle,,,Visita corners -6.5,CORNERS_AWAY UNDER.6.5,CORNERS_AWAY:UNDER_6_5,68.6%,0.686000,1.46,,,,,,,,,,,Sin cuota/EV,No encontrado en Betano,Solo modelo,4,84.60,84.604000,,Betano no expuesto,Media,contexto premium torneo actual,usa promedios del contexto premium/API-Football,el volumen ofensivo puede variar por planteamiento y marcador temprano,
2026-09-08,14:00,Millwall vs Newcastle,,,SHOTS_TOTAL OVER.20.5,SHOTS_TOTAL OVER.20.5,SHOTS_TOTAL:OVER_20_5,67.2%,0.671500,1.49,,,,,,,,,,,Sin cuota/EV,No encontrado en Betano,Solo modelo,2,70.15,70.151000,,Betano no expuesto,Media,contexto premium torneo actual,usa promedios del contexto premium/API-Football,el volumen ofensivo puede variar por planteamiento y marcador temprano,
2026-09-08,14:00,Millwall vs Newcastle,,,SHOTS_ON_TARGET_TOTAL UNDER.8.5,SHOTS_ON_TARGET_TOTAL UNDER.8.5,SHOTS_ON_TARGET_TOTAL:UNDER_8_5,66.2%,0.662000,1.51,,,,,,,,,,,Sin cuota/EV,No encontrado en Betano,Solo modelo,2,69.20,69.197000,,Betano no expuesto,Media,contexto premium torneo actual,usa promedios del contexto premium/API-Football,el volumen ofensivo puede variar por planteamiento y marcador temprano,
2026-09-08,14:00,Millwall vs Newcastle,,,SHOTS_TOTAL UNDER.24.5,SHOTS_TOTAL UNDER.24.5,SHOTS_TOTAL:UNDER_24_5,65.4%,0.654300,1.53,,,,,,,,,,,Sin cuota/EV,No encontrado en Betano,Solo modelo,2,68.43,68.432000,,Betano no expuesto,Media,contexto premium torneo actual,usa promedios del contexto premium/API-Football,el volumen ofensivo puede variar por planteamiento y marcador temprano,
2026-09-08,14:00,Millwall vs Newcastle,,,Tarjetas total -3.5,CARDS_TOTALS UNDER.3.5,CARDS_TOTALS:UNDER_3_5,64.7%,0.647200,1.54,,,,,,,,,,,Sin cuota/EV,No encontrado en Betano,Solo modelo,3,72.72,72.723000,,Betano no expuesto,Media,contexto premium torneo actual,usa promedios del contexto premium/API-Football,depende mucho del arbitro y del contexto competitivo,
2026-09-08,14:00,Millwall vs Newcastle,,,Visita tarjetas -3.5,CARDS_AWAY UNDER.3.5,CARDS_AWAY:UNDER_3_5,64.7%,0.647200,1.54,,,,,,,,,,,Sin cuota/EV,No encontrado en Betano,Solo modelo,2,67.72,67.723000,,Betano no expuesto,Media,contexto premium torneo actual,usa promedios del contexto premium/API-Football,depende mucho del arbitro y del contexto competitivo,
2026-09-08,14:00,Millwall vs Newcastle,10Bet,,1T -1.5,FIRST_HALF_TOTALS UNDER.1.5,FIRST_HALF_TOTALS:UNDER_1_5,64.5%,0.644600,1.55,1.22,-0.21,-0.213500,-0.33,0.79,,,,,,EV negativo,No encontrado en Betano,Evitar,5,66.62,66.620000,Cuota por debajo de la cuota justa: valor limitado,Betano no expuesto,Media,contexto premium torneo actual,usa promedios del contexto premium/API-Football,el primer tiempo puede tener ritmo bajo o rotaciones,
2026-09-08,14:00,Millwall vs Newcastle,,,Visita corners +4.5,CORNERS_AWAY OVER.4.5,CORNERS_AWAY:OVER_4_5,64.2%,0.642500,1.56,,,,,,,,,,,Sin cuota/EV,No encontrado en Betano,Solo modelo,4,80.25,80.248000,,Betano no expuesto,Media,contexto premium torneo actual,usa promedios del contexto premium/API-Football,el volumen ofensivo puede variar por planteamiento y marcador temprano,
2026-09-08,14:00,Millwall vs Newcastle,,,DOUBLE_CHANCE 1X,DOUBLE_CHANCE 1X,DOUBLE_CHANCE:1X,63.7%,0.636900,1.57,,,,,,,,,,,Sin cuota/EV,No encontrado en Betano,Solo modelo,9,108.69,108.694000,,Betano no expuesto,Media,torneo actual,usa Poisson base con estadisticas de goles del torneo,riesgo propio del resultado final y variacion del modelo,
2026-09-08,14:00,Millwall vs Newcastle,,,SHOTS_ON_TARGET_TOTAL OVER.6.5,SHOTS_ON_TARGET_TOTAL OVER.6.5,SHOTS_ON_TARGET_TOTAL:OVER_6_5,62.2%,0.621800,1.61,,,,,,,,,,,Sin cuota/EV,No encontrado en Betano,Solo modelo,2,65.19,65.185000,,Betano no expuesto,Media,contexto premium torneo actual,usa promedios del contexto premium/API-Football,el volumen ofensivo puede variar por planteamiento y marcador temprano,
2026-09-08,14:00,Millwall vs Newcastle,,,Corners total -7.5,CORNERS_TOTALS UNDER.7.5,CORNERS_TOTALS:UNDER_7_5,59.9%,0.598700,1.67,,,,,,,,,,,Sin cuota/EV,No encontrado en Betano,Solo modelo,6,89.87,89.871000,,Betano no expuesto,Media,contexto premium torneo actual,usa promedios del contexto premium/API-Football,el volumen ofensivo puede variar por planteamiento y marcador temprano,
2026-09-08,14:00,Millwall vs Newcastle,,,DOUBLE_CHANCE X2,DOUBLE_CHANCE X2,DOUBLE_CHANCE:X2,58.1%,0.580600,1.72,,,,,,,,,,,Sin cuota/EV,No encontrado en Betano,Solo modelo,9,103.06,103.063000,,Betano no expuesto,Media,torneo actual,usa Poisson base con estadisticas de goles del torneo,riesgo propio del resultado final y variacion del modelo,
2026-09-08,14:00,Millwall vs Newcastle,,,Tarjetas total +2.5,CARDS_TOTALS OVER.2.5,CARDS_TOTALS:OVER_2_5,57.7%,0.576800,1.73,,,,,,,,,,,Sin cuota/EV,No encontrado en Betano,Solo modelo,3,65.68,65.681000,,Betano no expuesto,Media,contexto premium torneo actual,usa promedios del contexto premium/API-Football,depende mucho del arbitro y del contexto competitivo,
2026-09-08,14:00,Millwall vs Newcastle,,,Visita tarjetas +2.5,CARDS_AWAY OVER.2.5,CARDS_AWAY:OVER_2_5,57.7%,0.576800,1.73,,,,,,,,,,,Sin cuota/EV,No encontrado en Betano,Solo modelo,2,60.68,60.681000,,Betano no expuesto,Media,contexto premium torneo actual,usa promedios del contexto premium/API-Football,depende mucho del arbitro y del contexto competitivo,
2026-09-08,14:00,Millwall vs Newcastle,,,Local goles +1.5,TEAM_TOTAL_HOME OVER.1.5,TEAM_TOTAL_HOME:OVER_1_5,56.3%,0.563200,1.78,,,,,,,,,,,Sin cuota/EV,No encontrado en Betano,Solo modelo,4,72.32,72.320000,,Betano no expuesto,Media,torneo actual,usa Poisson base con estadisticas de goles del torneo,un gol temprano o baja eficacia puede cambiar la lectura del mercado,
2026-09-08,14:00,Millwall vs Newcastle,10Bet,,DNB local,DRAW_NO_BET HOME,DRAW_NO_BET:HOME,53.6%,0.536000,1.87,3.35,0.80,0.795600,1.48,1.80,,,,,,EV positivo,No encontrado en Betano,Valor,9,102.92,102.919000,Cuota API muy superior a la cuota justa: revisar manualmente antes de apostar,Betano no expuesto,Baja,torneo actual,usa Poisson base con estadisticas de goles del torneo,riesgo propio del resultado final y variacion del modelo,
2026-09-08,14:00,Millwall vs Newcastle,,,Visita corners -5.5,CORNERS_AWAY UNDER.5.5,CORNERS_AWAY:UNDER_5_5,52.9%,0.528900,1.89,,,,,,,,,,,Sin cuota/EV,No encontrado en Betano,Solo modelo,4,68.89,68.892000,,Betano no expuesto,Baja,contexto premium torneo actual,usa promedios del contexto premium/API-Football,el volumen ofensivo puede variar por planteamiento y marcador temprano,
2026-09-08,14:00,Millwall vs Newcastle,,,SHOTS_ON_TARGET_TOTAL UNDER.7.5,SHOTS_ON_TARGET_TOTAL UNDER.7.5,SHOTS_ON_TARGET_TOTAL:UNDER_7_5,52.5%,0.524600,1.91,,,,,,,,,,,Sin cuota/EV,No encontrado en Betano,Solo modelo,2,55.46,55.464000,,Betano no expuesto,Baja,contexto premium torneo actual,usa promedios del contexto premium/API-Football,el volumen ofensivo puede variar por planteamiento y marcador temprano,
2026-09-08,14:00,Millwall vs Newcastle,,,Visita goles +1.5,TEAM_TOTAL_AWAY OVER.1.5,TEAM_TOTAL_AWAY:OVER_1_5,52.2%,0.522000,1.92,,,,,,,,,,,Sin cuota/EV,No encontrado en Betano,Solo modelo,4,68.19,68.195000,,Betano no expuesto,Baja,torneo actual,usa Poisson base con estadisticas de goles del torneo,un gol temprano o baja eficacia puede cambiar la lectura del mercado,
2026-09-08,14:00,Millwall vs Newcastle,10Bet,,Goles -3.5,TOTALS UNDER.3.5,TOTALS:UNDER_3_5,50.7%,0.507000,1.97,1.42,-0.28,-0.280100,-0.55,0.72,,,,,,EV negativo,No encontrado en Betano,Evitar,10,76.66,76.658000,Cuota por debajo de la cuota justa: valor limitado,Betano no expuesto,Baja,torneo actual,usa Poisson base con estadisticas de goles del torneo,un gol temprano o baja eficacia puede cambiar la lectura del mercado,
2026-09-08,14:00,Millwall vs Newcastle,,,SHOTS_TOTAL OVER.22.5,SHOTS_TOTAL OVER.22.5,SHOTS_TOTAL:OVER_22_5,50.7%,0.506900,1.97,,,,,,,,,,,Sin cuota/EV,No encontrado en Betano,Solo modelo,2,53.69,53.691000,,Betano no expuesto,Baja,contexto premium torneo actual,usa promedios del contexto premium/API-Football,el volumen ofensivo puede variar por planteamiento y marcador temprano,
2026-09-08,14:00,Millwall vs Newcastle,,,SHOTS_TOTAL UNDER.22.5,SHOTS_TOTAL UNDER.22.5,SHOTS_TOTAL:UNDER_22_5,49.3%,0.493100,2.03,,,,,,,,,,,Sin cuota/EV,No encontrado en Betano,Solo modelo,2,52.31,52.309000,,Betano no expuesto,Baja,contexto premium torneo actual,usa promedios del contexto premium/API-Football,el volumen ofensivo puede variar por planteamiento y marcador temprano,
2026-09-08,14:00,Millwall vs Newcastle,10Bet,,Goles +3.5,TOTALS OVER.3.5,TOTALS:OVER_3_5,49.3%,0.493000,2.03,2.80,0.38,0.380400,0.77,1.38,,,,,,EV positivo,No encontrado en Betano,Equilibrado,1,61.15,61.148000,,Betano no expuesto,Baja,torneo actual,usa Poisson base con estadisticas de goles del torneo,un gol temprano o baja eficacia puede cambiar la lectura del mercado,
2026-09-08,14:00,Millwall vs Newcastle,,,Visita goles -1.5,TEAM_TOTAL_AWAY UNDER.1.5,TEAM_TOTAL_AWAY:UNDER_1_5,47.8%,0.478000,2.09,,,,,,,,,,,Sin cuota/EV,No encontrado en Betano,Solo modelo,4,63.80,63.805000,,Betano no expuesto,Baja,torneo actual,usa Poisson base con estadisticas de goles del torneo,un gol temprano o baja eficacia puede cambiar la lectura del mercado,
2026-09-08,14:00,Millwall vs Newcastle,,,SHOTS_ON_TARGET_TOTAL OVER.7.5,SHOTS_ON_TARGET_TOTAL OVER.7.5,SHOTS_ON_TARGET_TOTAL:OVER_7_5,47.5%,0.475400,2.10,,,,,,,,,,,Sin cuota/EV,No encontrado en Betano,Solo modelo,2,50.54,50.536000,,Betano no expuesto,Baja,contexto premium torneo actual,usa promedios del contexto premium/API-Football,el volumen ofensivo puede variar por planteamiento y marcador temprano,
2026-09-08,14:00,Millwall vs Newcastle,,,Visita corners +5.5,CORNERS_AWAY OVER.5.5,CORNERS_AWAY:OVER_5_5,47.1%,0.471100,2.12,,,,,,,,,,,Sin cuota/EV,No encontrado en Betano,Solo modelo,4,63.11,63.108000,,Betano no expuesto,Baja,contexto premium torneo actual,usa promedios del contexto premium/API-Football,el volumen ofensivo puede variar por planteamiento y marcador temprano,
2026-09-08,14:00,Millwall vs Newcastle,10Bet,,DNB visita,DRAW_NO_BET AWAY,DRAW_NO_BET:AWAY,46.4%,0.464000,2.15,1.28,-0.41,-0.406100,-0.88,0.59,,,,,,EV negativo,No encontrado en Betano,Evitar,9,65.09,65.092000,Cuota por debajo de la cuota justa: valor limitado,Betano no expuesto,Baja,torneo actual,usa Poisson base con estadisticas de goles del torneo,riesgo propio del resultado final y variacion del modelo,
2026-09-08,14:00,Millwall vs Newcastle,,,Local goles -1.5,TEAM_TOTAL_HOME UNDER.1.5,TEAM_TOTAL_HOME:UNDER_1_5,43.7%,0.436800,2.29,,,,,,,,,,,Sin cuota/EV,No encontrado en Betano,Solo modelo,4,59.68,59.680000,,Betano no expuesto,Baja,torneo actual,usa Poisson base con estadisticas de goles del torneo,un gol temprano o baja eficacia puede cambiar la lectura del mercado,
2026-09-08,14:00,Millwall vs Newcastle,,,Tarjetas total -2.5,CARDS_TOTALS UNDER.2.5,CARDS_TOTALS:UNDER_2_5,42.3%,0.423200,2.36,,,,,,,,,,,Sin cuota/EV,No encontrado en Betano,Solo modelo,3,50.32,50.319000,,Betano no expuesto,Baja,contexto premium torneo actual,usa promedios del contexto premium/API-Football,depende mucho del arbitro y del contexto competitivo,
2026-09-08,14:00,Millwall vs Newcastle,,,Visita tarjetas -2.5,CARDS_AWAY UNDER.2.5,CARDS_AWAY:UNDER_2_5,42.3%,0.423200,2.36,,,,,,,,,,,Sin cuota/EV,No encontrado en Betano,Solo modelo,2,45.32,45.319000,,Betano no expuesto,Baja,contexto premium torneo actual,usa promedios del contexto premium/API-Football,depende mucho del arbitro y del contexto competitivo,
2026-09-08,14:00,Millwall vs Newcastle,10Bet,,Gana local,1X2 HOME,1X2:HOME,41.9%,0.419400,2.38,6.25,1.62,1.621100,3.87,2.62,,,,,,EV positivo,No encontrado en Betano,Equilibrado,7,88.94,88.937000,Cuota API muy superior a la cuota justa: revisar manualmente antes de apostar,Betano no expuesto,Baja,torneo actual,usa Poisson base con estadisticas de goles del torneo,riesgo propio del resultado final y variacion del modelo,
2026-09-08,14:00,Millwall vs Newcastle,,,Corners total +7.5,CORNERS_TOTALS OVER.7.5,CORNERS_TOTALS:OVER_7_5,40.1%,0.401300,2.49,,,,,,,,,,,Sin cuota/EV,No encontrado en Betano,Solo modelo,6,70.13,70.129000,,Betano no expuesto,Baja,contexto premium torneo actual,usa promedios del contexto premium/API-Football,el volumen ofensivo puede variar por planteamiento y marcador temprano,
2026-09-08,14:00,Millwall vs Newcastle,,,SHOTS_ON_TARGET_TOTAL UNDER.6.5,SHOTS_ON_TARGET_TOTAL UNDER.6.5,SHOTS_ON_TARGET_TOTAL:UNDER_6_5,37.8%,0.378200,2.64,,,,,,,,,,,Sin cuota/EV,No encontrado en Betano,Solo modelo,2,40.81,40.815000,,Betano no expuesto,Baja,contexto premium torneo actual,usa promedios del contexto premium/API-Football,el volumen ofensivo puede variar por planteamiento y marcador temprano,
2026-09-08,14:00,Millwall vs Newcastle,10Bet,,Gana visita,1X2 AWAY,1X2:AWAY,36.3%,0.363100,2.75,2.65,-0.04,-0.037900,-0.10,0.96,,,,,,EV negativo,No encontrado en Betano,Equilibrado,7,70.62,70.624000,,Betano no expuesto,Baja,torneo actual,usa Poisson base con estadisticas de goles del torneo,riesgo propio del resultado final y variacion del modelo,
2026-09-08,14:00,Millwall vs Newcastle,,,Visita corners -4.5,CORNERS_AWAY UNDER.4.5,CORNERS_AWAY:UNDER_4_5,35.8%,0.357500,2.80,,,,,,,,,,,Sin cuota/EV,No encontrado en Betano,Solo modelo,4,51.75,51.752000,,Betano no expuesto,Baja,contexto premium torneo actual,usa promedios del contexto premium/API-Football,el volumen ofensivo puede variar por planteamiento y marcador temprano,
2026-09-08,14:00,Millwall vs Newcastle,10Bet,,1T +1.5,FIRST_HALF_TOTALS OVER.1.5,FIRST_HALF_TOTALS:OVER_1_5,35.5%,0.355400,2.81,3.80,0.35,0.350400,0.99,1.35,,,,,,EV positivo,No encontrado en Betano,Equilibrado,5,66.84,66.843000,,Betano no expuesto,Baja,contexto premium torneo actual,usa promedios del contexto premium/API-Football,el primer tiempo puede tener ritmo bajo o rotaciones,
2026-09-08,14:00,Millwall vs Newcastle,,,Tarjetas total +3.5,CARDS_TOTALS OVER.3.5,CARDS_TOTALS:OVER_3_5,35.3%,0.352800,2.83,,,,,,,,,,,Sin cuota/EV,No encontrado en Betano,Solo modelo,3,43.28,43.277000,,Betano no expuesto,Baja,contexto premium torneo actual,usa promedios del contexto premium/API-Football,depende mucho del arbitro y del contexto competitivo,
2026-09-08,14:00,Millwall vs Newcastle,,,Visita tarjetas +3.5,CARDS_AWAY OVER.3.5,CARDS_AWAY:OVER_3_5,35.3%,0.352800,2.83,,,,,,,,,,,Sin cuota/EV,No encontrado en Betano,Solo modelo,2,38.28,38.277000,,Betano no expuesto,Baja,contexto premium torneo actual,usa promedios del contexto premium/API-Football,depende mucho del arbitro y del contexto competitivo,
2026-09-08,14:00,Millwall vs Newcastle,,,SHOTS_TOTAL OVER.24.5,SHOTS_TOTAL OVER.24.5,SHOTS_TOTAL:OVER_24_5,34.6%,0.345700,2.89,,,,,,,,,,,Sin cuota/EV,No encontrado en Betano,Solo modelo,2,37.57,37.568000,,Betano no expuesto,Baja,contexto premium torneo actual,usa promedios del contexto premium/API-Football,el volumen ofensivo puede variar por planteamiento y marcador temprano,
2026-09-08,14:00,Millwall vs Newcastle,,,SHOTS_ON_TARGET_TOTAL OVER.8.5,SHOTS_ON_TARGET_TOTAL OVER.8.5,SHOTS_ON_TARGET_TOTAL:OVER_8_5,33.8%,0.338000,2.96,,,,,,,,,,,Sin cuota/EV,No encontrado en Betano,Solo modelo,2,36.80,36.803000,,Betano no expuesto,Baja,contexto premium torneo actual,usa promedios del contexto premium/API-Football,el volumen ofensivo puede variar por planteamiento y marcador temprano,
2026-09-08,14:00,Millwall vs Newcastle,,,SHOTS_TOTAL UNDER.20.5,SHOTS_TOTAL UNDER.20.5,SHOTS_TOTAL:UNDER_20_5,32.9%,0.328500,3.04,,,,,,,,,,,Sin cuota/EV,No encontrado en Betano,Solo modelo,2,35.85,35.849000,,Betano no expuesto,Baja,contexto premium torneo actual,usa promedios del contexto premium/API-Football,el volumen ofensivo puede variar por planteamiento y marcador temprano,
2026-09-08,14:00,Millwall vs Newcastle,,,Visita corners +6.5,CORNERS_AWAY OVER.6.5,CORNERS_AWAY:OVER_6_5,31.4%,0.314000,3.19,,,,,,,,,,,Sin cuota/EV,No encontrado en Betano,Solo modelo,4,47.40,47.396000,,Betano no expuesto,Baja,contexto premium torneo actual,usa promedios del contexto premium/API-Football,el volumen ofensivo puede variar por planteamiento y marcador temprano,
2026-09-08,14:00,Millwall vs Newcastle,10Bet,,BTTS no,BTTS NO,BTTS:NO,29.9%,0.298800,3.35,1.20,-0.64,-0.641400,-2.15,0.36,,,,,,EV negativo,No encontrado en Betano,Evitar,8,39.33,39.334000,Cuota por debajo de la cuota justa: valor limitado,Betano no expuesto,Baja,torneo actual,usa Poisson base con estadisticas de goles del torneo,un gol temprano o baja eficacia puede cambiar la lectura del mercado,
2026-09-08,14:00,Millwall vs Newcastle,10Bet,,Goles -2.5,TOTALS UNDER.2.5,TOTALS:UNDER_2_5,29.6%,0.296000,3.38,1.22,-0.64,-0.638900,-2.16,0.36,,,,,,EV negativo,No encontrado en Betano,Evitar,8,39.10,39.097000,Cuota por debajo de la cuota justa: valor limitado,Betano no expuesto,Baja,torneo actual,usa Poisson base con estadisticas de goles del torneo,un gol temprano o baja eficacia puede cambiar la lectura del mercado,
2026-09-08,14:00,Millwall vs Newcastle,,,Local goles +2.5,TEAM_TOTAL_HOME OVER.2.5,TEAM_TOTAL_HOME:OVER_2_5,29.3%,0.293400,3.41,,,,,,,,,,,Sin cuota/EV,No encontrado en Betano,Solo modelo,4,45.34,45.340000,,Betano no expuesto,Baja,torneo actual,usa Poisson base con estadisticas de goles del torneo,un gol temprano o baja eficacia puede cambiar la lectura del mercado,
2026-09-08,14:00,Millwall vs Newcastle,10Bet,,1T -0.5,FIRST_HALF_TOTALS UNDER.0.5,FIRST_HALF_TOTALS:UNDER_0_5,28.6%,0.286500,3.49,2.25,-0.36,-0.355400,-1.24,0.64,,,,,,EV negativo,No encontrado en Betano,Evitar,5,28.25,28.254000,Cuota por debajo de la cuota justa: valor limitado,Betano no expuesto,Baja,contexto premium torneo actual,usa promedios del contexto premium/API-Football,el primer tiempo puede tener ritmo bajo o rotaciones,
2026-09-08,14:00,Millwall vs Newcastle,,,Corners total +8.5,CORNERS_TOTALS OVER.8.5,CORNERS_TOTALS:OVER_8_5,27.1%,0.270900,3.69,,,,,,,,,,,Sin cuota/EV,No encontrado en Betano,Solo modelo,6,57.09,57.091000,,Betano no expuesto,Baja,contexto premium torneo actual,usa promedios del contexto premium/API-Football,el volumen ofensivo puede variar por planteamiento y marcador temprano,
2026-09-08,14:00,Millwall vs Newcastle,,,Visita goles +2.5,TEAM_TOTAL_AWAY OVER.2.5,TEAM_TOTAL_AWAY:OVER_2_5,25.6%,0.255900,3.91,,,,,,,,,,,Sin cuota/EV,No encontrado en Betano,Solo modelo,4,41.59,41.590000,,Betano no expuesto,Baja,torneo actual,usa Poisson base con estadisticas de goles del torneo,un gol temprano o baja eficacia puede cambiar la lectura del mercado,
2026-09-08,14:00,Millwall vs Newcastle,,,SHOTS_ON_TARGET_TOTAL OVER.9.5,SHOTS_ON_TARGET_TOTAL OVER.9.5,SHOTS_ON_TARGET_TOTAL:OVER_9_5,22.4%,0.223600,4.47,,,,,,,,,,,Sin cuota/EV,No encontrado en Betano,Solo modelo,2,25.36,25.359000,,Betano no expuesto,Baja,contexto premium torneo actual,usa promedios del contexto premium/API-Football,el volumen ofensivo puede variar por planteamiento y marcador temprano,
2026-09-08,14:00,Millwall vs Newcastle,10Bet,,Empate,1X2 DRAW,1X2:DRAW,21.8%,0.217600,4.60,1.85,-0.60,-0.597500,-2.75,0.40,,,,,,EV negativo,No encontrado en Betano,Evitar,7,27.00,27.001000,Cuota por debajo de la cuota justa: valor limitado,Betano no expuesto,Baja,torneo actual,usa Poisson base con estadisticas de goles del torneo,riesgo propio del resultado final y variacion del modelo,
2026-09-08,14:00,Millwall vs Newcastle,,,SHOTS_TOTAL OVER.26.5,SHOTS_TOTAL OVER.26.5,SHOTS_TOTAL:OVER_26_5,21.2%,0.211800,4.72,,,,,,,,,,,Sin cuota/EV,No encontrado en Betano,Solo modelo,2,24.18,24.181000,,Betano no expuesto,Baja,contexto premium torneo actual,usa promedios del contexto premium/API-Football,el volumen ofensivo puede variar por planteamiento y marcador temprano,
2026-09-08,14:00,Millwall vs Newcastle,,,Visita corners -3.5,CORNERS_AWAY UNDER.3.5,CORNERS_AWAY:UNDER_3_5,20.2%,0.201700,4.96,,,,,,,,,,,Sin cuota/EV,No encontrado en Betano,Solo modelo,4,36.17,36.170000,,Betano no expuesto,Baja,contexto premium torneo actual,usa promedios del contexto premium/API-Football,el volumen ofensivo puede variar por planteamiento y marcador temprano,
2026-09-08,14:00,Millwall vs Newcastle,,,Visita tarjetas -1.5,CARDS_AWAY UNDER.1.5,CARDS_AWAY:UNDER_1_5,19.9%,0.199100,5.02,,,,,,,,,,,Sin cuota/EV,No encontrado en Betano,Solo modelo,2,22.91,22.915000,,Betano no expuesto,Baja,contexto premium torneo actual,usa promedios del contexto premium/API-Football,depende mucho del arbitro y del contexto competitivo,
2026-09-08,14:00,Millwall vs Newcastle,,,SHOTS_TOTAL UNDER.18.5,SHOTS_TOTAL UNDER.18.5,SHOTS_TOTAL:UNDER_18_5,18.8%,0.188100,5.32,,,,,,,,,,,Sin cuota/EV,No encontrado en Betano,Solo modelo,2,21.81,21.812000,,Betano no expuesto,Baja,contexto premium torneo actual,usa promedios del contexto premium/API-Football,el volumen ofensivo puede variar por planteamiento y marcador temprano,
2026-09-08,14:00,Millwall vs Newcastle,,,Tarjetas total +4.5,CARDS_TOTALS OVER.4.5,CARDS_TOTALS:OVER_4_5,18.5%,0.184700,5.41,,,,,,,,,,,Sin cuota/EV,No encontrado en Betano,Solo modelo,3,26.47,26.474000,,Betano no expuesto,Baja,contexto premium torneo actual,usa promedios del contexto premium/API-Football,depende mucho del arbitro y del contexto competitivo,
2026-09-08,14:00,Millwall vs Newcastle,,,Visita goles -0.5,TEAM_TOTAL_AWAY UNDER.0.5,TEAM_TOTAL_AWAY:UNDER_0_5,17.4%,0.174000,5.75,,,,,,,,,,,Sin cuota/EV,No encontrado en Betano,Solo modelo,4,33.40,33.399000,,Betano no expuesto,Baja,torneo actual,usa Poisson base con estadisticas de goles del torneo,un gol temprano o baja eficacia puede cambiar la lectura del mercado,
2026-09-08,14:00,Millwall vs Newcastle,,,Corners total +9.5,CORNERS_TOTALS OVER.9.5,CORNERS_TOTALS:OVER_9_5,17.0%,0.169500,5.90,,,,,,,,,,,Sin cuota/EV,No encontrado en Betano,Solo modelo,6,46.95,46.950000,,Betano no expuesto,Baja,contexto premium torneo actual,usa promedios del contexto premium/API-Football,el volumen ofensivo puede variar por planteamiento y marcador temprano,
2026-09-08,14:00,Millwall vs Newcastle,,,Local goles -0.5,TEAM_TOTAL_HOME UNDER.0.5,TEAM_TOTAL_HOME:UNDER_0_5,15.1%,0.151300,6.61,,,,,,,,,,,Sin cuota/EV,No encontrado en Betano,Solo modelo,4,31.13,31.130000,,Betano no expuesto,Baja,torneo actual,usa Poisson base con estadisticas de goles del torneo,un gol temprano o baja eficacia puede cambiar la lectura del mercado,
2026-09-08,14:00,Millwall vs Newcastle,10Bet,,Goles -1.5,TOTALS UNDER.1.5,TOTALS:UNDER_1_5,12.2%,0.122100,8.19,1.80,-0.78,-0.780300,-6.39,0.22,,,,,,EV negativo,No encontrado en Betano,Evitar,1,-13.79,-13.794000,Cuota por debajo de la cuota justa: valor limitado,Betano no expuesto,Baja,torneo actual,usa Poisson base con estadisticas de goles del torneo,un gol temprano o baja eficacia puede cambiar la lectura del mercado,
2026-09-08,14:00,Millwall vs Newcastle,,,Corners total +10.5,CORNERS_TOTALS OVER.10.5,CORNERS_TOTALS:OVER_10_5,9.8%,0.098500,10.15,,,,,,,,,,,Sin cuota/EV,No encontrado en Betano,Solo modelo,6,39.85,39.852000,,Betano no expuesto,Baja,contexto premium torneo actual,usa promedios del contexto premium/API-Football,el volumen ofensivo puede variar por planteamiento y marcador temprano,
2026-09-08,14:00,Millwall vs Newcastle,,,Tarjetas total +5.5,CARDS_TOTALS OVER.5.5,CARDS_TOTALS:OVER_5_5,8.4%,0.083900,11.92,,,,,,,,,,,Sin cuota/EV,No encontrado en Betano,Solo modelo,3,16.39,16.392000,,Betano no expuesto,Baja,contexto premium torneo actual,usa promedios del contexto premium/API-Football,depende mucho del arbitro y del contexto competitivo,
2026-09-08,14:00,Millwall vs Newcastle,,,Local corners +3.5,CORNERS_HOME OVER.3.5,CORNERS_HOME:OVER_3_5,6.6%,0.065600,15.23,,,,,,,,,,,Sin cuota/EV,No encontrado en Betano,Solo modelo,4,22.56,22.564000,,Betano no expuesto,Baja,contexto premium torneo actual,usa promedios del contexto premium/API-Football,el volumen ofensivo puede variar por planteamiento y marcador temprano,
2026-09-08,14:00,Millwall vs Newcastle,,,Corners total +11.5,CORNERS_TOTALS OVER.11.5,CORNERS_TOTALS:OVER_11_5,5.3%,0.053300,18.74,,,,,,,,,,,Sin cuota/EV,No encontrado en Betano,Solo modelo,6,35.34,35.335000,,Betano no expuesto,Baja,contexto premium torneo actual,usa promedios del contexto premium/API-Football,el volumen ofensivo puede variar por planteamiento y marcador temprano,
2026-09-08,14:00,Millwall vs Newcastle,,,Visita tarjetas -0.5,CARDS_AWAY UNDER.0.5,CARDS_AWAY:UNDER_0_5,5.0%,0.049800,20.09,,,,,,,,,,,Sin cuota/EV,No encontrado en Betano,Solo modelo,2,7.98,7.979000,,Betano no expuesto,Baja,contexto premium torneo actual,usa promedios del contexto premium/API-Football,depende mucho del arbitro y del contexto competitivo,
2026-09-08,14:00,Millwall vs Newcastle,,,Tarjetas total +6.5,CARDS_TOTALS OVER.6.5,CARDS_TOTALS:OVER_6_5,3.4%,0.033500,29.84,,,,,,,,,,,Sin cuota/EV,No encontrado en Betano,Solo modelo,3,11.35,11.351000,,Betano no expuesto,Baja,contexto premium torneo actual,usa promedios del contexto premium/API-Football,depende mucho del arbitro y del contexto competitivo,
2026-09-08,14:00,Millwall vs Newcastle,,,Local corners +4.5,CORNERS_HOME OVER.4.5,CORNERS_HOME:OVER_4_5,1.9%,0.018600,53.83,,,,,,,,,,,Sin cuota/EV,No encontrado en Betano,Solo modelo,4,17.86,17.858000,,Betano no expuesto,Baja,contexto premium torneo actual,usa promedios del contexto premium/API-Football,el volumen ofensivo puede variar por planteamiento y marcador temprano,
2026-09-08,14:00,Millwall vs Newcastle,,,Local corners +5.5,CORNERS_HOME OVER.5.5,CORNERS_HOME:OVER_5_5,0.4%,0.004500,224.42,,,,,,,,,,,Sin cuota/EV,No encontrado en Betano,Solo modelo,4,16.45,16.446000,,Betano no expuesto,Baja,contexto premium torneo actual,usa promedios del contexto premium/API-Football,el volumen ofensivo puede variar por planteamiento y marcador temprano,
2026-09-08,14:00,Millwall vs Newcastle,,,Local corners +6.5,CORNERS_HOME OVER.6.5,CORNERS_HOME:OVER_6_5,0.1%,0.000900,1079.92,,,,,,,,,,,Sin cuota/EV,No encontrado en Betano,Solo modelo,4,16.09,16.093000,,Betano no expuesto,Baja,contexto premium torneo actual,usa promedios del contexto premium/API-Football,el volumen ofensivo puede variar por planteamiento y marcador temprano,
2026-09-08,17:00,Fluminense vs Platense,,,Local tarjetas +0.5,CARDS_HOME OVER.0.5,CARDS_HOME:OVER_0_5,96.7%,0.966600,1.03,,,,,,,,,,,Sin cuota/EV,No encontrado en Betano,Solo modelo,2,99.66,99.663000,,Betano mapeado,Alta,contexto premium torneo actual,usa promedios del contexto premium/API-Football,depende mucho del arbitro y del contexto competitivo,https://www.betano.pe/cuotas-de-partido/fluminense-rj-ca-platense/91067409/
2026-09-08,17:00,Fluminense vs Platense,,,Tarjetas total +2.5,CARDS_TOTALS OVER.2.5,CARDS_TOTALS:OVER_2_5,90.5%,0.905200,1.10,,,,,,,,,,,Sin cuota/EV,No encontrado en Betano,Solo modelo,3,98.52,98.524000,,Betano mapeado,Alta,contexto premium torneo actual,usa promedios del contexto premium/API-Football,depende mucho del arbitro y del contexto competitivo,https://www.betano.pe/cuotas-de-partido/fluminense-rj-ca-platense/91067409/
2026-09-08,17:00,Fluminense vs Platense,,,Visita goles -2.5,TEAM_TOTAL_AWAY UNDER.2.5,TEAM_TOTAL_AWAY:UNDER_2_5,89.5%,0.895300,1.12,,,,,,,,,,,Sin cuota/EV,No encontrado en Betano,Solo modelo,4,105.53,105.533000,,Betano mapeado,Alta,torneo actual,usa Poisson base con estadisticas de goles del torneo,un gol temprano o baja eficacia puede cambiar la lectura del mercado,https://www.betano.pe/cuotas-de-partido/fluminense-rj-ca-platense/91067409/
2026-09-08,17:00,Fluminense vs Platense,,Betano,Local goles -2.5,TEAM_TOTAL_HOME UNDER.2.5,TEAM_TOTAL_HOME:UNDER_2_5,89.1%,0.890700,1.12,,,,,,1.24,0.10,0.104500,0.12,1.10,Sin cuota/EV,EV positivo Betano,Solo modelo,4,114.74,114.739000,,Betano mapeado,Alta,torneo actual,usa Poisson base con estadisticas de goles del torneo,un gol temprano o baja eficacia puede cambiar la lectura del mercado,https://www.betano.pe/cuotas-de-partido/fluminense-rj-ca-platense/91067409/
2026-09-08,17:00,Fluminense vs Platense,,,Visita tarjetas +0.5,CARDS_AWAY OVER.0.5,CARDS_AWAY:OVER_0_5,86.5%,0.864700,1.16,,,,,,,,,,,Sin cuota/EV,No encontrado en Betano,Solo modelo,2,89.47,89.466000,,Betano mapeado,Alta,contexto premium torneo actual,usa promedios del contexto premium/API-Football,depende mucho del arbitro y del contexto competitivo,https://www.betano.pe/cuotas-de-partido/fluminense-rj-ca-platense/91067409/
2026-09-08,17:00,Fluminense vs Platense,,,SHOTS_TOTAL OVER.18.5,SHOTS_TOTAL OVER.18.5,SHOTS_TOTAL:OVER_18_5,85.9%,0.858900,1.16,,,,,,,,,,,Sin cuota/EV,No encontrado en Betano,Solo modelo,2,88.89,88.891000,,Betano mapeado,Alta,contexto premium torneo actual,usa promedios del contexto premium/API-Football,el volumen ofensivo puede variar por planteamiento y marcador temprano,https://www.betano.pe/cuotas-de-partido/fluminense-rj-ca-platense/91067409/
2026-09-08,17:00,Fluminense vs Platense,,,Visita tarjetas -3.5,CARDS_AWAY UNDER.3.5,CARDS_AWAY:UNDER_3_5,85.7%,0.857100,1.17,,,,,,,,,,,Sin cuota/EV,No encontrado en Betano,Solo modelo,2,88.71,88.712000,,Betano mapeado,Alta,contexto premium torneo actual,usa promedios del contexto premium/API-Football,depende mucho del arbitro y del contexto competitivo,https://www.betano.pe/cuotas-de-partido/fluminense-rj-ca-platense/91067409/
2026-09-08,17:00,Fluminense vs Platense,,,Local tarjetas +1.5,CARDS_HOME OVER.1.5,CARDS_HOME:OVER_1_5,85.3%,0.853200,1.17,,,,,,,,,,,Sin cuota/EV,No encontrado en Betano,Solo modelo,2,88.32,88.316000,,Betano mapeado,Alta,contexto premium torneo actual,usa promedios del contexto premium/API-Football,depende mucho del arbitro y del contexto competitivo,https://www.betano.pe/cuotas-de-partido/fluminense-rj-ca-platense/91067409/
2026-09-08,17:00,Fluminense vs Platense,,,Local corners -6.5,CORNERS_HOME UNDER.6.5,CORNERS_HOME:UNDER_6_5,84.4%,0.843600,1.19,,,,,,,,,,,Sin cuota/EV,No encontrado en Betano,Solo modelo,4,100.36,100.365000,,Betano mapeado,Alta,contexto premium torneo actual,usa promedios del contexto premium/API-Football,el volumen ofensivo puede variar por planteamiento y marcador temprano,https://www.betano.pe/cuotas-de-partido/fluminense-rj-ca-platense/91067409/
2026-09-08,17:00,Fluminense vs Platense,,,SHOTS_ON_TARGET_TOTAL UNDER.9.5,SHOTS_ON_TARGET_TOTAL UNDER.9.5,SHOTS_ON_TARGET_TOTAL:UNDER_9_5,82.0%,0.820200,1.22,,,,,,,,,,,Sin cuota/EV,No encontrado en Betano,Solo modelo,2,85.02,85.021000,,Betano mapeado,Alta,contexto premium torneo actual,usa promedios del contexto premium/API-Football,el volumen ofensivo puede variar por planteamiento y marcador temprano,https://www.betano.pe/cuotas-de-partido/fluminense-rj-ca-platense/91067409/
2026-09-08,17:00,Fluminense vs Platense,,,Visita corners -6.5,CORNERS_AWAY UNDER.6.5,CORNERS_AWAY:UNDER_6_5,81.8%,0.818000,1.22,,,,,,,,,,,Sin cuota/EV,No encontrado en Betano,Solo modelo,4,97.80,97.803000,,Betano mapeado,Alta,contexto premium torneo actual,usa promedios del contexto premium/API-Football,el volumen ofensivo puede variar por planteamiento y marcador temprano,https://www.betano.pe/cuotas-de-partido/fluminense-rj-ca-platense/91067409/
2026-09-08,17:00,Fluminense vs Platense,,Betano,Goles -3.5,TOTALS UNDER.3.5,TOTALS:UNDER_3_5,80.5%,0.804900,1.24,,,,,,1.20,-0.03,-0.034100,-0.04,0.97,Sin cuota/EV,EV negativo Betano,Solo modelo,10,137.95,137.946000,,Betano mapeado,Alta,torneo actual,usa Poisson base con estadisticas de goles del torneo,un gol temprano o baja eficacia puede cambiar la lectura del mercado,https://www.betano.pe/cuotas-de-partido/fluminense-rj-ca-platense/91067409/
2026-09-08,17:00,Fluminense vs Platense,,,Corners total -11.5,CORNERS_TOTALS UNDER.11.5,CORNERS_TOTALS:UNDER_11_5,80.3%,0.803000,1.25,,,,,,,,,,,Sin cuota/EV,No encontrado en Betano,Solo modelo,6,110.30,110.301000,,Betano mapeado,Alta,contexto premium torneo actual,usa promedios del contexto premium/API-Football,el volumen ofensivo puede variar por planteamiento y marcador temprano,https://www.betano.pe/cuotas-de-partido/fluminense-rj-ca-platense/91067409/
2026-09-08,17:00,Fluminense vs Platense,,,Tarjetas total +3.5,CARDS_TOTALS OVER.3.5,CARDS_TOTALS:OVER_3_5,78.7%,0.786700,1.27,,,,,,,,,,,Sin cuota/EV,No encontrado en Betano,Solo modelo,3,86.67,86.671000,,Betano mapeado,Alta,contexto premium torneo actual,usa promedios del contexto premium/API-Football,depende mucho del arbitro y del contexto competitivo,https://www.betano.pe/cuotas-de-partido/fluminense-rj-ca-platense/91067409/
2026-09-08,17:00,Fluminense vs Platense,,Betano,1T -1.5,FIRST_HALF_TOTALS UNDER.1.5,FIRST_HALF_TOTALS:UNDER_1_5,77.2%,0.772500,1.29,,,,,,1.29,-0.00,-0.003500,-0.01,1.00,Sin cuota/EV,EV negativo Betano,Solo modelo,5,110.19,110.192000,,Betano mapeado,Alta,contexto premium torneo actual,usa promedios del contexto premium/API-Football,el primer tiempo puede tener ritmo bajo o rotaciones,https://www.betano.pe/cuotas-de-partido/fluminense-rj-ca-platense/91067409/
2026-09-08,17:00,Fluminense vs Platense,,,SHOTS_TOTAL OVER.20.5,SHOTS_TOTAL OVER.20.5,SHOTS_TOTAL:OVER_20_5,73.8%,0.738200,1.35,,,,,,,,,,,Sin cuota/EV,No encontrado en Betano,Solo modelo,2,76.82,76.818000,,Betano mapeado,Alta,contexto premium torneo actual,usa promedios del contexto premium/API-Football,el volumen ofensivo puede variar por planteamiento y marcador temprano,https://www.betano.pe/cuotas-de-partido/fluminense-rj-ca-platense/91067409/
2026-09-08,17:00,Fluminense vs Platense,,,SHOTS_TOTAL UNDER.26.5,SHOTS_TOTAL UNDER.26.5,SHOTS_TOTAL:UNDER_26_5,72.5%,0.725100,1.38,,,,,,,,,,,Sin cuota/EV,No encontrado en Betano,Solo modelo,2,75.51,75.511000,,Betano mapeado,Alta,contexto premium torneo actual,usa promedios del contexto premium/API-Football,el volumen ofensivo puede variar por planteamiento y marcador temprano,https://www.betano.pe/cuotas-de-partido/fluminense-rj-ca-platense/91067409/
2026-09-08,17:00,Fluminense vs Platense,,,Local corners -5.5,CORNERS_HOME UNDER.5.5,CORNERS_HOME:UNDER_5_5,72.0%,0.719900,1.39,,,,,,,,,,,Sin cuota/EV,No encontrado en Betano,Solo modelo,4,87.99,87.991000,,Betano mapeado,Alta,contexto premium torneo actual,usa promedios del contexto premium/API-Football,el volumen ofensivo puede variar por planteamiento y marcador temprano,https://www.betano.pe/cuotas-de-partido/fluminense-rj-ca-platense/91067409/
2026-09-08,17:00,Fluminense vs Platense,,,SHOTS_ON_TARGET_TOTAL UNDER.8.5,SHOTS_ON_TARGET_TOTAL UNDER.8.5,SHOTS_ON_TARGET_TOTAL:UNDER_8_5,71.6%,0.716000,1.40,,,,,,,,,,,Sin cuota/EV,No encontrado en Betano,Solo modelo,2,74.60,74.596000,,Betano mapeado,Alta,contexto premium torneo actual,usa promedios del contexto premium/API-Football,el volumen ofensivo puede variar por planteamiento y marcador temprano,https://www.betano.pe/cuotas-de-partido/fluminense-rj-ca-platense/91067409/
2026-09-08,17:00,Fluminense vs Platense,,,DOUBLE_CHANCE 12,DOUBLE_CHANCE 12,DOUBLE_CHANCE:12,71.4%,0.714300,1.40,,,,,,,,,,,Sin cuota/EV,No encontrado en Betano,Solo modelo,9,116.43,116.429000,,Betano mapeado,Alta,torneo actual,usa Poisson base con estadisticas de goles del torneo,riesgo propio del resultado final y variacion del modelo,https://www.betano.pe/cuotas-de-partido/fluminense-rj-ca-platense/91067409/
2026-09-08,17:00,Fluminense vs Platense,,,Corners total -10.5,CORNERS_TOTALS UNDER.10.5,CORNERS_TOTALS:UNDER_10_5,70.6%,0.706000,1.42,,,,,,,,,,,Sin cuota/EV,No encontrado en Betano,Solo modelo,6,100.60,100.599000,,Betano mapeado,Alta,contexto premium torneo actual,usa promedios del contexto premium/API-Football,el volumen ofensivo puede variar por planteamiento y marcador temprano,https://www.betano.pe/cuotas-de-partido/fluminense-rj-ca-platense/91067409/
2026-09-08,17:00,Fluminense vs Platense,,Betano,Tarjetas total -6.5,CARDS_TOTALS UNDER.6.5,CARDS_TOTALS:UNDER_6_5,70.2%,0.701700,1.43,,,,,,1.52,0.07,0.066600,0.10,1.07,Sin cuota/EV,EV positivo Betano,Solo modelo,3,87.23,87.233000,,Betano mapeado,Alta,contexto premium torneo actual,usa promedios del contexto premium/API-Football,depende mucho del arbitro y del contexto competitivo,https://www.betano.pe/cuotas-de-partido/fluminense-rj-ca-platense/91067409/
2026-09-08,17:00,Fluminense vs Platense,,,Visita goles -1.5,TEAM_TOTAL_AWAY UNDER.1.5,TEAM_TOTAL_AWAY:UNDER_1_5,69.0%,0.689900,1.45,,,,,,,,,,,Sin cuota/EV,No encontrado en Betano,Solo modelo,4,84.99,84.989000,,Betano mapeado,Media,torneo actual,usa Poisson base con estadisticas de goles del torneo,un gol temprano o baja eficacia puede cambiar la lectura del mercado,https://www.betano.pe/cuotas-de-partido/fluminense-rj-ca-platense/91067409/
2026-09-08,17:00,Fluminense vs Platense,,,Visita corners -5.5,CORNERS_AWAY UNDER.5.5,CORNERS_AWAY:UNDER_5_5,68.6%,0.685800,1.46,,,,,,,,,,,Sin cuota/EV,No encontrado en Betano,Solo modelo,4,84.58,84.576000,,Betano mapeado,Media,contexto premium torneo actual,usa promedios del contexto premium/API-Football,el volumen ofensivo puede variar por planteamiento y marcador temprano,https://www.betano.pe/cuotas-de-partido/fluminense-rj-ca-platense/91067409/
2026-09-08,17:00,Fluminense vs Platense,,Betano,Local goles +0.5,TEAM_TOTAL_HOME OVER.0.5,TEAM_TOTAL_HOME:OVER_0_5,68.3%,0.682600,1.47,,,,,,1.21,-0.17,-0.174100,-0.26,0.83,Sin cuota/EV,EV negativo Betano,Solo modelo,4,89.47,89.471000,,Betano mapeado,Media,torneo actual,usa Poisson base con estadisticas de goles del torneo,un gol temprano o baja eficacia puede cambiar la lectura del mercado,https://www.betano.pe/cuotas-de-partido/fluminense-rj-ca-platense/91067409/
2026-09-08,17:00,Fluminense vs Platense,,Betano,Local goles -1.5,TEAM_TOTAL_HOME UNDER.1.5,TEAM_TOTAL_HOME:UNDER_1_5,68.2%,0.681700,1.47,,,,,,1.80,0.23,0.227100,0.33,1.23,Sin cuota/EV,EV positivo Betano,Solo modelo,4,95.80,95.802000,,Betano mapeado,Media,torneo actual,usa Poisson base con estadisticas de goles del torneo,un gol temprano o baja eficacia puede cambiar la lectura del mercado,https://www.betano.pe/cuotas-de-partido/fluminense-rj-ca-platense/91067409/
2026-09-08,17:00,Fluminense vs Platense,,,Visita tarjetas -2.5,CARDS_AWAY UNDER.2.5,CARDS_AWAY:UNDER_2_5,67.7%,0.676700,1.48,,,,,,,,,,,Sin cuota/EV,No encontrado en Betano,Solo modelo,2,70.67,70.668000,,Betano mapeado,Media,contexto premium torneo actual,usa promedios del contexto premium/API-Football,depende mucho del arbitro y del contexto competitivo,https://www.betano.pe/cuotas-de-partido/fluminense-rj-ca-platense/91067409/
2026-09-08,17:00,Fluminense vs Platense,,Betano,Corners total +7.5,CORNERS_TOTALS OVER.7.5,CORNERS_TOTALS:OVER_7_5,67.6%,0.676100,1.48,,,,,,1.50,0.01,0.014200,0.02,1.01,Sin cuota/EV,EV positivo Betano,Solo modelo,6,105.84,105.837000,,Betano mapeado,Media,contexto premium torneo actual,usa promedios del contexto premium/API-Football,el volumen ofensivo puede variar por planteamiento y marcador temprano,https://www.betano.pe/cuotas-de-partido/fluminense-rj-ca-platense/91067409/
2026-09-08,17:00,Fluminense vs Platense,,,Visita goles +0.5,TEAM_TOTAL_AWAY OVER.0.5,TEAM_TOTAL_AWAY:OVER_0_5,67.5%,0.675300,1.48,,,,,,,,,,,Sin cuota/EV,No encontrado en Betano,Solo modelo,4,83.53,83.534000,,Betano mapeado,Media,torneo actual,usa Poisson base con estadisticas de goles del torneo,un gol temprano o baja eficacia puede cambiar la lectura del mercado,https://www.betano.pe/cuotas-de-partido/fluminense-rj-ca-platense/91067409/
2026-09-08,17:00,Fluminense vs Platense,,,Visita corners +3.5,CORNERS_AWAY OVER.3.5,CORNERS_AWAY:OVER_3_5,67.4%,0.674300,1.48,,,,,,,,,,,Sin cuota/EV,No encontrado en Betano,Solo modelo,4,83.43,83.429000,,Betano mapeado,Media,contexto premium torneo actual,usa promedios del contexto premium/API-Football,el volumen ofensivo puede variar por planteamiento y marcador temprano,https://www.betano.pe/cuotas-de-partido/fluminense-rj-ca-platense/91067409/
2026-09-08,17:00,Fluminense vs Platense,,Betano,Goles +1.5,TOTALS OVER.1.5,TOTALS:OVER_1_5,66.3%,0.662700,1.51,,,,,,1.50,-0.01,-0.006000,-0.01,0.99,Sin cuota/EV,EV negativo Betano,Solo modelo,10,124.18,124.179000,,Betano mapeado,Media,torneo actual,usa Poisson base con estadisticas de goles del torneo,un gol temprano o baja eficacia puede cambiar la lectura del mercado,https://www.betano.pe/cuotas-de-partido/fluminense-rj-ca-platense/91067409/
2026-09-08,17:00,Fluminense vs Platense,,,Local tarjetas +2.5,CARDS_HOME OVER.2.5,CARDS_HOME:OVER_2_5,66.0%,0.660300,1.51,,,,,,,,,,,Sin cuota/EV,No encontrado en Betano,Solo modelo,2,69.03,69.026000,,Betano mapeado,Media,contexto premium torneo actual,usa promedios del contexto premium/API-Football,depende mucho del arbitro y del contexto competitivo,https://www.betano.pe/cuotas-de-partido/fluminense-rj-ca-platense/91067409/
2026-09-08,17:00,Fluminense vs Platense,,,DOUBLE_CHANCE 1X,DOUBLE_CHANCE 1X,DOUBLE_CHANCE:1X,64.8%,0.648400,1.54,,,,,,,,,,,Sin cuota/EV,No encontrado en Betano,Solo modelo,9,109.84,109.844000,,Betano mapeado,Media,torneo actual,usa Poisson base con estadisticas de goles del torneo,riesgo propio del resultado final y variacion del modelo,https://www.betano.pe/cuotas-de-partido/fluminense-rj-ca-platense/91067409/
2026-09-08,17:00,Fluminense vs Platense,,,Local corners +3.5,CORNERS_HOME OVER.3.5,CORNERS_HOME:OVER_3_5,64.1%,0.640600,1.56,,,,,,,,,,,Sin cuota/EV,No encontrado en Betano,Solo modelo,4,80.06,80.055000,,Betano mapeado,Media,contexto premium torneo actual,usa promedios del contexto premium/API-Football,el volumen ofensivo puede variar por planteamiento y marcador temprano,https://www.betano.pe/cuotas-de-partido/fluminense-rj-ca-platense/91067409/
2026-09-08,17:00,Fluminense vs Platense,,,DOUBLE_CHANCE X2,DOUBLE_CHANCE X2,DOUBLE_CHANCE:X2,63.7%,0.637300,1.57,,,,,,,,,,,Sin cuota/EV,No encontrado en Betano,Solo modelo,9,108.73,108.727000,,Betano mapeado,Media,torneo actual,usa Poisson base con estadisticas de goles del torneo,riesgo propio del resultado final y variacion del modelo,https://www.betano.pe/cuotas-de-partido/fluminense-rj-ca-platense/91067409/
2026-09-08,17:00,Fluminense vs Platense,,Betano,Tarjetas total +4.5,CARDS_TOTALS OVER.4.5,CARDS_TOTALS:OVER_4_5,62.7%,0.626700,1.60,,,,,,1.44,-0.10,-0.097600,-0.16,0.90,Sin cuota/EV,EV negativo Betano,Solo modelo,3,77.11,77.107000,,Betano mapeado,Media,contexto premium torneo actual,usa promedios del contexto premium/API-Football,depende mucho del arbitro y del contexto competitivo,https://www.betano.pe/cuotas-de-partido/fluminense-rj-ca-platense/91067409/
2026-09-08,17:00,Fluminense vs Platense,,Betano,Goles -2.5,TOTALS UNDER.2.5,TOTALS:UNDER_2_5,60.3%,0.603400,1.66,,,,,,1.55,-0.06,-0.064700,-0.11,0.94,Sin cuota/EV,EV negativo Betano,Solo modelo,8,107.30,107.300000,,Betano mapeado,Media,torneo actual,usa Poisson base con estadisticas de goles del torneo,un gol temprano o baja eficacia puede cambiar la lectura del mercado,https://www.betano.pe/cuotas-de-partido/fluminense-rj-ca-platense/91067409/
2026-09-08,17:00,Fluminense vs Platense,,,Visita tarjetas +1.5,CARDS_AWAY OVER.1.5,CARDS_AWAY:OVER_1_5,59.4%,0.594000,1.68,,,,,,,,,,,Sin cuota/EV,No encontrado en Betano,Solo modelo,2,62.40,62.399000,,Betano mapeado,Media,contexto premium torneo actual,usa promedios del contexto premium/API-Football,depende mucho del arbitro y del contexto competitivo,https://www.betano.pe/cuotas-de-partido/fluminense-rj-ca-platense/91067409/
2026-09-08,17:00,Fluminense vs Platense,,Betano,1T +0.5,FIRST_HALF_TOTALS OVER.0.5,FIRST_HALF_TOTALS:OVER_0_5,59.3%,0.593400,1.69,,,,,,1.57,-0.07,-0.068400,-0.12,0.93,Sin cuota/EV,EV negativo Betano,Solo modelo,5,91.25,91.249000,,Betano mapeado,Media,contexto premium torneo actual,usa promedios del contexto premium/API-Football,el primer tiempo puede tener ritmo bajo o rotaciones,https://www.betano.pe/cuotas-de-partido/fluminense-rj-ca-platense/91067409/
2026-09-08,17:00,Fluminense vs Platense,,Betano,Corners total -9.5,CORNERS_TOTALS UNDER.9.5,CORNERS_TOTALS:UNDER_9_5,58.7%,0.587400,1.70,,,,,,1.52,-0.11,-0.107200,-0.18,0.89,Sin cuota/EV,EV negativo Betano,Solo modelo,6,95.03,95.026000,,Betano mapeado,Media,contexto premium torneo actual,usa promedios del contexto premium/API-Football,el volumen ofensivo puede variar por planteamiento y marcador temprano,https://www.betano.pe/cuotas-de-partido/fluminense-rj-ca-platense/91067409/
2026-09-08,17:00,Fluminense vs Platense,,,SHOTS_TOTAL OVER.22.5,SHOTS_TOTAL OVER.22.5,SHOTS_TOTAL:OVER_22_5,58.5%,0.584700,1.71,,,,,,,,,,,Sin cuota/EV,No encontrado en Betano,Solo modelo,2,61.47,61.469000,,Betano mapeado,Media,contexto premium torneo actual,usa promedios del contexto premium/API-Football,el volumen ofensivo puede variar por planteamiento y marcador temprano,https://www.betano.pe/cuotas-de-partido/fluminense-rj-ca-platense/91067409/
2026-09-08,17:00,Fluminense vs Platense,,,SHOTS_ON_TARGET_TOTAL UNDER.7.5,SHOTS_ON_TARGET_TOTAL UNDER.7.5,SHOTS_ON_TARGET_TOTAL:UNDER_7_5,58.4%,0.583800,1.71,,,,,,,,,,,Sin cuota/EV,No encontrado en Betano,Solo modelo,2,61.38,61.382000,,Betano mapeado,Media,contexto premium torneo actual,usa promedios del contexto premium/API-Football,el volumen ofensivo puede variar por planteamiento y marcador temprano,https://www.betano.pe/cuotas-de-partido/fluminense-rj-ca-platense/91067409/
2026-09-08,17:00,Fluminense vs Platense,,,SHOTS_TOTAL UNDER.24.5,SHOTS_TOTAL UNDER.24.5,SHOTS_TOTAL:UNDER_24_5,57.8%,0.578300,1.73,,,,,,,,,,,Sin cuota/EV,No encontrado en Betano,Solo modelo,2,60.83,60.833000,,Betano mapeado,Media,contexto premium torneo actual,usa promedios del contexto premium/API-Football,el volumen ofensivo puede variar por planteamiento y marcador temprano,https://www.betano.pe/cuotas-de-partido/fluminense-rj-ca-platense/91067409/
2026-09-08,17:00,Fluminense vs Platense,,,SHOTS_ON_TARGET_TOTAL OVER.6.5,SHOTS_ON_TARGET_TOTAL OVER.6.5,SHOTS_ON_TARGET_TOTAL:OVER_6_5,56.5%,0.565100,1.77,,,,,,,,,,,Sin cuota/EV,No encontrado en Betano,Solo modelo,2,59.51,59.508000,,Betano mapeado,Media,contexto premium torneo actual,usa promedios del contexto premium/API-Football,el volumen ofensivo puede variar por planteamiento y marcador temprano,https://www.betano.pe/cuotas-de-partido/fluminense-rj-ca-platense/91067409/
2026-09-08,17:00,Fluminense vs Platense,,,Local tarjetas -3.5,CARDS_HOME UNDER.3.5,CARDS_HOME:UNDER_3_5,55.8%,0.558400,1.79,,,,,,,,,,,Sin cuota/EV,No encontrado en Betano,Solo modelo,2,58.84,58.836000,,Betano mapeado,Media,contexto premium torneo actual,usa promedios del contexto premium/API-Football,depende mucho del arbitro y del contexto competitivo,https://www.betano.pe/cuotas-de-partido/fluminense-rj-ca-platense/91067409/
2026-09-08,17:00,Fluminense vs Platense,,,Local corners -4.5,CORNERS_HOME UNDER.4.5,CORNERS_HOME:UNDER_4_5,55.1%,0.551200,1.81,,,,,,,,,,,Sin cuota/EV,No encontrado en Betano,Solo modelo,4,71.12,71.118000,,Betano mapeado,Media,contexto premium torneo actual,usa promedios del contexto premium/API-Football,el volumen ofensivo puede variar por planteamiento y marcador temprano,https://www.betano.pe/cuotas-de-partido/fluminense-rj-ca-platense/91067409/
2026-09-08,17:00,Fluminense vs Platense,,Betano,Tarjetas total -5.5,CARDS_TOTALS UNDER.5.5,CARDS_TOTALS:UNDER_5_5,54.6%,0.546100,1.83,,,,,,1.93,0.05,0.054000,0.10,1.05,Sin cuota/EV,EV positivo Betano,Solo modelo,3,71.48,71.477000,,Betano mapeado,Baja,contexto premium torneo actual,usa promedios del contexto premium/API-Football,depende mucho del arbitro y del contexto competitivo,https://www.betano.pe/cuotas-de-partido/fluminense-rj-ca-platense/91067409/
2026-09-08,17:00,Fluminense vs Platense,,Betano,Corners total +8.5,CORNERS_TOTALS OVER.8.5,CORNERS_TOTALS:OVER_8_5,54.4%,0.544300,1.84,,,,,,1.87,0.02,0.017800,0.03,1.02,Sin cuota/EV,EV positivo Betano,Solo modelo,6,92.72,92.720000,,Betano mapeado,Baja,contexto premium torneo actual,usa promedios del contexto premium/API-Football,el volumen ofensivo puede variar por planteamiento y marcador temprano,https://www.betano.pe/cuotas-de-partido/fluminense-rj-ca-platense/91067409/
2026-09-08,17:00,Fluminense vs Platense,,Betano,BTTS no,BTTS NO,BTTS:NO,53.9%,0.539000,1.85,,,,,,1.52,-0.18,-0.180700,-0.34,0.82,Sin cuota/EV,EV negativo Betano,Solo modelo,8,99.01,99.012000,,Betano mapeado,Baja,torneo actual,usa Poisson base con estadisticas de goles del torneo,un gol temprano o baja eficacia puede cambiar la lectura del mercado,https://www.betano.pe/cuotas-de-partido/fluminense-rj-ca-platense/91067409/
2026-09-08,17:00,Fluminense vs Platense,,,Visita corners -4.5,CORNERS_AWAY UNDER.4.5,CORNERS_AWAY:UNDER_4_5,51.3%,0.513200,1.95,,,,,,,,,,,Sin cuota/EV,No encontrado en Betano,Solo modelo,4,67.32,67.323000,,Betano mapeado,Baja,contexto premium torneo actual,usa promedios del contexto premium/API-Football,el volumen ofensivo puede variar por planteamiento y marcador temprano,https://www.betano.pe/cuotas-de-partido/fluminense-rj-ca-platense/91067409/
2026-09-08,17:00,Fluminense vs Platense,,Betano,DNB local,DRAW_NO_BET HOME,DRAW_NO_BET:HOME,50.8%,0.507800,1.97,,,,,,1.18,-0.40,-0.400800,-0.79,0.60,Sin cuota/EV,EV negativo Betano,Solo modelo,9,97.37,97.369000,,Betano mapeado,Baja,torneo actual,usa Poisson base con estadisticas de goles del torneo,riesgo propio del resultado final y variacion del modelo,https://www.betano.pe/cuotas-de-partido/fluminense-rj-ca-platense/91067409/
2026-09-08,17:00,Fluminense vs Platense,,Betano,DNB visita,DRAW_NO_BET AWAY,DRAW_NO_BET:AWAY,49.2%,0.492200,2.03,,,,,,10.20,4.02,4.020400,8.17,5.02,Sin cuota/EV,EV positivo Betano,Solo modelo,9,124.22,124.218000,,Betano mapeado,Baja,torneo actual,usa Poisson base con estadisticas de goles del torneo,riesgo propio del resultado final y variacion del modelo,https://www.betano.pe/cuotas-de-partido/fluminense-rj-ca-platense/91067409/
2026-09-08,17:00,Fluminense vs Platense,,,Visita corners +4.5,CORNERS_AWAY OVER.4.5,CORNERS_AWAY:OVER_4_5,48.7%,0.486800,2.05,,,,,,,,,,,Sin cuota/EV,No encontrado en Betano,Solo modelo,4,64.68,64.677000,,Betano mapeado,Baja,contexto premium torneo actual,usa promedios del contexto premium/API-Football,el volumen ofensivo puede variar por planteamiento y marcador temprano,https://www.betano.pe/cuotas-de-partido/fluminense-rj-ca-platense/91067409/
2026-09-08,17:00,Fluminense vs Platense,,Betano,BTTS sí,BTTS YES,BTTS:YES,46.1%,0.461000,2.17,,,,,,2.45,0.13,0.129500,0.28,1.13,Sin cuota/EV,EV positivo Betano,Solo modelo,8,96.17,96.169000,,Betano mapeado,Baja,torneo actual,usa Poisson base con estadisticas de goles del torneo,un gol temprano o baja eficacia puede cambiar la lectura del mercado,https://www.betano.pe/cuotas-de-partido/fluminense-rj-ca-platense/91067409/
2026-09-08,17:00,Fluminense vs Platense,,Betano,Corners total -8.5,CORNERS_TOTALS UNDER.8.5,CORNERS_TOTALS:UNDER_8_5,45.6%,0.455700,2.19,,,,,,1.87,-0.15,-0.147800,-0.33,0.85,Sin cuota/EV,EV negativo Betano,Solo modelo,6,81.20,81.200000,,Betano mapeado,Baja,contexto premium torneo actual,usa promedios del contexto premium/API-Football,el volumen ofensivo puede variar por planteamiento y marcador temprano,https://www.betano.pe/cuotas-de-partido/fluminense-rj-ca-platense/91067409/
2026-09-08,17:00,Fluminense vs Platense,,Betano,Tarjetas total +5.5,CARDS_TOTALS OVER.5.5,CARDS_TOTALS:OVER_5_5,45.4%,0.453900,2.20,,,,,,1.82,-0.17,-0.173900,-0.38,0.83,Sin cuota/EV,EV negativo Betano,Solo modelo,3,58.60,58.605000,,Betano mapeado,Baja,contexto premium torneo actual,usa promedios del contexto premium/API-Football,depende mucho del arbitro y del contexto competitivo,https://www.betano.pe/cuotas-de-partido/fluminense-rj-ca-platense/91067409/
2026-09-08,17:00,Fluminense vs Platense,,,Local corners +4.5,CORNERS_HOME OVER.4.5,CORNERS_HOME:OVER_4_5,44.9%,0.448800,2.23,,,,,,,,,,,Sin cuota/EV,No encontrado en Betano,Solo modelo,4,60.88,60.882000,,Betano mapeado,Baja,contexto premium torneo actual,usa promedios del contexto premium/API-Football,el volumen ofensivo puede variar por planteamiento y marcador temprano,https://www.betano.pe/cuotas-de-partido/fluminense-rj-ca-platense/91067409/
2026-09-08,17:00,Fluminense vs Platense,,,Local tarjetas +3.5,CARDS_HOME OVER.3.5,CARDS_HOME:OVER_3_5,44.2%,0.441600,2.26,,,,,,,,,,,Sin cuota/EV,No encontrado en Betano,Solo modelo,2,47.16,47.164000,,Betano mapeado,Baja,contexto premium torneo actual,usa promedios del contexto premium/API-Football,depende mucho del arbitro y del contexto competitivo,https://www.betano.pe/cuotas-de-partido/fluminense-rj-ca-platense/91067409/
2026-09-08,17:00,Fluminense vs Platense,,,SHOTS_ON_TARGET_TOTAL UNDER.6.5,SHOTS_ON_TARGET_TOTAL UNDER.6.5,SHOTS_ON_TARGET_TOTAL:UNDER_6_5,43.5%,0.434900,2.30,,,,,,,,,,,Sin cuota/EV,No encontrado en Betano,Solo modelo,2,46.49,46.492000,,Betano mapeado,Baja,contexto premium torneo actual,usa promedios del contexto premium/API-Football,el volumen ofensivo puede variar por planteamiento y marcador temprano,https://www.betano.pe/cuotas-de-partido/fluminense-rj-ca-platense/91067409/
2026-09-08,17:00,Fluminense vs Platense,,,SHOTS_TOTAL OVER.24.5,SHOTS_TOTAL OVER.24.5,SHOTS_TOTAL:OVER_24_5,42.2%,0.421700,2.37,,,,,,,,,,,Sin cuota/EV,No encontrado en Betano,Solo modelo,2,45.17,45.167000,,Betano mapeado,Baja,contexto premium torneo actual,usa promedios del contexto premium/API-Football,el volumen ofensivo puede variar por planteamiento y marcador temprano,https://www.betano.pe/cuotas-de-partido/fluminense-rj-ca-platense/91067409/
2026-09-08,17:00,Fluminense vs Platense,,,SHOTS_ON_TARGET_TOTAL OVER.7.5,SHOTS_ON_TARGET_TOTAL OVER.7.5,SHOTS_ON_TARGET_TOTAL:OVER_7_5,41.6%,0.416200,2.40,,,,,,,,,,,Sin cuota/EV,No encontrado en Betano,Solo modelo,2,44.62,44.618000,,Betano mapeado,Baja,contexto premium torneo actual,usa promedios del contexto premium/API-Football,el volumen ofensivo puede variar por planteamiento y marcador temprano,https://www.betano.pe/cuotas-de-partido/fluminense-rj-ca-platense/91067409/
2026-09-08,17:00,Fluminense vs Platense,,,SHOTS_TOTAL UNDER.22.5,SHOTS_TOTAL UNDER.22.5,SHOTS_TOTAL:UNDER_22_5,41.5%,0.415300,2.41,,,,,,,,,,,Sin cuota/EV,No encontrado en Betano,Solo modelo,2,44.53,44.531000,,Betano mapeado,Baja,contexto premium torneo actual,usa promedios del contexto premium/API-Football,el volumen ofensivo puede variar por planteamiento y marcador temprano,https://www.betano.pe/cuotas-de-partido/fluminense-rj-ca-platense/91067409/
2026-09-08,17:00,Fluminense vs Platense,,Betano,Corners total +9.5,CORNERS_TOTALS OVER.9.5,CORNERS_TOTALS:OVER_9_5,41.3%,0.412600,2.42,,,,,,2.45,0.01,0.010900,0.03,1.01,Sin cuota/EV,EV positivo Betano,Solo modelo,6,79.43,79.433000,,Betano mapeado,Baja,contexto premium torneo actual,usa promedios del contexto premium/API-Football,el volumen ofensivo puede variar por planteamiento y marcador temprano,https://www.betano.pe/cuotas-de-partido/fluminense-rj-ca-platense/91067409/
2026-09-08,17:00,Fluminense vs Platense,,Betano,1T -0.5,FIRST_HALF_TOTALS UNDER.0.5,FIRST_HALF_TOTALS:UNDER_0_5,40.7%,0.406600,2.46,,,,,,2.35,-0.04,-0.044500,-0.11,0.96,Sin cuota/EV,EV negativo Betano,Solo modelo,5,72.94,72.945000,,Betano mapeado,Baja,contexto premium torneo actual,usa promedios del contexto premium/API-Football,el primer tiempo puede tener ritmo bajo o rotaciones,https://www.betano.pe/cuotas-de-partido/fluminense-rj-ca-platense/91067409/
2026-09-08,17:00,Fluminense vs Platense,,,Visita tarjetas -1.5,CARDS_AWAY UNDER.1.5,CARDS_AWAY:UNDER_1_5,40.6%,0.406000,2.46,,,,,,,,,,,Sin cuota/EV,No encontrado en Betano,Solo modelo,2,43.60,43.601000,,Betano mapeado,Baja,contexto premium torneo actual,usa promedios del contexto premium/API-Football,depende mucho del arbitro y del contexto competitivo,https://www.betano.pe/cuotas-de-partido/fluminense-rj-ca-platense/91067409/
2026-09-08,17:00,Fluminense vs Platense,,Betano,Goles +2.5,TOTALS OVER.2.5,TOTALS:OVER_2_5,39.7%,0.396600,2.52,,,,,,2.45,-0.03,-0.028300,-0.07,0.97,Sin cuota/EV,EV negativo Betano,Solo modelo,8,87.21,87.212000,,Betano mapeado,Baja,torneo actual,usa Poisson base con estadisticas de goles del torneo,un gol temprano o baja eficacia puede cambiar la lectura del mercado,https://www.betano.pe/cuotas-de-partido/fluminense-rj-ca-platense/91067409/
2026-09-08,17:00,Fluminense vs Platense,,Betano,Tarjetas total -4.5,CARDS_TOTALS UNDER.4.5,CARDS_TOTALS:UNDER_4_5,37.3%,0.373300,2.68,,,,,,2.67,-0.00,-0.003300,-0.01,1.00,Sin cuota/EV,EV negativo Betano,Solo modelo,3,53.28,53.278000,,Betano mapeado,Baja,contexto premium torneo actual,usa promedios del contexto premium/API-Football,depende mucho del arbitro y del contexto competitivo,https://www.betano.pe/cuotas-de-partido/fluminense-rj-ca-platense/91067409/
2026-09-08,17:00,Fluminense vs Platense,,Betano,Gana local,1X2 HOME,1X2:HOME,36.3%,0.362700,2.76,,,,,,1.57,-0.43,-0.430600,-1.19,0.57,Sin cuota/EV,EV negativo Betano,Solo modelo,7,72.38,72.383000,,Betano mapeado,Baja,torneo actual,usa Poisson base con estadisticas de goles del torneo,riesgo propio del resultado final y variacion del modelo,https://www.betano.pe/cuotas-de-partido/fluminense-rj-ca-platense/91067409/
2026-09-08,17:00,Fluminense vs Platense,,,Local corners -3.5,CORNERS_HOME UNDER.3.5,CORNERS_HOME:UNDER_3_5,35.9%,0.359400,2.78,,,,,,,,,,,Sin cuota/EV,No encontrado en Betano,Solo modelo,4,51.95,51.945000,,Betano mapeado,Baja,contexto premium torneo actual,usa promedios del contexto premium/API-Football,el volumen ofensivo puede variar por planteamiento y marcador temprano,https://www.betano.pe/cuotas-de-partido/fluminense-rj-ca-platense/91067409/
2026-09-08,17:00,Fluminense vs Platense,,Betano,Gana visita,1X2 AWAY,1X2:AWAY,35.2%,0.351600,2.84,,,,,,7.00,1.46,1.461200,4.16,2.46,Sin cuota/EV,EV positivo Betano,Solo modelo,7,100.16,100.156000,,Betano mapeado,Baja,torneo actual,usa Poisson base con estadisticas de goles del torneo,riesgo propio del resultado final y variacion del modelo,https://www.betano.pe/cuotas-de-partido/fluminense-rj-ca-platense/91067409/
2026-09-08,17:00,Fluminense vs Platense,,,Local tarjetas -2.5,CARDS_HOME UNDER.2.5,CARDS_HOME:UNDER_2_5,34.0%,0.339700,2.94,,,,,,,,,,,Sin cuota/EV,No encontrado en Betano,Solo modelo,2,36.97,36.974000,,Betano mapeado,Baja,contexto premium torneo actual,usa promedios del contexto premium/API-Football,depende mucho del arbitro y del contexto competitivo,https://www.betano.pe/cuotas-de-partido/fluminense-rj-ca-platense/91067409/
2026-09-08,17:00,Fluminense vs Platense,,Betano,Goles -1.5,TOTALS UNDER.1.5,TOTALS:UNDER_1_5,33.7%,0.337300,2.96,,,,,,2.62,-0.12,-0.116300,-0.34,0.88,Sin cuota/EV,EV negativo Betano,Solo modelo,1,44.86,44.864000,,Betano mapeado,Baja,torneo actual,usa Poisson base con estadisticas de goles del torneo,un gol temprano o baja eficacia puede cambiar la lectura del mercado,https://www.betano.pe/cuotas-de-partido/fluminense-rj-ca-platense/91067409/
2026-09-08,17:00,Fluminense vs Platense,,,Visita corners -3.5,CORNERS_AWAY UNDER.3.5,CORNERS_AWAY:UNDER_3_5,32.6%,0.325700,3.07,,,,,,,,,,,Sin cuota/EV,No encontrado en Betano,Solo modelo,4,48.57,48.571000,,Betano mapeado,Baja,contexto premium torneo actual,usa promedios del contexto premium/API-Football,el volumen ofensivo puede variar por planteamiento y marcador temprano,https://www.betano.pe/cuotas-de-partido/fluminense-rj-ca-platense/91067409/
2026-09-08,17:00,Fluminense vs Platense,,,Visita goles -0.5,TEAM_TOTAL_AWAY UNDER.0.5,TEAM_TOTAL_AWAY:UNDER_0_5,32.5%,0.324700,3.08,,,,,,,,,,,Sin cuota/EV,No encontrado en Betano,Solo modelo,4,48.47,48.466000,,Betano mapeado,Baja,torneo actual,usa Poisson base con estadisticas de goles del torneo,un gol temprano o baja eficacia puede cambiar la lectura del mercado,https://www.betano.pe/cuotas-de-partido/fluminense-rj-ca-platense/91067409/
2026-09-08,17:00,Fluminense vs Platense,,Betano,Corners total -7.5,CORNERS_TOTALS UNDER.7.5,CORNERS_TOTALS:UNDER_7_5,32.4%,0.323900,3.09,,,,,,2.50,-0.19,-0.190200,-0.59,0.81,Sin cuota/EV,EV negativo Betano,Solo modelo,6,67.35,67.347000,,Betano mapeado,Baja,contexto premium torneo actual,usa promedios del contexto premium/API-Football,el volumen ofensivo puede variar por planteamiento y marcador temprano,https://www.betano.pe/cuotas-de-partido/fluminense-rj-ca-platense/91067409/
2026-09-08,17:00,Fluminense vs Platense,,,Visita tarjetas +2.5,CARDS_AWAY OVER.2.5,CARDS_AWAY:OVER_2_5,32.3%,0.323300,3.09,,,,,,,,,,,Sin cuota/EV,No encontrado en Betano,Solo modelo,2,35.33,35.332000,,Betano mapeado,Baja,contexto premium torneo actual,usa promedios del contexto premium/API-Football,depende mucho del arbitro y del contexto competitivo,https://www.betano.pe/cuotas-de-partido/fluminense-rj-ca-platense/91067409/
2026-09-08,17:00,Fluminense vs Platense,,Betano,Local goles +1.5,TEAM_TOTAL_HOME OVER.1.5,TEAM_TOTAL_HOME:OVER_1_5,31.8%,0.318300,3.14,,,,,,1.95,-0.38,-0.379300,-1.19,0.62,Sin cuota/EV,EV negativo Betano,Solo modelo,4,49.76,49.763000,,Betano mapeado,Baja,torneo actual,usa Poisson base con estadisticas de goles del torneo,un gol temprano o baja eficacia puede cambiar la lectura del mercado,https://www.betano.pe/cuotas-de-partido/fluminense-rj-ca-platense/91067409/
2026-09-08,17:00,Fluminense vs Platense,,Betano,Local goles -0.5,TEAM_TOTAL_HOME UNDER.0.5,TEAM_TOTAL_HOME:UNDER_0_5,31.7%,0.317400,3.15,,,,,,4.05,0.29,0.285500,0.90,1.29,Sin cuota/EV,EV positivo Betano,Solo modelo,4,60.31,60.311000,,Betano mapeado,Baja,torneo actual,usa Poisson base con estadisticas de goles del torneo,un gol temprano o baja eficacia puede cambiar la lectura del mercado,https://www.betano.pe/cuotas-de-partido/fluminense-rj-ca-platense/91067409/
2026-09-08,17:00,Fluminense vs Platense,,,Visita corners +5.5,CORNERS_AWAY OVER.5.5,CORNERS_AWAY:OVER_5_5,31.4%,0.314200,3.18,,,,,,,,,,,Sin cuota/EV,No encontrado en Betano,Solo modelo,4,47.42,47.424000,,Betano mapeado,Baja,contexto premium torneo actual,usa promedios del contexto premium/API-Football,el volumen ofensivo puede variar por planteamiento y marcador temprano,https://www.betano.pe/cuotas-de-partido/fluminense-rj-ca-platense/91067409/
2026-09-08,17:00,Fluminense vs Platense,,,Visita goles +1.5,TEAM_TOTAL_AWAY OVER.1.5,TEAM_TOTAL_AWAY:OVER_1_5,31.0%,0.310100,3.23,,,,,,,,,,,Sin cuota/EV,No encontrado en Betano,Solo modelo,4,47.01,47.011000,,Betano mapeado,Baja,torneo actual,usa Poisson base con estadisticas de goles del torneo,un gol temprano o baja eficacia puede cambiar la lectura del mercado,https://www.betano.pe/cuotas-de-partido/fluminense-rj-ca-platense/91067409/
2026-09-08,17:00,Fluminense vs Platense,,Betano,Tarjetas total +6.5,CARDS_TOTALS OVER.6.5,CARDS_TOTALS:OVER_6_5,29.8%,0.298300,3.35,,,,,,2.42,-0.28,-0.278100,-0.93,0.72,Sin cuota/EV,EV negativo Betano,Solo modelo,3,41.38,41.383000,,Betano mapeado,Baja,contexto premium torneo actual,usa promedios del contexto premium/API-Football,depende mucho del arbitro y del contexto competitivo,https://www.betano.pe/cuotas-de-partido/fluminense-rj-ca-platense/91067409/
2026-09-08,17:00,Fluminense vs Platense,,,Corners total +10.5,CORNERS_TOTALS OVER.10.5,CORNERS_TOTALS:OVER_10_5,29.4%,0.294000,3.40,,,,,,,,,,,Sin cuota/EV,No encontrado en Betano,Solo modelo,6,59.40,59.401000,,Betano mapeado,Baja,contexto premium torneo actual,usa promedios del contexto premium/API-Football,el volumen ofensivo puede variar por planteamiento y marcador temprano,https://www.betano.pe/cuotas-de-partido/fluminense-rj-ca-platense/91067409/
2026-09-08,17:00,Fluminense vs Platense,,Betano,Empate,1X2 DRAW,1X2:DRAW,28.6%,0.285700,3.50,,,,,,3.65,0.04,0.042800,0.15,1.04,Sin cuota/EV,EV positivo Betano,Solo modelo,7,72.26,72.256000,,Betano mapeado,Baja,torneo actual,usa Poisson base con estadisticas de goles del torneo,riesgo propio del resultado final y variacion del modelo,https://www.betano.pe/cuotas-de-partido/fluminense-rj-ca-platense/91067409/
2026-09-08,17:00,Fluminense vs Platense,,,SHOTS_ON_TARGET_TOTAL OVER.8.5,SHOTS_ON_TARGET_TOTAL OVER.8.5,SHOTS_ON_TARGET_TOTAL:OVER_8_5,28.4%,0.284000,3.52,,,,,,,,,,,Sin cuota/EV,No encontrado en Betano,Solo modelo,2,31.40,31.404000,,Betano mapeado,Baja,contexto premium torneo actual,usa promedios del contexto premium/API-Football,el volumen ofensivo puede variar por planteamiento y marcador temprano,https://www.betano.pe/cuotas-de-partido/fluminense-rj-ca-platense/91067409/
2026-09-08,17:00,Fluminense vs Platense,,,Local corners +5.5,CORNERS_HOME OVER.5.5,CORNERS_HOME:OVER_5_5,28.0%,0.280100,3.57,,,,,,,,,,,Sin cuota/EV,No encontrado en Betano,Solo modelo,4,44.01,44.009000,,Betano mapeado,Baja,contexto premium torneo actual,usa promedios del contexto premium/API-Football,el volumen ofensivo puede variar por planteamiento y marcador temprano,https://www.betano.pe/cuotas-de-partido/fluminense-rj-ca-platense/91067409/
2026-09-08,17:00,Fluminense vs Platense,,,SHOTS_TOTAL OVER.26.5,SHOTS_TOTAL OVER.26.5,SHOTS_TOTAL:OVER_26_5,27.5%,0.274900,3.64,,,,,,,,,,,Sin cuota/EV,No encontrado en Betano,Solo modelo,2,30.49,30.489000,,Betano mapeado,Baja,contexto premium torneo actual,usa promedios del contexto premium/API-Football,el volumen ofensivo puede variar por planteamiento y marcador temprano,https://www.betano.pe/cuotas-de-partido/fluminense-rj-ca-platense/91067409/
2026-09-08,17:00,Fluminense vs Platense,,,SHOTS_TOTAL UNDER.20.5,SHOTS_TOTAL UNDER.20.5,SHOTS_TOTAL:UNDER_20_5,26.2%,0.261800,3.82,,,,,,,,,,,Sin cuota/EV,No encontrado en Betano,Solo modelo,2,29.18,29.182000,,Betano mapeado,Baja,contexto premium torneo actual,usa promedios del contexto premium/API-Football,el volumen ofensivo puede variar por planteamiento y marcador temprano,https://www.betano.pe/cuotas-de-partido/fluminense-rj-ca-platense/91067409/
2026-09-08,17:00,Fluminense vs Platense,,Betano,1T +1.5,FIRST_HALF_TOTALS OVER.1.5,FIRST_HALF_TOTALS:OVER_1_5,22.8%,0.227500,4.39,,,,,,3.55,-0.19,-0.192400,-0.84,0.81,Sin cuota/EV,EV negativo Betano,Solo modelo,5,52.67,52.674000,,Betano mapeado,Baja,contexto premium torneo actual,usa promedios del contexto premium/API-Football,el primer tiempo puede tener ritmo bajo o rotaciones,https://www.betano.pe/cuotas-de-partido/fluminense-rj-ca-platense/91067409/
2026-09-08,17:00,Fluminense vs Platense,,,Tarjetas total -3.5,CARDS_TOTALS UNDER.3.5,CARDS_TOTALS:UNDER_3_5,21.3%,0.213300,4.69,,,,,,,,,,,Sin cuota/EV,No encontrado en Betano,Solo modelo,3,29.33,29.329000,,Betano mapeado,Baja,contexto premium torneo actual,usa promedios del contexto premium/API-Football,depende mucho del arbitro y del contexto competitivo,https://www.betano.pe/cuotas-de-partido/fluminense-rj-ca-platense/91067409/
2026-09-08,17:00,Fluminense vs Platense,,,Corners total +11.5,CORNERS_TOTALS OVER.11.5,CORNERS_TOTALS:OVER_11_5,19.7%,0.197000,5.08,,,,,,,,,,,Sin cuota/EV,No encontrado en Betano,Solo modelo,6,49.70,49.699000,,Betano mapeado,Baja,contexto premium torneo actual,usa promedios del contexto premium/API-Football,el volumen ofensivo puede variar por planteamiento y marcador temprano,https://www.betano.pe/cuotas-de-partido/fluminense-rj-ca-platense/91067409/
2026-09-08,17:00,Fluminense vs Platense,,Betano,Goles +3.5,TOTALS OVER.3.5,TOTALS:OVER_3_5,19.5%,0.195100,5.13,,,,,,4.60,-0.10,-0.102500,-0.53,0.90,Sin cuota/EV,EV negativo Betano,Solo modelo,1,30.87,30.868000,,Betano mapeado,Baja,torneo actual,usa Poisson base con estadisticas de goles del torneo,un gol temprano o baja eficacia puede cambiar la lectura del mercado,https://www.betano.pe/cuotas-de-partido/fluminense-rj-ca-platense/91067409/
2026-09-08,17:00,Fluminense vs Platense,,,Visita corners +6.5,CORNERS_AWAY OVER.6.5,CORNERS_AWAY:OVER_6_5,18.2%,0.182000,5.50,,,,,,,,,,,Sin cuota/EV,No encontrado en Betano,Solo modelo,4,34.20,34.197000,,Betano mapeado,Baja,contexto premium torneo actual,usa promedios del contexto premium/API-Football,el volumen ofensivo puede variar por planteamiento y marcador temprano,https://www.betano.pe/cuotas-de-partido/fluminense-rj-ca-platense/91067409/
2026-09-08,17:00,Fluminense vs Platense,,,SHOTS_ON_TARGET_TOTAL OVER.9.5,SHOTS_ON_TARGET_TOTAL OVER.9.5,SHOTS_ON_TARGET_TOTAL:OVER_9_5,18.0%,0.179800,5.56,,,,,,,,,,,Sin cuota/EV,No encontrado en Betano,Solo modelo,2,20.98,20.979000,,Betano mapeado,Baja,contexto premium torneo actual,usa promedios del contexto premium/API-Football,el volumen ofensivo puede variar por planteamiento y marcador temprano,https://www.betano.pe/cuotas-de-partido/fluminense-rj-ca-platense/91067409/
2026-09-08,17:00,Fluminense vs Platense,,,Local corners +6.5,CORNERS_HOME OVER.6.5,CORNERS_HOME:OVER_6_5,15.6%,0.156400,6.40,,,,,,,,,,,Sin cuota/EV,No encontrado en Betano,Solo modelo,4,31.64,31.635000,,Betano mapeado,Baja,contexto premium torneo actual,usa promedios del contexto premium/API-Football,el volumen ofensivo puede variar por planteamiento y marcador temprano,https://www.betano.pe/cuotas-de-partido/fluminense-rj-ca-platense/91067409/
2026-09-08,17:00,Fluminense vs Platense,,,Local tarjetas -1.5,CARDS_HOME UNDER.1.5,CARDS_HOME:UNDER_1_5,14.7%,0.146800,6.81,,,,,,,,,,,Sin cuota/EV,No encontrado en Betano,Solo modelo,2,17.68,17.684000,,Betano mapeado,Baja,contexto premium torneo actual,usa promedios del contexto premium/API-Football,depende mucho del arbitro y del contexto competitivo,https://www.betano.pe/cuotas-de-partido/fluminense-rj-ca-platense/91067409/
2026-09-08,17:00,Fluminense vs Platense,,,Visita tarjetas +3.5,CARDS_AWAY OVER.3.5,CARDS_AWAY:OVER_3_5,14.3%,0.142900,7.00,,,,,,,,,,,Sin cuota/EV,No encontrado en Betano,Solo modelo,2,17.29,17.288000,,Betano mapeado,Baja,contexto premium torneo actual,usa promedios del contexto premium/API-Football,depende mucho del arbitro y del contexto competitivo,https://www.betano.pe/cuotas-de-partido/fluminense-rj-ca-platense/91067409/
2026-09-08,17:00,Fluminense vs Platense,,,SHOTS_TOTAL UNDER.18.5,SHOTS_TOTAL UNDER.18.5,SHOTS_TOTAL:UNDER_18_5,14.1%,0.141100,7.09,,,,,,,,,,,Sin cuota/EV,No encontrado en Betano,Solo modelo,2,17.11,17.109000,,Betano mapeado,Baja,contexto premium torneo actual,usa promedios del contexto premium/API-Football,el volumen ofensivo puede variar por planteamiento y marcador temprano,https://www.betano.pe/cuotas-de-partido/fluminense-rj-ca-platense/91067409/
2026-09-08,17:00,Fluminense vs Platense,,,Visita tarjetas -0.5,CARDS_AWAY UNDER.0.5,CARDS_AWAY:UNDER_0_5,13.5%,0.135300,7.39,,,,,,,,,,,Sin cuota/EV,No encontrado en Betano,Solo modelo,2,16.53,16.534000,,Betano mapeado,Baja,contexto premium torneo actual,usa promedios del contexto premium/API-Football,depende mucho del arbitro y del contexto competitivo,https://www.betano.pe/cuotas-de-partido/fluminense-rj-ca-platense/91067409/
2026-09-08,17:00,Fluminense vs Platense,,Betano,Local goles +2.5,TEAM_TOTAL_HOME OVER.2.5,TEAM_TOTAL_HOME:OVER_2_5,10.9%,0.109300,9.15,,,,,,3.80,-0.58,-0.584700,-5.35,0.42,Sin cuota/EV,EV negativo Betano,Solo modelo,4,25.58,25.578000,,Betano mapeado,Baja,torneo actual,usa Poisson base con estadisticas de goles del torneo,un gol temprano o baja eficacia puede cambiar la lectura del mercado,https://www.betano.pe/cuotas-de-partido/fluminense-rj-ca-platense/91067409/
2026-09-08,17:00,Fluminense vs Platense,,,Visita goles +2.5,TEAM_TOTAL_AWAY OVER.2.5,TEAM_TOTAL_AWAY:OVER_2_5,10.5%,0.104700,9.55,,,,,,,,,,,Sin cuota/EV,No encontrado en Betano,Solo modelo,4,26.47,26.467000,,Betano mapeado,Baja,torneo actual,usa Poisson base con estadisticas de goles del torneo,un gol temprano o baja eficacia puede cambiar la lectura del mercado,https://www.betano.pe/cuotas-de-partido/fluminense-rj-ca-platense/91067409/
2026-09-08,17:00,Fluminense vs Platense,,,Tarjetas total -2.5,CARDS_TOTALS UNDER.2.5,CARDS_TOTALS:UNDER_2_5,9.5%,0.094800,10.55,,,,,,,,,,,Sin cuota/EV,No encontrado en Betano,Solo modelo,3,17.48,17.476000,,Betano mapeado,Baja,contexto premium torneo actual,usa promedios del contexto premium/API-Football,depende mucho del arbitro y del contexto competitivo,https://www.betano.pe/cuotas-de-partido/fluminense-rj-ca-platense/91067409/
2026-09-08,17:00,Fluminense vs Platense,,,Local tarjetas -0.5,CARDS_HOME UNDER.0.5,CARDS_HOME:UNDER_0_5,3.3%,0.033400,29.96,,,,,,,,,,,Sin cuota/EV,No encontrado en Betano,Solo modelo,2,6.34,6.337000,,Betano mapeado,Baja,contexto premium torneo actual,usa promedios del contexto premium/API-Football,depende mucho del arbitro y del contexto competitivo,https://www.betano.pe/cuotas-de-partido/fluminense-rj-ca-platense/91067409/
2026-09-08,17:00,Santa Fe vs Vasco DA Gama,,,Local tarjetas -3.5,CARDS_HOME UNDER.3.5,CARDS_HOME:UNDER_3_5,99.3%,0.992700,1.01,,,,,,,,,,,Sin cuota/EV,No encontrado en Betano,Solo modelo,2,102.27,102.271000,,Betano mapeado,Alta,contexto premium torneo actual,usa promedios del contexto premium/API-Football,depende mucho del arbitro y del contexto competitivo,https://www.betano.pe/cuotas-de-partido/independiente-santa-fe-vasco-da-gama-rj/91465644/
2026-09-08,17:00,Santa Fe vs Vasco DA Gama,,,Local corners -6.5,CORNERS_HOME UNDER.6.5,CORNERS_HOME:UNDER_6_5,98.2%,0.982000,1.02,,,,,,,,,,,Sin cuota/EV,No encontrado en Betano,Solo modelo,4,114.20,114.202000,,Betano mapeado,Alta,contexto premium torneo actual,usa promedios del contexto premium/API-Football,el volumen ofensivo puede variar por planteamiento y marcador temprano,https://www.betano.pe/cuotas-de-partido/independiente-santa-fe-vasco-da-gama-rj/91465644/
2026-09-08,17:00,Santa Fe vs Vasco DA Gama,,,Local tarjetas -2.5,CARDS_HOME UNDER.2.5,CARDS_HOME:UNDER_2_5,96.0%,0.959500,1.04,,,,,,,,,,,Sin cuota/EV,No encontrado en Betano,Solo modelo,2,98.95,98.949000,,Betano mapeado,Alta,contexto premium torneo actual,usa promedios del contexto premium/API-Football,depende mucho del arbitro y del contexto competitivo,https://www.betano.pe/cuotas-de-partido/independiente-santa-fe-vasco-da-gama-rj/91465644/
2026-09-08,17:00,Santa Fe vs Vasco DA Gama,,Betano,Tarjetas total -6.5,CARDS_TOTALS UNDER.6.5,CARDS_TOTALS:UNDER_6_5,95.8%,0.958400,1.04,,,,,,1.37,0.31,0.313000,0.33,1.31,Sin cuota/EV,EV positivo Betano,Solo modelo,3,116.84,116.843000,,Betano mapeado,Alta,contexto premium torneo actual,usa promedios del contexto premium/API-Football,depende mucho del arbitro y del contexto competitivo,https://www.betano.pe/cuotas-de-partido/independiente-santa-fe-vasco-da-gama-rj/91465644/
2026-09-08,17:00,Santa Fe vs Vasco DA Gama,,,Local corners -5.5,CORNERS_HOME UNDER.5.5,CORNERS_HOME:UNDER_5_5,94.9%,0.949100,1.05,,,,,,,,,,,Sin cuota/EV,No encontrado en Betano,Solo modelo,4,110.91,110.910000,,Betano mapeado,Alta,contexto premium torneo actual,usa promedios del contexto premium/API-Football,el volumen ofensivo puede variar por planteamiento y marcador temprano,https://www.betano.pe/cuotas-de-partido/independiente-santa-fe-vasco-da-gama-rj/91465644/
2026-09-08,17:00,Santa Fe vs Vasco DA Gama,,,Visita goles -2.5,TEAM_TOTAL_AWAY UNDER.2.5,TEAM_TOTAL_AWAY:UNDER_2_5,92.4%,0.924200,1.08,,,,,,,,,,,Sin cuota/EV,No encontrado en Betano,Solo modelo,4,108.42,108.424000,,Betano mapeado,Alta,torneo actual,usa Poisson base con estadisticas de goles del torneo,un gol temprano o baja eficacia puede cambiar la lectura del mercado,https://www.betano.pe/cuotas-de-partido/independiente-santa-fe-vasco-da-gama-rj/91465644/
2026-09-08,17:00,Santa Fe vs Vasco DA Gama,,,SHOTS_TOTAL OVER.18.5,SHOTS_TOTAL OVER.18.5,SHOTS_TOTAL:OVER_18_5,92.1%,0.921300,1.08,,,,,,,,,,,Sin cuota/EV,No encontrado en Betano,Solo modelo,2,95.13,95.129000,,Betano mapeado,Alta,contexto premium torneo actual,usa promedios del contexto premium/API-Football,el volumen ofensivo puede variar por planteamiento y marcador temprano,https://www.betano.pe/cuotas-de-partido/independiente-santa-fe-vasco-da-gama-rj/91465644/
2026-09-08,17:00,Santa Fe vs Vasco DA Gama,,,Visita tarjetas +0.5,CARDS_AWAY OVER.0.5,CARDS_AWAY:OVER_0_5,90.9%,0.909300,1.10,,,,,,,,,,,Sin cuota/EV,No encontrado en Betano,Solo modelo,2,93.93,93.928000,,Betano mapeado,Alta,contexto premium torneo actual,usa promedios del contexto premium/API-Football,depende mucho del arbitro y del contexto competitivo,https://www.betano.pe/cuotas-de-partido/independiente-santa-fe-vasco-da-gama-rj/91465644/
2026-09-08,17:00,Santa Fe vs Vasco DA Gama,,Betano,Tarjetas total -5.5,CARDS_TOTALS UNDER.5.5,CARDS_TOTALS:UNDER_5_5,90.0%,0.900200,1.11,,,,,,1.67,0.50,0.503300,0.56,1.50,Sin cuota/EV,EV positivo Betano,Solo modelo,3,114.07,114.074000,,Betano mapeado,Alta,contexto premium torneo actual,usa promedios del contexto premium/API-Football,depende mucho del arbitro y del contexto competitivo,https://www.betano.pe/cuotas-de-partido/independiente-santa-fe-vasco-da-gama-rj/91465644/
2026-09-08,17:00,Santa Fe vs Vasco DA Gama,,,Corners total -11.5,CORNERS_TOTALS UNDER.11.5,CORNERS_TOTALS:UNDER_11_5,89.7%,0.896900,1.11,,,,,,,,,,,Sin cuota/EV,No encontrado en Betano,Solo modelo,6,119.69,119.689000,,Betano mapeado,Alta,contexto premium torneo actual,usa promedios del contexto premium/API-Football,el volumen ofensivo puede variar por planteamiento y marcador temprano,https://www.betano.pe/cuotas-de-partido/independiente-santa-fe-vasco-da-gama-rj/91465644/
2026-09-08,17:00,Santa Fe vs Vasco DA Gama,10Bet,,Local corners -4.5,CORNERS_HOME UNDER.4.5,CORNERS_HOME:UNDER_4_5,87.4%,0.873900,1.14,1.77,0.55,0.546700,0.63,1.55,,,,,,EV positivo,No encontrado en Betano,Valor,4,115.23,115.228000,,Betano mapeado,Alta,contexto premium torneo actual,usa promedios del contexto premium/API-Football,el volumen ofensivo puede variar por planteamiento y marcador temprano,https://www.betano.pe/cuotas-de-partido/independiente-santa-fe-vasco-da-gama-rj/91465644/
2026-09-08,17:00,Santa Fe vs Vasco DA Gama,,,SHOTS_TOTAL OVER.20.5,SHOTS_TOTAL OVER.20.5,SHOTS_TOTAL:OVER_20_5,83.7%,0.836800,1.20,,,,,,,,,,,Sin cuota/EV,No encontrado en Betano,Solo modelo,2,86.68,86.683000,,Betano mapeado,Alta,contexto premium torneo actual,usa promedios del contexto premium/API-Football,el volumen ofensivo puede variar por planteamiento y marcador temprano,https://www.betano.pe/cuotas-de-partido/independiente-santa-fe-vasco-da-gama-rj/91465644/
2026-09-08,17:00,Santa Fe vs Vasco DA Gama,10Bet,Betano,1T -1.5,FIRST_HALF_TOTALS UNDER.1.5,FIRST_HALF_TOTALS:UNDER_1_5,83.5%,0.835500,1.20,1.08,-0.10,-0.097700,-0.12,0.90,1.30,0.09,0.086200,0.10,1.09,EV negativo,EV positivo Betano,Evitar,5,101.17,101.166000,,Betano mapeado,Alta,contexto premium torneo actual,usa promedios del contexto premium/API-Football,el primer tiempo puede tener ritmo bajo o rotaciones,https://www.betano.pe/cuotas-de-partido/independiente-santa-fe-vasco-da-gama-rj/91465644/
2026-09-08,17:00,Santa Fe vs Vasco DA Gama,,,Corners total -10.5,CORNERS_TOTALS UNDER.10.5,CORNERS_TOTALS:UNDER_10_5,82.8%,0.828100,1.21,,,,,,,,,,,Sin cuota/EV,No encontrado en Betano,Solo modelo,6,112.81,112.810000,,Betano mapeado,Alta,contexto premium torneo actual,usa promedios del contexto premium/API-Football,el volumen ofensivo puede variar por planteamiento y marcador temprano,https://www.betano.pe/cuotas-de-partido/independiente-santa-fe-vasco-da-gama-rj/91465644/
2026-09-08,17:00,Santa Fe vs Vasco DA Gama,,,Local tarjetas -1.5,CARDS_HOME UNDER.1.5,CARDS_HOME:UNDER_1_5,82.7%,0.826600,1.21,,,,,,,,,,,Sin cuota/EV,No encontrado en Betano,Solo modelo,2,85.66,85.664000,,Betano mapeado,Alta,contexto premium torneo actual,usa promedios del contexto premium/API-Football,depende mucho del arbitro y del contexto competitivo,https://www.betano.pe/cuotas-de-partido/independiente-santa-fe-vasco-da-gama-rj/91465644/
2026-09-08,17:00,Santa Fe vs Vasco DA Gama,,,Local goles -2.5,TEAM_TOTAL_HOME UNDER.2.5,TEAM_TOTAL_HOME:UNDER_2_5,82.6%,0.826000,1.21,,,,,,,,,,,Sin cuota/EV,No encontrado en Betano,Solo modelo,4,98.60,98.598000,,Betano mapeado,Alta,torneo actual,usa Poisson base con estadisticas de goles del torneo,un gol temprano o baja eficacia puede cambiar la lectura del mercado,https://www.betano.pe/cuotas-de-partido/independiente-santa-fe-vasco-da-gama-rj/91465644/
2026-09-08,17:00,Santa Fe vs Vasco DA Gama,,Betano,Tarjetas total -4.5,CARDS_TOTALS UNDER.4.5,CARDS_TOTALS:UNDER_4_5,79.0%,0.789500,1.27,,,,,,2.22,0.75,0.752700,0.95,1.75,Sin cuota/EV,EV positivo Betano,Solo modelo,3,106.99,106.989000,,Betano mapeado,Alta,contexto premium torneo actual,usa promedios del contexto premium/API-Football,depende mucho del arbitro y del contexto competitivo,https://www.betano.pe/cuotas-de-partido/independiente-santa-fe-vasco-da-gama-rj/91465644/
2026-09-08,17:00,Santa Fe vs Vasco DA Gama,,,Visita tarjetas -3.5,CARDS_AWAY UNDER.3.5,CARDS_AWAY:UNDER_3_5,77.9%,0.778700,1.28,,,,,,,,,,,Sin cuota/EV,No encontrado en Betano,Solo modelo,2,80.87,80.872000,,Betano mapeado,Alta,contexto premium torneo actual,usa promedios del contexto premium/API-Football,depende mucho del arbitro y del contexto competitivo,https://www.betano.pe/cuotas-de-partido/independiente-santa-fe-vasco-da-gama-rj/91465644/
2026-09-08,17:00,Santa Fe vs Vasco DA Gama,10Bet,Betano,Goles -3.5,TOTALS UNDER.3.5,TOTALS:UNDER_3_5,77.8%,0.777500,1.29,1.20,-0.07,-0.067000,-0.09,0.93,1.21,-0.06,-0.059200,-0.08,0.94,EV negativo,EV negativo Betano,Evitar,10,118.60,118.596000,,Betano mapeado,Alta,torneo actual,usa Poisson base con estadisticas de goles del torneo,un gol temprano o baja eficacia puede cambiar la lectura del mercado,https://www.betano.pe/cuotas-de-partido/independiente-santa-fe-vasco-da-gama-rj/91465644/
2026-09-08,17:00,Santa Fe vs Vasco DA Gama,,,Visita corners +3.5,CORNERS_AWAY OVER.3.5,CORNERS_AWAY:OVER_3_5,76.8%,0.768300,1.30,,,,,,,,,,,Sin cuota/EV,No encontrado en Betano,Solo modelo,4,92.83,92.833000,,Betano mapeado,Alta,contexto premium torneo actual,usa promedios del contexto premium/API-Football,el volumen ofensivo puede variar por planteamiento y marcador temprano,https://www.betano.pe/cuotas-de-partido/independiente-santa-fe-vasco-da-gama-rj/91465644/
2026-09-08,17:00,Santa Fe vs Vasco DA Gama,,,Local goles +0.5,TEAM_TOTAL_HOME OVER.0.5,TEAM_TOTAL_HOME:OVER_0_5,76.1%,0.760900,1.31,,,,,,,,,,,Sin cuota/EV,No encontrado en Betano,Solo modelo,4,92.09,92.091000,,Betano mapeado,Alta,torneo actual,usa Poisson base con estadisticas de goles del torneo,un gol temprano o baja eficacia puede cambiar la lectura del mercado,https://www.betano.pe/cuotas-de-partido/independiente-santa-fe-vasco-da-gama-rj/91465644/
2026-09-08,17:00,Santa Fe vs Vasco DA Gama,,,Visita goles -1.5,TEAM_TOTAL_AWAY UNDER.1.5,TEAM_TOTAL_AWAY:UNDER_1_5,74.5%,0.745000,1.34,,,,,,,,,,,Sin cuota/EV,No encontrado en Betano,Solo modelo,4,90.50,90.496000,,Betano mapeado,Alta,torneo actual,usa Poisson base con estadisticas de goles del torneo,un gol temprano o baja eficacia puede cambiar la lectura del mercado,https://www.betano.pe/cuotas-de-partido/independiente-santa-fe-vasco-da-gama-rj/91465644/
2026-09-08,17:00,Santa Fe vs Vasco DA Gama,,,SHOTS_ON_TARGET_TOTAL OVER.6.5,SHOTS_ON_TARGET_TOTAL OVER.6.5,SHOTS_ON_TARGET_TOTAL:OVER_6_5,74.4%,0.743800,1.34,,,,,,,,,,,Sin cuota/EV,No encontrado en Betano,Solo modelo,2,77.38,77.382000,,Betano mapeado,Alta,contexto premium torneo actual,usa promedios del contexto premium/API-Football,el volumen ofensivo puede variar por planteamiento y marcador temprano,https://www.betano.pe/cuotas-de-partido/independiente-santa-fe-vasco-da-gama-rj/91465644/
2026-09-08,17:00,Santa Fe vs Vasco DA Gama,,,DOUBLE_CHANCE 1X,DOUBLE_CHANCE 1X,DOUBLE_CHANCE:1X,74.3%,0.743100,1.35,,,,,,,,,,,Sin cuota/EV,No encontrado en Betano,Solo modelo,9,119.31,119.312000,,Betano mapeado,Alta,torneo actual,usa Poisson base con estadisticas de goles del torneo,riesgo propio del resultado final y variacion del modelo,https://www.betano.pe/cuotas-de-partido/independiente-santa-fe-vasco-da-gama-rj/91465644/
2026-09-08,17:00,Santa Fe vs Vasco DA Gama,,,DOUBLE_CHANCE 12,DOUBLE_CHANCE 12,DOUBLE_CHANCE:12,73.3%,0.732700,1.36,,,,,,,,,,,Sin cuota/EV,No encontrado en Betano,Solo modelo,9,118.27,118.269000,,Betano mapeado,Alta,torneo actual,usa Poisson base con estadisticas de goles del torneo,riesgo propio del resultado final y variacion del modelo,https://www.betano.pe/cuotas-de-partido/independiente-santa-fe-vasco-da-gama-rj/91465644/
2026-09-08,17:00,Santa Fe vs Vasco DA Gama,10Bet,Betano,Corners total -9.5,CORNERS_TOTALS UNDER.9.5,CORNERS_TOTALS:UNDER_9_5,73.2%,0.732000,1.37,1.70,0.24,0.244400,0.33,1.24,1.60,0.17,0.171200,0.23,1.17,EV positivo,EV positivo Betano,Valor,6,120.34,120.339000,,Betano mapeado,Alta,contexto premium torneo actual,usa promedios del contexto premium/API-Football,el volumen ofensivo puede variar por planteamiento y marcador temprano,https://www.betano.pe/cuotas-de-partido/independiente-santa-fe-vasco-da-gama-rj/91465644/
2026-09-08,17:00,Santa Fe vs Vasco DA Gama,,,Local corners -3.5,CORNERS_HOME UNDER.3.5,CORNERS_HOME:UNDER_3_5,73.1%,0.730600,1.37,,,,,,,,,,,Sin cuota/EV,No encontrado en Betano,Solo modelo,4,89.06,89.055000,,Betano mapeado,Alta,contexto premium torneo actual,usa promedios del contexto premium/API-Football,el volumen ofensivo puede variar por planteamiento y marcador temprano,https://www.betano.pe/cuotas-de-partido/independiente-santa-fe-vasco-da-gama-rj/91465644/
2026-09-08,17:00,Santa Fe vs Vasco DA Gama,,,Visita corners -6.5,CORNERS_AWAY UNDER.6.5,CORNERS_AWAY:UNDER_6_5,72.5%,0.724800,1.38,,,,,,,,,,,Sin cuota/EV,No encontrado en Betano,Solo modelo,4,88.48,88.479000,,Betano mapeado,Alta,contexto premium torneo actual,usa promedios del contexto premium/API-Football,el volumen ofensivo puede variar por planteamiento y marcador temprano,https://www.betano.pe/cuotas-de-partido/independiente-santa-fe-vasco-da-gama-rj/91465644/
2026-09-08,17:00,Santa Fe vs Vasco DA Gama,,,SHOTS_TOTAL OVER.22.5,SHOTS_TOTAL OVER.22.5,SHOTS_TOTAL:OVER_22_5,71.3%,0.713200,1.40,,,,,,,,,,,Sin cuota/EV,No encontrado en Betano,Solo modelo,2,74.32,74.320000,,Betano mapeado,Alta,contexto premium torneo actual,usa promedios del contexto premium/API-Football,el volumen ofensivo puede variar por planteamiento y marcador temprano,https://www.betano.pe/cuotas-de-partido/independiente-santa-fe-vasco-da-gama-rj/91465644/
2026-09-08,17:00,Santa Fe vs Vasco DA Gama,10Bet,Betano,Goles +1.5,TOTALS OVER.1.5,TOTALS:OVER_1_5,69.3%,0.692800,1.44,2.50,0.73,0.732100,1.06,1.73,1.47,0.02,0.018400,0.03,1.02,EV positivo,EV positivo Betano,Valor,10,142.76,142.756000,,Betano mapeado,Media,torneo actual,usa Poisson base con estadisticas de goles del torneo,un gol temprano o baja eficacia puede cambiar la lectura del mercado,https://www.betano.pe/cuotas-de-partido/independiente-santa-fe-vasco-da-gama-rj/91465644/
2026-09-08,17:00,Santa Fe vs Vasco DA Gama,,,Visita tarjetas +1.5,CARDS_AWAY OVER.1.5,CARDS_AWAY:OVER_1_5,69.2%,0.691600,1.45,,,,,,,,,,,Sin cuota/EV,No encontrado en Betano,Solo modelo,2,72.16,72.156000,,Betano mapeado,Media,contexto premium torneo actual,usa promedios del contexto premium/API-Football,depende mucho del arbitro y del contexto competitivo,https://www.betano.pe/cuotas-de-partido/independiente-santa-fe-vasco-da-gama-rj/91465644/
2026-09-08,17:00,Santa Fe vs Vasco DA Gama,,,SHOTS_ON_TARGET_TOTAL UNDER.9.5,SHOTS_ON_TARGET_TOTAL UNDER.9.5,SHOTS_ON_TARGET_TOTAL:UNDER_9_5,65.3%,0.653000,1.53,,,,,,,,,,,Sin cuota/EV,No encontrado en Betano,Solo modelo,2,68.30,68.297000,,Betano mapeado,Media,contexto premium torneo actual,usa promedios del contexto premium/API-Football,el volumen ofensivo puede variar por planteamiento y marcador temprano,https://www.betano.pe/cuotas-de-partido/independiente-santa-fe-vasco-da-gama-rj/91465644/
2026-09-08,17:00,Santa Fe vs Vasco DA Gama,10Bet,,DNB local,DRAW_NO_BET HOME,DRAW_NO_BET:HOME,64.9%,0.649400,1.54,1.57,0.02,0.019600,0.03,1.02,,,,,,EV negativo,No encontrado en Betano,Equilibrado,9,110.29,110.292000,,Betano mapeado,Media,torneo actual,usa Poisson base con estadisticas de goles del torneo,riesgo propio del resultado final y variacion del modelo,https://www.betano.pe/cuotas-de-partido/independiente-santa-fe-vasco-da-gama-rj/91465644/
2026-09-08,17:00,Santa Fe vs Vasco DA Gama,,,Visita goles +0.5,TEAM_TOTAL_AWAY OVER.0.5,TEAM_TOTAL_AWAY:OVER_0_5,62.3%,0.622800,1.61,,,,,,,,,,,Sin cuota/EV,No encontrado en Betano,Solo modelo,4,78.28,78.279000,,Betano mapeado,Media,torneo actual,usa Poisson base con estadisticas de goles del torneo,un gol temprano o baja eficacia puede cambiar la lectura del mercado,https://www.betano.pe/cuotas-de-partido/independiente-santa-fe-vasco-da-gama-rj/91465644/
2026-09-08,17:00,Santa Fe vs Vasco DA Gama,,,SHOTS_ON_TARGET_TOTAL OVER.7.5,SHOTS_ON_TARGET_TOTAL OVER.7.5,SHOTS_ON_TARGET_TOTAL:OVER_7_5,61.4%,0.614400,1.63,,,,,,,,,,,Sin cuota/EV,No encontrado en Betano,Solo modelo,2,64.44,64.440000,,Betano mapeado,Media,contexto premium torneo actual,usa promedios del contexto premium/API-Football,el volumen ofensivo puede variar por planteamiento y marcador temprano,https://www.betano.pe/cuotas-de-partido/independiente-santa-fe-vasco-da-gama-rj/91465644/
2026-09-08,17:00,Santa Fe vs Vasco DA Gama,,,Tarjetas total -3.5,CARDS_TOTALS UNDER.3.5,CARDS_TOTALS:UNDER_3_5,61.4%,0.613700,1.63,,,,,,,,,,,Sin cuota/EV,No encontrado en Betano,Solo modelo,3,69.37,69.367000,,Betano mapeado,Media,contexto premium torneo actual,usa promedios del contexto premium/API-Football,depende mucho del arbitro y del contexto competitivo,https://www.betano.pe/cuotas-de-partido/independiente-santa-fe-vasco-da-gama-rj/91465644/
2026-09-08,17:00,Santa Fe vs Vasco DA Gama,10Bet,Betano,Corners total -8.5,CORNERS_TOTALS UNDER.8.5,CORNERS_TOTALS:UNDER_8_5,61.0%,0.610000,1.64,2.05,0.25,0.250500,0.41,1.25,2.02,0.23,0.232200,0.38,1.23,EV positivo,EV positivo Betano,Valor,6,109.22,109.223000,,Betano mapeado,Media,contexto premium torneo actual,usa promedios del contexto premium/API-Football,el volumen ofensivo puede variar por planteamiento y marcador temprano,https://www.betano.pe/cuotas-de-partido/independiente-santa-fe-vasco-da-gama-rj/91465644/
2026-09-08,17:00,Santa Fe vs Vasco DA Gama,,,Tarjetas total +2.5,CARDS_TOTALS OVER.2.5,CARDS_TOTALS:OVER_2_5,61.0%,0.609600,1.64,,,,,,,,,,,Sin cuota/EV,No encontrado en Betano,Solo modelo,3,68.96,68.956000,,Betano mapeado,Media,contexto premium torneo actual,usa promedios del contexto premium/API-Football,depende mucho del arbitro y del contexto competitivo,https://www.betano.pe/cuotas-de-partido/independiente-santa-fe-vasco-da-gama-rj/91465644/
2026-09-08,17:00,Santa Fe vs Vasco DA Gama,10Bet,,Visita corners +4.5,CORNERS_AWAY OVER.4.5,CORNERS_AWAY:OVER_4_5,60.2%,0.602200,1.66,1.95,0.17,0.174300,0.29,1.17,,,,,,EV positivo,No encontrado en Betano,Valor,4,81.36,81.361000,,Betano mapeado,Media,contexto premium torneo actual,usa promedios del contexto premium/API-Football,el volumen ofensivo puede variar por planteamiento y marcador temprano,https://www.betano.pe/cuotas-de-partido/independiente-santa-fe-vasco-da-gama-rj/91465644/
2026-09-08,17:00,Santa Fe vs Vasco DA Gama,,,SHOTS_TOTAL UNDER.26.5,SHOTS_TOTAL UNDER.26.5,SHOTS_TOTAL:UNDER_26_5,59.5%,0.594700,1.68,,,,,,,,,,,Sin cuota/EV,No encontrado en Betano,Solo modelo,2,62.47,62.471000,,Betano mapeado,Media,contexto premium torneo actual,usa promedios del contexto premium/API-Football,el volumen ofensivo puede variar por planteamiento y marcador temprano,https://www.betano.pe/cuotas-de-partido/independiente-santa-fe-vasco-da-gama-rj/91465644/
2026-09-08,17:00,Santa Fe vs Vasco DA Gama,,,Local goles -1.5,TEAM_TOTAL_HOME UNDER.1.5,TEAM_TOTAL_HOME:UNDER_1_5,58.1%,0.581200,1.72,,,,,,,,,,,Sin cuota/EV,No encontrado en Betano,Solo modelo,4,74.12,74.120000,,Betano mapeado,Media,torneo actual,usa Poisson base con estadisticas de goles del torneo,un gol temprano o baja eficacia puede cambiar la lectura del mercado,https://www.betano.pe/cuotas-de-partido/independiente-santa-fe-vasco-da-gama-rj/91465644/
2026-09-08,17:00,Santa Fe vs Vasco DA Gama,,,Visita corners -5.5,CORNERS_AWAY UNDER.5.5,CORNERS_AWAY:UNDER_5_5,57.2%,0.572200,1.75,,,,,,,,,,,Sin cuota/EV,No encontrado en Betano,Solo modelo,4,73.22,73.218000,,Betano mapeado,Media,contexto premium torneo actual,usa promedios del contexto premium/API-Football,el volumen ofensivo puede variar por planteamiento y marcador temprano,https://www.betano.pe/cuotas-de-partido/independiente-santa-fe-vasco-da-gama-rj/91465644/
2026-09-08,17:00,Santa Fe vs Vasco DA Gama,,,Visita tarjetas -2.5,CARDS_AWAY UNDER.2.5,CARDS_AWAY:UNDER_2_5,57.0%,0.569700,1.75,,,,,,,,,,,Sin cuota/EV,No encontrado en Betano,Solo modelo,2,59.97,59.971000,,Betano mapeado,Media,contexto premium torneo actual,usa promedios del contexto premium/API-Football,depende mucho del arbitro y del contexto competitivo,https://www.betano.pe/cuotas-de-partido/independiente-santa-fe-vasco-da-gama-rj/91465644/
2026-09-08,17:00,Santa Fe vs Vasco DA Gama,10Bet,Betano,Goles -2.5,TOTALS UNDER.2.5,TOTALS:UNDER_2_5,56.8%,0.568200,1.76,1.10,-0.38,-0.375000,-0.66,0.62,1.57,-0.11,-0.107900,-0.19,0.89,EV negativo,EV negativo Betano,Evitar,8,77.34,77.340000,Cuota por debajo de la cuota justa: valor limitado,Betano mapeado,Media,torneo actual,usa Poisson base con estadisticas de goles del torneo,un gol temprano o baja eficacia puede cambiar la lectura del mercado,https://www.betano.pe/cuotas-de-partido/independiente-santa-fe-vasco-da-gama-rj/91465644/
2026-09-08,17:00,Santa Fe vs Vasco DA Gama,,,SHOTS_TOTAL OVER.24.5,SHOTS_TOTAL OVER.24.5,SHOTS_TOTAL:OVER_24_5,56.2%,0.562000,1.78,,,,,,,,,,,Sin cuota/EV,No encontrado en Betano,Solo modelo,2,59.20,59.202000,,Betano mapeado,Media,contexto premium torneo actual,usa promedios del contexto premium/API-Football,el volumen ofensivo puede variar por planteamiento y marcador temprano,https://www.betano.pe/cuotas-de-partido/independiente-santa-fe-vasco-da-gama-rj/91465644/
2026-09-08,17:00,Santa Fe vs Vasco DA Gama,,Betano,Corners total +7.5,CORNERS_TOTALS OVER.7.5,CORNERS_TOTALS:OVER_7_5,52.9%,0.529500,1.89,,,,,,1.42,-0.25,-0.248100,-0.47,0.75,Sin cuota/EV,EV negativo Betano,Solo modelo,6,86.98,86.976000,,Betano mapeado,Baja,contexto premium torneo actual,usa promedios del contexto premium/API-Football,el volumen ofensivo puede variar por planteamiento y marcador temprano,https://www.betano.pe/cuotas-de-partido/independiente-santa-fe-vasco-da-gama-rj/91465644/
2026-09-08,17:00,Santa Fe vs Vasco DA Gama,,,Local tarjetas +0.5,CARDS_HOME OVER.0.5,CARDS_HOME:OVER_0_5,52.8%,0.527600,1.90,,,,,,,,,,,Sin cuota/EV,No encontrado en Betano,Solo modelo,2,55.76,55.763000,,Betano mapeado,Baja,contexto premium torneo actual,usa promedios del contexto premium/API-Football,depende mucho del arbitro y del contexto competitivo,https://www.betano.pe/cuotas-de-partido/independiente-santa-fe-vasco-da-gama-rj/91465644/
2026-09-08,17:00,Santa Fe vs Vasco DA Gama,10Bet,Betano,BTTS no,BTTS NO,BTTS:NO,52.6%,0.526100,1.90,1.14,-0.40,-0.400200,-0.76,0.60,1.75,-0.08,-0.079300,-0.15,0.92,EV negativo,EV negativo Betano,Evitar,8,73.14,73.137000,Cuota por debajo de la cuota justa: valor limitado,Betano mapeado,Baja,torneo actual,usa Poisson base con estadisticas de goles del torneo,un gol temprano o baja eficacia puede cambiar la lectura del mercado,https://www.betano.pe/cuotas-de-partido/independiente-santa-fe-vasco-da-gama-rj/91465644/
2026-09-08,17:00,Santa Fe vs Vasco DA Gama,,,DOUBLE_CHANCE X2,DOUBLE_CHANCE X2,DOUBLE_CHANCE:X2,52.4%,0.524200,1.91,,,,,,,,,,,Sin cuota/EV,No encontrado en Betano,Solo modelo,9,97.42,97.419000,,Betano mapeado,Baja,torneo actual,usa Poisson base con estadisticas de goles del torneo,riesgo propio del resultado final y variacion del modelo,https://www.betano.pe/cuotas-de-partido/independiente-santa-fe-vasco-da-gama-rj/91465644/
2026-09-08,17:00,Santa Fe vs Vasco DA Gama,,,SHOTS_ON_TARGET_TOTAL UNDER.8.5,SHOTS_ON_TARGET_TOTAL UNDER.8.5,SHOTS_ON_TARGET_TOTAL:UNDER_8_5,52.3%,0.523100,1.91,,,,,,,,,,,Sin cuota/EV,No encontrado en Betano,Solo modelo,2,55.31,55.311000,,Betano mapeado,Baja,contexto premium torneo actual,usa promedios del contexto premium/API-Football,el volumen ofensivo puede variar por planteamiento y marcador temprano,https://www.betano.pe/cuotas-de-partido/independiente-santa-fe-vasco-da-gama-rj/91465644/
2026-09-08,17:00,Santa Fe vs Vasco DA Gama,10Bet,Betano,1T +0.5,FIRST_HALF_TOTALS OVER.0.5,FIRST_HALF_TOTALS:OVER_0_5,51.6%,0.515700,1.94,2.55,0.32,0.315000,0.61,1.31,1.57,-0.19,-0.190400,-0.37,0.81,EV positivo,EV negativo Betano,Valor,5,89.19,89.191000,,Betano mapeado,Baja,contexto premium torneo actual,usa promedios del contexto premium/API-Football,el primer tiempo puede tener ritmo bajo o rotaciones,https://www.betano.pe/cuotas-de-partido/independiente-santa-fe-vasco-da-gama-rj/91465644/
2026-09-08,17:00,Santa Fe vs Vasco DA Gama,10Bet,Betano,1T -0.5,FIRST_HALF_TOTALS UNDER.0.5,FIRST_HALF_TOTALS:UNDER_0_5,48.4%,0.484300,2.06,1.48,-0.28,-0.283200,-0.58,0.72,2.37,0.15,0.147800,0.30,1.15,EV negativo,EV positivo Betano,Evitar,5,59.70,59.700000,Cuota por debajo de la cuota justa: valor limitado,Betano mapeado,Baja,contexto premium torneo actual,usa promedios del contexto premium/API-Football,el primer tiempo puede tener ritmo bajo o rotaciones,https://www.betano.pe/cuotas-de-partido/independiente-santa-fe-vasco-da-gama-rj/91465644/
2026-09-08,17:00,Santa Fe vs Vasco DA Gama,,,SHOTS_ON_TARGET_TOTAL OVER.8.5,SHOTS_ON_TARGET_TOTAL OVER.8.5,SHOTS_ON_TARGET_TOTAL:OVER_8_5,47.7%,0.476900,2.10,,,,,,,,,,,Sin cuota/EV,No encontrado en Betano,Solo modelo,2,50.69,50.689000,,Betano mapeado,Baja,contexto premium torneo actual,usa promedios del contexto premium/API-Football,el volumen ofensivo puede variar por planteamiento y marcador temprano,https://www.betano.pe/cuotas-de-partido/independiente-santa-fe-vasco-da-gama-rj/91465644/
2026-09-08,17:00,Santa Fe vs Vasco DA Gama,10Bet,Betano,Gana local,1X2 HOME,1X2:HOME,47.6%,0.475800,2.10,3.80,0.81,0.808100,1.70,1.81,2.22,0.06,0.056300,0.12,1.06,EV positivo,EV positivo Betano,Equilibrado,7,94.03,94.027000,Cuota API muy superior a la cuota justa: revisar manualmente antes de apostar,Betano mapeado,Baja,torneo actual,usa Poisson base con estadisticas de goles del torneo,riesgo propio del resultado final y variacion del modelo,https://www.betano.pe/cuotas-de-partido/independiente-santa-fe-vasco-da-gama-rj/91465644/
2026-09-08,17:00,Santa Fe vs Vasco DA Gama,10Bet,Betano,BTTS sí,BTTS YES,BTTS:YES,47.4%,0.473900,2.11,5.00,1.37,1.369500,2.89,2.37,2.02,-0.04,-0.042700,-0.09,0.96,EV positivo,EV negativo Betano,Equilibrado,8,106.71,106.707000,Cuota API muy superior a la cuota justa: revisar manualmente antes de apostar,Betano mapeado,Baja,torneo actual,usa Poisson base con estadisticas de goles del torneo,un gol temprano o baja eficacia puede cambiar la lectura del mercado,https://www.betano.pe/cuotas-de-partido/independiente-santa-fe-vasco-da-gama-rj/91465644/
2026-09-08,17:00,Santa Fe vs Vasco DA Gama,,,Local tarjetas -0.5,CARDS_HOME UNDER.0.5,CARDS_HOME:UNDER_0_5,47.2%,0.472400,2.12,,,,,,,,,,,Sin cuota/EV,No encontrado en Betano,Solo modelo,2,50.24,50.237000,,Betano mapeado,Baja,contexto premium torneo actual,usa promedios del contexto premium/API-Football,depende mucho del arbitro y del contexto competitivo,https://www.betano.pe/cuotas-de-partido/independiente-santa-fe-vasco-da-gama-rj/91465644/
2026-09-08,17:00,Santa Fe vs Vasco DA Gama,,Betano,Corners total -7.5,CORNERS_TOTALS UNDER.7.5,CORNERS_TOTALS:UNDER_7_5,47.0%,0.470500,2.12,,,,,,2.75,0.29,0.293900,0.62,1.29,Sin cuota/EV,EV positivo Betano,Solo modelo,6,89.76,89.756000,,Betano mapeado,Baja,contexto premium torneo actual,usa promedios del contexto premium/API-Football,el volumen ofensivo puede variar por planteamiento y marcador temprano,https://www.betano.pe/cuotas-de-partido/independiente-santa-fe-vasco-da-gama-rj/91465644/
2026-09-08,17:00,Santa Fe vs Vasco DA Gama,,,SHOTS_TOTAL UNDER.24.5,SHOTS_TOTAL UNDER.24.5,SHOTS_TOTAL:UNDER_24_5,43.8%,0.438000,2.28,,,,,,,,,,,Sin cuota/EV,No encontrado en Betano,Solo modelo,2,46.80,46.798000,,Betano mapeado,Baja,contexto premium torneo actual,usa promedios del contexto premium/API-Football,el volumen ofensivo puede variar por planteamiento y marcador temprano,https://www.betano.pe/cuotas-de-partido/independiente-santa-fe-vasco-da-gama-rj/91465644/
2026-09-08,17:00,Santa Fe vs Vasco DA Gama,10Bet,Betano,Goles +2.5,TOTALS OVER.2.5,TOTALS:OVER_2_5,43.2%,0.431800,2.32,5.80,1.50,1.504700,3.48,2.50,2.40,0.04,0.036300,0.08,1.04,EV positivo,EV positivo Betano,Equilibrado,8,103.77,103.765000,Cuota API muy superior a la cuota justa: revisar manualmente antes de apostar,Betano mapeado,Baja,torneo actual,usa Poisson base con estadisticas de goles del torneo,un gol temprano o baja eficacia puede cambiar la lectura del mercado,https://www.betano.pe/cuotas-de-partido/independiente-santa-fe-vasco-da-gama-rj/91465644/
2026-09-08,17:00,Santa Fe vs Vasco DA Gama,,,Visita tarjetas +2.5,CARDS_AWAY OVER.2.5,CARDS_AWAY:OVER_2_5,43.0%,0.430300,2.32,,,,,,,,,,,Sin cuota/EV,No encontrado en Betano,Solo modelo,2,46.03,46.029000,,Betano mapeado,Baja,contexto premium torneo actual,usa promedios del contexto premium/API-Football,depende mucho del arbitro y del contexto competitivo,https://www.betano.pe/cuotas-de-partido/independiente-santa-fe-vasco-da-gama-rj/91465644/
2026-09-08,17:00,Santa Fe vs Vasco DA Gama,,,Visita corners +5.5,CORNERS_AWAY OVER.5.5,CORNERS_AWAY:OVER_5_5,42.8%,0.427800,2.34,,,,,,,,,,,Sin cuota/EV,No encontrado en Betano,Solo modelo,4,58.78,58.782000,,Betano mapeado,Baja,contexto premium torneo actual,usa promedios del contexto premium/API-Football,el volumen ofensivo puede variar por planteamiento y marcador temprano,https://www.betano.pe/cuotas-de-partido/independiente-santa-fe-vasco-da-gama-rj/91465644/
2026-09-08,17:00,Santa Fe vs Vasco DA Gama,,,Local goles +1.5,TEAM_TOTAL_HOME OVER.1.5,TEAM_TOTAL_HOME:OVER_1_5,41.9%,0.418800,2.39,,,,,,,,,,,Sin cuota/EV,No encontrado en Betano,Solo modelo,4,57.88,57.880000,,Betano mapeado,Baja,torneo actual,usa Poisson base con estadisticas de goles del torneo,un gol temprano o baja eficacia puede cambiar la lectura del mercado,https://www.betano.pe/cuotas-de-partido/independiente-santa-fe-vasco-da-gama-rj/91465644/
2026-09-08,17:00,Santa Fe vs Vasco DA Gama,,,SHOTS_TOTAL OVER.26.5,SHOTS_TOTAL OVER.26.5,SHOTS_TOTAL:OVER_26_5,40.5%,0.405300,2.47,,,,,,,,,,,Sin cuota/EV,No encontrado en Betano,Solo modelo,2,43.53,43.529000,,Betano mapeado,Baja,contexto premium torneo actual,usa promedios del contexto premium/API-Football,el volumen ofensivo puede variar por planteamiento y marcador temprano,https://www.betano.pe/cuotas-de-partido/independiente-santa-fe-vasco-da-gama-rj/91465644/
2026-09-08,17:00,Santa Fe vs Vasco DA Gama,10Bet,,Visita corners -4.5,CORNERS_AWAY UNDER.4.5,CORNERS_AWAY:UNDER_4_5,39.8%,0.397800,2.51,1.65,-0.34,-0.343700,-0.86,0.66,,,,,,EV negativo,No encontrado en Betano,Evitar,4,30.59,30.591000,Cuota por debajo de la cuota justa: valor limitado,Betano mapeado,Baja,contexto premium torneo actual,usa promedios del contexto premium/API-Football,el volumen ofensivo puede variar por planteamiento y marcador temprano,https://www.betano.pe/cuotas-de-partido/independiente-santa-fe-vasco-da-gama-rj/91465644/
2026-09-08,17:00,Santa Fe vs Vasco DA Gama,,,Tarjetas total -2.5,CARDS_TOTALS UNDER.2.5,CARDS_TOTALS:UNDER_2_5,39.0%,0.390400,2.56,,,,,,,,,,,Sin cuota/EV,No encontrado en Betano,Solo modelo,3,47.04,47.044000,,Betano mapeado,Baja,contexto premium torneo actual,usa promedios del contexto premium/API-Football,depende mucho del arbitro y del contexto competitivo,https://www.betano.pe/cuotas-de-partido/independiente-santa-fe-vasco-da-gama-rj/91465644/
2026-09-08,17:00,Santa Fe vs Vasco DA Gama,10Bet,Betano,Corners total +8.5,CORNERS_TOTALS OVER.8.5,CORNERS_TOTALS:OVER_8_5,39.0%,0.390000,2.56,1.70,-0.34,-0.337000,-0.86,0.66,1.75,-0.32,-0.317500,-0.81,0.68,EV negativo,EV negativo Betano,Evitar,6,46.85,46.855000,Cuota por debajo de la cuota justa: valor limitado,Betano mapeado,Baja,contexto premium torneo actual,usa promedios del contexto premium/API-Football,el volumen ofensivo puede variar por planteamiento y marcador temprano,https://www.betano.pe/cuotas-de-partido/independiente-santa-fe-vasco-da-gama-rj/91465644/
2026-09-08,17:00,Santa Fe vs Vasco DA Gama,,,Tarjetas total +3.5,CARDS_TOTALS OVER.3.5,CARDS_TOTALS:OVER_3_5,38.6%,0.386300,2.59,,,,,,,,,,,Sin cuota/EV,No encontrado en Betano,Solo modelo,3,46.63,46.633000,,Betano mapeado,Baja,contexto premium torneo actual,usa promedios del contexto premium/API-Football,depende mucho del arbitro y del contexto competitivo,https://www.betano.pe/cuotas-de-partido/independiente-santa-fe-vasco-da-gama-rj/91465644/
2026-09-08,17:00,Santa Fe vs Vasco DA Gama,,,SHOTS_ON_TARGET_TOTAL UNDER.7.5,SHOTS_ON_TARGET_TOTAL UNDER.7.5,SHOTS_ON_TARGET_TOTAL:UNDER_7_5,38.6%,0.385600,2.59,,,,,,,,,,,Sin cuota/EV,No encontrado en Betano,Solo modelo,2,41.56,41.560000,,Betano mapeado,Baja,contexto premium torneo actual,usa promedios del contexto premium/API-Football,el volumen ofensivo puede variar por planteamiento y marcador temprano,https://www.betano.pe/cuotas-de-partido/independiente-santa-fe-vasco-da-gama-rj/91465644/
2026-09-08,17:00,Santa Fe vs Vasco DA Gama,,,Visita goles -0.5,TEAM_TOTAL_AWAY UNDER.0.5,TEAM_TOTAL_AWAY:UNDER_0_5,37.7%,0.377200,2.65,,,,,,,,,,,Sin cuota/EV,No encontrado en Betano,Solo modelo,4,53.72,53.721000,,Betano mapeado,Baja,torneo actual,usa Poisson base con estadisticas de goles del torneo,un gol temprano o baja eficacia puede cambiar la lectura del mercado,https://www.betano.pe/cuotas-de-partido/independiente-santa-fe-vasco-da-gama-rj/91465644/
2026-09-08,17:00,Santa Fe vs Vasco DA Gama,10Bet,,DNB visita,DRAW_NO_BET AWAY,DRAW_NO_BET:AWAY,35.1%,0.350600,2.85,2.25,-0.21,-0.211100,-0.60,0.79,,,,,,EV negativo,No encontrado en Betano,Evitar,9,57.26,57.260000,Cuota por debajo de la cuota justa: valor limitado,Betano mapeado,Baja,torneo actual,usa Poisson base con estadisticas de goles del torneo,riesgo propio del resultado final y variacion del modelo,https://www.betano.pe/cuotas-de-partido/independiente-santa-fe-vasco-da-gama-rj/91465644/
2026-09-08,17:00,Santa Fe vs Vasco DA Gama,,,SHOTS_ON_TARGET_TOTAL OVER.9.5,SHOTS_ON_TARGET_TOTAL OVER.9.5,SHOTS_ON_TARGET_TOTAL:OVER_9_5,34.7%,0.347000,2.88,,,,,,,,,,,Sin cuota/EV,No encontrado en Betano,Solo modelo,2,37.70,37.703000,,Betano mapeado,Baja,contexto premium torneo actual,usa promedios del contexto premium/API-Football,el volumen ofensivo puede variar por planteamiento y marcador temprano,https://www.betano.pe/cuotas-de-partido/independiente-santa-fe-vasco-da-gama-rj/91465644/
2026-09-08,17:00,Santa Fe vs Vasco DA Gama,,,Visita tarjetas -1.5,CARDS_AWAY UNDER.1.5,CARDS_AWAY:UNDER_1_5,30.8%,0.308400,3.24,,,,,,,,,,,Sin cuota/EV,No encontrado en Betano,Solo modelo,2,33.84,33.844000,,Betano mapeado,Baja,contexto premium torneo actual,usa promedios del contexto premium/API-Football,depende mucho del arbitro y del contexto competitivo,https://www.betano.pe/cuotas-de-partido/independiente-santa-fe-vasco-da-gama-rj/91465644/
2026-09-08,17:00,Santa Fe vs Vasco DA Gama,10Bet,Betano,Goles -1.5,TOTALS UNDER.1.5,TOTALS:UNDER_1_5,30.7%,0.307200,3.26,1.48,-0.55,-0.545400,-1.78,0.45,2.70,-0.17,-0.170600,-0.56,0.83,EV negativo,EV negativo Betano,Evitar,1,12.17,12.168000,Cuota por debajo de la cuota justa: valor limitado,Betano mapeado,Baja,torneo actual,usa Poisson base con estadisticas de goles del torneo,un gol temprano o baja eficacia puede cambiar la lectura del mercado,https://www.betano.pe/cuotas-de-partido/independiente-santa-fe-vasco-da-gama-rj/91465644/
2026-09-08,17:00,Santa Fe vs Vasco DA Gama,,,SHOTS_TOTAL UNDER.22.5,SHOTS_TOTAL UNDER.22.5,SHOTS_TOTAL:UNDER_22_5,28.7%,0.286800,3.49,,,,,,,,,,,Sin cuota/EV,No encontrado en Betano,Solo modelo,2,31.68,31.680000,,Betano mapeado,Baja,contexto premium torneo actual,usa promedios del contexto premium/API-Football,el volumen ofensivo puede variar por planteamiento y marcador temprano,https://www.betano.pe/cuotas-de-partido/independiente-santa-fe-vasco-da-gama-rj/91465644/
2026-09-08,17:00,Santa Fe vs Vasco DA Gama,,,Visita corners +6.5,CORNERS_AWAY OVER.6.5,CORNERS_AWAY:OVER_6_5,27.5%,0.275200,3.63,,,,,,,,,,,Sin cuota/EV,No encontrado en Betano,Solo modelo,4,43.52,43.521000,,Betano mapeado,Baja,contexto premium torneo actual,usa promedios del contexto premium/API-Football,el volumen ofensivo puede variar por planteamiento y marcador temprano,https://www.betano.pe/cuotas-de-partido/independiente-santa-fe-vasco-da-gama-rj/91465644/
2026-09-08,17:00,Santa Fe vs Vasco DA Gama,,,Local corners +3.5,CORNERS_HOME OVER.3.5,CORNERS_HOME:OVER_3_5,26.9%,0.269400,3.71,,,,,,,,,,,Sin cuota/EV,No encontrado en Betano,Solo modelo,4,42.95,42.945000,,Betano mapeado,Baja,contexto premium torneo actual,usa promedios del contexto premium/API-Football,el volumen ofensivo puede variar por planteamiento y marcador temprano,https://www.betano.pe/cuotas-de-partido/independiente-santa-fe-vasco-da-gama-rj/91465644/
2026-09-08,17:00,Santa Fe vs Vasco DA Gama,10Bet,Betano,Corners total +9.5,CORNERS_TOTALS OVER.9.5,CORNERS_TOTALS:OVER_9_5,26.8%,0.268000,3.73,2.05,-0.45,-0.450600,-1.68,0.55,2.25,-0.40,-0.397000,-1.48,0.60,EV negativo,EV negativo Betano,Evitar,6,31.34,31.336000,Cuota por debajo de la cuota justa: valor limitado,Betano mapeado,Baja,contexto premium torneo actual,usa promedios del contexto premium/API-Football,el volumen ofensivo puede variar por planteamiento y marcador temprano,https://www.betano.pe/cuotas-de-partido/independiente-santa-fe-vasco-da-gama-rj/91465644/
2026-09-08,17:00,Santa Fe vs Vasco DA Gama,10Bet,Betano,Empate,1X2 DRAW,1X2:DRAW,26.7%,0.267300,3.74,1.60,-0.57,-0.572300,-2.14,0.43,3.15,-0.16,-0.158000,-0.59,0.84,EV negativo,EV negativo Betano,Evitar,7,37.90,37.902000,Cuota por debajo de la cuota justa: valor limitado,Betano mapeado,Baja,torneo actual,usa Poisson base con estadisticas de goles del torneo,riesgo propio del resultado final y variacion del modelo,https://www.betano.pe/cuotas-de-partido/independiente-santa-fe-vasco-da-gama-rj/91465644/
2026-09-08,17:00,Santa Fe vs Vasco DA Gama,10Bet,Betano,Gana visita,1X2 AWAY,1X2:AWAY,25.7%,0.256900,3.89,5.25,0.35,0.348600,1.36,1.35,3.55,-0.09,-0.088000,-0.34,0.91,EV positivo,EV negativo Betano,Equilibrado,7,73.56,73.556000,,Betano mapeado,Baja,torneo actual,usa Poisson base con estadisticas de goles del torneo,riesgo propio del resultado final y variacion del modelo,https://www.betano.pe/cuotas-de-partido/independiente-santa-fe-vasco-da-gama-rj/91465644/
2026-09-08,17:00,Santa Fe vs Vasco DA Gama,,,SHOTS_ON_TARGET_TOTAL UNDER.6.5,SHOTS_ON_TARGET_TOTAL UNDER.6.5,SHOTS_ON_TARGET_TOTAL:UNDER_6_5,25.6%,0.256200,3.90,,,,,,,,,,,Sin cuota/EV,No encontrado en Betano,Solo modelo,2,28.62,28.618000,,Betano mapeado,Baja,contexto premium torneo actual,usa promedios del contexto premium/API-Football,el volumen ofensivo puede variar por planteamiento y marcador temprano,https://www.betano.pe/cuotas-de-partido/independiente-santa-fe-vasco-da-gama-rj/91465644/
2026-09-08,17:00,Santa Fe vs Vasco DA Gama,,,Visita goles +1.5,TEAM_TOTAL_AWAY OVER.1.5,TEAM_TOTAL_AWAY:OVER_1_5,25.5%,0.255000,3.92,,,,,,,,,,,Sin cuota/EV,No encontrado en Betano,Solo modelo,4,41.50,41.504000,,Betano mapeado,Baja,torneo actual,usa Poisson base con estadisticas de goles del torneo,un gol temprano o baja eficacia puede cambiar la lectura del mercado,https://www.betano.pe/cuotas-de-partido/independiente-santa-fe-vasco-da-gama-rj/91465644/
2026-09-08,17:00,Santa Fe vs Vasco DA Gama,,,Local goles -0.5,TEAM_TOTAL_HOME UNDER.0.5,TEAM_TOTAL_HOME:UNDER_0_5,23.9%,0.239100,4.18,,,,,,,,,,,Sin cuota/EV,No encontrado en Betano,Solo modelo,4,39.91,39.909000,,Betano mapeado,Baja,torneo actual,usa Poisson base con estadisticas de goles del torneo,un gol temprano o baja eficacia puede cambiar la lectura del mercado,https://www.betano.pe/cuotas-de-partido/independiente-santa-fe-vasco-da-gama-rj/91465644/
2026-09-08,17:00,Santa Fe vs Vasco DA Gama,,,Visita corners -3.5,CORNERS_AWAY UNDER.3.5,CORNERS_AWAY:UNDER_3_5,23.2%,0.231700,4.32,,,,,,,,,,,Sin cuota/EV,No encontrado en Betano,Solo modelo,4,39.17,39.167000,,Betano mapeado,Baja,contexto premium torneo actual,usa promedios del contexto premium/API-Football,el volumen ofensivo puede variar por planteamiento y marcador temprano,https://www.betano.pe/cuotas-de-partido/independiente-santa-fe-vasco-da-gama-rj/91465644/
2026-09-08,17:00,Santa Fe vs Vasco DA Gama,10Bet,Betano,Goles +3.5,TOTALS OVER.3.5,TOTALS:OVER_3_5,22.2%,0.222500,4.49,4.50,0.00,0.001300,0.01,1.00,4.45,-0.01,-0.009900,-0.04,0.99,EV negativo,EV negativo Betano,Equilibrado,1,35.12,35.117000,,Betano mapeado,Baja,torneo actual,usa Poisson base con estadisticas de goles del torneo,un gol temprano o baja eficacia puede cambiar la lectura del mercado,https://www.betano.pe/cuotas-de-partido/independiente-santa-fe-vasco-da-gama-rj/91465644/
2026-09-08,17:00,Santa Fe vs Vasco DA Gama,,,Visita tarjetas +3.5,CARDS_AWAY OVER.3.5,CARDS_AWAY:OVER_3_5,22.1%,0.221300,4.52,,,,,,,,,,,Sin cuota/EV,No encontrado en Betano,Solo modelo,2,25.13,25.128000,,Betano mapeado,Baja,contexto premium torneo actual,usa promedios del contexto premium/API-Football,depende mucho del arbitro y del contexto competitivo,https://www.betano.pe/cuotas-de-partido/independiente-santa-fe-vasco-da-gama-rj/91465644/
2026-09-08,17:00,Santa Fe vs Vasco DA Gama,,Betano,Tarjetas total +4.5,CARDS_TOTALS OVER.4.5,CARDS_TOTALS:OVER_4_5,21.1%,0.210500,4.75,,,,,,1.62,-0.66,-0.659000,-3.13,0.34,Sin cuota/EV,EV negativo Betano,Solo modelo,3,27.05,27.054000,,Betano mapeado,Baja,contexto premium torneo actual,usa promedios del contexto premium/API-Football,depende mucho del arbitro y del contexto competitivo,https://www.betano.pe/cuotas-de-partido/independiente-santa-fe-vasco-da-gama-rj/91465644/
2026-09-08,17:00,Santa Fe vs Vasco DA Gama,,,Local goles +2.5,TEAM_TOTAL_HOME OVER.2.5,TEAM_TOTAL_HOME:OVER_2_5,17.4%,0.174000,5.75,,,,,,,,,,,Sin cuota/EV,No encontrado en Betano,Solo modelo,4,33.40,33.402000,,Betano mapeado,Baja,torneo actual,usa Poisson base con estadisticas de goles del torneo,un gol temprano o baja eficacia puede cambiar la lectura del mercado,https://www.betano.pe/cuotas-de-partido/independiente-santa-fe-vasco-da-gama-rj/91465644/
2026-09-08,17:00,Santa Fe vs Vasco DA Gama,,,Local tarjetas +1.5,CARDS_HOME OVER.1.5,CARDS_HOME:OVER_1_5,17.3%,0.173400,5.77,,,,,,,,,,,Sin cuota/EV,No encontrado en Betano,Solo modelo,2,20.34,20.336000,,Betano mapeado,Baja,contexto premium torneo actual,usa promedios del contexto premium/API-Football,depende mucho del arbitro y del contexto competitivo,https://www.betano.pe/cuotas-de-partido/independiente-santa-fe-vasco-da-gama-rj/91465644/
2026-09-08,17:00,Santa Fe vs Vasco DA Gama,,,Corners total +10.5,CORNERS_TOTALS OVER.10.5,CORNERS_TOTALS:OVER_10_5,17.2%,0.171900,5.82,,,,,,,,,,,Sin cuota/EV,No encontrado en Betano,Solo modelo,6,47.19,47.190000,,Betano mapeado,Baja,contexto premium torneo actual,usa promedios del contexto premium/API-Football,el volumen ofensivo puede variar por planteamiento y marcador temprano,https://www.betano.pe/cuotas-de-partido/independiente-santa-fe-vasco-da-gama-rj/91465644/
2026-09-08,17:00,Santa Fe vs Vasco DA Gama,10Bet,Betano,1T +1.5,FIRST_HALF_TOTALS OVER.1.5,FIRST_HALF_TOTALS:OVER_1_5,16.4%,0.164500,6.08,6.50,0.07,0.069500,0.42,1.07,3.45,-0.43,-0.432500,-2.63,0.57,EV positivo,EV negativo Betano,Equilibrado,5,43.78,43.785000,,Betano mapeado,Baja,contexto premium torneo actual,usa promedios del contexto premium/API-Football,el primer tiempo puede tener ritmo bajo o rotaciones,https://www.betano.pe/cuotas-de-partido/independiente-santa-fe-vasco-da-gama-rj/91465644/
2026-09-08,17:00,Santa Fe vs Vasco DA Gama,,,SHOTS_TOTAL UNDER.20.5,SHOTS_TOTAL UNDER.20.5,SHOTS_TOTAL:UNDER_20_5,16.3%,0.163200,6.13,,,,,,,,,,,Sin cuota/EV,No encontrado en Betano,Solo modelo,2,19.32,19.317000,,Betano mapeado,Baja,contexto premium torneo actual,usa promedios del contexto premium/API-Football,el volumen ofensivo puede variar por planteamiento y marcador temprano,https://www.betano.pe/cuotas-de-partido/independiente-santa-fe-vasco-da-gama-rj/91465644/
2026-09-08,17:00,Santa Fe vs Vasco DA Gama,10Bet,,Local corners +4.5,CORNERS_HOME OVER.4.5,CORNERS_HOME:OVER_4_5,12.6%,0.126100,7.93,1.80,-0.77,-0.773000,-6.13,0.23,,,,,,EV negativo,No encontrado en Betano,Evitar,4,-2.39,-2.386000,Cuota por debajo de la cuota justa: valor limitado,Betano mapeado,Baja,contexto premium torneo actual,usa promedios del contexto premium/API-Football,el volumen ofensivo puede variar por planteamiento y marcador temprano,https://www.betano.pe/cuotas-de-partido/independiente-santa-fe-vasco-da-gama-rj/91465644/
2026-09-08,17:00,Santa Fe vs Vasco DA Gama,,,Corners total +11.5,CORNERS_TOTALS OVER.11.5,CORNERS_TOTALS:OVER_11_5,10.3%,0.103100,9.70,,,,,,,,,,,Sin cuota/EV,No encontrado en Betano,Solo modelo,6,40.31,40.311000,,Betano mapeado,Baja,contexto premium torneo actual,usa promedios del contexto premium/API-Football,el volumen ofensivo puede variar por planteamiento y marcador temprano,https://www.betano.pe/cuotas-de-partido/independiente-santa-fe-vasco-da-gama-rj/91465644/
2026-09-08,17:00,Santa Fe vs Vasco DA Gama,,Betano,Tarjetas total +5.5,CARDS_TOTALS OVER.5.5,CARDS_TOTALS:OVER_5_5,10.0%,0.099800,10.02,,,,,,2.12,-0.79,-0.788400,-7.90,0.21,Sin cuota/EV,EV negativo Betano,Solo modelo,3,15.98,15.979000,,Betano mapeado,Baja,contexto premium torneo actual,usa promedios del contexto premium/API-Football,depende mucho del arbitro y del contexto competitivo,https://www.betano.pe/cuotas-de-partido/independiente-santa-fe-vasco-da-gama-rj/91465644/
2026-09-08,17:00,Santa Fe vs Vasco DA Gama,,,Visita tarjetas -0.5,CARDS_AWAY UNDER.0.5,CARDS_AWAY:UNDER_0_5,9.1%,0.090700,11.02,,,,,,,,,,,Sin cuota/EV,No encontrado en Betano,Solo modelo,2,12.07,12.072000,,Betano mapeado,Baja,contexto premium torneo actual,usa promedios del contexto premium/API-Football,depende mucho del arbitro y del contexto competitivo,https://www.betano.pe/cuotas-de-partido/independiente-santa-fe-vasco-da-gama-rj/91465644/
2026-09-08,17:00,Santa Fe vs Vasco DA Gama,,,SHOTS_TOTAL UNDER.18.5,SHOTS_TOTAL UNDER.18.5,SHOTS_TOTAL:UNDER_18_5,7.9%,0.078700,12.71,,,,,,,,,,,Sin cuota/EV,No encontrado en Betano,Solo modelo,2,10.87,10.871000,,Betano mapeado,Baja,contexto premium torneo actual,usa promedios del contexto premium/API-Football,el volumen ofensivo puede variar por planteamiento y marcador temprano,https://www.betano.pe/cuotas-de-partido/independiente-santa-fe-vasco-da-gama-rj/91465644/
2026-09-08,17:00,Santa Fe vs Vasco DA Gama,,,Visita goles +2.5,TEAM_TOTAL_AWAY OVER.2.5,TEAM_TOTAL_AWAY:OVER_2_5,7.6%,0.075800,13.20,,,,,,,,,,,Sin cuota/EV,No encontrado en Betano,Solo modelo,4,23.58,23.576000,,Betano mapeado,Baja,torneo actual,usa Poisson base con estadisticas de goles del torneo,un gol temprano o baja eficacia puede cambiar la lectura del mercado,https://www.betano.pe/cuotas-de-partido/independiente-santa-fe-vasco-da-gama-rj/91465644/
2026-09-08,17:00,Santa Fe vs Vasco DA Gama,,,Local corners +5.5,CORNERS_HOME OVER.5.5,CORNERS_HOME:OVER_5_5,5.1%,0.050900,19.65,,,,,,,,,,,Sin cuota/EV,No encontrado en Betano,Solo modelo,4,21.09,21.090000,,Betano mapeado,Baja,contexto premium torneo actual,usa promedios del contexto premium/API-Football,el volumen ofensivo puede variar por planteamiento y marcador temprano,https://www.betano.pe/cuotas-de-partido/independiente-santa-fe-vasco-da-gama-rj/91465644/
2026-09-08,17:00,Santa Fe vs Vasco DA Gama,,Betano,Tarjetas total +6.5,CARDS_TOTALS OVER.6.5,CARDS_TOTALS:OVER_6_5,4.2%,0.041600,24.01,,,,,,2.95,-0.88,-0.877300,-21.06,0.12,Sin cuota/EV,EV negativo Betano,Solo modelo,3,10.16,10.165000,,Betano mapeado,Baja,contexto premium torneo actual,usa promedios del contexto premium/API-Football,depende mucho del arbitro y del contexto competitivo,https://www.betano.pe/cuotas-de-partido/independiente-santa-fe-vasco-da-gama-rj/91465644/
2026-09-08,17:00,Santa Fe vs Vasco DA Gama,,,Local tarjetas +2.5,CARDS_HOME OVER.2.5,CARDS_HOME:OVER_2_5,4.0%,0.040500,24.69,,,,,,,,,,,Sin cuota/EV,No encontrado en Betano,Solo modelo,2,7.05,7.051000,,Betano mapeado,Baja,contexto premium torneo actual,usa promedios del contexto premium/API-Football,depende mucho del arbitro y del contexto competitivo,https://www.betano.pe/cuotas-de-partido/independiente-santa-fe-vasco-da-gama-rj/91465644/
2026-09-08,17:00,Santa Fe vs Vasco DA Gama,,,Local corners +6.5,CORNERS_HOME OVER.6.5,CORNERS_HOME:OVER_6_5,1.8%,0.018000,55.62,,,,,,,,,,,Sin cuota/EV,No encontrado en Betano,Solo modelo,4,17.80,17.798000,,Betano mapeado,Baja,contexto premium torneo actual,usa promedios del contexto premium/API-Football,el volumen ofensivo puede variar por planteamiento y marcador temprano,https://www.betano.pe/cuotas-de-partido/independiente-santa-fe-vasco-da-gama-rj/91465644/
2026-09-08,17:00,Santa Fe vs Vasco DA Gama,,,Local tarjetas +3.5,CARDS_HOME OVER.3.5,CARDS_HOME:OVER_3_5,0.7%,0.007300,137.13,,,,,,,,,,,Sin cuota/EV,No encontrado en Betano,Solo modelo,2,3.73,3.729000,,Betano mapeado,Baja,contexto premium torneo actual,usa promedios del contexto premium/API-Football,depende mucho del arbitro y del contexto competitivo,https://www.betano.pe/cuotas-de-partido/independiente-santa-fe-vasco-da-gama-rj/91465644/
2026-09-08,19:30,Boca Juniors vs Sao Paulo,,,SHOTS_TOTAL OVER.18.5,SHOTS_TOTAL OVER.18.5,SHOTS_TOTAL:OVER_18_5,97.7%,0.976500,1.02,,,,,,,,,,,Sin cuota/EV,No encontrado en Betano,Solo modelo,2,100.65,100.652000,,Betano mapeado,Alta,contexto premium torneo actual,usa promedios del contexto premium/API-Football,el volumen ofensivo puede variar por planteamiento y marcador temprano,https://www.betano.pe/cuotas-de-partido/boca-juniors-sao-paulo-sp/91017848/
2026-09-08,19:30,Boca Juniors vs Sao Paulo,,,Local tarjetas -3.5,CARDS_HOME UNDER.3.5,CARDS_HOME:UNDER_3_5,96.2%,0.961700,1.04,,,,,,,,,,,Sin cuota/EV,No encontrado en Betano,Solo modelo,2,99.17,99.173000,,Betano mapeado,Alta,contexto premium torneo actual,usa promedios del contexto premium/API-Football,depende mucho del arbitro y del contexto competitivo,https://www.betano.pe/cuotas-de-partido/boca-juniors-sao-paulo-sp/91017848/
2026-09-08,19:30,Boca Juniors vs Sao Paulo,,,Visita goles -2.5,TEAM_TOTAL_AWAY UNDER.2.5,TEAM_TOTAL_AWAY:UNDER_2_5,94.1%,0.941200,1.06,,,,,,,,,,,Sin cuota/EV,No encontrado en Betano,Solo modelo,4,110.12,110.120000,,Betano mapeado,Alta,torneo actual,usa Poisson base con estadisticas de goles del torneo,un gol temprano o baja eficacia puede cambiar la lectura del mercado,https://www.betano.pe/cuotas-de-partido/boca-juniors-sao-paulo-sp/91017848/
2026-09-08,19:30,Boca Juniors vs Sao Paulo,,,SHOTS_TOTAL OVER.20.5,SHOTS_TOTAL OVER.20.5,SHOTS_TOTAL:OVER_20_5,94.1%,0.941000,1.06,,,,,,,,,,,Sin cuota/EV,No encontrado en Betano,Solo modelo,2,97.10,97.099000,,Betano mapeado,Alta,contexto premium torneo actual,usa promedios del contexto premium/API-Football,el volumen ofensivo puede variar por planteamiento y marcador temprano,https://www.betano.pe/cuotas-de-partido/boca-juniors-sao-paulo-sp/91017848/
2026-09-08,19:30,Boca Juniors vs Sao Paulo,,Betano,Tarjetas total -6.5,CARDS_TOTALS UNDER.6.5,CARDS_TOTALS:UNDER_6_5,92.2%,0.922500,1.08,,,,,,1.42,0.31,0.309900,0.34,1.31,Sin cuota/EV,EV positivo Betano,Solo modelo,3,113.21,113.211000,,Betano mapeado,Alta,contexto premium torneo actual,usa promedios del contexto premium/API-Football,depende mucho del arbitro y del contexto competitivo,https://www.betano.pe/cuotas-de-partido/boca-juniors-sao-paulo-sp/91017848/
2026-09-08,19:30,Boca Juniors vs Sao Paulo,,,Visita tarjetas +0.5,CARDS_AWAY OVER.0.5,CARDS_AWAY:OVER_0_5,90.9%,0.909300,1.10,,,,,,,,,,,Sin cuota/EV,No encontrado en Betano,Solo modelo,2,93.93,93.928000,,Betano mapeado,Alta,contexto premium torneo actual,usa promedios del contexto premium/API-Football,depende mucho del arbitro y del contexto competitivo,https://www.betano.pe/cuotas-de-partido/boca-juniors-sao-paulo-sp/91017848/
2026-09-08,19:30,Boca Juniors vs Sao Paulo,,,SHOTS_TOTAL OVER.22.5,SHOTS_TOTAL OVER.22.5,SHOTS_TOTAL:OVER_22_5,87.5%,0.875500,1.14,,,,,,,,,,,Sin cuota/EV,No encontrado en Betano,Solo modelo,2,90.55,90.549000,,Betano mapeado,Alta,contexto premium torneo actual,usa promedios del contexto premium/API-Football,el volumen ofensivo puede variar por planteamiento y marcador temprano,https://www.betano.pe/cuotas-de-partido/boca-juniors-sao-paulo-sp/91017848/
2026-09-08,19:30,Boca Juniors vs Sao Paulo,,,Local tarjetas -2.5,CARDS_HOME UNDER.2.5,CARDS_HOME:UNDER_2_5,86.9%,0.868500,1.15,,,,,,,,,,,Sin cuota/EV,No encontrado en Betano,Solo modelo,2,89.85,89.847000,,Betano mapeado,Alta,contexto premium torneo actual,usa promedios del contexto premium/API-Football,depende mucho del arbitro y del contexto competitivo,https://www.betano.pe/cuotas-de-partido/boca-juniors-sao-paulo-sp/91017848/
2026-09-08,19:30,Boca Juniors vs Sao Paulo,,,Visita corners -6.5,CORNERS_AWAY UNDER.6.5,CORNERS_AWAY:UNDER_6_5,84.4%,0.843600,1.19,,,,,,,,,,,Sin cuota/EV,No encontrado en Betano,Solo modelo,4,100.36,100.365000,,Betano mapeado,Alta,contexto premium torneo actual,usa promedios del contexto premium/API-Football,el volumen ofensivo puede variar por planteamiento y marcador temprano,https://www.betano.pe/cuotas-de-partido/boca-juniors-sao-paulo-sp/91017848/
2026-09-08,19:30,Boca Juniors vs Sao Paulo,,Betano,Tarjetas total -5.5,CARDS_TOTALS UNDER.5.5,CARDS_TOTALS:UNDER_5_5,83.7%,0.837200,1.20,,,,,,1.75,0.47,0.465100,0.56,1.46,Sin cuota/EV,EV positivo Betano,Solo modelo,3,107.16,107.159000,,Betano mapeado,Alta,contexto premium torneo actual,usa promedios del contexto premium/API-Football,depende mucho del arbitro y del contexto competitivo,https://www.betano.pe/cuotas-de-partido/boca-juniors-sao-paulo-sp/91017848/
2026-09-08,19:30,Boca Juniors vs Sao Paulo,,,Local goles -2.5,TEAM_TOTAL_HOME UNDER.2.5,TEAM_TOTAL_HOME:UNDER_2_5,82.9%,0.829300,1.21,,,,,,,,,,,Sin cuota/EV,No encontrado en Betano,Solo modelo,4,98.93,98.927000,,Betano mapeado,Alta,torneo actual,usa Poisson base con estadisticas de goles del torneo,un gol temprano o baja eficacia puede cambiar la lectura del mercado,https://www.betano.pe/cuotas-de-partido/boca-juniors-sao-paulo-sp/91017848/
2026-09-08,19:30,Boca Juniors vs Sao Paulo,William Hill,Betano,Goles -3.5,TOTALS UNDER.3.5,TOTALS:UNDER_3_5,80.1%,0.800900,1.25,1.02,-0.18,-0.183100,-0.23,0.82,1.20,-0.04,-0.038900,-0.05,0.96,EV negativo,EV negativo Betano,Evitar,10,115.17,115.171000,Cuota por debajo de la cuota justa: valor limitado,Betano mapeado,Alta,torneo actual,usa Poisson base con estadisticas de goles del torneo,un gol temprano o baja eficacia puede cambiar la lectura del mercado,https://www.betano.pe/cuotas-de-partido/boca-juniors-sao-paulo-sp/91017848/
2026-09-08,19:30,Boca Juniors vs Sao Paulo,,,Local corners +3.5,CORNERS_HOME OVER.3.5,CORNERS_HOME:OVER_3_5,78.7%,0.786700,1.27,,,,,,,,,,,Sin cuota/EV,No encontrado en Betano,Solo modelo,4,94.67,94.671000,,Betano mapeado,Alta,contexto premium torneo actual,usa promedios del contexto premium/API-Football,el volumen ofensivo puede variar por planteamiento y marcador temprano,https://www.betano.pe/cuotas-de-partido/boca-juniors-sao-paulo-sp/91017848/
2026-09-08,19:30,Boca Juniors vs Sao Paulo,,,Visita goles -1.5,TEAM_TOTAL_AWAY UNDER.1.5,TEAM_TOTAL_AWAY:UNDER_1_5,78.2%,0.781600,1.28,,,,,,,,,,,Sin cuota/EV,No encontrado en Betano,Solo modelo,4,94.16,94.162000,,Betano mapeado,Alta,torneo actual,usa Poisson base con estadisticas de goles del torneo,un gol temprano o baja eficacia puede cambiar la lectura del mercado,https://www.betano.pe/cuotas-de-partido/boca-juniors-sao-paulo-sp/91017848/
2026-09-08,19:30,Boca Juniors vs Sao Paulo,,,Visita tarjetas -3.5,CARDS_AWAY UNDER.3.5,CARDS_AWAY:UNDER_3_5,77.9%,0.778700,1.28,,,,,,,,,,,Sin cuota/EV,No encontrado en Betano,Solo modelo,2,80.87,80.872000,,Betano mapeado,Alta,contexto premium torneo actual,usa promedios del contexto premium/API-Football,depende mucho del arbitro y del contexto competitivo,https://www.betano.pe/cuotas-de-partido/boca-juniors-sao-paulo-sp/91017848/
2026-09-08,19:30,Boca Juniors vs Sao Paulo,,,SHOTS_TOTAL OVER.24.5,SHOTS_TOTAL OVER.24.5,SHOTS_TOTAL:OVER_24_5,77.5%,0.774600,1.29,,,,,,,,,,,Sin cuota/EV,No encontrado en Betano,Solo modelo,2,80.46,80.459000,,Betano mapeado,Alta,contexto premium torneo actual,usa promedios del contexto premium/API-Football,el volumen ofensivo puede variar por planteamiento y marcador temprano,https://www.betano.pe/cuotas-de-partido/boca-juniors-sao-paulo-sp/91017848/
2026-09-08,19:30,Boca Juniors vs Sao Paulo,,,SHOTS_ON_TARGET_TOTAL UNDER.9.5,SHOTS_ON_TARGET_TOTAL UNDER.9.5,SHOTS_ON_TARGET_TOTAL:UNDER_9_5,77.1%,0.770700,1.30,,,,,,,,,,,Sin cuota/EV,No encontrado en Betano,Solo modelo,2,80.07,80.066000,,Betano mapeado,Alta,contexto premium torneo actual,usa promedios del contexto premium/API-Football,el volumen ofensivo puede variar por planteamiento y marcador temprano,https://www.betano.pe/cuotas-de-partido/boca-juniors-sao-paulo-sp/91017848/
2026-09-08,19:30,Boca Juniors vs Sao Paulo,,,DOUBLE_CHANCE 1X,DOUBLE_CHANCE 1X,DOUBLE_CHANCE:1X,76.8%,0.767900,1.30,,,,,,,,,,,Sin cuota/EV,No encontrado en Betano,Solo modelo,9,121.79,121.786000,,Betano mapeado,Alta,torneo actual,usa Poisson base con estadisticas de goles del torneo,riesgo propio del resultado final y variacion del modelo,https://www.betano.pe/cuotas-de-partido/boca-juniors-sao-paulo-sp/91017848/
2026-09-08,19:30,Boca Juniors vs Sao Paulo,,,Corners total +7.5,CORNERS_TOTALS OVER.7.5,CORNERS_TOTALS:OVER_7_5,76.1%,0.761200,1.31,,,,,,,,,,,Sin cuota/EV,No encontrado en Betano,Solo modelo,6,106.12,106.122000,,Betano mapeado,Alta,contexto premium torneo actual,usa promedios del contexto premium/API-Football,el volumen ofensivo puede variar por planteamiento y marcador temprano,https://www.betano.pe/cuotas-de-partido/boca-juniors-sao-paulo-sp/91017848/
2026-09-08,19:30,Boca Juniors vs Sao Paulo,,,Local goles +0.5,TEAM_TOTAL_HOME OVER.0.5,TEAM_TOTAL_HOME:OVER_0_5,75.8%,0.757700,1.32,,,,,,,,,,,Sin cuota/EV,No encontrado en Betano,Solo modelo,4,91.77,91.766000,,Betano mapeado,Alta,torneo actual,usa Poisson base con estadisticas de goles del torneo,un gol temprano o baja eficacia puede cambiar la lectura del mercado,https://www.betano.pe/cuotas-de-partido/boca-juniors-sao-paulo-sp/91017848/
2026-09-08,19:30,Boca Juniors vs Sao Paulo,William Hill,Betano,1T -1.5,FIRST_HALF_TOTALS UNDER.1.5,FIRST_HALF_TOTALS:UNDER_1_5,73.6%,0.735800,1.36,1.30,-0.04,-0.043500,-0.06,0.96,1.29,-0.05,-0.050800,-0.07,0.95,EV negativo,EV negativo Betano,Equilibrado,5,104.98,104.980000,,Betano mapeado,Alta,contexto premium torneo actual,usa promedios del contexto premium/API-Football,el primer tiempo puede tener ritmo bajo o rotaciones,https://www.betano.pe/cuotas-de-partido/boca-juniors-sao-paulo-sp/91017848/
2026-09-08,19:30,Boca Juniors vs Sao Paulo,,,DOUBLE_CHANCE 12,DOUBLE_CHANCE 12,DOUBLE_CHANCE:12,72.9%,0.729100,1.37,,,,,,,,,,,Sin cuota/EV,No encontrado en Betano,Solo modelo,9,117.91,117.905000,,Betano mapeado,Alta,torneo actual,usa Poisson base con estadisticas de goles del torneo,riesgo propio del resultado final y variacion del modelo,https://www.betano.pe/cuotas-de-partido/boca-juniors-sao-paulo-sp/91017848/
2026-09-08,19:30,Boca Juniors vs Sao Paulo,,,Visita corners -5.5,CORNERS_AWAY UNDER.5.5,CORNERS_AWAY:UNDER_5_5,72.0%,0.719900,1.39,,,,,,,,,,,Sin cuota/EV,No encontrado en Betano,Solo modelo,4,87.99,87.991000,,Betano mapeado,Alta,contexto premium torneo actual,usa promedios del contexto premium/API-Football,el volumen ofensivo puede variar por planteamiento y marcador temprano,https://www.betano.pe/cuotas-de-partido/boca-juniors-sao-paulo-sp/91017848/
2026-09-08,19:30,Boca Juniors vs Sao Paulo,,,Corners total -11.5,CORNERS_TOTALS UNDER.11.5,CORNERS_TOTALS:UNDER_11_5,71.9%,0.719300,1.39,,,,,,,,,,,Sin cuota/EV,No encontrado en Betano,Solo modelo,6,101.93,101.928000,,Betano mapeado,Alta,contexto premium torneo actual,usa promedios del contexto premium/API-Football,el volumen ofensivo puede variar por planteamiento y marcador temprano,https://www.betano.pe/cuotas-de-partido/boca-juniors-sao-paulo-sp/91017848/
2026-09-08,19:30,Boca Juniors vs Sao Paulo,,,Local tarjetas +0.5,CARDS_HOME OVER.0.5,CARDS_HOME:OVER_0_5,71.4%,0.713500,1.40,,,,,,,,,,,Sin cuota/EV,No encontrado en Betano,Solo modelo,2,74.35,74.350000,,Betano mapeado,Alta,contexto premium torneo actual,usa promedios del contexto premium/API-Football,depende mucho del arbitro y del contexto competitivo,https://www.betano.pe/cuotas-de-partido/boca-juniors-sao-paulo-sp/91017848/
2026-09-08,19:30,Boca Juniors vs Sao Paulo,,,Tarjetas total +2.5,CARDS_TOTALS OVER.2.5,CARDS_TOTALS:OVER_2_5,70.6%,0.706000,1.42,,,,,,,,,,,Sin cuota/EV,No encontrado en Betano,Solo modelo,3,78.60,78.601000,,Betano mapeado,Alta,contexto premium torneo actual,usa promedios del contexto premium/API-Football,depende mucho del arbitro y del contexto competitivo,https://www.betano.pe/cuotas-de-partido/boca-juniors-sao-paulo-sp/91017848/
2026-09-08,19:30,Boca Juniors vs Sao Paulo,,,Local corners -6.5,CORNERS_HOME UNDER.6.5,CORNERS_HOME:UNDER_6_5,70.2%,0.701700,1.43,,,,,,,,,,,Sin cuota/EV,No encontrado en Betano,Solo modelo,4,86.17,86.167000,,Betano mapeado,Alta,contexto premium torneo actual,usa promedios del contexto premium/API-Football,el volumen ofensivo puede variar por planteamiento y marcador temprano,https://www.betano.pe/cuotas-de-partido/boca-juniors-sao-paulo-sp/91017848/
2026-09-08,19:30,Boca Juniors vs Sao Paulo,,Betano,Tarjetas total -4.5,CARDS_TOTALS UNDER.4.5,CARDS_TOTALS:UNDER_4_5,69.7%,0.696900,1.44,,,,,,2.37,0.65,0.651700,0.94,1.65,Sin cuota/EV,EV positivo Betano,Solo modelo,3,96.11,96.112000,,Betano mapeado,Media,contexto premium torneo actual,usa promedios del contexto premium/API-Football,depende mucho del arbitro y del contexto competitivo,https://www.betano.pe/cuotas-de-partido/boca-juniors-sao-paulo-sp/91017848/
2026-09-08,19:30,Boca Juniors vs Sao Paulo,,,Visita tarjetas +1.5,CARDS_AWAY OVER.1.5,CARDS_AWAY:OVER_1_5,69.2%,0.691600,1.45,,,,,,,,,,,Sin cuota/EV,No encontrado en Betano,Solo modelo,2,72.16,72.156000,,Betano mapeado,Media,contexto premium torneo actual,usa promedios del contexto premium/API-Football,depende mucho del arbitro y del contexto competitivo,https://www.betano.pe/cuotas-de-partido/boca-juniors-sao-paulo-sp/91017848/
2026-09-08,19:30,Boca Juniors vs Sao Paulo,,Betano,DNB local,DRAW_NO_BET HOME,DRAW_NO_BET:HOME,68.2%,0.681600,1.47,,,,,,1.28,-0.13,-0.127600,-0.19,0.87,Sin cuota/EV,EV negativo Betano,Solo modelo,9,119.12,119.117000,,Betano mapeado,Media,torneo actual,usa Poisson base con estadisticas de goles del torneo,riesgo propio del resultado final y variacion del modelo,https://www.betano.pe/cuotas-de-partido/boca-juniors-sao-paulo-sp/91017848/
2026-09-08,19:30,Boca Juniors vs Sao Paulo,William Hill,Betano,Goles +1.5,TOTALS OVER.1.5,TOTALS:OVER_1_5,66.7%,0.667400,1.50,2.70,0.80,0.802000,1.20,1.80,1.50,0.00,0.001100,0.00,1.00,EV positivo,EV positivo Betano,Valor,10,129.19,129.193000,Cuota API muy superior a la cuota justa: revisar manualmente antes de apostar,Betano mapeado,Media,torneo actual,usa Poisson base con estadisticas de goles del torneo,un gol temprano o baja eficacia puede cambiar la lectura del mercado,https://www.betano.pe/cuotas-de-partido/boca-juniors-sao-paulo-sp/91017848/
2026-09-08,19:30,Boca Juniors vs Sao Paulo,,,SHOTS_ON_TARGET_TOTAL UNDER.8.5,SHOTS_ON_TARGET_TOTAL UNDER.8.5,SHOTS_ON_TARGET_TOTAL:UNDER_8_5,65.5%,0.655100,1.53,,,,,,,,,,,Sin cuota/EV,No encontrado en Betano,Solo modelo,2,68.51,68.509000,,Betano mapeado,Media,contexto premium torneo actual,usa promedios del contexto premium/API-Football,el volumen ofensivo puede variar por planteamiento y marcador temprano,https://www.betano.pe/cuotas-de-partido/boca-juniors-sao-paulo-sp/91017848/
2026-09-08,19:30,Boca Juniors vs Sao Paulo,,,Local tarjetas -1.5,CARDS_HOME UNDER.1.5,CARDS_HOME:UNDER_1_5,64.5%,0.644600,1.55,,,,,,,,,,,Sin cuota/EV,No encontrado en Betano,Solo modelo,2,67.46,67.464000,,Betano mapeado,Media,contexto premium torneo actual,usa promedios del contexto premium/API-Football,depende mucho del arbitro y del contexto competitivo,https://www.betano.pe/cuotas-de-partido/boca-juniors-sao-paulo-sp/91017848/
2026-09-08,19:30,Boca Juniors vs Sao Paulo,,Betano,Corners total +8.5,CORNERS_TOTALS OVER.8.5,CORNERS_TOTALS:OVER_8_5,64.4%,0.644200,1.55,,,,,,1.52,-0.02,-0.020800,-0.03,0.98,Sin cuota/EV,EV negativo Betano,Solo modelo,6,102.09,102.089000,,Betano mapeado,Media,contexto premium torneo actual,usa promedios del contexto premium/API-Football,el volumen ofensivo puede variar por planteamiento y marcador temprano,https://www.betano.pe/cuotas-de-partido/boca-juniors-sao-paulo-sp/91017848/
2026-09-08,19:30,Boca Juniors vs Sao Paulo,,,SHOTS_TOTAL OVER.26.5,SHOTS_TOTAL OVER.26.5,SHOTS_TOTAL:OVER_26_5,64.3%,0.642800,1.56,,,,,,,,,,,Sin cuota/EV,No encontrado en Betano,Solo modelo,2,67.28,67.279000,,Betano mapeado,Media,contexto premium torneo actual,usa promedios del contexto premium/API-Football,el volumen ofensivo puede variar por planteamiento y marcador temprano,https://www.betano.pe/cuotas-de-partido/boca-juniors-sao-paulo-sp/91017848/
2026-09-08,19:30,Boca Juniors vs Sao Paulo,,,Visita corners +3.5,CORNERS_AWAY OVER.3.5,CORNERS_AWAY:OVER_3_5,64.1%,0.640600,1.56,,,,,,,,,,,Sin cuota/EV,No encontrado en Betano,Solo modelo,4,80.06,80.055000,,Betano mapeado,Media,contexto premium torneo actual,usa promedios del contexto premium/API-Football,el volumen ofensivo puede variar por planteamiento y marcador temprano,https://www.betano.pe/cuotas-de-partido/boca-juniors-sao-paulo-sp/91017848/
2026-09-08,19:30,Boca Juniors vs Sao Paulo,William Hill,Betano,1T +0.5,FIRST_HALF_TOTALS OVER.0.5,FIRST_HALF_TOTALS:OVER_0_5,63.2%,0.632100,1.58,1.50,-0.05,-0.051800,-0.08,0.95,1.57,-0.01,-0.007600,-0.01,0.99,EV negativo,EV negativo Betano,Evitar,5,80.16,80.157000,,Betano mapeado,Media,contexto premium torneo actual,usa promedios del contexto premium/API-Football,el primer tiempo puede tener ritmo bajo o rotaciones,https://www.betano.pe/cuotas-de-partido/boca-juniors-sao-paulo-sp/91017848/
2026-09-08,19:30,Boca Juniors vs Sao Paulo,,,SHOTS_ON_TARGET_TOTAL OVER.6.5,SHOTS_ON_TARGET_TOTAL OVER.6.5,SHOTS_ON_TARGET_TOTAL:OVER_6_5,62.9%,0.628600,1.59,,,,,,,,,,,Sin cuota/EV,No encontrado en Betano,Solo modelo,2,65.86,65.865000,,Betano mapeado,Media,contexto premium torneo actual,usa promedios del contexto premium/API-Football,el volumen ofensivo puede variar por planteamiento y marcador temprano,https://www.betano.pe/cuotas-de-partido/boca-juniors-sao-paulo-sp/91017848/
2026-09-08,19:30,Boca Juniors vs Sao Paulo,,,Local corners +4.5,CORNERS_HOME OVER.4.5,CORNERS_HOME:OVER_4_5,62.7%,0.626700,1.60,,,,,,,,,,,Sin cuota/EV,No encontrado en Betano,Solo modelo,4,78.67,78.669000,,Betano mapeado,Media,contexto premium torneo actual,usa promedios del contexto premium/API-Football,el volumen ofensivo puede variar por planteamiento y marcador temprano,https://www.betano.pe/cuotas-de-partido/boca-juniors-sao-paulo-sp/91017848/
2026-09-08,19:30,Boca Juniors vs Sao Paulo,,Betano,Corners total -10.5,CORNERS_TOTALS UNDER.10.5,CORNERS_TOTALS:UNDER_10_5,60.8%,0.608000,1.65,,,,,,1.53,-0.07,-0.069800,-0.12,0.93,Sin cuota/EV,EV negativo Betano,Solo modelo,6,97.69,97.687000,,Betano mapeado,Media,contexto premium torneo actual,usa promedios del contexto premium/API-Football,el volumen ofensivo puede variar por planteamiento y marcador temprano,https://www.betano.pe/cuotas-de-partido/boca-juniors-sao-paulo-sp/91017848/
2026-09-08,19:30,Boca Juniors vs Sao Paulo,William Hill,Betano,Goles -2.5,TOTALS UNDER.2.5,TOTALS:UNDER_2_5,59.8%,0.598000,1.67,1.10,-0.34,-0.342100,-0.57,0.66,1.57,-0.06,-0.061100,-0.10,0.94,EV negativo,EV negativo Betano,Evitar,8,81.67,81.668000,Cuota por debajo de la cuota justa: valor limitado,Betano mapeado,Media,torneo actual,usa Poisson base con estadisticas de goles del torneo,un gol temprano o baja eficacia puede cambiar la lectura del mercado,https://www.betano.pe/cuotas-de-partido/boca-juniors-sao-paulo-sp/91017848/
2026-09-08,19:30,Boca Juniors vs Sao Paulo,,,Local goles -1.5,TEAM_TOTAL_HOME UNDER.1.5,TEAM_TOTAL_HOME:UNDER_1_5,58.6%,0.585800,1.71,,,,,,,,,,,Sin cuota/EV,No encontrado en Betano,Solo modelo,4,74.58,74.582000,,Betano mapeado,Media,torneo actual,usa Poisson base con estadisticas de goles del torneo,un gol temprano o baja eficacia puede cambiar la lectura del mercado,https://www.betano.pe/cuotas-de-partido/boca-juniors-sao-paulo-sp/91017848/
2026-09-08,19:30,Boca Juniors vs Sao Paulo,,,Visita goles +0.5,TEAM_TOTAL_AWAY OVER.0.5,TEAM_TOTAL_AWAY:OVER_0_5,58.3%,0.583100,1.72,,,,,,,,,,,Sin cuota/EV,No encontrado en Betano,Solo modelo,4,74.31,74.313000,,Betano mapeado,Media,torneo actual,usa Poisson base con estadisticas de goles del torneo,un gol temprano o baja eficacia puede cambiar la lectura del mercado,https://www.betano.pe/cuotas-de-partido/boca-juniors-sao-paulo-sp/91017848/
2026-09-08,19:30,Boca Juniors vs Sao Paulo,,,Visita tarjetas -2.5,CARDS_AWAY UNDER.2.5,CARDS_AWAY:UNDER_2_5,57.0%,0.569700,1.75,,,,,,,,,,,Sin cuota/EV,No encontrado en Betano,Solo modelo,2,59.97,59.971000,,Betano mapeado,Media,contexto premium torneo actual,usa promedios del contexto premium/API-Football,depende mucho del arbitro y del contexto competitivo,https://www.betano.pe/cuotas-de-partido/boca-juniors-sao-paulo-sp/91017848/
2026-09-08,19:30,Boca Juniors vs Sao Paulo,William Hill,Betano,BTTS no,BTTS NO,BTTS:NO,55.8%,0.558200,1.79,1.12,-0.37,-0.374800,-0.67,0.63,1.62,-0.10,-0.095700,-0.17,0.90,EV negativo,EV negativo Betano,Evitar,8,76.54,76.540000,Cuota por debajo de la cuota justa: valor limitado,Betano mapeado,Media,torneo actual,usa Poisson base con estadisticas de goles del torneo,un gol temprano o baja eficacia puede cambiar la lectura del mercado,https://www.betano.pe/cuotas-de-partido/boca-juniors-sao-paulo-sp/91017848/
2026-09-08,19:30,Boca Juniors vs Sao Paulo,,,Visita corners -4.5,CORNERS_AWAY UNDER.4.5,CORNERS_AWAY:UNDER_4_5,55.1%,0.551200,1.81,,,,,,,,,,,Sin cuota/EV,No encontrado en Betano,Solo modelo,4,71.12,71.118000,,Betano mapeado,Media,contexto premium torneo actual,usa promedios del contexto premium/API-Football,el volumen ofensivo puede variar por planteamiento y marcador temprano,https://www.betano.pe/cuotas-de-partido/boca-juniors-sao-paulo-sp/91017848/
2026-09-08,19:30,Boca Juniors vs Sao Paulo,,,Local corners -5.5,CORNERS_HOME UNDER.5.5,CORNERS_HOME:UNDER_5_5,54.6%,0.546100,1.83,,,,,,,,,,,Sin cuota/EV,No encontrado en Betano,Solo modelo,4,70.61,70.613000,,Betano mapeado,Baja,contexto premium torneo actual,usa promedios del contexto premium/API-Football,el volumen ofensivo puede variar por planteamiento y marcador temprano,https://www.betano.pe/cuotas-de-partido/boca-juniors-sao-paulo-sp/91017848/
2026-09-08,19:30,Boca Juniors vs Sao Paulo,,,SHOTS_ON_TARGET_TOTAL UNDER.7.5,SHOTS_ON_TARGET_TOTAL UNDER.7.5,SHOTS_ON_TARGET_TOTAL:UNDER_7_5,51.7%,0.517300,1.93,,,,,,,,,,,Sin cuota/EV,No encontrado en Betano,Solo modelo,2,54.73,54.733000,,Betano mapeado,Baja,contexto premium torneo actual,usa promedios del contexto premium/API-Football,el volumen ofensivo puede variar por planteamiento y marcador temprano,https://www.betano.pe/cuotas-de-partido/boca-juniors-sao-paulo-sp/91017848/
2026-09-08,19:30,Boca Juniors vs Sao Paulo,,Betano,Corners total +9.5,CORNERS_TOTALS OVER.9.5,CORNERS_TOTALS:OVER_9_5,51.7%,0.516800,1.94,,,,,,1.87,-0.03,-0.033600,-0.07,0.97,Sin cuota/EV,EV negativo Betano,Solo modelo,6,89.14,89.143000,,Betano mapeado,Baja,contexto premium torneo actual,usa promedios del contexto premium/API-Football,el volumen ofensivo puede variar por planteamiento y marcador temprano,https://www.betano.pe/cuotas-de-partido/boca-juniors-sao-paulo-sp/91017848/
2026-09-08,19:30,Boca Juniors vs Sao Paulo,,,Tarjetas total -3.5,CARDS_TOTALS UNDER.3.5,CARDS_TOTALS:UNDER_3_5,50.5%,0.504600,1.98,,,,,,,,,,,Sin cuota/EV,No encontrado en Betano,Solo modelo,3,58.46,58.464000,,Betano mapeado,Baja,contexto premium torneo actual,usa promedios del contexto premium/API-Football,depende mucho del arbitro y del contexto competitivo,https://www.betano.pe/cuotas-de-partido/boca-juniors-sao-paulo-sp/91017848/
2026-09-08,19:30,Boca Juniors vs Sao Paulo,,,DOUBLE_CHANCE X2,DOUBLE_CHANCE X2,DOUBLE_CHANCE:X2,50.3%,0.503100,1.99,,,,,,,,,,,Sin cuota/EV,No encontrado en Betano,Solo modelo,9,95.31,95.308000,,Betano mapeado,Baja,torneo actual,usa Poisson base con estadisticas de goles del torneo,riesgo propio del resultado final y variacion del modelo,https://www.betano.pe/cuotas-de-partido/boca-juniors-sao-paulo-sp/91017848/
2026-09-08,19:30,Boca Juniors vs Sao Paulo,William Hill,Betano,Gana local,1X2 HOME,1X2:HOME,49.7%,0.496900,2.01,2.30,0.14,0.142900,0.29,1.14,1.78,-0.12,-0.115500,-0.23,0.88,EV positivo,EV negativo Betano,Equilibrado,7,93.42,93.416000,,Betano mapeado,Baja,torneo actual,usa Poisson base con estadisticas de goles del torneo,riesgo propio del resultado final y variacion del modelo,https://www.betano.pe/cuotas-de-partido/boca-juniors-sao-paulo-sp/91017848/
2026-09-08,19:30,Boca Juniors vs Sao Paulo,,,Tarjetas total +3.5,CARDS_TOTALS OVER.3.5,CARDS_TOTALS:OVER_3_5,49.5%,0.495400,2.02,,,,,,,,,,,Sin cuota/EV,No encontrado en Betano,Solo modelo,3,57.54,57.536000,,Betano mapeado,Baja,contexto premium torneo actual,usa promedios del contexto premium/API-Football,depende mucho del arbitro y del contexto competitivo,https://www.betano.pe/cuotas-de-partido/boca-juniors-sao-paulo-sp/91017848/
2026-09-08,19:30,Boca Juniors vs Sao Paulo,,Betano,Corners total -9.5,CORNERS_TOTALS UNDER.9.5,CORNERS_TOTALS:UNDER_9_5,48.3%,0.483200,2.07,,,,,,1.87,-0.10,-0.096400,-0.20,0.90,Sin cuota/EV,EV negativo Betano,Solo modelo,6,84.78,84.777000,,Betano mapeado,Baja,contexto premium torneo actual,usa promedios del contexto premium/API-Football,el volumen ofensivo puede variar por planteamiento y marcador temprano,https://www.betano.pe/cuotas-de-partido/boca-juniors-sao-paulo-sp/91017848/
2026-09-08,19:30,Boca Juniors vs Sao Paulo,,,SHOTS_ON_TARGET_TOTAL OVER.7.5,SHOTS_ON_TARGET_TOTAL OVER.7.5,SHOTS_ON_TARGET_TOTAL:OVER_7_5,48.3%,0.482700,2.07,,,,,,,,,,,Sin cuota/EV,No encontrado en Betano,Solo modelo,2,51.27,51.267000,,Betano mapeado,Baja,contexto premium torneo actual,usa promedios del contexto premium/API-Football,el volumen ofensivo puede variar por planteamiento y marcador temprano,https://www.betano.pe/cuotas-de-partido/boca-juniors-sao-paulo-sp/91017848/
2026-09-08,19:30,Boca Juniors vs Sao Paulo,,,Local corners +5.5,CORNERS_HOME OVER.5.5,CORNERS_HOME:OVER_5_5,45.4%,0.453900,2.20,,,,,,,,,,,Sin cuota/EV,No encontrado en Betano,Solo modelo,4,61.39,61.387000,,Betano mapeado,Baja,contexto premium torneo actual,usa promedios del contexto premium/API-Football,el volumen ofensivo puede variar por planteamiento y marcador temprano,https://www.betano.pe/cuotas-de-partido/boca-juniors-sao-paulo-sp/91017848/
2026-09-08,19:30,Boca Juniors vs Sao Paulo,,,Visita corners +4.5,CORNERS_AWAY OVER.4.5,CORNERS_AWAY:OVER_4_5,44.9%,0.448800,2.23,,,,,,,,,,,Sin cuota/EV,No encontrado en Betano,Solo modelo,4,60.88,60.882000,,Betano mapeado,Baja,contexto premium torneo actual,usa promedios del contexto premium/API-Football,el volumen ofensivo puede variar por planteamiento y marcador temprano,https://www.betano.pe/cuotas-de-partido/boca-juniors-sao-paulo-sp/91017848/
2026-09-08,19:30,Boca Juniors vs Sao Paulo,William Hill,Betano,BTTS sí,BTTS YES,BTTS:YES,44.2%,0.441800,2.26,5.80,1.56,1.562600,3.54,2.56,2.20,-0.03,-0.028000,-0.06,0.97,EV positivo,EV negativo Betano,Equilibrado,8,103.73,103.734000,Cuota API muy superior a la cuota justa: revisar manualmente antes de apostar,Betano mapeado,Baja,torneo actual,usa Poisson base con estadisticas de goles del torneo,un gol temprano o baja eficacia puede cambiar la lectura del mercado,https://www.betano.pe/cuotas-de-partido/boca-juniors-sao-paulo-sp/91017848/
2026-09-08,19:30,Boca Juniors vs Sao Paulo,,,Visita tarjetas +2.5,CARDS_AWAY OVER.2.5,CARDS_AWAY:OVER_2_5,43.0%,0.430300,2.32,,,,,,,,,,,Sin cuota/EV,No encontrado en Betano,Solo modelo,2,46.03,46.029000,,Betano mapeado,Baja,contexto premium torneo actual,usa promedios del contexto premium/API-Football,depende mucho del arbitro y del contexto competitivo,https://www.betano.pe/cuotas-de-partido/boca-juniors-sao-paulo-sp/91017848/
2026-09-08,19:30,Boca Juniors vs Sao Paulo,,,Visita goles -0.5,TEAM_TOTAL_AWAY UNDER.0.5,TEAM_TOTAL_AWAY:UNDER_0_5,41.7%,0.416900,2.40,,,,,,,,,,,Sin cuota/EV,No encontrado en Betano,Solo modelo,4,57.69,57.687000,,Betano mapeado,Baja,torneo actual,usa Poisson base con estadisticas de goles del torneo,un gol temprano o baja eficacia puede cambiar la lectura del mercado,https://www.betano.pe/cuotas-de-partido/boca-juniors-sao-paulo-sp/91017848/
2026-09-08,19:30,Boca Juniors vs Sao Paulo,,,Local goles +1.5,TEAM_TOTAL_HOME OVER.1.5,TEAM_TOTAL_HOME:OVER_1_5,41.4%,0.414200,2.41,,,,,,,,,,,Sin cuota/EV,No encontrado en Betano,Solo modelo,4,57.42,57.418000,,Betano mapeado,Baja,torneo actual,usa Poisson base con estadisticas de goles del torneo,un gol temprano o baja eficacia puede cambiar la lectura del mercado,https://www.betano.pe/cuotas-de-partido/boca-juniors-sao-paulo-sp/91017848/
2026-09-08,19:30,Boca Juniors vs Sao Paulo,William Hill,Betano,Goles +2.5,TOTALS OVER.2.5,TOTALS:OVER_2_5,40.2%,0.402000,2.49,6.50,1.61,1.612700,4.01,2.61,2.45,-0.02,-0.015100,-0.04,0.98,EV positivo,EV negativo Betano,Equilibrado,8,99.95,99.953000,Cuota API muy superior a la cuota justa: revisar manualmente antes de apostar,Betano mapeado,Baja,torneo actual,usa Poisson base con estadisticas de goles del torneo,un gol temprano o baja eficacia puede cambiar la lectura del mercado,https://www.betano.pe/cuotas-de-partido/boca-juniors-sao-paulo-sp/91017848/
2026-09-08,19:30,Boca Juniors vs Sao Paulo,,Betano,Corners total +10.5,CORNERS_TOTALS OVER.10.5,CORNERS_TOTALS:OVER_10_5,39.2%,0.392000,2.55,,,,,,2.40,-0.06,-0.059200,-0.15,0.94,Sin cuota/EV,EV negativo Betano,Solo modelo,6,76.25,76.249000,,Betano mapeado,Baja,contexto premium torneo actual,usa promedios del contexto premium/API-Football,el volumen ofensivo puede variar por planteamiento y marcador temprano,https://www.betano.pe/cuotas-de-partido/boca-juniors-sao-paulo-sp/91017848/
2026-09-08,19:30,Boca Juniors vs Sao Paulo,,,Local corners -4.5,CORNERS_HOME UNDER.4.5,CORNERS_HOME:UNDER_4_5,37.3%,0.373300,2.68,,,,,,,,,,,Sin cuota/EV,No encontrado en Betano,Solo modelo,4,53.33,53.331000,,Betano mapeado,Baja,contexto premium torneo actual,usa promedios del contexto premium/API-Football,el volumen ofensivo puede variar por planteamiento y marcador temprano,https://www.betano.pe/cuotas-de-partido/boca-juniors-sao-paulo-sp/91017848/
2026-09-08,19:30,Boca Juniors vs Sao Paulo,,,SHOTS_ON_TARGET_TOTAL UNDER.6.5,SHOTS_ON_TARGET_TOTAL UNDER.6.5,SHOTS_ON_TARGET_TOTAL:UNDER_6_5,37.1%,0.371400,2.69,,,,,,,,,,,Sin cuota/EV,No encontrado en Betano,Solo modelo,2,40.13,40.135000,,Betano mapeado,Baja,contexto premium torneo actual,usa promedios del contexto premium/API-Football,el volumen ofensivo puede variar por planteamiento y marcador temprano,https://www.betano.pe/cuotas-de-partido/boca-juniors-sao-paulo-sp/91017848/
2026-09-08,19:30,Boca Juniors vs Sao Paulo,William Hill,Betano,1T -0.5,FIRST_HALF_TOTALS UNDER.0.5,FIRST_HALF_TOTALS:UNDER_0_5,36.8%,0.367900,2.72,2.50,-0.08,-0.080300,-0.22,0.92,2.35,-0.14,-0.135400,-0.37,0.86,EV negativo,EV negativo Betano,Evitar,5,51.18,51.177000,,Betano mapeado,Baja,contexto premium torneo actual,usa promedios del contexto premium/API-Football,el primer tiempo puede tener ritmo bajo o rotaciones,https://www.betano.pe/cuotas-de-partido/boca-juniors-sao-paulo-sp/91017848/
2026-09-08,19:30,Boca Juniors vs Sao Paulo,,,Visita corners -3.5,CORNERS_AWAY UNDER.3.5,CORNERS_AWAY:UNDER_3_5,35.9%,0.359400,2.78,,,,,,,,,,,Sin cuota/EV,No encontrado en Betano,Solo modelo,4,51.95,51.945000,,Betano mapeado,Baja,contexto premium torneo actual,usa promedios del contexto premium/API-Football,el volumen ofensivo puede variar por planteamiento y marcador temprano,https://www.betano.pe/cuotas-de-partido/boca-juniors-sao-paulo-sp/91017848/
2026-09-08,19:30,Boca Juniors vs Sao Paulo,,,SHOTS_TOTAL UNDER.26.5,SHOTS_TOTAL UNDER.26.5,SHOTS_TOTAL:UNDER_26_5,35.7%,0.357200,2.80,,,,,,,,,,,Sin cuota/EV,No encontrado en Betano,Solo modelo,2,38.72,38.721000,,Betano mapeado,Baja,contexto premium torneo actual,usa promedios del contexto premium/API-Football,el volumen ofensivo puede variar por planteamiento y marcador temprano,https://www.betano.pe/cuotas-de-partido/boca-juniors-sao-paulo-sp/91017848/
2026-09-08,19:30,Boca Juniors vs Sao Paulo,,Betano,Corners total -8.5,CORNERS_TOTALS UNDER.8.5,CORNERS_TOTALS:UNDER_8_5,35.6%,0.355800,2.81,,,,,,2.45,-0.13,-0.128300,-0.36,0.87,Sin cuota/EV,EV negativo Betano,Solo modelo,6,71.53,71.525000,,Betano mapeado,Baja,contexto premium torneo actual,usa promedios del contexto premium/API-Football,el volumen ofensivo puede variar por planteamiento y marcador temprano,https://www.betano.pe/cuotas-de-partido/boca-juniors-sao-paulo-sp/91017848/
2026-09-08,19:30,Boca Juniors vs Sao Paulo,,,Local tarjetas +1.5,CARDS_HOME OVER.1.5,CARDS_HOME:OVER_1_5,35.5%,0.355400,2.81,,,,,,,,,,,Sin cuota/EV,No encontrado en Betano,Solo modelo,2,38.54,38.536000,,Betano mapeado,Baja,contexto premium torneo actual,usa promedios del contexto premium/API-Football,depende mucho del arbitro y del contexto competitivo,https://www.betano.pe/cuotas-de-partido/boca-juniors-sao-paulo-sp/91017848/
2026-09-08,19:30,Boca Juniors vs Sao Paulo,,,SHOTS_ON_TARGET_TOTAL OVER.8.5,SHOTS_ON_TARGET_TOTAL OVER.8.5,SHOTS_ON_TARGET_TOTAL:OVER_8_5,34.5%,0.344900,2.90,,,,,,,,,,,Sin cuota/EV,No encontrado en Betano,Solo modelo,2,37.49,37.491000,,Betano mapeado,Baja,contexto premium torneo actual,usa promedios del contexto premium/API-Football,el volumen ofensivo puede variar por planteamiento y marcador temprano,https://www.betano.pe/cuotas-de-partido/boca-juniors-sao-paulo-sp/91017848/
2026-09-08,19:30,Boca Juniors vs Sao Paulo,William Hill,Betano,Goles -1.5,TOTALS UNDER.1.5,TOTALS:UNDER_1_5,33.3%,0.332600,3.01,1.40,-0.53,-0.534400,-1.61,0.47,2.62,-0.13,-0.128600,-0.39,0.87,EV negativo,EV negativo Betano,Evitar,1,15.58,15.584000,Cuota por debajo de la cuota justa: valor limitado,Betano mapeado,Baja,torneo actual,usa Poisson base con estadisticas de goles del torneo,un gol temprano o baja eficacia puede cambiar la lectura del mercado,https://www.betano.pe/cuotas-de-partido/boca-juniors-sao-paulo-sp/91017848/
2026-09-08,19:30,Boca Juniors vs Sao Paulo,,,DNB visita,DRAW_NO_BET AWAY,DRAW_NO_BET:AWAY,31.8%,0.318400,3.14,,,,,,,,,,,Sin cuota/EV,No encontrado en Betano,Solo modelo,9,76.84,76.841000,,Betano mapeado,Baja,torneo actual,usa Poisson base con estadisticas de goles del torneo,riesgo propio del resultado final y variacion del modelo,https://www.betano.pe/cuotas-de-partido/boca-juniors-sao-paulo-sp/91017848/
2026-09-08,19:30,Boca Juniors vs Sao Paulo,,,Visita tarjetas -1.5,CARDS_AWAY UNDER.1.5,CARDS_AWAY:UNDER_1_5,30.8%,0.308400,3.24,,,,,,,,,,,Sin cuota/EV,No encontrado en Betano,Solo modelo,2,33.84,33.844000,,Betano mapeado,Baja,contexto premium torneo actual,usa promedios del contexto premium/API-Football,depende mucho del arbitro y del contexto competitivo,https://www.betano.pe/cuotas-de-partido/boca-juniors-sao-paulo-sp/91017848/
2026-09-08,19:30,Boca Juniors vs Sao Paulo,,Betano,Tarjetas total +4.5,CARDS_TOTALS OVER.4.5,CARDS_TOTALS:OVER_4_5,30.3%,0.303100,3.30,,,,,,1.55,-0.53,-0.530200,-1.75,0.47,Sin cuota/EV,EV negativo Betano,Solo modelo,3,37.83,37.832000,,Betano mapeado,Baja,contexto premium torneo actual,usa promedios del contexto premium/API-Football,depende mucho del arbitro y del contexto competitivo,https://www.betano.pe/cuotas-de-partido/boca-juniors-sao-paulo-sp/91017848/
2026-09-08,19:30,Boca Juniors vs Sao Paulo,,,Local corners +6.5,CORNERS_HOME OVER.6.5,CORNERS_HOME:OVER_6_5,29.8%,0.298300,3.35,,,,,,,,,,,Sin cuota/EV,No encontrado en Betano,Solo modelo,4,45.83,45.833000,,Betano mapeado,Baja,contexto premium torneo actual,usa promedios del contexto premium/API-Football,el volumen ofensivo puede variar por planteamiento y marcador temprano,https://www.betano.pe/cuotas-de-partido/boca-juniors-sao-paulo-sp/91017848/
2026-09-08,19:30,Boca Juniors vs Sao Paulo,,,Tarjetas total -2.5,CARDS_TOTALS UNDER.2.5,CARDS_TOTALS:UNDER_2_5,29.4%,0.294000,3.40,,,,,,,,,,,Sin cuota/EV,No encontrado en Betano,Solo modelo,3,37.40,37.399000,,Betano mapeado,Baja,contexto premium torneo actual,usa promedios del contexto premium/API-Football,depende mucho del arbitro y del contexto competitivo,https://www.betano.pe/cuotas-de-partido/boca-juniors-sao-paulo-sp/91017848/
2026-09-08,19:30,Boca Juniors vs Sao Paulo,,,Local tarjetas -0.5,CARDS_HOME UNDER.0.5,CARDS_HOME:UNDER_0_5,28.6%,0.286500,3.49,,,,,,,,,,,Sin cuota/EV,No encontrado en Betano,Solo modelo,2,31.65,31.650000,,Betano mapeado,Baja,contexto premium torneo actual,usa promedios del contexto premium/API-Football,depende mucho del arbitro y del contexto competitivo,https://www.betano.pe/cuotas-de-partido/boca-juniors-sao-paulo-sp/91017848/
2026-09-08,19:30,Boca Juniors vs Sao Paulo,,,Corners total +11.5,CORNERS_TOTALS OVER.11.5,CORNERS_TOTALS:OVER_11_5,28.1%,0.280700,3.56,,,,,,,,,,,Sin cuota/EV,No encontrado en Betano,Solo modelo,6,58.07,58.072000,,Betano mapeado,Baja,contexto premium torneo actual,usa promedios del contexto premium/API-Football,el volumen ofensivo puede variar por planteamiento y marcador temprano,https://www.betano.pe/cuotas-de-partido/boca-juniors-sao-paulo-sp/91017848/
2026-09-08,19:30,Boca Juniors vs Sao Paulo,,,Visita corners +5.5,CORNERS_AWAY OVER.5.5,CORNERS_AWAY:OVER_5_5,28.0%,0.280100,3.57,,,,,,,,,,,Sin cuota/EV,No encontrado en Betano,Solo modelo,4,44.01,44.009000,,Betano mapeado,Baja,contexto premium torneo actual,usa promedios del contexto premium/API-Football,el volumen ofensivo puede variar por planteamiento y marcador temprano,https://www.betano.pe/cuotas-de-partido/boca-juniors-sao-paulo-sp/91017848/
2026-09-08,19:30,Boca Juniors vs Sao Paulo,William Hill,Betano,Empate,1X2 DRAW,1X2:DRAW,27.1%,0.270900,3.69,2.00,-0.46,-0.458100,-1.69,0.54,3.35,-0.09,-0.092500,-0.34,0.91,EV negativo,EV negativo Betano,Evitar,7,41.37,41.369000,Cuota por debajo de la cuota justa: valor limitado,Betano mapeado,Baja,torneo actual,usa Poisson base con estadisticas de goles del torneo,riesgo propio del resultado final y variacion del modelo,https://www.betano.pe/cuotas-de-partido/boca-juniors-sao-paulo-sp/91017848/
2026-09-08,19:30,Boca Juniors vs Sao Paulo,William Hill,Betano,1T +1.5,FIRST_HALF_TOTALS OVER.1.5,FIRST_HALF_TOTALS:OVER_1_5,26.4%,0.264200,3.78,3.30,-0.13,-0.128000,-0.48,0.87,3.50,-0.08,-0.075300,-0.28,0.92,EV negativo,EV negativo Betano,Evitar,5,40.91,40.915000,,Betano mapeado,Baja,contexto premium torneo actual,usa promedios del contexto premium/API-Football,el primer tiempo puede tener ritmo bajo o rotaciones,https://www.betano.pe/cuotas-de-partido/boca-juniors-sao-paulo-sp/91017848/
2026-09-08,19:30,Boca Juniors vs Sao Paulo,,,Local goles -0.5,TEAM_TOTAL_HOME UNDER.0.5,TEAM_TOTAL_HOME:UNDER_0_5,24.2%,0.242300,4.13,,,,,,,,,,,Sin cuota/EV,No encontrado en Betano,Solo modelo,4,40.23,40.234000,,Betano mapeado,Baja,torneo actual,usa Poisson base con estadisticas de goles del torneo,un gol temprano o baja eficacia puede cambiar la lectura del mercado,https://www.betano.pe/cuotas-de-partido/boca-juniors-sao-paulo-sp/91017848/
2026-09-08,19:30,Boca Juniors vs Sao Paulo,,,Corners total -7.5,CORNERS_TOTALS UNDER.7.5,CORNERS_TOTALS:UNDER_7_5,23.9%,0.238800,4.19,,,,,,,,,,,Sin cuota/EV,No encontrado en Betano,Solo modelo,6,53.88,53.878000,,Betano mapeado,Baja,contexto premium torneo actual,usa promedios del contexto premium/API-Football,el volumen ofensivo puede variar por planteamiento y marcador temprano,https://www.betano.pe/cuotas-de-partido/boca-juniors-sao-paulo-sp/91017848/
2026-09-08,19:30,Boca Juniors vs Sao Paulo,William Hill,Betano,Gana visita,1X2 AWAY,1X2:AWAY,23.2%,0.232100,4.31,5.00,0.16,0.160700,0.69,1.16,5.20,0.21,0.206900,0.89,1.21,EV positivo,EV positivo Betano,Equilibrado,7,72.42,72.416000,,Betano mapeado,Baja,torneo actual,usa Poisson base con estadisticas de goles del torneo,riesgo propio del resultado final y variacion del modelo,https://www.betano.pe/cuotas-de-partido/boca-juniors-sao-paulo-sp/91017848/
2026-09-08,19:30,Boca Juniors vs Sao Paulo,,,SHOTS_ON_TARGET_TOTAL OVER.9.5,SHOTS_ON_TARGET_TOTAL OVER.9.5,SHOTS_ON_TARGET_TOTAL:OVER_9_5,22.9%,0.229300,4.36,,,,,,,,,,,Sin cuota/EV,No encontrado en Betano,Solo modelo,2,25.93,25.934000,,Betano mapeado,Baja,contexto premium torneo actual,usa promedios del contexto premium/API-Football,el volumen ofensivo puede variar por planteamiento y marcador temprano,https://www.betano.pe/cuotas-de-partido/boca-juniors-sao-paulo-sp/91017848/
2026-09-08,19:30,Boca Juniors vs Sao Paulo,,,SHOTS_TOTAL UNDER.24.5,SHOTS_TOTAL UNDER.24.5,SHOTS_TOTAL:UNDER_24_5,22.5%,0.225400,4.44,,,,,,,,,,,Sin cuota/EV,No encontrado en Betano,Solo modelo,2,25.54,25.541000,,Betano mapeado,Baja,contexto premium torneo actual,usa promedios del contexto premium/API-Football,el volumen ofensivo puede variar por planteamiento y marcador temprano,https://www.betano.pe/cuotas-de-partido/boca-juniors-sao-paulo-sp/91017848/
2026-09-08,19:30,Boca Juniors vs Sao Paulo,,,Visita tarjetas +3.5,CARDS_AWAY OVER.3.5,CARDS_AWAY:OVER_3_5,22.1%,0.221300,4.52,,,,,,,,,,,Sin cuota/EV,No encontrado en Betano,Solo modelo,2,25.13,25.128000,,Betano mapeado,Baja,contexto premium torneo actual,usa promedios del contexto premium/API-Football,depende mucho del arbitro y del contexto competitivo,https://www.betano.pe/cuotas-de-partido/boca-juniors-sao-paulo-sp/91017848/
2026-09-08,19:30,Boca Juniors vs Sao Paulo,,,Visita goles +1.5,TEAM_TOTAL_AWAY OVER.1.5,TEAM_TOTAL_AWAY:OVER_1_5,21.8%,0.218400,4.58,,,,,,,,,,,Sin cuota/EV,No encontrado en Betano,Solo modelo,4,37.84,37.838000,,Betano mapeado,Baja,torneo actual,usa Poisson base con estadisticas de goles del torneo,un gol temprano o baja eficacia puede cambiar la lectura del mercado,https://www.betano.pe/cuotas-de-partido/boca-juniors-sao-paulo-sp/91017848/
2026-09-08,19:30,Boca Juniors vs Sao Paulo,,,Local corners -3.5,CORNERS_HOME UNDER.3.5,CORNERS_HOME:UNDER_3_5,21.3%,0.213300,4.69,,,,,,,,,,,Sin cuota/EV,No encontrado en Betano,Solo modelo,4,37.33,37.329000,,Betano mapeado,Baja,contexto premium torneo actual,usa promedios del contexto premium/API-Football,el volumen ofensivo puede variar por planteamiento y marcador temprano,https://www.betano.pe/cuotas-de-partido/boca-juniors-sao-paulo-sp/91017848/
2026-09-08,19:30,Boca Juniors vs Sao Paulo,William Hill,Betano,Goles +3.5,TOTALS OVER.3.5,TOTALS:OVER_3_5,19.9%,0.199100,5.02,19.00,2.78,2.783100,13.98,3.78,4.55,-0.09,-0.094100,-0.47,0.91,EV positivo,EV negativo Betano,Equilibrado,1,43.41,43.405000,Cuota API muy superior a la cuota justa: revisar manualmente antes de apostar,Betano mapeado,Baja,torneo actual,usa Poisson base con estadisticas de goles del torneo,un gol temprano o baja eficacia puede cambiar la lectura del mercado,https://www.betano.pe/cuotas-de-partido/boca-juniors-sao-paulo-sp/91017848/
2026-09-08,19:30,Boca Juniors vs Sao Paulo,,,Local goles +2.5,TEAM_TOTAL_HOME OVER.2.5,TEAM_TOTAL_HOME:OVER_2_5,17.1%,0.170700,5.86,,,,,,,,,,,Sin cuota/EV,No encontrado en Betano,Solo modelo,4,33.07,33.073000,,Betano mapeado,Baja,torneo actual,usa Poisson base con estadisticas de goles del torneo,un gol temprano o baja eficacia puede cambiar la lectura del mercado,https://www.betano.pe/cuotas-de-partido/boca-juniors-sao-paulo-sp/91017848/
2026-09-08,19:30,Boca Juniors vs Sao Paulo,,Betano,Tarjetas total +5.5,CARDS_TOTALS OVER.5.5,CARDS_TOTALS:OVER_5_5,16.3%,0.162800,6.14,,,,,,2.00,-0.67,-0.674400,-4.14,0.33,Sin cuota/EV,EV negativo Betano,Solo modelo,3,22.28,22.283000,,Betano mapeado,Baja,contexto premium torneo actual,usa promedios del contexto premium/API-Football,depende mucho del arbitro y del contexto competitivo,https://www.betano.pe/cuotas-de-partido/boca-juniors-sao-paulo-sp/91017848/
2026-09-08,19:30,Boca Juniors vs Sao Paulo,,,Visita corners +6.5,CORNERS_AWAY OVER.6.5,CORNERS_AWAY:OVER_6_5,15.6%,0.156400,6.40,,,,,,,,,,,Sin cuota/EV,No encontrado en Betano,Solo modelo,4,31.64,31.635000,,Betano mapeado,Baja,contexto premium torneo actual,usa promedios del contexto premium/API-Football,el volumen ofensivo puede variar por planteamiento y marcador temprano,https://www.betano.pe/cuotas-de-partido/boca-juniors-sao-paulo-sp/91017848/
2026-09-08,19:30,Boca Juniors vs Sao Paulo,,,Local tarjetas +2.5,CARDS_HOME OVER.2.5,CARDS_HOME:OVER_2_5,13.2%,0.131500,7.60,,,,,,,,,,,Sin cuota/EV,No encontrado en Betano,Solo modelo,2,16.15,16.153000,,Betano mapeado,Baja,contexto premium torneo actual,usa promedios del contexto premium/API-Football,depende mucho del arbitro y del contexto competitivo,https://www.betano.pe/cuotas-de-partido/boca-juniors-sao-paulo-sp/91017848/
2026-09-08,19:30,Boca Juniors vs Sao Paulo,,,SHOTS_TOTAL UNDER.22.5,SHOTS_TOTAL UNDER.22.5,SHOTS_TOTAL:UNDER_22_5,12.4%,0.124500,8.03,,,,,,,,,,,Sin cuota/EV,No encontrado en Betano,Solo modelo,2,15.45,15.451000,,Betano mapeado,Baja,contexto premium torneo actual,usa promedios del contexto premium/API-Football,el volumen ofensivo puede variar por planteamiento y marcador temprano,https://www.betano.pe/cuotas-de-partido/boca-juniors-sao-paulo-sp/91017848/
2026-09-08,19:30,Boca Juniors vs Sao Paulo,,,Visita tarjetas -0.5,CARDS_AWAY UNDER.0.5,CARDS_AWAY:UNDER_0_5,9.1%,0.090700,11.02,,,,,,,,,,,Sin cuota/EV,No encontrado en Betano,Solo modelo,2,12.07,12.072000,,Betano mapeado,Baja,contexto premium torneo actual,usa promedios del contexto premium/API-Football,depende mucho del arbitro y del contexto competitivo,https://www.betano.pe/cuotas-de-partido/boca-juniors-sao-paulo-sp/91017848/
2026-09-08,19:30,Boca Juniors vs Sao Paulo,,Betano,Tarjetas total +6.5,CARDS_TOTALS OVER.6.5,CARDS_TOTALS:OVER_6_5,7.8%,0.077500,12.91,,,,,,2.72,-0.79,-0.789200,-10.19,0.21,Sin cuota/EV,EV negativo Betano,Solo modelo,3,13.75,13.747000,,Betano mapeado,Baja,contexto premium torneo actual,usa promedios del contexto premium/API-Football,depende mucho del arbitro y del contexto competitivo,https://www.betano.pe/cuotas-de-partido/boca-juniors-sao-paulo-sp/91017848/
2026-09-08,19:30,Boca Juniors vs Sao Paulo,,,SHOTS_TOTAL UNDER.20.5,SHOTS_TOTAL UNDER.20.5,SHOTS_TOTAL:UNDER_20_5,5.9%,0.059000,16.95,,,,,,,,,,,Sin cuota/EV,No encontrado en Betano,Solo modelo,2,8.90,8.901000,,Betano mapeado,Baja,contexto premium torneo actual,usa promedios del contexto premium/API-Football,el volumen ofensivo puede variar por planteamiento y marcador temprano,https://www.betano.pe/cuotas-de-partido/boca-juniors-sao-paulo-sp/91017848/
2026-09-08,19:30,Boca Juniors vs Sao Paulo,,,Visita goles +2.5,TEAM_TOTAL_AWAY OVER.2.5,TEAM_TOTAL_AWAY:OVER_2_5,5.9%,0.058800,17.01,,,,,,,,,,,Sin cuota/EV,No encontrado en Betano,Solo modelo,4,21.88,21.880000,,Betano mapeado,Baja,torneo actual,usa Poisson base con estadisticas de goles del torneo,un gol temprano o baja eficacia puede cambiar la lectura del mercado,https://www.betano.pe/cuotas-de-partido/boca-juniors-sao-paulo-sp/91017848/
2026-09-08,19:30,Boca Juniors vs Sao Paulo,,,Local tarjetas +3.5,CARDS_HOME OVER.3.5,CARDS_HOME:OVER_3_5,3.8%,0.038300,26.13,,,,,,,,,,,Sin cuota/EV,No encontrado en Betano,Solo modelo,2,6.83,6.827000,,Betano mapeado,Baja,contexto premium torneo actual,usa promedios del contexto premium/API-Football,depende mucho del arbitro y del contexto competitivo,https://www.betano.pe/cuotas-de-partido/boca-juniors-sao-paulo-sp/91017848/
2026-09-08,19:30,Boca Juniors vs Sao Paulo,,,SHOTS_TOTAL UNDER.18.5,SHOTS_TOTAL UNDER.18.5,SHOTS_TOTAL:UNDER_18_5,2.4%,0.023500,42.59,,,,,,,,,,,Sin cuota/EV,No encontrado en Betano,Solo modelo,2,5.35,5.348000,,Betano mapeado,Baja,contexto premium torneo actual,usa promedios del contexto premium/API-Football,el volumen ofensivo puede variar por planteamiento y marcador temprano,https://www.betano.pe/cuotas-de-partido/boca-juniors-sao-paulo-sp/91017848/
