fecha,hora,partido,bookmaker_api,bookmaker_betano,pick,market_original,key,probabilidad,prob_num,cuota_api,ev_api,ev_api_num,cuota_betano,ev_betano,ev_betano_num,estado_api,estado_betano,confianza,fuente,razon,riesgo,betano_url
2026-08-02,11:00,Sporting Cristal vs Juan Pablo II College,,Betano,SHOTS_TOTAL OVER.18.5,SHOTS_TOTAL OVER.18.5,SHOTS_TOTAL:OVER_18_5,97.7%,0.976500,,,,,,,Sin cuota/EV,No encontrado en Betano,Alta,contexto premium torneo actual,usa promedios del contexto premium/API-Football,el volumen ofensivo puede variar por planteamiento y marcador temprano,https://www.betano.pe/cuotas-de-partido/sporting-cristal-adc-juan-pablo-ii-college/89276721/
2026-08-02,11:00,Sporting Cristal vs Juan Pablo II College,,Betano,Visita tarjetas -3.5,CARDS_AWAY UNDER.3.5,CARDS_AWAY:UNDER_3_5,96.6%,0.966200,,,,,,,Sin cuota/EV,No encontrado en Betano,Alta,contexto premium torneo actual,usa promedios del contexto premium/API-Football,depende mucho del arbitro y del contexto competitivo,https://www.betano.pe/cuotas-de-partido/sporting-cristal-adc-juan-pablo-ii-college/89276721/
2026-08-02,11:00,Sporting Cristal vs Juan Pablo II College,,Betano,SHOTS_TOTAL OVER.20.5,SHOTS_TOTAL OVER.20.5,SHOTS_TOTAL:OVER_20_5,94.1%,0.941000,,,,,,,Sin cuota/EV,No encontrado en Betano,Alta,contexto premium torneo actual,usa promedios del contexto premium/API-Football,el volumen ofensivo puede variar por planteamiento y marcador temprano,https://www.betano.pe/cuotas-de-partido/sporting-cristal-adc-juan-pablo-ii-college/89276721/
2026-08-02,11:00,Sporting Cristal vs Juan Pablo II College,,Betano,Tarjetas total -6.5,CARDS_TOTALS UNDER.6.5,CARDS_TOTALS:UNDER_6_5,92.7%,0.926700,,,,,,,Sin cuota/EV,No encontrado en Betano,Alta,contexto premium torneo actual,usa promedios del contexto premium/API-Football,depende mucho del arbitro y del contexto competitivo,https://www.betano.pe/cuotas-de-partido/sporting-cristal-adc-juan-pablo-ii-college/89276721/
2026-08-02,11:00,Sporting Cristal vs Juan Pablo II College,,Betano,Local tarjetas +0.5,CARDS_HOME OVER.0.5,CARDS_HOME:OVER_0_5,90.9%,0.909300,,,,,,,Sin cuota/EV,No encontrado en Betano,Alta,contexto premium torneo actual,usa promedios del contexto premium/API-Football,depende mucho del arbitro y del contexto competitivo,https://www.betano.pe/cuotas-de-partido/sporting-cristal-adc-juan-pablo-ii-college/89276721/
2026-08-02,11:00,Sporting Cristal vs Juan Pablo II College,,Betano,SHOTS_ON_TARGET_TOTAL OVER.6.5,SHOTS_ON_TARGET_TOTAL OVER.6.5,SHOTS_ON_TARGET_TOTAL:OVER_6_5,89.3%,0.893100,,,,,,,Sin cuota/EV,No encontrado en Betano,Alta,contexto premium torneo actual,usa promedios del contexto premium/API-Football,el volumen ofensivo puede variar por planteamiento y marcador temprano,https://www.betano.pe/cuotas-de-partido/sporting-cristal-adc-juan-pablo-ii-college/89276721/
2026-08-02,11:00,Sporting Cristal vs Juan Pablo II College,,Betano,Visita tarjetas -2.5,CARDS_AWAY UNDER.2.5,CARDS_AWAY:UNDER_2_5,87.9%,0.879500,,,,,,,Sin cuota/EV,No encontrado en Betano,Alta,contexto premium torneo actual,usa promedios del contexto premium/API-Football,depende mucho del arbitro y del contexto competitivo,https://www.betano.pe/cuotas-de-partido/sporting-cristal-adc-juan-pablo-ii-college/89276721/
2026-08-02,11:00,Sporting Cristal vs Juan Pablo II College,,Betano,SHOTS_TOTAL OVER.22.5,SHOTS_TOTAL OVER.22.5,SHOTS_TOTAL:OVER_22_5,87.5%,0.875500,,,,,,,Sin cuota/EV,No encontrado en Betano,Alta,contexto premium torneo actual,usa promedios del contexto premium/API-Football,el volumen ofensivo puede variar por planteamiento y marcador temprano,https://www.betano.pe/cuotas-de-partido/sporting-cristal-adc-juan-pablo-ii-college/89276721/
2026-08-02,11:00,Sporting Cristal vs Juan Pablo II College,10Bet,Betano,Goles +1.5,TOTALS OVER.1.5,TOTALS:OVER_1_5,87.1%,0.871300,1.13,-0.02,-0.015500,,,,EV negativo,No encontrado en Betano,Alta,torneo actual,usa Poisson base con estadisticas de goles del torneo,un gol temprano o baja eficacia puede cambiar la lectura del mercado,https://www.betano.pe/cuotas-de-partido/sporting-cristal-adc-juan-pablo-ii-college/89276721/
2026-08-02,11:00,Sporting Cristal vs Juan Pablo II College,,Betano,Local goles +0.5,TEAM_TOTAL_HOME OVER.0.5,TEAM_TOTAL_HOME:OVER_0_5,87.1%,0.870500,,,,,,,Sin cuota/EV,No encontrado en Betano,Alta,torneo actual,usa Poisson base con estadisticas de goles del torneo,un gol temprano o baja eficacia puede cambiar la lectura del mercado,https://www.betano.pe/cuotas-de-partido/sporting-cristal-adc-juan-pablo-ii-college/89276721/
2026-08-02,11:00,Sporting Cristal vs Juan Pablo II College,,Betano,Tarjetas total -5.5,CARDS_TOTALS UNDER.5.5,CARDS_TOTALS:UNDER_5_5,84.4%,0.844100,,,,1.70,0.43,0.435000,Sin cuota/EV,EV positivo Betano,Alta,contexto premium torneo actual,usa promedios del contexto premium/API-Football,depende mucho del arbitro y del contexto competitivo,https://www.betano.pe/cuotas-de-partido/sporting-cristal-adc-juan-pablo-ii-college/89276721/
2026-08-02,11:00,Sporting Cristal vs Juan Pablo II College,,Betano,Visita corners -6.5,CORNERS_AWAY UNDER.6.5,CORNERS_AWAY:UNDER_6_5,83.1%,0.831100,,,,,,,Sin cuota/EV,No encontrado en Betano,Alta,contexto premium torneo actual,usa promedios del contexto premium/API-Football,el volumen ofensivo puede variar por planteamiento y marcador temprano,https://www.betano.pe/cuotas-de-partido/sporting-cristal-adc-juan-pablo-ii-college/89276721/
2026-08-02,11:00,Sporting Cristal vs Juan Pablo II College,,Betano,SHOTS_ON_TARGET_TOTAL OVER.7.5,SHOTS_ON_TARGET_TOTAL OVER.7.5,SHOTS_ON_TARGET_TOTAL:OVER_7_5,81.4%,0.813700,,,,,,,Sin cuota/EV,No encontrado en Betano,Alta,contexto premium torneo actual,usa promedios del contexto premium/API-Football,el volumen ofensivo puede variar por planteamiento y marcador temprano,https://www.betano.pe/cuotas-de-partido/sporting-cristal-adc-juan-pablo-ii-college/89276721/
2026-08-02,11:00,Sporting Cristal vs Juan Pablo II College,,Betano,Local corners -6.5,CORNERS_HOME UNDER.6.5,CORNERS_HOME:UNDER_6_5,80.5%,0.804600,,,,,,,Sin cuota/EV,No encontrado en Betano,Alta,contexto premium torneo actual,usa promedios del contexto premium/API-Football,el volumen ofensivo puede variar por planteamiento y marcador temprano,https://www.betano.pe/cuotas-de-partido/sporting-cristal-adc-juan-pablo-ii-college/89276721/
2026-08-02,11:00,Sporting Cristal vs Juan Pablo II College,,Betano,Visita goles -2.5,TEAM_TOTAL_AWAY UNDER.2.5,TEAM_TOTAL_AWAY:UNDER_2_5,80.2%,0.802300,,,,,,,Sin cuota/EV,No encontrado en Betano,Alta,torneo actual,usa Poisson base con estadisticas de goles del torneo,un gol temprano o baja eficacia puede cambiar la lectura del mercado,https://www.betano.pe/cuotas-de-partido/sporting-cristal-adc-juan-pablo-ii-college/89276721/
2026-08-02,11:00,Sporting Cristal vs Juan Pablo II College,,Betano,DOUBLE_CHANCE 12,DOUBLE_CHANCE 12,DOUBLE_CHANCE:12,78.7%,0.786600,,,,,,,Sin cuota/EV,No encontrado en Betano,Alta,torneo actual,usa Poisson base con estadisticas de goles del torneo,riesgo propio del resultado final y variacion del modelo,https://www.betano.pe/cuotas-de-partido/sporting-cristal-adc-juan-pablo-ii-college/89276721/
2026-08-02,11:00,Sporting Cristal vs Juan Pablo II College,,Betano,Corners total -11.5,CORNERS_TOTALS UNDER.11.5,CORNERS_TOTALS:UNDER_11_5,78.3%,0.783200,,,,1.40,0.10,0.096500,Sin cuota/EV,EV positivo Betano,Alta,contexto premium torneo actual,usa promedios del contexto premium/API-Football,el volumen ofensivo puede variar por planteamiento y marcador temprano,https://www.betano.pe/cuotas-de-partido/sporting-cristal-adc-juan-pablo-ii-college/89276721/
2026-08-02,11:00,Sporting Cristal vs Juan Pablo II College,,Betano,Visita goles +0.5,TEAM_TOTAL_AWAY OVER.0.5,TEAM_TOTAL_AWAY:OVER_0_5,78.2%,0.782400,,,,,,,Sin cuota/EV,No encontrado en Betano,Alta,torneo actual,usa Poisson base con estadisticas de goles del torneo,un gol temprano o baja eficacia puede cambiar la lectura del mercado,https://www.betano.pe/cuotas-de-partido/sporting-cristal-adc-juan-pablo-ii-college/89276721/
2026-08-02,11:00,Sporting Cristal vs Juan Pablo II College,,Betano,Local tarjetas -3.5,CARDS_HOME UNDER.3.5,CARDS_HOME:UNDER_3_5,77.9%,0.778700,,,,,,,Sin cuota/EV,No encontrado en Betano,Alta,contexto premium torneo actual,usa promedios del contexto premium/API-Football,depende mucho del arbitro y del contexto competitivo,https://www.betano.pe/cuotas-de-partido/sporting-cristal-adc-juan-pablo-ii-college/89276721/
2026-08-02,11:00,Sporting Cristal vs Juan Pablo II College,,Betano,SHOTS_TOTAL OVER.24.5,SHOTS_TOTAL OVER.24.5,SHOTS_TOTAL:OVER_24_5,77.5%,0.774600,,,,,,,Sin cuota/EV,No encontrado en Betano,Alta,contexto premium torneo actual,usa promedios del contexto premium/API-Football,el volumen ofensivo puede variar por planteamiento y marcador temprano,https://www.betano.pe/cuotas-de-partido/sporting-cristal-adc-juan-pablo-ii-college/89276721/
2026-08-02,11:00,Sporting Cristal vs Juan Pablo II College,10Bet,Betano,1T -1.5,FIRST_HALF_TOTALS UNDER.1.5,FIRST_HALF_TOTALS:UNDER_1_5,73.6%,0.735800,1.02,-0.25,-0.249500,1.62,0.19,0.192000,EV negativo,EV positivo Betano,Alta,contexto premium torneo actual,usa promedios del contexto premium/API-Football,el primer tiempo puede tener ritmo bajo o rotaciones,https://www.betano.pe/cuotas-de-partido/sporting-cristal-adc-juan-pablo-ii-college/89276721/
2026-08-02,11:00,Sporting Cristal vs Juan Pablo II College,,Betano,DOUBLE_CHANCE 1X,DOUBLE_CHANCE 1X,DOUBLE_CHANCE:1X,71.1%,0.711300,,,,,,,Sin cuota/EV,No encontrado en Betano,Alta,torneo actual,usa Poisson base con estadisticas de goles del torneo,riesgo propio del resultado final y variacion del modelo,https://www.betano.pe/cuotas-de-partido/sporting-cristal-adc-juan-pablo-ii-college/89276721/
2026-08-02,11:00,Sporting Cristal vs Juan Pablo II College,,Betano,SHOTS_ON_TARGET_TOTAL OVER.8.5,SHOTS_ON_TARGET_TOTAL OVER.8.5,SHOTS_ON_TARGET_TOTAL:OVER_8_5,71.0%,0.710400,,,,,,,Sin cuota/EV,No encontrado en Betano,Alta,contexto premium torneo actual,usa promedios del contexto premium/API-Football,el volumen ofensivo puede variar por planteamiento y marcador temprano,https://www.betano.pe/cuotas-de-partido/sporting-cristal-adc-juan-pablo-ii-college/89276721/
2026-08-02,11:00,Sporting Cristal vs Juan Pablo II College,,Betano,Tarjetas total -4.5,CARDS_TOTALS UNDER.4.5,CARDS_TOTALS:UNDER_4_5,70.6%,0.706400,,,,,,,Sin cuota/EV,No encontrado en Betano,Alta,contexto premium torneo actual,usa promedios del contexto premium/API-Football,depende mucho del arbitro y del contexto competitivo,https://www.betano.pe/cuotas-de-partido/sporting-cristal-adc-juan-pablo-ii-college/89276721/
2026-08-02,11:00,Sporting Cristal vs Juan Pablo II College,,Betano,Visita corners -5.5,CORNERS_AWAY UNDER.5.5,CORNERS_AWAY:UNDER_5_5,70.3%,0.702900,,,,,,,Sin cuota/EV,No encontrado en Betano,Alta,contexto premium torneo actual,usa promedios del contexto premium/API-Football,el volumen ofensivo puede variar por planteamiento y marcador temprano,https://www.betano.pe/cuotas-de-partido/sporting-cristal-adc-juan-pablo-ii-college/89276721/
2026-08-02,11:00,Sporting Cristal vs Juan Pablo II College,,Betano,Corners total +7.5,CORNERS_TOTALS OVER.7.5,CORNERS_TOTALS:OVER_7_5,69.9%,0.699000,,,,,,,Sin cuota/EV,No encontrado en Betano,Media,contexto premium torneo actual,usa promedios del contexto premium/API-Football,el volumen ofensivo puede variar por planteamiento y marcador temprano,https://www.betano.pe/cuotas-de-partido/sporting-cristal-adc-juan-pablo-ii-college/89276721/
2026-08-02,11:00,Sporting Cristal vs Juan Pablo II College,,Betano,Visita tarjetas +0.5,CARDS_AWAY OVER.0.5,CARDS_AWAY:OVER_0_5,69.9%,0.698800,,,,,,,Sin cuota/EV,No encontrado en Betano,Media,contexto premium torneo actual,usa promedios del contexto premium/API-Football,depende mucho del arbitro y del contexto competitivo,https://www.betano.pe/cuotas-de-partido/sporting-cristal-adc-juan-pablo-ii-college/89276721/
2026-08-02,11:00,Sporting Cristal vs Juan Pablo II College,,Betano,Tarjetas total +2.5,CARDS_TOTALS OVER.2.5,CARDS_TOTALS:OVER_2_5,69.7%,0.697300,,,,,,,Sin cuota/EV,No encontrado en Betano,Media,contexto premium torneo actual,usa promedios del contexto premium/API-Football,depende mucho del arbitro y del contexto competitivo,https://www.betano.pe/cuotas-de-partido/sporting-cristal-adc-juan-pablo-ii-college/89276721/
2026-08-02,11:00,Sporting Cristal vs Juan Pablo II College,10Bet,Betano,Goles +2.5,TOTALS OVER.2.5,TOTALS:OVER_2_5,69.2%,0.692100,1.44,-0.00,-0.003400,1.45,0.00,0.003500,EV negativo,EV positivo Betano,Media,torneo actual,usa Poisson base con estadisticas de goles del torneo,un gol temprano o baja eficacia puede cambiar la lectura del mercado,https://www.betano.pe/cuotas-de-partido/sporting-cristal-adc-juan-pablo-ii-college/89276721/
2026-08-02,11:00,Sporting Cristal vs Juan Pablo II College,,Betano,Local tarjetas +1.5,CARDS_HOME OVER.1.5,CARDS_HOME:OVER_1_5,69.2%,0.691600,,,,,,,Sin cuota/EV,No encontrado en Betano,Media,contexto premium torneo actual,usa promedios del contexto premium/API-Football,depende mucho del arbitro y del contexto competitivo,https://www.betano.pe/cuotas-de-partido/sporting-cristal-adc-juan-pablo-ii-college/89276721/
2026-08-02,11:00,Sporting Cristal vs Juan Pablo II College,,Betano,Local corners +3.5,CORNERS_HOME OVER.3.5,CORNERS_HOME:OVER_3_5,69.0%,0.690300,,,,,,,Sin cuota/EV,No encontrado en Betano,Media,contexto premium torneo actual,usa promedios del contexto premium/API-Football,el volumen ofensivo puede variar por planteamiento y marcador temprano,https://www.betano.pe/cuotas-de-partido/sporting-cristal-adc-juan-pablo-ii-college/89276721/
2026-08-02,11:00,Sporting Cristal vs Juan Pablo II College,,Betano,Corners total -10.5,CORNERS_TOTALS UNDER.10.5,CORNERS_TOTALS:UNDER_10_5,68.2%,0.682000,,,,1.67,0.14,0.138900,Sin cuota/EV,EV positivo Betano,Media,contexto premium torneo actual,usa promedios del contexto premium/API-Football,el volumen ofensivo puede variar por planteamiento y marcador temprano,https://www.betano.pe/cuotas-de-partido/sporting-cristal-adc-juan-pablo-ii-college/89276721/
2026-08-02,11:00,Sporting Cristal vs Juan Pablo II College,10Bet,Betano,BTTS sí,BTTS YES,BTTS:YES,68.1%,0.681300,4.00,1.73,1.725200,1.87,0.27,0.274000,EV positivo,EV positivo Betano,Media,torneo actual,usa Poisson base con estadisticas de goles del torneo,un gol temprano o baja eficacia puede cambiar la lectura del mercado,https://www.betano.pe/cuotas-de-partido/sporting-cristal-adc-juan-pablo-ii-college/89276721/
2026-08-02,11:00,Sporting Cristal vs Juan Pablo II College,,Betano,Local corners -5.5,CORNERS_HOME UNDER.5.5,CORNERS_HOME:UNDER_5_5,66.8%,0.668400,,,,,,,Sin cuota/EV,No encontrado en Betano,Media,contexto premium torneo actual,usa promedios del contexto premium/API-Football,el volumen ofensivo puede variar por planteamiento y marcador temprano,https://www.betano.pe/cuotas-de-partido/sporting-cristal-adc-juan-pablo-ii-college/89276721/
2026-08-02,11:00,Sporting Cristal vs Juan Pablo II College,,Betano,Local goles -2.5,TEAM_TOTAL_HOME UNDER.2.5,TEAM_TOTAL_HOME:UNDER_2_5,66.4%,0.664400,,,,1.80,0.20,0.195900,Sin cuota/EV,EV positivo Betano,Media,torneo actual,usa Poisson base con estadisticas de goles del torneo,un gol temprano o baja eficacia puede cambiar la lectura del mercado,https://www.betano.pe/cuotas-de-partido/sporting-cristal-adc-juan-pablo-ii-college/89276721/
2026-08-02,11:00,Sporting Cristal vs Juan Pablo II College,,Betano,Visita tarjetas -1.5,CARDS_AWAY UNDER.1.5,CARDS_AWAY:UNDER_1_5,66.3%,0.662600,,,,,,,Sin cuota/EV,No encontrado en Betano,Media,contexto premium torneo actual,usa promedios del contexto premium/API-Football,depende mucho del arbitro y del contexto competitivo,https://www.betano.pe/cuotas-de-partido/sporting-cristal-adc-juan-pablo-ii-college/89276721/
2026-08-02,11:00,Sporting Cristal vs Juan Pablo II College,,Betano,Visita corners +3.5,CORNERS_AWAY OVER.3.5,CORNERS_AWAY:OVER_3_5,65.8%,0.657700,,,,,,,Sin cuota/EV,No encontrado en Betano,Media,contexto premium torneo actual,usa promedios del contexto premium/API-Football,el volumen ofensivo puede variar por planteamiento y marcador temprano,https://www.betano.pe/cuotas-de-partido/sporting-cristal-adc-juan-pablo-ii-college/89276721/
2026-08-02,11:00,Sporting Cristal vs Juan Pablo II College,,Betano,SHOTS_TOTAL OVER.26.5,SHOTS_TOTAL OVER.26.5,SHOTS_TOTAL:OVER_26_5,64.3%,0.642800,,,,,,,Sin cuota/EV,No encontrado en Betano,Media,contexto premium torneo actual,usa promedios del contexto premium/API-Football,el volumen ofensivo puede variar por planteamiento y marcador temprano,https://www.betano.pe/cuotas-de-partido/sporting-cristal-adc-juan-pablo-ii-college/89276721/
2026-08-02,11:00,Sporting Cristal vs Juan Pablo II College,10Bet,Betano,DNB local,DRAW_NO_BET HOME,DRAW_NO_BET:HOME,63.3%,0.632900,1.11,-0.30,-0.297400,1.08,-0.32,-0.316500,EV negativo,EV negativo Betano,Media,torneo actual,usa Poisson base con estadisticas de goles del torneo,riesgo propio del resultado final y variacion del modelo,https://www.betano.pe/cuotas-de-partido/sporting-cristal-adc-juan-pablo-ii-college/89276721/
2026-08-02,11:00,Sporting Cristal vs Juan Pablo II College,10Bet,Betano,1T +0.5,FIRST_HALF_TOTALS OVER.0.5,FIRST_HALF_TOTALS:OVER_0_5,63.2%,0.632100,3.10,0.96,0.959600,1.26,-0.20,-0.203600,EV positivo,EV negativo Betano,Media,contexto premium torneo actual,usa promedios del contexto premium/API-Football,el primer tiempo puede tener ritmo bajo o rotaciones,https://www.betano.pe/cuotas-de-partido/sporting-cristal-adc-juan-pablo-ii-college/89276721/
2026-08-02,11:00,Sporting Cristal vs Juan Pablo II College,,Betano,Local goles +1.5,TEAM_TOTAL_HOME OVER.1.5,TEAM_TOTAL_HOME:OVER_1_5,60.6%,0.606100,,,,1.31,-0.21,-0.206000,Sin cuota/EV,EV negativo Betano,Media,torneo actual,usa Poisson base con estadisticas de goles del torneo,un gol temprano o baja eficacia puede cambiar la lectura del mercado,https://www.betano.pe/cuotas-de-partido/sporting-cristal-adc-juan-pablo-ii-college/89276721/
2026-08-02,11:00,Sporting Cristal vs Juan Pablo II College,,Betano,SHOTS_ON_TARGET_TOTAL OVER.9.5,SHOTS_ON_TARGET_TOTAL OVER.9.5,SHOTS_ON_TARGET_TOTAL:OVER_9_5,59.1%,0.591000,,,,,,,Sin cuota/EV,No encontrado en Betano,Media,contexto premium torneo actual,usa promedios del contexto premium/API-Football,el volumen ofensivo puede variar por planteamiento y marcador temprano,https://www.betano.pe/cuotas-de-partido/sporting-cristal-adc-juan-pablo-ii-college/89276721/
2026-08-02,11:00,Sporting Cristal vs Juan Pablo II College,,Betano,Corners total +8.5,CORNERS_TOTALS OVER.8.5,CORNERS_TOTALS:OVER_8_5,57.0%,0.570400,,,,,,,Sin cuota/EV,No encontrado en Betano,Media,contexto premium torneo actual,usa promedios del contexto premium/API-Football,el volumen ofensivo puede variar por planteamiento y marcador temprano,https://www.betano.pe/cuotas-de-partido/sporting-cristal-adc-juan-pablo-ii-college/89276721/
2026-08-02,11:00,Sporting Cristal vs Juan Pablo II College,,Betano,Local tarjetas -2.5,CARDS_HOME UNDER.2.5,CARDS_HOME:UNDER_2_5,57.0%,0.569700,,,,,,,Sin cuota/EV,No encontrado en Betano,Media,contexto premium torneo actual,usa promedios del contexto premium/API-Football,depende mucho del arbitro y del contexto competitivo,https://www.betano.pe/cuotas-de-partido/sporting-cristal-adc-juan-pablo-ii-college/89276721/
2026-08-02,11:00,Sporting Cristal vs Juan Pablo II College,10Bet,Betano,Corners total -9.5,CORNERS_TOTALS UNDER.9.5,CORNERS_TOTALS:UNDER_9_5,56.1%,0.561100,1.95,0.09,0.094100,2.10,0.18,0.178300,EV positivo,EV positivo Betano,Media,contexto premium torneo actual,usa promedios del contexto premium/API-Football,el volumen ofensivo puede variar por planteamiento y marcador temprano,https://www.betano.pe/cuotas-de-partido/sporting-cristal-adc-juan-pablo-ii-college/89276721/
2026-08-02,11:00,Sporting Cristal vs Juan Pablo II College,,Betano,Visita goles -1.5,TEAM_TOTAL_AWAY UNDER.1.5,TEAM_TOTAL_AWAY:UNDER_1_5,54.9%,0.549200,,,,,,,Sin cuota/EV,No encontrado en Betano,Baja,torneo actual,usa Poisson base con estadisticas de goles del torneo,un gol temprano o baja eficacia puede cambiar la lectura del mercado,https://www.betano.pe/cuotas-de-partido/sporting-cristal-adc-juan-pablo-ii-college/89276721/
2026-08-02,11:00,Sporting Cristal vs Juan Pablo II College,,Betano,Visita corners -4.5,CORNERS_AWAY UNDER.4.5,CORNERS_AWAY:UNDER_4_5,53.2%,0.532100,,,,,,,Sin cuota/EV,No encontrado en Betano,Baja,contexto premium torneo actual,usa promedios del contexto premium/API-Football,el volumen ofensivo puede variar por planteamiento y marcador temprano,https://www.betano.pe/cuotas-de-partido/sporting-cristal-adc-juan-pablo-ii-college/89276721/
2026-08-02,11:00,Sporting Cristal vs Juan Pablo II College,10Bet,Betano,Goles -3.5,TOTALS UNDER.3.5,TOTALS:UNDER_3_5,52.1%,0.521400,1.70,-0.11,-0.113700,1.65,-0.14,-0.139700,EV negativo,EV negativo Betano,Baja,torneo actual,usa Poisson base con estadisticas de goles del torneo,un gol temprano o baja eficacia puede cambiar la lectura del mercado,https://www.betano.pe/cuotas-de-partido/sporting-cristal-adc-juan-pablo-ii-college/89276721/
2026-08-02,11:00,Sporting Cristal vs Juan Pablo II College,,Betano,Tarjetas total -3.5,CARDS_TOTALS UNDER.3.5,CARDS_TOTALS:UNDER_3_5,51.5%,0.515200,,,,,,,Sin cuota/EV,No encontrado en Betano,Baja,contexto premium torneo actual,usa promedios del contexto premium/API-Football,depende mucho del arbitro y del contexto competitivo,https://www.betano.pe/cuotas-de-partido/sporting-cristal-adc-juan-pablo-ii-college/89276721/
2026-08-02,11:00,Sporting Cristal vs Juan Pablo II College,,Betano,Local corners +4.5,CORNERS_HOME OVER.4.5,CORNERS_HOME:OVER_4_5,50.5%,0.505400,,,,,,,Sin cuota/EV,No encontrado en Betano,Baja,contexto premium torneo actual,usa promedios del contexto premium/API-Football,el volumen ofensivo puede variar por planteamiento y marcador temprano,https://www.betano.pe/cuotas-de-partido/sporting-cristal-adc-juan-pablo-ii-college/89276721/
2026-08-02,11:00,Sporting Cristal vs Juan Pablo II College,,Betano,DOUBLE_CHANCE X2,DOUBLE_CHANCE X2,DOUBLE_CHANCE:X2,50.2%,0.502100,,,,,,,Sin cuota/EV,No encontrado en Betano,Baja,torneo actual,usa Poisson base con estadisticas de goles del torneo,riesgo propio del resultado final y variacion del modelo,https://www.betano.pe/cuotas-de-partido/sporting-cristal-adc-juan-pablo-ii-college/89276721/
2026-08-02,11:00,Sporting Cristal vs Juan Pablo II College,10Bet,Betano,Gana local,1X2 HOME,1X2:HOME,49.8%,0.497900,2.10,0.05,0.045600,1.27,-0.37,-0.367700,EV positivo,EV negativo Betano,Baja,torneo actual,usa Poisson base con estadisticas de goles del torneo,riesgo propio del resultado final y variacion del modelo,https://www.betano.pe/cuotas-de-partido/sporting-cristal-adc-juan-pablo-ii-college/89276721/
2026-08-02,11:00,Sporting Cristal vs Juan Pablo II College,,Betano,Local corners -4.5,CORNERS_HOME UNDER.4.5,CORNERS_HOME:UNDER_4_5,49.5%,0.494600,,,,,,,Sin cuota/EV,No encontrado en Betano,Baja,contexto premium torneo actual,usa promedios del contexto premium/API-Football,el volumen ofensivo puede variar por planteamiento y marcador temprano,https://www.betano.pe/cuotas-de-partido/sporting-cristal-adc-juan-pablo-ii-college/89276721/
2026-08-02,11:00,Sporting Cristal vs Juan Pablo II College,,Betano,Tarjetas total +3.5,CARDS_TOTALS OVER.3.5,CARDS_TOTALS:OVER_3_5,48.5%,0.484800,,,,,,,Sin cuota/EV,No encontrado en Betano,Baja,contexto premium torneo actual,usa promedios del contexto premium/API-Football,depende mucho del arbitro y del contexto competitivo,https://www.betano.pe/cuotas-de-partido/sporting-cristal-adc-juan-pablo-ii-college/89276721/
2026-08-02,11:00,Sporting Cristal vs Juan Pablo II College,10Bet,Betano,Goles +3.5,TOTALS OVER.3.5,TOTALS:OVER_3_5,47.9%,0.478600,2.10,0.01,0.005200,2.10,0.01,0.005100,EV negativo,EV positivo Betano,Baja,torneo actual,usa Poisson base con estadisticas de goles del torneo,un gol temprano o baja eficacia puede cambiar la lectura del mercado,https://www.betano.pe/cuotas-de-partido/sporting-cristal-adc-juan-pablo-ii-college/89276721/
2026-08-02,11:00,Sporting Cristal vs Juan Pablo II College,,Betano,Visita corners +4.5,CORNERS_AWAY OVER.4.5,CORNERS_AWAY:OVER_4_5,46.8%,0.467900,,,,,,,Sin cuota/EV,No encontrado en Betano,Baja,contexto premium torneo actual,usa promedios del contexto premium/API-Football,el volumen ofensivo puede variar por planteamiento y marcador temprano,https://www.betano.pe/cuotas-de-partido/sporting-cristal-adc-juan-pablo-ii-college/89276721/
2026-08-02,11:00,Sporting Cristal vs Juan Pablo II College,,Betano,Visita goles +1.5,TEAM_TOTAL_AWAY OVER.1.5,TEAM_TOTAL_AWAY:OVER_1_5,45.1%,0.450800,,,,,,,Sin cuota/EV,No encontrado en Betano,Baja,torneo actual,usa Poisson base con estadisticas de goles del torneo,un gol temprano o baja eficacia puede cambiar la lectura del mercado,https://www.betano.pe/cuotas-de-partido/sporting-cristal-adc-juan-pablo-ii-college/89276721/
2026-08-02,11:00,Sporting Cristal vs Juan Pablo II College,10Bet,Betano,Corners total +9.5,CORNERS_TOTALS OVER.9.5,CORNERS_TOTALS:OVER_9_5,43.9%,0.438900,1.75,-0.23,-0.231900,1.65,-0.28,-0.275800,EV negativo,EV negativo Betano,Baja,contexto premium torneo actual,usa promedios del contexto premium/API-Football,el volumen ofensivo puede variar por planteamiento y marcador temprano,https://www.betano.pe/cuotas-de-partido/sporting-cristal-adc-juan-pablo-ii-college/89276721/
2026-08-02,11:00,Sporting Cristal vs Juan Pablo II College,,Betano,Local tarjetas +2.5,CARDS_HOME OVER.2.5,CARDS_HOME:OVER_2_5,43.0%,0.430300,,,,,,,Sin cuota/EV,No encontrado en Betano,Baja,contexto premium torneo actual,usa promedios del contexto premium/API-Football,depende mucho del arbitro y del contexto competitivo,https://www.betano.pe/cuotas-de-partido/sporting-cristal-adc-juan-pablo-ii-college/89276721/
2026-08-02,11:00,Sporting Cristal vs Juan Pablo II College,,Betano,Corners total -8.5,CORNERS_TOTALS UNDER.8.5,CORNERS_TOTALS:UNDER_8_5,43.0%,0.429600,,,,,,,Sin cuota/EV,No encontrado en Betano,Baja,contexto premium torneo actual,usa promedios del contexto premium/API-Football,el volumen ofensivo puede variar por planteamiento y marcador temprano,https://www.betano.pe/cuotas-de-partido/sporting-cristal-adc-juan-pablo-ii-college/89276721/
2026-08-02,11:00,Sporting Cristal vs Juan Pablo II College,,Betano,SHOTS_ON_TARGET_TOTAL UNDER.9.5,SHOTS_ON_TARGET_TOTAL UNDER.9.5,SHOTS_ON_TARGET_TOTAL:UNDER_9_5,40.9%,0.409000,,,,,,,Sin cuota/EV,No encontrado en Betano,Baja,contexto premium torneo actual,usa promedios del contexto premium/API-Football,el volumen ofensivo puede variar por planteamiento y marcador temprano,https://www.betano.pe/cuotas-de-partido/sporting-cristal-adc-juan-pablo-ii-college/89276721/
2026-08-02,11:00,Sporting Cristal vs Juan Pablo II College,,Betano,Local goles -1.5,TEAM_TOTAL_HOME UNDER.1.5,TEAM_TOTAL_HOME:UNDER_1_5,39.4%,0.393900,,,,3.25,0.28,0.280200,Sin cuota/EV,EV positivo Betano,Baja,torneo actual,usa Poisson base con estadisticas de goles del torneo,un gol temprano o baja eficacia puede cambiar la lectura del mercado,https://www.betano.pe/cuotas-de-partido/sporting-cristal-adc-juan-pablo-ii-college/89276721/
2026-08-02,11:00,Sporting Cristal vs Juan Pablo II College,10Bet,Betano,1T -0.5,FIRST_HALF_TOTALS UNDER.0.5,FIRST_HALF_TOTALS:UNDER_0_5,36.8%,0.367900,1.33,-0.51,-0.510700,3.50,0.29,0.287600,EV negativo,EV positivo Betano,Baja,contexto premium torneo actual,usa promedios del contexto premium/API-Football,el primer tiempo puede tener ritmo bajo o rotaciones,https://www.betano.pe/cuotas-de-partido/sporting-cristal-adc-juan-pablo-ii-college/89276721/
2026-08-02,11:00,Sporting Cristal vs Juan Pablo II College,10Bet,Betano,DNB visita,DRAW_NO_BET AWAY,DRAW_NO_BET:AWAY,36.7%,0.367100,5.50,1.02,1.018800,,,,EV positivo,No encontrado en Betano,Baja,torneo actual,usa Poisson base con estadisticas de goles del torneo,riesgo propio del resultado final y variacion del modelo,https://www.betano.pe/cuotas-de-partido/sporting-cristal-adc-juan-pablo-ii-college/89276721/
2026-08-02,11:00,Sporting Cristal vs Juan Pablo II College,,Betano,SHOTS_TOTAL UNDER.26.5,SHOTS_TOTAL UNDER.26.5,SHOTS_TOTAL:UNDER_26_5,35.7%,0.357200,,,,,,,Sin cuota/EV,No encontrado en Betano,Baja,contexto premium torneo actual,usa promedios del contexto premium/API-Football,el volumen ofensivo puede variar por planteamiento y marcador temprano,https://www.betano.pe/cuotas-de-partido/sporting-cristal-adc-juan-pablo-ii-college/89276721/
2026-08-02,11:00,Sporting Cristal vs Juan Pablo II College,,Betano,Visita corners -3.5,CORNERS_AWAY UNDER.3.5,CORNERS_AWAY:UNDER_3_5,34.2%,0.342300,,,,,,,Sin cuota/EV,No encontrado en Betano,Baja,contexto premium torneo actual,usa promedios del contexto premium/API-Football,el volumen ofensivo puede variar por planteamiento y marcador temprano,https://www.betano.pe/cuotas-de-partido/sporting-cristal-adc-juan-pablo-ii-college/89276721/
2026-08-02,11:00,Sporting Cristal vs Juan Pablo II College,,Betano,Visita tarjetas +1.5,CARDS_AWAY OVER.1.5,CARDS_AWAY:OVER_1_5,33.7%,0.337400,,,,,,,Sin cuota/EV,No encontrado en Betano,Baja,contexto premium torneo actual,usa promedios del contexto premium/API-Football,depende mucho del arbitro y del contexto competitivo,https://www.betano.pe/cuotas-de-partido/sporting-cristal-adc-juan-pablo-ii-college/89276721/
2026-08-02,11:00,Sporting Cristal vs Juan Pablo II College,,Betano,Local goles +2.5,TEAM_TOTAL_HOME OVER.2.5,TEAM_TOTAL_HOME:OVER_2_5,33.6%,0.335600,,,,1.93,-0.35,-0.352300,Sin cuota/EV,EV negativo Betano,Baja,torneo actual,usa Poisson base con estadisticas de goles del torneo,un gol temprano o baja eficacia puede cambiar la lectura del mercado,https://www.betano.pe/cuotas-de-partido/sporting-cristal-adc-juan-pablo-ii-college/89276721/
2026-08-02,11:00,Sporting Cristal vs Juan Pablo II College,,Betano,Local corners +5.5,CORNERS_HOME OVER.5.5,CORNERS_HOME:OVER_5_5,33.2%,0.331600,,,,,,,Sin cuota/EV,No encontrado en Betano,Baja,contexto premium torneo actual,usa promedios del contexto premium/API-Football,el volumen ofensivo puede variar por planteamiento y marcador temprano,https://www.betano.pe/cuotas-de-partido/sporting-cristal-adc-juan-pablo-ii-college/89276721/
2026-08-02,11:00,Sporting Cristal vs Juan Pablo II College,10Bet,Betano,BTTS no,BTTS NO,BTTS:NO,31.9%,0.318700,1.20,-0.62,-0.617500,1.83,-0.42,-0.416800,EV negativo,EV negativo Betano,Baja,torneo actual,usa Poisson base con estadisticas de goles del torneo,un gol temprano o baja eficacia puede cambiar la lectura del mercado,https://www.betano.pe/cuotas-de-partido/sporting-cristal-adc-juan-pablo-ii-college/89276721/
2026-08-02,11:00,Sporting Cristal vs Juan Pablo II College,,Betano,Corners total +10.5,CORNERS_TOTALS OVER.10.5,CORNERS_TOTALS:OVER_10_5,31.8%,0.318000,,,,2.07,-0.34,-0.341700,Sin cuota/EV,EV negativo Betano,Baja,contexto premium torneo actual,usa promedios del contexto premium/API-Football,el volumen ofensivo puede variar por planteamiento y marcador temprano,https://www.betano.pe/cuotas-de-partido/sporting-cristal-adc-juan-pablo-ii-college/89276721/
2026-08-02,11:00,Sporting Cristal vs Juan Pablo II College,,Betano,Local corners -3.5,CORNERS_HOME UNDER.3.5,CORNERS_HOME:UNDER_3_5,31.0%,0.309700,,,,,,,Sin cuota/EV,No encontrado en Betano,Baja,contexto premium torneo actual,usa promedios del contexto premium/API-Football,el volumen ofensivo puede variar por planteamiento y marcador temprano,https://www.betano.pe/cuotas-de-partido/sporting-cristal-adc-juan-pablo-ii-college/89276721/
2026-08-02,11:00,Sporting Cristal vs Juan Pablo II College,,Betano,Local tarjetas -1.5,CARDS_HOME UNDER.1.5,CARDS_HOME:UNDER_1_5,30.8%,0.308400,,,,,,,Sin cuota/EV,No encontrado en Betano,Baja,contexto premium torneo actual,usa promedios del contexto premium/API-Football,depende mucho del arbitro y del contexto competitivo,https://www.betano.pe/cuotas-de-partido/sporting-cristal-adc-juan-pablo-ii-college/89276721/
2026-08-02,11:00,Sporting Cristal vs Juan Pablo II College,10Bet,Betano,Goles -2.5,TOTALS UNDER.2.5,TOTALS:UNDER_2_5,30.8%,0.307900,2.75,-0.15,-0.153200,2.55,-0.21,-0.214900,EV negativo,EV negativo Betano,Baja,torneo actual,usa Poisson base con estadisticas de goles del torneo,un gol temprano o baja eficacia puede cambiar la lectura del mercado,https://www.betano.pe/cuotas-de-partido/sporting-cristal-adc-juan-pablo-ii-college/89276721/
2026-08-02,11:00,Sporting Cristal vs Juan Pablo II College,,Betano,Tarjetas total -2.5,CARDS_TOTALS UNDER.2.5,CARDS_TOTALS:UNDER_2_5,30.3%,0.302700,,,,,,,Sin cuota/EV,No encontrado en Betano,Baja,contexto premium torneo actual,usa promedios del contexto premium/API-Football,depende mucho del arbitro y del contexto competitivo,https://www.betano.pe/cuotas-de-partido/sporting-cristal-adc-juan-pablo-ii-college/89276721/
2026-08-02,11:00,Sporting Cristal vs Juan Pablo II College,,Betano,Visita tarjetas -0.5,CARDS_AWAY UNDER.0.5,CARDS_AWAY:UNDER_0_5,30.1%,0.301200,,,,,,,Sin cuota/EV,No encontrado en Betano,Baja,contexto premium torneo actual,usa promedios del contexto premium/API-Football,depende mucho del arbitro y del contexto competitivo,https://www.betano.pe/cuotas-de-partido/sporting-cristal-adc-juan-pablo-ii-college/89276721/
2026-08-02,11:00,Sporting Cristal vs Juan Pablo II College,,Betano,Corners total -7.5,CORNERS_TOTALS UNDER.7.5,CORNERS_TOTALS:UNDER_7_5,30.1%,0.301000,,,,,,,Sin cuota/EV,No encontrado en Betano,Baja,contexto premium torneo actual,usa promedios del contexto premium/API-Football,el volumen ofensivo puede variar por planteamiento y marcador temprano,https://www.betano.pe/cuotas-de-partido/sporting-cristal-adc-juan-pablo-ii-college/89276721/
2026-08-02,11:00,Sporting Cristal vs Juan Pablo II College,,Betano,Visita corners +5.5,CORNERS_AWAY OVER.5.5,CORNERS_AWAY:OVER_5_5,29.7%,0.297100,,,,,,,Sin cuota/EV,No encontrado en Betano,Baja,contexto premium torneo actual,usa promedios del contexto premium/API-Football,el volumen ofensivo puede variar por planteamiento y marcador temprano,https://www.betano.pe/cuotas-de-partido/sporting-cristal-adc-juan-pablo-ii-college/89276721/
2026-08-02,11:00,Sporting Cristal vs Juan Pablo II College,,Betano,Tarjetas total +4.5,CARDS_TOTALS OVER.4.5,CARDS_TOTALS:OVER_4_5,29.4%,0.293600,,,,,,,Sin cuota/EV,No encontrado en Betano,Baja,contexto premium torneo actual,usa promedios del contexto premium/API-Football,depende mucho del arbitro y del contexto competitivo,https://www.betano.pe/cuotas-de-partido/sporting-cristal-adc-juan-pablo-ii-college/89276721/
2026-08-02,11:00,Sporting Cristal vs Juan Pablo II College,,Betano,SHOTS_ON_TARGET_TOTAL UNDER.8.5,SHOTS_ON_TARGET_TOTAL UNDER.8.5,SHOTS_ON_TARGET_TOTAL:UNDER_8_5,29.0%,0.289600,,,,,,,Sin cuota/EV,No encontrado en Betano,Baja,contexto premium torneo actual,usa promedios del contexto premium/API-Football,el volumen ofensivo puede variar por planteamiento y marcador temprano,https://www.betano.pe/cuotas-de-partido/sporting-cristal-adc-juan-pablo-ii-college/89276721/
2026-08-02,11:00,Sporting Cristal vs Juan Pablo II College,10Bet,Betano,Gana visita,1X2 AWAY,1X2:AWAY,28.9%,0.288700,8.50,1.45,1.454200,10.00,1.89,1.887000,EV positivo,EV positivo Betano,Baja,torneo actual,usa Poisson base con estadisticas de goles del torneo,riesgo propio del resultado final y variacion del modelo,https://www.betano.pe/cuotas-de-partido/sporting-cristal-adc-juan-pablo-ii-college/89276721/
2026-08-02,11:00,Sporting Cristal vs Juan Pablo II College,10Bet,Betano,1T +1.5,FIRST_HALF_TOTALS OVER.1.5,FIRST_HALF_TOTALS:OVER_1_5,26.4%,0.264200,12.00,2.17,2.170900,2.15,-0.43,-0.432000,EV positivo,EV negativo Betano,Baja,contexto premium torneo actual,usa promedios del contexto premium/API-Football,el primer tiempo puede tener ritmo bajo o rotaciones,https://www.betano.pe/cuotas-de-partido/sporting-cristal-adc-juan-pablo-ii-college/89276721/
2026-08-02,11:00,Sporting Cristal vs Juan Pablo II College,,Betano,SHOTS_TOTAL UNDER.24.5,SHOTS_TOTAL UNDER.24.5,SHOTS_TOTAL:UNDER_24_5,22.5%,0.225400,,,,,,,Sin cuota/EV,No encontrado en Betano,Baja,contexto premium torneo actual,usa promedios del contexto premium/API-Football,el volumen ofensivo puede variar por planteamiento y marcador temprano,https://www.betano.pe/cuotas-de-partido/sporting-cristal-adc-juan-pablo-ii-college/89276721/
2026-08-02,11:00,Sporting Cristal vs Juan Pablo II College,,Betano,Local tarjetas +3.5,CARDS_HOME OVER.3.5,CARDS_HOME:OVER_3_5,22.1%,0.221300,,,,,,,Sin cuota/EV,No encontrado en Betano,Baja,contexto premium torneo actual,usa promedios del contexto premium/API-Football,depende mucho del arbitro y del contexto competitivo,https://www.betano.pe/cuotas-de-partido/sporting-cristal-adc-juan-pablo-ii-college/89276721/
2026-08-02,11:00,Sporting Cristal vs Juan Pablo II College,,Betano,Visita goles -0.5,TEAM_TOTAL_AWAY UNDER.0.5,TEAM_TOTAL_AWAY:UNDER_0_5,21.8%,0.217600,,,,,,,Sin cuota/EV,No encontrado en Betano,Baja,torneo actual,usa Poisson base con estadisticas de goles del torneo,un gol temprano o baja eficacia puede cambiar la lectura del mercado,https://www.betano.pe/cuotas-de-partido/sporting-cristal-adc-juan-pablo-ii-college/89276721/
2026-08-02,11:00,Sporting Cristal vs Juan Pablo II College,,Betano,Corners total +11.5,CORNERS_TOTALS OVER.11.5,CORNERS_TOTALS:OVER_11_5,21.7%,0.216800,,,,2.72,-0.41,-0.410300,Sin cuota/EV,EV negativo Betano,Baja,contexto premium torneo actual,usa promedios del contexto premium/API-Football,el volumen ofensivo puede variar por planteamiento y marcador temprano,https://www.betano.pe/cuotas-de-partido/sporting-cristal-adc-juan-pablo-ii-college/89276721/
2026-08-02,11:00,Sporting Cristal vs Juan Pablo II College,10Bet,Betano,Empate,1X2 DRAW,1X2:DRAW,21.3%,0.213400,2.05,-0.56,-0.562600,5.80,0.24,0.237700,EV negativo,EV positivo Betano,Baja,torneo actual,usa Poisson base con estadisticas de goles del torneo,riesgo propio del resultado final y variacion del modelo,https://www.betano.pe/cuotas-de-partido/sporting-cristal-adc-juan-pablo-ii-college/89276721/
2026-08-02,11:00,Sporting Cristal vs Juan Pablo II College,,Betano,Visita goles +2.5,TEAM_TOTAL_AWAY OVER.2.5,TEAM_TOTAL_AWAY:OVER_2_5,19.8%,0.197700,,,,,,,Sin cuota/EV,No encontrado en Betano,Baja,torneo actual,usa Poisson base con estadisticas de goles del torneo,un gol temprano o baja eficacia puede cambiar la lectura del mercado,https://www.betano.pe/cuotas-de-partido/sporting-cristal-adc-juan-pablo-ii-college/89276721/
2026-08-02,11:00,Sporting Cristal vs Juan Pablo II College,,Betano,Local corners +6.5,CORNERS_HOME OVER.6.5,CORNERS_HOME:OVER_6_5,19.5%,0.195400,,,,,,,Sin cuota/EV,No encontrado en Betano,Baja,contexto premium torneo actual,usa promedios del contexto premium/API-Football,el volumen ofensivo puede variar por planteamiento y marcador temprano,https://www.betano.pe/cuotas-de-partido/sporting-cristal-adc-juan-pablo-ii-college/89276721/
2026-08-02,11:00,Sporting Cristal vs Juan Pablo II College,,Betano,SHOTS_ON_TARGET_TOTAL UNDER.7.5,SHOTS_ON_TARGET_TOTAL UNDER.7.5,SHOTS_ON_TARGET_TOTAL:UNDER_7_5,18.6%,0.186300,,,,,,,Sin cuota/EV,No encontrado en Betano,Baja,contexto premium torneo actual,usa promedios del contexto premium/API-Football,el volumen ofensivo puede variar por planteamiento y marcador temprano,https://www.betano.pe/cuotas-de-partido/sporting-cristal-adc-juan-pablo-ii-college/89276721/
2026-08-02,11:00,Sporting Cristal vs Juan Pablo II College,,Betano,Visita corners +6.5,CORNERS_AWAY OVER.6.5,CORNERS_AWAY:OVER_6_5,16.9%,0.168900,,,,,,,Sin cuota/EV,No encontrado en Betano,Baja,contexto premium torneo actual,usa promedios del contexto premium/API-Football,el volumen ofensivo puede variar por planteamiento y marcador temprano,https://www.betano.pe/cuotas-de-partido/sporting-cristal-adc-juan-pablo-ii-college/89276721/
2026-08-02,11:00,Sporting Cristal vs Juan Pablo II College,,Betano,Tarjetas total +5.5,CARDS_TOTALS OVER.5.5,CARDS_TOTALS:OVER_5_5,15.6%,0.155900,,,,2.02,-0.69,-0.685100,Sin cuota/EV,EV negativo Betano,Baja,contexto premium torneo actual,usa promedios del contexto premium/API-Football,depende mucho del arbitro y del contexto competitivo,https://www.betano.pe/cuotas-de-partido/sporting-cristal-adc-juan-pablo-ii-college/89276721/
2026-08-02,11:00,Sporting Cristal vs Juan Pablo II College,,Betano,Local goles -0.5,TEAM_TOTAL_HOME UNDER.0.5,TEAM_TOTAL_HOME:UNDER_0_5,13.0%,0.129500,,,,,,,Sin cuota/EV,No encontrado en Betano,Baja,torneo actual,usa Poisson base con estadisticas de goles del torneo,un gol temprano o baja eficacia puede cambiar la lectura del mercado,https://www.betano.pe/cuotas-de-partido/sporting-cristal-adc-juan-pablo-ii-college/89276721/
2026-08-02,11:00,Sporting Cristal vs Juan Pablo II College,10Bet,Betano,Goles -1.5,TOTALS UNDER.1.5,TOTALS:UNDER_1_5,12.9%,0.128700,5.75,-0.26,-0.259900,,,,EV negativo,No encontrado en Betano,Baja,torneo actual,usa Poisson base con estadisticas de goles del torneo,un gol temprano o baja eficacia puede cambiar la lectura del mercado,https://www.betano.pe/cuotas-de-partido/sporting-cristal-adc-juan-pablo-ii-college/89276721/
2026-08-02,11:00,Sporting Cristal vs Juan Pablo II College,,Betano,SHOTS_TOTAL UNDER.22.5,SHOTS_TOTAL UNDER.22.5,SHOTS_TOTAL:UNDER_22_5,12.4%,0.124500,,,,,,,Sin cuota/EV,No encontrado en Betano,Baja,contexto premium torneo actual,usa promedios del contexto premium/API-Football,el volumen ofensivo puede variar por planteamiento y marcador temprano,https://www.betano.pe/cuotas-de-partido/sporting-cristal-adc-juan-pablo-ii-college/89276721/
2026-08-02,11:00,Sporting Cristal vs Juan Pablo II College,,Betano,Visita tarjetas +2.5,CARDS_AWAY OVER.2.5,CARDS_AWAY:OVER_2_5,12.0%,0.120500,,,,,,,Sin cuota/EV,No encontrado en Betano,Baja,contexto premium torneo actual,usa promedios del contexto premium/API-Football,depende mucho del arbitro y del contexto competitivo,https://www.betano.pe/cuotas-de-partido/sporting-cristal-adc-juan-pablo-ii-college/89276721/
2026-08-02,11:00,Sporting Cristal vs Juan Pablo II College,,Betano,SHOTS_ON_TARGET_TOTAL UNDER.6.5,SHOTS_ON_TARGET_TOTAL UNDER.6.5,SHOTS_ON_TARGET_TOTAL:UNDER_6_5,10.7%,0.106900,,,,,,,Sin cuota/EV,No encontrado en Betano,Baja,contexto premium torneo actual,usa promedios del contexto premium/API-Football,el volumen ofensivo puede variar por planteamiento y marcador temprano,https://www.betano.pe/cuotas-de-partido/sporting-cristal-adc-juan-pablo-ii-college/89276721/
2026-08-02,11:00,Sporting Cristal vs Juan Pablo II College,,Betano,Local tarjetas -0.5,CARDS_HOME UNDER.0.5,CARDS_HOME:UNDER_0_5,9.1%,0.090700,,,,,,,Sin cuota/EV,No encontrado en Betano,Baja,contexto premium torneo actual,usa promedios del contexto premium/API-Football,depende mucho del arbitro y del contexto competitivo,https://www.betano.pe/cuotas-de-partido/sporting-cristal-adc-juan-pablo-ii-college/89276721/
2026-08-02,11:00,Sporting Cristal vs Juan Pablo II College,,Betano,Tarjetas total +6.5,CARDS_TOTALS OVER.6.5,CARDS_TOTALS:OVER_6_5,7.3%,0.073300,,,,,,,Sin cuota/EV,No encontrado en Betano,Baja,contexto premium torneo actual,usa promedios del contexto premium/API-Football,depende mucho del arbitro y del contexto competitivo,https://www.betano.pe/cuotas-de-partido/sporting-cristal-adc-juan-pablo-ii-college/89276721/
2026-08-02,11:00,Sporting Cristal vs Juan Pablo II College,,Betano,SHOTS_TOTAL UNDER.20.5,SHOTS_TOTAL UNDER.20.5,SHOTS_TOTAL:UNDER_20_5,5.9%,0.059000,,,,,,,Sin cuota/EV,No encontrado en Betano,Baja,contexto premium torneo actual,usa promedios del contexto premium/API-Football,el volumen ofensivo puede variar por planteamiento y marcador temprano,https://www.betano.pe/cuotas-de-partido/sporting-cristal-adc-juan-pablo-ii-college/89276721/
2026-08-02,11:00,Sporting Cristal vs Juan Pablo II College,,Betano,Visita tarjetas +3.5,CARDS_AWAY OVER.3.5,CARDS_AWAY:OVER_3_5,3.4%,0.033800,,,,,,,Sin cuota/EV,No encontrado en Betano,Baja,contexto premium torneo actual,usa promedios del contexto premium/API-Football,depende mucho del arbitro y del contexto competitivo,https://www.betano.pe/cuotas-de-partido/sporting-cristal-adc-juan-pablo-ii-college/89276721/
2026-08-02,11:00,Sporting Cristal vs Juan Pablo II College,,Betano,SHOTS_TOTAL UNDER.18.5,SHOTS_TOTAL UNDER.18.5,SHOTS_TOTAL:UNDER_18_5,2.4%,0.023500,,,,,,,Sin cuota/EV,No encontrado en Betano,Baja,contexto premium torneo actual,usa promedios del contexto premium/API-Football,el volumen ofensivo puede variar por planteamiento y marcador temprano,https://www.betano.pe/cuotas-de-partido/sporting-cristal-adc-juan-pablo-ii-college/89276721/
2026-08-02,12:30,Aldosivi vs Gimnasia L.P.,,,Visita tarjetas +0.5,CARDS_AWAY OVER.0.5,CARDS_AWAY:OVER_0_5,95.9%,0.959200,,,,,,,Sin cuota/EV,No encontrado en Betano,Alta,contexto premium torneo actual,usa promedios del contexto premium/API-Football,depende mucho del arbitro y del contexto competitivo,
2026-08-02,12:30,Aldosivi vs Gimnasia L.P.,,,SHOTS_TOTAL OVER.18.5,SHOTS_TOTAL OVER.18.5,SHOTS_TOTAL:OVER_18_5,95.9%,0.958800,,,,,,,Sin cuota/EV,No encontrado en Betano,Alta,contexto premium torneo actual,usa promedios del contexto premium/API-Football,el volumen ofensivo puede variar por planteamiento y marcador temprano,
2026-08-02,12:30,Aldosivi vs Gimnasia L.P.,,,Local goles -2.5,TEAM_TOTAL_HOME UNDER.2.5,TEAM_TOTAL_HOME:UNDER_2_5,94.8%,0.948000,,,,,,,Sin cuota/EV,No encontrado en Betano,Alta,torneo actual,usa Poisson base con estadisticas de goles del torneo,un gol temprano o baja eficacia puede cambiar la lectura del mercado,
2026-08-02,12:30,Aldosivi vs Gimnasia L.P.,,,Tarjetas total +2.5,CARDS_TOTALS OVER.2.5,CARDS_TOTALS:OVER_2_5,90.5%,0.905200,,,,,,,Sin cuota/EV,No encontrado en Betano,Alta,contexto premium torneo actual,usa promedios del contexto premium/API-Football,depende mucho del arbitro y del contexto competitivo,
2026-08-02,12:30,Aldosivi vs Gimnasia L.P.,,,SHOTS_TOTAL OVER.20.5,SHOTS_TOTAL OVER.20.5,SHOTS_TOTAL:OVER_20_5,90.5%,0.904900,,,,,,,Sin cuota/EV,No encontrado en Betano,Alta,contexto premium torneo actual,usa promedios del contexto premium/API-Football,el volumen ofensivo puede variar por planteamiento y marcador temprano,
2026-08-02,12:30,Aldosivi vs Gimnasia L.P.,,,Visita goles -2.5,TEAM_TOTAL_AWAY UNDER.2.5,TEAM_TOTAL_AWAY:UNDER_2_5,89.4%,0.893600,,,,,,,Sin cuota/EV,No encontrado en Betano,Alta,torneo actual,usa Poisson base con estadisticas de goles del torneo,un gol temprano o baja eficacia puede cambiar la lectura del mercado,
2026-08-02,12:30,Aldosivi vs Gimnasia L.P.,,,Local tarjetas +0.5,CARDS_HOME OVER.0.5,CARDS_HOME:OVER_0_5,88.9%,0.889200,,,,,,,Sin cuota/EV,No encontrado en Betano,Alta,contexto premium torneo actual,usa promedios del contexto premium/API-Football,depende mucho del arbitro y del contexto competitivo,
2026-08-02,12:30,Aldosivi vs Gimnasia L.P.,,,Local corners +3.5,CORNERS_HOME OVER.3.5,CORNERS_HOME:OVER_3_5,88.1%,0.881100,,,,,,,Sin cuota/EV,No encontrado en Betano,Alta,contexto premium torneo actual,usa promedios del contexto premium/API-Football,el volumen ofensivo puede variar por planteamiento y marcador temprano,
2026-08-02,12:30,Aldosivi vs Gimnasia L.P.,,,Visita corners -6.5,CORNERS_AWAY UNDER.6.5,CORNERS_AWAY:UNDER_6_5,87.9%,0.878600,,,,,,,Sin cuota/EV,No encontrado en Betano,Alta,contexto premium torneo actual,usa promedios del contexto premium/API-Football,el volumen ofensivo puede variar por planteamiento y marcador temprano,
2026-08-02,12:30,Aldosivi vs Gimnasia L.P.,10Bet,,Goles -3.5,TOTALS UNDER.3.5,TOTALS:UNDER_3_5,86.4%,0.863500,1.12,-0.03,-0.032900,,,,EV negativo,No encontrado en Betano,Alta,torneo actual,usa Poisson base con estadisticas de goles del torneo,un gol temprano o baja eficacia puede cambiar la lectura del mercado,
2026-08-02,12:30,Aldosivi vs Gimnasia L.P.,,,Visita tarjetas +1.5,CARDS_AWAY OVER.1.5,CARDS_AWAY:OVER_1_5,82.9%,0.828800,,,,,,,Sin cuota/EV,No encontrado en Betano,Alta,contexto premium torneo actual,usa promedios del contexto premium/API-Football,depende mucho del arbitro y del contexto competitivo,
2026-08-02,12:30,Aldosivi vs Gimnasia L.P.,,,Corners total +7.5,CORNERS_TOTALS OVER.7.5,CORNERS_TOTALS:OVER_7_5,82.2%,0.821500,,,,,,,Sin cuota/EV,No encontrado en Betano,Alta,contexto premium torneo actual,usa promedios del contexto premium/API-Football,el volumen ofensivo puede variar por planteamiento y marcador temprano,
2026-08-02,12:30,Aldosivi vs Gimnasia L.P.,,,Local tarjetas -3.5,CARDS_HOME UNDER.3.5,CARDS_HOME:UNDER_3_5,81.9%,0.819400,,,,,,,Sin cuota/EV,No encontrado en Betano,Alta,contexto premium torneo actual,usa promedios del contexto premium/API-Football,depende mucho del arbitro y del contexto competitivo,
2026-08-02,12:30,Aldosivi vs Gimnasia L.P.,,,SHOTS_TOTAL OVER.22.5,SHOTS_TOTAL OVER.22.5,SHOTS_TOTAL:OVER_22_5,81.5%,0.814900,,,,,,,Sin cuota/EV,No encontrado en Betano,Alta,contexto premium torneo actual,usa promedios del contexto premium/API-Football,el volumen ofensivo puede variar por planteamiento y marcador temprano,
2026-08-02,12:30,Aldosivi vs Gimnasia L.P.,,,Local goles -1.5,TEAM_TOTAL_HOME UNDER.1.5,TEAM_TOTAL_HOME:UNDER_1_5,79.8%,0.797600,,,,,,,Sin cuota/EV,No encontrado en Betano,Alta,torneo actual,usa Poisson base con estadisticas de goles del torneo,un gol temprano o baja eficacia puede cambiar la lectura del mercado,
2026-08-02,12:30,Aldosivi vs Gimnasia L.P.,,,Tarjetas total +3.5,CARDS_TOTALS OVER.3.5,CARDS_TOTALS:OVER_3_5,78.7%,0.786700,,,,,,,Sin cuota/EV,No encontrado en Betano,Alta,contexto premium torneo actual,usa promedios del contexto premium/API-Football,depende mucho del arbitro y del contexto competitivo,
2026-08-02,12:30,Aldosivi vs Gimnasia L.P.,,,Visita corners -5.5,CORNERS_AWAY UNDER.5.5,CORNERS_AWAY:UNDER_5_5,76.9%,0.769300,,,,,,,Sin cuota/EV,No encontrado en Betano,Alta,contexto premium torneo actual,usa promedios del contexto premium/API-Football,el volumen ofensivo puede variar por planteamiento y marcador temprano,
2026-08-02,12:30,Aldosivi vs Gimnasia L.P.,10Bet,,Local corners +4.5,CORNERS_HOME OVER.4.5,CORNERS_HOME:OVER_4_5,76.5%,0.764900,1.77,0.35,0.353900,,,,EV positivo,No encontrado en Betano,Alta,contexto premium torneo actual,usa promedios del contexto premium/API-Football,el volumen ofensivo puede variar por planteamiento y marcador temprano,
2026-08-02,12:30,Aldosivi vs Gimnasia L.P.,,,SHOTS_ON_TARGET_TOTAL OVER.6.5,SHOTS_ON_TARGET_TOTAL OVER.6.5,SHOTS_ON_TARGET_TOTAL:OVER_6_5,74.4%,0.743800,,,,,,,Sin cuota/EV,No encontrado en Betano,Alta,contexto premium torneo actual,usa promedios del contexto premium/API-Football,el volumen ofensivo puede variar por planteamiento y marcador temprano,
2026-08-02,12:30,Aldosivi vs Gimnasia L.P.,,,DOUBLE_CHANCE X2,DOUBLE_CHANCE X2,DOUBLE_CHANCE:X2,73.3%,0.732800,,,,,,,Sin cuota/EV,No encontrado en Betano,Alta,torneo actual,usa Poisson base con estadisticas de goles del torneo,riesgo propio del resultado final y variacion del modelo,
2026-08-02,12:30,Aldosivi vs Gimnasia L.P.,10Bet,,Corners total +8.5,CORNERS_TOTALS OVER.8.5,CORNERS_TOTALS:OVER_8_5,72.1%,0.720600,1.70,0.23,0.225000,,,,EV positivo,No encontrado en Betano,Alta,contexto premium torneo actual,usa promedios del contexto premium/API-Football,el volumen ofensivo puede variar por planteamiento y marcador temprano,
2026-08-02,12:30,Aldosivi vs Gimnasia L.P.,,,Tarjetas total -6.5,CARDS_TOTALS UNDER.6.5,CARDS_TOTALS:UNDER_6_5,70.2%,0.701700,,,,,,,Sin cuota/EV,No encontrado en Betano,Alta,contexto premium torneo actual,usa promedios del contexto premium/API-Football,depende mucho del arbitro y del contexto competitivo,
2026-08-02,12:30,Aldosivi vs Gimnasia L.P.,10Bet,,1T +0.5,FIRST_HALF_TOTALS OVER.0.5,FIRST_HALF_TOTALS:OVER_0_5,69.9%,0.698800,2.40,0.68,0.677100,,,,EV positivo,No encontrado en Betano,Media,contexto premium torneo actual,usa promedios del contexto premium/API-Football,el primer tiempo puede tener ritmo bajo o rotaciones,
2026-08-02,12:30,Aldosivi vs Gimnasia L.P.,,,DOUBLE_CHANCE 12,DOUBLE_CHANCE 12,DOUBLE_CHANCE:12,69.3%,0.693100,,,,,,,Sin cuota/EV,No encontrado en Betano,Media,torneo actual,usa Poisson base con estadisticas de goles del torneo,riesgo propio del resultado final y variacion del modelo,
2026-08-02,12:30,Aldosivi vs Gimnasia L.P.,,,SHOTS_TOTAL OVER.24.5,SHOTS_TOTAL OVER.24.5,SHOTS_TOTAL:OVER_24_5,68.9%,0.689300,,,,,,,Sin cuota/EV,No encontrado en Betano,Media,contexto premium torneo actual,usa promedios del contexto premium/API-Football,el volumen ofensivo puede variar por planteamiento y marcador temprano,
2026-08-02,12:30,Aldosivi vs Gimnasia L.P.,,,Visita goles -1.5,TEAM_TOTAL_AWAY UNDER.1.5,TEAM_TOTAL_AWAY:UNDER_1_5,68.7%,0.686800,,,,,,,Sin cuota/EV,No encontrado en Betano,Media,torneo actual,usa Poisson base con estadisticas de goles del torneo,un gol temprano o baja eficacia puede cambiar la lectura del mercado,
2026-08-02,12:30,Aldosivi vs Gimnasia L.P.,10Bet,,Goles -2.5,TOTALS UNDER.2.5,TOTALS:UNDER_2_5,68.6%,0.686300,1.07,-0.27,-0.265600,,,,EV negativo,No encontrado en Betano,Media,torneo actual,usa Poisson base con estadisticas de goles del torneo,un gol temprano o baja eficacia puede cambiar la lectura del mercado,
2026-08-02,12:30,Aldosivi vs Gimnasia L.P.,,,Visita goles +0.5,TEAM_TOTAL_AWAY OVER.0.5,TEAM_TOTAL_AWAY:OVER_0_5,67.8%,0.678000,,,,,,,Sin cuota/EV,No encontrado en Betano,Media,torneo actual,usa Poisson base con estadisticas de goles del torneo,un gol temprano o baja eficacia puede cambiar la lectura del mercado,
2026-08-02,12:30,Aldosivi vs Gimnasia L.P.,10Bet,,1T -1.5,FIRST_HALF_TOTALS UNDER.1.5,FIRST_HALF_TOTALS:UNDER_1_5,66.3%,0.662600,1.22,-0.19,-0.191600,,,,EV negativo,No encontrado en Betano,Media,contexto premium torneo actual,usa promedios del contexto premium/API-Football,el primer tiempo puede tener ritmo bajo o rotaciones,
2026-08-02,12:30,Aldosivi vs Gimnasia L.P.,,,SHOTS_ON_TARGET_TOTAL UNDER.9.5,SHOTS_ON_TARGET_TOTAL UNDER.9.5,SHOTS_ON_TARGET_TOTAL:UNDER_9_5,65.3%,0.653000,,,,,,,Sin cuota/EV,No encontrado en Betano,Media,contexto premium torneo actual,usa promedios del contexto premium/API-Football,el volumen ofensivo puede variar por planteamiento y marcador temprano,
2026-08-02,12:30,Aldosivi vs Gimnasia L.P.,,,Local tarjetas +1.5,CARDS_HOME OVER.1.5,CARDS_HOME:OVER_1_5,64.5%,0.645400,,,,,,,Sin cuota/EV,No encontrado en Betano,Media,contexto premium torneo actual,usa promedios del contexto premium/API-Football,depende mucho del arbitro y del contexto competitivo,
2026-08-02,12:30,Aldosivi vs Gimnasia L.P.,,,Corners total -11.5,CORNERS_TOTALS UNDER.11.5,CORNERS_TOTALS:UNDER_11_5,63.9%,0.638700,,,,,,,Sin cuota/EV,No encontrado en Betano,Media,contexto premium torneo actual,usa promedios del contexto premium/API-Football,el volumen ofensivo puede variar por planteamiento y marcador temprano,
2026-08-02,12:30,Aldosivi vs Gimnasia L.P.,,,Tarjetas total +4.5,CARDS_TOTALS OVER.4.5,CARDS_TOTALS:OVER_4_5,62.7%,0.626700,,,,,,,Sin cuota/EV,No encontrado en Betano,Media,contexto premium torneo actual,usa promedios del contexto premium/API-Football,depende mucho del arbitro y del contexto competitivo,
2026-08-02,12:30,Aldosivi vs Gimnasia L.P.,,,Local tarjetas -2.5,CARDS_HOME UNDER.2.5,CARDS_HOME:UNDER_2_5,62.3%,0.622700,,,,,,,Sin cuota/EV,No encontrado en Betano,Media,contexto premium torneo actual,usa promedios del contexto premium/API-Football,depende mucho del arbitro y del contexto competitivo,
2026-08-02,12:30,Aldosivi vs Gimnasia L.P.,,,Visita tarjetas +2.5,CARDS_AWAY OVER.2.5,CARDS_AWAY:OVER_2_5,62.0%,0.620100,,,,,,,Sin cuota/EV,No encontrado en Betano,Media,contexto premium torneo actual,usa promedios del contexto premium/API-Football,depende mucho del arbitro y del contexto competitivo,
2026-08-02,12:30,Aldosivi vs Gimnasia L.P.,10Bet,,BTTS no,BTTS NO,BTTS:NO,61.7%,0.617300,1.11,-0.31,-0.314800,,,,EV negativo,No encontrado en Betano,Media,torneo actual,usa Poisson base con estadisticas de goles del torneo,un gol temprano o baja eficacia puede cambiar la lectura del mercado,
2026-08-02,12:30,Aldosivi vs Gimnasia L.P.,,,Local corners +5.5,CORNERS_HOME OVER.5.5,CORNERS_HOME:OVER_5_5,61.6%,0.616300,,,,,,,Sin cuota/EV,No encontrado en Betano,Media,contexto premium torneo actual,usa promedios del contexto premium/API-Football,el volumen ofensivo puede variar por planteamiento y marcador temprano,
2026-08-02,12:30,Aldosivi vs Gimnasia L.P.,10Bet,,DNB visita,DRAW_NO_BET AWAY,DRAW_NO_BET:AWAY,61.5%,0.614600,1.77,0.09,0.087800,,,,EV positivo,No encontrado en Betano,Media,torneo actual,usa Poisson base con estadisticas de goles del torneo,riesgo propio del resultado final y variacion del modelo,
2026-08-02,12:30,Aldosivi vs Gimnasia L.P.,,,SHOTS_ON_TARGET_TOTAL OVER.7.5,SHOTS_ON_TARGET_TOTAL OVER.7.5,SHOTS_ON_TARGET_TOTAL:OVER_7_5,61.4%,0.614400,,,,,,,Sin cuota/EV,No encontrado en Betano,Media,contexto premium torneo actual,usa promedios del contexto premium/API-Football,el volumen ofensivo puede variar por planteamiento y marcador temprano,
2026-08-02,12:30,Aldosivi vs Gimnasia L.P.,10Bet,,Visita corners -4.5,CORNERS_AWAY UNDER.4.5,CORNERS_AWAY:UNDER_4_5,60.9%,0.609300,1.67,0.02,0.017500,,,,EV negativo,No encontrado en Betano,Media,contexto premium torneo actual,usa promedios del contexto premium/API-Football,el volumen ofensivo puede variar por planteamiento y marcador temprano,
2026-08-02,12:30,Aldosivi vs Gimnasia L.P.,10Bet,,Corners total +9.5,CORNERS_TOTALS OVER.9.5,CORNERS_TOTALS:OVER_9_5,60.3%,0.602900,2.05,0.24,0.235900,,,,EV positivo,No encontrado en Betano,Media,contexto premium torneo actual,usa promedios del contexto premium/API-Football,el volumen ofensivo puede variar por planteamiento y marcador temprano,
2026-08-02,12:30,Aldosivi vs Gimnasia L.P.,,,Visita tarjetas -3.5,CARDS_AWAY UNDER.3.5,CARDS_AWAY:UNDER_3_5,60.2%,0.602500,,,,,,,Sin cuota/EV,No encontrado en Betano,Media,contexto premium torneo actual,usa promedios del contexto premium/API-Football,depende mucho del arbitro y del contexto competitivo,
2026-08-02,12:30,Aldosivi vs Gimnasia L.P.,,,Visita corners +3.5,CORNERS_AWAY OVER.3.5,CORNERS_AWAY:OVER_3_5,58.6%,0.585800,,,,,,,Sin cuota/EV,No encontrado en Betano,Media,contexto premium torneo actual,usa promedios del contexto premium/API-Football,el volumen ofensivo puede variar por planteamiento y marcador temprano,
2026-08-02,12:30,Aldosivi vs Gimnasia L.P.,10Bet,,Goles +1.5,TOTALS OVER.1.5,TOTALS:OVER_1_5,58.4%,0.584300,2.90,0.69,0.694300,,,,EV positivo,No encontrado en Betano,Media,torneo actual,usa Poisson base con estadisticas de goles del torneo,un gol temprano o baja eficacia puede cambiar la lectura del mercado,
2026-08-02,12:30,Aldosivi vs Gimnasia L.P.,,,DOUBLE_CHANCE 1X,DOUBLE_CHANCE 1X,DOUBLE_CHANCE:1X,57.4%,0.574000,,,,,,,Sin cuota/EV,No encontrado en Betano,Media,torneo actual,usa Poisson base con estadisticas de goles del torneo,riesgo propio del resultado final y variacion del modelo,
2026-08-02,12:30,Aldosivi vs Gimnasia L.P.,,,Local goles +0.5,TEAM_TOTAL_HOME OVER.0.5,TEAM_TOTAL_HOME:OVER_0_5,56.4%,0.564400,,,,,,,Sin cuota/EV,No encontrado en Betano,Media,torneo actual,usa Poisson base con estadisticas de goles del torneo,un gol temprano o baja eficacia puede cambiar la lectura del mercado,
2026-08-02,12:30,Aldosivi vs Gimnasia L.P.,,,Tarjetas total -5.5,CARDS_TOTALS UNDER.5.5,CARDS_TOTALS:UNDER_5_5,54.6%,0.546100,,,,,,,Sin cuota/EV,No encontrado en Betano,Baja,contexto premium torneo actual,usa promedios del contexto premium/API-Football,depende mucho del arbitro y del contexto competitivo,
2026-08-02,12:30,Aldosivi vs Gimnasia L.P.,,,Local corners -6.5,CORNERS_HOME UNDER.6.5,CORNERS_HOME:UNDER_6_5,54.2%,0.542300,,,,,,,Sin cuota/EV,No encontrado en Betano,Baja,contexto premium torneo actual,usa promedios del contexto premium/API-Football,el volumen ofensivo puede variar por planteamiento y marcador temprano,
2026-08-02,12:30,Aldosivi vs Gimnasia L.P.,,,SHOTS_TOTAL OVER.26.5,SHOTS_TOTAL OVER.26.5,SHOTS_TOTAL:OVER_26_5,54.1%,0.540800,,,,,,,Sin cuota/EV,No encontrado en Betano,Baja,contexto premium torneo actual,usa promedios del contexto premium/API-Football,el volumen ofensivo puede variar por planteamiento y marcador temprano,
2026-08-02,12:30,Aldosivi vs Gimnasia L.P.,,,SHOTS_ON_TARGET_TOTAL UNDER.8.5,SHOTS_ON_TARGET_TOTAL UNDER.8.5,SHOTS_ON_TARGET_TOTAL:UNDER_8_5,52.3%,0.523100,,,,,,,Sin cuota/EV,No encontrado en Betano,Baja,contexto premium torneo actual,usa promedios del contexto premium/API-Football,el volumen ofensivo puede variar por planteamiento y marcador temprano,
2026-08-02,12:30,Aldosivi vs Gimnasia L.P.,,,Corners total -10.5,CORNERS_TOTALS UNDER.10.5,CORNERS_TOTALS:UNDER_10_5,52.1%,0.520700,,,,,,,Sin cuota/EV,No encontrado en Betano,Baja,contexto premium torneo actual,usa promedios del contexto premium/API-Football,el volumen ofensivo puede variar por planteamiento y marcador temprano,
2026-08-02,12:30,Aldosivi vs Gimnasia L.P.,,,Corners total +10.5,CORNERS_TOTALS OVER.10.5,CORNERS_TOTALS:OVER_10_5,47.9%,0.479300,,,,,,,Sin cuota/EV,No encontrado en Betano,Baja,contexto premium torneo actual,usa promedios del contexto premium/API-Football,el volumen ofensivo puede variar por planteamiento y marcador temprano,
2026-08-02,12:30,Aldosivi vs Gimnasia L.P.,,,SHOTS_ON_TARGET_TOTAL OVER.8.5,SHOTS_ON_TARGET_TOTAL OVER.8.5,SHOTS_ON_TARGET_TOTAL:OVER_8_5,47.7%,0.476900,,,,,,,Sin cuota/EV,No encontrado en Betano,Baja,contexto premium torneo actual,usa promedios del contexto premium/API-Football,el volumen ofensivo puede variar por planteamiento y marcador temprano,
2026-08-02,12:30,Aldosivi vs Gimnasia L.P.,,,SHOTS_TOTAL UNDER.26.5,SHOTS_TOTAL UNDER.26.5,SHOTS_TOTAL:UNDER_26_5,45.9%,0.459200,,,,,,,Sin cuota/EV,No encontrado en Betano,Baja,contexto premium torneo actual,usa promedios del contexto premium/API-Football,el volumen ofensivo puede variar por planteamiento y marcador temprano,
2026-08-02,12:30,Aldosivi vs Gimnasia L.P.,,,Local corners +6.5,CORNERS_HOME OVER.6.5,CORNERS_HOME:OVER_6_5,45.8%,0.457700,,,,,,,Sin cuota/EV,No encontrado en Betano,Baja,contexto premium torneo actual,usa promedios del contexto premium/API-Football,el volumen ofensivo puede variar por planteamiento y marcador temprano,
2026-08-02,12:30,Aldosivi vs Gimnasia L.P.,,,Tarjetas total +5.5,CARDS_TOTALS OVER.5.5,CARDS_TOTALS:OVER_5_5,45.4%,0.453900,,,,,,,Sin cuota/EV,No encontrado en Betano,Baja,contexto premium torneo actual,usa promedios del contexto premium/API-Football,depende mucho del arbitro y del contexto competitivo,
2026-08-02,12:30,Aldosivi vs Gimnasia L.P.,,,Local goles -0.5,TEAM_TOTAL_HOME UNDER.0.5,TEAM_TOTAL_HOME:UNDER_0_5,43.6%,0.435600,,,,,,,Sin cuota/EV,No encontrado en Betano,Baja,torneo actual,usa Poisson base con estadisticas de goles del torneo,un gol temprano o baja eficacia puede cambiar la lectura del mercado,
2026-08-02,12:30,Aldosivi vs Gimnasia L.P.,10Bet,,Gana visita,1X2 AWAY,1X2:AWAY,42.6%,0.426000,4.50,0.92,0.916800,,,,EV positivo,No encontrado en Betano,Baja,torneo actual,usa Poisson base con estadisticas de goles del torneo,riesgo propio del resultado final y variacion del modelo,
2026-08-02,12:30,Aldosivi vs Gimnasia L.P.,10Bet,,Goles -1.5,TOTALS UNDER.1.5,TOTALS:UNDER_1_5,41.6%,0.415700,1.36,-0.43,-0.434600,,,,EV negativo,No encontrado en Betano,Baja,torneo actual,usa Poisson base con estadisticas de goles del torneo,un gol temprano o baja eficacia puede cambiar la lectura del mercado,
2026-08-02,12:30,Aldosivi vs Gimnasia L.P.,,,Visita corners -3.5,CORNERS_AWAY UNDER.3.5,CORNERS_AWAY:UNDER_3_5,41.4%,0.414200,,,,,,,Sin cuota/EV,No encontrado en Betano,Baja,contexto premium torneo actual,usa promedios del contexto premium/API-Football,el volumen ofensivo puede variar por planteamiento y marcador temprano,
2026-08-02,12:30,Aldosivi vs Gimnasia L.P.,,,Visita tarjetas +3.5,CARDS_AWAY OVER.3.5,CARDS_AWAY:OVER_3_5,39.8%,0.397500,,,,,,,Sin cuota/EV,No encontrado en Betano,Baja,contexto premium torneo actual,usa promedios del contexto premium/API-Football,depende mucho del arbitro y del contexto competitivo,
2026-08-02,12:30,Aldosivi vs Gimnasia L.P.,10Bet,,Corners total -9.5,CORNERS_TOTALS UNDER.9.5,CORNERS_TOTALS:UNDER_9_5,39.7%,0.397100,1.70,-0.32,-0.324900,,,,EV negativo,No encontrado en Betano,Baja,contexto premium torneo actual,usa promedios del contexto premium/API-Football,el volumen ofensivo puede variar por planteamiento y marcador temprano,
2026-08-02,12:30,Aldosivi vs Gimnasia L.P.,10Bet,,Visita corners +4.5,CORNERS_AWAY OVER.4.5,CORNERS_AWAY:OVER_4_5,39.1%,0.390700,1.93,-0.25,-0.246000,,,,EV negativo,No encontrado en Betano,Baja,contexto premium torneo actual,usa promedios del contexto premium/API-Football,el volumen ofensivo puede variar por planteamiento y marcador temprano,
2026-08-02,12:30,Aldosivi vs Gimnasia L.P.,,,SHOTS_ON_TARGET_TOTAL UNDER.7.5,SHOTS_ON_TARGET_TOTAL UNDER.7.5,SHOTS_ON_TARGET_TOTAL:UNDER_7_5,38.6%,0.385600,,,,,,,Sin cuota/EV,No encontrado en Betano,Baja,contexto premium torneo actual,usa promedios del contexto premium/API-Football,el volumen ofensivo puede variar por planteamiento y marcador temprano,
2026-08-02,12:30,Aldosivi vs Gimnasia L.P.,10Bet,,DNB local,DRAW_NO_BET HOME,DRAW_NO_BET:HOME,38.5%,0.385400,1.95,-0.25,-0.248400,,,,EV negativo,No encontrado en Betano,Baja,torneo actual,usa Poisson base con estadisticas de goles del torneo,riesgo propio del resultado final y variacion del modelo,
2026-08-02,12:30,Aldosivi vs Gimnasia L.P.,,,Local corners -5.5,CORNERS_HOME UNDER.5.5,CORNERS_HOME:UNDER_5_5,38.4%,0.383700,,,,,,,Sin cuota/EV,No encontrado en Betano,Baja,contexto premium torneo actual,usa promedios del contexto premium/API-Football,el volumen ofensivo puede variar por planteamiento y marcador temprano,
2026-08-02,12:30,Aldosivi vs Gimnasia L.P.,10Bet,,BTTS sí,BTTS YES,BTTS:YES,38.3%,0.382700,5.50,1.10,1.104700,,,,EV positivo,No encontrado en Betano,Baja,torneo actual,usa Poisson base con estadisticas de goles del torneo,un gol temprano o baja eficacia puede cambiar la lectura del mercado,
2026-08-02,12:30,Aldosivi vs Gimnasia L.P.,,,Visita tarjetas -2.5,CARDS_AWAY UNDER.2.5,CARDS_AWAY:UNDER_2_5,38.0%,0.379900,,,,,,,Sin cuota/EV,No encontrado en Betano,Baja,contexto premium torneo actual,usa promedios del contexto premium/API-Football,depende mucho del arbitro y del contexto competitivo,
2026-08-02,12:30,Aldosivi vs Gimnasia L.P.,,,Local tarjetas +2.5,CARDS_HOME OVER.2.5,CARDS_HOME:OVER_2_5,37.7%,0.377300,,,,,,,Sin cuota/EV,No encontrado en Betano,Baja,contexto premium torneo actual,usa promedios del contexto premium/API-Football,depende mucho del arbitro y del contexto competitivo,
2026-08-02,12:30,Aldosivi vs Gimnasia L.P.,,,Tarjetas total -4.5,CARDS_TOTALS UNDER.4.5,CARDS_TOTALS:UNDER_4_5,37.3%,0.373300,,,,,,,Sin cuota/EV,No encontrado en Betano,Baja,contexto premium torneo actual,usa promedios del contexto premium/API-Football,depende mucho del arbitro y del contexto competitivo,
2026-08-02,12:30,Aldosivi vs Gimnasia L.P.,,,Corners total +11.5,CORNERS_TOTALS OVER.11.5,CORNERS_TOTALS:OVER_11_5,36.1%,0.361300,,,,,,,Sin cuota/EV,No encontrado en Betano,Baja,contexto premium torneo actual,usa promedios del contexto premium/API-Football,el volumen ofensivo puede variar por planteamiento y marcador temprano,
2026-08-02,12:30,Aldosivi vs Gimnasia L.P.,,,Local tarjetas -1.5,CARDS_HOME UNDER.1.5,CARDS_HOME:UNDER_1_5,35.5%,0.354600,,,,,,,Sin cuota/EV,No encontrado en Betano,Baja,contexto premium torneo actual,usa promedios del contexto premium/API-Football,depende mucho del arbitro y del contexto competitivo,
2026-08-02,12:30,Aldosivi vs Gimnasia L.P.,,,SHOTS_ON_TARGET_TOTAL OVER.9.5,SHOTS_ON_TARGET_TOTAL OVER.9.5,SHOTS_ON_TARGET_TOTAL:OVER_9_5,34.7%,0.347000,,,,,,,Sin cuota/EV,No encontrado en Betano,Baja,contexto premium torneo actual,usa promedios del contexto premium/API-Football,el volumen ofensivo puede variar por planteamiento y marcador temprano,
2026-08-02,12:30,Aldosivi vs Gimnasia L.P.,10Bet,,1T +1.5,FIRST_HALF_TOTALS OVER.1.5,FIRST_HALF_TOTALS:OVER_1_5,33.7%,0.337400,3.70,0.25,0.248300,,,,EV positivo,No encontrado en Betano,Baja,contexto premium torneo actual,usa promedios del contexto premium/API-Football,el primer tiempo puede tener ritmo bajo o rotaciones,
2026-08-02,12:30,Aldosivi vs Gimnasia L.P.,,,Visita goles -0.5,TEAM_TOTAL_AWAY UNDER.0.5,TEAM_TOTAL_AWAY:UNDER_0_5,32.2%,0.322000,,,,,,,Sin cuota/EV,No encontrado en Betano,Baja,torneo actual,usa Poisson base con estadisticas de goles del torneo,un gol temprano o baja eficacia puede cambiar la lectura del mercado,
2026-08-02,12:30,Aldosivi vs Gimnasia L.P.,10Bet,,Goles +2.5,TOTALS OVER.2.5,TOTALS:OVER_2_5,31.4%,0.313700,6.80,1.13,1.132900,,,,EV positivo,No encontrado en Betano,Baja,torneo actual,usa Poisson base con estadisticas de goles del torneo,un gol temprano o baja eficacia puede cambiar la lectura del mercado,
2026-08-02,12:30,Aldosivi vs Gimnasia L.P.,,,Visita goles +1.5,TEAM_TOTAL_AWAY OVER.1.5,TEAM_TOTAL_AWAY:OVER_1_5,31.3%,0.313200,,,,,,,Sin cuota/EV,No encontrado en Betano,Baja,torneo actual,usa Poisson base con estadisticas de goles del torneo,un gol temprano o baja eficacia puede cambiar la lectura del mercado,
2026-08-02,12:30,Aldosivi vs Gimnasia L.P.,,,SHOTS_TOTAL UNDER.24.5,SHOTS_TOTAL UNDER.24.5,SHOTS_TOTAL:UNDER_24_5,31.1%,0.310700,,,,,,,Sin cuota/EV,No encontrado en Betano,Baja,contexto premium torneo actual,usa promedios del contexto premium/API-Football,el volumen ofensivo puede variar por planteamiento y marcador temprano,
2026-08-02,12:30,Aldosivi vs Gimnasia L.P.,10Bet,,Empate,1X2 DRAW,1X2:DRAW,30.7%,0.306900,1.53,-0.53,-0.530500,,,,EV negativo,No encontrado en Betano,Baja,torneo actual,usa Poisson base con estadisticas de goles del torneo,riesgo propio del resultado final y variacion del modelo,
2026-08-02,12:30,Aldosivi vs Gimnasia L.P.,10Bet,,1T -0.5,FIRST_HALF_TOTALS UNDER.0.5,FIRST_HALF_TOTALS:UNDER_0_5,30.1%,0.301200,1.50,-0.55,-0.548200,,,,EV negativo,No encontrado en Betano,Baja,contexto premium torneo actual,usa promedios del contexto premium/API-Football,el primer tiempo puede tener ritmo bajo o rotaciones,
2026-08-02,12:30,Aldosivi vs Gimnasia L.P.,,,Tarjetas total +6.5,CARDS_TOTALS OVER.6.5,CARDS_TOTALS:OVER_6_5,29.8%,0.298300,,,,,,,Sin cuota/EV,No encontrado en Betano,Baja,contexto premium torneo actual,usa promedios del contexto premium/API-Football,depende mucho del arbitro y del contexto competitivo,
2026-08-02,12:30,Aldosivi vs Gimnasia L.P.,10Bet,,Corners total -8.5,CORNERS_TOTALS UNDER.8.5,CORNERS_TOTALS:UNDER_8_5,27.9%,0.279400,2.05,-0.43,-0.427200,,,,EV negativo,No encontrado en Betano,Baja,contexto premium torneo actual,usa promedios del contexto premium/API-Football,el volumen ofensivo puede variar por planteamiento y marcador temprano,
2026-08-02,12:30,Aldosivi vs Gimnasia L.P.,10Bet,,Gana local,1X2 HOME,1X2:HOME,26.7%,0.267200,4.75,0.27,0.269000,,,,EV positivo,No encontrado en Betano,Baja,torneo actual,usa Poisson base con estadisticas de goles del torneo,riesgo propio del resultado final y variacion del modelo,
2026-08-02,12:30,Aldosivi vs Gimnasia L.P.,,,SHOTS_ON_TARGET_TOTAL UNDER.6.5,SHOTS_ON_TARGET_TOTAL UNDER.6.5,SHOTS_ON_TARGET_TOTAL:UNDER_6_5,25.6%,0.256200,,,,,,,Sin cuota/EV,No encontrado en Betano,Baja,contexto premium torneo actual,usa promedios del contexto premium/API-Football,el volumen ofensivo puede variar por planteamiento y marcador temprano,
2026-08-02,12:30,Aldosivi vs Gimnasia L.P.,10Bet,,Local corners -4.5,CORNERS_HOME UNDER.4.5,CORNERS_HOME:UNDER_4_5,23.5%,0.235100,1.80,-0.58,-0.576900,,,,EV negativo,No encontrado en Betano,Baja,contexto premium torneo actual,usa promedios del contexto premium/API-Football,el volumen ofensivo puede variar por planteamiento y marcador temprano,
2026-08-02,12:30,Aldosivi vs Gimnasia L.P.,,,Visita corners +5.5,CORNERS_AWAY OVER.5.5,CORNERS_AWAY:OVER_5_5,23.1%,0.230700,,,,,,,Sin cuota/EV,No encontrado en Betano,Baja,contexto premium torneo actual,usa promedios del contexto premium/API-Football,el volumen ofensivo puede variar por planteamiento y marcador temprano,
2026-08-02,12:30,Aldosivi vs Gimnasia L.P.,,,Tarjetas total -3.5,CARDS_TOTALS UNDER.3.5,CARDS_TOTALS:UNDER_3_5,21.3%,0.213300,,,,,,,Sin cuota/EV,No encontrado en Betano,Baja,contexto premium torneo actual,usa promedios del contexto premium/API-Football,depende mucho del arbitro y del contexto competitivo,
2026-08-02,12:30,Aldosivi vs Gimnasia L.P.,,,Local goles +1.5,TEAM_TOTAL_HOME OVER.1.5,TEAM_TOTAL_HOME:OVER_1_5,20.2%,0.202400,,,,,,,Sin cuota/EV,No encontrado en Betano,Baja,torneo actual,usa Poisson base con estadisticas de goles del torneo,un gol temprano o baja eficacia puede cambiar la lectura del mercado,
2026-08-02,12:30,Aldosivi vs Gimnasia L.P.,,,SHOTS_TOTAL UNDER.22.5,SHOTS_TOTAL UNDER.22.5,SHOTS_TOTAL:UNDER_22_5,18.5%,0.185100,,,,,,,Sin cuota/EV,No encontrado en Betano,Baja,contexto premium torneo actual,usa promedios del contexto premium/API-Football,el volumen ofensivo puede variar por planteamiento y marcador temprano,
2026-08-02,12:30,Aldosivi vs Gimnasia L.P.,,,Local tarjetas +3.5,CARDS_HOME OVER.3.5,CARDS_HOME:OVER_3_5,18.1%,0.180600,,,,,,,Sin cuota/EV,No encontrado en Betano,Baja,contexto premium torneo actual,usa promedios del contexto premium/API-Football,depende mucho del arbitro y del contexto competitivo,
2026-08-02,12:30,Aldosivi vs Gimnasia L.P.,,,Corners total -7.5,CORNERS_TOTALS UNDER.7.5,CORNERS_TOTALS:UNDER_7_5,17.8%,0.178500,,,,,,,Sin cuota/EV,No encontrado en Betano,Baja,contexto premium torneo actual,usa promedios del contexto premium/API-Football,el volumen ofensivo puede variar por planteamiento y marcador temprano,
2026-08-02,12:30,Aldosivi vs Gimnasia L.P.,,,Visita tarjetas -1.5,CARDS_AWAY UNDER.1.5,CARDS_AWAY:UNDER_1_5,17.1%,0.171200,,,,,,,Sin cuota/EV,No encontrado en Betano,Baja,contexto premium torneo actual,usa promedios del contexto premium/API-Football,depende mucho del arbitro y del contexto competitivo,
2026-08-02,12:30,Aldosivi vs Gimnasia L.P.,10Bet,,Goles +3.5,TOTALS OVER.3.5,TOTALS:OVER_3_5,13.7%,0.136500,5.75,-0.22,-0.215200,,,,EV negativo,No encontrado en Betano,Baja,torneo actual,usa Poisson base con estadisticas de goles del torneo,un gol temprano o baja eficacia puede cambiar la lectura del mercado,
2026-08-02,12:30,Aldosivi vs Gimnasia L.P.,,,Visita corners +6.5,CORNERS_AWAY OVER.6.5,CORNERS_AWAY:OVER_6_5,12.1%,0.121400,,,,,,,Sin cuota/EV,No encontrado en Betano,Baja,contexto premium torneo actual,usa promedios del contexto premium/API-Football,el volumen ofensivo puede variar por planteamiento y marcador temprano,
2026-08-02,12:30,Aldosivi vs Gimnasia L.P.,,,Local corners -3.5,CORNERS_HOME UNDER.3.5,CORNERS_HOME:UNDER_3_5,11.9%,0.118900,,,,,,,Sin cuota/EV,No encontrado en Betano,Baja,contexto premium torneo actual,usa promedios del contexto premium/API-Football,el volumen ofensivo puede variar por planteamiento y marcador temprano,
2026-08-02,12:30,Aldosivi vs Gimnasia L.P.,,,Local tarjetas -0.5,CARDS_HOME UNDER.0.5,CARDS_HOME:UNDER_0_5,11.1%,0.110800,,,,,,,Sin cuota/EV,No encontrado en Betano,Baja,contexto premium torneo actual,usa promedios del contexto premium/API-Football,depende mucho del arbitro y del contexto competitivo,
2026-08-02,12:30,Aldosivi vs Gimnasia L.P.,,,Visita goles +2.5,TEAM_TOTAL_AWAY OVER.2.5,TEAM_TOTAL_AWAY:OVER_2_5,10.6%,0.106400,,,,,,,Sin cuota/EV,No encontrado en Betano,Baja,torneo actual,usa Poisson base con estadisticas de goles del torneo,un gol temprano o baja eficacia puede cambiar la lectura del mercado,
2026-08-02,12:30,Aldosivi vs Gimnasia L.P.,,,SHOTS_TOTAL UNDER.20.5,SHOTS_TOTAL UNDER.20.5,SHOTS_TOTAL:UNDER_20_5,9.5%,0.095100,,,,,,,Sin cuota/EV,No encontrado en Betano,Baja,contexto premium torneo actual,usa promedios del contexto premium/API-Football,el volumen ofensivo puede variar por planteamiento y marcador temprano,
2026-08-02,12:30,Aldosivi vs Gimnasia L.P.,,,Tarjetas total -2.5,CARDS_TOTALS UNDER.2.5,CARDS_TOTALS:UNDER_2_5,9.5%,0.094800,,,,,,,Sin cuota/EV,No encontrado en Betano,Baja,contexto premium torneo actual,usa promedios del contexto premium/API-Football,depende mucho del arbitro y del contexto competitivo,
2026-08-02,12:30,Aldosivi vs Gimnasia L.P.,,,Local goles +2.5,TEAM_TOTAL_HOME OVER.2.5,TEAM_TOTAL_HOME:OVER_2_5,5.2%,0.052000,,,,,,,Sin cuota/EV,No encontrado en Betano,Baja,torneo actual,usa Poisson base con estadisticas de goles del torneo,un gol temprano o baja eficacia puede cambiar la lectura del mercado,
2026-08-02,12:30,Aldosivi vs Gimnasia L.P.,,,SHOTS_TOTAL UNDER.18.5,SHOTS_TOTAL UNDER.18.5,SHOTS_TOTAL:UNDER_18_5,4.1%,0.041200,,,,,,,Sin cuota/EV,No encontrado en Betano,Baja,contexto premium torneo actual,usa promedios del contexto premium/API-Football,el volumen ofensivo puede variar por planteamiento y marcador temprano,
2026-08-02,12:30,Aldosivi vs Gimnasia L.P.,,,Visita tarjetas -0.5,CARDS_AWAY UNDER.0.5,CARDS_AWAY:UNDER_0_5,4.1%,0.040800,,,,,,,Sin cuota/EV,No encontrado en Betano,Baja,contexto premium torneo actual,usa promedios del contexto premium/API-Football,depende mucho del arbitro y del contexto competitivo,
2026-08-02,12:30,Deportivo Riestra vs Barracas Central,,,Local tarjetas +0.5,CARDS_HOME OVER.0.5,CARDS_HOME:OVER_0_5,96.7%,0.966600,,,,,,,Sin cuota/EV,No encontrado en Betano,Alta,contexto premium torneo actual,usa promedios del contexto premium/API-Football,depende mucho del arbitro y del contexto competitivo,
2026-08-02,12:30,Deportivo Riestra vs Barracas Central,,,Local goles -2.5,TEAM_TOTAL_HOME UNDER.2.5,TEAM_TOTAL_HOME:UNDER_2_5,96.3%,0.963400,,,,,,,Sin cuota/EV,No encontrado en Betano,Alta,torneo actual,usa Poisson base con estadisticas de goles del torneo,un gol temprano o baja eficacia puede cambiar la lectura del mercado,
2026-08-02,12:30,Deportivo Riestra vs Barracas Central,,,Visita corners -6.5,CORNERS_AWAY UNDER.6.5,CORNERS_AWAY:UNDER_6_5,94.9%,0.949000,,,,,,,Sin cuota/EV,No encontrado en Betano,Alta,contexto premium torneo actual,usa promedios del contexto premium/API-Football,el volumen ofensivo puede variar por planteamiento y marcador temprano,
2026-08-02,12:30,Deportivo Riestra vs Barracas Central,,,Visita goles -2.5,TEAM_TOTAL_AWAY UNDER.2.5,TEAM_TOTAL_AWAY:UNDER_2_5,94.3%,0.943400,,,,,,,Sin cuota/EV,No encontrado en Betano,Alta,torneo actual,usa Poisson base con estadisticas de goles del torneo,un gol temprano o baja eficacia puede cambiar la lectura del mercado,
2026-08-02,12:30,Deportivo Riestra vs Barracas Central,10Bet,,Goles -3.5,TOTALS UNDER.3.5,TOTALS:UNDER_3_5,92.4%,0.923800,1.09,0.01,0.006900,,,,EV negativo,No encontrado en Betano,Alta,torneo actual,usa Poisson base con estadisticas de goles del torneo,un gol temprano o baja eficacia puede cambiar la lectura del mercado,
2026-08-02,12:30,Deportivo Riestra vs Barracas Central,,,Tarjetas total +2.5,CARDS_TOTALS OVER.2.5,CARDS_TOTALS:OVER_2_5,90.5%,0.905200,,,,,,,Sin cuota/EV,No encontrado en Betano,Alta,contexto premium torneo actual,usa promedios del contexto premium/API-Football,depende mucho del arbitro y del contexto competitivo,
2026-08-02,12:30,Deportivo Riestra vs Barracas Central,,,Corners total -11.5,CORNERS_TOTALS UNDER.11.5,CORNERS_TOTALS:UNDER_11_5,90.2%,0.902000,,,,,,,Sin cuota/EV,No encontrado en Betano,Alta,contexto premium torneo actual,usa promedios del contexto premium/API-Football,el volumen ofensivo puede variar por planteamiento y marcador temprano,
2026-08-02,12:30,Deportivo Riestra vs Barracas Central,,,Visita corners -5.5,CORNERS_AWAY UNDER.5.5,CORNERS_AWAY:UNDER_5_5,88.3%,0.882900,,,,,,,Sin cuota/EV,No encontrado en Betano,Alta,contexto premium torneo actual,usa promedios del contexto premium/API-Football,el volumen ofensivo puede variar por planteamiento y marcador temprano,
2026-08-02,12:30,Deportivo Riestra vs Barracas Central,,,Visita tarjetas +0.5,CARDS_AWAY OVER.0.5,CARDS_AWAY:OVER_0_5,86.5%,0.864700,,,,,,,Sin cuota/EV,No encontrado en Betano,Alta,contexto premium torneo actual,usa promedios del contexto premium/API-Football,depende mucho del arbitro y del contexto competitivo,
2026-08-02,12:30,Deportivo Riestra vs Barracas Central,,,Visita tarjetas -3.5,CARDS_AWAY UNDER.3.5,CARDS_AWAY:UNDER_3_5,85.7%,0.857100,,,,,,,Sin cuota/EV,No encontrado en Betano,Alta,contexto premium torneo actual,usa promedios del contexto premium/API-Football,depende mucho del arbitro y del contexto competitivo,
2026-08-02,12:30,Deportivo Riestra vs Barracas Central,,,Local tarjetas +1.5,CARDS_HOME OVER.1.5,CARDS_HOME:OVER_1_5,85.3%,0.853200,,,,,,,Sin cuota/EV,No encontrado en Betano,Alta,contexto premium torneo actual,usa promedios del contexto premium/API-Football,depende mucho del arbitro y del contexto competitivo,
2026-08-02,12:30,Deportivo Riestra vs Barracas Central,,,Local goles -1.5,TEAM_TOTAL_HOME UNDER.1.5,TEAM_TOTAL_HOME:UNDER_1_5,83.7%,0.837200,,,,,,,Sin cuota/EV,No encontrado en Betano,Alta,torneo actual,usa Poisson base con estadisticas de goles del torneo,un gol temprano o baja eficacia puede cambiar la lectura del mercado,
2026-08-02,12:30,Deportivo Riestra vs Barracas Central,,,Corners total -10.5,CORNERS_TOTALS UNDER.10.5,CORNERS_TOTALS:UNDER_10_5,83.5%,0.835200,,,,,,,Sin cuota/EV,No encontrado en Betano,Alta,contexto premium torneo actual,usa promedios del contexto premium/API-Football,el volumen ofensivo puede variar por planteamiento y marcador temprano,
2026-08-02,12:30,Deportivo Riestra vs Barracas Central,,,Local corners -6.5,CORNERS_HOME UNDER.6.5,CORNERS_HOME:UNDER_6_5,83.1%,0.831100,,,,,,,Sin cuota/EV,No encontrado en Betano,Alta,contexto premium torneo actual,usa promedios del contexto premium/API-Football,el volumen ofensivo puede variar por planteamiento y marcador temprano,
2026-08-02,12:30,Deportivo Riestra vs Barracas Central,,,SHOTS_TOTAL UNDER.26.5,SHOTS_TOTAL UNDER.26.5,SHOTS_TOTAL:UNDER_26_5,82.7%,0.826800,,,,,,,Sin cuota/EV,No encontrado en Betano,Alta,contexto premium torneo actual,usa promedios del contexto premium/API-Football,el volumen ofensivo puede variar por planteamiento y marcador temprano,
2026-08-02,12:30,Deportivo Riestra vs Barracas Central,10Bet,,Goles -2.5,TOTALS UNDER.2.5,TOTALS:UNDER_2_5,78.8%,0.788200,1.33,0.05,0.048300,,,,EV positivo,No encontrado en Betano,Alta,torneo actual,usa Poisson base con estadisticas de goles del torneo,un gol temprano o baja eficacia puede cambiar la lectura del mercado,
2026-08-02,12:30,Deportivo Riestra vs Barracas Central,,,Tarjetas total +3.5,CARDS_TOTALS OVER.3.5,CARDS_TOTALS:OVER_3_5,78.7%,0.786700,,,,,,,Sin cuota/EV,No encontrado en Betano,Alta,contexto premium torneo actual,usa promedios del contexto premium/API-Football,depende mucho del arbitro y del contexto competitivo,
2026-08-02,12:30,Deportivo Riestra vs Barracas Central,,,Visita goles -1.5,TEAM_TOTAL_AWAY UNDER.1.5,TEAM_TOTAL_AWAY:UNDER_1_5,78.7%,0.786700,,,,,,,Sin cuota/EV,No encontrado en Betano,Alta,torneo actual,usa Poisson base con estadisticas de goles del torneo,un gol temprano o baja eficacia puede cambiar la lectura del mercado,
2026-08-02,12:30,Deportivo Riestra vs Barracas Central,,,SHOTS_TOTAL OVER.18.5,SHOTS_TOTAL OVER.18.5,SHOTS_TOTAL:OVER_18_5,77.4%,0.773800,,,,,,,Sin cuota/EV,No encontrado en Betano,Alta,contexto premium torneo actual,usa promedios del contexto premium/API-Football,el volumen ofensivo puede variar por planteamiento y marcador temprano,
2026-08-02,12:30,Deportivo Riestra vs Barracas Central,,,Visita corners -4.5,CORNERS_AWAY UNDER.4.5,CORNERS_AWAY:UNDER_4_5,76.3%,0.762600,,,,,,,Sin cuota/EV,No encontrado en Betano,Alta,contexto premium torneo actual,usa promedios del contexto premium/API-Football,el volumen ofensivo puede variar por planteamiento y marcador temprano,
2026-08-02,12:30,Deportivo Riestra vs Barracas Central,,,SHOTS_ON_TARGET_TOTAL UNDER.9.5,SHOTS_ON_TARGET_TOTAL UNDER.9.5,SHOTS_ON_TARGET_TOTAL:UNDER_9_5,75.3%,0.753100,,,,,,,Sin cuota/EV,No encontrado en Betano,Alta,contexto premium torneo actual,usa promedios del contexto premium/API-Football,el volumen ofensivo puede variar por planteamiento y marcador temprano,
2026-08-02,12:30,Deportivo Riestra vs Barracas Central,,,Corners total -9.5,CORNERS_TOTALS UNDER.9.5,CORNERS_TOTALS:UNDER_9_5,74.1%,0.741100,,,,,,,Sin cuota/EV,No encontrado en Betano,Alta,contexto premium torneo actual,usa promedios del contexto premium/API-Football,el volumen ofensivo puede variar por planteamiento y marcador temprano,
2026-08-02,12:30,Deportivo Riestra vs Barracas Central,10Bet,,1T +0.5,FIRST_HALF_TOTALS OVER.0.5,FIRST_HALF_TOTALS:OVER_0_5,72.8%,0.727500,3.00,1.18,1.182400,,,,EV positivo,No encontrado en Betano,Alta,contexto premium torneo actual,usa promedios del contexto premium/API-Football,el primer tiempo puede tener ritmo bajo o rotaciones,
2026-08-02,12:30,Deportivo Riestra vs Barracas Central,,,DOUBLE_CHANCE X2,DOUBLE_CHANCE X2,DOUBLE_CHANCE:X2,71.8%,0.717800,,,,,,,Sin cuota/EV,No encontrado en Betano,Alta,torneo actual,usa Poisson base con estadisticas de goles del torneo,riesgo propio del resultado final y variacion del modelo,
2026-08-02,12:30,Deportivo Riestra vs Barracas Central,,,SHOTS_TOTAL UNDER.24.5,SHOTS_TOTAL UNDER.24.5,SHOTS_TOTAL:UNDER_24_5,70.4%,0.704300,,,,,,,Sin cuota/EV,No encontrado en Betano,Alta,contexto premium torneo actual,usa promedios del contexto premium/API-Football,el volumen ofensivo puede variar por planteamiento y marcador temprano,
2026-08-02,12:30,Deportivo Riestra vs Barracas Central,10Bet,,BTTS no,BTTS NO,BTTS:NO,70.4%,0.703700,1.09,-0.23,-0.233000,,,,EV negativo,No encontrado en Betano,Alta,torneo actual,usa Poisson base con estadisticas de goles del torneo,un gol temprano o baja eficacia puede cambiar la lectura del mercado,
2026-08-02,12:30,Deportivo Riestra vs Barracas Central,,,Local corners -5.5,CORNERS_HOME UNDER.5.5,CORNERS_HOME:UNDER_5_5,70.3%,0.702900,,,,,,,Sin cuota/EV,No encontrado en Betano,Alta,contexto premium torneo actual,usa promedios del contexto premium/API-Football,el volumen ofensivo puede variar por planteamiento y marcador temprano,
2026-08-02,12:30,Deportivo Riestra vs Barracas Central,,,Tarjetas total -6.5,CARDS_TOTALS UNDER.6.5,CARDS_TOTALS:UNDER_6_5,70.2%,0.701700,,,,,,,Sin cuota/EV,No encontrado en Betano,Alta,contexto premium torneo actual,usa promedios del contexto premium/API-Football,depende mucho del arbitro y del contexto competitivo,
2026-08-02,12:30,Deportivo Riestra vs Barracas Central,,,Visita tarjetas -2.5,CARDS_AWAY UNDER.2.5,CARDS_AWAY:UNDER_2_5,67.7%,0.676700,,,,,,,Sin cuota/EV,No encontrado en Betano,Media,contexto premium torneo actual,usa promedios del contexto premium/API-Football,depende mucho del arbitro y del contexto competitivo,
2026-08-02,12:30,Deportivo Riestra vs Barracas Central,,,Local tarjetas +2.5,CARDS_HOME OVER.2.5,CARDS_HOME:OVER_2_5,66.0%,0.660300,,,,,,,Sin cuota/EV,No encontrado en Betano,Media,contexto premium torneo actual,usa promedios del contexto premium/API-Football,depende mucho del arbitro y del contexto competitivo,
2026-08-02,12:30,Deportivo Riestra vs Barracas Central,,,Local corners +3.5,CORNERS_HOME OVER.3.5,CORNERS_HOME:OVER_3_5,65.8%,0.657700,,,,,,,Sin cuota/EV,No encontrado en Betano,Media,contexto premium torneo actual,usa promedios del contexto premium/API-Football,el volumen ofensivo puede variar por planteamiento y marcador temprano,
2026-08-02,12:30,Deportivo Riestra vs Barracas Central,,,SHOTS_ON_TARGET_TOTAL OVER.6.5,SHOTS_ON_TARGET_TOTAL OVER.6.5,SHOTS_ON_TARGET_TOTAL:OVER_6_5,64.9%,0.648600,,,,,,,Sin cuota/EV,No encontrado en Betano,Media,contexto premium torneo actual,usa promedios del contexto premium/API-Football,el volumen ofensivo puede variar por planteamiento y marcador temprano,
2026-08-02,12:30,Deportivo Riestra vs Barracas Central,,,DOUBLE_CHANCE 12,DOUBLE_CHANCE 12,DOUBLE_CHANCE:12,64.5%,0.645500,,,,,,,Sin cuota/EV,No encontrado en Betano,Media,torneo actual,usa Poisson base con estadisticas de goles del torneo,riesgo propio del resultado final y variacion del modelo,
2026-08-02,12:30,Deportivo Riestra vs Barracas Central,,,DOUBLE_CHANCE 1X,DOUBLE_CHANCE 1X,DOUBLE_CHANCE:1X,63.7%,0.636700,,,,,,,Sin cuota/EV,No encontrado en Betano,Media,torneo actual,usa Poisson base con estadisticas de goles del torneo,riesgo propio del resultado final y variacion del modelo,
2026-08-02,12:30,Deportivo Riestra vs Barracas Central,,,SHOTS_ON_TARGET_TOTAL UNDER.8.5,SHOTS_ON_TARGET_TOTAL UNDER.8.5,SHOTS_ON_TARGET_TOTAL:UNDER_8_5,63.4%,0.634300,,,,,,,Sin cuota/EV,No encontrado en Betano,Media,contexto premium torneo actual,usa promedios del contexto premium/API-Football,el volumen ofensivo puede variar por planteamiento y marcador temprano,
2026-08-02,12:30,Deportivo Riestra vs Barracas Central,10Bet,,1T -1.5,FIRST_HALF_TOTALS UNDER.1.5,FIRST_HALF_TOTALS:UNDER_1_5,62.7%,0.626800,1.07,-0.33,-0.329300,,,,EV negativo,No encontrado en Betano,Media,contexto premium torneo actual,usa promedios del contexto premium/API-Football,el primer tiempo puede tener ritmo bajo o rotaciones,
2026-08-02,12:30,Deportivo Riestra vs Barracas Central,,,Tarjetas total +4.5,CARDS_TOTALS OVER.4.5,CARDS_TOTALS:OVER_4_5,62.7%,0.626700,,,,,,,Sin cuota/EV,No encontrado en Betano,Media,contexto premium torneo actual,usa promedios del contexto premium/API-Football,depende mucho del arbitro y del contexto competitivo,
2026-08-02,12:30,Deportivo Riestra vs Barracas Central,,,SHOTS_TOTAL OVER.20.5,SHOTS_TOTAL OVER.20.5,SHOTS_TOTAL:OVER_20_5,62.1%,0.621100,,,,,,,Sin cuota/EV,No encontrado en Betano,Media,contexto premium torneo actual,usa promedios del contexto premium/API-Football,el volumen ofensivo puede variar por planteamiento y marcador temprano,
2026-08-02,12:30,Deportivo Riestra vs Barracas Central,10Bet,,Corners total -8.5,CORNERS_TOTALS UNDER.8.5,CORNERS_TOTALS:UNDER_8_5,62.0%,0.620400,1.77,0.10,0.098200,,,,EV positivo,No encontrado en Betano,Media,contexto premium torneo actual,usa promedios del contexto premium/API-Football,el volumen ofensivo puede variar por planteamiento y marcador temprano,
2026-08-02,12:30,Deportivo Riestra vs Barracas Central,,,Visita tarjetas +1.5,CARDS_AWAY OVER.1.5,CARDS_AWAY:OVER_1_5,59.4%,0.594000,,,,,,,Sin cuota/EV,No encontrado en Betano,Media,contexto premium torneo actual,usa promedios del contexto premium/API-Football,depende mucho del arbitro y del contexto competitivo,
2026-08-02,12:30,Deportivo Riestra vs Barracas Central,10Bet,,Visita corners -3.5,CORNERS_AWAY UNDER.3.5,CORNERS_AWAY:UNDER_3_5,58.0%,0.580300,1.77,0.03,0.027200,,,,EV positivo,No encontrado en Betano,Media,contexto premium torneo actual,usa promedios del contexto premium/API-Football,el volumen ofensivo puede variar por planteamiento y marcador temprano,
2026-08-02,12:30,Deportivo Riestra vs Barracas Central,,,Visita goles +0.5,TEAM_TOTAL_AWAY OVER.0.5,TEAM_TOTAL_AWAY:OVER_0_5,57.7%,0.577300,,,,,,,Sin cuota/EV,No encontrado en Betano,Media,torneo actual,usa Poisson base con estadisticas de goles del torneo,un gol temprano o baja eficacia puede cambiar la lectura del mercado,
2026-08-02,12:30,Deportivo Riestra vs Barracas Central,10Bet,,DNB visita,DRAW_NO_BET AWAY,DRAW_NO_BET:AWAY,56.3%,0.562800,2.45,0.38,0.378800,,,,EV positivo,No encontrado en Betano,Media,torneo actual,usa Poisson base con estadisticas de goles del torneo,riesgo propio del resultado final y variacion del modelo,
2026-08-02,12:30,Deportivo Riestra vs Barracas Central,,,Local tarjetas -3.5,CARDS_HOME UNDER.3.5,CARDS_HOME:UNDER_3_5,55.8%,0.558400,,,,,,,Sin cuota/EV,No encontrado en Betano,Media,contexto premium torneo actual,usa promedios del contexto premium/API-Football,depende mucho del arbitro y del contexto competitivo,
2026-08-02,12:30,Deportivo Riestra vs Barracas Central,,,SHOTS_TOTAL UNDER.22.5,SHOTS_TOTAL UNDER.22.5,SHOTS_TOTAL:UNDER_22_5,54.8%,0.547900,,,,,,,Sin cuota/EV,No encontrado en Betano,Baja,contexto premium torneo actual,usa promedios del contexto premium/API-Football,el volumen ofensivo puede variar por planteamiento y marcador temprano,
2026-08-02,12:30,Deportivo Riestra vs Barracas Central,,,Tarjetas total -5.5,CARDS_TOTALS UNDER.5.5,CARDS_TOTALS:UNDER_5_5,54.6%,0.546100,,,,,,,Sin cuota/EV,No encontrado en Betano,Baja,contexto premium torneo actual,usa promedios del contexto premium/API-Football,depende mucho del arbitro y del contexto competitivo,
2026-08-02,12:30,Deportivo Riestra vs Barracas Central,10Bet,,Local corners -4.5,CORNERS_HOME UNDER.4.5,CORNERS_HOME:UNDER_4_5,53.2%,0.532100,1.80,-0.04,-0.042200,,,,EV negativo,No encontrado en Betano,Baja,contexto premium torneo actual,usa promedios del contexto premium/API-Football,el volumen ofensivo puede variar por planteamiento y marcador temprano,
2026-08-02,12:30,Deportivo Riestra vs Barracas Central,10Bet,,Goles -1.5,TOTALS UNDER.1.5,TOTALS:UNDER_1_5,53.1%,0.531100,1.28,-0.32,-0.320300,,,,EV negativo,No encontrado en Betano,Baja,torneo actual,usa Poisson base con estadisticas de goles del torneo,un gol temprano o baja eficacia puede cambiar la lectura del mercado,
2026-08-02,12:30,Deportivo Riestra vs Barracas Central,,,Corners total +7.5,CORNERS_TOTALS OVER.7.5,CORNERS_TOTALS:OVER_7_5,51.9%,0.518800,,,,,,,Sin cuota/EV,No encontrado en Betano,Baja,contexto premium torneo actual,usa promedios del contexto premium/API-Football,el volumen ofensivo puede variar por planteamiento y marcador temprano,
2026-08-02,12:30,Deportivo Riestra vs Barracas Central,,,Local goles +0.5,TEAM_TOTAL_HOME OVER.0.5,TEAM_TOTAL_HOME:OVER_0_5,51.3%,0.513200,,,,,,,Sin cuota/EV,No encontrado en Betano,Baja,torneo actual,usa Poisson base con estadisticas de goles del torneo,un gol temprano o baja eficacia puede cambiar la lectura del mercado,
2026-08-02,12:30,Deportivo Riestra vs Barracas Central,,,SHOTS_ON_TARGET_TOTAL OVER.7.5,SHOTS_ON_TARGET_TOTAL OVER.7.5,SHOTS_ON_TARGET_TOTAL:OVER_7_5,50.4%,0.504400,,,,,,,Sin cuota/EV,No encontrado en Betano,Baja,contexto premium torneo actual,usa promedios del contexto premium/API-Football,el volumen ofensivo puede variar por planteamiento y marcador temprano,
2026-08-02,12:30,Deportivo Riestra vs Barracas Central,,,SHOTS_ON_TARGET_TOTAL UNDER.7.5,SHOTS_ON_TARGET_TOTAL UNDER.7.5,SHOTS_ON_TARGET_TOTAL:UNDER_7_5,49.6%,0.495600,,,,,,,Sin cuota/EV,No encontrado en Betano,Baja,contexto premium torneo actual,usa promedios del contexto premium/API-Football,el volumen ofensivo puede variar por planteamiento y marcador temprano,
2026-08-02,12:30,Deportivo Riestra vs Barracas Central,,,Local goles -0.5,TEAM_TOTAL_HOME UNDER.0.5,TEAM_TOTAL_HOME:UNDER_0_5,48.7%,0.486800,,,,,,,Sin cuota/EV,No encontrado en Betano,Baja,torneo actual,usa Poisson base con estadisticas de goles del torneo,un gol temprano o baja eficacia puede cambiar la lectura del mercado,
2026-08-02,12:30,Deportivo Riestra vs Barracas Central,,,Corners total -7.5,CORNERS_TOTALS UNDER.7.5,CORNERS_TOTALS:UNDER_7_5,48.1%,0.481200,,,,,,,Sin cuota/EV,No encontrado en Betano,Baja,contexto premium torneo actual,usa promedios del contexto premium/API-Football,el volumen ofensivo puede variar por planteamiento y marcador temprano,
2026-08-02,12:30,Deportivo Riestra vs Barracas Central,10Bet,,Goles +1.5,TOTALS OVER.1.5,TOTALS:OVER_1_5,46.9%,0.468900,3.30,0.55,0.547500,,,,EV positivo,No encontrado en Betano,Baja,torneo actual,usa Poisson base con estadisticas de goles del torneo,un gol temprano o baja eficacia puede cambiar la lectura del mercado,
2026-08-02,12:30,Deportivo Riestra vs Barracas Central,10Bet,,Local corners +4.5,CORNERS_HOME OVER.4.5,CORNERS_HOME:OVER_4_5,46.8%,0.467900,1.77,-0.17,-0.171800,,,,EV negativo,No encontrado en Betano,Baja,contexto premium torneo actual,usa promedios del contexto premium/API-Football,el volumen ofensivo puede variar por planteamiento y marcador temprano,
2026-08-02,12:30,Deportivo Riestra vs Barracas Central,,,Tarjetas total +5.5,CARDS_TOTALS OVER.5.5,CARDS_TOTALS:OVER_5_5,45.4%,0.453900,,,,,,,Sin cuota/EV,No encontrado en Betano,Baja,contexto premium torneo actual,usa promedios del contexto premium/API-Football,depende mucho del arbitro y del contexto competitivo,
2026-08-02,12:30,Deportivo Riestra vs Barracas Central,,,SHOTS_TOTAL OVER.22.5,SHOTS_TOTAL OVER.22.5,SHOTS_TOTAL:OVER_22_5,45.2%,0.452100,,,,,,,Sin cuota/EV,No encontrado en Betano,Baja,contexto premium torneo actual,usa promedios del contexto premium/API-Football,el volumen ofensivo puede variar por planteamiento y marcador temprano,
2026-08-02,12:30,Deportivo Riestra vs Barracas Central,,,Local tarjetas +3.5,CARDS_HOME OVER.3.5,CARDS_HOME:OVER_3_5,44.2%,0.441600,,,,,,,Sin cuota/EV,No encontrado en Betano,Baja,contexto premium torneo actual,usa promedios del contexto premium/API-Football,depende mucho del arbitro y del contexto competitivo,
2026-08-02,12:30,Deportivo Riestra vs Barracas Central,10Bet,,DNB local,DRAW_NO_BET HOME,DRAW_NO_BET:HOME,43.7%,0.437200,1.48,-0.35,-0.352900,,,,EV negativo,No encontrado en Betano,Baja,torneo actual,usa Poisson base con estadisticas de goles del torneo,riesgo propio del resultado final y variacion del modelo,
2026-08-02,12:30,Deportivo Riestra vs Barracas Central,,,Visita goles -0.5,TEAM_TOTAL_AWAY UNDER.0.5,TEAM_TOTAL_AWAY:UNDER_0_5,42.3%,0.422700,,,,,,,Sin cuota/EV,No encontrado en Betano,Baja,torneo actual,usa Poisson base con estadisticas de goles del torneo,un gol temprano o baja eficacia puede cambiar la lectura del mercado,
2026-08-02,12:30,Deportivo Riestra vs Barracas Central,10Bet,,Visita corners +3.5,CORNERS_AWAY OVER.3.5,CORNERS_AWAY:OVER_3_5,42.0%,0.419700,1.80,-0.24,-0.244600,,,,EV negativo,No encontrado en Betano,Baja,contexto premium torneo actual,usa promedios del contexto premium/API-Football,el volumen ofensivo puede variar por planteamiento y marcador temprano,
2026-08-02,12:30,Deportivo Riestra vs Barracas Central,,,Visita tarjetas -1.5,CARDS_AWAY UNDER.1.5,CARDS_AWAY:UNDER_1_5,40.6%,0.406000,,,,,,,Sin cuota/EV,No encontrado en Betano,Baja,contexto premium torneo actual,usa promedios del contexto premium/API-Football,depende mucho del arbitro y del contexto competitivo,
2026-08-02,12:30,Deportivo Riestra vs Barracas Central,10Bet,,Corners total +8.5,CORNERS_TOTALS OVER.8.5,CORNERS_TOTALS:OVER_8_5,38.0%,0.379600,1.95,-0.26,-0.259900,,,,EV negativo,No encontrado en Betano,Baja,contexto premium torneo actual,usa promedios del contexto premium/API-Football,el volumen ofensivo puede variar por planteamiento y marcador temprano,
2026-08-02,12:30,Deportivo Riestra vs Barracas Central,,,SHOTS_TOTAL UNDER.20.5,SHOTS_TOTAL UNDER.20.5,SHOTS_TOTAL:UNDER_20_5,37.9%,0.378900,,,,,,,Sin cuota/EV,No encontrado en Betano,Baja,contexto premium torneo actual,usa promedios del contexto premium/API-Football,el volumen ofensivo puede variar por planteamiento y marcador temprano,
2026-08-02,12:30,Deportivo Riestra vs Barracas Central,,,Tarjetas total -4.5,CARDS_TOTALS UNDER.4.5,CARDS_TOTALS:UNDER_4_5,37.3%,0.373300,,,,,,,Sin cuota/EV,No encontrado en Betano,Baja,contexto premium torneo actual,usa promedios del contexto premium/API-Football,depende mucho del arbitro y del contexto competitivo,
2026-08-02,12:30,Deportivo Riestra vs Barracas Central,10Bet,,1T +1.5,FIRST_HALF_TOTALS OVER.1.5,FIRST_HALF_TOTALS:OVER_1_5,37.3%,0.373200,7.00,1.61,1.612200,,,,EV positivo,No encontrado en Betano,Baja,contexto premium torneo actual,usa promedios del contexto premium/API-Football,el primer tiempo puede tener ritmo bajo o rotaciones,
2026-08-02,12:30,Deportivo Riestra vs Barracas Central,,,SHOTS_ON_TARGET_TOTAL OVER.8.5,SHOTS_ON_TARGET_TOTAL OVER.8.5,SHOTS_ON_TARGET_TOTAL:OVER_8_5,36.6%,0.365700,,,,,,,Sin cuota/EV,No encontrado en Betano,Baja,contexto premium torneo actual,usa promedios del contexto premium/API-Football,el volumen ofensivo puede variar por planteamiento y marcador temprano,
2026-08-02,12:30,Deportivo Riestra vs Barracas Central,10Bet,,Gana visita,1X2 AWAY,1X2:AWAY,36.3%,0.363300,6.25,1.27,1.270400,,,,EV positivo,No encontrado en Betano,Baja,torneo actual,usa Poisson base con estadisticas de goles del torneo,riesgo propio del resultado final y variacion del modelo,
2026-08-02,12:30,Deportivo Riestra vs Barracas Central,10Bet,,Empate,1X2 DRAW,1X2:DRAW,35.4%,0.354500,1.50,-0.47,-0.468300,,,,EV negativo,No encontrado en Betano,Baja,torneo actual,usa Poisson base con estadisticas de goles del torneo,riesgo propio del resultado final y variacion del modelo,
2026-08-02,12:30,Deportivo Riestra vs Barracas Central,,,SHOTS_ON_TARGET_TOTAL UNDER.6.5,SHOTS_ON_TARGET_TOTAL UNDER.6.5,SHOTS_ON_TARGET_TOTAL:UNDER_6_5,35.1%,0.351400,,,,,,,Sin cuota/EV,No encontrado en Betano,Baja,contexto premium torneo actual,usa promedios del contexto premium/API-Football,el volumen ofensivo puede variar por planteamiento y marcador temprano,
2026-08-02,12:30,Deportivo Riestra vs Barracas Central,,,Local corners -3.5,CORNERS_HOME UNDER.3.5,CORNERS_HOME:UNDER_3_5,34.2%,0.342300,,,,,,,Sin cuota/EV,No encontrado en Betano,Baja,contexto premium torneo actual,usa promedios del contexto premium/API-Football,el volumen ofensivo puede variar por planteamiento y marcador temprano,
2026-08-02,12:30,Deportivo Riestra vs Barracas Central,,,Local tarjetas -2.5,CARDS_HOME UNDER.2.5,CARDS_HOME:UNDER_2_5,34.0%,0.339700,,,,,,,Sin cuota/EV,No encontrado en Betano,Baja,contexto premium torneo actual,usa promedios del contexto premium/API-Football,depende mucho del arbitro y del contexto competitivo,
2026-08-02,12:30,Deportivo Riestra vs Barracas Central,,,Visita tarjetas +2.5,CARDS_AWAY OVER.2.5,CARDS_AWAY:OVER_2_5,32.3%,0.323300,,,,,,,Sin cuota/EV,No encontrado en Betano,Baja,contexto premium torneo actual,usa promedios del contexto premium/API-Football,depende mucho del arbitro y del contexto competitivo,
2026-08-02,12:30,Deportivo Riestra vs Barracas Central,,,Tarjetas total +6.5,CARDS_TOTALS OVER.6.5,CARDS_TOTALS:OVER_6_5,29.8%,0.298300,,,,,,,Sin cuota/EV,No encontrado en Betano,Baja,contexto premium torneo actual,usa promedios del contexto premium/API-Football,depende mucho del arbitro y del contexto competitivo,
2026-08-02,12:30,Deportivo Riestra vs Barracas Central,,,Local corners +5.5,CORNERS_HOME OVER.5.5,CORNERS_HOME:OVER_5_5,29.7%,0.297100,,,,,,,Sin cuota/EV,No encontrado en Betano,Baja,contexto premium torneo actual,usa promedios del contexto premium/API-Football,el volumen ofensivo puede variar por planteamiento y marcador temprano,
2026-08-02,12:30,Deportivo Riestra vs Barracas Central,10Bet,,BTTS sí,BTTS YES,BTTS:YES,29.6%,0.296300,6.00,0.78,0.777800,,,,EV positivo,No encontrado en Betano,Baja,torneo actual,usa Poisson base con estadisticas de goles del torneo,un gol temprano o baja eficacia puede cambiar la lectura del mercado,
2026-08-02,12:30,Deportivo Riestra vs Barracas Central,,,SHOTS_TOTAL OVER.24.5,SHOTS_TOTAL OVER.24.5,SHOTS_TOTAL:OVER_24_5,29.6%,0.295700,,,,,,,Sin cuota/EV,No encontrado en Betano,Baja,contexto premium torneo actual,usa promedios del contexto premium/API-Football,el volumen ofensivo puede variar por planteamiento y marcador temprano,
2026-08-02,12:30,Deportivo Riestra vs Barracas Central,10Bet,,Gana local,1X2 HOME,1X2:HOME,28.2%,0.282200,3.90,0.10,0.100700,,,,EV positivo,No encontrado en Betano,Baja,torneo actual,usa Poisson base con estadisticas de goles del torneo,riesgo propio del resultado final y variacion del modelo,
2026-08-02,12:30,Deportivo Riestra vs Barracas Central,10Bet,,1T -0.5,FIRST_HALF_TOTALS UNDER.0.5,FIRST_HALF_TOTALS:UNDER_0_5,27.3%,0.272500,1.35,-0.63,-0.632100,,,,EV negativo,No encontrado en Betano,Baja,contexto premium torneo actual,usa promedios del contexto premium/API-Football,el primer tiempo puede tener ritmo bajo o rotaciones,
2026-08-02,12:30,Deportivo Riestra vs Barracas Central,,,Corners total +9.5,CORNERS_TOTALS OVER.9.5,CORNERS_TOTALS:OVER_9_5,25.9%,0.258900,,,,,,,Sin cuota/EV,No encontrado en Betano,Baja,contexto premium torneo actual,usa promedios del contexto premium/API-Football,el volumen ofensivo puede variar por planteamiento y marcador temprano,
2026-08-02,12:30,Deportivo Riestra vs Barracas Central,,,SHOTS_ON_TARGET_TOTAL OVER.9.5,SHOTS_ON_TARGET_TOTAL OVER.9.5,SHOTS_ON_TARGET_TOTAL:OVER_9_5,24.7%,0.246900,,,,,,,Sin cuota/EV,No encontrado en Betano,Baja,contexto premium torneo actual,usa promedios del contexto premium/API-Football,el volumen ofensivo puede variar por planteamiento y marcador temprano,
2026-08-02,12:30,Deportivo Riestra vs Barracas Central,,,Visita corners +4.5,CORNERS_AWAY OVER.4.5,CORNERS_AWAY:OVER_4_5,23.7%,0.237400,,,,,,,Sin cuota/EV,No encontrado en Betano,Baja,contexto premium torneo actual,usa promedios del contexto premium/API-Football,el volumen ofensivo puede variar por planteamiento y marcador temprano,
2026-08-02,12:30,Deportivo Riestra vs Barracas Central,,,SHOTS_TOTAL UNDER.18.5,SHOTS_TOTAL UNDER.18.5,SHOTS_TOTAL:UNDER_18_5,22.6%,0.226200,,,,,,,Sin cuota/EV,No encontrado en Betano,Baja,contexto premium torneo actual,usa promedios del contexto premium/API-Football,el volumen ofensivo puede variar por planteamiento y marcador temprano,
2026-08-02,12:30,Deportivo Riestra vs Barracas Central,,,Visita goles +1.5,TEAM_TOTAL_AWAY OVER.1.5,TEAM_TOTAL_AWAY:OVER_1_5,21.3%,0.213300,,,,,,,Sin cuota/EV,No encontrado en Betano,Baja,torneo actual,usa Poisson base con estadisticas de goles del torneo,un gol temprano o baja eficacia puede cambiar la lectura del mercado,
2026-08-02,12:30,Deportivo Riestra vs Barracas Central,,,Tarjetas total -3.5,CARDS_TOTALS UNDER.3.5,CARDS_TOTALS:UNDER_3_5,21.3%,0.213300,,,,,,,Sin cuota/EV,No encontrado en Betano,Baja,contexto premium torneo actual,usa promedios del contexto premium/API-Football,depende mucho del arbitro y del contexto competitivo,
2026-08-02,12:30,Deportivo Riestra vs Barracas Central,10Bet,,Goles +2.5,TOTALS OVER.2.5,TOTALS:OVER_2_5,21.2%,0.211800,3.20,-0.32,-0.322300,,,,EV negativo,No encontrado en Betano,Baja,torneo actual,usa Poisson base con estadisticas de goles del torneo,un gol temprano o baja eficacia puede cambiar la lectura del mercado,
2026-08-02,12:30,Deportivo Riestra vs Barracas Central,,,SHOTS_TOTAL OVER.26.5,SHOTS_TOTAL OVER.26.5,SHOTS_TOTAL:OVER_26_5,17.3%,0.173200,,,,,,,Sin cuota/EV,No encontrado en Betano,Baja,contexto premium torneo actual,usa promedios del contexto premium/API-Football,el volumen ofensivo puede variar por planteamiento y marcador temprano,
2026-08-02,12:30,Deportivo Riestra vs Barracas Central,,,Local corners +6.5,CORNERS_HOME OVER.6.5,CORNERS_HOME:OVER_6_5,16.9%,0.168900,,,,,,,Sin cuota/EV,No encontrado en Betano,Baja,contexto premium torneo actual,usa promedios del contexto premium/API-Football,el volumen ofensivo puede variar por planteamiento y marcador temprano,
2026-08-02,12:30,Deportivo Riestra vs Barracas Central,,,Corners total +10.5,CORNERS_TOTALS OVER.10.5,CORNERS_TOTALS:OVER_10_5,16.5%,0.164800,,,,,,,Sin cuota/EV,No encontrado en Betano,Baja,contexto premium torneo actual,usa promedios del contexto premium/API-Football,el volumen ofensivo puede variar por planteamiento y marcador temprano,
2026-08-02,12:30,Deportivo Riestra vs Barracas Central,,,Local goles +1.5,TEAM_TOTAL_HOME OVER.1.5,TEAM_TOTAL_HOME:OVER_1_5,16.3%,0.162800,,,,,,,Sin cuota/EV,No encontrado en Betano,Baja,torneo actual,usa Poisson base con estadisticas de goles del torneo,un gol temprano o baja eficacia puede cambiar la lectura del mercado,
2026-08-02,12:30,Deportivo Riestra vs Barracas Central,,,Local tarjetas -1.5,CARDS_HOME UNDER.1.5,CARDS_HOME:UNDER_1_5,14.7%,0.146800,,,,,,,Sin cuota/EV,No encontrado en Betano,Baja,contexto premium torneo actual,usa promedios del contexto premium/API-Football,depende mucho del arbitro y del contexto competitivo,
2026-08-02,12:30,Deportivo Riestra vs Barracas Central,,,Visita tarjetas +3.5,CARDS_AWAY OVER.3.5,CARDS_AWAY:OVER_3_5,14.3%,0.142900,,,,,,,Sin cuota/EV,No encontrado en Betano,Baja,contexto premium torneo actual,usa promedios del contexto premium/API-Football,depende mucho del arbitro y del contexto competitivo,
2026-08-02,12:30,Deportivo Riestra vs Barracas Central,,,Visita tarjetas -0.5,CARDS_AWAY UNDER.0.5,CARDS_AWAY:UNDER_0_5,13.5%,0.135300,,,,,,,Sin cuota/EV,No encontrado en Betano,Baja,contexto premium torneo actual,usa promedios del contexto premium/API-Football,depende mucho del arbitro y del contexto competitivo,
2026-08-02,12:30,Deportivo Riestra vs Barracas Central,,,Visita corners +5.5,CORNERS_AWAY OVER.5.5,CORNERS_AWAY:OVER_5_5,11.7%,0.117100,,,,,,,Sin cuota/EV,No encontrado en Betano,Baja,contexto premium torneo actual,usa promedios del contexto premium/API-Football,el volumen ofensivo puede variar por planteamiento y marcador temprano,
2026-08-02,12:30,Deportivo Riestra vs Barracas Central,,,Corners total +11.5,CORNERS_TOTALS OVER.11.5,CORNERS_TOTALS:OVER_11_5,9.8%,0.098000,,,,,,,Sin cuota/EV,No encontrado en Betano,Baja,contexto premium torneo actual,usa promedios del contexto premium/API-Football,el volumen ofensivo puede variar por planteamiento y marcador temprano,
2026-08-02,12:30,Deportivo Riestra vs Barracas Central,,,Tarjetas total -2.5,CARDS_TOTALS UNDER.2.5,CARDS_TOTALS:UNDER_2_5,9.5%,0.094800,,,,,,,Sin cuota/EV,No encontrado en Betano,Baja,contexto premium torneo actual,usa promedios del contexto premium/API-Football,depende mucho del arbitro y del contexto competitivo,
2026-08-02,12:30,Deportivo Riestra vs Barracas Central,10Bet,,Goles +3.5,TOTALS OVER.3.5,TOTALS:OVER_3_5,7.6%,0.076200,7.00,-0.47,-0.466400,,,,EV negativo,No encontrado en Betano,Baja,torneo actual,usa Poisson base con estadisticas de goles del torneo,un gol temprano o baja eficacia puede cambiar la lectura del mercado,
2026-08-02,12:30,Deportivo Riestra vs Barracas Central,,,Visita goles +2.5,TEAM_TOTAL_AWAY OVER.2.5,TEAM_TOTAL_AWAY:OVER_2_5,5.7%,0.056600,,,,,,,Sin cuota/EV,No encontrado en Betano,Baja,torneo actual,usa Poisson base con estadisticas de goles del torneo,un gol temprano o baja eficacia puede cambiar la lectura del mercado,
2026-08-02,12:30,Deportivo Riestra vs Barracas Central,,,Visita corners +6.5,CORNERS_AWAY OVER.6.5,CORNERS_AWAY:OVER_6_5,5.1%,0.051000,,,,,,,Sin cuota/EV,No encontrado en Betano,Baja,contexto premium torneo actual,usa promedios del contexto premium/API-Football,el volumen ofensivo puede variar por planteamiento y marcador temprano,
2026-08-02,12:30,Deportivo Riestra vs Barracas Central,,,Local goles +2.5,TEAM_TOTAL_HOME OVER.2.5,TEAM_TOTAL_HOME:OVER_2_5,3.7%,0.036600,,,,,,,Sin cuota/EV,No encontrado en Betano,Baja,torneo actual,usa Poisson base con estadisticas de goles del torneo,un gol temprano o baja eficacia puede cambiar la lectura del mercado,
2026-08-02,12:30,Deportivo Riestra vs Barracas Central,,,Local tarjetas -0.5,CARDS_HOME UNDER.0.5,CARDS_HOME:UNDER_0_5,3.3%,0.033400,,,,,,,Sin cuota/EV,No encontrado en Betano,Baja,contexto premium torneo actual,usa promedios del contexto premium/API-Football,depende mucho del arbitro y del contexto competitivo,
2026-08-02,13:15,ADT vs Deportivo Garcilaso,,,Local tarjetas +0.5,CARDS_HOME OVER.0.5,CARDS_HOME:OVER_0_5,93.9%,0.939200,,,,,,,Sin cuota/EV,No encontrado en Betano,Alta,contexto premium torneo actual,usa promedios del contexto premium/API-Football,depende mucho del arbitro y del contexto competitivo,
2026-08-02,13:15,ADT vs Deportivo Garcilaso,,,SHOTS_TOTAL OVER.18.5,SHOTS_TOTAL OVER.18.5,SHOTS_TOTAL:OVER_18_5,93.8%,0.937700,,,,,,,Sin cuota/EV,No encontrado en Betano,Alta,contexto premium torneo actual,usa promedios del contexto premium/API-Football,el volumen ofensivo puede variar por planteamiento y marcador temprano,
2026-08-02,13:15,ADT vs Deportivo Garcilaso,,,Local goles -2.5,TEAM_TOTAL_HOME UNDER.2.5,TEAM_TOTAL_HOME:UNDER_2_5,87.4%,0.874300,,,,,,,Sin cuota/EV,No encontrado en Betano,Alta,torneo actual,usa Poisson base con estadisticas de goles del torneo,un gol temprano o baja eficacia puede cambiar la lectura del mercado,
2026-08-02,13:15,ADT vs Deportivo Garcilaso,,,Visita goles -2.5,TEAM_TOTAL_AWAY UNDER.2.5,TEAM_TOTAL_AWAY:UNDER_2_5,87.0%,0.870400,,,,,,,Sin cuota/EV,No encontrado en Betano,Alta,torneo actual,usa Poisson base con estadisticas de goles del torneo,un gol temprano o baja eficacia puede cambiar la lectura del mercado,
2026-08-02,13:15,ADT vs Deportivo Garcilaso,,,SHOTS_TOTAL OVER.20.5,SHOTS_TOTAL OVER.20.5,SHOTS_TOTAL:OVER_20_5,86.6%,0.865500,,,,,,,Sin cuota/EV,No encontrado en Betano,Alta,contexto premium torneo actual,usa promedios del contexto premium/API-Football,el volumen ofensivo puede variar por planteamiento y marcador temprano,
2026-08-02,13:15,ADT vs Deportivo Garcilaso,,,Visita tarjetas +0.5,CARDS_AWAY OVER.0.5,CARDS_AWAY:OVER_0_5,86.5%,0.864700,,,,,,,Sin cuota/EV,No encontrado en Betano,Alta,contexto premium torneo actual,usa promedios del contexto premium/API-Football,depende mucho del arbitro y del contexto competitivo,
2026-08-02,13:15,ADT vs Deportivo Garcilaso,,,Tarjetas total +2.5,CARDS_TOTALS OVER.2.5,CARDS_TOTALS:OVER_2_5,85.8%,0.857500,,,,,,,Sin cuota/EV,No encontrado en Betano,Alta,contexto premium torneo actual,usa promedios del contexto premium/API-Football,depende mucho del arbitro y del contexto competitivo,
2026-08-02,13:15,ADT vs Deportivo Garcilaso,,,Visita tarjetas -3.5,CARDS_AWAY UNDER.3.5,CARDS_AWAY:UNDER_3_5,85.7%,0.857100,,,,,,,Sin cuota/EV,No encontrado en Betano,Alta,contexto premium torneo actual,usa promedios del contexto premium/API-Football,depende mucho del arbitro y del contexto competitivo,
2026-08-02,13:15,ADT vs Deportivo Garcilaso,,,Visita corners -6.5,CORNERS_AWAY UNDER.6.5,CORNERS_AWAY:UNDER_6_5,83.1%,0.831100,,,,,,,Sin cuota/EV,No encontrado en Betano,Alta,contexto premium torneo actual,usa promedios del contexto premium/API-Football,el volumen ofensivo puede variar por planteamiento y marcador temprano,
2026-08-02,13:15,ADT vs Deportivo Garcilaso,,,SHOTS_ON_TARGET_TOTAL OVER.6.5,SHOTS_ON_TARGET_TOTAL OVER.6.5,SHOTS_ON_TARGET_TOTAL:OVER_6_5,82.7%,0.827300,,,,,,,Sin cuota/EV,No encontrado en Betano,Alta,contexto premium torneo actual,usa promedios del contexto premium/API-Football,el volumen ofensivo puede variar por planteamiento y marcador temprano,
2026-08-02,13:15,ADT vs Deportivo Garcilaso,,,Local corners -6.5,CORNERS_HOME UNDER.6.5,CORNERS_HOME:UNDER_6_5,81.8%,0.818000,,,,,,,Sin cuota/EV,No encontrado en Betano,Alta,contexto premium torneo actual,usa promedios del contexto premium/API-Football,el volumen ofensivo puede variar por planteamiento y marcador temprano,
2026-08-02,13:15,ADT vs Deportivo Garcilaso,,,Corners total -11.5,CORNERS_TOTALS UNDER.11.5,CORNERS_TOTALS:UNDER_11_5,79.3%,0.793200,,,,,,,Sin cuota/EV,No encontrado en Betano,Alta,contexto premium torneo actual,usa promedios del contexto premium/API-Football,el volumen ofensivo puede variar por planteamiento y marcador temprano,
2026-08-02,13:15,ADT vs Deportivo Garcilaso,,,Tarjetas total -6.5,CARDS_TOTALS UNDER.6.5,CARDS_TOTALS:UNDER_6_5,79.1%,0.790800,,,,,,,Sin cuota/EV,No encontrado en Betano,Alta,contexto premium torneo actual,usa promedios del contexto premium/API-Football,depende mucho del arbitro y del contexto competitivo,
2026-08-02,13:15,ADT vs Deportivo Garcilaso,,,Local tarjetas +1.5,CARDS_HOME OVER.1.5,CARDS_HOME:OVER_1_5,76.9%,0.768900,,,,,,,Sin cuota/EV,No encontrado en Betano,Alta,contexto premium torneo actual,usa promedios del contexto premium/API-Football,depende mucho del arbitro y del contexto competitivo,
2026-08-02,13:15,ADT vs Deportivo Garcilaso,10Bet,,Goles -3.5,TOTALS UNDER.3.5,TOTALS:UNDER_3_5,76.5%,0.765100,1.30,-0.01,-0.005400,,,,EV negativo,No encontrado en Betano,Alta,torneo actual,usa Poisson base con estadisticas de goles del torneo,un gol temprano o baja eficacia puede cambiar la lectura del mercado,
2026-08-02,13:15,ADT vs Deportivo Garcilaso,,,SHOTS_TOTAL OVER.22.5,SHOTS_TOTAL OVER.22.5,SHOTS_TOTAL:OVER_22_5,75.4%,0.754400,,,,,,,Sin cuota/EV,No encontrado en Betano,Alta,contexto premium torneo actual,usa promedios del contexto premium/API-Football,el volumen ofensivo puede variar por planteamiento y marcador temprano,
2026-08-02,13:15,ADT vs Deportivo Garcilaso,,,DOUBLE_CHANCE 12,DOUBLE_CHANCE 12,DOUBLE_CHANCE:12,72.8%,0.727700,,,,,,,Sin cuota/EV,No encontrado en Betano,Alta,torneo actual,usa Poisson base con estadisticas de goles del torneo,riesgo propio del resultado final y variacion del modelo,
2026-08-02,13:15,ADT vs Deportivo Garcilaso,,,SHOTS_ON_TARGET_TOTAL OVER.7.5,SHOTS_ON_TARGET_TOTAL OVER.7.5,SHOTS_ON_TARGET_TOTAL:OVER_7_5,72.1%,0.720800,,,,,,,Sin cuota/EV,No encontrado en Betano,Alta,contexto premium torneo actual,usa promedios del contexto premium/API-Football,el volumen ofensivo puede variar por planteamiento y marcador temprano,
2026-08-02,13:15,ADT vs Deportivo Garcilaso,,,Visita goles +0.5,TEAM_TOTAL_AWAY OVER.0.5,TEAM_TOTAL_AWAY:OVER_0_5,71.1%,0.711000,,,,,,,Sin cuota/EV,No encontrado en Betano,Alta,torneo actual,usa Poisson base con estadisticas de goles del torneo,un gol temprano o baja eficacia puede cambiar la lectura del mercado,
2026-08-02,13:15,ADT vs Deportivo Garcilaso,,,Local goles +0.5,TEAM_TOTAL_HOME OVER.0.5,TEAM_TOTAL_HOME:OVER_0_5,70.6%,0.705800,,,,,,,Sin cuota/EV,No encontrado en Betano,Alta,torneo actual,usa Poisson base con estadisticas de goles del torneo,un gol temprano o baja eficacia puede cambiar la lectura del mercado,
2026-08-02,13:15,ADT vs Deportivo Garcilaso,,,Tarjetas total +3.5,CARDS_TOTALS OVER.3.5,CARDS_TOTALS:OVER_3_5,70.6%,0.705800,,,,,,,Sin cuota/EV,No encontrado en Betano,Alta,contexto premium torneo actual,usa promedios del contexto premium/API-Football,depende mucho del arbitro y del contexto competitivo,
2026-08-02,13:15,ADT vs Deportivo Garcilaso,10Bet,,Goles +1.5,TOTALS OVER.1.5,TOTALS:OVER_1_5,70.5%,0.705400,1.30,-0.08,-0.083000,,,,EV negativo,No encontrado en Betano,Alta,torneo actual,usa Poisson base con estadisticas de goles del torneo,un gol temprano o baja eficacia puede cambiar la lectura del mercado,
2026-08-02,13:15,ADT vs Deportivo Garcilaso,,,Visita corners -5.5,CORNERS_AWAY UNDER.5.5,CORNERS_AWAY:UNDER_5_5,70.3%,0.702900,,,,,,,Sin cuota/EV,No encontrado en Betano,Alta,contexto premium torneo actual,usa promedios del contexto premium/API-Football,el volumen ofensivo puede variar por planteamiento y marcador temprano,
2026-08-02,13:15,ADT vs Deportivo Garcilaso,10Bet,,1T +0.5,FIRST_HALF_TOTALS OVER.0.5,FIRST_HALF_TOTALS:OVER_0_5,69.9%,0.698800,2.35,0.64,0.642200,,,,EV positivo,No encontrado en Betano,Media,contexto premium torneo actual,usa promedios del contexto premium/API-Football,el primer tiempo puede tener ritmo bajo o rotaciones,
2026-08-02,13:15,ADT vs Deportivo Garcilaso,,,Corners total -10.5,CORNERS_TOTALS UNDER.10.5,CORNERS_TOTALS:UNDER_10_5,69.4%,0.694100,,,,,,,Sin cuota/EV,No encontrado en Betano,Media,contexto premium torneo actual,usa promedios del contexto premium/API-Football,el volumen ofensivo puede variar por planteamiento y marcador temprano,
2026-08-02,13:15,ADT vs Deportivo Garcilaso,,,Local tarjetas -3.5,CARDS_HOME UNDER.3.5,CARDS_HOME:UNDER_3_5,69.2%,0.691900,,,,,,,Sin cuota/EV,No encontrado en Betano,Media,contexto premium torneo actual,usa promedios del contexto premium/API-Football,depende mucho del arbitro y del contexto competitivo,
2026-08-02,13:15,ADT vs Deportivo Garcilaso,,,Corners total +7.5,CORNERS_TOTALS OVER.7.5,CORNERS_TOTALS:OVER_7_5,68.8%,0.687700,,,,,,,Sin cuota/EV,No encontrado en Betano,Media,contexto premium torneo actual,usa promedios del contexto premium/API-Football,el volumen ofensivo puede variar por planteamiento y marcador temprano,
2026-08-02,13:15,ADT vs Deportivo Garcilaso,,,Local corners -5.5,CORNERS_HOME UNDER.5.5,CORNERS_HOME:UNDER_5_5,68.6%,0.685800,,,,,,,Sin cuota/EV,No encontrado en Betano,Media,contexto premium torneo actual,usa promedios del contexto premium/API-Football,el volumen ofensivo puede variar por planteamiento y marcador temprano,
2026-08-02,13:15,ADT vs Deportivo Garcilaso,,,Visita tarjetas -2.5,CARDS_AWAY UNDER.2.5,CARDS_AWAY:UNDER_2_5,67.7%,0.676700,,,,,,,Sin cuota/EV,No encontrado en Betano,Media,contexto premium torneo actual,usa promedios del contexto premium/API-Football,depende mucho del arbitro y del contexto competitivo,
2026-08-02,13:15,ADT vs Deportivo Garcilaso,,,Local corners +3.5,CORNERS_HOME OVER.3.5,CORNERS_HOME:OVER_3_5,67.4%,0.674300,,,,,,,Sin cuota/EV,No encontrado en Betano,Media,contexto premium torneo actual,usa promedios del contexto premium/API-Football,el volumen ofensivo puede variar por planteamiento y marcador temprano,
2026-08-02,13:15,ADT vs Deportivo Garcilaso,10Bet,,1T -1.5,FIRST_HALF_TOTALS UNDER.1.5,FIRST_HALF_TOTALS:UNDER_1_5,66.3%,0.662600,1.05,-0.30,-0.304200,,,,EV negativo,No encontrado en Betano,Media,contexto premium torneo actual,usa promedios del contexto premium/API-Football,el primer tiempo puede tener ritmo bajo o rotaciones,
2026-08-02,13:15,ADT vs Deportivo Garcilaso,,,Visita corners +3.5,CORNERS_AWAY OVER.3.5,CORNERS_AWAY:OVER_3_5,65.8%,0.657700,,,,,,,Sin cuota/EV,No encontrado en Betano,Media,contexto premium torneo actual,usa promedios del contexto premium/API-Football,el volumen ofensivo puede variar por planteamiento y marcador temprano,
2026-08-02,13:15,ADT vs Deportivo Garcilaso,,,Local goles -1.5,TEAM_TOTAL_HOME UNDER.1.5,TEAM_TOTAL_HOME:UNDER_1_5,65.4%,0.654100,,,,,,,Sin cuota/EV,No encontrado en Betano,Media,torneo actual,usa Poisson base con estadisticas de goles del torneo,un gol temprano o baja eficacia puede cambiar la lectura del mercado,
2026-08-02,13:15,ADT vs Deportivo Garcilaso,,,Tarjetas total -5.5,CARDS_TOTALS UNDER.5.5,CARDS_TOTALS:UNDER_5_5,65.1%,0.651000,,,,,,,Sin cuota/EV,No encontrado en Betano,Media,contexto premium torneo actual,usa promedios del contexto premium/API-Football,depende mucho del arbitro y del contexto competitivo,
2026-08-02,13:15,ADT vs Deportivo Garcilaso,,,Visita goles -1.5,TEAM_TOTAL_AWAY UNDER.1.5,TEAM_TOTAL_AWAY:UNDER_1_5,64.8%,0.647800,,,,,,,Sin cuota/EV,No encontrado en Betano,Media,torneo actual,usa Poisson base con estadisticas de goles del torneo,un gol temprano o baja eficacia puede cambiar la lectura del mercado,
2026-08-02,13:15,ADT vs Deportivo Garcilaso,,,DOUBLE_CHANCE X2,DOUBLE_CHANCE X2,DOUBLE_CHANCE:X2,64.0%,0.640400,,,,,,,Sin cuota/EV,No encontrado en Betano,Media,torneo actual,usa Poisson base con estadisticas de goles del torneo,riesgo propio del resultado final y variacion del modelo,
2026-08-02,13:15,ADT vs Deportivo Garcilaso,,,DOUBLE_CHANCE 1X,DOUBLE_CHANCE 1X,DOUBLE_CHANCE:1X,63.2%,0.631900,,,,,,,Sin cuota/EV,No encontrado en Betano,Media,torneo actual,usa Poisson base con estadisticas de goles del torneo,riesgo propio del resultado final y variacion del modelo,
2026-08-02,13:15,ADT vs Deportivo Garcilaso,,,SHOTS_TOTAL OVER.24.5,SHOTS_TOTAL OVER.24.5,SHOTS_TOTAL:OVER_24_5,61.2%,0.611500,,,,,,,Sin cuota/EV,No encontrado en Betano,Media,contexto premium torneo actual,usa promedios del contexto premium/API-Football,el volumen ofensivo puede variar por planteamiento y marcador temprano,
2026-08-02,13:15,ADT vs Deportivo Garcilaso,,,SHOTS_ON_TARGET_TOTAL OVER.8.5,SHOTS_ON_TARGET_TOTAL OVER.8.5,SHOTS_ON_TARGET_TOTAL:OVER_8_5,59.6%,0.595800,,,,,,,Sin cuota/EV,No encontrado en Betano,Media,contexto premium torneo actual,usa promedios del contexto premium/API-Football,el volumen ofensivo puede variar por planteamiento y marcador temprano,
2026-08-02,13:15,ADT vs Deportivo Garcilaso,,,Visita tarjetas +1.5,CARDS_AWAY OVER.1.5,CARDS_AWAY:OVER_1_5,59.4%,0.594000,,,,,,,Sin cuota/EV,No encontrado en Betano,Media,contexto premium torneo actual,usa promedios del contexto premium/API-Football,depende mucho del arbitro y del contexto competitivo,
2026-08-02,13:15,ADT vs Deportivo Garcilaso,10Bet,,Corners total -9.5,CORNERS_TOTALS UNDER.9.5,CORNERS_TOTALS:UNDER_9_5,57.4%,0.574200,1.70,-0.02,-0.023800,,,,EV negativo,No encontrado en Betano,Media,contexto premium torneo actual,usa promedios del contexto premium/API-Football,el volumen ofensivo puede variar por planteamiento y marcador temprano,
2026-08-02,13:15,ADT vs Deportivo Garcilaso,10Bet,,Corners total +8.5,CORNERS_TOTALS OVER.8.5,CORNERS_TOTALS:OVER_8_5,55.7%,0.557400,1.70,-0.05,-0.052300,,,,EV negativo,No encontrado en Betano,Media,contexto premium torneo actual,usa promedios del contexto premium/API-Football,el volumen ofensivo puede variar por planteamiento y marcador temprano,
2026-08-02,13:15,ADT vs Deportivo Garcilaso,10Bet,,Goles -2.5,TOTALS UNDER.2.5,TOTALS:UNDER_2_5,55.3%,0.552900,1.83,0.01,0.011700,,,,EV negativo,No encontrado en Betano,Media,torneo actual,usa Poisson base con estadisticas de goles del torneo,un gol temprano o baja eficacia puede cambiar la lectura del mercado,
2026-08-02,13:15,ADT vs Deportivo Garcilaso,,,SHOTS_TOTAL UNDER.26.5,SHOTS_TOTAL UNDER.26.5,SHOTS_TOTAL:UNDER_26_5,54.4%,0.544100,,,,,,,Sin cuota/EV,No encontrado en Betano,Baja,contexto premium torneo actual,usa promedios del contexto premium/API-Football,el volumen ofensivo puede variar por planteamiento y marcador temprano,
2026-08-02,13:15,ADT vs Deportivo Garcilaso,,,SHOTS_ON_TARGET_TOTAL UNDER.9.5,SHOTS_ON_TARGET_TOTAL UNDER.9.5,SHOTS_ON_TARGET_TOTAL:UNDER_9_5,53.5%,0.534900,,,,,,,Sin cuota/EV,No encontrado en Betano,Baja,contexto premium torneo actual,usa promedios del contexto premium/API-Football,el volumen ofensivo puede variar por planteamiento y marcador temprano,
2026-08-02,13:15,ADT vs Deportivo Garcilaso,,,Visita corners -4.5,CORNERS_AWAY UNDER.4.5,CORNERS_AWAY:UNDER_4_5,53.2%,0.532100,,,,,,,Sin cuota/EV,No encontrado en Betano,Baja,contexto premium torneo actual,usa promedios del contexto premium/API-Football,el volumen ofensivo puede variar por planteamiento y marcador temprano,
2026-08-02,13:15,ADT vs Deportivo Garcilaso,,,Local tarjetas +2.5,CARDS_HOME OVER.2.5,CARDS_HOME:OVER_2_5,53.0%,0.530500,,,,,,,Sin cuota/EV,No encontrado en Betano,Baja,contexto premium torneo actual,usa promedios del contexto premium/API-Football,depende mucho del arbitro y del contexto competitivo,
2026-08-02,13:15,ADT vs Deportivo Garcilaso,,,Tarjetas total +4.5,CARDS_TOTALS OVER.4.5,CARDS_TOTALS:OVER_4_5,52.4%,0.523700,,,,,,,Sin cuota/EV,No encontrado en Betano,Baja,contexto premium torneo actual,usa promedios del contexto premium/API-Football,depende mucho del arbitro y del contexto competitivo,
2026-08-02,13:15,ADT vs Deportivo Garcilaso,,,Local corners -4.5,CORNERS_HOME UNDER.4.5,CORNERS_HOME:UNDER_4_5,51.3%,0.513200,,,,,,,Sin cuota/EV,No encontrado en Betano,Baja,contexto premium torneo actual,usa promedios del contexto premium/API-Football,el volumen ofensivo puede variar por planteamiento y marcador temprano,
2026-08-02,13:15,ADT vs Deportivo Garcilaso,10Bet,,DNB visita,DRAW_NO_BET AWAY,DRAW_NO_BET:AWAY,50.6%,0.505800,2.25,0.14,0.138000,,,,EV positivo,No encontrado en Betano,Baja,torneo actual,usa Poisson base con estadisticas de goles del torneo,riesgo propio del resultado final y variacion del modelo,
2026-08-02,13:15,ADT vs Deportivo Garcilaso,10Bet,,BTTS sí,BTTS YES,BTTS:YES,50.2%,0.501800,4.33,1.17,1.172900,,,,EV positivo,No encontrado en Betano,Baja,torneo actual,usa Poisson base con estadisticas de goles del torneo,un gol temprano o baja eficacia puede cambiar la lectura del mercado,
2026-08-02,13:15,ADT vs Deportivo Garcilaso,10Bet,,BTTS no,BTTS NO,BTTS:NO,49.8%,0.498200,1.18,-0.41,-0.412200,,,,EV negativo,No encontrado en Betano,Baja,torneo actual,usa Poisson base con estadisticas de goles del torneo,un gol temprano o baja eficacia puede cambiar la lectura del mercado,
2026-08-02,13:15,ADT vs Deportivo Garcilaso,10Bet,,DNB local,DRAW_NO_BET HOME,DRAW_NO_BET:HOME,49.4%,0.494200,1.57,-0.22,-0.224100,,,,EV negativo,No encontrado en Betano,Baja,torneo actual,usa Poisson base con estadisticas de goles del torneo,riesgo propio del resultado final y variacion del modelo,
2026-08-02,13:15,ADT vs Deportivo Garcilaso,,,Local corners +4.5,CORNERS_HOME OVER.4.5,CORNERS_HOME:OVER_4_5,48.7%,0.486800,,,,,,,Sin cuota/EV,No encontrado en Betano,Baja,contexto premium torneo actual,usa promedios del contexto premium/API-Football,el volumen ofensivo puede variar por planteamiento y marcador temprano,
2026-08-02,13:15,ADT vs Deportivo Garcilaso,,,Tarjetas total -4.5,CARDS_TOTALS UNDER.4.5,CARDS_TOTALS:UNDER_4_5,47.6%,0.476300,,,,,,,Sin cuota/EV,No encontrado en Betano,Baja,contexto premium torneo actual,usa promedios del contexto premium/API-Football,depende mucho del arbitro y del contexto competitivo,
2026-08-02,13:15,ADT vs Deportivo Garcilaso,,,Local tarjetas -2.5,CARDS_HOME UNDER.2.5,CARDS_HOME:UNDER_2_5,46.9%,0.469500,,,,,,,Sin cuota/EV,No encontrado en Betano,Baja,contexto premium torneo actual,usa promedios del contexto premium/API-Football,depende mucho del arbitro y del contexto competitivo,
2026-08-02,13:15,ADT vs Deportivo Garcilaso,,,Visita corners +4.5,CORNERS_AWAY OVER.4.5,CORNERS_AWAY:OVER_4_5,46.8%,0.467900,,,,,,,Sin cuota/EV,No encontrado en Betano,Baja,contexto premium torneo actual,usa promedios del contexto premium/API-Football,el volumen ofensivo puede variar por planteamiento y marcador temprano,
2026-08-02,13:15,ADT vs Deportivo Garcilaso,,,SHOTS_ON_TARGET_TOTAL OVER.9.5,SHOTS_ON_TARGET_TOTAL OVER.9.5,SHOTS_ON_TARGET_TOTAL:OVER_9_5,46.5%,0.465100,,,,,,,Sin cuota/EV,No encontrado en Betano,Baja,contexto premium torneo actual,usa promedios del contexto premium/API-Football,el volumen ofensivo puede variar por planteamiento y marcador temprano,
2026-08-02,13:15,ADT vs Deportivo Garcilaso,,,SHOTS_TOTAL OVER.26.5,SHOTS_TOTAL OVER.26.5,SHOTS_TOTAL:OVER_26_5,45.6%,0.455900,,,,,,,Sin cuota/EV,No encontrado en Betano,Baja,contexto premium torneo actual,usa promedios del contexto premium/API-Football,el volumen ofensivo puede variar por planteamiento y marcador temprano,
2026-08-02,13:15,ADT vs Deportivo Garcilaso,10Bet,,Goles +2.5,TOTALS OVER.2.5,TOTALS:OVER_2_5,44.7%,0.447100,1.95,-0.13,-0.128100,,,,EV negativo,No encontrado en Betano,Baja,torneo actual,usa Poisson base con estadisticas de goles del torneo,un gol temprano o baja eficacia puede cambiar la lectura del mercado,
2026-08-02,13:15,ADT vs Deportivo Garcilaso,10Bet,,Corners total -8.5,CORNERS_TOTALS UNDER.8.5,CORNERS_TOTALS:UNDER_8_5,44.3%,0.442600,2.05,-0.09,-0.092800,,,,EV negativo,No encontrado en Betano,Baja,contexto premium torneo actual,usa promedios del contexto premium/API-Football,el volumen ofensivo puede variar por planteamiento y marcador temprano,
2026-08-02,13:15,ADT vs Deportivo Garcilaso,10Bet,,Corners total +9.5,CORNERS_TOTALS OVER.9.5,CORNERS_TOTALS:OVER_9_5,42.6%,0.425800,2.05,-0.13,-0.127200,,,,EV negativo,No encontrado en Betano,Baja,contexto premium torneo actual,usa promedios del contexto premium/API-Football,el volumen ofensivo puede variar por planteamiento y marcador temprano,
2026-08-02,13:15,ADT vs Deportivo Garcilaso,,,Visita tarjetas -1.5,CARDS_AWAY UNDER.1.5,CARDS_AWAY:UNDER_1_5,40.6%,0.406000,,,,,,,Sin cuota/EV,No encontrado en Betano,Baja,contexto premium torneo actual,usa promedios del contexto premium/API-Football,depende mucho del arbitro y del contexto competitivo,
2026-08-02,13:15,ADT vs Deportivo Garcilaso,,,SHOTS_ON_TARGET_TOTAL UNDER.8.5,SHOTS_ON_TARGET_TOTAL UNDER.8.5,SHOTS_ON_TARGET_TOTAL:UNDER_8_5,40.4%,0.404200,,,,,,,Sin cuota/EV,No encontrado en Betano,Baja,contexto premium torneo actual,usa promedios del contexto premium/API-Football,el volumen ofensivo puede variar por planteamiento y marcador temprano,
2026-08-02,13:15,ADT vs Deportivo Garcilaso,,,SHOTS_TOTAL UNDER.24.5,SHOTS_TOTAL UNDER.24.5,SHOTS_TOTAL:UNDER_24_5,38.9%,0.388500,,,,,,,Sin cuota/EV,No encontrado en Betano,Baja,contexto premium torneo actual,usa promedios del contexto premium/API-Football,el volumen ofensivo puede variar por planteamiento y marcador temprano,
2026-08-02,13:15,ADT vs Deportivo Garcilaso,10Bet,,Gana visita,1X2 AWAY,1X2:AWAY,36.8%,0.368100,4.75,0.75,0.748300,,,,EV positivo,No encontrado en Betano,Baja,torneo actual,usa Poisson base con estadisticas de goles del torneo,riesgo propio del resultado final y variacion del modelo,
2026-08-02,13:15,ADT vs Deportivo Garcilaso,10Bet,,Gana local,1X2 HOME,1X2:HOME,36.0%,0.359600,3.55,0.28,0.276800,,,,EV positivo,No encontrado en Betano,Baja,torneo actual,usa Poisson base con estadisticas de goles del torneo,riesgo propio del resultado final y variacion del modelo,
2026-08-02,13:15,ADT vs Deportivo Garcilaso,,,Visita goles +1.5,TEAM_TOTAL_AWAY OVER.1.5,TEAM_TOTAL_AWAY:OVER_1_5,35.2%,0.352200,,,,,,,Sin cuota/EV,No encontrado en Betano,Baja,torneo actual,usa Poisson base con estadisticas de goles del torneo,un gol temprano o baja eficacia puede cambiar la lectura del mercado,
2026-08-02,13:15,ADT vs Deportivo Garcilaso,,,Tarjetas total +5.5,CARDS_TOTALS OVER.5.5,CARDS_TOTALS:OVER_5_5,34.9%,0.349000,,,,,,,Sin cuota/EV,No encontrado en Betano,Baja,contexto premium torneo actual,usa promedios del contexto premium/API-Football,depende mucho del arbitro y del contexto competitivo,
2026-08-02,13:15,ADT vs Deportivo Garcilaso,,,Local goles +1.5,TEAM_TOTAL_HOME OVER.1.5,TEAM_TOTAL_HOME:OVER_1_5,34.6%,0.345900,,,,,,,Sin cuota/EV,No encontrado en Betano,Baja,torneo actual,usa Poisson base con estadisticas de goles del torneo,un gol temprano o baja eficacia puede cambiar la lectura del mercado,
2026-08-02,13:15,ADT vs Deportivo Garcilaso,,,Visita corners -3.5,CORNERS_AWAY UNDER.3.5,CORNERS_AWAY:UNDER_3_5,34.2%,0.342300,,,,,,,Sin cuota/EV,No encontrado en Betano,Baja,contexto premium torneo actual,usa promedios del contexto premium/API-Football,el volumen ofensivo puede variar por planteamiento y marcador temprano,
2026-08-02,13:15,ADT vs Deportivo Garcilaso,10Bet,,1T +1.5,FIRST_HALF_TOTALS OVER.1.5,FIRST_HALF_TOTALS:OVER_1_5,33.7%,0.337400,8.00,1.70,1.699000,,,,EV positivo,No encontrado en Betano,Baja,contexto premium torneo actual,usa promedios del contexto premium/API-Football,el primer tiempo puede tener ritmo bajo o rotaciones,
2026-08-02,13:15,ADT vs Deportivo Garcilaso,,,Local corners -3.5,CORNERS_HOME UNDER.3.5,CORNERS_HOME:UNDER_3_5,32.6%,0.325700,,,,,,,Sin cuota/EV,No encontrado en Betano,Baja,contexto premium torneo actual,usa promedios del contexto premium/API-Football,el volumen ofensivo puede variar por planteamiento y marcador temprano,
2026-08-02,13:15,ADT vs Deportivo Garcilaso,,,Visita tarjetas +2.5,CARDS_AWAY OVER.2.5,CARDS_AWAY:OVER_2_5,32.3%,0.323300,,,,,,,Sin cuota/EV,No encontrado en Betano,Baja,contexto premium torneo actual,usa promedios del contexto premium/API-Football,depende mucho del arbitro y del contexto competitivo,
2026-08-02,13:15,ADT vs Deportivo Garcilaso,,,Local corners +5.5,CORNERS_HOME OVER.5.5,CORNERS_HOME:OVER_5_5,31.4%,0.314200,,,,,,,Sin cuota/EV,No encontrado en Betano,Baja,contexto premium torneo actual,usa promedios del contexto premium/API-Football,el volumen ofensivo puede variar por planteamiento y marcador temprano,
2026-08-02,13:15,ADT vs Deportivo Garcilaso,,,Corners total -7.5,CORNERS_TOTALS UNDER.7.5,CORNERS_TOTALS:UNDER_7_5,31.2%,0.312300,,,,,,,Sin cuota/EV,No encontrado en Betano,Baja,contexto premium torneo actual,usa promedios del contexto premium/API-Football,el volumen ofensivo puede variar por planteamiento y marcador temprano,
2026-08-02,13:15,ADT vs Deportivo Garcilaso,,,Local tarjetas +3.5,CARDS_HOME OVER.3.5,CARDS_HOME:OVER_3_5,30.8%,0.308100,,,,,,,Sin cuota/EV,No encontrado en Betano,Baja,contexto premium torneo actual,usa promedios del contexto premium/API-Football,depende mucho del arbitro y del contexto competitivo,
2026-08-02,13:15,ADT vs Deportivo Garcilaso,,,Corners total +10.5,CORNERS_TOTALS OVER.10.5,CORNERS_TOTALS:OVER_10_5,30.6%,0.305900,,,,,,,Sin cuota/EV,No encontrado en Betano,Baja,contexto premium torneo actual,usa promedios del contexto premium/API-Football,el volumen ofensivo puede variar por planteamiento y marcador temprano,
2026-08-02,13:15,ADT vs Deportivo Garcilaso,10Bet,,1T -0.5,FIRST_HALF_TOTALS UNDER.0.5,FIRST_HALF_TOTALS:UNDER_0_5,30.1%,0.301200,1.53,-0.54,-0.539200,,,,EV negativo,No encontrado en Betano,Baja,contexto premium torneo actual,usa promedios del contexto premium/API-Football,el primer tiempo puede tener ritmo bajo o rotaciones,
2026-08-02,13:15,ADT vs Deportivo Garcilaso,,,Visita corners +5.5,CORNERS_AWAY OVER.5.5,CORNERS_AWAY:OVER_5_5,29.7%,0.297100,,,,,,,Sin cuota/EV,No encontrado en Betano,Baja,contexto premium torneo actual,usa promedios del contexto premium/API-Football,el volumen ofensivo puede variar por planteamiento y marcador temprano,
2026-08-02,13:15,ADT vs Deportivo Garcilaso,10Bet,,Goles -1.5,TOTALS UNDER.1.5,TOTALS:UNDER_1_5,29.5%,0.294600,3.40,0.00,0.001600,,,,EV negativo,No encontrado en Betano,Baja,torneo actual,usa Poisson base con estadisticas de goles del torneo,un gol temprano o baja eficacia puede cambiar la lectura del mercado,
2026-08-02,13:15,ADT vs Deportivo Garcilaso,,,Tarjetas total -3.5,CARDS_TOTALS UNDER.3.5,CARDS_TOTALS:UNDER_3_5,29.4%,0.294200,,,,,,,Sin cuota/EV,No encontrado en Betano,Baja,contexto premium torneo actual,usa promedios del contexto premium/API-Football,depende mucho del arbitro y del contexto competitivo,
2026-08-02,13:15,ADT vs Deportivo Garcilaso,,,Local goles -0.5,TEAM_TOTAL_HOME UNDER.0.5,TEAM_TOTAL_HOME:UNDER_0_5,29.4%,0.294200,,,,,,,Sin cuota/EV,No encontrado en Betano,Baja,torneo actual,usa Poisson base con estadisticas de goles del torneo,un gol temprano o baja eficacia puede cambiar la lectura del mercado,
2026-08-02,13:15,ADT vs Deportivo Garcilaso,,,Visita goles -0.5,TEAM_TOTAL_AWAY UNDER.0.5,TEAM_TOTAL_AWAY:UNDER_0_5,28.9%,0.289000,,,,,,,Sin cuota/EV,No encontrado en Betano,Baja,torneo actual,usa Poisson base con estadisticas de goles del torneo,un gol temprano o baja eficacia puede cambiar la lectura del mercado,
2026-08-02,13:15,ADT vs Deportivo Garcilaso,,,SHOTS_ON_TARGET_TOTAL UNDER.7.5,SHOTS_ON_TARGET_TOTAL UNDER.7.5,SHOTS_ON_TARGET_TOTAL:UNDER_7_5,27.9%,0.279200,,,,,,,Sin cuota/EV,No encontrado en Betano,Baja,contexto premium torneo actual,usa promedios del contexto premium/API-Football,el volumen ofensivo puede variar por planteamiento y marcador temprano,
2026-08-02,13:15,ADT vs Deportivo Garcilaso,10Bet,,Empate,1X2 DRAW,1X2:DRAW,27.2%,0.272300,1.70,-0.54,-0.537100,,,,EV negativo,No encontrado en Betano,Baja,torneo actual,usa Poisson base con estadisticas de goles del torneo,riesgo propio del resultado final y variacion del modelo,
2026-08-02,13:15,ADT vs Deportivo Garcilaso,,,SHOTS_TOTAL UNDER.22.5,SHOTS_TOTAL UNDER.22.5,SHOTS_TOTAL:UNDER_22_5,24.6%,0.245600,,,,,,,Sin cuota/EV,No encontrado en Betano,Baja,contexto premium torneo actual,usa promedios del contexto premium/API-Football,el volumen ofensivo puede variar por planteamiento y marcador temprano,
2026-08-02,13:15,ADT vs Deportivo Garcilaso,10Bet,,Goles +3.5,TOTALS OVER.3.5,TOTALS:OVER_3_5,23.5%,0.234900,3.45,-0.19,-0.189500,,,,EV negativo,No encontrado en Betano,Baja,torneo actual,usa Poisson base con estadisticas de goles del torneo,un gol temprano o baja eficacia puede cambiar la lectura del mercado,
2026-08-02,13:15,ADT vs Deportivo Garcilaso,,,Local tarjetas -1.5,CARDS_HOME UNDER.1.5,CARDS_HOME:UNDER_1_5,23.1%,0.231100,,,,,,,Sin cuota/EV,No encontrado en Betano,Baja,contexto premium torneo actual,usa promedios del contexto premium/API-Football,depende mucho del arbitro y del contexto competitivo,
2026-08-02,13:15,ADT vs Deportivo Garcilaso,,,Tarjetas total +6.5,CARDS_TOTALS OVER.6.5,CARDS_TOTALS:OVER_6_5,20.9%,0.209200,,,,,,,Sin cuota/EV,No encontrado en Betano,Baja,contexto premium torneo actual,usa promedios del contexto premium/API-Football,depende mucho del arbitro y del contexto competitivo,
2026-08-02,13:15,ADT vs Deportivo Garcilaso,,,Corners total +11.5,CORNERS_TOTALS OVER.11.5,CORNERS_TOTALS:OVER_11_5,20.7%,0.206800,,,,,,,Sin cuota/EV,No encontrado en Betano,Baja,contexto premium torneo actual,usa promedios del contexto premium/API-Football,el volumen ofensivo puede variar por planteamiento y marcador temprano,
2026-08-02,13:15,ADT vs Deportivo Garcilaso,,,Local corners +6.5,CORNERS_HOME OVER.6.5,CORNERS_HOME:OVER_6_5,18.2%,0.182000,,,,,,,Sin cuota/EV,No encontrado en Betano,Baja,contexto premium torneo actual,usa promedios del contexto premium/API-Football,el volumen ofensivo puede variar por planteamiento y marcador temprano,
2026-08-02,13:15,ADT vs Deportivo Garcilaso,,,SHOTS_ON_TARGET_TOTAL UNDER.6.5,SHOTS_ON_TARGET_TOTAL UNDER.6.5,SHOTS_ON_TARGET_TOTAL:UNDER_6_5,17.3%,0.172700,,,,,,,Sin cuota/EV,No encontrado en Betano,Baja,contexto premium torneo actual,usa promedios del contexto premium/API-Football,el volumen ofensivo puede variar por planteamiento y marcador temprano,
2026-08-02,13:15,ADT vs Deportivo Garcilaso,,,Visita corners +6.5,CORNERS_AWAY OVER.6.5,CORNERS_AWAY:OVER_6_5,16.9%,0.168900,,,,,,,Sin cuota/EV,No encontrado en Betano,Baja,contexto premium torneo actual,usa promedios del contexto premium/API-Football,el volumen ofensivo puede variar por planteamiento y marcador temprano,
2026-08-02,13:15,ADT vs Deportivo Garcilaso,,,Visita tarjetas +3.5,CARDS_AWAY OVER.3.5,CARDS_AWAY:OVER_3_5,14.3%,0.142900,,,,,,,Sin cuota/EV,No encontrado en Betano,Baja,contexto premium torneo actual,usa promedios del contexto premium/API-Football,depende mucho del arbitro y del contexto competitivo,
2026-08-02,13:15,ADT vs Deportivo Garcilaso,,,Tarjetas total -2.5,CARDS_TOTALS UNDER.2.5,CARDS_TOTALS:UNDER_2_5,14.2%,0.142500,,,,,,,Sin cuota/EV,No encontrado en Betano,Baja,contexto premium torneo actual,usa promedios del contexto premium/API-Football,depende mucho del arbitro y del contexto competitivo,
2026-08-02,13:15,ADT vs Deportivo Garcilaso,,,Visita tarjetas -0.5,CARDS_AWAY UNDER.0.5,CARDS_AWAY:UNDER_0_5,13.5%,0.135300,,,,,,,Sin cuota/EV,No encontrado en Betano,Baja,contexto premium torneo actual,usa promedios del contexto premium/API-Football,depende mucho del arbitro y del contexto competitivo,
2026-08-02,13:15,ADT vs Deportivo Garcilaso,,,SHOTS_TOTAL UNDER.20.5,SHOTS_TOTAL UNDER.20.5,SHOTS_TOTAL:UNDER_20_5,13.5%,0.134500,,,,,,,Sin cuota/EV,No encontrado en Betano,Baja,contexto premium torneo actual,usa promedios del contexto premium/API-Football,el volumen ofensivo puede variar por planteamiento y marcador temprano,
2026-08-02,13:15,ADT vs Deportivo Garcilaso,,,Visita goles +2.5,TEAM_TOTAL_AWAY OVER.2.5,TEAM_TOTAL_AWAY:OVER_2_5,13.0%,0.129600,,,,,,,Sin cuota/EV,No encontrado en Betano,Baja,torneo actual,usa Poisson base con estadisticas de goles del torneo,un gol temprano o baja eficacia puede cambiar la lectura del mercado,
2026-08-02,13:15,ADT vs Deportivo Garcilaso,,,Local goles +2.5,TEAM_TOTAL_HOME OVER.2.5,TEAM_TOTAL_HOME:OVER_2_5,12.6%,0.125700,,,,,,,Sin cuota/EV,No encontrado en Betano,Baja,torneo actual,usa Poisson base con estadisticas de goles del torneo,un gol temprano o baja eficacia puede cambiar la lectura del mercado,
2026-08-02,13:15,ADT vs Deportivo Garcilaso,,,SHOTS_TOTAL UNDER.18.5,SHOTS_TOTAL UNDER.18.5,SHOTS_TOTAL:UNDER_18_5,6.2%,0.062300,,,,,,,Sin cuota/EV,No encontrado en Betano,Baja,contexto premium torneo actual,usa promedios del contexto premium/API-Football,el volumen ofensivo puede variar por planteamiento y marcador temprano,
2026-08-02,13:15,ADT vs Deportivo Garcilaso,,,Local tarjetas -0.5,CARDS_HOME UNDER.0.5,CARDS_HOME:UNDER_0_5,6.1%,0.060800,,,,,,,Sin cuota/EV,No encontrado en Betano,Baja,contexto premium torneo actual,usa promedios del contexto premium/API-Football,depende mucho del arbitro y del contexto competitivo,
2026-08-02,15:00,Newells Old Boys vs Boca Juniors,,,Local tarjetas +0.5,CARDS_HOME OVER.0.5,CARDS_HOME:OVER_0_5,96.7%,0.966600,,,,,,,Sin cuota/EV,No encontrado en Betano,Alta,contexto premium torneo actual,usa promedios del contexto premium/API-Football,depende mucho del arbitro y del contexto competitivo,
2026-08-02,15:00,Newells Old Boys vs Boca Juniors,,,Local goles -2.5,TEAM_TOTAL_HOME UNDER.2.5,TEAM_TOTAL_HOME:UNDER_2_5,93.2%,0.932100,,,,,,,Sin cuota/EV,No encontrado en Betano,Alta,torneo actual,usa Poisson base con estadisticas de goles del torneo,un gol temprano o baja eficacia puede cambiar la lectura del mercado,
2026-08-02,15:00,Newells Old Boys vs Boca Juniors,,,Visita corners +3.5,CORNERS_AWAY OVER.3.5,CORNERS_AWAY:OVER_3_5,92.3%,0.923300,,,,,,,Sin cuota/EV,No encontrado en Betano,Alta,contexto premium torneo actual,usa promedios del contexto premium/API-Football,el volumen ofensivo puede variar por planteamiento y marcador temprano,
2026-08-02,15:00,Newells Old Boys vs Boca Juniors,,,Local corners -6.5,CORNERS_HOME UNDER.6.5,CORNERS_HOME:UNDER_6_5,90.9%,0.909100,,,,,,,Sin cuota/EV,No encontrado en Betano,Alta,contexto premium torneo actual,usa promedios del contexto premium/API-Football,el volumen ofensivo puede variar por planteamiento y marcador temprano,
2026-08-02,15:00,Newells Old Boys vs Boca Juniors,,,Tarjetas total +2.5,CARDS_TOTALS OVER.2.5,CARDS_TOTALS:OVER_2_5,90.5%,0.905200,,,,,,,Sin cuota/EV,No encontrado en Betano,Alta,contexto premium torneo actual,usa promedios del contexto premium/API-Football,depende mucho del arbitro y del contexto competitivo,
2026-08-02,15:00,Newells Old Boys vs Boca Juniors,,,SHOTS_TOTAL OVER.18.5,SHOTS_TOTAL OVER.18.5,SHOTS_TOTAL:OVER_18_5,89.5%,0.894600,,,,,,,Sin cuota/EV,No encontrado en Betano,Alta,contexto premium torneo actual,usa promedios del contexto premium/API-Football,el volumen ofensivo puede variar por planteamiento y marcador temprano,
2026-08-02,15:00,Newells Old Boys vs Boca Juniors,,,Visita tarjetas +0.5,CARDS_AWAY OVER.0.5,CARDS_AWAY:OVER_0_5,86.5%,0.864700,,,,,,,Sin cuota/EV,No encontrado en Betano,Alta,contexto premium torneo actual,usa promedios del contexto premium/API-Football,depende mucho del arbitro y del contexto competitivo,
2026-08-02,15:00,Newells Old Boys vs Boca Juniors,,,Visita tarjetas -3.5,CARDS_AWAY UNDER.3.5,CARDS_AWAY:UNDER_3_5,85.7%,0.857100,,,,,,,Sin cuota/EV,No encontrado en Betano,Alta,contexto premium torneo actual,usa promedios del contexto premium/API-Football,depende mucho del arbitro y del contexto competitivo,
2026-08-02,15:00,Newells Old Boys vs Boca Juniors,,,Local tarjetas +1.5,CARDS_HOME OVER.1.5,CARDS_HOME:OVER_1_5,85.3%,0.853200,,,,,,,Sin cuota/EV,No encontrado en Betano,Alta,contexto premium torneo actual,usa promedios del contexto premium/API-Football,depende mucho del arbitro y del contexto competitivo,
2026-08-02,15:00,Newells Old Boys vs Boca Juniors,,,Corners total +7.5,CORNERS_TOTALS OVER.7.5,CORNERS_TOTALS:OVER_7_5,85.0%,0.850200,,,,,,,Sin cuota/EV,No encontrado en Betano,Alta,contexto premium torneo actual,usa promedios del contexto premium/API-Football,el volumen ofensivo puede variar por planteamiento y marcador temprano,
2026-08-02,15:00,Newells Old Boys vs Boca Juniors,10Bet,,Visita corners +4.5,CORNERS_AWAY OVER.4.5,CORNERS_AWAY:OVER_4_5,83.6%,0.835900,1.62,0.35,0.354200,,,,EV positivo,No encontrado en Betano,Alta,contexto premium torneo actual,usa promedios del contexto premium/API-Football,el volumen ofensivo puede variar por planteamiento y marcador temprano,
2026-08-02,15:00,Newells Old Boys vs Boca Juniors,,,Visita goles -2.5,TEAM_TOTAL_AWAY UNDER.2.5,TEAM_TOTAL_AWAY:UNDER_2_5,82.3%,0.822700,,,,,,,Sin cuota/EV,No encontrado en Betano,Alta,torneo actual,usa Poisson base con estadisticas de goles del torneo,un gol temprano o baja eficacia puede cambiar la lectura del mercado,
2026-08-02,15:00,Newells Old Boys vs Boca Juniors,,,Local corners -5.5,CORNERS_HOME UNDER.5.5,CORNERS_HOME:UNDER_5_5,81.6%,0.815600,,,,,,,Sin cuota/EV,No encontrado en Betano,Alta,contexto premium torneo actual,usa promedios del contexto premium/API-Football,el volumen ofensivo puede variar por planteamiento y marcador temprano,
2026-08-02,15:00,Newells Old Boys vs Boca Juniors,,,SHOTS_ON_TARGET_TOTAL OVER.6.5,SHOTS_ON_TARGET_TOTAL OVER.6.5,SHOTS_ON_TARGET_TOTAL:OVER_6_5,81.1%,0.810800,,,,,,,Sin cuota/EV,No encontrado en Betano,Alta,contexto premium torneo actual,usa promedios del contexto premium/API-Football,el volumen ofensivo puede variar por planteamiento y marcador temprano,
2026-08-02,15:00,Newells Old Boys vs Boca Juniors,,,SHOTS_TOTAL OVER.20.5,SHOTS_TOTAL OVER.20.5,SHOTS_TOTAL:OVER_20_5,79.3%,0.792900,,,,,,,Sin cuota/EV,No encontrado en Betano,Alta,contexto premium torneo actual,usa promedios del contexto premium/API-Football,el volumen ofensivo puede variar por planteamiento y marcador temprano,
2026-08-02,15:00,Newells Old Boys vs Boca Juniors,,,Tarjetas total +3.5,CARDS_TOTALS OVER.3.5,CARDS_TOTALS:OVER_3_5,78.7%,0.786700,,,,,,,Sin cuota/EV,No encontrado en Betano,Alta,contexto premium torneo actual,usa promedios del contexto premium/API-Football,depende mucho del arbitro y del contexto competitivo,
2026-08-02,15:00,Newells Old Boys vs Boca Juniors,10Bet,,Goles -3.5,TOTALS UNDER.3.5,TOTALS:UNDER_3_5,78.4%,0.784100,1.17,-0.08,-0.082600,,,,EV negativo,No encontrado en Betano,Alta,torneo actual,usa Poisson base con estadisticas de goles del torneo,un gol temprano o baja eficacia puede cambiar la lectura del mercado,
2026-08-02,15:00,Newells Old Boys vs Boca Juniors,,,Visita goles +0.5,TEAM_TOTAL_AWAY OVER.0.5,TEAM_TOTAL_AWAY:OVER_0_5,76.4%,0.764100,,,,,,,Sin cuota/EV,No encontrado en Betano,Alta,torneo actual,usa Poisson base con estadisticas de goles del torneo,un gol temprano o baja eficacia puede cambiar la lectura del mercado,
2026-08-02,15:00,Newells Old Boys vs Boca Juniors,,,Local goles -1.5,TEAM_TOTAL_HOME UNDER.1.5,TEAM_TOTAL_HOME:UNDER_1_5,76.1%,0.761500,,,,,,,Sin cuota/EV,No encontrado en Betano,Alta,torneo actual,usa Poisson base con estadisticas de goles del torneo,un gol temprano o baja eficacia puede cambiar la lectura del mercado,
2026-08-02,15:00,Newells Old Boys vs Boca Juniors,10Bet,,Corners total +8.5,CORNERS_TOTALS OVER.8.5,CORNERS_TOTALS:OVER_8_5,75.9%,0.759000,1.70,0.29,0.290300,,,,EV positivo,No encontrado en Betano,Alta,contexto premium torneo actual,usa promedios del contexto premium/API-Football,el volumen ofensivo puede variar por planteamiento y marcador temprano,
2026-08-02,15:00,Newells Old Boys vs Boca Juniors,,,DOUBLE_CHANCE X2,DOUBLE_CHANCE X2,DOUBLE_CHANCE:X2,75.7%,0.757300,,,,,,,Sin cuota/EV,No encontrado en Betano,Alta,torneo actual,usa Poisson base con estadisticas de goles del torneo,riesgo propio del resultado final y variacion del modelo,
2026-08-02,15:00,Newells Old Boys vs Boca Juniors,,,DOUBLE_CHANCE 12,DOUBLE_CHANCE 12,DOUBLE_CHANCE:12,73.3%,0.733100,,,,,,,Sin cuota/EV,No encontrado en Betano,Alta,torneo actual,usa Poisson base con estadisticas de goles del torneo,riesgo propio del resultado final y variacion del modelo,
2026-08-02,15:00,Newells Old Boys vs Boca Juniors,,,Visita corners +5.5,CORNERS_AWAY OVER.5.5,CORNERS_AWAY:OVER_5_5,71.2%,0.711900,,,,,,,Sin cuota/EV,No encontrado en Betano,Alta,contexto premium torneo actual,usa promedios del contexto premium/API-Football,el volumen ofensivo puede variar por planteamiento y marcador temprano,
2026-08-02,15:00,Newells Old Boys vs Boca Juniors,,,Tarjetas total -6.5,CARDS_TOTALS UNDER.6.5,CARDS_TOTALS:UNDER_6_5,70.2%,0.701700,,,,,,,Sin cuota/EV,No encontrado en Betano,Alta,contexto premium torneo actual,usa promedios del contexto premium/API-Football,depende mucho del arbitro y del contexto competitivo,
2026-08-02,15:00,Newells Old Boys vs Boca Juniors,,,SHOTS_ON_TARGET_TOTAL OVER.7.5,SHOTS_ON_TARGET_TOTAL OVER.7.5,SHOTS_ON_TARGET_TOTAL:OVER_7_5,69.9%,0.699000,,,,,,,Sin cuota/EV,No encontrado en Betano,Media,contexto premium torneo actual,usa promedios del contexto premium/API-Football,el volumen ofensivo puede variar por planteamiento y marcador temprano,
2026-08-02,15:00,Newells Old Boys vs Boca Juniors,10Bet,,1T +0.5,FIRST_HALF_TOTALS OVER.0.5,FIRST_HALF_TOTALS:OVER_0_5,69.9%,0.698800,2.05,0.43,0.432600,,,,EV positivo,No encontrado en Betano,Media,contexto premium torneo actual,usa promedios del contexto premium/API-Football,el primer tiempo puede tener ritmo bajo o rotaciones,
2026-08-02,15:00,Newells Old Boys vs Boca Juniors,10Bet,,Goles +1.5,TOTALS OVER.1.5,TOTALS:OVER_1_5,68.6%,0.685900,2.65,0.82,0.817700,,,,EV positivo,No encontrado en Betano,Media,torneo actual,usa Poisson base con estadisticas de goles del torneo,un gol temprano o baja eficacia puede cambiar la lectura del mercado,
2026-08-02,15:00,Newells Old Boys vs Boca Juniors,,,Visita tarjetas -2.5,CARDS_AWAY UNDER.2.5,CARDS_AWAY:UNDER_2_5,67.7%,0.676700,,,,,,,Sin cuota/EV,No encontrado en Betano,Media,contexto premium torneo actual,usa promedios del contexto premium/API-Football,depende mucho del arbitro y del contexto competitivo,
2026-08-02,15:00,Newells Old Boys vs Boca Juniors,10Bet,,DNB visita,DRAW_NO_BET AWAY,DRAW_NO_BET:AWAY,66.9%,0.669000,1.53,0.02,0.023500,,,,EV positivo,No encontrado en Betano,Media,torneo actual,usa Poisson base con estadisticas de goles del torneo,riesgo propio del resultado final y variacion del modelo,
2026-08-02,15:00,Newells Old Boys vs Boca Juniors,10Bet,,Local corners -4.5,CORNERS_HOME UNDER.4.5,CORNERS_HOME:UNDER_4_5,66.8%,0.667800,1.57,0.05,0.048500,,,,EV positivo,No encontrado en Betano,Media,contexto premium torneo actual,usa promedios del contexto premium/API-Football,el volumen ofensivo puede variar por planteamiento y marcador temprano,
2026-08-02,15:00,Newells Old Boys vs Boca Juniors,10Bet,,1T -1.5,FIRST_HALF_TOTALS UNDER.1.5,FIRST_HALF_TOTALS:UNDER_1_5,66.3%,0.662600,1.08,-0.28,-0.284400,,,,EV negativo,No encontrado en Betano,Media,contexto premium torneo actual,usa promedios del contexto premium/API-Football,el primer tiempo puede tener ritmo bajo o rotaciones,
2026-08-02,15:00,Newells Old Boys vs Boca Juniors,,,Local tarjetas +2.5,CARDS_HOME OVER.2.5,CARDS_HOME:OVER_2_5,66.0%,0.660300,,,,,,,Sin cuota/EV,No encontrado en Betano,Media,contexto premium torneo actual,usa promedios del contexto premium/API-Football,depende mucho del arbitro y del contexto competitivo,
2026-08-02,15:00,Newells Old Boys vs Boca Juniors,,,SHOTS_TOTAL UNDER.26.5,SHOTS_TOTAL UNDER.26.5,SHOTS_TOTAL:UNDER_26_5,66.0%,0.659700,,,,,,,Sin cuota/EV,No encontrado en Betano,Media,contexto premium torneo actual,usa promedios del contexto premium/API-Football,el volumen ofensivo puede variar por planteamiento y marcador temprano,
2026-08-02,15:00,Newells Old Boys vs Boca Juniors,,,SHOTS_TOTAL OVER.22.5,SHOTS_TOTAL OVER.22.5,SHOTS_TOTAL:OVER_22_5,65.4%,0.653700,,,,,,,Sin cuota/EV,No encontrado en Betano,Media,contexto premium torneo actual,usa promedios del contexto premium/API-Football,el volumen ofensivo puede variar por planteamiento y marcador temprano,
2026-08-02,15:00,Newells Old Boys vs Boca Juniors,10Bet,,Corners total +9.5,CORNERS_TOTALS OVER.9.5,CORNERS_TOTALS:OVER_9_5,64.8%,0.648500,1.95,0.26,0.264700,,,,EV positivo,No encontrado en Betano,Media,contexto premium torneo actual,usa promedios del contexto premium/API-Football,el volumen ofensivo puede variar por planteamiento y marcador temprano,
2026-08-02,15:00,Newells Old Boys vs Boca Juniors,,,Tarjetas total +4.5,CARDS_TOTALS OVER.4.5,CARDS_TOTALS:OVER_4_5,62.7%,0.626700,,,,,,,Sin cuota/EV,No encontrado en Betano,Media,contexto premium torneo actual,usa promedios del contexto premium/API-Football,depende mucho del arbitro y del contexto competitivo,
2026-08-02,15:00,Newells Old Boys vs Boca Juniors,,,Local goles +0.5,TEAM_TOTAL_HOME OVER.0.5,TEAM_TOTAL_HOME:OVER_0_5,60.5%,0.605400,,,,,,,Sin cuota/EV,No encontrado en Betano,Media,torneo actual,usa Poisson base con estadisticas de goles del torneo,un gol temprano o baja eficacia puede cambiar la lectura del mercado,
2026-08-02,15:00,Newells Old Boys vs Boca Juniors,,,Visita tarjetas +1.5,CARDS_AWAY OVER.1.5,CARDS_AWAY:OVER_1_5,59.4%,0.594000,,,,,,,Sin cuota/EV,No encontrado en Betano,Media,contexto premium torneo actual,usa promedios del contexto premium/API-Football,depende mucho del arbitro y del contexto competitivo,
2026-08-02,15:00,Newells Old Boys vs Boca Juniors,,,Corners total -11.5,CORNERS_TOTALS UNDER.11.5,CORNERS_TOTALS:UNDER_11_5,59.1%,0.591200,,,,,,,Sin cuota/EV,No encontrado en Betano,Media,contexto premium torneo actual,usa promedios del contexto premium/API-Football,el volumen ofensivo puede variar por planteamiento y marcador temprano,
2026-08-02,15:00,Newells Old Boys vs Boca Juniors,,,Visita goles -1.5,TEAM_TOTAL_AWAY UNDER.1.5,TEAM_TOTAL_AWAY:UNDER_1_5,57.7%,0.576600,,,,,,,Sin cuota/EV,No encontrado en Betano,Media,torneo actual,usa Poisson base con estadisticas de goles del torneo,un gol temprano o baja eficacia puede cambiar la lectura del mercado,
2026-08-02,15:00,Newells Old Boys vs Boca Juniors,10Bet,,Goles -2.5,TOTALS UNDER.2.5,TOTALS:UNDER_2_5,57.6%,0.576400,1.09,-0.37,-0.371700,,,,EV negativo,No encontrado en Betano,Media,torneo actual,usa Poisson base con estadisticas de goles del torneo,un gol temprano o baja eficacia puede cambiar la lectura del mercado,
2026-08-02,15:00,Newells Old Boys vs Boca Juniors,,,SHOTS_ON_TARGET_TOTAL OVER.8.5,SHOTS_ON_TARGET_TOTAL OVER.8.5,SHOTS_ON_TARGET_TOTAL:OVER_8_5,57.0%,0.570400,,,,,,,Sin cuota/EV,No encontrado en Betano,Media,contexto premium torneo actual,usa promedios del contexto premium/API-Football,el volumen ofensivo puede variar por planteamiento y marcador temprano,
2026-08-02,15:00,Newells Old Boys vs Boca Juniors,,,Visita corners +6.5,CORNERS_AWAY OVER.6.5,CORNERS_AWAY:OVER_6_5,56.5%,0.565100,,,,,,,Sin cuota/EV,No encontrado en Betano,Media,contexto premium torneo actual,usa promedios del contexto premium/API-Football,el volumen ofensivo puede variar por planteamiento y marcador temprano,
2026-08-02,15:00,Newells Old Boys vs Boca Juniors,,,SHOTS_ON_TARGET_TOTAL UNDER.9.5,SHOTS_ON_TARGET_TOTAL UNDER.9.5,SHOTS_ON_TARGET_TOTAL:UNDER_9_5,56.1%,0.561100,,,,,,,Sin cuota/EV,No encontrado en Betano,Media,contexto premium torneo actual,usa promedios del contexto premium/API-Football,el volumen ofensivo puede variar por planteamiento y marcador temprano,
2026-08-02,15:00,Newells Old Boys vs Boca Juniors,,,Local tarjetas -3.5,CARDS_HOME UNDER.3.5,CARDS_HOME:UNDER_3_5,55.8%,0.558400,,,,,,,Sin cuota/EV,No encontrado en Betano,Media,contexto premium torneo actual,usa promedios del contexto premium/API-Football,depende mucho del arbitro y del contexto competitivo,
2026-08-02,15:00,Newells Old Boys vs Boca Juniors,,,Tarjetas total -5.5,CARDS_TOTALS UNDER.5.5,CARDS_TOTALS:UNDER_5_5,54.6%,0.546100,,,,,,,Sin cuota/EV,No encontrado en Betano,Baja,contexto premium torneo actual,usa promedios del contexto premium/API-Football,depende mucho del arbitro y del contexto competitivo,
2026-08-02,15:00,Newells Old Boys vs Boca Juniors,10Bet,,BTTS no,BTTS NO,BTTS:NO,53.7%,0.537400,1.13,-0.39,-0.392800,,,,EV negativo,No encontrado en Betano,Baja,torneo actual,usa Poisson base con estadisticas de goles del torneo,un gol temprano o baja eficacia puede cambiar la lectura del mercado,
2026-08-02,15:00,Newells Old Boys vs Boca Juniors,,,Corners total +10.5,CORNERS_TOTALS OVER.10.5,CORNERS_TOTALS:OVER_10_5,52.8%,0.528100,,,,,,,Sin cuota/EV,No encontrado en Betano,Baja,contexto premium torneo actual,usa promedios del contexto premium/API-Football,el volumen ofensivo puede variar por planteamiento y marcador temprano,
2026-08-02,15:00,Newells Old Boys vs Boca Juniors,10Bet,,Local corners +3.5,CORNERS_HOME OVER.3.5,CORNERS_HOME:OVER_3_5,52.6%,0.526500,1.62,-0.15,-0.147000,,,,EV negativo,No encontrado en Betano,Baja,contexto premium torneo actual,usa promedios del contexto premium/API-Football,el volumen ofensivo puede variar por planteamiento y marcador temprano,
2026-08-02,15:00,Newells Old Boys vs Boca Juniors,,,DOUBLE_CHANCE 1X,DOUBLE_CHANCE 1X,DOUBLE_CHANCE:1X,51.0%,0.509600,,,,,,,Sin cuota/EV,No encontrado en Betano,Baja,torneo actual,usa Poisson base con estadisticas de goles del torneo,riesgo propio del resultado final y variacion del modelo,
2026-08-02,15:00,Newells Old Boys vs Boca Juniors,,,SHOTS_TOTAL UNDER.24.5,SHOTS_TOTAL UNDER.24.5,SHOTS_TOTAL:UNDER_24_5,50.5%,0.505400,,,,,,,Sin cuota/EV,No encontrado en Betano,Baja,contexto premium torneo actual,usa promedios del contexto premium/API-Football,el volumen ofensivo puede variar por planteamiento y marcador temprano,
2026-08-02,15:00,Newells Old Boys vs Boca Juniors,,,SHOTS_TOTAL OVER.24.5,SHOTS_TOTAL OVER.24.5,SHOTS_TOTAL:OVER_24_5,49.5%,0.494600,,,,,,,Sin cuota/EV,No encontrado en Betano,Baja,contexto premium torneo actual,usa promedios del contexto premium/API-Football,el volumen ofensivo puede variar por planteamiento y marcador temprano,
2026-08-02,15:00,Newells Old Boys vs Boca Juniors,10Bet,,Gana visita,1X2 AWAY,1X2:AWAY,49.0%,0.490400,3.70,0.81,0.814600,,,,EV positivo,No encontrado en Betano,Baja,torneo actual,usa Poisson base con estadisticas de goles del torneo,riesgo propio del resultado final y variacion del modelo,
2026-08-02,15:00,Newells Old Boys vs Boca Juniors,10Bet,,Local corners -3.5,CORNERS_HOME UNDER.3.5,CORNERS_HOME:UNDER_3_5,47.3%,0.473500,2.00,-0.05,-0.053000,,,,EV negativo,No encontrado en Betano,Baja,contexto premium torneo actual,usa promedios del contexto premium/API-Football,el volumen ofensivo puede variar por planteamiento y marcador temprano,
2026-08-02,15:00,Newells Old Boys vs Boca Juniors,,,Corners total -10.5,CORNERS_TOTALS UNDER.10.5,CORNERS_TOTALS:UNDER_10_5,47.2%,0.471900,,,,,,,Sin cuota/EV,No encontrado en Betano,Baja,contexto premium torneo actual,usa promedios del contexto premium/API-Football,el volumen ofensivo puede variar por planteamiento y marcador temprano,
2026-08-02,15:00,Newells Old Boys vs Boca Juniors,10Bet,,BTTS sí,BTTS YES,BTTS:YES,46.3%,0.462600,5.00,1.31,1.313100,,,,EV positivo,No encontrado en Betano,Baja,torneo actual,usa Poisson base con estadisticas de goles del torneo,un gol temprano o baja eficacia puede cambiar la lectura del mercado,
2026-08-02,15:00,Newells Old Boys vs Boca Juniors,,,Tarjetas total +5.5,CARDS_TOTALS OVER.5.5,CARDS_TOTALS:OVER_5_5,45.4%,0.453900,,,,,,,Sin cuota/EV,No encontrado en Betano,Baja,contexto premium torneo actual,usa promedios del contexto premium/API-Football,depende mucho del arbitro y del contexto competitivo,
2026-08-02,15:00,Newells Old Boys vs Boca Juniors,,,Local tarjetas +3.5,CARDS_HOME OVER.3.5,CARDS_HOME:OVER_3_5,44.2%,0.441600,,,,,,,Sin cuota/EV,No encontrado en Betano,Baja,contexto premium torneo actual,usa promedios del contexto premium/API-Football,depende mucho del arbitro y del contexto competitivo,
2026-08-02,15:00,Newells Old Boys vs Boca Juniors,,,SHOTS_ON_TARGET_TOTAL OVER.9.5,SHOTS_ON_TARGET_TOTAL OVER.9.5,SHOTS_ON_TARGET_TOTAL:OVER_9_5,43.9%,0.438900,,,,,,,Sin cuota/EV,No encontrado en Betano,Baja,contexto premium torneo actual,usa promedios del contexto premium/API-Football,el volumen ofensivo puede variar por planteamiento y marcador temprano,
2026-08-02,15:00,Newells Old Boys vs Boca Juniors,,,Visita corners -6.5,CORNERS_AWAY UNDER.6.5,CORNERS_AWAY:UNDER_6_5,43.5%,0.434900,,,,,,,Sin cuota/EV,No encontrado en Betano,Baja,contexto premium torneo actual,usa promedios del contexto premium/API-Football,el volumen ofensivo puede variar por planteamiento y marcador temprano,
2026-08-02,15:00,Newells Old Boys vs Boca Juniors,,,SHOTS_ON_TARGET_TOTAL UNDER.8.5,SHOTS_ON_TARGET_TOTAL UNDER.8.5,SHOTS_ON_TARGET_TOTAL:UNDER_8_5,43.0%,0.429600,,,,,,,Sin cuota/EV,No encontrado en Betano,Baja,contexto premium torneo actual,usa promedios del contexto premium/API-Football,el volumen ofensivo puede variar por planteamiento y marcador temprano,
2026-08-02,15:00,Newells Old Boys vs Boca Juniors,10Bet,,Goles +2.5,TOTALS OVER.2.5,TOTALS:OVER_2_5,42.4%,0.423600,6.20,1.63,1.626200,,,,EV positivo,No encontrado en Betano,Baja,torneo actual,usa Poisson base con estadisticas de goles del torneo,un gol temprano o baja eficacia puede cambiar la lectura del mercado,
2026-08-02,15:00,Newells Old Boys vs Boca Juniors,,,Visita goles +1.5,TEAM_TOTAL_AWAY OVER.1.5,TEAM_TOTAL_AWAY:OVER_1_5,42.3%,0.423400,,,,,,,Sin cuota/EV,No encontrado en Betano,Baja,torneo actual,usa Poisson base con estadisticas de goles del torneo,un gol temprano o baja eficacia puede cambiar la lectura del mercado,
2026-08-02,15:00,Newells Old Boys vs Boca Juniors,,,Corners total +11.5,CORNERS_TOTALS OVER.11.5,CORNERS_TOTALS:OVER_11_5,40.9%,0.408800,,,,,,,Sin cuota/EV,No encontrado en Betano,Baja,contexto premium torneo actual,usa promedios del contexto premium/API-Football,el volumen ofensivo puede variar por planteamiento y marcador temprano,
2026-08-02,15:00,Newells Old Boys vs Boca Juniors,,,Visita tarjetas -1.5,CARDS_AWAY UNDER.1.5,CARDS_AWAY:UNDER_1_5,40.6%,0.406000,,,,,,,Sin cuota/EV,No encontrado en Betano,Baja,contexto premium torneo actual,usa promedios del contexto premium/API-Football,depende mucho del arbitro y del contexto competitivo,
2026-08-02,15:00,Newells Old Boys vs Boca Juniors,,,Local goles -0.5,TEAM_TOTAL_HOME UNDER.0.5,TEAM_TOTAL_HOME:UNDER_0_5,39.5%,0.394600,,,,,,,Sin cuota/EV,No encontrado en Betano,Baja,torneo actual,usa Poisson base con estadisticas de goles del torneo,un gol temprano o baja eficacia puede cambiar la lectura del mercado,
2026-08-02,15:00,Newells Old Boys vs Boca Juniors,,,Tarjetas total -4.5,CARDS_TOTALS UNDER.4.5,CARDS_TOTALS:UNDER_4_5,37.3%,0.373300,,,,,,,Sin cuota/EV,No encontrado en Betano,Baja,contexto premium torneo actual,usa promedios del contexto premium/API-Football,depende mucho del arbitro y del contexto competitivo,
2026-08-02,15:00,Newells Old Boys vs Boca Juniors,10Bet,,Corners total -9.5,CORNERS_TOTALS UNDER.9.5,CORNERS_TOTALS:UNDER_9_5,35.1%,0.351500,1.77,-0.38,-0.377900,,,,EV negativo,No encontrado en Betano,Baja,contexto premium torneo actual,usa promedios del contexto premium/API-Football,el volumen ofensivo puede variar por planteamiento y marcador temprano,
2026-08-02,15:00,Newells Old Boys vs Boca Juniors,,,SHOTS_TOTAL UNDER.22.5,SHOTS_TOTAL UNDER.22.5,SHOTS_TOTAL:UNDER_22_5,34.6%,0.346300,,,,,,,Sin cuota/EV,No encontrado en Betano,Baja,contexto premium torneo actual,usa promedios del contexto premium/API-Football,el volumen ofensivo puede variar por planteamiento y marcador temprano,
2026-08-02,15:00,Newells Old Boys vs Boca Juniors,,,SHOTS_TOTAL OVER.26.5,SHOTS_TOTAL OVER.26.5,SHOTS_TOTAL:OVER_26_5,34.0%,0.340300,,,,,,,Sin cuota/EV,No encontrado en Betano,Baja,contexto premium torneo actual,usa promedios del contexto premium/API-Football,el volumen ofensivo puede variar por planteamiento y marcador temprano,
2026-08-02,15:00,Newells Old Boys vs Boca Juniors,,,Local tarjetas -2.5,CARDS_HOME UNDER.2.5,CARDS_HOME:UNDER_2_5,34.0%,0.339700,,,,,,,Sin cuota/EV,No encontrado en Betano,Baja,contexto premium torneo actual,usa promedios del contexto premium/API-Football,depende mucho del arbitro y del contexto competitivo,
2026-08-02,15:00,Newells Old Boys vs Boca Juniors,10Bet,,1T +1.5,FIRST_HALF_TOTALS OVER.1.5,FIRST_HALF_TOTALS:OVER_1_5,33.7%,0.337400,6.50,1.19,1.192900,,,,EV positivo,No encontrado en Betano,Baja,contexto premium torneo actual,usa promedios del contexto premium/API-Football,el primer tiempo puede tener ritmo bajo o rotaciones,
2026-08-02,15:00,Newells Old Boys vs Boca Juniors,10Bet,,Local corners +4.5,CORNERS_HOME OVER.4.5,CORNERS_HOME:OVER_4_5,33.2%,0.332200,2.05,-0.32,-0.319100,,,,EV negativo,No encontrado en Betano,Baja,contexto premium torneo actual,usa promedios del contexto premium/API-Football,el volumen ofensivo puede variar por planteamiento y marcador temprano,
2026-08-02,15:00,Newells Old Boys vs Boca Juniors,10Bet,,DNB local,DRAW_NO_BET HOME,DRAW_NO_BET:HOME,33.1%,0.331000,2.35,-0.22,-0.222100,,,,EV negativo,No encontrado en Betano,Baja,torneo actual,usa Poisson base con estadisticas de goles del torneo,riesgo propio del resultado final y variacion del modelo,
2026-08-02,15:00,Newells Old Boys vs Boca Juniors,,,Visita tarjetas +2.5,CARDS_AWAY OVER.2.5,CARDS_AWAY:OVER_2_5,32.3%,0.323300,,,,,,,Sin cuota/EV,No encontrado en Betano,Baja,contexto premium torneo actual,usa promedios del contexto premium/API-Football,depende mucho del arbitro y del contexto competitivo,
2026-08-02,15:00,Newells Old Boys vs Boca Juniors,10Bet,,Goles -1.5,TOTALS UNDER.1.5,TOTALS:UNDER_1_5,31.4%,0.314100,1.44,-0.55,-0.547700,,,,EV negativo,No encontrado en Betano,Baja,torneo actual,usa Poisson base con estadisticas de goles del torneo,un gol temprano o baja eficacia puede cambiar la lectura del mercado,
2026-08-02,15:00,Newells Old Boys vs Boca Juniors,10Bet,,1T -0.5,FIRST_HALF_TOTALS UNDER.0.5,FIRST_HALF_TOTALS:UNDER_0_5,30.1%,0.301200,1.70,-0.49,-0.488000,,,,EV negativo,No encontrado en Betano,Baja,contexto premium torneo actual,usa promedios del contexto premium/API-Football,el primer tiempo puede tener ritmo bajo o rotaciones,
2026-08-02,15:00,Newells Old Boys vs Boca Juniors,,,SHOTS_ON_TARGET_TOTAL UNDER.7.5,SHOTS_ON_TARGET_TOTAL UNDER.7.5,SHOTS_ON_TARGET_TOTAL:UNDER_7_5,30.1%,0.301000,,,,,,,Sin cuota/EV,No encontrado en Betano,Baja,contexto premium torneo actual,usa promedios del contexto premium/API-Football,el volumen ofensivo puede variar por planteamiento y marcador temprano,
2026-08-02,15:00,Newells Old Boys vs Boca Juniors,,,Tarjetas total +6.5,CARDS_TOTALS OVER.6.5,CARDS_TOTALS:OVER_6_5,29.8%,0.298300,,,,,,,Sin cuota/EV,No encontrado en Betano,Baja,contexto premium torneo actual,usa promedios del contexto premium/API-Football,depende mucho del arbitro y del contexto competitivo,
2026-08-02,15:00,Newells Old Boys vs Boca Juniors,,,Visita corners -5.5,CORNERS_AWAY UNDER.5.5,CORNERS_AWAY:UNDER_5_5,28.8%,0.288100,,,,,,,Sin cuota/EV,No encontrado en Betano,Baja,contexto premium torneo actual,usa promedios del contexto premium/API-Football,el volumen ofensivo puede variar por planteamiento y marcador temprano,
2026-08-02,15:00,Newells Old Boys vs Boca Juniors,10Bet,,Empate,1X2 DRAW,1X2:DRAW,26.7%,0.266900,1.60,-0.57,-0.573000,,,,EV negativo,No encontrado en Betano,Baja,torneo actual,usa Poisson base con estadisticas de goles del torneo,riesgo propio del resultado final y variacion del modelo,
2026-08-02,15:00,Newells Old Boys vs Boca Juniors,10Bet,,Gana local,1X2 HOME,1X2:HOME,24.3%,0.242700,5.50,0.33,0.334700,,,,EV positivo,No encontrado en Betano,Baja,torneo actual,usa Poisson base con estadisticas de goles del torneo,riesgo propio del resultado final y variacion del modelo,
2026-08-02,15:00,Newells Old Boys vs Boca Juniors,10Bet,,Corners total -8.5,CORNERS_TOTALS UNDER.8.5,CORNERS_TOTALS:UNDER_8_5,24.1%,0.241000,2.05,-0.51,-0.506000,,,,EV negativo,No encontrado en Betano,Baja,contexto premium torneo actual,usa promedios del contexto premium/API-Football,el volumen ofensivo puede variar por planteamiento y marcador temprano,
2026-08-02,15:00,Newells Old Boys vs Boca Juniors,,,Local goles +1.5,TEAM_TOTAL_HOME OVER.1.5,TEAM_TOTAL_HOME:OVER_1_5,23.8%,0.238500,,,,,,,Sin cuota/EV,No encontrado en Betano,Baja,torneo actual,usa Poisson base con estadisticas de goles del torneo,un gol temprano o baja eficacia puede cambiar la lectura del mercado,
2026-08-02,15:00,Newells Old Boys vs Boca Juniors,,,Visita goles -0.5,TEAM_TOTAL_AWAY UNDER.0.5,TEAM_TOTAL_AWAY:UNDER_0_5,23.6%,0.235900,,,,,,,Sin cuota/EV,No encontrado en Betano,Baja,torneo actual,usa Poisson base con estadisticas de goles del torneo,un gol temprano o baja eficacia puede cambiar la lectura del mercado,
2026-08-02,15:00,Newells Old Boys vs Boca Juniors,10Bet,,Goles +3.5,TOTALS OVER.3.5,TOTALS:OVER_3_5,21.6%,0.215900,5.00,0.08,0.079700,,,,EV positivo,No encontrado en Betano,Baja,torneo actual,usa Poisson base con estadisticas de goles del torneo,un gol temprano o baja eficacia puede cambiar la lectura del mercado,
2026-08-02,15:00,Newells Old Boys vs Boca Juniors,,,Tarjetas total -3.5,CARDS_TOTALS UNDER.3.5,CARDS_TOTALS:UNDER_3_5,21.3%,0.213300,,,,,,,Sin cuota/EV,No encontrado en Betano,Baja,contexto premium torneo actual,usa promedios del contexto premium/API-Football,depende mucho del arbitro y del contexto competitivo,
2026-08-02,15:00,Newells Old Boys vs Boca Juniors,,,SHOTS_TOTAL UNDER.20.5,SHOTS_TOTAL UNDER.20.5,SHOTS_TOTAL:UNDER_20_5,20.7%,0.207100,,,,,,,Sin cuota/EV,No encontrado en Betano,Baja,contexto premium torneo actual,usa promedios del contexto premium/API-Football,el volumen ofensivo puede variar por planteamiento y marcador temprano,
2026-08-02,15:00,Newells Old Boys vs Boca Juniors,,,SHOTS_ON_TARGET_TOTAL UNDER.6.5,SHOTS_ON_TARGET_TOTAL UNDER.6.5,SHOTS_ON_TARGET_TOTAL:UNDER_6_5,18.9%,0.189200,,,,,,,Sin cuota/EV,No encontrado en Betano,Baja,contexto premium torneo actual,usa promedios del contexto premium/API-Football,el volumen ofensivo puede variar por planteamiento y marcador temprano,
2026-08-02,15:00,Newells Old Boys vs Boca Juniors,,,Local corners +5.5,CORNERS_HOME OVER.5.5,CORNERS_HOME:OVER_5_5,18.4%,0.184400,,,,,,,Sin cuota/EV,No encontrado en Betano,Baja,contexto premium torneo actual,usa promedios del contexto premium/API-Football,el volumen ofensivo puede variar por planteamiento y marcador temprano,
2026-08-02,15:00,Newells Old Boys vs Boca Juniors,,,Visita goles +2.5,TEAM_TOTAL_AWAY OVER.2.5,TEAM_TOTAL_AWAY:OVER_2_5,17.7%,0.177300,,,,,,,Sin cuota/EV,No encontrado en Betano,Baja,torneo actual,usa Poisson base con estadisticas de goles del torneo,un gol temprano o baja eficacia puede cambiar la lectura del mercado,
2026-08-02,15:00,Newells Old Boys vs Boca Juniors,10Bet,,Visita corners -4.5,CORNERS_AWAY UNDER.4.5,CORNERS_AWAY:UNDER_4_5,16.4%,0.164100,2.00,-0.67,-0.671900,,,,EV negativo,No encontrado en Betano,Baja,contexto premium torneo actual,usa promedios del contexto premium/API-Football,el volumen ofensivo puede variar por planteamiento y marcador temprano,
2026-08-02,15:00,Newells Old Boys vs Boca Juniors,,,Corners total -7.5,CORNERS_TOTALS UNDER.7.5,CORNERS_TOTALS:UNDER_7_5,15.0%,0.149800,,,,,,,Sin cuota/EV,No encontrado en Betano,Baja,contexto premium torneo actual,usa promedios del contexto premium/API-Football,el volumen ofensivo puede variar por planteamiento y marcador temprano,
2026-08-02,15:00,Newells Old Boys vs Boca Juniors,,,Local tarjetas -1.5,CARDS_HOME UNDER.1.5,CARDS_HOME:UNDER_1_5,14.7%,0.146800,,,,,,,Sin cuota/EV,No encontrado en Betano,Baja,contexto premium torneo actual,usa promedios del contexto premium/API-Football,depende mucho del arbitro y del contexto competitivo,
2026-08-02,15:00,Newells Old Boys vs Boca Juniors,,,Visita tarjetas +3.5,CARDS_AWAY OVER.3.5,CARDS_AWAY:OVER_3_5,14.3%,0.142900,,,,,,,Sin cuota/EV,No encontrado en Betano,Baja,contexto premium torneo actual,usa promedios del contexto premium/API-Football,depende mucho del arbitro y del contexto competitivo,
2026-08-02,15:00,Newells Old Boys vs Boca Juniors,,,Visita tarjetas -0.5,CARDS_AWAY UNDER.0.5,CARDS_AWAY:UNDER_0_5,13.5%,0.135300,,,,,,,Sin cuota/EV,No encontrado en Betano,Baja,contexto premium torneo actual,usa promedios del contexto premium/API-Football,depende mucho del arbitro y del contexto competitivo,
2026-08-02,15:00,Newells Old Boys vs Boca Juniors,,,SHOTS_TOTAL UNDER.18.5,SHOTS_TOTAL UNDER.18.5,SHOTS_TOTAL:UNDER_18_5,10.5%,0.105400,,,,,,,Sin cuota/EV,No encontrado en Betano,Baja,contexto premium torneo actual,usa promedios del contexto premium/API-Football,el volumen ofensivo puede variar por planteamiento y marcador temprano,
2026-08-02,15:00,Newells Old Boys vs Boca Juniors,,,Tarjetas total -2.5,CARDS_TOTALS UNDER.2.5,CARDS_TOTALS:UNDER_2_5,9.5%,0.094800,,,,,,,Sin cuota/EV,No encontrado en Betano,Baja,contexto premium torneo actual,usa promedios del contexto premium/API-Football,depende mucho del arbitro y del contexto competitivo,
2026-08-02,15:00,Newells Old Boys vs Boca Juniors,,,Local corners +6.5,CORNERS_HOME OVER.6.5,CORNERS_HOME:OVER_6_5,9.1%,0.090900,,,,,,,Sin cuota/EV,No encontrado en Betano,Baja,contexto premium torneo actual,usa promedios del contexto premium/API-Football,el volumen ofensivo puede variar por planteamiento y marcador temprano,
2026-08-02,15:00,Newells Old Boys vs Boca Juniors,,,Visita corners -3.5,CORNERS_AWAY UNDER.3.5,CORNERS_AWAY:UNDER_3_5,7.7%,0.076700,,,,,,,Sin cuota/EV,No encontrado en Betano,Baja,contexto premium torneo actual,usa promedios del contexto premium/API-Football,el volumen ofensivo puede variar por planteamiento y marcador temprano,
2026-08-02,15:00,Newells Old Boys vs Boca Juniors,,,Local goles +2.5,TEAM_TOTAL_HOME OVER.2.5,TEAM_TOTAL_HOME:OVER_2_5,6.8%,0.067900,,,,,,,Sin cuota/EV,No encontrado en Betano,Baja,torneo actual,usa Poisson base con estadisticas de goles del torneo,un gol temprano o baja eficacia puede cambiar la lectura del mercado,
2026-08-02,15:00,Newells Old Boys vs Boca Juniors,,,Local tarjetas -0.5,CARDS_HOME UNDER.0.5,CARDS_HOME:UNDER_0_5,3.3%,0.033400,,,,,,,Sin cuota/EV,No encontrado en Betano,Baja,contexto premium torneo actual,usa promedios del contexto premium/API-Football,depende mucho del arbitro y del contexto competitivo,
2026-08-02,15:30,UCV Moquegua vs FBC Melgar,,,SHOTS_TOTAL OVER.18.5,SHOTS_TOTAL OVER.18.5,SHOTS_TOTAL:OVER_18_5,98.9%,0.989200,,,,,,,Sin cuota/EV,No encontrado en Betano,Alta,contexto premium torneo actual,usa promedios del contexto premium/API-Football,el volumen ofensivo puede variar por planteamiento y marcador temprano,
2026-08-02,15:30,UCV Moquegua vs FBC Melgar,,,SHOTS_TOTAL OVER.20.5,SHOTS_TOTAL OVER.20.5,SHOTS_TOTAL:OVER_20_5,97.0%,0.969700,,,,,,,Sin cuota/EV,No encontrado en Betano,Alta,contexto premium torneo actual,usa promedios del contexto premium/API-Football,el volumen ofensivo puede variar por planteamiento y marcador temprano,
2026-08-02,15:30,UCV Moquegua vs FBC Melgar,,,Local corners -6.5,CORNERS_HOME UNDER.6.5,CORNERS_HOME:UNDER_6_5,94.9%,0.949000,,,,,,,Sin cuota/EV,No encontrado en Betano,Alta,contexto premium torneo actual,usa promedios del contexto premium/API-Football,el volumen ofensivo puede variar por planteamiento y marcador temprano,
2026-08-02,15:30,UCV Moquegua vs FBC Melgar,,,SHOTS_TOTAL OVER.22.5,SHOTS_TOTAL OVER.22.5,SHOTS_TOTAL:OVER_22_5,92.9%,0.929300,,,,,,,Sin cuota/EV,No encontrado en Betano,Alta,contexto premium torneo actual,usa promedios del contexto premium/API-Football,el volumen ofensivo puede variar por planteamiento y marcador temprano,
2026-08-02,15:30,UCV Moquegua vs FBC Melgar,,,Corners total -11.5,CORNERS_TOTALS UNDER.11.5,CORNERS_TOTALS:UNDER_11_5,90.2%,0.902000,,,,,,,Sin cuota/EV,No encontrado en Betano,Alta,contexto premium torneo actual,usa promedios del contexto premium/API-Football,el volumen ofensivo puede variar por planteamiento y marcador temprano,
2026-08-02,15:30,UCV Moquegua vs FBC Melgar,,,Visita tarjetas +0.5,CARDS_AWAY OVER.0.5,CARDS_AWAY:OVER_0_5,88.9%,0.889200,,,,,,,Sin cuota/EV,No encontrado en Betano,Alta,contexto premium torneo actual,usa promedios del contexto premium/API-Football,depende mucho del arbitro y del contexto competitivo,
2026-08-02,15:30,UCV Moquegua vs FBC Melgar,,,Local goles -2.5,TEAM_TOTAL_HOME UNDER.2.5,TEAM_TOTAL_HOME:UNDER_2_5,88.7%,0.886900,,,,,,,Sin cuota/EV,No encontrado en Betano,Alta,torneo actual,usa Poisson base con estadisticas de goles del torneo,un gol temprano o baja eficacia puede cambiar la lectura del mercado,
2026-08-02,15:30,UCV Moquegua vs FBC Melgar,,,Local corners -5.5,CORNERS_HOME UNDER.5.5,CORNERS_HOME:UNDER_5_5,88.3%,0.882900,,,,,,,Sin cuota/EV,No encontrado en Betano,Alta,contexto premium torneo actual,usa promedios del contexto premium/API-Football,el volumen ofensivo puede variar por planteamiento y marcador temprano,
2026-08-02,15:30,UCV Moquegua vs FBC Melgar,,,Tarjetas total -6.5,CARDS_TOTALS UNDER.6.5,CARDS_TOTALS:UNDER_6_5,86.8%,0.867500,,,,,,,Sin cuota/EV,No encontrado en Betano,Alta,contexto premium torneo actual,usa promedios del contexto premium/API-Football,depende mucho del arbitro y del contexto competitivo,
2026-08-02,15:30,UCV Moquegua vs FBC Melgar,,,Local tarjetas +0.5,CARDS_HOME OVER.0.5,CARDS_HOME:OVER_0_5,86.5%,0.864700,,,,,,,Sin cuota/EV,No encontrado en Betano,Alta,contexto premium torneo actual,usa promedios del contexto premium/API-Football,depende mucho del arbitro y del contexto competitivo,
2026-08-02,15:30,UCV Moquegua vs FBC Melgar,,,SHOTS_TOTAL OVER.24.5,SHOTS_TOTAL OVER.24.5,SHOTS_TOTAL:OVER_24_5,85.9%,0.859100,,,,,,,Sin cuota/EV,No encontrado en Betano,Alta,contexto premium torneo actual,usa promedios del contexto premium/API-Football,el volumen ofensivo puede variar por planteamiento y marcador temprano,
2026-08-02,15:30,UCV Moquegua vs FBC Melgar,,,Local tarjetas -3.5,CARDS_HOME UNDER.3.5,CARDS_HOME:UNDER_3_5,85.7%,0.857100,,,,,,,Sin cuota/EV,No encontrado en Betano,Alta,contexto premium torneo actual,usa promedios del contexto premium/API-Football,depende mucho del arbitro y del contexto competitivo,
2026-08-02,15:30,UCV Moquegua vs FBC Melgar,,,SHOTS_ON_TARGET_TOTAL OVER.6.5,SHOTS_ON_TARGET_TOTAL OVER.6.5,SHOTS_ON_TARGET_TOTAL:OVER_6_5,85.0%,0.849800,,,,,,,Sin cuota/EV,No encontrado en Betano,Alta,contexto premium torneo actual,usa promedios del contexto premium/API-Football,el volumen ofensivo puede variar por planteamiento y marcador temprano,
2026-08-02,15:30,UCV Moquegua vs FBC Melgar,,,Corners total -10.5,CORNERS_TOTALS UNDER.10.5,CORNERS_TOTALS:UNDER_10_5,83.5%,0.835200,,,,,,,Sin cuota/EV,No encontrado en Betano,Alta,contexto premium torneo actual,usa promedios del contexto premium/API-Football,el volumen ofensivo puede variar por planteamiento y marcador temprano,
2026-08-02,15:30,UCV Moquegua vs FBC Melgar,,,Visita corners -6.5,CORNERS_AWAY UNDER.6.5,CORNERS_AWAY:UNDER_6_5,83.1%,0.831100,,,,,,,Sin cuota/EV,No encontrado en Betano,Alta,contexto premium torneo actual,usa promedios del contexto premium/API-Football,el volumen ofensivo puede variar por planteamiento y marcador temprano,
2026-08-02,15:30,UCV Moquegua vs FBC Melgar,,,Visita tarjetas -3.5,CARDS_AWAY UNDER.3.5,CARDS_AWAY:UNDER_3_5,81.9%,0.819400,,,,,,,Sin cuota/EV,No encontrado en Betano,Alta,contexto premium torneo actual,usa promedios del contexto premium/API-Football,depende mucho del arbitro y del contexto competitivo,
2026-08-02,15:30,UCV Moquegua vs FBC Melgar,,,Visita goles +0.5,TEAM_TOTAL_AWAY OVER.0.5,TEAM_TOTAL_AWAY:OVER_0_5,79.4%,0.793800,,,,,,,Sin cuota/EV,No encontrado en Betano,Alta,torneo actual,usa Poisson base con estadisticas de goles del torneo,un gol temprano o baja eficacia puede cambiar la lectura del mercado,
2026-08-02,15:30,UCV Moquegua vs FBC Melgar,,,Tarjetas total +2.5,CARDS_TOTALS OVER.2.5,CARDS_TOTALS:OVER_2_5,79.0%,0.789800,,,,,,,Sin cuota/EV,No encontrado en Betano,Alta,contexto premium torneo actual,usa promedios del contexto premium/API-Football,depende mucho del arbitro y del contexto competitivo,
2026-08-02,15:30,UCV Moquegua vs FBC Melgar,,,Visita goles -2.5,TEAM_TOTAL_AWAY UNDER.2.5,TEAM_TOTAL_AWAY:UNDER_2_5,78.9%,0.788800,,,,,,,Sin cuota/EV,No encontrado en Betano,Alta,torneo actual,usa Poisson base con estadisticas de goles del torneo,un gol temprano o baja eficacia puede cambiar la lectura del mercado,
2026-08-02,15:30,UCV Moquegua vs FBC Melgar,,,Local corners -4.5,CORNERS_HOME UNDER.4.5,CORNERS_HOME:UNDER_4_5,76.3%,0.762600,,,,,,,Sin cuota/EV,No encontrado en Betano,Alta,contexto premium torneo actual,usa promedios del contexto premium/API-Football,el volumen ofensivo puede variar por planteamiento y marcador temprano,
2026-08-02,15:30,UCV Moquegua vs FBC Melgar,10Bet,,Goles +1.5,TOTALS OVER.1.5,TOTALS:OVER_1_5,75.9%,0.759200,1.35,0.02,0.024900,,,,EV positivo,No encontrado en Betano,Alta,torneo actual,usa Poisson base con estadisticas de goles del torneo,un gol temprano o baja eficacia puede cambiar la lectura del mercado,
2026-08-02,15:30,UCV Moquegua vs FBC Melgar,,,SHOTS_TOTAL OVER.26.5,SHOTS_TOTAL OVER.26.5,SHOTS_TOTAL:OVER_26_5,75.6%,0.755600,,,,,,,Sin cuota/EV,No encontrado en Betano,Alta,contexto premium torneo actual,usa promedios del contexto premium/API-Football,el volumen ofensivo puede variar por planteamiento y marcador temprano,
2026-08-02,15:30,UCV Moquegua vs FBC Melgar,,,Tarjetas total -5.5,CARDS_TOTALS UNDER.5.5,CARDS_TOTALS:UNDER_5_5,75.3%,0.753100,,,,,,,Sin cuota/EV,No encontrado en Betano,Alta,contexto premium torneo actual,usa promedios del contexto premium/API-Football,depende mucho del arbitro y del contexto competitivo,
2026-08-02,15:30,UCV Moquegua vs FBC Melgar,,,SHOTS_ON_TARGET_TOTAL OVER.7.5,SHOTS_ON_TARGET_TOTAL OVER.7.5,SHOTS_ON_TARGET_TOTAL:OVER_7_5,75.1%,0.751500,,,,,,,Sin cuota/EV,No encontrado en Betano,Alta,contexto premium torneo actual,usa promedios del contexto premium/API-Football,el volumen ofensivo puede variar por planteamiento y marcador temprano,
2026-08-02,15:30,UCV Moquegua vs FBC Melgar,,,DOUBLE_CHANCE 12,DOUBLE_CHANCE 12,DOUBLE_CHANCE:12,75.0%,0.750500,,,,,,,Sin cuota/EV,No encontrado en Betano,Alta,torneo actual,usa Poisson base con estadisticas de goles del torneo,riesgo propio del resultado final y variacion del modelo,
2026-08-02,15:30,UCV Moquegua vs FBC Melgar,,,Corners total -9.5,CORNERS_TOTALS UNDER.9.5,CORNERS_TOTALS:UNDER_9_5,74.1%,0.741100,,,,,,,Sin cuota/EV,No encontrado en Betano,Alta,contexto premium torneo actual,usa promedios del contexto premium/API-Football,el volumen ofensivo puede variar por planteamiento y marcador temprano,
2026-08-02,15:30,UCV Moquegua vs FBC Melgar,10Bet,,1T -1.5,FIRST_HALF_TOTALS UNDER.1.5,FIRST_HALF_TOTALS:UNDER_1_5,73.6%,0.735800,1.11,-0.18,-0.183300,,,,EV negativo,No encontrado en Betano,Alta,contexto premium torneo actual,usa promedios del contexto premium/API-Football,el primer tiempo puede tener ritmo bajo o rotaciones,
2026-08-02,15:30,UCV Moquegua vs FBC Melgar,,,DOUBLE_CHANCE X2,DOUBLE_CHANCE X2,DOUBLE_CHANCE:X2,71.9%,0.718700,,,,,,,Sin cuota/EV,No encontrado en Betano,Alta,torneo actual,usa Poisson base con estadisticas de goles del torneo,riesgo propio del resultado final y variacion del modelo,
2026-08-02,15:30,UCV Moquegua vs FBC Melgar,10Bet,,Goles -3.5,TOTALS UNDER.3.5,TOTALS:UNDER_3_5,70.4%,0.704400,1.25,-0.12,-0.119500,,,,EV negativo,No encontrado en Betano,Alta,torneo actual,usa Poisson base con estadisticas de goles del torneo,un gol temprano o baja eficacia puede cambiar la lectura del mercado,
2026-08-02,15:30,UCV Moquegua vs FBC Melgar,,,Visita corners -5.5,CORNERS_AWAY UNDER.5.5,CORNERS_AWAY:UNDER_5_5,70.3%,0.702900,,,,,,,Sin cuota/EV,No encontrado en Betano,Alta,contexto premium torneo actual,usa promedios del contexto premium/API-Football,el volumen ofensivo puede variar por planteamiento y marcador temprano,
2026-08-02,15:30,UCV Moquegua vs FBC Melgar,,,Local goles +0.5,TEAM_TOTAL_HOME OVER.0.5,TEAM_TOTAL_HOME:OVER_0_5,68.8%,0.688100,,,,,,,Sin cuota/EV,No encontrado en Betano,Media,torneo actual,usa Poisson base con estadisticas de goles del torneo,un gol temprano o baja eficacia puede cambiar la lectura del mercado,
2026-08-02,15:30,UCV Moquegua vs FBC Melgar,,,Local tarjetas -2.5,CARDS_HOME UNDER.2.5,CARDS_HOME:UNDER_2_5,67.7%,0.676700,,,,,,,Sin cuota/EV,No encontrado en Betano,Media,contexto premium torneo actual,usa promedios del contexto premium/API-Football,depende mucho del arbitro y del contexto competitivo,
2026-08-02,15:30,UCV Moquegua vs FBC Melgar,,,Local goles -1.5,TEAM_TOTAL_HOME UNDER.1.5,TEAM_TOTAL_HOME:UNDER_1_5,67.5%,0.675200,,,,,,,Sin cuota/EV,No encontrado en Betano,Media,torneo actual,usa Poisson base con estadisticas de goles del torneo,un gol temprano o baja eficacia puede cambiar la lectura del mercado,
2026-08-02,15:30,UCV Moquegua vs FBC Melgar,,,Visita corners +3.5,CORNERS_AWAY OVER.3.5,CORNERS_AWAY:OVER_3_5,65.8%,0.657700,,,,,,,Sin cuota/EV,No encontrado en Betano,Media,contexto premium torneo actual,usa promedios del contexto premium/API-Football,el volumen ofensivo puede variar por planteamiento y marcador temprano,
2026-08-02,15:30,UCV Moquegua vs FBC Melgar,,,Visita tarjetas +1.5,CARDS_AWAY OVER.1.5,CARDS_AWAY:OVER_1_5,64.5%,0.645400,,,,,,,Sin cuota/EV,No encontrado en Betano,Media,contexto premium torneo actual,usa promedios del contexto premium/API-Football,depende mucho del arbitro y del contexto competitivo,
2026-08-02,15:30,UCV Moquegua vs FBC Melgar,,,SHOTS_ON_TARGET_TOTAL OVER.8.5,SHOTS_ON_TARGET_TOTAL OVER.8.5,SHOTS_ON_TARGET_TOTAL:OVER_8_5,63.2%,0.632400,,,,,,,Sin cuota/EV,No encontrado en Betano,Media,contexto premium torneo actual,usa promedios del contexto premium/API-Football,el volumen ofensivo puede variar por planteamiento y marcador temprano,
2026-08-02,15:30,UCV Moquegua vs FBC Melgar,10Bet,,1T +0.5,FIRST_HALF_TOTALS OVER.0.5,FIRST_HALF_TOTALS:OVER_0_5,63.2%,0.632100,1.91,0.21,0.207400,,,,EV positivo,No encontrado en Betano,Media,contexto premium torneo actual,usa promedios del contexto premium/API-Football,el primer tiempo puede tener ritmo bajo o rotaciones,
2026-08-02,15:30,UCV Moquegua vs FBC Melgar,10Bet,,DNB visita,DRAW_NO_BET AWAY,DRAW_NO_BET:AWAY,62.5%,0.625200,1.57,-0.02,-0.018400,,,,EV negativo,No encontrado en Betano,Media,torneo actual,usa Poisson base con estadisticas de goles del torneo,riesgo propio del resultado final y variacion del modelo,
2026-08-02,15:30,UCV Moquegua vs FBC Melgar,,,Visita tarjetas -2.5,CARDS_AWAY UNDER.2.5,CARDS_AWAY:UNDER_2_5,62.3%,0.622700,,,,,,,Sin cuota/EV,No encontrado en Betano,Media,contexto premium torneo actual,usa promedios del contexto premium/API-Football,depende mucho del arbitro y del contexto competitivo,
2026-08-02,15:30,UCV Moquegua vs FBC Melgar,10Bet,,Corners total -8.5,CORNERS_TOTALS UNDER.8.5,CORNERS_TOTALS:UNDER_8_5,62.0%,0.620400,1.67,0.04,0.036100,,,,EV positivo,No encontrado en Betano,Media,contexto premium torneo actual,usa promedios del contexto premium/API-Football,el volumen ofensivo puede variar por planteamiento y marcador temprano,
2026-08-02,15:30,UCV Moquegua vs FBC Melgar,,,Tarjetas total +3.5,CARDS_TOTALS OVER.3.5,CARDS_TOTALS:OVER_3_5,60.5%,0.604600,,,,,,,Sin cuota/EV,No encontrado en Betano,Media,contexto premium torneo actual,usa promedios del contexto premium/API-Football,depende mucho del arbitro y del contexto competitivo,
2026-08-02,15:30,UCV Moquegua vs FBC Melgar,,,Local tarjetas +1.5,CARDS_HOME OVER.1.5,CARDS_HOME:OVER_1_5,59.4%,0.594000,,,,,,,Sin cuota/EV,No encontrado en Betano,Media,contexto premium torneo actual,usa promedios del contexto premium/API-Football,depende mucho del arbitro y del contexto competitivo,
2026-08-02,15:30,UCV Moquegua vs FBC Melgar,,,Tarjetas total -4.5,CARDS_TOTALS UNDER.4.5,CARDS_TOTALS:UNDER_4_5,59.0%,0.589800,,,,,,,Sin cuota/EV,No encontrado en Betano,Media,contexto premium torneo actual,usa promedios del contexto premium/API-Football,depende mucho del arbitro y del contexto competitivo,
2026-08-02,15:30,UCV Moquegua vs FBC Melgar,,,Local corners -3.5,CORNERS_HOME UNDER.3.5,CORNERS_HOME:UNDER_3_5,58.0%,0.580300,,,,,,,Sin cuota/EV,No encontrado en Betano,Media,contexto premium torneo actual,usa promedios del contexto premium/API-Football,el volumen ofensivo puede variar por planteamiento y marcador temprano,
2026-08-02,15:30,UCV Moquegua vs FBC Melgar,10Bet,,BTTS sí,BTTS YES,BTTS:YES,54.6%,0.546200,4.33,1.37,1.365200,,,,EV positivo,No encontrado en Betano,Baja,torneo actual,usa Poisson base con estadisticas de goles del torneo,un gol temprano o baja eficacia puede cambiar la lectura del mercado,
2026-08-02,15:30,UCV Moquegua vs FBC Melgar,,,Visita corners -4.5,CORNERS_AWAY UNDER.4.5,CORNERS_AWAY:UNDER_4_5,53.2%,0.532100,,,,,,,Sin cuota/EV,No encontrado en Betano,Baja,contexto premium torneo actual,usa promedios del contexto premium/API-Football,el volumen ofensivo puede variar por planteamiento y marcador temprano,
2026-08-02,15:30,UCV Moquegua vs FBC Melgar,,,Visita goles -1.5,TEAM_TOTAL_AWAY UNDER.1.5,TEAM_TOTAL_AWAY:UNDER_1_5,53.2%,0.531800,,,,,,,Sin cuota/EV,No encontrado en Betano,Baja,torneo actual,usa Poisson base con estadisticas de goles del torneo,un gol temprano o baja eficacia puede cambiar la lectura del mercado,
2026-08-02,15:30,UCV Moquegua vs FBC Melgar,,,DOUBLE_CHANCE 1X,DOUBLE_CHANCE 1X,DOUBLE_CHANCE:1X,53.1%,0.530800,,,,,,,Sin cuota/EV,No encontrado en Betano,Baja,torneo actual,usa Poisson base con estadisticas de goles del torneo,riesgo propio del resultado final y variacion del modelo,
2026-08-02,15:30,UCV Moquegua vs FBC Melgar,10Bet,,Corners total +7.5,CORNERS_TOTALS OVER.7.5,CORNERS_TOTALS:OVER_7_5,51.9%,0.518800,1.67,-0.13,-0.133600,,,,EV negativo,No encontrado en Betano,Baja,contexto premium torneo actual,usa promedios del contexto premium/API-Football,el volumen ofensivo puede variar por planteamiento y marcador temprano,
2026-08-02,15:30,UCV Moquegua vs FBC Melgar,10Bet,,Goles +2.5,TOTALS OVER.2.5,TOTALS:OVER_2_5,51.7%,0.517100,2.10,0.09,0.085900,,,,EV positivo,No encontrado en Betano,Baja,torneo actual,usa Poisson base con estadisticas de goles del torneo,un gol temprano o baja eficacia puede cambiar la lectura del mercado,
2026-08-02,15:30,UCV Moquegua vs FBC Melgar,,,SHOTS_ON_TARGET_TOTAL OVER.9.5,SHOTS_ON_TARGET_TOTAL OVER.9.5,SHOTS_ON_TARGET_TOTAL:OVER_9_5,50.4%,0.504000,,,,,,,Sin cuota/EV,No encontrado en Betano,Baja,contexto premium torneo actual,usa promedios del contexto premium/API-Football,el volumen ofensivo puede variar por planteamiento y marcador temprano,
2026-08-02,15:30,UCV Moquegua vs FBC Melgar,,,SHOTS_ON_TARGET_TOTAL UNDER.9.5,SHOTS_ON_TARGET_TOTAL UNDER.9.5,SHOTS_ON_TARGET_TOTAL:UNDER_9_5,49.6%,0.496000,,,,,,,Sin cuota/EV,No encontrado en Betano,Baja,contexto premium torneo actual,usa promedios del contexto premium/API-Football,el volumen ofensivo puede variar por planteamiento y marcador temprano,
2026-08-02,15:30,UCV Moquegua vs FBC Melgar,10Bet,,Goles -2.5,TOTALS UNDER.2.5,TOTALS:UNDER_2_5,48.3%,0.482900,1.73,-0.16,-0.164600,,,,EV negativo,No encontrado en Betano,Baja,torneo actual,usa Poisson base con estadisticas de goles del torneo,un gol temprano o baja eficacia puede cambiar la lectura del mercado,
2026-08-02,15:30,UCV Moquegua vs FBC Melgar,10Bet,,Corners total -7.5,CORNERS_TOTALS UNDER.7.5,CORNERS_TOTALS:UNDER_7_5,48.1%,0.481200,2.10,0.01,0.010500,,,,EV negativo,No encontrado en Betano,Baja,contexto premium torneo actual,usa promedios del contexto premium/API-Football,el volumen ofensivo puede variar por planteamiento y marcador temprano,
2026-08-02,15:30,UCV Moquegua vs FBC Melgar,10Bet,,Gana visita,1X2 AWAY,1X2:AWAY,46.9%,0.469200,3.55,0.67,0.665700,,,,EV positivo,No encontrado en Betano,Baja,torneo actual,usa Poisson base con estadisticas de goles del torneo,riesgo propio del resultado final y variacion del modelo,
2026-08-02,15:30,UCV Moquegua vs FBC Melgar,,,Visita goles +1.5,TEAM_TOTAL_AWAY OVER.1.5,TEAM_TOTAL_AWAY:OVER_1_5,46.8%,0.468200,,,,,,,Sin cuota/EV,No encontrado en Betano,Baja,torneo actual,usa Poisson base con estadisticas de goles del torneo,un gol temprano o baja eficacia puede cambiar la lectura del mercado,
2026-08-02,15:30,UCV Moquegua vs FBC Melgar,,,Visita corners +4.5,CORNERS_AWAY OVER.4.5,CORNERS_AWAY:OVER_4_5,46.8%,0.467900,,,,,,,Sin cuota/EV,No encontrado en Betano,Baja,contexto premium torneo actual,usa promedios del contexto premium/API-Football,el volumen ofensivo puede variar por planteamiento y marcador temprano,
2026-08-02,15:30,UCV Moquegua vs FBC Melgar,10Bet,,BTTS no,BTTS NO,BTTS:NO,45.4%,0.453800,1.18,-0.46,-0.464600,,,,EV negativo,No encontrado en Betano,Baja,torneo actual,usa Poisson base con estadisticas de goles del torneo,un gol temprano o baja eficacia puede cambiar la lectura del mercado,
2026-08-02,15:30,UCV Moquegua vs FBC Melgar,,,Local corners +3.5,CORNERS_HOME OVER.3.5,CORNERS_HOME:OVER_3_5,42.0%,0.419700,,,,,,,Sin cuota/EV,No encontrado en Betano,Baja,contexto premium torneo actual,usa promedios del contexto premium/API-Football,el volumen ofensivo puede variar por planteamiento y marcador temprano,
2026-08-02,15:30,UCV Moquegua vs FBC Melgar,,,Tarjetas total +4.5,CARDS_TOTALS OVER.4.5,CARDS_TOTALS:OVER_4_5,41.0%,0.410200,,,,,,,Sin cuota/EV,No encontrado en Betano,Baja,contexto premium torneo actual,usa promedios del contexto premium/API-Football,depende mucho del arbitro y del contexto competitivo,
2026-08-02,15:30,UCV Moquegua vs FBC Melgar,,,Local tarjetas -1.5,CARDS_HOME UNDER.1.5,CARDS_HOME:UNDER_1_5,40.6%,0.406000,,,,,,,Sin cuota/EV,No encontrado en Betano,Baja,contexto premium torneo actual,usa promedios del contexto premium/API-Football,depende mucho del arbitro y del contexto competitivo,
2026-08-02,15:30,UCV Moquegua vs FBC Melgar,,,Tarjetas total -3.5,CARDS_TOTALS UNDER.3.5,CARDS_TOTALS:UNDER_3_5,39.5%,0.395400,,,,,,,Sin cuota/EV,No encontrado en Betano,Baja,contexto premium torneo actual,usa promedios del contexto premium/API-Football,depende mucho del arbitro y del contexto competitivo,
2026-08-02,15:30,UCV Moquegua vs FBC Melgar,10Bet,,Corners total +8.5,CORNERS_TOTALS OVER.8.5,CORNERS_TOTALS:OVER_8_5,38.0%,0.379600,2.10,-0.20,-0.202900,,,,EV negativo,No encontrado en Betano,Baja,contexto premium torneo actual,usa promedios del contexto premium/API-Football,el volumen ofensivo puede variar por planteamiento y marcador temprano,
2026-08-02,15:30,UCV Moquegua vs FBC Melgar,,,Visita tarjetas +2.5,CARDS_AWAY OVER.2.5,CARDS_AWAY:OVER_2_5,37.7%,0.377300,,,,,,,Sin cuota/EV,No encontrado en Betano,Baja,contexto premium torneo actual,usa promedios del contexto premium/API-Football,depende mucho del arbitro y del contexto competitivo,
2026-08-02,15:30,UCV Moquegua vs FBC Melgar,10Bet,,DNB local,DRAW_NO_BET HOME,DRAW_NO_BET:HOME,37.5%,0.374800,2.25,-0.16,-0.156700,,,,EV negativo,No encontrado en Betano,Baja,torneo actual,usa Poisson base con estadisticas de goles del torneo,riesgo propio del resultado final y variacion del modelo,
2026-08-02,15:30,UCV Moquegua vs FBC Melgar,10Bet,,1T -0.5,FIRST_HALF_TOTALS UNDER.0.5,FIRST_HALF_TOTALS:UNDER_0_5,36.8%,0.367900,1.80,-0.34,-0.337800,,,,EV negativo,No encontrado en Betano,Baja,contexto premium torneo actual,usa promedios del contexto premium/API-Football,el primer tiempo puede tener ritmo bajo o rotaciones,
2026-08-02,15:30,UCV Moquegua vs FBC Melgar,,,SHOTS_ON_TARGET_TOTAL UNDER.8.5,SHOTS_ON_TARGET_TOTAL UNDER.8.5,SHOTS_ON_TARGET_TOTAL:UNDER_8_5,36.8%,0.367600,,,,,,,Sin cuota/EV,No encontrado en Betano,Baja,contexto premium torneo actual,usa promedios del contexto premium/API-Football,el volumen ofensivo puede variar por planteamiento y marcador temprano,
2026-08-02,15:30,UCV Moquegua vs FBC Melgar,,,Visita tarjetas -1.5,CARDS_AWAY UNDER.1.5,CARDS_AWAY:UNDER_1_5,35.5%,0.354600,,,,,,,Sin cuota/EV,No encontrado en Betano,Baja,contexto premium torneo actual,usa promedios del contexto premium/API-Football,depende mucho del arbitro y del contexto competitivo,
2026-08-02,15:30,UCV Moquegua vs FBC Melgar,,,Visita corners -3.5,CORNERS_AWAY UNDER.3.5,CORNERS_AWAY:UNDER_3_5,34.2%,0.342300,,,,,,,Sin cuota/EV,No encontrado en Betano,Baja,contexto premium torneo actual,usa promedios del contexto premium/API-Football,el volumen ofensivo puede variar por planteamiento y marcador temprano,
2026-08-02,15:30,UCV Moquegua vs FBC Melgar,,,Local goles +1.5,TEAM_TOTAL_HOME OVER.1.5,TEAM_TOTAL_HOME:OVER_1_5,32.5%,0.324800,,,,,,,Sin cuota/EV,No encontrado en Betano,Baja,torneo actual,usa Poisson base con estadisticas de goles del torneo,un gol temprano o baja eficacia puede cambiar la lectura del mercado,
2026-08-02,15:30,UCV Moquegua vs FBC Melgar,,,Local tarjetas +2.5,CARDS_HOME OVER.2.5,CARDS_HOME:OVER_2_5,32.3%,0.323300,,,,,,,Sin cuota/EV,No encontrado en Betano,Baja,contexto premium torneo actual,usa promedios del contexto premium/API-Football,depende mucho del arbitro y del contexto competitivo,
2026-08-02,15:30,UCV Moquegua vs FBC Melgar,,,Local goles -0.5,TEAM_TOTAL_HOME UNDER.0.5,TEAM_TOTAL_HOME:UNDER_0_5,31.2%,0.311900,,,,,,,Sin cuota/EV,No encontrado en Betano,Baja,torneo actual,usa Poisson base con estadisticas de goles del torneo,un gol temprano o baja eficacia puede cambiar la lectura del mercado,
2026-08-02,15:30,UCV Moquegua vs FBC Melgar,,,Visita corners +5.5,CORNERS_AWAY OVER.5.5,CORNERS_AWAY:OVER_5_5,29.7%,0.297100,,,,,,,Sin cuota/EV,No encontrado en Betano,Baja,contexto premium torneo actual,usa promedios del contexto premium/API-Football,el volumen ofensivo puede variar por planteamiento y marcador temprano,
2026-08-02,15:30,UCV Moquegua vs FBC Melgar,10Bet,,Goles +3.5,TOTALS OVER.3.5,TOTALS:OVER_3_5,29.6%,0.295600,3.80,0.12,0.123400,,,,EV positivo,No encontrado en Betano,Baja,torneo actual,usa Poisson base con estadisticas de goles del torneo,un gol temprano o baja eficacia puede cambiar la lectura del mercado,
2026-08-02,15:30,UCV Moquegua vs FBC Melgar,10Bet,,Gana local,1X2 HOME,1X2:HOME,28.1%,0.281300,4.75,0.34,0.336000,,,,EV positivo,No encontrado en Betano,Baja,torneo actual,usa Poisson base con estadisticas de goles del torneo,riesgo propio del resultado final y variacion del modelo,
2026-08-02,15:30,UCV Moquegua vs FBC Melgar,10Bet,,1T +1.5,FIRST_HALF_TOTALS OVER.1.5,FIRST_HALF_TOTALS:OVER_1_5,26.4%,0.264200,5.50,0.45,0.453300,,,,EV positivo,No encontrado en Betano,Baja,contexto premium torneo actual,usa promedios del contexto premium/API-Football,el primer tiempo puede tener ritmo bajo o rotaciones,
2026-08-02,15:30,UCV Moquegua vs FBC Melgar,,,Corners total +9.5,CORNERS_TOTALS OVER.9.5,CORNERS_TOTALS:OVER_9_5,25.9%,0.258900,,,,,,,Sin cuota/EV,No encontrado en Betano,Baja,contexto premium torneo actual,usa promedios del contexto premium/API-Football,el volumen ofensivo puede variar por planteamiento y marcador temprano,
2026-08-02,15:30,UCV Moquegua vs FBC Melgar,10Bet,,Empate,1X2 DRAW,1X2:DRAW,24.9%,0.249500,1.70,-0.58,-0.575800,,,,EV negativo,No encontrado en Betano,Baja,torneo actual,usa Poisson base con estadisticas de goles del torneo,riesgo propio del resultado final y variacion del modelo,
2026-08-02,15:30,UCV Moquegua vs FBC Melgar,,,SHOTS_ON_TARGET_TOTAL UNDER.7.5,SHOTS_ON_TARGET_TOTAL UNDER.7.5,SHOTS_ON_TARGET_TOTAL:UNDER_7_5,24.9%,0.248500,,,,,,,Sin cuota/EV,No encontrado en Betano,Baja,contexto premium torneo actual,usa promedios del contexto premium/API-Football,el volumen ofensivo puede variar por planteamiento y marcador temprano,
2026-08-02,15:30,UCV Moquegua vs FBC Melgar,,,Tarjetas total +5.5,CARDS_TOTALS OVER.5.5,CARDS_TOTALS:OVER_5_5,24.7%,0.246900,,,,,,,Sin cuota/EV,No encontrado en Betano,Baja,contexto premium torneo actual,usa promedios del contexto premium/API-Football,depende mucho del arbitro y del contexto competitivo,
2026-08-02,15:30,UCV Moquegua vs FBC Melgar,,,SHOTS_TOTAL UNDER.26.5,SHOTS_TOTAL UNDER.26.5,SHOTS_TOTAL:UNDER_26_5,24.4%,0.244400,,,,,,,Sin cuota/EV,No encontrado en Betano,Baja,contexto premium torneo actual,usa promedios del contexto premium/API-Football,el volumen ofensivo puede variar por planteamiento y marcador temprano,
2026-08-02,15:30,UCV Moquegua vs FBC Melgar,10Bet,,Goles -1.5,TOTALS UNDER.1.5,TOTALS:UNDER_1_5,24.1%,0.240800,3.10,-0.25,-0.253500,,,,EV negativo,No encontrado en Betano,Baja,torneo actual,usa Poisson base con estadisticas de goles del torneo,un gol temprano o baja eficacia puede cambiar la lectura del mercado,
2026-08-02,15:30,UCV Moquegua vs FBC Melgar,,,Local corners +4.5,CORNERS_HOME OVER.4.5,CORNERS_HOME:OVER_4_5,23.7%,0.237400,,,,,,,Sin cuota/EV,No encontrado en Betano,Baja,contexto premium torneo actual,usa promedios del contexto premium/API-Football,el volumen ofensivo puede variar por planteamiento y marcador temprano,
2026-08-02,15:30,UCV Moquegua vs FBC Melgar,,,Visita goles +2.5,TEAM_TOTAL_AWAY OVER.2.5,TEAM_TOTAL_AWAY:OVER_2_5,21.1%,0.211200,,,,,,,Sin cuota/EV,No encontrado en Betano,Baja,torneo actual,usa Poisson base con estadisticas de goles del torneo,un gol temprano o baja eficacia puede cambiar la lectura del mercado,
2026-08-02,15:30,UCV Moquegua vs FBC Melgar,,,Tarjetas total -2.5,CARDS_TOTALS UNDER.2.5,CARDS_TOTALS:UNDER_2_5,21.0%,0.210200,,,,,,,Sin cuota/EV,No encontrado en Betano,Baja,contexto premium torneo actual,usa promedios del contexto premium/API-Football,depende mucho del arbitro y del contexto competitivo,
2026-08-02,15:30,UCV Moquegua vs FBC Melgar,,,Visita goles -0.5,TEAM_TOTAL_AWAY UNDER.0.5,TEAM_TOTAL_AWAY:UNDER_0_5,20.6%,0.206200,,,,,,,Sin cuota/EV,No encontrado en Betano,Baja,torneo actual,usa Poisson base con estadisticas de goles del torneo,un gol temprano o baja eficacia puede cambiar la lectura del mercado,
2026-08-02,15:30,UCV Moquegua vs FBC Melgar,,,Visita tarjetas +3.5,CARDS_AWAY OVER.3.5,CARDS_AWAY:OVER_3_5,18.1%,0.180600,,,,,,,Sin cuota/EV,No encontrado en Betano,Baja,contexto premium torneo actual,usa promedios del contexto premium/API-Football,depende mucho del arbitro y del contexto competitivo,
2026-08-02,15:30,UCV Moquegua vs FBC Melgar,,,Visita corners +6.5,CORNERS_AWAY OVER.6.5,CORNERS_AWAY:OVER_6_5,16.9%,0.168900,,,,,,,Sin cuota/EV,No encontrado en Betano,Baja,contexto premium torneo actual,usa promedios del contexto premium/API-Football,el volumen ofensivo puede variar por planteamiento y marcador temprano,
2026-08-02,15:30,UCV Moquegua vs FBC Melgar,,,Corners total +10.5,CORNERS_TOTALS OVER.10.5,CORNERS_TOTALS:OVER_10_5,16.5%,0.164800,,,,,,,Sin cuota/EV,No encontrado en Betano,Baja,contexto premium torneo actual,usa promedios del contexto premium/API-Football,el volumen ofensivo puede variar por planteamiento y marcador temprano,
2026-08-02,15:30,UCV Moquegua vs FBC Melgar,,,SHOTS_ON_TARGET_TOTAL UNDER.6.5,SHOTS_ON_TARGET_TOTAL UNDER.6.5,SHOTS_ON_TARGET_TOTAL:UNDER_6_5,15.0%,0.150200,,,,,,,Sin cuota/EV,No encontrado en Betano,Baja,contexto premium torneo actual,usa promedios del contexto premium/API-Football,el volumen ofensivo puede variar por planteamiento y marcador temprano,
2026-08-02,15:30,UCV Moquegua vs FBC Melgar,,,Local tarjetas +3.5,CARDS_HOME OVER.3.5,CARDS_HOME:OVER_3_5,14.3%,0.142900,,,,,,,Sin cuota/EV,No encontrado en Betano,Baja,contexto premium torneo actual,usa promedios del contexto premium/API-Football,depende mucho del arbitro y del contexto competitivo,
2026-08-02,15:30,UCV Moquegua vs FBC Melgar,,,SHOTS_TOTAL UNDER.24.5,SHOTS_TOTAL UNDER.24.5,SHOTS_TOTAL:UNDER_24_5,14.1%,0.140900,,,,,,,Sin cuota/EV,No encontrado en Betano,Baja,contexto premium torneo actual,usa promedios del contexto premium/API-Football,el volumen ofensivo puede variar por planteamiento y marcador temprano,
2026-08-02,15:30,UCV Moquegua vs FBC Melgar,,,Local tarjetas -0.5,CARDS_HOME UNDER.0.5,CARDS_HOME:UNDER_0_5,13.5%,0.135300,,,,,,,Sin cuota/EV,No encontrado en Betano,Baja,contexto premium torneo actual,usa promedios del contexto premium/API-Football,depende mucho del arbitro y del contexto competitivo,
2026-08-02,15:30,UCV Moquegua vs FBC Melgar,,,Tarjetas total +6.5,CARDS_TOTALS OVER.6.5,CARDS_TOTALS:OVER_6_5,13.2%,0.132500,,,,,,,Sin cuota/EV,No encontrado en Betano,Baja,contexto premium torneo actual,usa promedios del contexto premium/API-Football,depende mucho del arbitro y del contexto competitivo,
2026-08-02,15:30,UCV Moquegua vs FBC Melgar,,,Local corners +5.5,CORNERS_HOME OVER.5.5,CORNERS_HOME:OVER_5_5,11.7%,0.117100,,,,,,,Sin cuota/EV,No encontrado en Betano,Baja,contexto premium torneo actual,usa promedios del contexto premium/API-Football,el volumen ofensivo puede variar por planteamiento y marcador temprano,
2026-08-02,15:30,UCV Moquegua vs FBC Melgar,,,Local goles +2.5,TEAM_TOTAL_HOME OVER.2.5,TEAM_TOTAL_HOME:OVER_2_5,11.3%,0.113100,,,,,,,Sin cuota/EV,No encontrado en Betano,Baja,torneo actual,usa Poisson base con estadisticas de goles del torneo,un gol temprano o baja eficacia puede cambiar la lectura del mercado,
2026-08-02,15:30,UCV Moquegua vs FBC Melgar,,,Visita tarjetas -0.5,CARDS_AWAY UNDER.0.5,CARDS_AWAY:UNDER_0_5,11.1%,0.110800,,,,,,,Sin cuota/EV,No encontrado en Betano,Baja,contexto premium torneo actual,usa promedios del contexto premium/API-Football,depende mucho del arbitro y del contexto competitivo,
2026-08-02,15:30,UCV Moquegua vs FBC Melgar,,,Corners total +11.5,CORNERS_TOTALS OVER.11.5,CORNERS_TOTALS:OVER_11_5,9.8%,0.098000,,,,,,,Sin cuota/EV,No encontrado en Betano,Baja,contexto premium torneo actual,usa promedios del contexto premium/API-Football,el volumen ofensivo puede variar por planteamiento y marcador temprano,
2026-08-02,15:30,UCV Moquegua vs FBC Melgar,,,SHOTS_TOTAL UNDER.22.5,SHOTS_TOTAL UNDER.22.5,SHOTS_TOTAL:UNDER_22_5,7.1%,0.070700,,,,,,,Sin cuota/EV,No encontrado en Betano,Baja,contexto premium torneo actual,usa promedios del contexto premium/API-Football,el volumen ofensivo puede variar por planteamiento y marcador temprano,
2026-08-02,15:30,UCV Moquegua vs FBC Melgar,,,Local corners +6.5,CORNERS_HOME OVER.6.5,CORNERS_HOME:OVER_6_5,5.1%,0.051000,,,,,,,Sin cuota/EV,No encontrado en Betano,Baja,contexto premium torneo actual,usa promedios del contexto premium/API-Football,el volumen ofensivo puede variar por planteamiento y marcador temprano,
2026-08-02,15:30,UCV Moquegua vs FBC Melgar,,,SHOTS_TOTAL UNDER.20.5,SHOTS_TOTAL UNDER.20.5,SHOTS_TOTAL:UNDER_20_5,3.0%,0.030300,,,,,,,Sin cuota/EV,No encontrado en Betano,Baja,contexto premium torneo actual,usa promedios del contexto premium/API-Football,el volumen ofensivo puede variar por planteamiento y marcador temprano,
2026-08-02,15:30,UCV Moquegua vs FBC Melgar,,,SHOTS_TOTAL UNDER.18.5,SHOTS_TOTAL UNDER.18.5,SHOTS_TOTAL:UNDER_18_5,1.1%,0.010800,,,,,,,Sin cuota/EV,No encontrado en Betano,Baja,contexto premium torneo actual,usa promedios del contexto premium/API-Football,el volumen ofensivo puede variar por planteamiento y marcador temprano,
2026-08-02,17:15,River Plate vs Rosario Central,,Betano,Visita corners -6.5,CORNERS_AWAY UNDER.6.5,CORNERS_AWAY:UNDER_6_5,94.9%,0.949000,,,,,,,Sin cuota/EV,No encontrado en Betano,Alta,contexto premium torneo actual,usa promedios del contexto premium/API-Football,el volumen ofensivo puede variar por planteamiento y marcador temprano,https://www.betano.pe/cuotas-de-partido/river-plate-ca-rosario-central/88418043/
2026-08-02,17:15,River Plate vs Rosario Central,,Betano,Visita tarjetas +0.5,CARDS_AWAY OVER.0.5,CARDS_AWAY:OVER_0_5,93.9%,0.939200,,,,,,,Sin cuota/EV,No encontrado en Betano,Alta,contexto premium torneo actual,usa promedios del contexto premium/API-Football,depende mucho del arbitro y del contexto competitivo,https://www.betano.pe/cuotas-de-partido/river-plate-ca-rosario-central/88418043/
2026-08-02,17:15,River Plate vs Rosario Central,,Betano,Visita goles -2.5,TEAM_TOTAL_AWAY UNDER.2.5,TEAM_TOTAL_AWAY:UNDER_2_5,91.0%,0.910100,,,,,,,Sin cuota/EV,No encontrado en Betano,Alta,torneo actual,usa Poisson base con estadisticas de goles del torneo,un gol temprano o baja eficacia puede cambiar la lectura del mercado,https://www.betano.pe/cuotas-de-partido/river-plate-ca-rosario-central/88418043/
2026-08-02,17:15,River Plate vs Rosario Central,,Betano,Local tarjetas -3.5,CARDS_HOME UNDER.3.5,CARDS_HOME:UNDER_3_5,89.1%,0.891300,,,,,,,Sin cuota/EV,No encontrado en Betano,Alta,contexto premium torneo actual,usa promedios del contexto premium/API-Football,depende mucho del arbitro y del contexto competitivo,https://www.betano.pe/cuotas-de-partido/river-plate-ca-rosario-central/88418043/
2026-08-02,17:15,River Plate vs Rosario Central,,Betano,Visita corners -5.5,CORNERS_AWAY UNDER.5.5,CORNERS_AWAY:UNDER_5_5,88.3%,0.882900,,,,,,,Sin cuota/EV,No encontrado en Betano,Alta,contexto premium torneo actual,usa promedios del contexto premium/API-Football,el volumen ofensivo puede variar por planteamiento y marcador temprano,https://www.betano.pe/cuotas-de-partido/river-plate-ca-rosario-central/88418043/
2026-08-02,17:15,River Plate vs Rosario Central,,Betano,Corners total -11.5,CORNERS_TOTALS UNDER.11.5,CORNERS_TOTALS:UNDER_11_5,87.3%,0.873100,,,,,,,Sin cuota/EV,No encontrado en Betano,Alta,contexto premium torneo actual,usa promedios del contexto premium/API-Football,el volumen ofensivo puede variar por planteamiento y marcador temprano,https://www.betano.pe/cuotas-de-partido/river-plate-ca-rosario-central/88418043/
2026-08-02,17:15,River Plate vs Rosario Central,,Betano,Local goles -2.5,TEAM_TOTAL_HOME UNDER.2.5,TEAM_TOTAL_HOME:UNDER_2_5,86.2%,0.862500,,,,1.13,-0.03,-0.025400,Sin cuota/EV,EV negativo Betano,Alta,torneo actual,usa Poisson base con estadisticas de goles del torneo,un gol temprano o baja eficacia puede cambiar la lectura del mercado,https://www.betano.pe/cuotas-de-partido/river-plate-ca-rosario-central/88418043/
2026-08-02,17:15,River Plate vs Rosario Central,,Betano,SHOTS_TOTAL UNDER.26.5,SHOTS_TOTAL UNDER.26.5,SHOTS_TOTAL:UNDER_26_5,83.8%,0.837900,,,,,,,Sin cuota/EV,No encontrado en Betano,Alta,contexto premium torneo actual,usa promedios del contexto premium/API-Football,el volumen ofensivo puede variar por planteamiento y marcador temprano,https://www.betano.pe/cuotas-de-partido/river-plate-ca-rosario-central/88418043/
2026-08-02,17:15,River Plate vs Rosario Central,,Betano,Tarjetas total +2.5,CARDS_TOTALS OVER.2.5,CARDS_TOTALS:OVER_2_5,83.7%,0.837400,,,,,,,Sin cuota/EV,No encontrado en Betano,Alta,contexto premium torneo actual,usa promedios del contexto premium/API-Football,depende mucho del arbitro y del contexto competitivo,https://www.betano.pe/cuotas-de-partido/river-plate-ca-rosario-central/88418043/
2026-08-02,17:15,River Plate vs Rosario Central,,Betano,Local tarjetas +0.5,CARDS_HOME OVER.0.5,CARDS_HOME:OVER_0_5,83.5%,0.834700,,,,,,,Sin cuota/EV,No encontrado en Betano,Alta,contexto premium torneo actual,usa promedios del contexto premium/API-Football,depende mucho del arbitro y del contexto competitivo,https://www.betano.pe/cuotas-de-partido/river-plate-ca-rosario-central/88418043/
2026-08-02,17:15,River Plate vs Rosario Central,,Betano,Tarjetas total -6.5,CARDS_TOTALS UNDER.6.5,CARDS_TOTALS:UNDER_6_5,81.8%,0.818000,,,,1.70,0.39,0.390600,Sin cuota/EV,EV positivo Betano,Alta,contexto premium torneo actual,usa promedios del contexto premium/API-Football,depende mucho del arbitro y del contexto competitivo,https://www.betano.pe/cuotas-de-partido/river-plate-ca-rosario-central/88418043/
2026-08-02,17:15,River Plate vs Rosario Central,10Bet,Betano,1T -1.5,FIRST_HALF_TOTALS UNDER.1.5,FIRST_HALF_TOTALS:UNDER_1_5,80.9%,0.808800,1.08,-0.13,-0.126500,1.27,0.03,0.027200,EV negativo,EV positivo Betano,Alta,contexto premium torneo actual,usa promedios del contexto premium/API-Football,el primer tiempo puede tener ritmo bajo o rotaciones,https://www.betano.pe/cuotas-de-partido/river-plate-ca-rosario-central/88418043/
2026-08-02,17:15,River Plate vs Rosario Central,,Betano,Corners total -10.5,CORNERS_TOTALS UNDER.10.5,CORNERS_TOTALS:UNDER_10_5,79.5%,0.795500,,,,,,,Sin cuota/EV,No encontrado en Betano,Alta,contexto premium torneo actual,usa promedios del contexto premium/API-Football,el volumen ofensivo puede variar por planteamiento y marcador temprano,https://www.betano.pe/cuotas-de-partido/river-plate-ca-rosario-central/88418043/
2026-08-02,17:15,River Plate vs Rosario Central,10Bet,Betano,Goles -3.5,TOTALS UNDER.3.5,TOTALS:UNDER_3_5,79.4%,0.793800,1.15,-0.09,-0.087100,,,,EV negativo,No encontrado en Betano,Alta,torneo actual,usa Poisson base con estadisticas de goles del torneo,un gol temprano o baja eficacia puede cambiar la lectura del mercado,https://www.betano.pe/cuotas-de-partido/river-plate-ca-rosario-central/88418043/
2026-08-02,17:15,River Plate vs Rosario Central,,Betano,Local corners -6.5,CORNERS_HOME UNDER.6.5,CORNERS_HOME:UNDER_6_5,77.7%,0.776700,,,,,,,Sin cuota/EV,No encontrado en Betano,Alta,contexto premium torneo actual,usa promedios del contexto premium/API-Football,el volumen ofensivo puede variar por planteamiento y marcador temprano,https://www.betano.pe/cuotas-de-partido/river-plate-ca-rosario-central/88418043/
2026-08-02,17:15,River Plate vs Rosario Central,,Betano,Visita tarjetas +1.5,CARDS_AWAY OVER.1.5,CARDS_AWAY:OVER_1_5,76.9%,0.768900,,,,,,,Sin cuota/EV,No encontrado en Betano,Alta,contexto premium torneo actual,usa promedios del contexto premium/API-Football,depende mucho del arbitro y del contexto competitivo,https://www.betano.pe/cuotas-de-partido/river-plate-ca-rosario-central/88418043/
2026-08-02,17:15,River Plate vs Rosario Central,,Betano,Visita corners -4.5,CORNERS_AWAY UNDER.4.5,CORNERS_AWAY:UNDER_4_5,76.3%,0.762600,,,,,,,Sin cuota/EV,No encontrado en Betano,Alta,contexto premium torneo actual,usa promedios del contexto premium/API-Football,el volumen ofensivo puede variar por planteamiento y marcador temprano,https://www.betano.pe/cuotas-de-partido/river-plate-ca-rosario-central/88418043/
2026-08-02,17:15,River Plate vs Rosario Central,,Betano,SHOTS_TOTAL OVER.18.5,SHOTS_TOTAL OVER.18.5,SHOTS_TOTAL:OVER_18_5,76.1%,0.761100,,,,,,,Sin cuota/EV,No encontrado en Betano,Alta,contexto premium torneo actual,usa promedios del contexto premium/API-Football,el volumen ofensivo puede variar por planteamiento y marcador temprano,https://www.betano.pe/cuotas-de-partido/river-plate-ca-rosario-central/88418043/
2026-08-02,17:15,River Plate vs Rosario Central,,Betano,SHOTS_ON_TARGET_TOTAL UNDER.9.5,SHOTS_ON_TARGET_TOTAL UNDER.9.5,SHOTS_ON_TARGET_TOTAL:UNDER_9_5,75.3%,0.753100,,,,,,,Sin cuota/EV,No encontrado en Betano,Alta,contexto premium torneo actual,usa promedios del contexto premium/API-Football,el volumen ofensivo puede variar por planteamiento y marcador temprano,https://www.betano.pe/cuotas-de-partido/river-plate-ca-rosario-central/88418043/
2026-08-02,17:15,River Plate vs Rosario Central,,Betano,Local tarjetas -2.5,CARDS_HOME UNDER.2.5,CARDS_HOME:UNDER_2_5,73.1%,0.730600,,,,,,,Sin cuota/EV,No encontrado en Betano,Alta,contexto premium torneo actual,usa promedios del contexto premium/API-Football,depende mucho del arbitro y del contexto competitivo,https://www.betano.pe/cuotas-de-partido/river-plate-ca-rosario-central/88418043/
2026-08-02,17:15,River Plate vs Rosario Central,,Betano,Local goles +0.5,TEAM_TOTAL_HOME OVER.0.5,TEAM_TOTAL_HOME:OVER_0_5,72.1%,0.720900,,,,1.32,-0.05,-0.048400,Sin cuota/EV,EV negativo Betano,Alta,torneo actual,usa Poisson base con estadisticas de goles del torneo,un gol temprano o baja eficacia puede cambiar la lectura del mercado,https://www.betano.pe/cuotas-de-partido/river-plate-ca-rosario-central/88418043/
2026-08-02,17:15,River Plate vs Rosario Central,,Betano,Local corners +3.5,CORNERS_HOME OVER.3.5,CORNERS_HOME:OVER_3_5,72.1%,0.720700,,,,,,,Sin cuota/EV,No encontrado en Betano,Alta,contexto premium torneo actual,usa promedios del contexto premium/API-Football,el volumen ofensivo puede variar por planteamiento y marcador temprano,https://www.betano.pe/cuotas-de-partido/river-plate-ca-rosario-central/88418043/
2026-08-02,17:15,River Plate vs Rosario Central,,Betano,DOUBLE_CHANCE 12,DOUBLE_CHANCE 12,DOUBLE_CHANCE:12,72.1%,0.720600,,,,,,,Sin cuota/EV,No encontrado en Betano,Alta,torneo actual,usa Poisson base con estadisticas de goles del torneo,riesgo propio del resultado final y variacion del modelo,https://www.betano.pe/cuotas-de-partido/river-plate-ca-rosario-central/88418043/
2026-08-02,17:15,River Plate vs Rosario Central,,Betano,SHOTS_TOTAL UNDER.24.5,SHOTS_TOTAL UNDER.24.5,SHOTS_TOTAL:UNDER_24_5,71.9%,0.719100,,,,,,,Sin cuota/EV,No encontrado en Betano,Alta,contexto premium torneo actual,usa promedios del contexto premium/API-Football,el volumen ofensivo puede variar por planteamiento y marcador temprano,https://www.betano.pe/cuotas-de-partido/river-plate-ca-rosario-central/88418043/
2026-08-02,17:15,River Plate vs Rosario Central,,Betano,Visita goles -1.5,TEAM_TOTAL_AWAY UNDER.1.5,TEAM_TOTAL_AWAY:UNDER_1_5,71.7%,0.717100,,,,,,,Sin cuota/EV,No encontrado en Betano,Alta,torneo actual,usa Poisson base con estadisticas de goles del torneo,un gol temprano o baja eficacia puede cambiar la lectura del mercado,https://www.betano.pe/cuotas-de-partido/river-plate-ca-rosario-central/88418043/
2026-08-02,17:15,River Plate vs Rosario Central,,Betano,DOUBLE_CHANCE 1X,DOUBLE_CHANCE 1X,DOUBLE_CHANCE:1X,69.5%,0.695000,,,,,,,Sin cuota/EV,No encontrado en Betano,Media,torneo actual,usa Poisson base con estadisticas de goles del torneo,riesgo propio del resultado final y variacion del modelo,https://www.betano.pe/cuotas-de-partido/river-plate-ca-rosario-central/88418043/
2026-08-02,17:15,River Plate vs Rosario Central,,Betano,Visita tarjetas -3.5,CARDS_AWAY UNDER.3.5,CARDS_AWAY:UNDER_3_5,69.2%,0.691900,,,,,,,Sin cuota/EV,No encontrado en Betano,Media,contexto premium torneo actual,usa promedios del contexto premium/API-Football,depende mucho del arbitro y del contexto competitivo,https://www.betano.pe/cuotas-de-partido/river-plate-ca-rosario-central/88418043/
2026-08-02,17:15,River Plate vs Rosario Central,,Betano,Corners total -9.5,CORNERS_TOTALS UNDER.9.5,CORNERS_TOTALS:UNDER_9_5,69.2%,0.691500,,,,1.52,0.05,0.051100,Sin cuota/EV,EV positivo Betano,Media,contexto premium torneo actual,usa promedios del contexto premium/API-Football,el volumen ofensivo puede variar por planteamiento y marcador temprano,https://www.betano.pe/cuotas-de-partido/river-plate-ca-rosario-central/88418043/
2026-08-02,17:15,River Plate vs Rosario Central,,Betano,Tarjetas total -5.5,CARDS_TOTALS UNDER.5.5,CARDS_TOTALS:UNDER_5_5,68.6%,0.685800,,,,,,,Sin cuota/EV,No encontrado en Betano,Media,contexto premium torneo actual,usa promedios del contexto premium/API-Football,depende mucho del arbitro y del contexto competitivo,https://www.betano.pe/cuotas-de-partido/river-plate-ca-rosario-central/88418043/
2026-08-02,17:15,River Plate vs Rosario Central,10Bet,Betano,Goles +1.5,TOTALS OVER.1.5,TOTALS:OVER_1_5,67.5%,0.675400,2.70,0.82,0.823500,1.55,0.05,0.046900,EV positivo,EV positivo Betano,Media,torneo actual,usa Poisson base con estadisticas de goles del torneo,un gol temprano o baja eficacia puede cambiar la lectura del mercado,https://www.betano.pe/cuotas-de-partido/river-plate-ca-rosario-central/88418043/
2026-08-02,17:15,River Plate vs Rosario Central,,Betano,Tarjetas total +3.5,CARDS_TOTALS OVER.3.5,CARDS_TOTALS:OVER_3_5,67.4%,0.674300,,,,,,,Sin cuota/EV,No encontrado en Betano,Media,contexto premium torneo actual,usa promedios del contexto premium/API-Football,depende mucho del arbitro y del contexto competitivo,https://www.betano.pe/cuotas-de-partido/river-plate-ca-rosario-central/88418043/
2026-08-02,17:15,River Plate vs Rosario Central,,Betano,Visita goles +0.5,TEAM_TOTAL_AWAY OVER.0.5,TEAM_TOTAL_AWAY:OVER_0_5,65.0%,0.650400,,,,,,,Sin cuota/EV,No encontrado en Betano,Media,torneo actual,usa Poisson base con estadisticas de goles del torneo,un gol temprano o baja eficacia puede cambiar la lectura del mercado,https://www.betano.pe/cuotas-de-partido/river-plate-ca-rosario-central/88418043/
2026-08-02,17:15,River Plate vs Rosario Central,,Betano,SHOTS_ON_TARGET_TOTAL OVER.6.5,SHOTS_ON_TARGET_TOTAL OVER.6.5,SHOTS_ON_TARGET_TOTAL:OVER_6_5,64.9%,0.648600,,,,,,,Sin cuota/EV,No encontrado en Betano,Media,contexto premium torneo actual,usa promedios del contexto premium/API-Football,el volumen ofensivo puede variar por planteamiento y marcador temprano,https://www.betano.pe/cuotas-de-partido/river-plate-ca-rosario-central/88418043/
2026-08-02,17:15,River Plate vs Rosario Central,,Betano,Local goles -1.5,TEAM_TOTAL_HOME UNDER.1.5,TEAM_TOTAL_HOME:UNDER_1_5,63.5%,0.635200,,,,1.52,-0.03,-0.034500,Sin cuota/EV,EV negativo Betano,Media,torneo actual,usa Poisson base con estadisticas de goles del torneo,un gol temprano o baja eficacia puede cambiar la lectura del mercado,https://www.betano.pe/cuotas-de-partido/river-plate-ca-rosario-central/88418043/
2026-08-02,17:15,River Plate vs Rosario Central,,Betano,SHOTS_ON_TARGET_TOTAL UNDER.8.5,SHOTS_ON_TARGET_TOTAL UNDER.8.5,SHOTS_ON_TARGET_TOTAL:UNDER_8_5,63.4%,0.634300,,,,,,,Sin cuota/EV,No encontrado en Betano,Media,contexto premium torneo actual,usa promedios del contexto premium/API-Football,el volumen ofensivo puede variar por planteamiento y marcador temprano,https://www.betano.pe/cuotas-de-partido/river-plate-ca-rosario-central/88418043/
2026-08-02,17:15,River Plate vs Rosario Central,10Bet,Betano,Local corners -5.5,CORNERS_HOME UNDER.5.5,CORNERS_HOME:UNDER_5_5,63.3%,0.633500,1.57,-0.01,-0.005400,,,,EV negativo,No encontrado en Betano,Media,contexto premium torneo actual,usa promedios del contexto premium/API-Football,el volumen ofensivo puede variar por planteamiento y marcador temprano,https://www.betano.pe/cuotas-de-partido/river-plate-ca-rosario-central/88418043/
2026-08-02,17:15,River Plate vs Rosario Central,,Betano,SHOTS_TOTAL OVER.20.5,SHOTS_TOTAL OVER.20.5,SHOTS_TOTAL:OVER_20_5,60.5%,0.605000,,,,,,,Sin cuota/EV,No encontrado en Betano,Media,contexto premium torneo actual,usa promedios del contexto premium/API-Football,el volumen ofensivo puede variar por planteamiento y marcador temprano,https://www.betano.pe/cuotas-de-partido/river-plate-ca-rosario-central/88418043/
2026-08-02,17:15,River Plate vs Rosario Central,10Bet,Betano,Goles -2.5,TOTALS UNDER.2.5,TOTALS:UNDER_2_5,58.9%,0.588800,1.08,-0.36,-0.364100,1.50,-0.12,-0.116800,EV negativo,EV negativo Betano,Media,torneo actual,usa Poisson base con estadisticas de goles del torneo,un gol temprano o baja eficacia puede cambiar la lectura del mercado,https://www.betano.pe/cuotas-de-partido/river-plate-ca-rosario-central/88418043/
2026-08-02,17:15,River Plate vs Rosario Central,,Betano,DOUBLE_CHANCE X2,DOUBLE_CHANCE X2,DOUBLE_CHANCE:X2,58.4%,0.584400,,,,,,,Sin cuota/EV,No encontrado en Betano,Media,torneo actual,usa Poisson base con estadisticas de goles del torneo,riesgo propio del resultado final y variacion del modelo,https://www.betano.pe/cuotas-de-partido/river-plate-ca-rosario-central/88418043/
2026-08-02,17:15,River Plate vs Rosario Central,10Bet,Betano,Visita corners -3.5,CORNERS_AWAY UNDER.3.5,CORNERS_AWAY:UNDER_3_5,58.0%,0.580300,1.70,-0.01,-0.013400,,,,EV negativo,No encontrado en Betano,Media,contexto premium torneo actual,usa promedios del contexto premium/API-Football,el volumen ofensivo puede variar por planteamiento y marcador temprano,https://www.betano.pe/cuotas-de-partido/river-plate-ca-rosario-central/88418043/
2026-08-02,17:15,River Plate vs Rosario Central,10Bet,Betano,DNB local,DRAW_NO_BET HOME,DRAW_NO_BET:HOME,57.7%,0.576700,1.42,-0.18,-0.181000,1.42,-0.18,-0.181100,EV negativo,EV negativo Betano,Media,torneo actual,usa Poisson base con estadisticas de goles del torneo,riesgo propio del resultado final y variacion del modelo,https://www.betano.pe/cuotas-de-partido/river-plate-ca-rosario-central/88418043/
2026-08-02,17:15,River Plate vs Rosario Central,,Betano,Corners total +7.5,CORNERS_TOTALS OVER.7.5,CORNERS_TOTALS:OVER_7_5,57.5%,0.574600,,,,1.47,-0.16,-0.155300,Sin cuota/EV,EV negativo Betano,Media,contexto premium torneo actual,usa promedios del contexto premium/API-Football,el volumen ofensivo puede variar por planteamiento y marcador temprano,https://www.betano.pe/cuotas-de-partido/river-plate-ca-rosario-central/88418043/
2026-08-02,17:15,River Plate vs Rosario Central,,Betano,SHOTS_TOTAL UNDER.22.5,SHOTS_TOTAL UNDER.22.5,SHOTS_TOTAL:UNDER_22_5,56.5%,0.564800,,,,,,,Sin cuota/EV,No encontrado en Betano,Media,contexto premium torneo actual,usa promedios del contexto premium/API-Football,el volumen ofensivo puede variar por planteamiento y marcador temprano,https://www.betano.pe/cuotas-de-partido/river-plate-ca-rosario-central/88418043/
2026-08-02,17:15,River Plate vs Rosario Central,10Bet,Betano,Corners total -8.5,CORNERS_TOTALS UNDER.8.5,CORNERS_TOTALS:UNDER_8_5,56.5%,0.564700,1.91,0.08,0.078500,1.88,0.06,0.061600,EV positivo,EV positivo Betano,Media,contexto premium torneo actual,usa promedios del contexto premium/API-Football,el volumen ofensivo puede variar por planteamiento y marcador temprano,https://www.betano.pe/cuotas-de-partido/river-plate-ca-rosario-central/88418043/
2026-08-02,17:15,River Plate vs Rosario Central,10Bet,Betano,1T +0.5,FIRST_HALF_TOTALS OVER.0.5,FIRST_HALF_TOTALS:OVER_0_5,55.1%,0.550700,2.80,0.54,0.541900,1.62,-0.11,-0.107900,EV positivo,EV negativo Betano,Media,contexto premium torneo actual,usa promedios del contexto premium/API-Football,el primer tiempo puede tener ritmo bajo o rotaciones,https://www.betano.pe/cuotas-de-partido/river-plate-ca-rosario-central/88418043/
2026-08-02,17:15,River Plate vs Rosario Central,10Bet,Betano,Local corners +4.5,CORNERS_HOME OVER.4.5,CORNERS_HOME:OVER_4_5,54.2%,0.541800,1.57,-0.15,-0.149400,,,,EV negativo,No encontrado en Betano,Baja,contexto premium torneo actual,usa promedios del contexto premium/API-Football,el volumen ofensivo puede variar por planteamiento y marcador temprano,https://www.betano.pe/cuotas-de-partido/river-plate-ca-rosario-central/88418043/
2026-08-02,17:15,River Plate vs Rosario Central,,Betano,Local tarjetas +1.5,CARDS_HOME OVER.1.5,CARDS_HOME:OVER_1_5,53.7%,0.537200,,,,,,,Sin cuota/EV,No encontrado en Betano,Baja,contexto premium torneo actual,usa promedios del contexto premium/API-Football,depende mucho del arbitro y del contexto competitivo,https://www.betano.pe/cuotas-de-partido/river-plate-ca-rosario-central/88418043/
2026-08-02,17:15,River Plate vs Rosario Central,10Bet,Betano,BTTS no,BTTS NO,BTTS:NO,53.1%,0.531100,1.12,-0.41,-0.405100,1.65,-0.12,-0.123700,EV negativo,EV negativo Betano,Baja,torneo actual,usa Poisson base con estadisticas de goles del torneo,un gol temprano o baja eficacia puede cambiar la lectura del mercado,https://www.betano.pe/cuotas-de-partido/river-plate-ca-rosario-central/88418043/
2026-08-02,17:15,River Plate vs Rosario Central,,Betano,Visita tarjetas +2.5,CARDS_AWAY OVER.2.5,CARDS_AWAY:OVER_2_5,53.0%,0.530500,,,,,,,Sin cuota/EV,No encontrado en Betano,Baja,contexto premium torneo actual,usa promedios del contexto premium/API-Football,depende mucho del arbitro y del contexto competitivo,https://www.betano.pe/cuotas-de-partido/river-plate-ca-rosario-central/88418043/
2026-08-02,17:15,River Plate vs Rosario Central,,Betano,Tarjetas total -4.5,CARDS_TOTALS UNDER.4.5,CARDS_TOTALS:UNDER_4_5,51.3%,0.513200,,,,,,,Sin cuota/EV,No encontrado en Betano,Baja,contexto premium torneo actual,usa promedios del contexto premium/API-Football,depende mucho del arbitro y del contexto competitivo,https://www.betano.pe/cuotas-de-partido/river-plate-ca-rosario-central/88418043/
2026-08-02,17:15,River Plate vs Rosario Central,,Betano,SHOTS_ON_TARGET_TOTAL OVER.7.5,SHOTS_ON_TARGET_TOTAL OVER.7.5,SHOTS_ON_TARGET_TOTAL:OVER_7_5,50.4%,0.504400,,,,,,,Sin cuota/EV,No encontrado en Betano,Baja,contexto premium torneo actual,usa promedios del contexto premium/API-Football,el volumen ofensivo puede variar por planteamiento y marcador temprano,https://www.betano.pe/cuotas-de-partido/river-plate-ca-rosario-central/88418043/
2026-08-02,17:15,River Plate vs Rosario Central,,Betano,SHOTS_ON_TARGET_TOTAL UNDER.7.5,SHOTS_ON_TARGET_TOTAL UNDER.7.5,SHOTS_ON_TARGET_TOTAL:UNDER_7_5,49.6%,0.495600,,,,,,,Sin cuota/EV,No encontrado en Betano,Baja,contexto premium torneo actual,usa promedios del contexto premium/API-Football,el volumen ofensivo puede variar por planteamiento y marcador temprano,https://www.betano.pe/cuotas-de-partido/river-plate-ca-rosario-central/88418043/
2026-08-02,17:15,River Plate vs Rosario Central,,Betano,Tarjetas total +4.5,CARDS_TOTALS OVER.4.5,CARDS_TOTALS:OVER_4_5,48.7%,0.486800,,,,,,,Sin cuota/EV,No encontrado en Betano,Baja,contexto premium torneo actual,usa promedios del contexto premium/API-Football,depende mucho del arbitro y del contexto competitivo,https://www.betano.pe/cuotas-de-partido/river-plate-ca-rosario-central/88418043/
2026-08-02,17:15,River Plate vs Rosario Central,,Betano,Visita tarjetas -2.5,CARDS_AWAY UNDER.2.5,CARDS_AWAY:UNDER_2_5,46.9%,0.469500,,,,,,,Sin cuota/EV,No encontrado en Betano,Baja,contexto premium torneo actual,usa promedios del contexto premium/API-Football,depende mucho del arbitro y del contexto competitivo,https://www.betano.pe/cuotas-de-partido/river-plate-ca-rosario-central/88418043/
2026-08-02,17:15,River Plate vs Rosario Central,10Bet,Betano,BTTS sí,BTTS YES,BTTS:YES,46.9%,0.468900,5.25,1.46,1.461600,2.15,0.01,0.008100,EV positivo,EV positivo Betano,Baja,torneo actual,usa Poisson base con estadisticas de goles del torneo,un gol temprano o baja eficacia puede cambiar la lectura del mercado,https://www.betano.pe/cuotas-de-partido/river-plate-ca-rosario-central/88418043/
2026-08-02,17:15,River Plate vs Rosario Central,,Betano,Local tarjetas -1.5,CARDS_HOME UNDER.1.5,CARDS_HOME:UNDER_1_5,46.3%,0.462800,,,,,,,Sin cuota/EV,No encontrado en Betano,Baja,contexto premium torneo actual,usa promedios del contexto premium/API-Football,depende mucho del arbitro y del contexto competitivo,https://www.betano.pe/cuotas-de-partido/river-plate-ca-rosario-central/88418043/
2026-08-02,17:15,River Plate vs Rosario Central,10Bet,Betano,Local corners -4.5,CORNERS_HOME UNDER.4.5,CORNERS_HOME:UNDER_4_5,45.8%,0.458200,2.05,-0.06,-0.060700,,,,EV negativo,No encontrado en Betano,Baja,contexto premium torneo actual,usa promedios del contexto premium/API-Football,el volumen ofensivo puede variar por planteamiento y marcador temprano,https://www.betano.pe/cuotas-de-partido/river-plate-ca-rosario-central/88418043/
2026-08-02,17:15,River Plate vs Rosario Central,10Bet,Betano,1T -0.5,FIRST_HALF_TOTALS UNDER.0.5,FIRST_HALF_TOTALS:UNDER_0_5,44.9%,0.449300,1.40,-0.37,-0.370900,2.25,0.01,0.010900,EV negativo,EV positivo Betano,Baja,contexto premium torneo actual,usa promedios del contexto premium/API-Football,el primer tiempo puede tener ritmo bajo o rotaciones,https://www.betano.pe/cuotas-de-partido/river-plate-ca-rosario-central/88418043/
2026-08-02,17:15,River Plate vs Rosario Central,10Bet,Betano,Corners total +8.5,CORNERS_TOTALS OVER.8.5,CORNERS_TOTALS:OVER_8_5,43.5%,0.435300,1.80,-0.22,-0.216400,1.85,-0.19,-0.194700,EV negativo,EV negativo Betano,Baja,contexto premium torneo actual,usa promedios del contexto premium/API-Football,el volumen ofensivo puede variar por planteamiento y marcador temprano,https://www.betano.pe/cuotas-de-partido/river-plate-ca-rosario-central/88418043/
2026-08-02,17:15,River Plate vs Rosario Central,,Betano,SHOTS_TOTAL OVER.22.5,SHOTS_TOTAL OVER.22.5,SHOTS_TOTAL:OVER_22_5,43.5%,0.435200,,,,,,,Sin cuota/EV,No encontrado en Betano,Baja,contexto premium torneo actual,usa promedios del contexto premium/API-Football,el volumen ofensivo puede variar por planteamiento y marcador temprano,https://www.betano.pe/cuotas-de-partido/river-plate-ca-rosario-central/88418043/
2026-08-02,17:15,River Plate vs Rosario Central,,Betano,Corners total -7.5,CORNERS_TOTALS UNDER.7.5,CORNERS_TOTALS:UNDER_7_5,42.5%,0.425400,,,,2.55,0.08,0.084800,Sin cuota/EV,EV positivo Betano,Baja,contexto premium torneo actual,usa promedios del contexto premium/API-Football,el volumen ofensivo puede variar por planteamiento y marcador temprano,https://www.betano.pe/cuotas-de-partido/river-plate-ca-rosario-central/88418043/
2026-08-02,17:15,River Plate vs Rosario Central,10Bet,Betano,DNB visita,DRAW_NO_BET AWAY,DRAW_NO_BET:AWAY,42.3%,0.423300,2.65,0.12,0.121700,,,,EV positivo,No encontrado en Betano,Baja,torneo actual,usa Poisson base con estadisticas de goles del torneo,riesgo propio del resultado final y variacion del modelo,https://www.betano.pe/cuotas-de-partido/river-plate-ca-rosario-central/88418043/
2026-08-02,17:15,River Plate vs Rosario Central,10Bet,Betano,Visita corners +3.5,CORNERS_AWAY OVER.3.5,CORNERS_AWAY:OVER_3_5,42.0%,0.419700,1.90,-0.20,-0.202600,,,,EV negativo,No encontrado en Betano,Baja,contexto premium torneo actual,usa promedios del contexto premium/API-Football,el volumen ofensivo puede variar por planteamiento y marcador temprano,https://www.betano.pe/cuotas-de-partido/river-plate-ca-rosario-central/88418043/
2026-08-02,17:15,River Plate vs Rosario Central,10Bet,Betano,Gana local,1X2 HOME,1X2:HOME,41.6%,0.415600,3.75,0.56,0.558400,2.07,-0.14,-0.139700,EV positivo,EV negativo Betano,Baja,torneo actual,usa Poisson base con estadisticas de goles del torneo,riesgo propio del resultado final y variacion del modelo,https://www.betano.pe/cuotas-de-partido/river-plate-ca-rosario-central/88418043/
2026-08-02,17:15,River Plate vs Rosario Central,10Bet,Betano,Goles +2.5,TOTALS OVER.2.5,TOTALS:OVER_2_5,41.1%,0.411200,6.50,1.67,1.672500,2.60,0.07,0.069100,EV positivo,EV positivo Betano,Baja,torneo actual,usa Poisson base con estadisticas de goles del torneo,un gol temprano o baja eficacia puede cambiar la lectura del mercado,https://www.betano.pe/cuotas-de-partido/river-plate-ca-rosario-central/88418043/
2026-08-02,17:15,River Plate vs Rosario Central,,Betano,SHOTS_TOTAL UNDER.20.5,SHOTS_TOTAL UNDER.20.5,SHOTS_TOTAL:UNDER_20_5,39.5%,0.395000,,,,,,,Sin cuota/EV,No encontrado en Betano,Baja,contexto premium torneo actual,usa promedios del contexto premium/API-Football,el volumen ofensivo puede variar por planteamiento y marcador temprano,https://www.betano.pe/cuotas-de-partido/river-plate-ca-rosario-central/88418043/
2026-08-02,17:15,River Plate vs Rosario Central,10Bet,Betano,Local corners +5.5,CORNERS_HOME OVER.5.5,CORNERS_HOME:OVER_5_5,36.6%,0.366500,2.05,-0.25,-0.248700,,,,EV negativo,No encontrado en Betano,Baja,contexto premium torneo actual,usa promedios del contexto premium/API-Football,el volumen ofensivo puede variar por planteamiento y marcador temprano,https://www.betano.pe/cuotas-de-partido/river-plate-ca-rosario-central/88418043/
2026-08-02,17:15,River Plate vs Rosario Central,,Betano,SHOTS_ON_TARGET_TOTAL OVER.8.5,SHOTS_ON_TARGET_TOTAL OVER.8.5,SHOTS_ON_TARGET_TOTAL:OVER_8_5,36.6%,0.365700,,,,,,,Sin cuota/EV,No encontrado en Betano,Baja,contexto premium torneo actual,usa promedios del contexto premium/API-Football,el volumen ofensivo puede variar por planteamiento y marcador temprano,https://www.betano.pe/cuotas-de-partido/river-plate-ca-rosario-central/88418043/
2026-08-02,17:15,River Plate vs Rosario Central,,Betano,Local goles +1.5,TEAM_TOTAL_HOME OVER.1.5,TEAM_TOTAL_HOME:OVER_1_5,36.5%,0.364800,,,,2.45,-0.11,-0.106200,Sin cuota/EV,EV negativo Betano,Baja,torneo actual,usa Poisson base con estadisticas de goles del torneo,un gol temprano o baja eficacia puede cambiar la lectura del mercado,https://www.betano.pe/cuotas-de-partido/river-plate-ca-rosario-central/88418043/
2026-08-02,17:15,River Plate vs Rosario Central,,Betano,SHOTS_ON_TARGET_TOTAL UNDER.6.5,SHOTS_ON_TARGET_TOTAL UNDER.6.5,SHOTS_ON_TARGET_TOTAL:UNDER_6_5,35.1%,0.351400,,,,,,,Sin cuota/EV,No encontrado en Betano,Baja,contexto premium torneo actual,usa promedios del contexto premium/API-Football,el volumen ofensivo puede variar por planteamiento y marcador temprano,https://www.betano.pe/cuotas-de-partido/river-plate-ca-rosario-central/88418043/
2026-08-02,17:15,River Plate vs Rosario Central,,Betano,Visita goles -0.5,TEAM_TOTAL_AWAY UNDER.0.5,TEAM_TOTAL_AWAY:UNDER_0_5,35.0%,0.349600,,,,,,,Sin cuota/EV,No encontrado en Betano,Baja,torneo actual,usa Poisson base con estadisticas de goles del torneo,un gol temprano o baja eficacia puede cambiar la lectura del mercado,https://www.betano.pe/cuotas-de-partido/river-plate-ca-rosario-central/88418043/
2026-08-02,17:15,River Plate vs Rosario Central,,Betano,Tarjetas total -3.5,CARDS_TOTALS UNDER.3.5,CARDS_TOTALS:UNDER_3_5,32.6%,0.325700,,,,,,,Sin cuota/EV,No encontrado en Betano,Baja,contexto premium torneo actual,usa promedios del contexto premium/API-Football,depende mucho del arbitro y del contexto competitivo,https://www.betano.pe/cuotas-de-partido/river-plate-ca-rosario-central/88418043/
2026-08-02,17:15,River Plate vs Rosario Central,10Bet,Betano,Goles -1.5,TOTALS UNDER.1.5,TOTALS:UNDER_1_5,32.5%,0.324600,1.40,-0.55,-0.545500,2.50,-0.19,-0.188500,EV negativo,EV negativo Betano,Baja,torneo actual,usa Poisson base con estadisticas de goles del torneo,un gol temprano o baja eficacia puede cambiar la lectura del mercado,https://www.betano.pe/cuotas-de-partido/river-plate-ca-rosario-central/88418043/
2026-08-02,17:15,River Plate vs Rosario Central,,Betano,Tarjetas total +5.5,CARDS_TOTALS OVER.5.5,CARDS_TOTALS:OVER_5_5,31.4%,0.314200,,,,,,,Sin cuota/EV,No encontrado en Betano,Baja,contexto premium torneo actual,usa promedios del contexto premium/API-Football,depende mucho del arbitro y del contexto competitivo,https://www.betano.pe/cuotas-de-partido/river-plate-ca-rosario-central/88418043/
2026-08-02,17:15,River Plate vs Rosario Central,,Betano,Corners total +9.5,CORNERS_TOTALS OVER.9.5,CORNERS_TOTALS:OVER_9_5,30.9%,0.308500,,,,2.42,-0.25,-0.253400,Sin cuota/EV,EV negativo Betano,Baja,contexto premium torneo actual,usa promedios del contexto premium/API-Football,el volumen ofensivo puede variar por planteamiento y marcador temprano,https://www.betano.pe/cuotas-de-partido/river-plate-ca-rosario-central/88418043/
2026-08-02,17:15,River Plate vs Rosario Central,,Betano,Visita tarjetas +3.5,CARDS_AWAY OVER.3.5,CARDS_AWAY:OVER_3_5,30.8%,0.308100,,,,,,,Sin cuota/EV,No encontrado en Betano,Baja,contexto premium torneo actual,usa promedios del contexto premium/API-Football,depende mucho del arbitro y del contexto competitivo,https://www.betano.pe/cuotas-de-partido/river-plate-ca-rosario-central/88418043/
2026-08-02,17:15,River Plate vs Rosario Central,10Bet,Betano,Gana visita,1X2 AWAY,1X2:AWAY,30.5%,0.305000,5.75,0.75,0.753700,4.20,0.28,0.281000,EV positivo,EV positivo Betano,Baja,torneo actual,usa Poisson base con estadisticas de goles del torneo,riesgo propio del resultado final y variacion del modelo,https://www.betano.pe/cuotas-de-partido/river-plate-ca-rosario-central/88418043/
2026-08-02,17:15,River Plate vs Rosario Central,,Betano,Visita goles +1.5,TEAM_TOTAL_AWAY OVER.1.5,TEAM_TOTAL_AWAY:OVER_1_5,28.3%,0.282900,,,,,,,Sin cuota/EV,No encontrado en Betano,Baja,torneo actual,usa Poisson base con estadisticas de goles del torneo,un gol temprano o baja eficacia puede cambiar la lectura del mercado,https://www.betano.pe/cuotas-de-partido/river-plate-ca-rosario-central/88418043/
2026-08-02,17:15,River Plate vs Rosario Central,,Betano,SHOTS_TOTAL OVER.24.5,SHOTS_TOTAL OVER.24.5,SHOTS_TOTAL:OVER_24_5,28.1%,0.280900,,,,,,,Sin cuota/EV,No encontrado en Betano,Baja,contexto premium torneo actual,usa promedios del contexto premium/API-Football,el volumen ofensivo puede variar por planteamiento y marcador temprano,https://www.betano.pe/cuotas-de-partido/river-plate-ca-rosario-central/88418043/
2026-08-02,17:15,River Plate vs Rosario Central,10Bet,Betano,Empate,1X2 DRAW,1X2:DRAW,27.9%,0.279400,1.57,-0.56,-0.561300,3.05,-0.15,-0.147800,EV negativo,EV negativo Betano,Baja,torneo actual,usa Poisson base con estadisticas de goles del torneo,riesgo propio del resultado final y variacion del modelo,https://www.betano.pe/cuotas-de-partido/river-plate-ca-rosario-central/88418043/
2026-08-02,17:15,River Plate vs Rosario Central,,Betano,Local corners -3.5,CORNERS_HOME UNDER.3.5,CORNERS_HOME:UNDER_3_5,27.9%,0.279300,,,,,,,Sin cuota/EV,No encontrado en Betano,Baja,contexto premium torneo actual,usa promedios del contexto premium/API-Football,el volumen ofensivo puede variar por planteamiento y marcador temprano,https://www.betano.pe/cuotas-de-partido/river-plate-ca-rosario-central/88418043/
2026-08-02,17:15,River Plate vs Rosario Central,,Betano,Local goles -0.5,TEAM_TOTAL_HOME UNDER.0.5,TEAM_TOTAL_HOME:UNDER_0_5,27.9%,0.279100,,,,3.20,-0.11,-0.106900,Sin cuota/EV,EV negativo Betano,Baja,torneo actual,usa Poisson base con estadisticas de goles del torneo,un gol temprano o baja eficacia puede cambiar la lectura del mercado,https://www.betano.pe/cuotas-de-partido/river-plate-ca-rosario-central/88418043/
2026-08-02,17:15,River Plate vs Rosario Central,,Betano,Local tarjetas +2.5,CARDS_HOME OVER.2.5,CARDS_HOME:OVER_2_5,26.9%,0.269400,,,,,,,Sin cuota/EV,No encontrado en Betano,Baja,contexto premium torneo actual,usa promedios del contexto premium/API-Football,depende mucho del arbitro y del contexto competitivo,https://www.betano.pe/cuotas-de-partido/river-plate-ca-rosario-central/88418043/
2026-08-02,17:15,River Plate vs Rosario Central,,Betano,SHOTS_ON_TARGET_TOTAL OVER.9.5,SHOTS_ON_TARGET_TOTAL OVER.9.5,SHOTS_ON_TARGET_TOTAL:OVER_9_5,24.7%,0.246900,,,,,,,Sin cuota/EV,No encontrado en Betano,Baja,contexto premium torneo actual,usa promedios del contexto premium/API-Football,el volumen ofensivo puede variar por planteamiento y marcador temprano,https://www.betano.pe/cuotas-de-partido/river-plate-ca-rosario-central/88418043/
2026-08-02,17:15,River Plate vs Rosario Central,,Betano,SHOTS_TOTAL UNDER.18.5,SHOTS_TOTAL UNDER.18.5,SHOTS_TOTAL:UNDER_18_5,23.9%,0.238900,,,,,,,Sin cuota/EV,No encontrado en Betano,Baja,contexto premium torneo actual,usa promedios del contexto premium/API-Football,el volumen ofensivo puede variar por planteamiento y marcador temprano,https://www.betano.pe/cuotas-de-partido/river-plate-ca-rosario-central/88418043/
2026-08-02,17:15,River Plate vs Rosario Central,,Betano,Visita corners +4.5,CORNERS_AWAY OVER.4.5,CORNERS_AWAY:OVER_4_5,23.7%,0.237400,,,,,,,Sin cuota/EV,No encontrado en Betano,Baja,contexto premium torneo actual,usa promedios del contexto premium/API-Football,el volumen ofensivo puede variar por planteamiento y marcador temprano,https://www.betano.pe/cuotas-de-partido/river-plate-ca-rosario-central/88418043/
2026-08-02,17:15,River Plate vs Rosario Central,,Betano,Visita tarjetas -1.5,CARDS_AWAY UNDER.1.5,CARDS_AWAY:UNDER_1_5,23.1%,0.231100,,,,,,,Sin cuota/EV,No encontrado en Betano,Baja,contexto premium torneo actual,usa promedios del contexto premium/API-Football,depende mucho del arbitro y del contexto competitivo,https://www.betano.pe/cuotas-de-partido/river-plate-ca-rosario-central/88418043/
2026-08-02,17:15,River Plate vs Rosario Central,,Betano,Local corners +6.5,CORNERS_HOME OVER.6.5,CORNERS_HOME:OVER_6_5,22.3%,0.223300,,,,,,,Sin cuota/EV,No encontrado en Betano,Baja,contexto premium torneo actual,usa promedios del contexto premium/API-Football,el volumen ofensivo puede variar por planteamiento y marcador temprano,https://www.betano.pe/cuotas-de-partido/river-plate-ca-rosario-central/88418043/
2026-08-02,17:15,River Plate vs Rosario Central,10Bet,Betano,Goles +3.5,TOTALS OVER.3.5,TOTALS:OVER_3_5,20.6%,0.206200,5.25,0.08,0.082600,,,,EV positivo,No encontrado en Betano,Baja,torneo actual,usa Poisson base con estadisticas de goles del torneo,un gol temprano o baja eficacia puede cambiar la lectura del mercado,https://www.betano.pe/cuotas-de-partido/river-plate-ca-rosario-central/88418043/
2026-08-02,17:15,River Plate vs Rosario Central,,Betano,Corners total +10.5,CORNERS_TOTALS OVER.10.5,CORNERS_TOTALS:OVER_10_5,20.4%,0.204500,,,,,,,Sin cuota/EV,No encontrado en Betano,Baja,contexto premium torneo actual,usa promedios del contexto premium/API-Football,el volumen ofensivo puede variar por planteamiento y marcador temprano,https://www.betano.pe/cuotas-de-partido/river-plate-ca-rosario-central/88418043/
2026-08-02,17:15,River Plate vs Rosario Central,10Bet,Betano,1T +1.5,FIRST_HALF_TOTALS OVER.1.5,FIRST_HALF_TOTALS:OVER_1_5,19.1%,0.191200,6.50,0.24,0.242900,3.70,-0.29,-0.292600,EV positivo,EV negativo Betano,Baja,contexto premium torneo actual,usa promedios del contexto premium/API-Football,el primer tiempo puede tener ritmo bajo o rotaciones,https://www.betano.pe/cuotas-de-partido/river-plate-ca-rosario-central/88418043/
2026-08-02,17:15,River Plate vs Rosario Central,,Betano,Tarjetas total +6.5,CARDS_TOTALS OVER.6.5,CARDS_TOTALS:OVER_6_5,18.2%,0.182000,,,,2.07,-0.62,-0.623300,Sin cuota/EV,EV negativo Betano,Baja,contexto premium torneo actual,usa promedios del contexto premium/API-Football,depende mucho del arbitro y del contexto competitivo,https://www.betano.pe/cuotas-de-partido/river-plate-ca-rosario-central/88418043/
2026-08-02,17:15,River Plate vs Rosario Central,,Betano,Local tarjetas -0.5,CARDS_HOME UNDER.0.5,CARDS_HOME:UNDER_0_5,16.5%,0.165300,,,,,,,Sin cuota/EV,No encontrado en Betano,Baja,contexto premium torneo actual,usa promedios del contexto premium/API-Football,depende mucho del arbitro y del contexto competitivo,https://www.betano.pe/cuotas-de-partido/river-plate-ca-rosario-central/88418043/
2026-08-02,17:15,River Plate vs Rosario Central,,Betano,Tarjetas total -2.5,CARDS_TOTALS UNDER.2.5,CARDS_TOTALS:UNDER_2_5,16.3%,0.162600,,,,,,,Sin cuota/EV,No encontrado en Betano,Baja,contexto premium torneo actual,usa promedios del contexto premium/API-Football,depende mucho del arbitro y del contexto competitivo,https://www.betano.pe/cuotas-de-partido/river-plate-ca-rosario-central/88418043/
2026-08-02,17:15,River Plate vs Rosario Central,,Betano,SHOTS_TOTAL OVER.26.5,SHOTS_TOTAL OVER.26.5,SHOTS_TOTAL:OVER_26_5,16.2%,0.162100,,,,,,,Sin cuota/EV,No encontrado en Betano,Baja,contexto premium torneo actual,usa promedios del contexto premium/API-Football,el volumen ofensivo puede variar por planteamiento y marcador temprano,https://www.betano.pe/cuotas-de-partido/river-plate-ca-rosario-central/88418043/
2026-08-02,17:15,River Plate vs Rosario Central,,Betano,Local goles +2.5,TEAM_TOTAL_HOME OVER.2.5,TEAM_TOTAL_HOME:OVER_2_5,13.8%,0.137500,,,,5.30,-0.27,-0.271200,Sin cuota/EV,EV negativo Betano,Baja,torneo actual,usa Poisson base con estadisticas de goles del torneo,un gol temprano o baja eficacia puede cambiar la lectura del mercado,https://www.betano.pe/cuotas-de-partido/river-plate-ca-rosario-central/88418043/
2026-08-02,17:15,River Plate vs Rosario Central,,Betano,Corners total +11.5,CORNERS_TOTALS OVER.11.5,CORNERS_TOTALS:OVER_11_5,12.7%,0.126900,,,,,,,Sin cuota/EV,No encontrado en Betano,Baja,contexto premium torneo actual,usa promedios del contexto premium/API-Football,el volumen ofensivo puede variar por planteamiento y marcador temprano,https://www.betano.pe/cuotas-de-partido/river-plate-ca-rosario-central/88418043/
2026-08-02,17:15,River Plate vs Rosario Central,,Betano,Visita corners +5.5,CORNERS_AWAY OVER.5.5,CORNERS_AWAY:OVER_5_5,11.7%,0.117100,,,,,,,Sin cuota/EV,No encontrado en Betano,Baja,contexto premium torneo actual,usa promedios del contexto premium/API-Football,el volumen ofensivo puede variar por planteamiento y marcador temprano,https://www.betano.pe/cuotas-de-partido/river-plate-ca-rosario-central/88418043/
2026-08-02,17:15,River Plate vs Rosario Central,,Betano,Local tarjetas +3.5,CARDS_HOME OVER.3.5,CARDS_HOME:OVER_3_5,10.9%,0.108700,,,,,,,Sin cuota/EV,No encontrado en Betano,Baja,contexto premium torneo actual,usa promedios del contexto premium/API-Football,depende mucho del arbitro y del contexto competitivo,https://www.betano.pe/cuotas-de-partido/river-plate-ca-rosario-central/88418043/
2026-08-02,17:15,River Plate vs Rosario Central,,Betano,Visita goles +2.5,TEAM_TOTAL_AWAY OVER.2.5,TEAM_TOTAL_AWAY:OVER_2_5,9.0%,0.089900,,,,,,,Sin cuota/EV,No encontrado en Betano,Baja,torneo actual,usa Poisson base con estadisticas de goles del torneo,un gol temprano o baja eficacia puede cambiar la lectura del mercado,https://www.betano.pe/cuotas-de-partido/river-plate-ca-rosario-central/88418043/
2026-08-02,17:15,River Plate vs Rosario Central,,Betano,Visita tarjetas -0.5,CARDS_AWAY UNDER.0.5,CARDS_AWAY:UNDER_0_5,6.1%,0.060800,,,,,,,Sin cuota/EV,No encontrado en Betano,Baja,contexto premium torneo actual,usa promedios del contexto premium/API-Football,depende mucho del arbitro y del contexto competitivo,https://www.betano.pe/cuotas-de-partido/river-plate-ca-rosario-central/88418043/
2026-08-02,17:15,River Plate vs Rosario Central,,Betano,Visita corners +6.5,CORNERS_AWAY OVER.6.5,CORNERS_AWAY:OVER_6_5,5.1%,0.051000,,,,,,,Sin cuota/EV,No encontrado en Betano,Baja,contexto premium torneo actual,usa promedios del contexto premium/API-Football,el volumen ofensivo puede variar por planteamiento y marcador temprano,https://www.betano.pe/cuotas-de-partido/river-plate-ca-rosario-central/88418043/
2026-08-02,18:30,Cienciano vs Universitario,,Betano,Tarjetas total -6.5,CARDS_TOTALS UNDER.6.5,CARDS_TOTALS:UNDER_6_5,99.2%,0.992500,,,,,,,Sin cuota/EV,No encontrado en Betano,Alta,contexto premium torneo actual,usa promedios del contexto premium/API-Football,depende mucho del arbitro y del contexto competitivo,https://www.betano.pe/cuotas-de-partido/club-cienciano-universitario-de-deportes/89276798/
2026-08-02,18:30,Cienciano vs Universitario,,Betano,Local tarjetas -3.5,CARDS_HOME UNDER.3.5,CARDS_HOME:UNDER_3_5,98.1%,0.981000,,,,,,,Sin cuota/EV,No encontrado en Betano,Alta,contexto premium torneo actual,usa promedios del contexto premium/API-Football,depende mucho del arbitro y del contexto competitivo,https://www.betano.pe/cuotas-de-partido/club-cienciano-universitario-de-deportes/89276798/
2026-08-02,18:30,Cienciano vs Universitario,,Betano,Tarjetas total -5.5,CARDS_TOTALS UNDER.5.5,CARDS_TOTALS:UNDER_5_5,97.5%,0.975100,,,,,,,Sin cuota/EV,No encontrado en Betano,Alta,contexto premium torneo actual,usa promedios del contexto premium/API-Football,depende mucho del arbitro y del contexto competitivo,https://www.betano.pe/cuotas-de-partido/club-cienciano-universitario-de-deportes/89276798/
2026-08-02,18:30,Cienciano vs Universitario,,Betano,Visita tarjetas -3.5,CARDS_AWAY UNDER.3.5,CARDS_AWAY:UNDER_3_5,96.6%,0.966200,,,,,,,Sin cuota/EV,No encontrado en Betano,Alta,contexto premium torneo actual,usa promedios del contexto premium/API-Football,depende mucho del arbitro y del contexto competitivo,https://www.betano.pe/cuotas-de-partido/club-cienciano-universitario-de-deportes/89276798/
2026-08-02,18:30,Cienciano vs Universitario,,Betano,SHOTS_TOTAL OVER.18.5,SHOTS_TOTAL OVER.18.5,SHOTS_TOTAL:OVER_18_5,95.2%,0.952000,,,,,,,Sin cuota/EV,No encontrado en Betano,Alta,contexto premium torneo actual,usa promedios del contexto premium/API-Football,el volumen ofensivo puede variar por planteamiento y marcador temprano,https://www.betano.pe/cuotas-de-partido/club-cienciano-universitario-de-deportes/89276798/
2026-08-02,18:30,Cienciano vs Universitario,,Betano,Tarjetas total -4.5,CARDS_TOTALS UNDER.4.5,CARDS_TOTALS:UNDER_4_5,92.8%,0.927500,,,,1.80,0.67,0.669500,Sin cuota/EV,EV positivo Betano,Alta,contexto premium torneo actual,usa promedios del contexto premium/API-Football,depende mucho del arbitro y del contexto competitivo,https://www.betano.pe/cuotas-de-partido/club-cienciano-universitario-de-deportes/89276798/
2026-08-02,18:30,Cienciano vs Universitario,,Betano,Local tarjetas -2.5,CARDS_HOME UNDER.2.5,CARDS_HOME:UNDER_2_5,92.0%,0.919700,,,,,,,Sin cuota/EV,No encontrado en Betano,Alta,contexto premium torneo actual,usa promedios del contexto premium/API-Football,depende mucho del arbitro y del contexto competitivo,https://www.betano.pe/cuotas-de-partido/club-cienciano-universitario-de-deportes/89276798/
2026-08-02,18:30,Cienciano vs Universitario,,Betano,Local corners -6.5,CORNERS_HOME UNDER.6.5,CORNERS_HOME:UNDER_6_5,91.8%,0.918200,,,,,,,Sin cuota/EV,No encontrado en Betano,Alta,contexto premium torneo actual,usa promedios del contexto premium/API-Football,el volumen ofensivo puede variar por planteamiento y marcador temprano,https://www.betano.pe/cuotas-de-partido/club-cienciano-universitario-de-deportes/89276798/
2026-08-02,18:30,Cienciano vs Universitario,,Betano,SHOTS_TOTAL OVER.20.5,SHOTS_TOTAL OVER.20.5,SHOTS_TOTAL:OVER_20_5,89.2%,0.891800,,,,,,,Sin cuota/EV,No encontrado en Betano,Alta,contexto premium torneo actual,usa promedios del contexto premium/API-Football,el volumen ofensivo puede variar por planteamiento y marcador temprano,https://www.betano.pe/cuotas-de-partido/club-cienciano-universitario-de-deportes/89276798/
2026-08-02,18:30,Cienciano vs Universitario,,Betano,Visita tarjetas -2.5,CARDS_AWAY UNDER.2.5,CARDS_AWAY:UNDER_2_5,87.9%,0.879500,,,,,,,Sin cuota/EV,No encontrado en Betano,Alta,contexto premium torneo actual,usa promedios del contexto premium/API-Football,depende mucho del arbitro y del contexto competitivo,https://www.betano.pe/cuotas-de-partido/club-cienciano-universitario-de-deportes/89276798/
2026-08-02,18:30,Cienciano vs Universitario,,Betano,Local corners -5.5,CORNERS_HOME UNDER.5.5,CORNERS_HOME:UNDER_5_5,83.0%,0.830100,,,,,,,Sin cuota/EV,No encontrado en Betano,Alta,contexto premium torneo actual,usa promedios del contexto premium/API-Football,el volumen ofensivo puede variar por planteamiento y marcador temprano,https://www.betano.pe/cuotas-de-partido/club-cienciano-universitario-de-deportes/89276798/
2026-08-02,18:30,Cienciano vs Universitario,,Betano,Corners total -11.5,CORNERS_TOTALS UNDER.11.5,CORNERS_TOTALS:UNDER_11_5,82.2%,0.822000,,,,,,,Sin cuota/EV,No encontrado en Betano,Alta,contexto premium torneo actual,usa promedios del contexto premium/API-Football,el volumen ofensivo puede variar por planteamiento y marcador temprano,https://www.betano.pe/cuotas-de-partido/club-cienciano-universitario-de-deportes/89276798/
2026-08-02,18:30,Cienciano vs Universitario,,Betano,Visita goles -2.5,TEAM_TOTAL_AWAY UNDER.2.5,TEAM_TOTAL_AWAY:UNDER_2_5,82.2%,0.822000,,,,,,,Sin cuota/EV,No encontrado en Betano,Alta,torneo actual,usa Poisson base con estadisticas de goles del torneo,un gol temprano o baja eficacia puede cambiar la lectura del mercado,https://www.betano.pe/cuotas-de-partido/club-cienciano-universitario-de-deportes/89276798/
2026-08-02,18:30,Cienciano vs Universitario,,Betano,Tarjetas total -3.5,CARDS_TOTALS UNDER.3.5,CARDS_TOTALS:UNDER_3_5,81.9%,0.819400,,,,,,,Sin cuota/EV,No encontrado en Betano,Alta,contexto premium torneo actual,usa promedios del contexto premium/API-Football,depende mucho del arbitro y del contexto competitivo,https://www.betano.pe/cuotas-de-partido/club-cienciano-universitario-de-deportes/89276798/
2026-08-02,18:30,Cienciano vs Universitario,,Betano,Local goles -2.5,TEAM_TOTAL_HOME UNDER.2.5,TEAM_TOTAL_HOME:UNDER_2_5,81.4%,0.814400,,,,,,,Sin cuota/EV,No encontrado en Betano,Alta,torneo actual,usa Poisson base con estadisticas de goles del torneo,un gol temprano o baja eficacia puede cambiar la lectura del mercado,https://www.betano.pe/cuotas-de-partido/club-cienciano-universitario-de-deportes/89276798/
2026-08-02,18:30,Cienciano vs Universitario,,Betano,SHOTS_TOTAL OVER.22.5,SHOTS_TOTAL OVER.22.5,SHOTS_TOTAL:OVER_22_5,79.4%,0.794200,,,,,,,Sin cuota/EV,No encontrado en Betano,Alta,contexto premium torneo actual,usa promedios del contexto premium/API-Football,el volumen ofensivo puede variar por planteamiento y marcador temprano,https://www.betano.pe/cuotas-de-partido/club-cienciano-universitario-de-deportes/89276798/
2026-08-02,18:30,Cienciano vs Universitario,10Bet,Betano,Goles +1.5,TOTALS OVER.1.5,TOTALS:OVER_1_5,78.9%,0.789400,1.33,0.05,0.049900,1.32,0.04,0.042000,EV positivo,EV positivo Betano,Alta,torneo actual,usa Poisson base con estadisticas de goles del torneo,un gol temprano o baja eficacia puede cambiar la lectura del mercado,https://www.betano.pe/cuotas-de-partido/club-cienciano-universitario-de-deportes/89276798/
2026-08-02,18:30,Cienciano vs Universitario,,Betano,Local goles +0.5,TEAM_TOTAL_HOME OVER.0.5,TEAM_TOTAL_HOME:OVER_0_5,77.2%,0.771800,,,,,,,Sin cuota/EV,No encontrado en Betano,Alta,torneo actual,usa Poisson base con estadisticas de goles del torneo,un gol temprano o baja eficacia puede cambiar la lectura del mercado,https://www.betano.pe/cuotas-de-partido/club-cienciano-universitario-de-deportes/89276798/
2026-08-02,18:30,Cienciano vs Universitario,,Betano,Visita goles +0.5,TEAM_TOTAL_AWAY OVER.0.5,TEAM_TOTAL_AWAY:OVER_0_5,76.5%,0.764800,,,,,,,Sin cuota/EV,No encontrado en Betano,Alta,torneo actual,usa Poisson base con estadisticas de goles del torneo,un gol temprano o baja eficacia puede cambiar la lectura del mercado,https://www.betano.pe/cuotas-de-partido/club-cienciano-universitario-de-deportes/89276798/
2026-08-02,18:30,Cienciano vs Universitario,,Betano,DOUBLE_CHANCE 12,DOUBLE_CHANCE 12,DOUBLE_CHANCE:12,75.3%,0.753500,,,,,,,Sin cuota/EV,No encontrado en Betano,Alta,torneo actual,usa Poisson base con estadisticas de goles del torneo,riesgo propio del resultado final y variacion del modelo,https://www.betano.pe/cuotas-de-partido/club-cienciano-universitario-de-deportes/89276798/
2026-08-02,18:30,Cienciano vs Universitario,,Betano,Visita corners +3.5,CORNERS_AWAY OVER.3.5,CORNERS_AWAY:OVER_3_5,74.9%,0.748700,,,,,,,Sin cuota/EV,No encontrado en Betano,Alta,contexto premium torneo actual,usa promedios del contexto premium/API-Football,el volumen ofensivo puede variar por planteamiento y marcador temprano,https://www.betano.pe/cuotas-de-partido/club-cienciano-universitario-de-deportes/89276798/
2026-08-02,18:30,Cienciano vs Universitario,,Betano,Visita corners -6.5,CORNERS_AWAY UNDER.6.5,CORNERS_AWAY:UNDER_6_5,74.7%,0.747400,,,,,,,Sin cuota/EV,No encontrado en Betano,Alta,contexto premium torneo actual,usa promedios del contexto premium/API-Football,el volumen ofensivo puede variar por planteamiento y marcador temprano,https://www.betano.pe/cuotas-de-partido/club-cienciano-universitario-de-deportes/89276798/
2026-08-02,18:30,Cienciano vs Universitario,,Betano,Local tarjetas -1.5,CARDS_HOME UNDER.1.5,CARDS_HOME:UNDER_1_5,73.6%,0.735800,,,,,,,Sin cuota/EV,No encontrado en Betano,Alta,contexto premium torneo actual,usa promedios del contexto premium/API-Football,depende mucho del arbitro y del contexto competitivo,https://www.betano.pe/cuotas-de-partido/club-cienciano-universitario-de-deportes/89276798/
2026-08-02,18:30,Cienciano vs Universitario,,Betano,Corners total -10.5,CORNERS_TOTALS UNDER.10.5,CORNERS_TOTALS:UNDER_10_5,72.9%,0.729400,,,,,,,Sin cuota/EV,No encontrado en Betano,Alta,contexto premium torneo actual,usa promedios del contexto premium/API-Football,el volumen ofensivo puede variar por planteamiento y marcador temprano,https://www.betano.pe/cuotas-de-partido/club-cienciano-universitario-de-deportes/89276798/
2026-08-02,18:30,Cienciano vs Universitario,,Betano,SHOTS_ON_TARGET_TOTAL UNDER.9.5,SHOTS_ON_TARGET_TOTAL UNDER.9.5,SHOTS_ON_TARGET_TOTAL:UNDER_9_5,70.4%,0.704100,,,,,,,Sin cuota/EV,No encontrado en Betano,Alta,contexto premium torneo actual,usa promedios del contexto premium/API-Football,el volumen ofensivo puede variar por planteamiento y marcador temprano,https://www.betano.pe/cuotas-de-partido/club-cienciano-universitario-de-deportes/89276798/
2026-08-02,18:30,Cienciano vs Universitario,10Bet,Betano,1T -1.5,FIRST_HALF_TOTALS UNDER.1.5,FIRST_HALF_TOTALS:UNDER_1_5,69.9%,0.699000,1.06,-0.26,-0.259000,1.37,-0.04,-0.042400,EV negativo,EV negativo Betano,Media,contexto premium torneo actual,usa promedios del contexto premium/API-Football,el primer tiempo puede tener ritmo bajo o rotaciones,https://www.betano.pe/cuotas-de-partido/club-cienciano-universitario-de-deportes/89276798/
2026-08-02,18:30,Cienciano vs Universitario,,Betano,Visita tarjetas +0.5,CARDS_AWAY OVER.0.5,CARDS_AWAY:OVER_0_5,69.9%,0.698800,,,,,,,Sin cuota/EV,No encontrado en Betano,Media,contexto premium torneo actual,usa promedios del contexto premium/API-Football,depende mucho del arbitro y del contexto competitivo,https://www.betano.pe/cuotas-de-partido/club-cienciano-universitario-de-deportes/89276798/
2026-08-02,18:30,Cienciano vs Universitario,,Betano,SHOTS_ON_TARGET_TOTAL OVER.6.5,SHOTS_ON_TARGET_TOTAL OVER.6.5,SHOTS_ON_TARGET_TOTAL:OVER_6_5,69.9%,0.698700,,,,,,,Sin cuota/EV,No encontrado en Betano,Media,contexto premium torneo actual,usa promedios del contexto premium/API-Football,el volumen ofensivo puede variar por planteamiento y marcador temprano,https://www.betano.pe/cuotas-de-partido/club-cienciano-universitario-de-deportes/89276798/
2026-08-02,18:30,Cienciano vs Universitario,,Betano,Local corners -4.5,CORNERS_HOME UNDER.4.5,CORNERS_HOME:UNDER_4_5,68.7%,0.687200,,,,,,,Sin cuota/EV,No encontrado en Betano,Media,contexto premium torneo actual,usa promedios del contexto premium/API-Football,el volumen ofensivo puede variar por planteamiento y marcador temprano,https://www.betano.pe/cuotas-de-partido/club-cienciano-universitario-de-deportes/89276798/
2026-08-02,18:30,Cienciano vs Universitario,10Bet,Betano,1T +0.5,FIRST_HALF_TOTALS OVER.0.5,FIRST_HALF_TOTALS:OVER_0_5,66.7%,0.667100,2.25,0.50,0.501000,1.44,-0.04,-0.039400,EV positivo,EV negativo Betano,Media,contexto premium torneo actual,usa promedios del contexto premium/API-Football,el primer tiempo puede tener ritmo bajo o rotaciones,https://www.betano.pe/cuotas-de-partido/club-cienciano-universitario-de-deportes/89276798/
2026-08-02,18:30,Cienciano vs Universitario,10Bet,Betano,Goles -3.5,TOTALS UNDER.3.5,TOTALS:UNDER_3_5,66.4%,0.664000,1.30,-0.14,-0.136800,1.30,-0.14,-0.136800,EV negativo,EV negativo Betano,Media,torneo actual,usa Poisson base con estadisticas de goles del torneo,un gol temprano o baja eficacia puede cambiar la lectura del mercado,https://www.betano.pe/cuotas-de-partido/club-cienciano-universitario-de-deportes/89276798/
2026-08-02,18:30,Cienciano vs Universitario,,Betano,Visita tarjetas -1.5,CARDS_AWAY UNDER.1.5,CARDS_AWAY:UNDER_1_5,66.3%,0.662600,,,,,,,Sin cuota/EV,No encontrado en Betano,Media,contexto premium torneo actual,usa promedios del contexto premium/API-Football,depende mucho del arbitro y del contexto competitivo,https://www.betano.pe/cuotas-de-partido/club-cienciano-universitario-de-deportes/89276798/
2026-08-02,18:30,Cienciano vs Universitario,,Betano,SHOTS_TOTAL OVER.24.5,SHOTS_TOTAL OVER.24.5,SHOTS_TOTAL:OVER_24_5,66.2%,0.662000,,,,,,,Sin cuota/EV,No encontrado en Betano,Media,contexto premium torneo actual,usa promedios del contexto premium/API-Football,el volumen ofensivo puede variar por planteamiento y marcador temprano,https://www.betano.pe/cuotas-de-partido/club-cienciano-universitario-de-deportes/89276798/
2026-08-02,18:30,Cienciano vs Universitario,,Betano,Corners total +7.5,CORNERS_TOTALS OVER.7.5,CORNERS_TOTALS:OVER_7_5,65.2%,0.652200,,,,1.47,-0.04,-0.041300,Sin cuota/EV,EV negativo Betano,Media,contexto premium torneo actual,usa promedios del contexto premium/API-Football,el volumen ofensivo puede variar por planteamiento y marcador temprano,https://www.betano.pe/cuotas-de-partido/club-cienciano-universitario-de-deportes/89276798/
2026-08-02,18:30,Cienciano vs Universitario,,Betano,Local tarjetas +0.5,CARDS_HOME OVER.0.5,CARDS_HOME:OVER_0_5,63.2%,0.632100,,,,,,,Sin cuota/EV,No encontrado en Betano,Media,contexto premium torneo actual,usa promedios del contexto premium/API-Football,depende mucho del arbitro y del contexto competitivo,https://www.betano.pe/cuotas-de-partido/club-cienciano-universitario-de-deportes/89276798/
2026-08-02,18:30,Cienciano vs Universitario,,Betano,DOUBLE_CHANCE 1X,DOUBLE_CHANCE 1X,DOUBLE_CHANCE:1X,63.0%,0.630000,,,,,,,Sin cuota/EV,No encontrado en Betano,Media,torneo actual,usa Poisson base con estadisticas de goles del torneo,riesgo propio del resultado final y variacion del modelo,https://www.betano.pe/cuotas-de-partido/club-cienciano-universitario-de-deportes/89276798/
2026-08-02,18:30,Cienciano vs Universitario,,Betano,Tarjetas total -2.5,CARDS_TOTALS UNDER.2.5,CARDS_TOTALS:UNDER_2_5,62.3%,0.622700,,,,,,,Sin cuota/EV,No encontrado en Betano,Media,contexto premium torneo actual,usa promedios del contexto premium/API-Football,depende mucho del arbitro y del contexto competitivo,https://www.betano.pe/cuotas-de-partido/club-cienciano-universitario-de-deportes/89276798/
2026-08-02,18:30,Cienciano vs Universitario,,Betano,DOUBLE_CHANCE X2,DOUBLE_CHANCE X2,DOUBLE_CHANCE:X2,61.7%,0.616500,,,,,,,Sin cuota/EV,No encontrado en Betano,Media,torneo actual,usa Poisson base con estadisticas de goles del torneo,riesgo propio del resultado final y variacion del modelo,https://www.betano.pe/cuotas-de-partido/club-cienciano-universitario-de-deportes/89276798/
2026-08-02,18:30,Cienciano vs Universitario,,Betano,Corners total -9.5,CORNERS_TOTALS UNDER.9.5,CORNERS_TOTALS:UNDER_9_5,61.4%,0.613700,,,,1.50,-0.08,-0.079500,Sin cuota/EV,EV negativo Betano,Media,contexto premium torneo actual,usa promedios del contexto premium/API-Football,el volumen ofensivo puede variar por planteamiento y marcador temprano,https://www.betano.pe/cuotas-de-partido/club-cienciano-universitario-de-deportes/89276798/
2026-08-02,18:30,Cienciano vs Universitario,,Betano,Visita corners -5.5,CORNERS_AWAY UNDER.5.5,CORNERS_AWAY:UNDER_5_5,59.8%,0.598400,,,,,,,Sin cuota/EV,No encontrado en Betano,Media,contexto premium torneo actual,usa promedios del contexto premium/API-Football,el volumen ofensivo puede variar por planteamiento y marcador temprano,https://www.betano.pe/cuotas-de-partido/club-cienciano-universitario-de-deportes/89276798/
2026-08-02,18:30,Cienciano vs Universitario,10Bet,Betano,BTTS sí,BTTS YES,BTTS:YES,59.0%,0.590300,4.33,1.56,1.556000,1.72,0.02,0.015300,EV positivo,EV positivo Betano,Media,torneo actual,usa Poisson base con estadisticas de goles del torneo,un gol temprano o baja eficacia puede cambiar la lectura del mercado,https://www.betano.pe/cuotas-de-partido/club-cienciano-universitario-de-deportes/89276798/
2026-08-02,18:30,Cienciano vs Universitario,,Betano,SHOTS_ON_TARGET_TOTAL UNDER.8.5,SHOTS_ON_TARGET_TOTAL UNDER.8.5,SHOTS_ON_TARGET_TOTAL:UNDER_8_5,57.9%,0.578600,,,,,,,Sin cuota/EV,No encontrado en Betano,Media,contexto premium torneo actual,usa promedios del contexto premium/API-Football,el volumen ofensivo puede variar por planteamiento y marcador temprano,https://www.betano.pe/cuotas-de-partido/club-cienciano-universitario-de-deportes/89276798/
2026-08-02,18:30,Cienciano vs Universitario,,Betano,Visita corners +4.5,CORNERS_AWAY OVER.4.5,CORNERS_AWAY:OVER_4_5,57.7%,0.576900,,,,,,,Sin cuota/EV,No encontrado en Betano,Media,contexto premium torneo actual,usa promedios del contexto premium/API-Football,el volumen ofensivo puede variar por planteamiento y marcador temprano,https://www.betano.pe/cuotas-de-partido/club-cienciano-universitario-de-deportes/89276798/
2026-08-02,18:30,Cienciano vs Universitario,,Betano,Visita goles -1.5,TEAM_TOTAL_AWAY UNDER.1.5,TEAM_TOTAL_AWAY:UNDER_1_5,57.6%,0.575600,,,,,,,Sin cuota/EV,No encontrado en Betano,Media,torneo actual,usa Poisson base con estadisticas de goles del torneo,un gol temprano o baja eficacia puede cambiar la lectura del mercado,https://www.betano.pe/cuotas-de-partido/club-cienciano-universitario-de-deportes/89276798/
2026-08-02,18:30,Cienciano vs Universitario,,Betano,Local goles -1.5,TEAM_TOTAL_HOME UNDER.1.5,TEAM_TOTAL_HOME:UNDER_1_5,56.5%,0.565300,,,,,,,Sin cuota/EV,No encontrado en Betano,Media,torneo actual,usa Poisson base con estadisticas de goles del torneo,un gol temprano o baja eficacia puede cambiar la lectura del mercado,https://www.betano.pe/cuotas-de-partido/club-cienciano-universitario-de-deportes/89276798/
2026-08-02,18:30,Cienciano vs Universitario,,Betano,SHOTS_ON_TARGET_TOTAL OVER.7.5,SHOTS_ON_TARGET_TOTAL OVER.7.5,SHOTS_ON_TARGET_TOTAL:OVER_7_5,56.1%,0.560900,,,,,,,Sin cuota/EV,No encontrado en Betano,Media,contexto premium torneo actual,usa promedios del contexto premium/API-Football,el volumen ofensivo puede variar por planteamiento y marcador temprano,https://www.betano.pe/cuotas-de-partido/club-cienciano-universitario-de-deportes/89276798/
2026-08-02,18:30,Cienciano vs Universitario,10Bet,Betano,Goles +2.5,TOTALS OVER.2.5,TOTALS:OVER_2_5,56.0%,0.559800,2.00,0.12,0.119600,1.93,0.08,0.080400,EV positivo,EV positivo Betano,Media,torneo actual,usa Poisson base con estadisticas de goles del torneo,un gol temprano o baja eficacia puede cambiar la lectura del mercado,https://www.betano.pe/cuotas-de-partido/club-cienciano-universitario-de-deportes/89276798/
2026-08-02,18:30,Cienciano vs Universitario,10Bet,Betano,Corners total +8.5,CORNERS_TOTALS OVER.8.5,CORNERS_TOTALS:OVER_8_5,51.8%,0.517700,1.80,-0.07,-0.068100,1.85,-0.04,-0.042300,EV negativo,EV negativo Betano,Baja,contexto premium torneo actual,usa promedios del contexto premium/API-Football,el volumen ofensivo puede variar por planteamiento y marcador temprano,https://www.betano.pe/cuotas-de-partido/club-cienciano-universitario-de-deportes/89276798/
2026-08-02,18:30,Cienciano vs Universitario,,Betano,SHOTS_TOTAL OVER.26.5,SHOTS_TOTAL OVER.26.5,SHOTS_TOTAL:OVER_26_5,51.0%,0.510200,,,,,,,Sin cuota/EV,No encontrado en Betano,Baja,contexto premium torneo actual,usa promedios del contexto premium/API-Football,el volumen ofensivo puede variar por planteamiento y marcador temprano,https://www.betano.pe/cuotas-de-partido/club-cienciano-universitario-de-deportes/89276798/
2026-08-02,18:30,Cienciano vs Universitario,10Bet,Betano,DNB local,DRAW_NO_BET HOME,DRAW_NO_BET:HOME,50.9%,0.509000,1.70,-0.13,-0.134700,,,,EV negativo,No encontrado en Betano,Baja,torneo actual,usa Poisson base con estadisticas de goles del torneo,riesgo propio del resultado final y variacion del modelo,https://www.betano.pe/cuotas-de-partido/club-cienciano-universitario-de-deportes/89276798/
2026-08-02,18:30,Cienciano vs Universitario,,Betano,Local corners +3.5,CORNERS_HOME OVER.3.5,CORNERS_HOME:OVER_3_5,50.6%,0.505800,,,,,,,Sin cuota/EV,No encontrado en Betano,Baja,contexto premium torneo actual,usa promedios del contexto premium/API-Football,el volumen ofensivo puede variar por planteamiento y marcador temprano,https://www.betano.pe/cuotas-de-partido/club-cienciano-universitario-de-deportes/89276798/
2026-08-02,18:30,Cienciano vs Universitario,,Betano,Local corners -3.5,CORNERS_HOME UNDER.3.5,CORNERS_HOME:UNDER_3_5,49.4%,0.494200,,,,,,,Sin cuota/EV,No encontrado en Betano,Baja,contexto premium torneo actual,usa promedios del contexto premium/API-Football,el volumen ofensivo puede variar por planteamiento y marcador temprano,https://www.betano.pe/cuotas-de-partido/club-cienciano-universitario-de-deportes/89276798/
2026-08-02,18:30,Cienciano vs Universitario,10Bet,Betano,DNB visita,DRAW_NO_BET AWAY,DRAW_NO_BET:AWAY,49.1%,0.491000,2.05,0.01,0.006500,,,,EV negativo,No encontrado en Betano,Baja,torneo actual,usa Poisson base con estadisticas de goles del torneo,riesgo propio del resultado final y variacion del modelo,https://www.betano.pe/cuotas-de-partido/club-cienciano-universitario-de-deportes/89276798/
2026-08-02,18:30,Cienciano vs Universitario,,Betano,SHOTS_TOTAL UNDER.26.5,SHOTS_TOTAL UNDER.26.5,SHOTS_TOTAL:UNDER_26_5,49.0%,0.489800,,,,,,,Sin cuota/EV,No encontrado en Betano,Baja,contexto premium torneo actual,usa promedios del contexto premium/API-Football,el volumen ofensivo puede variar por planteamiento y marcador temprano,https://www.betano.pe/cuotas-de-partido/club-cienciano-universitario-de-deportes/89276798/
2026-08-02,18:30,Cienciano vs Universitario,10Bet,Betano,Corners total -8.5,CORNERS_TOTALS UNDER.8.5,CORNERS_TOTALS:UNDER_8_5,48.2%,0.482300,1.91,-0.08,-0.078800,1.85,-0.11,-0.107700,EV negativo,EV negativo Betano,Baja,contexto premium torneo actual,usa promedios del contexto premium/API-Football,el volumen ofensivo puede variar por planteamiento y marcador temprano,https://www.betano.pe/cuotas-de-partido/club-cienciano-universitario-de-deportes/89276798/
2026-08-02,18:30,Cienciano vs Universitario,10Bet,Betano,Goles -2.5,TOTALS UNDER.2.5,TOTALS:UNDER_2_5,44.0%,0.440200,1.80,-0.21,-0.207700,1.78,-0.22,-0.216400,EV negativo,EV negativo Betano,Baja,torneo actual,usa Poisson base con estadisticas de goles del torneo,un gol temprano o baja eficacia puede cambiar la lectura del mercado,https://www.betano.pe/cuotas-de-partido/club-cienciano-universitario-de-deportes/89276798/
2026-08-02,18:30,Cienciano vs Universitario,,Betano,SHOTS_ON_TARGET_TOTAL UNDER.7.5,SHOTS_ON_TARGET_TOTAL UNDER.7.5,SHOTS_ON_TARGET_TOTAL:UNDER_7_5,43.9%,0.439100,,,,,,,Sin cuota/EV,No encontrado en Betano,Baja,contexto premium torneo actual,usa promedios del contexto premium/API-Football,el volumen ofensivo puede variar por planteamiento y marcador temprano,https://www.betano.pe/cuotas-de-partido/club-cienciano-universitario-de-deportes/89276798/
2026-08-02,18:30,Cienciano vs Universitario,,Betano,Local goles +1.5,TEAM_TOTAL_HOME OVER.1.5,TEAM_TOTAL_HOME:OVER_1_5,43.5%,0.434700,,,,,,,Sin cuota/EV,No encontrado en Betano,Baja,torneo actual,usa Poisson base con estadisticas de goles del torneo,un gol temprano o baja eficacia puede cambiar la lectura del mercado,https://www.betano.pe/cuotas-de-partido/club-cienciano-universitario-de-deportes/89276798/
2026-08-02,18:30,Cienciano vs Universitario,,Betano,Visita goles +1.5,TEAM_TOTAL_AWAY OVER.1.5,TEAM_TOTAL_AWAY:OVER_1_5,42.4%,0.424400,,,,,,,Sin cuota/EV,No encontrado en Betano,Baja,torneo actual,usa Poisson base con estadisticas de goles del torneo,un gol temprano o baja eficacia puede cambiar la lectura del mercado,https://www.betano.pe/cuotas-de-partido/club-cienciano-universitario-de-deportes/89276798/
2026-08-02,18:30,Cienciano vs Universitario,,Betano,Visita corners -4.5,CORNERS_AWAY UNDER.4.5,CORNERS_AWAY:UNDER_4_5,42.3%,0.423100,,,,,,,Sin cuota/EV,No encontrado en Betano,Baja,contexto premium torneo actual,usa promedios del contexto premium/API-Football,el volumen ofensivo puede variar por planteamiento y marcador temprano,https://www.betano.pe/cuotas-de-partido/club-cienciano-universitario-de-deportes/89276798/
2026-08-02,18:30,Cienciano vs Universitario,,Betano,SHOTS_ON_TARGET_TOTAL OVER.8.5,SHOTS_ON_TARGET_TOTAL OVER.8.5,SHOTS_ON_TARGET_TOTAL:OVER_8_5,42.1%,0.421400,,,,,,,Sin cuota/EV,No encontrado en Betano,Baja,contexto premium torneo actual,usa promedios del contexto premium/API-Football,el volumen ofensivo puede variar por planteamiento y marcador temprano,https://www.betano.pe/cuotas-de-partido/club-cienciano-universitario-de-deportes/89276798/
2026-08-02,18:30,Cienciano vs Universitario,10Bet,Betano,BTTS no,BTTS NO,BTTS:NO,41.0%,0.409700,1.18,-0.52,-0.516600,2.00,-0.18,-0.180600,EV negativo,EV negativo Betano,Baja,torneo actual,usa Poisson base con estadisticas de goles del torneo,un gol temprano o baja eficacia puede cambiar la lectura del mercado,https://www.betano.pe/cuotas-de-partido/club-cienciano-universitario-de-deportes/89276798/
2026-08-02,18:30,Cienciano vs Universitario,,Betano,Visita corners +5.5,CORNERS_AWAY OVER.5.5,CORNERS_AWAY:OVER_5_5,40.2%,0.401600,,,,,,,Sin cuota/EV,No encontrado en Betano,Baja,contexto premium torneo actual,usa promedios del contexto premium/API-Football,el volumen ofensivo puede variar por planteamiento y marcador temprano,https://www.betano.pe/cuotas-de-partido/club-cienciano-universitario-de-deportes/89276798/
2026-08-02,18:30,Cienciano vs Universitario,,Betano,Corners total +9.5,CORNERS_TOTALS OVER.9.5,CORNERS_TOTALS:OVER_9_5,38.6%,0.386300,,,,2.42,-0.07,-0.065200,Sin cuota/EV,EV negativo Betano,Baja,contexto premium torneo actual,usa promedios del contexto premium/API-Football,el volumen ofensivo puede variar por planteamiento y marcador temprano,https://www.betano.pe/cuotas-de-partido/club-cienciano-universitario-de-deportes/89276798/
2026-08-02,18:30,Cienciano vs Universitario,10Bet,Betano,Gana local,1X2 HOME,1X2:HOME,38.4%,0.383500,3.85,0.48,0.476600,2.35,-0.10,-0.098800,EV positivo,EV negativo Betano,Baja,torneo actual,usa Poisson base con estadisticas de goles del torneo,riesgo propio del resultado final y variacion del modelo,https://www.betano.pe/cuotas-de-partido/club-cienciano-universitario-de-deportes/89276798/
2026-08-02,18:30,Cienciano vs Universitario,,Betano,Tarjetas total +2.5,CARDS_TOTALS OVER.2.5,CARDS_TOTALS:OVER_2_5,37.7%,0.377300,,,,,,,Sin cuota/EV,No encontrado en Betano,Baja,contexto premium torneo actual,usa promedios del contexto premium/API-Football,depende mucho del arbitro y del contexto competitivo,https://www.betano.pe/cuotas-de-partido/club-cienciano-universitario-de-deportes/89276798/
2026-08-02,18:30,Cienciano vs Universitario,10Bet,Betano,Gana visita,1X2 AWAY,1X2:AWAY,37.0%,0.370000,4.50,0.66,0.664800,3.05,0.13,0.128500,EV positivo,EV positivo Betano,Baja,torneo actual,usa Poisson base con estadisticas de goles del torneo,riesgo propio del resultado final y variacion del modelo,https://www.betano.pe/cuotas-de-partido/club-cienciano-universitario-de-deportes/89276798/
2026-08-02,18:30,Cienciano vs Universitario,,Betano,Local tarjetas -0.5,CARDS_HOME UNDER.0.5,CARDS_HOME:UNDER_0_5,36.8%,0.367900,,,,,,,Sin cuota/EV,No encontrado en Betano,Baja,contexto premium torneo actual,usa promedios del contexto premium/API-Football,depende mucho del arbitro y del contexto competitivo,https://www.betano.pe/cuotas-de-partido/club-cienciano-universitario-de-deportes/89276798/
2026-08-02,18:30,Cienciano vs Universitario,,Betano,Corners total -7.5,CORNERS_TOTALS UNDER.7.5,CORNERS_TOTALS:UNDER_7_5,34.8%,0.347800,,,,2.50,-0.13,-0.130500,Sin cuota/EV,EV negativo Betano,Baja,contexto premium torneo actual,usa promedios del contexto premium/API-Football,el volumen ofensivo puede variar por planteamiento y marcador temprano,https://www.betano.pe/cuotas-de-partido/club-cienciano-universitario-de-deportes/89276798/
2026-08-02,18:30,Cienciano vs Universitario,,Betano,SHOTS_TOTAL UNDER.24.5,SHOTS_TOTAL UNDER.24.5,SHOTS_TOTAL:UNDER_24_5,33.8%,0.338000,,,,,,,Sin cuota/EV,No encontrado en Betano,Baja,contexto premium torneo actual,usa promedios del contexto premium/API-Football,el volumen ofensivo puede variar por planteamiento y marcador temprano,https://www.betano.pe/cuotas-de-partido/club-cienciano-universitario-de-deportes/89276798/
2026-08-02,18:30,Cienciano vs Universitario,,Betano,Visita tarjetas +1.5,CARDS_AWAY OVER.1.5,CARDS_AWAY:OVER_1_5,33.7%,0.337400,,,,,,,Sin cuota/EV,No encontrado en Betano,Baja,contexto premium torneo actual,usa promedios del contexto premium/API-Football,depende mucho del arbitro y del contexto competitivo,https://www.betano.pe/cuotas-de-partido/club-cienciano-universitario-de-deportes/89276798/
2026-08-02,18:30,Cienciano vs Universitario,10Bet,Betano,Goles +3.5,TOTALS OVER.3.5,TOTALS:OVER_3_5,33.6%,0.336000,3.45,0.16,0.159100,3.20,0.08,0.075200,EV positivo,EV positivo Betano,Baja,torneo actual,usa Poisson base con estadisticas de goles del torneo,un gol temprano o baja eficacia puede cambiar la lectura del mercado,https://www.betano.pe/cuotas-de-partido/club-cienciano-universitario-de-deportes/89276798/
2026-08-02,18:30,Cienciano vs Universitario,10Bet,Betano,1T -0.5,FIRST_HALF_TOTALS UNDER.0.5,FIRST_HALF_TOTALS:UNDER_0_5,33.3%,0.332900,1.57,-0.48,-0.477400,2.60,-0.13,-0.134500,EV negativo,EV negativo Betano,Baja,contexto premium torneo actual,usa promedios del contexto premium/API-Football,el primer tiempo puede tener ritmo bajo o rotaciones,https://www.betano.pe/cuotas-de-partido/club-cienciano-universitario-de-deportes/89276798/
2026-08-02,18:30,Cienciano vs Universitario,,Betano,Local corners +4.5,CORNERS_HOME OVER.4.5,CORNERS_HOME:OVER_4_5,31.3%,0.312800,,,,,,,Sin cuota/EV,No encontrado en Betano,Baja,contexto premium torneo actual,usa promedios del contexto premium/API-Football,el volumen ofensivo puede variar por planteamiento y marcador temprano,https://www.betano.pe/cuotas-de-partido/club-cienciano-universitario-de-deportes/89276798/
2026-08-02,18:30,Cienciano vs Universitario,,Betano,SHOTS_ON_TARGET_TOTAL UNDER.6.5,SHOTS_ON_TARGET_TOTAL UNDER.6.5,SHOTS_ON_TARGET_TOTAL:UNDER_6_5,30.1%,0.301300,,,,,,,Sin cuota/EV,No encontrado en Betano,Baja,contexto premium torneo actual,usa promedios del contexto premium/API-Football,el volumen ofensivo puede variar por planteamiento y marcador temprano,https://www.betano.pe/cuotas-de-partido/club-cienciano-universitario-de-deportes/89276798/
2026-08-02,18:30,Cienciano vs Universitario,,Betano,Visita tarjetas -0.5,CARDS_AWAY UNDER.0.5,CARDS_AWAY:UNDER_0_5,30.1%,0.301200,,,,,,,Sin cuota/EV,No encontrado en Betano,Baja,contexto premium torneo actual,usa promedios del contexto premium/API-Football,depende mucho del arbitro y del contexto competitivo,https://www.betano.pe/cuotas-de-partido/club-cienciano-universitario-de-deportes/89276798/
2026-08-02,18:30,Cienciano vs Universitario,10Bet,Betano,1T +1.5,FIRST_HALF_TOTALS OVER.1.5,FIRST_HALF_TOTALS:OVER_1_5,30.1%,0.301000,7.50,1.26,1.257300,2.85,-0.14,-0.142100,EV positivo,EV negativo Betano,Baja,contexto premium torneo actual,usa promedios del contexto premium/API-Football,el primer tiempo puede tener ritmo bajo o rotaciones,https://www.betano.pe/cuotas-de-partido/club-cienciano-universitario-de-deportes/89276798/
2026-08-02,18:30,Cienciano vs Universitario,,Betano,SHOTS_ON_TARGET_TOTAL OVER.9.5,SHOTS_ON_TARGET_TOTAL OVER.9.5,SHOTS_ON_TARGET_TOTAL:OVER_9_5,29.6%,0.295900,,,,,,,Sin cuota/EV,No encontrado en Betano,Baja,contexto premium torneo actual,usa promedios del contexto premium/API-Football,el volumen ofensivo puede variar por planteamiento y marcador temprano,https://www.betano.pe/cuotas-de-partido/club-cienciano-universitario-de-deportes/89276798/
2026-08-02,18:30,Cienciano vs Universitario,,Betano,Corners total +10.5,CORNERS_TOTALS OVER.10.5,CORNERS_TOTALS:OVER_10_5,27.1%,0.270600,,,,,,,Sin cuota/EV,No encontrado en Betano,Baja,contexto premium torneo actual,usa promedios del contexto premium/API-Football,el volumen ofensivo puede variar por planteamiento y marcador temprano,https://www.betano.pe/cuotas-de-partido/club-cienciano-universitario-de-deportes/89276798/
2026-08-02,18:30,Cienciano vs Universitario,,Betano,Local tarjetas +1.5,CARDS_HOME OVER.1.5,CARDS_HOME:OVER_1_5,26.4%,0.264200,,,,,,,Sin cuota/EV,No encontrado en Betano,Baja,contexto premium torneo actual,usa promedios del contexto premium/API-Football,depende mucho del arbitro y del contexto competitivo,https://www.betano.pe/cuotas-de-partido/club-cienciano-universitario-de-deportes/89276798/
2026-08-02,18:30,Cienciano vs Universitario,,Betano,Visita corners +6.5,CORNERS_AWAY OVER.6.5,CORNERS_AWAY:OVER_6_5,25.3%,0.252600,,,,,,,Sin cuota/EV,No encontrado en Betano,Baja,contexto premium torneo actual,usa promedios del contexto premium/API-Football,el volumen ofensivo puede variar por planteamiento y marcador temprano,https://www.betano.pe/cuotas-de-partido/club-cienciano-universitario-de-deportes/89276798/
2026-08-02,18:30,Cienciano vs Universitario,,Betano,Visita corners -3.5,CORNERS_AWAY UNDER.3.5,CORNERS_AWAY:UNDER_3_5,25.1%,0.251300,,,,,,,Sin cuota/EV,No encontrado en Betano,Baja,contexto premium torneo actual,usa promedios del contexto premium/API-Football,el volumen ofensivo puede variar por planteamiento y marcador temprano,https://www.betano.pe/cuotas-de-partido/club-cienciano-universitario-de-deportes/89276798/
2026-08-02,18:30,Cienciano vs Universitario,10Bet,Betano,Empate,1X2 DRAW,1X2:DRAW,24.6%,0.246500,1.67,-0.59,-0.588300,3.25,-0.20,-0.198900,EV negativo,EV negativo Betano,Baja,torneo actual,usa Poisson base con estadisticas de goles del torneo,riesgo propio del resultado final y variacion del modelo,https://www.betano.pe/cuotas-de-partido/club-cienciano-universitario-de-deportes/89276798/
2026-08-02,18:30,Cienciano vs Universitario,,Betano,Visita goles -0.5,TEAM_TOTAL_AWAY UNDER.0.5,TEAM_TOTAL_AWAY:UNDER_0_5,23.5%,0.235200,,,,,,,Sin cuota/EV,No encontrado en Betano,Baja,torneo actual,usa Poisson base con estadisticas de goles del torneo,un gol temprano o baja eficacia puede cambiar la lectura del mercado,https://www.betano.pe/cuotas-de-partido/club-cienciano-universitario-de-deportes/89276798/
2026-08-02,18:30,Cienciano vs Universitario,,Betano,Local goles -0.5,TEAM_TOTAL_HOME UNDER.0.5,TEAM_TOTAL_HOME:UNDER_0_5,22.8%,0.228200,,,,,,,Sin cuota/EV,No encontrado en Betano,Baja,torneo actual,usa Poisson base con estadisticas de goles del torneo,un gol temprano o baja eficacia puede cambiar la lectura del mercado,https://www.betano.pe/cuotas-de-partido/club-cienciano-universitario-de-deportes/89276798/
2026-08-02,18:30,Cienciano vs Universitario,10Bet,Betano,Goles -1.5,TOTALS UNDER.1.5,TOTALS:UNDER_1_5,21.1%,0.210600,3.25,-0.32,-0.315400,3.10,-0.35,-0.347100,EV negativo,EV negativo Betano,Baja,torneo actual,usa Poisson base con estadisticas de goles del torneo,un gol temprano o baja eficacia puede cambiar la lectura del mercado,https://www.betano.pe/cuotas-de-partido/club-cienciano-universitario-de-deportes/89276798/
2026-08-02,18:30,Cienciano vs Universitario,,Betano,SHOTS_TOTAL UNDER.22.5,SHOTS_TOTAL UNDER.22.5,SHOTS_TOTAL:UNDER_22_5,20.6%,0.205800,,,,,,,Sin cuota/EV,No encontrado en Betano,Baja,contexto premium torneo actual,usa promedios del contexto premium/API-Football,el volumen ofensivo puede variar por planteamiento y marcador temprano,https://www.betano.pe/cuotas-de-partido/club-cienciano-universitario-de-deportes/89276798/
2026-08-02,18:30,Cienciano vs Universitario,,Betano,Local goles +2.5,TEAM_TOTAL_HOME OVER.2.5,TEAM_TOTAL_HOME:OVER_2_5,18.6%,0.185600,,,,,,,Sin cuota/EV,No encontrado en Betano,Baja,torneo actual,usa Poisson base con estadisticas de goles del torneo,un gol temprano o baja eficacia puede cambiar la lectura del mercado,https://www.betano.pe/cuotas-de-partido/club-cienciano-universitario-de-deportes/89276798/
2026-08-02,18:30,Cienciano vs Universitario,,Betano,Tarjetas total +3.5,CARDS_TOTALS OVER.3.5,CARDS_TOTALS:OVER_3_5,18.1%,0.180600,,,,,,,Sin cuota/EV,No encontrado en Betano,Baja,contexto premium torneo actual,usa promedios del contexto premium/API-Football,depende mucho del arbitro y del contexto competitivo,https://www.betano.pe/cuotas-de-partido/club-cienciano-universitario-de-deportes/89276798/
2026-08-02,18:30,Cienciano vs Universitario,,Betano,Visita goles +2.5,TEAM_TOTAL_AWAY OVER.2.5,TEAM_TOTAL_AWAY:OVER_2_5,17.8%,0.178000,,,,,,,Sin cuota/EV,No encontrado en Betano,Baja,torneo actual,usa Poisson base con estadisticas de goles del torneo,un gol temprano o baja eficacia puede cambiar la lectura del mercado,https://www.betano.pe/cuotas-de-partido/club-cienciano-universitario-de-deportes/89276798/
2026-08-02,18:30,Cienciano vs Universitario,,Betano,Corners total +11.5,CORNERS_TOTALS OVER.11.5,CORNERS_TOTALS:OVER_11_5,17.8%,0.178000,,,,,,,Sin cuota/EV,No encontrado en Betano,Baja,contexto premium torneo actual,usa promedios del contexto premium/API-Football,el volumen ofensivo puede variar por planteamiento y marcador temprano,https://www.betano.pe/cuotas-de-partido/club-cienciano-universitario-de-deportes/89276798/
2026-08-02,18:30,Cienciano vs Universitario,,Betano,Local corners +5.5,CORNERS_HOME OVER.5.5,CORNERS_HOME:OVER_5_5,17.0%,0.169900,,,,,,,Sin cuota/EV,No encontrado en Betano,Baja,contexto premium torneo actual,usa promedios del contexto premium/API-Football,el volumen ofensivo puede variar por planteamiento y marcador temprano,https://www.betano.pe/cuotas-de-partido/club-cienciano-universitario-de-deportes/89276798/
2026-08-02,18:30,Cienciano vs Universitario,,Betano,Visita tarjetas +2.5,CARDS_AWAY OVER.2.5,CARDS_AWAY:OVER_2_5,12.0%,0.120500,,,,,,,Sin cuota/EV,No encontrado en Betano,Baja,contexto premium torneo actual,usa promedios del contexto premium/API-Football,depende mucho del arbitro y del contexto competitivo,https://www.betano.pe/cuotas-de-partido/club-cienciano-universitario-de-deportes/89276798/
2026-08-02,18:30,Cienciano vs Universitario,,Betano,SHOTS_TOTAL UNDER.20.5,SHOTS_TOTAL UNDER.20.5,SHOTS_TOTAL:UNDER_20_5,10.8%,0.108200,,,,,,,Sin cuota/EV,No encontrado en Betano,Baja,contexto premium torneo actual,usa promedios del contexto premium/API-Football,el volumen ofensivo puede variar por planteamiento y marcador temprano,https://www.betano.pe/cuotas-de-partido/club-cienciano-universitario-de-deportes/89276798/
2026-08-02,18:30,Cienciano vs Universitario,,Betano,Local corners +6.5,CORNERS_HOME OVER.6.5,CORNERS_HOME:OVER_6_5,8.2%,0.081800,,,,,,,Sin cuota/EV,No encontrado en Betano,Baja,contexto premium torneo actual,usa promedios del contexto premium/API-Football,el volumen ofensivo puede variar por planteamiento y marcador temprano,https://www.betano.pe/cuotas-de-partido/club-cienciano-universitario-de-deportes/89276798/
2026-08-02,18:30,Cienciano vs Universitario,,Betano,Local tarjetas +2.5,CARDS_HOME OVER.2.5,CARDS_HOME:OVER_2_5,8.0%,0.080300,,,,,,,Sin cuota/EV,No encontrado en Betano,Baja,contexto premium torneo actual,usa promedios del contexto premium/API-Football,depende mucho del arbitro y del contexto competitivo,https://www.betano.pe/cuotas-de-partido/club-cienciano-universitario-de-deportes/89276798/
2026-08-02,18:30,Cienciano vs Universitario,,Betano,Tarjetas total +4.5,CARDS_TOTALS OVER.4.5,CARDS_TOTALS:OVER_4_5,7.2%,0.072500,,,,1.91,-0.86,-0.861500,Sin cuota/EV,EV negativo Betano,Baja,contexto premium torneo actual,usa promedios del contexto premium/API-Football,depende mucho del arbitro y del contexto competitivo,https://www.betano.pe/cuotas-de-partido/club-cienciano-universitario-de-deportes/89276798/
2026-08-02,18:30,Cienciano vs Universitario,,Betano,SHOTS_TOTAL UNDER.18.5,SHOTS_TOTAL UNDER.18.5,SHOTS_TOTAL:UNDER_18_5,4.8%,0.048000,,,,,,,Sin cuota/EV,No encontrado en Betano,Baja,contexto premium torneo actual,usa promedios del contexto premium/API-Football,el volumen ofensivo puede variar por planteamiento y marcador temprano,https://www.betano.pe/cuotas-de-partido/club-cienciano-universitario-de-deportes/89276798/
2026-08-02,18:30,Cienciano vs Universitario,,Betano,Visita tarjetas +3.5,CARDS_AWAY OVER.3.5,CARDS_AWAY:OVER_3_5,3.4%,0.033800,,,,,,,Sin cuota/EV,No encontrado en Betano,Baja,contexto premium torneo actual,usa promedios del contexto premium/API-Football,depende mucho del arbitro y del contexto competitivo,https://www.betano.pe/cuotas-de-partido/club-cienciano-universitario-de-deportes/89276798/
2026-08-02,18:30,Cienciano vs Universitario,,Betano,Tarjetas total +5.5,CARDS_TOTALS OVER.5.5,CARDS_TOTALS:OVER_5_5,2.5%,0.024900,,,,,,,Sin cuota/EV,No encontrado en Betano,Baja,contexto premium torneo actual,usa promedios del contexto premium/API-Football,depende mucho del arbitro y del contexto competitivo,https://www.betano.pe/cuotas-de-partido/club-cienciano-universitario-de-deportes/89276798/
2026-08-02,18:30,Cienciano vs Universitario,,Betano,Local tarjetas +3.5,CARDS_HOME OVER.3.5,CARDS_HOME:OVER_3_5,1.9%,0.019000,,,,,,,Sin cuota/EV,No encontrado en Betano,Baja,contexto premium torneo actual,usa promedios del contexto premium/API-Football,depende mucho del arbitro y del contexto competitivo,https://www.betano.pe/cuotas-de-partido/club-cienciano-universitario-de-deportes/89276798/
2026-08-02,18:30,Cienciano vs Universitario,,Betano,Tarjetas total +6.5,CARDS_TOTALS OVER.6.5,CARDS_TOTALS:OVER_6_5,0.8%,0.007500,,,,,,,Sin cuota/EV,No encontrado en Betano,Baja,contexto premium torneo actual,usa promedios del contexto premium/API-Football,depende mucho del arbitro y del contexto competitivo,https://www.betano.pe/cuotas-de-partido/club-cienciano-universitario-de-deportes/89276798/
2026-08-02,19:30,Lanus vs Instituto Cordoba,,,Local tarjetas +0.5,CARDS_HOME OVER.0.5,CARDS_HOME:OVER_0_5,95.0%,0.950200,,,,,,,Sin cuota/EV,No encontrado en Betano,Alta,contexto premium torneo actual,usa promedios del contexto premium/API-Football,depende mucho del arbitro y del contexto competitivo,
2026-08-02,19:30,Lanus vs Instituto Cordoba,,,Local corners -6.5,CORNERS_HOME UNDER.6.5,CORNERS_HOME:UNDER_6_5,94.2%,0.942100,,,,,,,Sin cuota/EV,No encontrado en Betano,Alta,contexto premium torneo actual,usa promedios del contexto premium/API-Football,el volumen ofensivo puede variar por planteamiento y marcador temprano,
2026-08-02,19:30,Lanus vs Instituto Cordoba,10Bet,,1T -1.5,FIRST_HALF_TOTALS UNDER.1.5,FIRST_HALF_TOTALS:UNDER_1_5,93.8%,0.938400,1.07,0.00,0.004100,,,,EV negativo,No encontrado en Betano,Alta,contexto premium torneo actual,usa promedios del contexto premium/API-Football,el primer tiempo puede tener ritmo bajo o rotaciones,
2026-08-02,19:30,Lanus vs Instituto Cordoba,,,Visita goles -2.5,TEAM_TOTAL_AWAY UNDER.2.5,TEAM_TOTAL_AWAY:UNDER_2_5,92.0%,0.919700,,,,,,,Sin cuota/EV,No encontrado en Betano,Alta,torneo actual,usa Poisson base con estadisticas de goles del torneo,un gol temprano o baja eficacia puede cambiar la lectura del mercado,
2026-08-02,19:30,Lanus vs Instituto Cordoba,,,SHOTS_TOTAL OVER.18.5,SHOTS_TOTAL OVER.18.5,SHOTS_TOTAL:OVER_18_5,91.1%,0.911100,,,,,,,Sin cuota/EV,No encontrado en Betano,Alta,contexto premium torneo actual,usa promedios del contexto premium/API-Football,el volumen ofensivo puede variar por planteamiento y marcador temprano,
2026-08-02,19:30,Lanus vs Instituto Cordoba,,,Local goles -2.5,TEAM_TOTAL_HOME UNDER.2.5,TEAM_TOTAL_HOME:UNDER_2_5,89.2%,0.892200,,,,,,,Sin cuota/EV,No encontrado en Betano,Alta,torneo actual,usa Poisson base con estadisticas de goles del torneo,un gol temprano o baja eficacia puede cambiar la lectura del mercado,
2026-08-02,19:30,Lanus vs Instituto Cordoba,,,Tarjetas total +2.5,CARDS_TOTALS OVER.2.5,CARDS_TOTALS:OVER_2_5,89.1%,0.891200,,,,,,,Sin cuota/EV,No encontrado en Betano,Alta,contexto premium torneo actual,usa promedios del contexto premium/API-Football,depende mucho del arbitro y del contexto competitivo,
2026-08-02,19:30,Lanus vs Instituto Cordoba,,,Visita tarjetas +0.5,CARDS_AWAY OVER.0.5,CARDS_AWAY:OVER_0_5,88.9%,0.889200,,,,,,,Sin cuota/EV,No encontrado en Betano,Alta,contexto premium torneo actual,usa promedios del contexto premium/API-Football,depende mucho del arbitro y del contexto competitivo,
2026-08-02,19:30,Lanus vs Instituto Cordoba,,,Local corners -5.5,CORNERS_HOME UNDER.5.5,CORNERS_HOME:UNDER_5_5,87.1%,0.870500,,,,,,,Sin cuota/EV,No encontrado en Betano,Alta,contexto premium torneo actual,usa promedios del contexto premium/API-Football,el volumen ofensivo puede variar por planteamiento y marcador temprano,
2026-08-02,19:30,Lanus vs Instituto Cordoba,,,Corners total -11.5,CORNERS_TOTALS UNDER.11.5,CORNERS_TOTALS:UNDER_11_5,85.7%,0.857100,,,,,,,Sin cuota/EV,No encontrado en Betano,Alta,contexto premium torneo actual,usa promedios del contexto premium/API-Football,el volumen ofensivo puede variar por planteamiento y marcador temprano,
2026-08-02,19:30,Lanus vs Instituto Cordoba,10Bet,,Goles -3.5,TOTALS UNDER.3.5,TOTALS:UNDER_3_5,83.1%,0.831000,1.12,-0.07,-0.069300,,,,EV negativo,No encontrado en Betano,Alta,torneo actual,usa Poisson base con estadisticas de goles del torneo,un gol temprano o baja eficacia puede cambiar la lectura del mercado,
2026-08-02,19:30,Lanus vs Instituto Cordoba,,,SHOTS_TOTAL OVER.20.5,SHOTS_TOTAL OVER.20.5,SHOTS_TOTAL:OVER_20_5,82.0%,0.819600,,,,,,,Sin cuota/EV,No encontrado en Betano,Alta,contexto premium torneo actual,usa promedios del contexto premium/API-Football,el volumen ofensivo puede variar por planteamiento y marcador temprano,
2026-08-02,19:30,Lanus vs Instituto Cordoba,,,Visita tarjetas -3.5,CARDS_AWAY UNDER.3.5,CARDS_AWAY:UNDER_3_5,81.9%,0.819400,,,,,,,Sin cuota/EV,No encontrado en Betano,Alta,contexto premium torneo actual,usa promedios del contexto premium/API-Football,depende mucho del arbitro y del contexto competitivo,
2026-08-02,19:30,Lanus vs Instituto Cordoba,,,Local tarjetas +1.5,CARDS_HOME OVER.1.5,CARDS_HOME:OVER_1_5,80.1%,0.800900,,,,,,,Sin cuota/EV,No encontrado en Betano,Alta,contexto premium torneo actual,usa promedios del contexto premium/API-Football,depende mucho del arbitro y del contexto competitivo,
2026-08-02,19:30,Lanus vs Instituto Cordoba,,,Corners total -10.5,CORNERS_TOTALS UNDER.10.5,CORNERS_TOTALS:UNDER_10_5,77.4%,0.774300,,,,,,,Sin cuota/EV,No encontrado en Betano,Alta,contexto premium torneo actual,usa promedios del contexto premium/API-Football,el volumen ofensivo puede variar por planteamiento y marcador temprano,
2026-08-02,19:30,Lanus vs Instituto Cordoba,,,Visita corners -6.5,CORNERS_AWAY UNDER.6.5,CORNERS_AWAY:UNDER_6_5,76.2%,0.762200,,,,,,,Sin cuota/EV,No encontrado en Betano,Alta,contexto premium torneo actual,usa promedios del contexto premium/API-Football,el volumen ofensivo puede variar por planteamiento y marcador temprano,
2026-08-02,19:30,Lanus vs Instituto Cordoba,,,Tarjetas total +3.5,CARDS_TOTALS OVER.3.5,CARDS_TOTALS:OVER_3_5,76.2%,0.761900,,,,,,,Sin cuota/EV,No encontrado en Betano,Alta,contexto premium torneo actual,usa promedios del contexto premium/API-Football,depende mucho del arbitro y del contexto competitivo,
2026-08-02,19:30,Lanus vs Instituto Cordoba,10Bet,,Local corners -4.5,CORNERS_HOME UNDER.4.5,CORNERS_HOME:UNDER_4_5,74.4%,0.744200,1.83,0.36,0.361900,,,,EV positivo,No encontrado en Betano,Alta,contexto premium torneo actual,usa promedios del contexto premium/API-Football,el volumen ofensivo puede variar por planteamiento y marcador temprano,
2026-08-02,19:30,Lanus vs Instituto Cordoba,,,Visita goles -1.5,TEAM_TOTAL_AWAY UNDER.1.5,TEAM_TOTAL_AWAY:UNDER_1_5,73.6%,0.735800,,,,,,,Sin cuota/EV,No encontrado en Betano,Alta,torneo actual,usa Poisson base con estadisticas de goles del torneo,un gol temprano o baja eficacia puede cambiar la lectura del mercado,
2026-08-02,19:30,Lanus vs Instituto Cordoba,10Bet,,Visita corners +3.5,CORNERS_AWAY OVER.3.5,CORNERS_AWAY:OVER_3_5,73.5%,0.735000,1.70,0.25,0.249500,,,,EV positivo,No encontrado en Betano,Alta,contexto premium torneo actual,usa promedios del contexto premium/API-Football,el volumen ofensivo puede variar por planteamiento y marcador temprano,
2026-08-02,19:30,Lanus vs Instituto Cordoba,,,Tarjetas total -6.5,CARDS_TOTALS UNDER.6.5,CARDS_TOTALS:UNDER_6_5,73.2%,0.732400,,,,,,,Sin cuota/EV,No encontrado en Betano,Alta,contexto premium torneo actual,usa promedios del contexto premium/API-Football,depende mucho del arbitro y del contexto competitivo,
2026-08-02,19:30,Lanus vs Instituto Cordoba,,,SHOTS_ON_TARGET_TOTAL OVER.6.5,SHOTS_ON_TARGET_TOTAL OVER.6.5,SHOTS_ON_TARGET_TOTAL:OVER_6_5,71.0%,0.710400,,,,,,,Sin cuota/EV,No encontrado en Betano,Alta,contexto premium torneo actual,usa promedios del contexto premium/API-Football,el volumen ofensivo puede variar por planteamiento y marcador temprano,
2026-08-02,19:30,Lanus vs Instituto Cordoba,,,DOUBLE_CHANCE 12,DOUBLE_CHANCE 12,DOUBLE_CHANCE:12,70.5%,0.704800,,,,,,,Sin cuota/EV,No encontrado en Betano,Alta,torneo actual,usa Poisson base con estadisticas de goles del torneo,riesgo propio del resultado final y variacion del modelo,
2026-08-02,19:30,Lanus vs Instituto Cordoba,,,SHOTS_ON_TARGET_TOTAL UNDER.9.5,SHOTS_ON_TARGET_TOTAL UNDER.9.5,SHOTS_ON_TARGET_TOTAL:UNDER_9_5,69.2%,0.691500,,,,,,,Sin cuota/EV,No encontrado en Betano,Media,contexto premium torneo actual,usa promedios del contexto premium/API-Football,el volumen ofensivo puede variar por planteamiento y marcador temprano,
2026-08-02,19:30,Lanus vs Instituto Cordoba,,,SHOTS_TOTAL OVER.22.5,SHOTS_TOTAL OVER.22.5,SHOTS_TOTAL:OVER_22_5,68.9%,0.689400,,,,,,,Sin cuota/EV,No encontrado en Betano,Media,contexto premium torneo actual,usa promedios del contexto premium/API-Football,el volumen ofensivo puede variar por planteamiento y marcador temprano,
2026-08-02,19:30,Lanus vs Instituto Cordoba,,,Local goles -1.5,TEAM_TOTAL_HOME UNDER.1.5,TEAM_TOTAL_HOME:UNDER_1_5,68.4%,0.684400,,,,,,,Sin cuota/EV,No encontrado en Betano,Media,torneo actual,usa Poisson base con estadisticas de goles del torneo,un gol temprano o baja eficacia puede cambiar la lectura del mercado,
2026-08-02,19:30,Lanus vs Instituto Cordoba,,,DOUBLE_CHANCE 1X,DOUBLE_CHANCE 1X,DOUBLE_CHANCE:1X,68.3%,0.683200,,,,,,,Sin cuota/EV,No encontrado en Betano,Media,torneo actual,usa Poisson base con estadisticas de goles del torneo,riesgo propio del resultado final y variacion del modelo,
2026-08-02,19:30,Lanus vs Instituto Cordoba,,,Local goles +0.5,TEAM_TOTAL_HOME OVER.0.5,TEAM_TOTAL_HOME:OVER_0_5,68.0%,0.680200,,,,,,,Sin cuota/EV,No encontrado en Betano,Media,torneo actual,usa Poisson base con estadisticas de goles del torneo,un gol temprano o baja eficacia puede cambiar la lectura del mercado,
2026-08-02,19:30,Lanus vs Instituto Cordoba,10Bet,,1T -0.5,FIRST_HALF_TOTALS UNDER.0.5,FIRST_HALF_TOTALS:UNDER_0_5,67.0%,0.670300,1.35,-0.10,-0.095100,,,,EV negativo,No encontrado en Betano,Media,contexto premium torneo actual,usa promedios del contexto premium/API-Football,el primer tiempo puede tener ritmo bajo o rotaciones,
2026-08-02,19:30,Lanus vs Instituto Cordoba,,,Corners total -9.5,CORNERS_TOTALS UNDER.9.5,CORNERS_TOTALS:UNDER_9_5,66.6%,0.665900,,,,,,,Sin cuota/EV,No encontrado en Betano,Media,contexto premium torneo actual,usa promedios del contexto premium/API-Football,el volumen ofensivo puede variar por planteamiento y marcador temprano,
2026-08-02,19:30,Lanus vs Instituto Cordoba,,,Local tarjetas -3.5,CARDS_HOME UNDER.3.5,CARDS_HOME:UNDER_3_5,64.7%,0.647200,,,,,,,Sin cuota/EV,No encontrado en Betano,Media,contexto premium torneo actual,usa promedios del contexto premium/API-Football,depende mucho del arbitro y del contexto competitivo,
2026-08-02,19:30,Lanus vs Instituto Cordoba,,,Visita tarjetas +1.5,CARDS_AWAY OVER.1.5,CARDS_AWAY:OVER_1_5,64.5%,0.645400,,,,,,,Sin cuota/EV,No encontrado en Betano,Media,contexto premium torneo actual,usa promedios del contexto premium/API-Football,depende mucho del arbitro y del contexto competitivo,
2026-08-02,19:30,Lanus vs Instituto Cordoba,10Bet,,Goles -2.5,TOTALS UNDER.2.5,TOTALS:UNDER_2_5,63.9%,0.638800,1.07,-0.32,-0.316400,,,,EV negativo,No encontrado en Betano,Media,torneo actual,usa Poisson base con estadisticas de goles del torneo,un gol temprano o baja eficacia puede cambiar la lectura del mercado,
2026-08-02,19:30,Lanus vs Instituto Cordoba,,,Visita goles +0.5,TEAM_TOTAL_AWAY OVER.0.5,TEAM_TOTAL_AWAY:OVER_0_5,63.2%,0.632100,,,,,,,Sin cuota/EV,No encontrado en Betano,Media,torneo actual,usa Poisson base con estadisticas de goles del torneo,un gol temprano o baja eficacia puede cambiar la lectura del mercado,
2026-08-02,19:30,Lanus vs Instituto Cordoba,10Bet,,Goles +1.5,TOTALS OVER.1.5,TOTALS:OVER_1_5,63.1%,0.630600,2.88,0.82,0.816000,,,,EV positivo,No encontrado en Betano,Media,torneo actual,usa Poisson base con estadisticas de goles del torneo,un gol temprano o baja eficacia puede cambiar la lectura del mercado,
2026-08-02,19:30,Lanus vs Instituto Cordoba,,,Visita tarjetas -2.5,CARDS_AWAY UNDER.2.5,CARDS_AWAY:UNDER_2_5,62.3%,0.622700,,,,,,,Sin cuota/EV,No encontrado en Betano,Media,contexto premium torneo actual,usa promedios del contexto premium/API-Football,depende mucho del arbitro y del contexto competitivo,
2026-08-02,19:30,Lanus vs Instituto Cordoba,,,SHOTS_TOTAL UNDER.26.5,SHOTS_TOTAL UNDER.26.5,SHOTS_TOTAL:UNDER_26_5,62.2%,0.621700,,,,,,,Sin cuota/EV,No encontrado en Betano,Media,contexto premium torneo actual,usa promedios del contexto premium/API-Football,el volumen ofensivo puede variar por planteamiento y marcador temprano,
2026-08-02,19:30,Lanus vs Instituto Cordoba,,,Visita corners -5.5,CORNERS_AWAY UNDER.5.5,CORNERS_AWAY:UNDER_5_5,61.6%,0.616000,,,,,,,Sin cuota/EV,No encontrado en Betano,Media,contexto premium torneo actual,usa promedios del contexto premium/API-Football,el volumen ofensivo puede variar por planteamiento y marcador temprano,
2026-08-02,19:30,Lanus vs Instituto Cordoba,,,DOUBLE_CHANCE X2,DOUBLE_CHANCE X2,DOUBLE_CHANCE:X2,61.2%,0.612000,,,,,,,Sin cuota/EV,No encontrado en Betano,Media,torneo actual,usa Poisson base con estadisticas de goles del torneo,riesgo propio del resultado final y variacion del modelo,
2026-08-02,19:30,Lanus vs Instituto Cordoba,,,Corners total +7.5,CORNERS_TOTALS OVER.7.5,CORNERS_TOTALS:OVER_7_5,60.1%,0.601300,,,,,,,Sin cuota/EV,No encontrado en Betano,Media,contexto premium torneo actual,usa promedios del contexto premium/API-Football,el volumen ofensivo puede variar por planteamiento y marcador temprano,
2026-08-02,19:30,Lanus vs Instituto Cordoba,,,Tarjetas total +4.5,CARDS_TOTALS OVER.4.5,CARDS_TOTALS:OVER_4_5,59.4%,0.593900,,,,,,,Sin cuota/EV,No encontrado en Betano,Media,contexto premium torneo actual,usa promedios del contexto premium/API-Football,depende mucho del arbitro y del contexto competitivo,
2026-08-02,19:30,Lanus vs Instituto Cordoba,,,Tarjetas total -5.5,CARDS_TOTALS UNDER.5.5,CARDS_TOTALS:UNDER_5_5,58.1%,0.580900,,,,,,,Sin cuota/EV,No encontrado en Betano,Media,contexto premium torneo actual,usa promedios del contexto premium/API-Football,depende mucho del arbitro y del contexto competitivo,
2026-08-02,19:30,Lanus vs Instituto Cordoba,,,Local tarjetas +2.5,CARDS_HOME OVER.2.5,CARDS_HOME:OVER_2_5,57.7%,0.576800,,,,,,,Sin cuota/EV,No encontrado en Betano,Media,contexto premium torneo actual,usa promedios del contexto premium/API-Football,depende mucho del arbitro y del contexto competitivo,
2026-08-02,19:30,Lanus vs Instituto Cordoba,,,SHOTS_ON_TARGET_TOTAL OVER.7.5,SHOTS_ON_TARGET_TOTAL OVER.7.5,SHOTS_ON_TARGET_TOTAL:OVER_7_5,57.5%,0.574600,,,,,,,Sin cuota/EV,No encontrado en Betano,Media,contexto premium torneo actual,usa promedios del contexto premium/API-Football,el volumen ofensivo puede variar por planteamiento y marcador temprano,
2026-08-02,19:30,Lanus vs Instituto Cordoba,10Bet,,BTTS no,BTTS NO,BTTS:NO,57.0%,0.570000,1.09,-0.38,-0.378600,,,,EV negativo,No encontrado en Betano,Media,torneo actual,usa Poisson base con estadisticas de goles del torneo,un gol temprano o baja eficacia puede cambiar la lectura del mercado,
2026-08-02,19:30,Lanus vs Instituto Cordoba,,,SHOTS_ON_TARGET_TOTAL UNDER.8.5,SHOTS_ON_TARGET_TOTAL UNDER.8.5,SHOTS_ON_TARGET_TOTAL:UNDER_8_5,56.5%,0.564700,,,,,,,Sin cuota/EV,No encontrado en Betano,Media,contexto premium torneo actual,usa promedios del contexto premium/API-Football,el volumen ofensivo puede variar por planteamiento y marcador temprano,
2026-08-02,19:30,Lanus vs Instituto Cordoba,,,Visita corners +4.5,CORNERS_AWAY OVER.4.5,CORNERS_AWAY:OVER_4_5,56.0%,0.559500,,,,,,,Sin cuota/EV,No encontrado en Betano,Media,contexto premium torneo actual,usa promedios del contexto premium/API-Football,el volumen ofensivo puede variar por planteamiento y marcador temprano,
2026-08-02,19:30,Lanus vs Instituto Cordoba,,,Local corners -3.5,CORNERS_HOME UNDER.3.5,CORNERS_HOME:UNDER_3_5,55.8%,0.558400,,,,,,,Sin cuota/EV,No encontrado en Betano,Media,contexto premium torneo actual,usa promedios del contexto premium/API-Football,el volumen ofensivo puede variar por planteamiento y marcador temprano,
2026-08-02,19:30,Lanus vs Instituto Cordoba,10Bet,,DNB local,DRAW_NO_BET HOME,DRAW_NO_BET:HOME,55.0%,0.550500,1.53,-0.16,-0.157700,,,,EV negativo,No encontrado en Betano,Media,torneo actual,usa Poisson base con estadisticas de goles del torneo,riesgo propio del resultado final y variacion del modelo,
2026-08-02,19:30,Lanus vs Instituto Cordoba,10Bet,,Corners total -8.5,CORNERS_TOTALS UNDER.8.5,CORNERS_TOTALS:UNDER_8_5,53.7%,0.536900,1.85,-0.01,-0.006700,,,,EV negativo,No encontrado en Betano,Baja,contexto premium torneo actual,usa promedios del contexto premium/API-Football,el volumen ofensivo puede variar por planteamiento y marcador temprano,
2026-08-02,19:30,Lanus vs Instituto Cordoba,,,SHOTS_TOTAL OVER.24.5,SHOTS_TOTAL OVER.24.5,SHOTS_TOTAL:OVER_24_5,53.4%,0.534500,,,,,,,Sin cuota/EV,No encontrado en Betano,Baja,contexto premium torneo actual,usa promedios del contexto premium/API-Football,el volumen ofensivo puede variar por planteamiento y marcador temprano,
2026-08-02,19:30,Lanus vs Instituto Cordoba,,,SHOTS_TOTAL UNDER.24.5,SHOTS_TOTAL UNDER.24.5,SHOTS_TOTAL:UNDER_24_5,46.6%,0.465500,,,,,,,Sin cuota/EV,No encontrado en Betano,Baja,contexto premium torneo actual,usa promedios del contexto premium/API-Football,el volumen ofensivo puede variar por planteamiento y marcador temprano,
2026-08-02,19:30,Lanus vs Instituto Cordoba,10Bet,,Corners total +8.5,CORNERS_TOTALS OVER.8.5,CORNERS_TOTALS:OVER_8_5,46.3%,0.463100,1.85,-0.14,-0.143300,,,,EV negativo,No encontrado en Betano,Baja,contexto premium torneo actual,usa promedios del contexto premium/API-Football,el volumen ofensivo puede variar por planteamiento y marcador temprano,
2026-08-02,19:30,Lanus vs Instituto Cordoba,10Bet,,DNB visita,DRAW_NO_BET AWAY,DRAW_NO_BET:AWAY,45.0%,0.449500,2.35,0.06,0.056200,,,,EV positivo,No encontrado en Betano,Baja,torneo actual,usa Poisson base con estadisticas de goles del torneo,riesgo propio del resultado final y variacion del modelo,
2026-08-02,19:30,Lanus vs Instituto Cordoba,,,Local corners +3.5,CORNERS_HOME OVER.3.5,CORNERS_HOME:OVER_3_5,44.2%,0.441600,,,,,,,Sin cuota/EV,No encontrado en Betano,Baja,contexto premium torneo actual,usa promedios del contexto premium/API-Football,el volumen ofensivo puede variar por planteamiento y marcador temprano,
2026-08-02,19:30,Lanus vs Instituto Cordoba,,,Visita corners -4.5,CORNERS_AWAY UNDER.4.5,CORNERS_AWAY:UNDER_4_5,44.0%,0.440500,,,,,,,Sin cuota/EV,No encontrado en Betano,Baja,contexto premium torneo actual,usa promedios del contexto premium/API-Football,el volumen ofensivo puede variar por planteamiento y marcador temprano,
2026-08-02,19:30,Lanus vs Instituto Cordoba,,,SHOTS_ON_TARGET_TOTAL OVER.8.5,SHOTS_ON_TARGET_TOTAL OVER.8.5,SHOTS_ON_TARGET_TOTAL:OVER_8_5,43.5%,0.435300,,,,,,,Sin cuota/EV,No encontrado en Betano,Baja,contexto premium torneo actual,usa promedios del contexto premium/API-Football,el volumen ofensivo puede variar por planteamiento y marcador temprano,
2026-08-02,19:30,Lanus vs Instituto Cordoba,10Bet,,BTTS sí,BTTS YES,BTTS:YES,43.0%,0.430000,6.00,1.58,1.579700,,,,EV positivo,No encontrado en Betano,Baja,torneo actual,usa Poisson base con estadisticas de goles del torneo,un gol temprano o baja eficacia puede cambiar la lectura del mercado,
2026-08-02,19:30,Lanus vs Instituto Cordoba,,,SHOTS_ON_TARGET_TOTAL UNDER.7.5,SHOTS_ON_TARGET_TOTAL UNDER.7.5,SHOTS_ON_TARGET_TOTAL:UNDER_7_5,42.5%,0.425400,,,,,,,Sin cuota/EV,No encontrado en Betano,Baja,contexto premium torneo actual,usa promedios del contexto premium/API-Football,el volumen ofensivo puede variar por planteamiento y marcador temprano,
2026-08-02,19:30,Lanus vs Instituto Cordoba,,,Local tarjetas -2.5,CARDS_HOME UNDER.2.5,CARDS_HOME:UNDER_2_5,42.3%,0.423200,,,,,,,Sin cuota/EV,No encontrado en Betano,Baja,contexto premium torneo actual,usa promedios del contexto premium/API-Football,depende mucho del arbitro y del contexto competitivo,
2026-08-02,19:30,Lanus vs Instituto Cordoba,,,Tarjetas total +5.5,CARDS_TOTALS OVER.5.5,CARDS_TOTALS:OVER_5_5,41.9%,0.419100,,,,,,,Sin cuota/EV,No encontrado en Betano,Baja,contexto premium torneo actual,usa promedios del contexto premium/API-Football,depende mucho del arbitro y del contexto competitivo,
2026-08-02,19:30,Lanus vs Instituto Cordoba,,,Tarjetas total -4.5,CARDS_TOTALS UNDER.4.5,CARDS_TOTALS:UNDER_4_5,40.6%,0.406100,,,,,,,Sin cuota/EV,No encontrado en Betano,Baja,contexto premium torneo actual,usa promedios del contexto premium/API-Football,depende mucho del arbitro y del contexto competitivo,
2026-08-02,19:30,Lanus vs Instituto Cordoba,,,Corners total -7.5,CORNERS_TOTALS UNDER.7.5,CORNERS_TOTALS:UNDER_7_5,39.9%,0.398700,,,,,,,Sin cuota/EV,No encontrado en Betano,Baja,contexto premium torneo actual,usa promedios del contexto premium/API-Football,el volumen ofensivo puede variar por planteamiento y marcador temprano,
2026-08-02,19:30,Lanus vs Instituto Cordoba,10Bet,,Gana local,1X2 HOME,1X2:HOME,38.8%,0.388000,3.80,0.47,0.474400,,,,EV positivo,No encontrado en Betano,Baja,torneo actual,usa Poisson base con estadisticas de goles del torneo,riesgo propio del resultado final y variacion del modelo,
2026-08-02,19:30,Lanus vs Instituto Cordoba,,,Visita corners +5.5,CORNERS_AWAY OVER.5.5,CORNERS_AWAY:OVER_5_5,38.4%,0.384000,,,,,,,Sin cuota/EV,No encontrado en Betano,Baja,contexto premium torneo actual,usa promedios del contexto premium/API-Football,el volumen ofensivo puede variar por planteamiento y marcador temprano,
2026-08-02,19:30,Lanus vs Instituto Cordoba,,,SHOTS_TOTAL OVER.26.5,SHOTS_TOTAL OVER.26.5,SHOTS_TOTAL:OVER_26_5,37.8%,0.378300,,,,,,,Sin cuota/EV,No encontrado en Betano,Baja,contexto premium torneo actual,usa promedios del contexto premium/API-Football,el volumen ofensivo puede variar por planteamiento y marcador temprano,
2026-08-02,19:30,Lanus vs Instituto Cordoba,,,Visita tarjetas +2.5,CARDS_AWAY OVER.2.5,CARDS_AWAY:OVER_2_5,37.7%,0.377300,,,,,,,Sin cuota/EV,No encontrado en Betano,Baja,contexto premium torneo actual,usa promedios del contexto premium/API-Football,depende mucho del arbitro y del contexto competitivo,
2026-08-02,19:30,Lanus vs Instituto Cordoba,10Bet,,Goles -1.5,TOTALS UNDER.1.5,TOTALS:UNDER_1_5,36.9%,0.369400,1.36,-0.50,-0.497600,,,,EV negativo,No encontrado en Betano,Baja,torneo actual,usa Poisson base con estadisticas de goles del torneo,un gol temprano o baja eficacia puede cambiar la lectura del mercado,
2026-08-02,19:30,Lanus vs Instituto Cordoba,,,Visita goles -0.5,TEAM_TOTAL_AWAY UNDER.0.5,TEAM_TOTAL_AWAY:UNDER_0_5,36.8%,0.367900,,,,,,,Sin cuota/EV,No encontrado en Betano,Baja,torneo actual,usa Poisson base con estadisticas de goles del torneo,un gol temprano o baja eficacia puede cambiar la lectura del mercado,
2026-08-02,19:30,Lanus vs Instituto Cordoba,10Bet,,Goles +2.5,TOTALS OVER.2.5,TOTALS:OVER_2_5,36.1%,0.361200,7.00,1.53,1.528100,,,,EV positivo,No encontrado en Betano,Baja,torneo actual,usa Poisson base con estadisticas de goles del torneo,un gol temprano o baja eficacia puede cambiar la lectura del mercado,
2026-08-02,19:30,Lanus vs Instituto Cordoba,,,Visita tarjetas -1.5,CARDS_AWAY UNDER.1.5,CARDS_AWAY:UNDER_1_5,35.5%,0.354600,,,,,,,Sin cuota/EV,No encontrado en Betano,Baja,contexto premium torneo actual,usa promedios del contexto premium/API-Football,depende mucho del arbitro y del contexto competitivo,
2026-08-02,19:30,Lanus vs Instituto Cordoba,,,Local tarjetas +3.5,CARDS_HOME OVER.3.5,CARDS_HOME:OVER_3_5,35.3%,0.352800,,,,,,,Sin cuota/EV,No encontrado en Betano,Baja,contexto premium torneo actual,usa promedios del contexto premium/API-Football,depende mucho del arbitro y del contexto competitivo,
2026-08-02,19:30,Lanus vs Instituto Cordoba,,,Corners total +9.5,CORNERS_TOTALS OVER.9.5,CORNERS_TOTALS:OVER_9_5,33.4%,0.334100,,,,,,,Sin cuota/EV,No encontrado en Betano,Baja,contexto premium torneo actual,usa promedios del contexto premium/API-Football,el volumen ofensivo puede variar por planteamiento y marcador temprano,
2026-08-02,19:30,Lanus vs Instituto Cordoba,10Bet,,1T +0.5,FIRST_HALF_TOTALS OVER.0.5,FIRST_HALF_TOTALS:OVER_0_5,33.0%,0.329700,3.00,-0.01,-0.011000,,,,EV negativo,No encontrado en Betano,Baja,contexto premium torneo actual,usa promedios del contexto premium/API-Football,el primer tiempo puede tener ritmo bajo o rotaciones,
2026-08-02,19:30,Lanus vs Instituto Cordoba,,,Local goles -0.5,TEAM_TOTAL_HOME UNDER.0.5,TEAM_TOTAL_HOME:UNDER_0_5,32.0%,0.319800,,,,,,,Sin cuota/EV,No encontrado en Betano,Baja,torneo actual,usa Poisson base con estadisticas de goles del torneo,un gol temprano o baja eficacia puede cambiar la lectura del mercado,
2026-08-02,19:30,Lanus vs Instituto Cordoba,10Bet,,Gana visita,1X2 AWAY,1X2:AWAY,31.7%,0.316800,6.00,0.90,0.900700,,,,EV positivo,No encontrado en Betano,Baja,torneo actual,usa Poisson base con estadisticas de goles del torneo,riesgo propio del resultado final y variacion del modelo,
2026-08-02,19:30,Lanus vs Instituto Cordoba,,,Local goles +1.5,TEAM_TOTAL_HOME OVER.1.5,TEAM_TOTAL_HOME:OVER_1_5,31.6%,0.315600,,,,,,,Sin cuota/EV,No encontrado en Betano,Baja,torneo actual,usa Poisson base con estadisticas de goles del torneo,un gol temprano o baja eficacia puede cambiar la lectura del mercado,
2026-08-02,19:30,Lanus vs Instituto Cordoba,,,SHOTS_TOTAL UNDER.22.5,SHOTS_TOTAL UNDER.22.5,SHOTS_TOTAL:UNDER_22_5,31.1%,0.310600,,,,,,,Sin cuota/EV,No encontrado en Betano,Baja,contexto premium torneo actual,usa promedios del contexto premium/API-Football,el volumen ofensivo puede variar por planteamiento y marcador temprano,
2026-08-02,19:30,Lanus vs Instituto Cordoba,,,SHOTS_ON_TARGET_TOTAL OVER.9.5,SHOTS_ON_TARGET_TOTAL OVER.9.5,SHOTS_ON_TARGET_TOTAL:OVER_9_5,30.9%,0.308500,,,,,,,Sin cuota/EV,No encontrado en Betano,Baja,contexto premium torneo actual,usa promedios del contexto premium/API-Football,el volumen ofensivo puede variar por planteamiento y marcador temprano,
2026-08-02,19:30,Lanus vs Instituto Cordoba,10Bet,,Empate,1X2 DRAW,1X2:DRAW,29.5%,0.295200,1.53,-0.55,-0.548300,,,,EV negativo,No encontrado en Betano,Baja,torneo actual,usa Poisson base con estadisticas de goles del torneo,riesgo propio del resultado final y variacion del modelo,
2026-08-02,19:30,Lanus vs Instituto Cordoba,,,SHOTS_ON_TARGET_TOTAL UNDER.6.5,SHOTS_ON_TARGET_TOTAL UNDER.6.5,SHOTS_ON_TARGET_TOTAL:UNDER_6_5,29.0%,0.289600,,,,,,,Sin cuota/EV,No encontrado en Betano,Baja,contexto premium torneo actual,usa promedios del contexto premium/API-Football,el volumen ofensivo puede variar por planteamiento y marcador temprano,
2026-08-02,19:30,Lanus vs Instituto Cordoba,,,Tarjetas total +6.5,CARDS_TOTALS OVER.6.5,CARDS_TOTALS:OVER_6_5,26.8%,0.267600,,,,,,,Sin cuota/EV,No encontrado en Betano,Baja,contexto premium torneo actual,usa promedios del contexto premium/API-Football,depende mucho del arbitro y del contexto competitivo,
2026-08-02,19:30,Lanus vs Instituto Cordoba,10Bet,,Visita corners -3.5,CORNERS_AWAY UNDER.3.5,CORNERS_AWAY:UNDER_3_5,26.5%,0.265000,1.90,-0.50,-0.496500,,,,EV negativo,No encontrado en Betano,Baja,contexto premium torneo actual,usa promedios del contexto premium/API-Football,el volumen ofensivo puede variar por planteamiento y marcador temprano,
2026-08-02,19:30,Lanus vs Instituto Cordoba,,,Visita goles +1.5,TEAM_TOTAL_AWAY OVER.1.5,TEAM_TOTAL_AWAY:OVER_1_5,26.4%,0.264200,,,,,,,Sin cuota/EV,No encontrado en Betano,Baja,torneo actual,usa Poisson base con estadisticas de goles del torneo,un gol temprano o baja eficacia puede cambiar la lectura del mercado,
2026-08-02,19:30,Lanus vs Instituto Cordoba,10Bet,,Local corners +4.5,CORNERS_HOME OVER.4.5,CORNERS_HOME:OVER_4_5,25.6%,0.255800,1.75,-0.55,-0.552300,,,,EV negativo,No encontrado en Betano,Baja,contexto premium torneo actual,usa promedios del contexto premium/API-Football,el volumen ofensivo puede variar por planteamiento y marcador temprano,
2026-08-02,19:30,Lanus vs Instituto Cordoba,,,Tarjetas total -3.5,CARDS_TOTALS UNDER.3.5,CARDS_TOTALS:UNDER_3_5,23.8%,0.238100,,,,,,,Sin cuota/EV,No encontrado en Betano,Baja,contexto premium torneo actual,usa promedios del contexto premium/API-Football,depende mucho del arbitro y del contexto competitivo,
2026-08-02,19:30,Lanus vs Instituto Cordoba,,,Visita corners +6.5,CORNERS_AWAY OVER.6.5,CORNERS_AWAY:OVER_6_5,23.8%,0.237800,,,,,,,Sin cuota/EV,No encontrado en Betano,Baja,contexto premium torneo actual,usa promedios del contexto premium/API-Football,el volumen ofensivo puede variar por planteamiento y marcador temprano,
2026-08-02,19:30,Lanus vs Instituto Cordoba,,,Corners total +10.5,CORNERS_TOTALS OVER.10.5,CORNERS_TOTALS:OVER_10_5,22.6%,0.225700,,,,,,,Sin cuota/EV,No encontrado en Betano,Baja,contexto premium torneo actual,usa promedios del contexto premium/API-Football,el volumen ofensivo puede variar por planteamiento y marcador temprano,
2026-08-02,19:30,Lanus vs Instituto Cordoba,,,Local tarjetas -1.5,CARDS_HOME UNDER.1.5,CARDS_HOME:UNDER_1_5,19.9%,0.199100,,,,,,,Sin cuota/EV,No encontrado en Betano,Baja,contexto premium torneo actual,usa promedios del contexto premium/API-Football,depende mucho del arbitro y del contexto competitivo,
2026-08-02,19:30,Lanus vs Instituto Cordoba,,,Visita tarjetas +3.5,CARDS_AWAY OVER.3.5,CARDS_AWAY:OVER_3_5,18.1%,0.180600,,,,,,,Sin cuota/EV,No encontrado en Betano,Baja,contexto premium torneo actual,usa promedios del contexto premium/API-Football,depende mucho del arbitro y del contexto competitivo,
2026-08-02,19:30,Lanus vs Instituto Cordoba,,,SHOTS_TOTAL UNDER.20.5,SHOTS_TOTAL UNDER.20.5,SHOTS_TOTAL:UNDER_20_5,18.0%,0.180400,,,,,,,Sin cuota/EV,No encontrado en Betano,Baja,contexto premium torneo actual,usa promedios del contexto premium/API-Football,el volumen ofensivo puede variar por planteamiento y marcador temprano,
2026-08-02,19:30,Lanus vs Instituto Cordoba,10Bet,,Goles +3.5,TOTALS OVER.3.5,TOTALS:OVER_3_5,16.9%,0.169000,6.00,0.01,0.013900,,,,EV negativo,No encontrado en Betano,Baja,torneo actual,usa Poisson base con estadisticas de goles del torneo,un gol temprano o baja eficacia puede cambiar la lectura del mercado,
2026-08-02,19:30,Lanus vs Instituto Cordoba,,,Corners total +11.5,CORNERS_TOTALS OVER.11.5,CORNERS_TOTALS:OVER_11_5,14.3%,0.142900,,,,,,,Sin cuota/EV,No encontrado en Betano,Baja,contexto premium torneo actual,usa promedios del contexto premium/API-Football,el volumen ofensivo puede variar por planteamiento y marcador temprano,
2026-08-02,19:30,Lanus vs Instituto Cordoba,,,Local corners +5.5,CORNERS_HOME OVER.5.5,CORNERS_HOME:OVER_5_5,13.0%,0.129500,,,,,,,Sin cuota/EV,No encontrado en Betano,Baja,contexto premium torneo actual,usa promedios del contexto premium/API-Football,el volumen ofensivo puede variar por planteamiento y marcador temprano,
2026-08-02,19:30,Lanus vs Instituto Cordoba,,,Visita tarjetas -0.5,CARDS_AWAY UNDER.0.5,CARDS_AWAY:UNDER_0_5,11.1%,0.110800,,,,,,,Sin cuota/EV,No encontrado en Betano,Baja,contexto premium torneo actual,usa promedios del contexto premium/API-Football,depende mucho del arbitro y del contexto competitivo,
2026-08-02,19:30,Lanus vs Instituto Cordoba,,,Tarjetas total -2.5,CARDS_TOTALS UNDER.2.5,CARDS_TOTALS:UNDER_2_5,10.9%,0.108800,,,,,,,Sin cuota/EV,No encontrado en Betano,Baja,contexto premium torneo actual,usa promedios del contexto premium/API-Football,depende mucho del arbitro y del contexto competitivo,
2026-08-02,19:30,Lanus vs Instituto Cordoba,,,Local goles +2.5,TEAM_TOTAL_HOME OVER.2.5,TEAM_TOTAL_HOME:OVER_2_5,10.8%,0.107800,,,,,,,Sin cuota/EV,No encontrado en Betano,Baja,torneo actual,usa Poisson base con estadisticas de goles del torneo,un gol temprano o baja eficacia puede cambiar la lectura del mercado,
2026-08-02,19:30,Lanus vs Instituto Cordoba,,,SHOTS_TOTAL UNDER.18.5,SHOTS_TOTAL UNDER.18.5,SHOTS_TOTAL:UNDER_18_5,8.9%,0.088900,,,,,,,Sin cuota/EV,No encontrado en Betano,Baja,contexto premium torneo actual,usa promedios del contexto premium/API-Football,el volumen ofensivo puede variar por planteamiento y marcador temprano,
2026-08-02,19:30,Lanus vs Instituto Cordoba,,,Visita goles +2.5,TEAM_TOTAL_AWAY OVER.2.5,TEAM_TOTAL_AWAY:OVER_2_5,8.0%,0.080300,,,,,,,Sin cuota/EV,No encontrado en Betano,Baja,torneo actual,usa Poisson base con estadisticas de goles del torneo,un gol temprano o baja eficacia puede cambiar la lectura del mercado,
2026-08-02,19:30,Lanus vs Instituto Cordoba,10Bet,,1T +1.5,FIRST_HALF_TOTALS OVER.1.5,FIRST_HALF_TOTALS:OVER_1_5,6.2%,0.061600,7.00,-0.57,-0.569100,,,,EV negativo,No encontrado en Betano,Baja,contexto premium torneo actual,usa promedios del contexto premium/API-Football,el primer tiempo puede tener ritmo bajo o rotaciones,
2026-08-02,19:30,Lanus vs Instituto Cordoba,,,Local corners +6.5,CORNERS_HOME OVER.6.5,CORNERS_HOME:OVER_6_5,5.8%,0.057900,,,,,,,Sin cuota/EV,No encontrado en Betano,Baja,contexto premium torneo actual,usa promedios del contexto premium/API-Football,el volumen ofensivo puede variar por planteamiento y marcador temprano,
2026-08-02,19:30,Lanus vs Instituto Cordoba,,,Local tarjetas -0.5,CARDS_HOME UNDER.0.5,CARDS_HOME:UNDER_0_5,5.0%,0.049800,,,,,,,Sin cuota/EV,No encontrado en Betano,Baja,contexto premium torneo actual,usa promedios del contexto premium/API-Football,depende mucho del arbitro y del contexto competitivo,
