fecha,hora,partido,bookmaker_api,bookmaker_betano,pick,market_original,key,probabilidad,prob_num,cuota_justa,cuota_api,ev_api,ev_api_num,dif_api_vs_justa,ratio_api_vs_justa,cuota_betano,ev_betano,ev_betano_num,dif_betano_vs_justa,ratio_betano_vs_justa,estado_api,estado_betano,perfil_pick,prioridad_mercado,score,score_num,alerta_valor,cobertura_betano,confianza,fuente,razon,riesgo,betano_url
2026-09-09,11:45,Barcelona vs Feyenoord,,,Tarjetas total -6.5,CARDS_TOTALS UNDER.6.5,CARDS_TOTALS:UNDER_6_5,99.7%,0.997400,1.00,,,,,,,,,,,Sin cuota/EV,No encontrado en Betano,Solo modelo,3,103.74,103.743000,,Betano mapeado,Alta,contexto premium fallback reciente,usa promedios recientes multi-competicion/API-Football,depende mucho del arbitro y del contexto competitivo,https://www.betano.pe/cuotas-de-partido/fc-barcelona-feyenoord-rotterdam/91589045/
2026-09-09,11:45,Barcelona vs Feyenoord,,,Visita tarjetas -3.5,CARDS_AWAY UNDER.3.5,CARDS_AWAY:UNDER_3_5,99.1%,0.990900,1.01,,,,,,,,,,,Sin cuota/EV,No encontrado en Betano,Solo modelo,2,98.09,98.092000,,Betano mapeado,Alta,contexto premium fallback reciente,usa promedios recientes multi-competicion/API-Football,depende mucho del arbitro y del contexto competitivo,https://www.betano.pe/cuotas-de-partido/fc-barcelona-feyenoord-rotterdam/91589045/
2026-09-09,11:45,Barcelona vs Feyenoord,,,Tarjetas total -5.5,CARDS_TOTALS UNDER.5.5,CARDS_TOTALS:UNDER_5_5,99.0%,0.989600,1.01,,,,,,,,,,,Sin cuota/EV,No encontrado en Betano,Solo modelo,3,102.96,102.962000,,Betano mapeado,Alta,contexto premium fallback reciente,usa promedios recientes multi-competicion/API-Football,depende mucho del arbitro y del contexto competitivo,https://www.betano.pe/cuotas-de-partido/fc-barcelona-feyenoord-rotterdam/91589045/
2026-09-09,11:45,Barcelona vs Feyenoord,,,SHOTS_TOTAL OVER.18.5,SHOTS_TOTAL OVER.18.5,SHOTS_TOTAL:OVER_18_5,98.6%,0.986200,1.01,,,,,,,,,,,Sin cuota/EV,No encontrado en Betano,Solo modelo,2,97.62,97.619000,,Betano mapeado,Alta,contexto premium fallback reciente,usa promedios recientes multi-competicion/API-Football,el volumen ofensivo puede variar por planteamiento y marcador temprano,https://www.betano.pe/cuotas-de-partido/fc-barcelona-feyenoord-rotterdam/91589045/
2026-09-09,11:45,Barcelona vs Feyenoord,,,Local tarjetas -3.5,CARDS_HOME UNDER.3.5,CARDS_HOME:UNDER_3_5,98.1%,0.981000,1.02,,,,,,,,,,,Sin cuota/EV,No encontrado en Betano,Solo modelo,2,97.10,97.101000,,Betano mapeado,Alta,contexto premium fallback reciente,usa promedios recientes multi-competicion/API-Football,depende mucho del arbitro y del contexto competitivo,https://www.betano.pe/cuotas-de-partido/fc-barcelona-feyenoord-rotterdam/91589045/
2026-09-09,11:45,Barcelona vs Feyenoord,,Betano,Tarjetas total -4.5,CARDS_TOTALS UNDER.4.5,CARDS_TOTALS:UNDER_4_5,96.4%,0.963600,1.04,,,,,,1.28,0.23,0.233400,0.24,1.23,Sin cuota/EV,EV positivo Betano,Solo modelo,3,112.09,112.093000,,Betano mapeado,Alta,contexto premium fallback reciente,usa promedios recientes multi-competicion/API-Football,depende mucho del arbitro y del contexto competitivo,https://www.betano.pe/cuotas-de-partido/fc-barcelona-feyenoord-rotterdam/91589045/
2026-09-09,11:45,Barcelona vs Feyenoord,,,SHOTS_TOTAL OVER.20.5,SHOTS_TOTAL OVER.20.5,SHOTS_TOTAL:OVER_20_5,96.3%,0.962700,1.04,,,,,,,,,,,Sin cuota/EV,No encontrado en Betano,Solo modelo,2,95.27,95.265000,,Betano mapeado,Alta,contexto premium fallback reciente,usa promedios recientes multi-competicion/API-Football,el volumen ofensivo puede variar por planteamiento y marcador temprano,https://www.betano.pe/cuotas-de-partido/fc-barcelona-feyenoord-rotterdam/91589045/
2026-09-09,11:45,Barcelona vs Feyenoord,,,Visita tarjetas -2.5,CARDS_AWAY UNDER.2.5,CARDS_AWAY:UNDER_2_5,95.3%,0.952600,1.05,,,,,,,,,,,Sin cuota/EV,No encontrado en Betano,Solo modelo,2,94.26,94.258000,,Betano mapeado,Alta,contexto premium fallback reciente,usa promedios recientes multi-competicion/API-Football,depende mucho del arbitro y del contexto competitivo,https://www.betano.pe/cuotas-de-partido/fc-barcelona-feyenoord-rotterdam/91589045/
2026-09-09,11:45,Barcelona vs Feyenoord,,,Local tarjetas -2.5,CARDS_HOME UNDER.2.5,CARDS_HOME:UNDER_2_5,92.0%,0.919700,1.09,,,,,,,,,,,Sin cuota/EV,No encontrado en Betano,Solo modelo,2,90.97,90.970000,,Betano mapeado,Alta,contexto premium fallback reciente,usa promedios recientes multi-competicion/API-Football,depende mucho del arbitro y del contexto competitivo,https://www.betano.pe/cuotas-de-partido/fc-barcelona-feyenoord-rotterdam/91589045/
2026-09-09,11:45,Barcelona vs Feyenoord,10Bet,,Goles +1.5,TOTALS OVER.1.5,TOTALS:OVER_1_5,91.9%,0.919200,1.09,1.28,0.18,0.176600,0.19,1.18,,,,,,EV positivo,No encontrado en Betano,Seguro,10,146.10,146.103000,,Betano mapeado,Alta,fallback ultimos partidos,usa Poisson fallback con ultimos partidos multi-competicion,un gol temprano o baja eficacia puede cambiar la lectura del mercado,https://www.betano.pe/cuotas-de-partido/fc-barcelona-feyenoord-rotterdam/91589045/
2026-09-09,11:45,Barcelona vs Feyenoord,,,SHOTS_TOTAL OVER.22.5,SHOTS_TOTAL OVER.22.5,SHOTS_TOTAL:OVER_22_5,91.5%,0.915400,1.09,,,,,,,,,,,Sin cuota/EV,No encontrado en Betano,Solo modelo,2,90.54,90.543000,,Betano mapeado,Alta,contexto premium fallback reciente,usa promedios recientes multi-competicion/API-Football,el volumen ofensivo puede variar por planteamiento y marcador temprano,https://www.betano.pe/cuotas-de-partido/fc-barcelona-feyenoord-rotterdam/91589045/
2026-09-09,11:45,Barcelona vs Feyenoord,,,SHOTS_ON_TARGET_TOTAL OVER.6.5,SHOTS_ON_TARGET_TOTAL OVER.6.5,SHOTS_ON_TARGET_TOTAL:OVER_6_5,91.4%,0.913900,1.09,,,,,,,,,,,Sin cuota/EV,No encontrado en Betano,Solo modelo,2,90.39,90.390000,,Betano mapeado,Alta,contexto premium fallback reciente,usa promedios recientes multi-competicion/API-Football,el volumen ofensivo puede variar por planteamiento y marcador temprano,https://www.betano.pe/cuotas-de-partido/fc-barcelona-feyenoord-rotterdam/91589045/
2026-09-09,11:45,Barcelona vs Feyenoord,,,Local goles +0.5,TEAM_TOTAL_HOME OVER.0.5,TEAM_TOTAL_HOME:OVER_0_5,89.6%,0.895800,1.12,,,,,,,,,,,Sin cuota/EV,No encontrado en Betano,Solo modelo,4,101.58,101.575000,,Betano mapeado,Alta,fallback ultimos partidos,usa Poisson fallback con ultimos partidos multi-competicion,un gol temprano o baja eficacia puede cambiar la lectura del mercado,https://www.betano.pe/cuotas-de-partido/fc-barcelona-feyenoord-rotterdam/91589045/
2026-09-09,11:45,Barcelona vs Feyenoord,,Betano,Tarjetas total -3.5,CARDS_TOTALS UNDER.3.5,CARDS_TOTALS:UNDER_3_5,89.1%,0.891300,1.12,,,,,,1.60,0.43,0.426100,0.48,1.43,Sin cuota/EV,EV positivo Betano,Solo modelo,3,107.95,107.947000,,Betano mapeado,Alta,contexto premium fallback reciente,usa promedios recientes multi-competicion/API-Football,depende mucho del arbitro y del contexto competitivo,https://www.betano.pe/cuotas-de-partido/fc-barcelona-feyenoord-rotterdam/91589045/
2026-09-09,11:45,Barcelona vs Feyenoord,,Betano,Visita goles +0.5,TEAM_TOTAL_AWAY OVER.0.5,TEAM_TOTAL_AWAY:OVER_0_5,85.0%,0.849800,1.18,,,,,,1.78,0.51,0.512600,0.60,1.51,Sin cuota/EV,EV positivo Betano,Solo modelo,4,113.18,113.179000,,Betano mapeado,Alta,fallback ultimos partidos,usa Poisson fallback con ultimos partidos multi-competicion,un gol temprano o baja eficacia puede cambiar la lectura del mercado,https://www.betano.pe/cuotas-de-partido/fc-barcelona-feyenoord-rotterdam/91589045/
2026-09-09,11:45,Barcelona vs Feyenoord,,,SHOTS_ON_TARGET_TOTAL OVER.7.5,SHOTS_ON_TARGET_TOTAL OVER.7.5,SHOTS_ON_TARGET_TOTAL:OVER_7_5,84.5%,0.845100,1.18,,,,,,,,,,,Sin cuota/EV,No encontrado en Betano,Solo modelo,2,83.51,83.514000,,Betano mapeado,Alta,contexto premium fallback reciente,usa promedios recientes multi-competicion/API-Football,el volumen ofensivo puede variar por planteamiento y marcador temprano,https://www.betano.pe/cuotas-de-partido/fc-barcelona-feyenoord-rotterdam/91589045/
2026-09-09,11:45,Barcelona vs Feyenoord,,,SHOTS_TOTAL OVER.24.5,SHOTS_TOTAL OVER.24.5,SHOTS_TOTAL:OVER_24_5,83.6%,0.836300,1.20,,,,,,,,,,,Sin cuota/EV,No encontrado en Betano,Solo modelo,2,82.63,82.627000,,Betano mapeado,Alta,contexto premium fallback reciente,usa promedios recientes multi-competicion/API-Football,el volumen ofensivo puede variar por planteamiento y marcador temprano,https://www.betano.pe/cuotas-de-partido/fc-barcelona-feyenoord-rotterdam/91589045/
2026-09-09,11:45,Barcelona vs Feyenoord,10Bet,Betano,1T +0.5,FIRST_HALF_TOTALS OVER.0.5,FIRST_HALF_TOTALS:OVER_0_5,82.6%,0.826200,1.21,3.40,1.81,1.809200,2.19,2.81,1.12,-0.07,-0.074700,-0.09,0.93,EV positivo,EV negativo Betano,Valor,5,124.43,124.428000,Cuota API muy superior a la cuota justa: revisar manualmente antes de apostar,Betano mapeado,Alta,contexto premium fallback reciente,usa promedios recientes multi-competicion/API-Football,el primer tiempo puede tener ritmo bajo o rotaciones,https://www.betano.pe/cuotas-de-partido/fc-barcelona-feyenoord-rotterdam/91589045/
2026-09-09,11:45,Barcelona vs Feyenoord,,,Visita tarjetas -1.5,CARDS_AWAY UNDER.1.5,CARDS_AWAY:UNDER_1_5,80.9%,0.808800,1.24,,,,,,,,,,,Sin cuota/EV,No encontrado en Betano,Solo modelo,2,79.88,79.879000,,Betano mapeado,Alta,contexto premium fallback reciente,usa promedios recientes multi-competicion/API-Football,depende mucho del arbitro y del contexto competitivo,https://www.betano.pe/cuotas-de-partido/fc-barcelona-feyenoord-rotterdam/91589045/
2026-09-09,11:45,Barcelona vs Feyenoord,,,DOUBLE_CHANCE 12,DOUBLE_CHANCE 12,DOUBLE_CHANCE:12,80.0%,0.800300,1.25,,,,,,,,,,,Sin cuota/EV,No encontrado en Betano,Solo modelo,9,121.03,121.028000,,Betano mapeado,Alta,fallback ultimos partidos,usa Poisson fallback con ultimos partidos multi-competicion,riesgo propio del resultado final y variacion del modelo,https://www.betano.pe/cuotas-de-partido/fc-barcelona-feyenoord-rotterdam/91589045/
2026-09-09,11:45,Barcelona vs Feyenoord,10Bet,,Goles +2.5,TOTALS OVER.2.5,TOTALS:OVER_2_5,78.5%,0.784700,1.27,1.91,0.50,0.498900,0.64,1.50,,,,,,EV positivo,No encontrado en Betano,Seguro,8,128.46,128.455000,,Betano mapeado,Alta,fallback ultimos partidos,usa Poisson fallback con ultimos partidos multi-competicion,un gol temprano o baja eficacia puede cambiar la lectura del mercado,https://www.betano.pe/cuotas-de-partido/fc-barcelona-feyenoord-rotterdam/91589045/
2026-09-09,11:45,Barcelona vs Feyenoord,,,Visita corners -6.5,CORNERS_AWAY UNDER.6.5,CORNERS_AWAY:UNDER_6_5,78.4%,0.783800,1.28,,,,,,,,,,,Sin cuota/EV,No encontrado en Betano,Solo modelo,4,90.38,90.377000,,Betano mapeado,Alta,contexto premium fallback reciente,usa promedios recientes multi-competicion/API-Football,el volumen ofensivo puede variar por planteamiento y marcador temprano,https://www.betano.pe/cuotas-de-partido/fc-barcelona-feyenoord-rotterdam/91589045/
2026-09-09,11:45,Barcelona vs Feyenoord,,,Corners total +7.5,CORNERS_TOTALS OVER.7.5,CORNERS_TOTALS:OVER_7_5,77.1%,0.770600,1.30,,,,,,,,,,,Sin cuota/EV,No encontrado en Betano,Solo modelo,6,103.06,103.064000,,Betano mapeado,Alta,contexto premium fallback reciente,usa promedios recientes multi-competicion/API-Football,el volumen ofensivo puede variar por planteamiento y marcador temprano,https://www.betano.pe/cuotas-de-partido/fc-barcelona-feyenoord-rotterdam/91589045/
2026-09-09,11:45,Barcelona vs Feyenoord,10Bet,Betano,BTTS sí,BTTS YES,BTTS:YES,76.2%,0.761800,1.31,4.00,2.05,2.047000,2.69,3.05,1.82,0.39,0.386500,0.51,1.39,EV positivo,EV positivo Betano,Seguro,8,143.36,143.359000,Cuota API muy superior a la cuota justa: revisar manualmente antes de apostar,Betano mapeado,Alta,fallback ultimos partidos,usa Poisson fallback con ultimos partidos multi-competicion,un gol temprano o baja eficacia puede cambiar la lectura del mercado,https://www.betano.pe/cuotas-de-partido/fc-barcelona-feyenoord-rotterdam/91589045/
2026-09-09,11:45,Barcelona vs Feyenoord,,,Local corners -6.5,CORNERS_HOME UNDER.6.5,CORNERS_HOME:UNDER_6_5,75.5%,0.754800,1.32,,,,,,,,,,,Sin cuota/EV,No encontrado en Betano,Solo modelo,4,87.48,87.484000,,Betano mapeado,Alta,contexto premium fallback reciente,usa promedios recientes multi-competicion/API-Football,el volumen ofensivo puede variar por planteamiento y marcador temprano,https://www.betano.pe/cuotas-de-partido/fc-barcelona-feyenoord-rotterdam/91589045/
2026-09-09,11:45,Barcelona vs Feyenoord,,,SHOTS_ON_TARGET_TOTAL OVER.8.5,SHOTS_ON_TARGET_TOTAL OVER.8.5,SHOTS_ON_TARGET_TOTAL:OVER_8_5,75.2%,0.752100,1.33,,,,,,,,,,,Sin cuota/EV,No encontrado en Betano,Solo modelo,2,74.21,74.210000,,Betano mapeado,Alta,contexto premium fallback reciente,usa promedios recientes multi-competicion/API-Football,el volumen ofensivo puede variar por planteamiento y marcador temprano,https://www.betano.pe/cuotas-de-partido/fc-barcelona-feyenoord-rotterdam/91589045/
2026-09-09,11:45,Barcelona vs Feyenoord,,,Local corners +3.5,CORNERS_HOME OVER.3.5,CORNERS_HOME:OVER_3_5,74.2%,0.741900,1.35,,,,,,,,,,,Sin cuota/EV,No encontrado en Betano,Solo modelo,4,86.19,86.192000,,Betano mapeado,Alta,contexto premium fallback reciente,usa promedios recientes multi-competicion/API-Football,el volumen ofensivo puede variar por planteamiento y marcador temprano,https://www.betano.pe/cuotas-de-partido/fc-barcelona-feyenoord-rotterdam/91589045/
2026-09-09,11:45,Barcelona vs Feyenoord,,,Local tarjetas -1.5,CARDS_HOME UNDER.1.5,CARDS_HOME:UNDER_1_5,73.6%,0.735800,1.36,,,,,,,,,,,Sin cuota/EV,No encontrado en Betano,Solo modelo,2,72.58,72.576000,,Betano mapeado,Alta,contexto premium fallback reciente,usa promedios recientes multi-competicion/API-Football,depende mucho del arbitro y del contexto competitivo,https://www.betano.pe/cuotas-de-partido/fc-barcelona-feyenoord-rotterdam/91589045/
2026-09-09,11:45,Barcelona vs Feyenoord,,Betano,Tarjetas total -2.5,CARDS_TOTALS UNDER.2.5,CARDS_TOTALS:UNDER_2_5,73.1%,0.730600,1.37,,,,,,2.35,0.72,0.716900,0.98,1.72,Sin cuota/EV,EV positivo Betano,Solo modelo,3,96.53,96.532000,,Betano mapeado,Alta,contexto premium fallback reciente,usa promedios recientes multi-competicion/API-Football,depende mucho del arbitro y del contexto competitivo,https://www.betano.pe/cuotas-de-partido/fc-barcelona-feyenoord-rotterdam/91589045/
2026-09-09,11:45,Barcelona vs Feyenoord,,,SHOTS_TOTAL OVER.26.5,SHOTS_TOTAL OVER.26.5,SHOTS_TOTAL:OVER_26_5,72.4%,0.723700,1.38,,,,,,,,,,,Sin cuota/EV,No encontrado en Betano,Solo modelo,2,71.37,71.373000,,Betano mapeado,Alta,contexto premium fallback reciente,usa promedios recientes multi-competicion/API-Football,el volumen ofensivo puede variar por planteamiento y marcador temprano,https://www.betano.pe/cuotas-de-partido/fc-barcelona-feyenoord-rotterdam/91589045/
2026-09-09,11:45,Barcelona vs Feyenoord,,,Visita corners +3.5,CORNERS_AWAY OVER.3.5,CORNERS_AWAY:OVER_3_5,71.3%,0.713300,1.40,,,,,,,,,,,Sin cuota/EV,No encontrado en Betano,Solo modelo,4,83.33,83.328000,,Betano mapeado,Alta,contexto premium fallback reciente,usa promedios recientes multi-competicion/API-Football,el volumen ofensivo puede variar por planteamiento y marcador temprano,https://www.betano.pe/cuotas-de-partido/fc-barcelona-feyenoord-rotterdam/91589045/
2026-09-09,11:45,Barcelona vs Feyenoord,,,Corners total -11.5,CORNERS_TOTALS UNDER.11.5,CORNERS_TOTALS:UNDER_11_5,70.8%,0.708100,1.41,,,,,,,,,,,Sin cuota/EV,No encontrado en Betano,Solo modelo,6,96.81,96.809000,,Betano mapeado,Alta,contexto premium fallback reciente,usa promedios recientes multi-competicion/API-Football,el volumen ofensivo puede variar por planteamiento y marcador temprano,https://www.betano.pe/cuotas-de-partido/fc-barcelona-feyenoord-rotterdam/91589045/
2026-09-09,11:45,Barcelona vs Feyenoord,,Betano,Visita goles -2.5,TEAM_TOTAL_AWAY UNDER.2.5,TEAM_TOTAL_AWAY:UNDER_2_5,70.4%,0.704100,1.42,,,,,,1.03,-0.27,-0.274800,-0.39,0.73,Sin cuota/EV,EV negativo Betano,Solo modelo,4,86.01,86.009000,,Betano mapeado,Alta,fallback ultimos partidos,usa Poisson fallback con ultimos partidos multi-competicion,un gol temprano o baja eficacia puede cambiar la lectura del mercado,https://www.betano.pe/cuotas-de-partido/fc-barcelona-feyenoord-rotterdam/91589045/
2026-09-09,11:45,Barcelona vs Feyenoord,,,DOUBLE_CHANCE 1X,DOUBLE_CHANCE 1X,DOUBLE_CHANCE:1X,66.9%,0.669000,1.50,,,,,,,,,,,Sin cuota/EV,No encontrado en Betano,Solo modelo,9,107.91,107.905000,,Betano mapeado,Media,fallback ultimos partidos,usa Poisson fallback con ultimos partidos multi-competicion,riesgo propio del resultado final y variacion del modelo,https://www.betano.pe/cuotas-de-partido/fc-barcelona-feyenoord-rotterdam/91589045/
2026-09-09,11:45,Barcelona vs Feyenoord,,,Local goles +1.5,TEAM_TOTAL_HOME OVER.1.5,TEAM_TOTAL_HOME:OVER_1_5,66.1%,0.661000,1.51,,,,,,,,,,,Sin cuota/EV,No encontrado en Betano,Solo modelo,4,78.10,78.101000,,Betano mapeado,Media,fallback ultimos partidos,usa Poisson fallback con ultimos partidos multi-competicion,un gol temprano o baja eficacia puede cambiar la lectura del mercado,https://www.betano.pe/cuotas-de-partido/fc-barcelona-feyenoord-rotterdam/91589045/
2026-09-09,11:45,Barcelona vs Feyenoord,,Betano,Corners total +8.5,CORNERS_TOTALS OVER.8.5,CORNERS_TOTALS:OVER_8_5,65.6%,0.655800,1.52,,,,,,1.55,0.02,0.016500,0.03,1.02,Sin cuota/EV,EV positivo Betano,Solo modelo,6,99.84,99.845000,,Betano mapeado,Media,contexto premium fallback reciente,usa promedios recientes multi-competicion/API-Football,el volumen ofensivo puede variar por planteamiento y marcador temprano,https://www.betano.pe/cuotas-de-partido/fc-barcelona-feyenoord-rotterdam/91589045/
2026-09-09,11:45,Barcelona vs Feyenoord,,,Visita corners -5.5,CORNERS_AWAY UNDER.5.5,CORNERS_AWAY:UNDER_5_5,64.2%,0.642300,1.56,,,,,,,,,,,Sin cuota/EV,No encontrado en Betano,Solo modelo,4,76.23,76.226000,,Betano mapeado,Media,contexto premium fallback reciente,usa promedios recientes multi-competicion/API-Football,el volumen ofensivo puede variar por planteamiento y marcador temprano,https://www.betano.pe/cuotas-de-partido/fc-barcelona-feyenoord-rotterdam/91589045/
2026-09-09,11:45,Barcelona vs Feyenoord,,,SHOTS_ON_TARGET_TOTAL OVER.9.5,SHOTS_ON_TARGET_TOTAL OVER.9.5,SHOTS_ON_TARGET_TOTAL:OVER_9_5,64.0%,0.640200,1.56,,,,,,,,,,,Sin cuota/EV,No encontrado en Betano,Solo modelo,2,63.02,63.020000,,Betano mapeado,Media,contexto premium fallback reciente,usa promedios recientes multi-competicion/API-Football,el volumen ofensivo puede variar por planteamiento y marcador temprano,https://www.betano.pe/cuotas-de-partido/fc-barcelona-feyenoord-rotterdam/91589045/
2026-09-09,11:45,Barcelona vs Feyenoord,,,Local tarjetas +0.5,CARDS_HOME OVER.0.5,CARDS_HOME:OVER_0_5,63.2%,0.632100,1.58,,,,,,,,,,,Sin cuota/EV,No encontrado en Betano,Solo modelo,2,62.21,62.212000,,Betano mapeado,Media,contexto premium fallback reciente,usa promedios recientes multi-competicion/API-Football,depende mucho del arbitro y del contexto competitivo,https://www.betano.pe/cuotas-de-partido/fc-barcelona-feyenoord-rotterdam/91589045/
2026-09-09,11:45,Barcelona vs Feyenoord,,,Local corners -5.5,CORNERS_HOME UNDER.5.5,CORNERS_HOME:UNDER_5_5,60.7%,0.607200,1.65,,,,,,,,,,,Sin cuota/EV,No encontrado en Betano,Solo modelo,4,72.72,72.719000,,Betano mapeado,Media,contexto premium fallback reciente,usa promedios recientes multi-competicion/API-Football,el volumen ofensivo puede variar por planteamiento y marcador temprano,https://www.betano.pe/cuotas-de-partido/fc-barcelona-feyenoord-rotterdam/91589045/
2026-09-09,11:45,Barcelona vs Feyenoord,,Betano,Local goles -2.5,TEAM_TOTAL_HOME UNDER.2.5,TEAM_TOTAL_HOME:UNDER_2_5,60.5%,0.605200,1.65,,,,,,3.15,0.91,0.906400,1.50,1.91,Sin cuota/EV,EV positivo Betano,Solo modelo,4,95.02,95.021000,,Betano mapeado,Media,fallback ultimos partidos,usa Poisson fallback con ultimos partidos multi-competicion,un gol temprano o baja eficacia puede cambiar la lectura del mercado,https://www.betano.pe/cuotas-de-partido/fc-barcelona-feyenoord-rotterdam/91589045/
2026-09-09,11:45,Barcelona vs Feyenoord,10Bet,Betano,Goles +3.5,TOTALS OVER.3.5,TOTALS:OVER_3_5,59.8%,0.597900,1.67,3.30,0.97,0.973100,1.63,1.97,1.47,-0.12,-0.121100,-0.20,0.88,EV positivo,EV negativo Betano,Valor,1,74.37,74.367000,Cuota API muy superior a la cuota justa: revisar manualmente antes de apostar,Betano mapeado,Media,fallback ultimos partidos,usa Poisson fallback con ultimos partidos multi-competicion,un gol temprano o baja eficacia puede cambiar la lectura del mercado,https://www.betano.pe/cuotas-de-partido/fc-barcelona-feyenoord-rotterdam/91589045/
2026-09-09,11:45,Barcelona vs Feyenoord,,Betano,Corners total -10.5,CORNERS_TOTALS UNDER.10.5,CORNERS_TOTALS:UNDER_10_5,59.6%,0.595500,1.68,,,,,,1.47,-0.12,-0.124600,-0.21,0.88,Sin cuota/EV,EV negativo Betano,Solo modelo,6,91.56,91.561000,,Betano mapeado,Media,contexto premium fallback reciente,usa promedios recientes multi-competicion/API-Football,el volumen ofensivo puede variar por planteamiento y marcador temprano,https://www.betano.pe/cuotas-de-partido/fc-barcelona-feyenoord-rotterdam/91589045/
2026-09-09,11:45,Barcelona vs Feyenoord,10Bet,Betano,DNB local,DRAW_NO_BET HOME,DRAW_NO_BET:HOME,58.7%,0.586500,1.71,1.04,-0.39,-0.390100,-0.67,0.61,1.03,-0.40,-0.395900,-0.68,0.60,EV negativo,EV negativo Betano,Revisar,9,90.29,90.290000,Cuota por debajo de la cuota justa: valor limitado,Betano mapeado,Media,fallback ultimos partidos,usa Poisson fallback con ultimos partidos multi-competicion,riesgo propio del resultado final y variacion del modelo,https://www.betano.pe/cuotas-de-partido/fc-barcelona-feyenoord-rotterdam/91589045/
2026-09-09,11:45,Barcelona vs Feyenoord,,,Local corners +4.5,CORNERS_HOME OVER.4.5,CORNERS_HOME:OVER_4_5,56.8%,0.568200,1.76,,,,,,,,,,,Sin cuota/EV,No encontrado en Betano,Solo modelo,4,68.82,68.824000,,Betano mapeado,Media,contexto premium fallback reciente,usa promedios recientes multi-competicion/API-Football,el volumen ofensivo puede variar por planteamiento y marcador temprano,https://www.betano.pe/cuotas-de-partido/fc-barcelona-feyenoord-rotterdam/91589045/
2026-09-09,11:45,Barcelona vs Feyenoord,,Betano,Visita goles +1.5,TEAM_TOTAL_AWAY OVER.1.5,TEAM_TOTAL_AWAY:OVER_1_5,56.6%,0.565800,1.77,,,,,,4.55,1.57,1.574400,2.78,2.57,Sin cuota/EV,EV positivo Betano,Solo modelo,4,98.58,98.576000,,Betano mapeado,Media,fallback ultimos partidos,usa Poisson fallback con ultimos partidos multi-competicion,un gol temprano o baja eficacia puede cambiar la lectura del mercado,https://www.betano.pe/cuotas-de-partido/fc-barcelona-feyenoord-rotterdam/91589045/
2026-09-09,11:45,Barcelona vs Feyenoord,,,Visita tarjetas +0.5,CARDS_AWAY OVER.0.5,CARDS_AWAY:OVER_0_5,55.1%,0.550700,1.82,,,,,,,,,,,Sin cuota/EV,No encontrado en Betano,Solo modelo,2,54.07,54.067000,,Betano mapeado,Media,contexto premium fallback reciente,usa promedios recientes multi-competicion/API-Football,depende mucho del arbitro y del contexto competitivo,https://www.betano.pe/cuotas-de-partido/fc-barcelona-feyenoord-rotterdam/91589045/
2026-09-09,11:45,Barcelona vs Feyenoord,,,Visita corners +4.5,CORNERS_AWAY OVER.4.5,CORNERS_AWAY:OVER_4_5,53.3%,0.532800,1.88,,,,,,,,,,,Sin cuota/EV,No encontrado en Betano,Solo modelo,4,65.28,65.280000,,Betano mapeado,Baja,contexto premium fallback reciente,usa promedios recientes multi-competicion/API-Football,el volumen ofensivo puede variar por planteamiento y marcador temprano,https://www.betano.pe/cuotas-de-partido/fc-barcelona-feyenoord-rotterdam/91589045/
2026-09-09,11:45,Barcelona vs Feyenoord,,,DOUBLE_CHANCE X2,DOUBLE_CHANCE X2,DOUBLE_CHANCE:X2,53.1%,0.530700,1.88,,,,,,,,,,,Sin cuota/EV,No encontrado en Betano,Solo modelo,9,94.07,94.067000,,Betano mapeado,Baja,fallback ultimos partidos,usa Poisson fallback con ultimos partidos multi-competicion,riesgo propio del resultado final y variacion del modelo,https://www.betano.pe/cuotas-de-partido/fc-barcelona-feyenoord-rotterdam/91589045/
2026-09-09,11:45,Barcelona vs Feyenoord,10Bet,Betano,Corners total +9.5,CORNERS_TOTALS OVER.9.5,CORNERS_TOTALS:OVER_9_5,52.9%,0.529500,1.89,1.85,-0.02,-0.020400,-0.04,0.98,1.93,0.02,0.021900,0.04,1.02,EV negativo,EV positivo Betano,Revisar,6,86.93,86.932000,,Betano mapeado,Baja,contexto premium fallback reciente,usa promedios recientes multi-competicion/API-Football,el volumen ofensivo puede variar por planteamiento y marcador temprano,https://www.betano.pe/cuotas-de-partido/fc-barcelona-feyenoord-rotterdam/91589045/
2026-09-09,11:45,Barcelona vs Feyenoord,10Bet,Betano,1T +1.5,FIRST_HALF_TOTALS OVER.1.5,FIRST_HALF_TOTALS:OVER_1_5,52.2%,0.522100,1.92,1.85,-0.03,-0.034100,-0.07,0.97,1.57,-0.18,-0.180300,-0.34,0.82,EV negativo,EV negativo Betano,Revisar,5,77.71,77.714000,,Betano mapeado,Baja,contexto premium fallback reciente,usa promedios recientes multi-competicion/API-Football,el primer tiempo puede tener ritmo bajo o rotaciones,https://www.betano.pe/cuotas-de-partido/fc-barcelona-feyenoord-rotterdam/91589045/
2026-09-09,11:45,Barcelona vs Feyenoord,10Bet,Betano,1T -1.5,FIRST_HALF_TOTALS UNDER.1.5,FIRST_HALF_TOTALS:UNDER_1_5,47.8%,0.477900,2.09,1.85,-0.12,-0.115900,-0.24,0.88,2.35,0.12,0.123100,0.26,1.12,EV negativo,EV positivo Betano,Revisar,5,76.67,76.671000,,Betano mapeado,Baja,contexto premium fallback reciente,usa promedios recientes multi-competicion/API-Football,el primer tiempo puede tener ritmo bajo o rotaciones,https://www.betano.pe/cuotas-de-partido/fc-barcelona-feyenoord-rotterdam/91589045/
2026-09-09,11:45,Barcelona vs Feyenoord,10Bet,Betano,Corners total -9.5,CORNERS_TOTALS UNDER.9.5,CORNERS_TOTALS:UNDER_9_5,47.0%,0.470500,2.12,1.85,-0.13,-0.129600,-0.28,0.87,1.82,-0.14,-0.143700,-0.30,0.86,EV negativo,EV negativo Betano,Revisar,6,76.42,76.419000,,Betano mapeado,Baja,contexto premium fallback reciente,usa promedios recientes multi-competicion/API-Football,el volumen ofensivo puede variar por planteamiento y marcador temprano,https://www.betano.pe/cuotas-de-partido/fc-barcelona-feyenoord-rotterdam/91589045/
2026-09-09,11:45,Barcelona vs Feyenoord,10Bet,Betano,Gana local,1X2 HOME,1X2:HOME,46.9%,0.469300,2.13,1.65,-0.23,-0.225600,-0.48,0.77,1.11,-0.48,-0.479100,-1.02,0.52,EV negativo,EV negativo Betano,Revisar,7,70.21,70.206000,Cuota por debajo de la cuota justa: valor limitado,Betano mapeado,Baja,fallback ultimos partidos,usa Poisson fallback con ultimos partidos multi-competicion,riesgo propio del resultado final y variacion del modelo,https://www.betano.pe/cuotas-de-partido/fc-barcelona-feyenoord-rotterdam/91589045/
2026-09-09,11:45,Barcelona vs Feyenoord,,,Visita corners -4.5,CORNERS_AWAY UNDER.4.5,CORNERS_AWAY:UNDER_4_5,46.7%,0.467200,2.14,,,,,,,,,,,Sin cuota/EV,No encontrado en Betano,Solo modelo,4,58.72,58.720000,,Betano mapeado,Baja,contexto premium fallback reciente,usa promedios recientes multi-competicion/API-Football,el volumen ofensivo puede variar por planteamiento y marcador temprano,https://www.betano.pe/cuotas-de-partido/fc-barcelona-feyenoord-rotterdam/91589045/
2026-09-09,11:45,Barcelona vs Feyenoord,,,Visita tarjetas -0.5,CARDS_AWAY UNDER.0.5,CARDS_AWAY:UNDER_0_5,44.9%,0.449300,2.23,,,,,,,,,,,Sin cuota/EV,No encontrado en Betano,Solo modelo,2,43.93,43.933000,,Betano mapeado,Baja,contexto premium fallback reciente,usa promedios recientes multi-competicion/API-Football,depende mucho del arbitro y del contexto competitivo,https://www.betano.pe/cuotas-de-partido/fc-barcelona-feyenoord-rotterdam/91589045/
2026-09-09,11:45,Barcelona vs Feyenoord,,Betano,Visita goles -1.5,TEAM_TOTAL_AWAY UNDER.1.5,TEAM_TOTAL_AWAY:UNDER_1_5,43.4%,0.434200,2.30,,,,,,1.18,-0.49,-0.487600,-1.12,0.51,Sin cuota/EV,EV negativo Betano,Solo modelo,4,55.62,55.622000,,Betano mapeado,Baja,fallback ultimos partidos,usa Poisson fallback con ultimos partidos multi-competicion,un gol temprano o baja eficacia puede cambiar la lectura del mercado,https://www.betano.pe/cuotas-de-partido/fc-barcelona-feyenoord-rotterdam/91589045/
2026-09-09,11:45,Barcelona vs Feyenoord,,,Local corners -4.5,CORNERS_HOME UNDER.4.5,CORNERS_HOME:UNDER_4_5,43.2%,0.431800,2.32,,,,,,,,,,,Sin cuota/EV,No encontrado en Betano,Solo modelo,4,55.18,55.176000,,Betano mapeado,Baja,contexto premium fallback reciente,usa promedios recientes multi-competicion/API-Football,el volumen ofensivo puede variar por planteamiento y marcador temprano,https://www.betano.pe/cuotas-de-partido/fc-barcelona-feyenoord-rotterdam/91589045/
2026-09-09,11:45,Barcelona vs Feyenoord,10Bet,Betano,DNB visita,DRAW_NO_BET AWAY,DRAW_NO_BET:AWAY,41.3%,0.413500,2.42,8.50,2.52,2.515200,6.08,3.52,10.25,3.24,3.238400,7.83,4.24,EV positivo,EV positivo Betano,Revisar,9,124.36,124.355000,Cuota API muy superior a la cuota justa: revisar manualmente antes de apostar,Betano mapeado,Baja,fallback ultimos partidos,usa Poisson fallback con ultimos partidos multi-competicion,riesgo propio del resultado final y variacion del modelo,https://www.betano.pe/cuotas-de-partido/fc-barcelona-feyenoord-rotterdam/91589045/
2026-09-09,11:45,Barcelona vs Feyenoord,,Betano,Corners total +10.5,CORNERS_TOTALS OVER.10.5,CORNERS_TOTALS:OVER_10_5,40.5%,0.404500,2.47,,,,,,2.55,0.03,0.031500,0.08,1.03,Sin cuota/EV,EV positivo Betano,Solo modelo,6,74.95,74.949000,,Betano mapeado,Baja,contexto premium fallback reciente,usa promedios recientes multi-competicion/API-Football,el volumen ofensivo puede variar por planteamiento y marcador temprano,https://www.betano.pe/cuotas-de-partido/fc-barcelona-feyenoord-rotterdam/91589045/
2026-09-09,11:45,Barcelona vs Feyenoord,10Bet,Betano,Goles -3.5,TOTALS UNDER.3.5,TOTALS:UNDER_3_5,40.2%,0.402100,2.49,1.28,-0.49,-0.485300,-1.21,0.51,2.70,0.09,0.085700,0.21,1.09,EV negativo,EV positivo Betano,Revisar,10,82.84,82.845000,Cuota por debajo de la cuota justa: valor limitado,Betano mapeado,Baja,fallback ultimos partidos,usa Poisson fallback con ultimos partidos multi-competicion,un gol temprano o baja eficacia puede cambiar la lectura del mercado,https://www.betano.pe/cuotas-de-partido/fc-barcelona-feyenoord-rotterdam/91589045/
2026-09-09,11:45,Barcelona vs Feyenoord,,Betano,Local goles +2.5,TEAM_TOTAL_HOME OVER.2.5,TEAM_TOTAL_HOME:OVER_2_5,39.5%,0.394800,2.53,,,,,,1.33,-0.47,-0.474900,-1.20,0.53,Sin cuota/EV,EV negativo Betano,Solo modelo,4,51.88,51.883000,,Betano mapeado,Baja,fallback ultimos partidos,usa Poisson fallback con ultimos partidos multi-competicion,un gol temprano o baja eficacia puede cambiar la lectura del mercado,https://www.betano.pe/cuotas-de-partido/fc-barcelona-feyenoord-rotterdam/91589045/
2026-09-09,11:45,Barcelona vs Feyenoord,,,Local corners +5.5,CORNERS_HOME OVER.5.5,CORNERS_HOME:OVER_5_5,39.3%,0.392800,2.55,,,,,,,,,,,Sin cuota/EV,No encontrado en Betano,Solo modelo,4,51.28,51.281000,,Betano mapeado,Baja,contexto premium fallback reciente,usa promedios recientes multi-competicion/API-Football,el volumen ofensivo puede variar por planteamiento y marcador temprano,https://www.betano.pe/cuotas-de-partido/fc-barcelona-feyenoord-rotterdam/91589045/
2026-09-09,11:45,Barcelona vs Feyenoord,,,Local tarjetas -0.5,CARDS_HOME UNDER.0.5,CARDS_HOME:UNDER_0_5,36.8%,0.367900,2.72,,,,,,,,,,,Sin cuota/EV,No encontrado en Betano,Solo modelo,2,35.79,35.788000,,Betano mapeado,Baja,contexto premium fallback reciente,usa promedios recientes multi-competicion/API-Football,depende mucho del arbitro y del contexto competitivo,https://www.betano.pe/cuotas-de-partido/fc-barcelona-feyenoord-rotterdam/91589045/
2026-09-09,11:45,Barcelona vs Feyenoord,,,SHOTS_ON_TARGET_TOTAL UNDER.9.5,SHOTS_ON_TARGET_TOTAL UNDER.9.5,SHOTS_ON_TARGET_TOTAL:UNDER_9_5,36.0%,0.359800,2.78,,,,,,,,,,,Sin cuota/EV,No encontrado en Betano,Solo modelo,2,34.98,34.980000,,Betano mapeado,Baja,contexto premium fallback reciente,usa promedios recientes multi-competicion/API-Football,el volumen ofensivo puede variar por planteamiento y marcador temprano,https://www.betano.pe/cuotas-de-partido/fc-barcelona-feyenoord-rotterdam/91589045/
2026-09-09,11:45,Barcelona vs Feyenoord,,,Visita corners +5.5,CORNERS_AWAY OVER.5.5,CORNERS_AWAY:OVER_5_5,35.8%,0.357700,2.79,,,,,,,,,,,Sin cuota/EV,No encontrado en Betano,Solo modelo,4,47.77,47.774000,,Betano mapeado,Baja,contexto premium fallback reciente,usa promedios recientes multi-competicion/API-Football,el volumen ofensivo puede variar por planteamiento y marcador temprano,https://www.betano.pe/cuotas-de-partido/fc-barcelona-feyenoord-rotterdam/91589045/
2026-09-09,11:45,Barcelona vs Feyenoord,,Betano,Corners total -8.5,CORNERS_TOTALS UNDER.8.5,CORNERS_TOTALS:UNDER_8_5,34.4%,0.344200,2.90,,,,,,2.35,-0.19,-0.191100,-0.56,0.81,Sin cuota/EV,EV negativo Betano,Solo modelo,6,65.36,65.361000,,Betano mapeado,Baja,contexto premium fallback reciente,usa promedios recientes multi-competicion/API-Football,el volumen ofensivo puede variar por planteamiento y marcador temprano,https://www.betano.pe/cuotas-de-partido/fc-barcelona-feyenoord-rotterdam/91589045/
2026-09-09,11:45,Barcelona vs Feyenoord,,,Local goles -1.5,TEAM_TOTAL_HOME UNDER.1.5,TEAM_TOTAL_HOME:UNDER_1_5,33.9%,0.339000,2.95,,,,,,,,,,,Sin cuota/EV,No encontrado en Betano,Solo modelo,4,45.90,45.899000,,Betano mapeado,Baja,fallback ultimos partidos,usa Poisson fallback con ultimos partidos multi-competicion,un gol temprano o baja eficacia puede cambiar la lectura del mercado,https://www.betano.pe/cuotas-de-partido/fc-barcelona-feyenoord-rotterdam/91589045/
2026-09-09,11:45,Barcelona vs Feyenoord,10Bet,Betano,Gana visita,1X2 AWAY,1X2:AWAY,33.1%,0.331000,3.02,12.00,2.97,2.971400,8.98,3.97,20.00,5.62,5.620000,16.98,6.62,EV positivo,EV positivo Betano,Revisar,7,106.09,106.095000,Cuota API muy superior a la cuota justa: revisar manualmente antes de apostar,Betano mapeado,Baja,fallback ultimos partidos,usa Poisson fallback con ultimos partidos multi-competicion,riesgo propio del resultado final y variacion del modelo,https://www.betano.pe/cuotas-de-partido/fc-barcelona-feyenoord-rotterdam/91589045/
2026-09-09,11:45,Barcelona vs Feyenoord,,Betano,Visita goles +2.5,TEAM_TOTAL_AWAY OVER.2.5,TEAM_TOTAL_AWAY:OVER_2_5,29.6%,0.295900,3.38,,,,,,10.00,1.96,1.959000,6.62,2.96,Sin cuota/EV,EV positivo Betano,Solo modelo,4,71.59,71.594000,,Betano mapeado,Baja,fallback ultimos partidos,usa Poisson fallback con ultimos partidos multi-competicion,un gol temprano o baja eficacia puede cambiar la lectura del mercado,https://www.betano.pe/cuotas-de-partido/fc-barcelona-feyenoord-rotterdam/91589045/
2026-09-09,11:45,Barcelona vs Feyenoord,,,Corners total +11.5,CORNERS_TOTALS OVER.11.5,CORNERS_TOTALS:OVER_11_5,29.2%,0.291900,3.43,,,,,,,,,,,Sin cuota/EV,No encontrado en Betano,Solo modelo,6,55.19,55.191000,,Betano mapeado,Baja,contexto premium fallback reciente,usa promedios recientes multi-competicion/API-Football,el volumen ofensivo puede variar por planteamiento y marcador temprano,https://www.betano.pe/cuotas-de-partido/fc-barcelona-feyenoord-rotterdam/91589045/
2026-09-09,11:45,Barcelona vs Feyenoord,,,Visita corners -3.5,CORNERS_AWAY UNDER.3.5,CORNERS_AWAY:UNDER_3_5,28.7%,0.286700,3.49,,,,,,,,,,,Sin cuota/EV,No encontrado en Betano,Solo modelo,4,40.67,40.672000,,Betano mapeado,Baja,contexto premium fallback reciente,usa promedios recientes multi-competicion/API-Football,el volumen ofensivo puede variar por planteamiento y marcador temprano,https://www.betano.pe/cuotas-de-partido/fc-barcelona-feyenoord-rotterdam/91589045/
2026-09-09,11:45,Barcelona vs Feyenoord,,,SHOTS_TOTAL UNDER.26.5,SHOTS_TOTAL UNDER.26.5,SHOTS_TOTAL:UNDER_26_5,27.6%,0.276300,3.62,,,,,,,,,,,Sin cuota/EV,No encontrado en Betano,Solo modelo,2,26.63,26.627000,,Betano mapeado,Baja,contexto premium fallback reciente,usa promedios recientes multi-competicion/API-Football,el volumen ofensivo puede variar por planteamiento y marcador temprano,https://www.betano.pe/cuotas-de-partido/fc-barcelona-feyenoord-rotterdam/91589045/
2026-09-09,11:45,Barcelona vs Feyenoord,,Betano,Tarjetas total +2.5,CARDS_TOTALS OVER.2.5,CARDS_TOTALS:OVER_2_5,26.9%,0.269400,3.71,,,,,,1.55,-0.58,-0.582400,-2.16,0.42,Sin cuota/EV,EV negativo Betano,Solo modelo,3,29.62,29.620000,,Betano mapeado,Baja,contexto premium fallback reciente,usa promedios recientes multi-competicion/API-Football,depende mucho del arbitro y del contexto competitivo,https://www.betano.pe/cuotas-de-partido/fc-barcelona-feyenoord-rotterdam/91589045/
2026-09-09,11:45,Barcelona vs Feyenoord,,,Local tarjetas +1.5,CARDS_HOME OVER.1.5,CARDS_HOME:OVER_1_5,26.4%,0.264200,3.78,,,,,,,,,,,Sin cuota/EV,No encontrado en Betano,Solo modelo,2,25.42,25.424000,,Betano mapeado,Baja,contexto premium fallback reciente,usa promedios recientes multi-competicion/API-Football,depende mucho del arbitro y del contexto competitivo,https://www.betano.pe/cuotas-de-partido/fc-barcelona-feyenoord-rotterdam/91589045/
2026-09-09,11:45,Barcelona vs Feyenoord,,,Local corners -3.5,CORNERS_HOME UNDER.3.5,CORNERS_HOME:UNDER_3_5,25.8%,0.258100,3.88,,,,,,,,,,,Sin cuota/EV,No encontrado en Betano,Solo modelo,4,37.81,37.808000,,Betano mapeado,Baja,contexto premium fallback reciente,usa promedios recientes multi-competicion/API-Football,el volumen ofensivo puede variar por planteamiento y marcador temprano,https://www.betano.pe/cuotas-de-partido/fc-barcelona-feyenoord-rotterdam/91589045/
2026-09-09,11:45,Barcelona vs Feyenoord,,,SHOTS_ON_TARGET_TOTAL UNDER.8.5,SHOTS_ON_TARGET_TOTAL UNDER.8.5,SHOTS_ON_TARGET_TOTAL:UNDER_8_5,24.8%,0.247900,4.03,,,,,,,,,,,Sin cuota/EV,No encontrado en Betano,Solo modelo,2,23.79,23.790000,,Betano mapeado,Baja,contexto premium fallback reciente,usa promedios recientes multi-competicion/API-Football,el volumen ofensivo puede variar por planteamiento y marcador temprano,https://www.betano.pe/cuotas-de-partido/fc-barcelona-feyenoord-rotterdam/91589045/
2026-09-09,11:45,Barcelona vs Feyenoord,,,Local corners +6.5,CORNERS_HOME OVER.6.5,CORNERS_HOME:OVER_6_5,24.5%,0.245200,4.08,,,,,,,,,,,Sin cuota/EV,No encontrado en Betano,Solo modelo,4,36.52,36.516000,,Betano mapeado,Baja,contexto premium fallback reciente,usa promedios recientes multi-competicion/API-Football,el volumen ofensivo puede variar por planteamiento y marcador temprano,https://www.betano.pe/cuotas-de-partido/fc-barcelona-feyenoord-rotterdam/91589045/
2026-09-09,11:45,Barcelona vs Feyenoord,10Bet,Betano,BTTS no,BTTS NO,BTTS:NO,23.8%,0.238200,4.20,1.20,-0.71,-0.714100,-3.00,0.29,1.93,-0.54,-0.540300,-2.27,0.46,EV negativo,EV negativo Betano,Revisar,8,43.18,43.180000,Cuota por debajo de la cuota justa: valor limitado,Betano mapeado,Baja,fallback ultimos partidos,usa Poisson fallback con ultimos partidos multi-competicion,un gol temprano o baja eficacia puede cambiar la lectura del mercado,https://www.betano.pe/cuotas-de-partido/fc-barcelona-feyenoord-rotterdam/91589045/
2026-09-09,11:45,Barcelona vs Feyenoord,,,Corners total -7.5,CORNERS_TOTALS UNDER.7.5,CORNERS_TOTALS:UNDER_7_5,22.9%,0.229400,4.36,,,,,,,,,,,Sin cuota/EV,No encontrado en Betano,Solo modelo,6,48.94,48.936000,,Betano mapeado,Baja,contexto premium fallback reciente,usa promedios recientes multi-competicion/API-Football,el volumen ofensivo puede variar por planteamiento y marcador temprano,https://www.betano.pe/cuotas-de-partido/fc-barcelona-feyenoord-rotterdam/91589045/
2026-09-09,11:45,Barcelona vs Feyenoord,,,Visita corners +6.5,CORNERS_AWAY OVER.6.5,CORNERS_AWAY:OVER_6_5,21.6%,0.216200,4.62,,,,,,,,,,,Sin cuota/EV,No encontrado en Betano,Solo modelo,4,33.62,33.623000,,Betano mapeado,Baja,contexto premium fallback reciente,usa promedios recientes multi-competicion/API-Football,el volumen ofensivo puede variar por planteamiento y marcador temprano,https://www.betano.pe/cuotas-de-partido/fc-barcelona-feyenoord-rotterdam/91589045/
2026-09-09,11:45,Barcelona vs Feyenoord,10Bet,,Goles -2.5,TOTALS UNDER.2.5,TOTALS:UNDER_2_5,21.5%,0.215300,4.65,1.80,-0.61,-0.612500,-2.85,0.39,,,,,,EV negativo,No encontrado en Betano,Revisar,8,42.50,42.499000,Cuota por debajo de la cuota justa: valor limitado,Betano mapeado,Baja,fallback ultimos partidos,usa Poisson fallback con ultimos partidos multi-competicion,un gol temprano o baja eficacia puede cambiar la lectura del mercado,https://www.betano.pe/cuotas-de-partido/fc-barcelona-feyenoord-rotterdam/91589045/
2026-09-09,11:45,Barcelona vs Feyenoord,10Bet,Betano,Empate,1X2 DRAW,1X2:DRAW,20.0%,0.199700,5.01,2.55,-0.49,-0.490700,-2.46,0.51,10.25,1.05,1.046900,5.24,2.05,EV negativo,EV positivo Betano,Revisar,7,62.89,62.889000,Cuota por debajo de la cuota justa: valor limitado,Betano mapeado,Baja,fallback ultimos partidos,usa Poisson fallback con ultimos partidos multi-competicion,riesgo propio del resultado final y variacion del modelo,https://www.betano.pe/cuotas-de-partido/fc-barcelona-feyenoord-rotterdam/91589045/
2026-09-09,11:45,Barcelona vs Feyenoord,,,Visita tarjetas +1.5,CARDS_AWAY OVER.1.5,CARDS_AWAY:OVER_1_5,19.1%,0.191200,5.23,,,,,,,,,,,Sin cuota/EV,No encontrado en Betano,Solo modelo,2,18.12,18.121000,,Betano mapeado,Baja,contexto premium fallback reciente,usa promedios recientes multi-competicion/API-Football,depende mucho del arbitro y del contexto competitivo,https://www.betano.pe/cuotas-de-partido/fc-barcelona-feyenoord-rotterdam/91589045/
2026-09-09,11:45,Barcelona vs Feyenoord,10Bet,Betano,1T -0.5,FIRST_HALF_TOTALS UNDER.0.5,FIRST_HALF_TOTALS:UNDER_0_5,17.4%,0.173800,5.75,1.28,-0.78,-0.777600,-4.47,0.22,5.90,0.03,0.025400,0.14,1.03,EV negativo,EV positivo Betano,Revisar,5,30.78,30.783000,Cuota por debajo de la cuota justa: valor limitado,Betano mapeado,Baja,contexto premium fallback reciente,usa promedios recientes multi-competicion/API-Football,el primer tiempo puede tener ritmo bajo o rotaciones,https://www.betano.pe/cuotas-de-partido/fc-barcelona-feyenoord-rotterdam/91589045/
2026-09-09,11:45,Barcelona vs Feyenoord,,,SHOTS_TOTAL UNDER.24.5,SHOTS_TOTAL UNDER.24.5,SHOTS_TOTAL:UNDER_24_5,16.4%,0.163700,6.11,,,,,,,,,,,Sin cuota/EV,No encontrado en Betano,Solo modelo,2,15.37,15.373000,,Betano mapeado,Baja,contexto premium fallback reciente,usa promedios recientes multi-competicion/API-Football,el volumen ofensivo puede variar por planteamiento y marcador temprano,https://www.betano.pe/cuotas-de-partido/fc-barcelona-feyenoord-rotterdam/91589045/
2026-09-09,11:45,Barcelona vs Feyenoord,,,SHOTS_ON_TARGET_TOTAL UNDER.7.5,SHOTS_ON_TARGET_TOTAL UNDER.7.5,SHOTS_ON_TARGET_TOTAL:UNDER_7_5,15.5%,0.154900,6.46,,,,,,,,,,,Sin cuota/EV,No encontrado en Betano,Solo modelo,2,14.49,14.486000,,Betano mapeado,Baja,contexto premium fallback reciente,usa promedios recientes multi-competicion/API-Football,el volumen ofensivo puede variar por planteamiento y marcador temprano,https://www.betano.pe/cuotas-de-partido/fc-barcelona-feyenoord-rotterdam/91589045/
2026-09-09,11:45,Barcelona vs Feyenoord,,Betano,Visita goles -0.5,TEAM_TOTAL_AWAY UNDER.0.5,TEAM_TOTAL_AWAY:UNDER_0_5,15.0%,0.150200,6.66,,,,,,1.98,-0.70,-0.702600,-4.68,0.30,Sin cuota/EV,EV negativo Betano,Solo modelo,4,25.02,25.023000,,Betano mapeado,Baja,fallback ultimos partidos,usa Poisson fallback con ultimos partidos multi-competicion,un gol temprano o baja eficacia puede cambiar la lectura del mercado,https://www.betano.pe/cuotas-de-partido/fc-barcelona-feyenoord-rotterdam/91589045/
2026-09-09,11:45,Barcelona vs Feyenoord,,Betano,Tarjetas total +3.5,CARDS_TOTALS OVER.3.5,CARDS_TOTALS:OVER_3_5,10.9%,0.108700,9.20,,,,,,2.25,-0.76,-0.755400,-6.95,0.24,Sin cuota/EV,EV negativo Betano,Solo modelo,3,12.87,12.871000,,Betano mapeado,Baja,contexto premium fallback reciente,usa promedios recientes multi-competicion/API-Football,depende mucho del arbitro y del contexto competitivo,https://www.betano.pe/cuotas-de-partido/fc-barcelona-feyenoord-rotterdam/91589045/
2026-09-09,11:45,Barcelona vs Feyenoord,,,Local goles -0.5,TEAM_TOTAL_HOME UNDER.0.5,TEAM_TOTAL_HOME:UNDER_0_5,10.4%,0.104200,9.59,,,,,,,,,,,Sin cuota/EV,No encontrado en Betano,Solo modelo,4,22.43,22.425000,,Betano mapeado,Baja,fallback ultimos partidos,usa Poisson fallback con ultimos partidos multi-competicion,un gol temprano o baja eficacia puede cambiar la lectura del mercado,https://www.betano.pe/cuotas-de-partido/fc-barcelona-feyenoord-rotterdam/91589045/
2026-09-09,11:45,Barcelona vs Feyenoord,,,SHOTS_ON_TARGET_TOTAL UNDER.6.5,SHOTS_ON_TARGET_TOTAL UNDER.6.5,SHOTS_ON_TARGET_TOTAL:UNDER_6_5,8.6%,0.086100,11.62,,,,,,,,,,,Sin cuota/EV,No encontrado en Betano,Solo modelo,2,7.61,7.610000,,Betano mapeado,Baja,contexto premium fallback reciente,usa promedios recientes multi-competicion/API-Football,el volumen ofensivo puede variar por planteamiento y marcador temprano,https://www.betano.pe/cuotas-de-partido/fc-barcelona-feyenoord-rotterdam/91589045/
2026-09-09,11:45,Barcelona vs Feyenoord,,,SHOTS_TOTAL UNDER.22.5,SHOTS_TOTAL UNDER.22.5,SHOTS_TOTAL:UNDER_22_5,8.5%,0.084600,11.82,,,,,,,,,,,Sin cuota/EV,No encontrado en Betano,Solo modelo,2,7.46,7.457000,,Betano mapeado,Baja,contexto premium fallback reciente,usa promedios recientes multi-competicion/API-Football,el volumen ofensivo puede variar por planteamiento y marcador temprano,https://www.betano.pe/cuotas-de-partido/fc-barcelona-feyenoord-rotterdam/91589045/
2026-09-09,11:45,Barcelona vs Feyenoord,10Bet,,Goles -1.5,TOTALS UNDER.1.5,TOTALS:UNDER_1_5,8.1%,0.080800,12.38,3.30,-0.73,-0.733500,-9.08,0.27,,,,,,EV negativo,No encontrado en Betano,Revisar,1,-6.92,-6.924000,Cuota por debajo de la cuota justa: valor limitado,Betano mapeado,Baja,fallback ultimos partidos,usa Poisson fallback con ultimos partidos multi-competicion,un gol temprano o baja eficacia puede cambiar la lectura del mercado,https://www.betano.pe/cuotas-de-partido/fc-barcelona-feyenoord-rotterdam/91589045/
2026-09-09,11:45,Barcelona vs Feyenoord,,,Local tarjetas +2.5,CARDS_HOME OVER.2.5,CARDS_HOME:OVER_2_5,8.0%,0.080300,12.45,,,,,,,,,,,Sin cuota/EV,No encontrado en Betano,Solo modelo,2,7.03,7.030000,,Betano mapeado,Baja,contexto premium fallback reciente,usa promedios recientes multi-competicion/API-Football,depende mucho del arbitro y del contexto competitivo,https://www.betano.pe/cuotas-de-partido/fc-barcelona-feyenoord-rotterdam/91589045/
2026-09-09,11:45,Barcelona vs Feyenoord,,,Visita tarjetas +2.5,CARDS_AWAY OVER.2.5,CARDS_AWAY:OVER_2_5,4.7%,0.047400,21.09,,,,,,,,,,,Sin cuota/EV,No encontrado en Betano,Solo modelo,2,3.74,3.742000,,Betano mapeado,Baja,contexto premium fallback reciente,usa promedios recientes multi-competicion/API-Football,depende mucho del arbitro y del contexto competitivo,https://www.betano.pe/cuotas-de-partido/fc-barcelona-feyenoord-rotterdam/91589045/
2026-09-09,11:45,Barcelona vs Feyenoord,,,SHOTS_TOTAL UNDER.20.5,SHOTS_TOTAL UNDER.20.5,SHOTS_TOTAL:UNDER_20_5,3.7%,0.037300,26.78,,,,,,,,,,,Sin cuota/EV,No encontrado en Betano,Solo modelo,2,2.73,2.735000,,Betano mapeado,Baja,contexto premium fallback reciente,usa promedios recientes multi-competicion/API-Football,el volumen ofensivo puede variar por planteamiento y marcador temprano,https://www.betano.pe/cuotas-de-partido/fc-barcelona-feyenoord-rotterdam/91589045/
2026-09-09,11:45,Barcelona vs Feyenoord,,Betano,Tarjetas total +4.5,CARDS_TOTALS OVER.4.5,CARDS_TOTALS:OVER_4_5,3.6%,0.036400,27.47,,,,,,3.50,-0.87,-0.872600,-23.97,0.13,Sin cuota/EV,EV negativo Betano,Solo modelo,3,5.64,5.641000,,Betano mapeado,Baja,contexto premium fallback reciente,usa promedios recientes multi-competicion/API-Football,depende mucho del arbitro y del contexto competitivo,https://www.betano.pe/cuotas-de-partido/fc-barcelona-feyenoord-rotterdam/91589045/
2026-09-09,11:45,Barcelona vs Feyenoord,,,Local tarjetas +3.5,CARDS_HOME OVER.3.5,CARDS_HOME:OVER_3_5,1.9%,0.019000,52.66,,,,,,,,,,,Sin cuota/EV,No encontrado en Betano,Solo modelo,2,0.90,0.899000,,Betano mapeado,Baja,contexto premium fallback reciente,usa promedios recientes multi-competicion/API-Football,depende mucho del arbitro y del contexto competitivo,https://www.betano.pe/cuotas-de-partido/fc-barcelona-feyenoord-rotterdam/91589045/
2026-09-09,11:45,Barcelona vs Feyenoord,,,SHOTS_TOTAL UNDER.18.5,SHOTS_TOTAL UNDER.18.5,SHOTS_TOTAL:UNDER_18_5,1.4%,0.013800,72.42,,,,,,,,,,,Sin cuota/EV,No encontrado en Betano,Solo modelo,2,0.38,0.381000,,Betano mapeado,Baja,contexto premium fallback reciente,usa promedios recientes multi-competicion/API-Football,el volumen ofensivo puede variar por planteamiento y marcador temprano,https://www.betano.pe/cuotas-de-partido/fc-barcelona-feyenoord-rotterdam/91589045/
2026-09-09,11:45,Barcelona vs Feyenoord,,,Tarjetas total +5.5,CARDS_TOTALS OVER.5.5,CARDS_TOTALS:OVER_5_5,1.0%,0.010400,96.36,,,,,,,,,,,Sin cuota/EV,No encontrado en Betano,Solo modelo,3,5.04,5.038000,,Betano mapeado,Baja,contexto premium fallback reciente,usa promedios recientes multi-competicion/API-Football,depende mucho del arbitro y del contexto competitivo,https://www.betano.pe/cuotas-de-partido/fc-barcelona-feyenoord-rotterdam/91589045/
2026-09-09,11:45,Barcelona vs Feyenoord,,,Visita tarjetas +3.5,CARDS_AWAY OVER.3.5,CARDS_AWAY:OVER_3_5,0.9%,0.009100,110.13,,,,,,,,,,,Sin cuota/EV,No encontrado en Betano,Solo modelo,2,-0.09,-0.092000,,Betano mapeado,Baja,contexto premium fallback reciente,usa promedios recientes multi-competicion/API-Football,depende mucho del arbitro y del contexto competitivo,https://www.betano.pe/cuotas-de-partido/fc-barcelona-feyenoord-rotterdam/91589045/
2026-09-09,11:45,Barcelona vs Feyenoord,,,Tarjetas total +6.5,CARDS_TOTALS OVER.6.5,CARDS_TOTALS:OVER_6_5,0.3%,0.002600,389.19,,,,,,,,,,,Sin cuota/EV,No encontrado en Betano,Solo modelo,3,4.26,4.257000,,Betano mapeado,Baja,contexto premium fallback reciente,usa promedios recientes multi-competicion/API-Football,depende mucho del arbitro y del contexto competitivo,https://www.betano.pe/cuotas-de-partido/fc-barcelona-feyenoord-rotterdam/91589045/
2026-09-09,11:45,VfB Stuttgart vs Viking,,,SHOTS_TOTAL OVER.18.5,SHOTS_TOTAL OVER.18.5,SHOTS_TOTAL:OVER_18_5,99.0%,0.990200,1.01,,,,,,,,,,,Sin cuota/EV,No encontrado en Betano,Solo modelo,2,100.02,100.019000,,Betano mapeado,Alta,contexto premium mixto,usa mezcla de promedios del torneo y recientes/API-Football,el volumen ofensivo puede variar por planteamiento y marcador temprano,https://www.betano.pe/cuotas-de-partido/vfb-stuttgart-viking-fk/91597614/
2026-09-09,11:45,VfB Stuttgart vs Viking,,,SHOTS_TOTAL OVER.20.5,SHOTS_TOTAL OVER.20.5,SHOTS_TOTAL:OVER_20_5,97.2%,0.972300,1.03,,,,,,,,,,,Sin cuota/EV,No encontrado en Betano,Solo modelo,2,98.23,98.227000,,Betano mapeado,Alta,contexto premium mixto,usa mezcla de promedios del torneo y recientes/API-Football,el volumen ofensivo puede variar por planteamiento y marcador temprano,https://www.betano.pe/cuotas-de-partido/vfb-stuttgart-viking-fk/91597614/
2026-09-09,11:45,VfB Stuttgart vs Viking,,,SHOTS_TOTAL OVER.22.5,SHOTS_TOTAL OVER.22.5,SHOTS_TOTAL:OVER_22_5,93.4%,0.934400,1.07,,,,,,,,,,,Sin cuota/EV,No encontrado en Betano,Solo modelo,2,94.44,94.445000,,Betano mapeado,Alta,contexto premium mixto,usa mezcla de promedios del torneo y recientes/API-Football,el volumen ofensivo puede variar por planteamiento y marcador temprano,https://www.betano.pe/cuotas-de-partido/vfb-stuttgart-viking-fk/91597614/
2026-09-09,11:45,VfB Stuttgart vs Viking,,,Visita tarjetas +0.5,CARDS_AWAY OVER.0.5,CARDS_AWAY:OVER_0_5,91.8%,0.917900,1.09,,,,,,,,,,,Sin cuota/EV,No encontrado en Betano,Solo modelo,2,92.79,92.792000,,Betano mapeado,Alta,contexto premium mixto,usa mezcla de promedios del torneo y recientes/API-Football,depende mucho del arbitro y del contexto competitivo,https://www.betano.pe/cuotas-de-partido/vfb-stuttgart-viking-fk/91597614/
2026-09-09,11:45,VfB Stuttgart vs Viking,10Bet,,Goles +1.5,TOTALS OVER.1.5,TOTALS:OVER_1_5,91.6%,0.916500,1.09,1.40,0.28,0.283100,0.31,1.28,,,,,,EV positivo,No encontrado en Betano,Seguro,10,147.74,147.744000,,Betano mapeado,Alta,fallback ultimos partidos,usa Poisson fallback con ultimos partidos multi-competicion,un gol temprano o baja eficacia puede cambiar la lectura del mercado,https://www.betano.pe/cuotas-de-partido/vfb-stuttgart-viking-fk/91597614/
2026-09-09,11:45,VfB Stuttgart vs Viking,,,SHOTS_ON_TARGET_TOTAL OVER.6.5,SHOTS_ON_TARGET_TOTAL OVER.6.5,SHOTS_ON_TARGET_TOTAL:OVER_6_5,91.6%,0.916100,1.09,,,,,,,,,,,Sin cuota/EV,No encontrado en Betano,Solo modelo,2,92.61,92.610000,,Betano mapeado,Alta,contexto premium mixto,usa mezcla de promedios del torneo y recientes/API-Football,el volumen ofensivo puede variar por planteamiento y marcador temprano,https://www.betano.pe/cuotas-de-partido/vfb-stuttgart-viking-fk/91597614/
2026-09-09,11:45,VfB Stuttgart vs Viking,,Betano,Local goles +0.5,TEAM_TOTAL_HOME OVER.0.5,TEAM_TOTAL_HOME:OVER_0_5,91.1%,0.911000,1.10,,,,,,1.53,0.39,0.393800,0.43,1.39,Sin cuota/EV,EV positivo Betano,Solo modelo,4,117.40,117.397000,,Betano mapeado,Alta,fallback ultimos partidos,usa Poisson fallback con ultimos partidos multi-competicion,un gol temprano o baja eficacia puede cambiar la lectura del mercado,https://www.betano.pe/cuotas-de-partido/vfb-stuttgart-viking-fk/91597614/
2026-09-09,11:45,VfB Stuttgart vs Viking,10Bet,Betano,1T +0.5,FIRST_HALF_TOTALS OVER.0.5,FIRST_HALF_TOTALS:OVER_0_5,90.5%,0.904600,1.10,2.75,1.49,1.487700,1.64,2.49,1.19,0.08,0.076500,0.09,1.08,EV positivo,EV positivo Betano,Valor,5,136.69,136.687000,Cuota API muy superior a la cuota justa: revisar manualmente antes de apostar,Betano mapeado,Alta,contexto premium mixto,usa mezcla de promedios del torneo y recientes/API-Football,el primer tiempo puede tener ritmo bajo o rotaciones,https://www.betano.pe/cuotas-de-partido/vfb-stuttgart-viking-fk/91597614/
2026-09-09,11:45,VfB Stuttgart vs Viking,,,Local tarjetas -3.5,CARDS_HOME UNDER.3.5,CARDS_HOME:UNDER_3_5,89.9%,0.899200,1.11,,,,,,,,,,,Sin cuota/EV,No encontrado en Betano,Solo modelo,2,90.92,90.919000,,Betano mapeado,Alta,contexto premium mixto,usa mezcla de promedios del torneo y recientes/API-Football,depende mucho del arbitro y del contexto competitivo,https://www.betano.pe/cuotas-de-partido/vfb-stuttgart-viking-fk/91597614/
2026-09-09,11:45,VfB Stuttgart vs Viking,,,Local corners +3.5,CORNERS_HOME OVER.3.5,CORNERS_HOME:OVER_3_5,88.8%,0.888200,1.13,,,,,,,,,,,Sin cuota/EV,No encontrado en Betano,Solo modelo,4,102.81,102.815000,,Betano mapeado,Alta,contexto premium mixto,usa mezcla de promedios del torneo y recientes/API-Football,el volumen ofensivo puede variar por planteamiento y marcador temprano,https://www.betano.pe/cuotas-de-partido/vfb-stuttgart-viking-fk/91597614/
2026-09-09,11:45,VfB Stuttgart vs Viking,,,Visita corners -6.5,CORNERS_AWAY UNDER.6.5,CORNERS_AWAY:UNDER_6_5,87.6%,0.875900,1.14,,,,,,,,,,,Sin cuota/EV,No encontrado en Betano,Solo modelo,4,101.59,101.590000,,Betano mapeado,Alta,contexto premium mixto,usa mezcla de promedios del torneo y recientes/API-Football,el volumen ofensivo puede variar por planteamiento y marcador temprano,https://www.betano.pe/cuotas-de-partido/vfb-stuttgart-viking-fk/91597614/
2026-09-09,11:45,VfB Stuttgart vs Viking,,,SHOTS_TOTAL OVER.24.5,SHOTS_TOTAL OVER.24.5,SHOTS_TOTAL:OVER_24_5,86.8%,0.867700,1.15,,,,,,,,,,,Sin cuota/EV,No encontrado en Betano,Solo modelo,2,87.77,87.774000,,Betano mapeado,Alta,contexto premium mixto,usa mezcla de promedios del torneo y recientes/API-Football,el volumen ofensivo puede variar por planteamiento y marcador temprano,https://www.betano.pe/cuotas-de-partido/vfb-stuttgart-viking-fk/91597614/
2026-09-09,11:45,VfB Stuttgart vs Viking,,,Tarjetas total -6.5,CARDS_TOTALS UNDER.6.5,CARDS_TOTALS:UNDER_6_5,86.2%,0.861700,1.16,,,,,,,,,,,Sin cuota/EV,No encontrado en Betano,Solo modelo,3,92.17,92.169000,,Betano mapeado,Alta,contexto premium mixto,usa mezcla de promedios del torneo y recientes/API-Football,depende mucho del arbitro y del contexto competitivo,https://www.betano.pe/cuotas-de-partido/vfb-stuttgart-viking-fk/91597614/
2026-09-09,11:45,VfB Stuttgart vs Viking,,,SHOTS_ON_TARGET_TOTAL OVER.7.5,SHOTS_ON_TARGET_TOTAL OVER.7.5,SHOTS_ON_TARGET_TOTAL:OVER_7_5,84.9%,0.848600,1.18,,,,,,,,,,,Sin cuota/EV,No encontrado en Betano,Solo modelo,2,85.86,85.855000,,Betano mapeado,Alta,contexto premium mixto,usa mezcla de promedios del torneo y recientes/API-Football,el volumen ofensivo puede variar por planteamiento y marcador temprano,https://www.betano.pe/cuotas-de-partido/vfb-stuttgart-viking-fk/91597614/
2026-09-09,11:45,VfB Stuttgart vs Viking,,,Corners total +7.5,CORNERS_TOTALS OVER.7.5,CORNERS_TOTALS:OVER_7_5,83.1%,0.830900,1.20,,,,,,,,,,,Sin cuota/EV,No encontrado en Betano,Solo modelo,6,111.09,111.090000,,Betano mapeado,Alta,contexto premium mixto,usa mezcla de promedios del torneo y recientes/API-Football,el volumen ofensivo puede variar por planteamiento y marcador temprano,https://www.betano.pe/cuotas-de-partido/vfb-stuttgart-viking-fk/91597614/
2026-09-09,11:45,VfB Stuttgart vs Viking,,,Local tarjetas +0.5,CARDS_HOME OVER.0.5,CARDS_HOME:OVER_0_5,82.6%,0.826200,1.21,,,,,,,,,,,Sin cuota/EV,No encontrado en Betano,Solo modelo,2,83.62,83.623000,,Betano mapeado,Alta,contexto premium mixto,usa mezcla de promedios del torneo y recientes/API-Football,depende mucho del arbitro y del contexto competitivo,https://www.betano.pe/cuotas-de-partido/vfb-stuttgart-viking-fk/91597614/
2026-09-09,11:45,VfB Stuttgart vs Viking,,Betano,Visita goles +0.5,TEAM_TOTAL_AWAY OVER.0.5,TEAM_TOTAL_AWAY:OVER_0_5,81.7%,0.816500,1.23,,,,,,1.53,0.25,0.249200,0.30,1.25,Sin cuota/EV,EV positivo Betano,Solo modelo,4,105.64,105.635000,,Betano mapeado,Alta,fallback ultimos partidos,usa Poisson fallback con ultimos partidos multi-competicion,un gol temprano o baja eficacia puede cambiar la lectura del mercado,https://www.betano.pe/cuotas-de-partido/vfb-stuttgart-viking-fk/91597614/
2026-09-09,11:45,VfB Stuttgart vs Viking,,,DOUBLE_CHANCE 12,DOUBLE_CHANCE 12,DOUBLE_CHANCE:12,80.8%,0.807500,1.24,,,,,,,,,,,Sin cuota/EV,No encontrado en Betano,Solo modelo,9,121.75,121.753000,,Betano mapeado,Alta,fallback ultimos partidos,usa Poisson fallback con ultimos partidos multi-competicion,riesgo propio del resultado final y variacion del modelo,https://www.betano.pe/cuotas-de-partido/vfb-stuttgart-viking-fk/91597614/
2026-09-09,11:45,VfB Stuttgart vs Viking,,Betano,Tarjetas total +2.5,CARDS_TOTALS OVER.2.5,CARDS_TOTALS:OVER_2_5,79.6%,0.796300,1.26,,,,,,1.27,0.01,0.011300,0.01,1.01,Sin cuota/EV,EV positivo Betano,Solo modelo,3,93.81,93.810000,,Betano mapeado,Alta,contexto premium mixto,usa mezcla de promedios del torneo y recientes/API-Football,depende mucho del arbitro y del contexto competitivo,https://www.betano.pe/cuotas-de-partido/vfb-stuttgart-viking-fk/91597614/
2026-09-09,11:45,VfB Stuttgart vs Viking,10Bet,Betano,Goles +2.5,TOTALS OVER.2.5,TOTALS:OVER_2_5,77.9%,0.779300,1.28,2.15,0.68,0.675500,0.87,1.68,1.28,-0.00,-0.002500,-0.00,1.00,EV positivo,EV negativo Betano,Seguro,8,139.05,139.052000,,Betano mapeado,Alta,fallback ultimos partidos,usa Poisson fallback con ultimos partidos multi-competicion,un gol temprano o baja eficacia puede cambiar la lectura del mercado,https://www.betano.pe/cuotas-de-partido/vfb-stuttgart-viking-fk/91597614/
2026-09-09,11:45,VfB Stuttgart vs Viking,,,Local corners +4.5,CORNERS_HOME OVER.4.5,CORNERS_HOME:OVER_4_5,77.6%,0.776300,1.29,,,,,,,,,,,Sin cuota/EV,No encontrado en Betano,Solo modelo,4,91.63,91.633000,,Betano mapeado,Alta,contexto premium mixto,usa mezcla de promedios del torneo y recientes/API-Football,el volumen ofensivo puede variar por planteamiento y marcador temprano,https://www.betano.pe/cuotas-de-partido/vfb-stuttgart-viking-fk/91597614/
2026-09-09,11:45,VfB Stuttgart vs Viking,,,SHOTS_TOTAL OVER.26.5,SHOTS_TOTAL OVER.26.5,SHOTS_TOTAL:OVER_26_5,76.8%,0.768000,1.30,,,,,,,,,,,Sin cuota/EV,No encontrado en Betano,Solo modelo,2,77.80,77.797000,,Betano mapeado,Alta,contexto premium mixto,usa mezcla de promedios del torneo y recientes/API-Football,el volumen ofensivo puede variar por planteamiento y marcador temprano,https://www.betano.pe/cuotas-de-partido/vfb-stuttgart-viking-fk/91597614/
2026-09-09,11:45,VfB Stuttgart vs Viking,,,Visita corners -5.5,CORNERS_AWAY UNDER.5.5,CORNERS_AWAY:UNDER_5_5,76.5%,0.765300,1.31,,,,,,,,,,,Sin cuota/EV,No encontrado en Betano,Solo modelo,4,90.53,90.530000,,Betano mapeado,Alta,contexto premium mixto,usa mezcla de promedios del torneo y recientes/API-Football,el volumen ofensivo puede variar por planteamiento y marcador temprano,https://www.betano.pe/cuotas-de-partido/vfb-stuttgart-viking-fk/91597614/
2026-09-09,11:45,VfB Stuttgart vs Viking,,,Visita tarjetas -3.5,CARDS_AWAY UNDER.3.5,CARDS_AWAY:UNDER_3_5,75.8%,0.757600,1.32,,,,,,,,,,,Sin cuota/EV,No encontrado en Betano,Solo modelo,2,76.76,76.758000,,Betano mapeado,Alta,contexto premium mixto,usa mezcla de promedios del torneo y recientes/API-Football,depende mucho del arbitro y del contexto competitivo,https://www.betano.pe/cuotas-de-partido/vfb-stuttgart-viking-fk/91597614/
2026-09-09,11:45,VfB Stuttgart vs Viking,,Betano,Visita goles -2.5,TEAM_TOTAL_AWAY UNDER.2.5,TEAM_TOTAL_AWAY:UNDER_2_5,75.8%,0.757500,1.32,,,,,,1.06,-0.20,-0.197100,-0.26,0.80,Sin cuota/EV,EV negativo Betano,Solo modelo,4,92.60,92.598000,,Betano mapeado,Alta,fallback ultimos partidos,usa Poisson fallback con ultimos partidos multi-competicion,un gol temprano o baja eficacia puede cambiar la lectura del mercado,https://www.betano.pe/cuotas-de-partido/vfb-stuttgart-viking-fk/91597614/
2026-09-09,11:45,VfB Stuttgart vs Viking,,,SHOTS_ON_TARGET_TOTAL OVER.8.5,SHOTS_ON_TARGET_TOTAL OVER.8.5,SHOTS_ON_TARGET_TOTAL:OVER_8_5,75.7%,0.756700,1.32,,,,,,,,,,,Sin cuota/EV,No encontrado en Betano,Solo modelo,2,76.67,76.673000,,Betano mapeado,Alta,contexto premium mixto,usa mezcla de promedios del torneo y recientes/API-Football,el volumen ofensivo puede variar por planteamiento y marcador temprano,https://www.betano.pe/cuotas-de-partido/vfb-stuttgart-viking-fk/91597614/
2026-09-09,11:45,VfB Stuttgart vs Viking,,,Tarjetas total -5.5,CARDS_TOTALS UNDER.5.5,CARDS_TOTALS:UNDER_5_5,74.5%,0.744900,1.34,,,,,,,,,,,Sin cuota/EV,No encontrado en Betano,Solo modelo,3,80.49,80.494000,,Betano mapeado,Alta,contexto premium mixto,usa mezcla de promedios del torneo y recientes/API-Football,depende mucho del arbitro y del contexto competitivo,https://www.betano.pe/cuotas-de-partido/vfb-stuttgart-viking-fk/91597614/
2026-09-09,11:45,VfB Stuttgart vs Viking,10Bet,Betano,BTTS sí,BTTS YES,BTTS:YES,74.5%,0.744500,1.34,3.40,1.53,1.531400,2.06,2.53,1.60,0.19,0.191200,0.26,1.19,EV positivo,EV positivo Betano,Seguro,8,138.51,138.512000,Cuota API muy superior a la cuota justa: revisar manualmente antes de apostar,Betano mapeado,Alta,fallback ultimos partidos,usa Poisson fallback con ultimos partidos multi-competicion,un gol temprano o baja eficacia puede cambiar la lectura del mercado,https://www.betano.pe/cuotas-de-partido/vfb-stuttgart-viking-fk/91597614/
2026-09-09,11:45,VfB Stuttgart vs Viking,,,Local tarjetas -2.5,CARDS_HOME UNDER.2.5,CARDS_HOME:UNDER_2_5,74.4%,0.744000,1.34,,,,,,,,,,,Sin cuota/EV,No encontrado en Betano,Solo modelo,2,75.40,75.397000,,Betano mapeado,Alta,contexto premium mixto,usa mezcla de promedios del torneo y recientes/API-Football,depende mucho del arbitro y del contexto competitivo,https://www.betano.pe/cuotas-de-partido/vfb-stuttgart-viking-fk/91597614/
2026-09-09,11:45,VfB Stuttgart vs Viking,,Betano,Corners total +8.5,CORNERS_TOTALS OVER.8.5,CORNERS_TOTALS:OVER_8_5,73.3%,0.733000,1.36,,,,,,1.44,0.06,0.055500,0.08,1.06,Sin cuota/EV,EV positivo Betano,Solo modelo,6,110.19,110.189000,,Betano mapeado,Alta,contexto premium mixto,usa mezcla de promedios del torneo y recientes/API-Football,el volumen ofensivo puede variar por planteamiento y marcador temprano,https://www.betano.pe/cuotas-de-partido/vfb-stuttgart-viking-fk/91597614/
2026-09-09,11:45,VfB Stuttgart vs Viking,,,DOUBLE_CHANCE 1X,DOUBLE_CHANCE 1X,DOUBLE_CHANCE:1X,73.2%,0.732400,1.36,,,,,,,,,,,Sin cuota/EV,No encontrado en Betano,Solo modelo,9,114.24,114.238000,,Betano mapeado,Alta,fallback ultimos partidos,usa Poisson fallback con ultimos partidos multi-competicion,riesgo propio del resultado final y variacion del modelo,https://www.betano.pe/cuotas-de-partido/vfb-stuttgart-viking-fk/91597614/
2026-09-09,11:45,VfB Stuttgart vs Viking,,,Visita tarjetas +1.5,CARDS_AWAY OVER.1.5,CARDS_AWAY:OVER_1_5,71.3%,0.712700,1.40,,,,,,,,,,,Sin cuota/EV,No encontrado en Betano,Solo modelo,2,72.27,72.270000,,Betano mapeado,Alta,contexto premium mixto,usa mezcla de promedios del torneo y recientes/API-Football,depende mucho del arbitro y del contexto competitivo,https://www.betano.pe/cuotas-de-partido/vfb-stuttgart-viking-fk/91597614/
2026-09-09,11:45,VfB Stuttgart vs Viking,,Betano,Local goles +1.5,TEAM_TOTAL_HOME OVER.1.5,TEAM_TOTAL_HOME:OVER_1_5,69.7%,0.697000,1.44,,,,,,3.40,1.37,1.369800,1.97,2.37,Sin cuota/EV,EV positivo Betano,Solo modelo,4,111.62,111.621000,,Betano mapeado,Media,fallback ultimos partidos,usa Poisson fallback con ultimos partidos multi-competicion,un gol temprano o baja eficacia puede cambiar la lectura del mercado,https://www.betano.pe/cuotas-de-partido/vfb-stuttgart-viking-fk/91597614/
2026-09-09,11:45,VfB Stuttgart vs Viking,10Bet,Betano,1T +1.5,FIRST_HALF_TOTALS OVER.1.5,FIRST_HALF_TOTALS:OVER_1_5,68.0%,0.680500,1.47,2.25,0.53,0.531200,0.78,1.53,1.85,0.26,0.258900,0.38,1.26,EV positivo,EV positivo Betano,Valor,5,114.75,114.754000,,Betano mapeado,Media,contexto premium mixto,usa mezcla de promedios del torneo y recientes/API-Football,el primer tiempo puede tener ritmo bajo o rotaciones,https://www.betano.pe/cuotas-de-partido/vfb-stuttgart-viking-fk/91597614/
2026-09-09,11:45,VfB Stuttgart vs Viking,10Bet,Betano,DNB local,DRAW_NO_BET HOME,DRAW_NO_BET:HOME,66.9%,0.668600,1.50,1.11,-0.26,-0.257900,-0.39,0.74,1.08,-0.28,-0.277900,-0.42,0.72,EV negativo,EV negativo Betano,Revisar,9,102.77,102.772000,Cuota por debajo de la cuota justa: valor limitado,Betano mapeado,Media,fallback ultimos partidos,usa Poisson fallback con ultimos partidos multi-competicion,riesgo propio del resultado final y variacion del modelo,https://www.betano.pe/cuotas-de-partido/vfb-stuttgart-viking-fk/91597614/
2026-09-09,11:45,VfB Stuttgart vs Viking,,,SHOTS_ON_TARGET_TOTAL OVER.9.5,SHOTS_ON_TARGET_TOTAL OVER.9.5,SHOTS_ON_TARGET_TOTAL:OVER_9_5,64.6%,0.645800,1.55,,,,,,,,,,,Sin cuota/EV,No encontrado en Betano,Solo modelo,2,65.58,65.577000,,Betano mapeado,Media,contexto premium mixto,usa mezcla de promedios del torneo y recientes/API-Football,el volumen ofensivo puede variar por planteamiento y marcador temprano,https://www.betano.pe/cuotas-de-partido/vfb-stuttgart-viking-fk/91597614/
2026-09-09,11:45,VfB Stuttgart vs Viking,,,Local corners +5.5,CORNERS_HOME OVER.5.5,CORNERS_HOME:OVER_5_5,63.1%,0.631000,1.58,,,,,,,,,,,Sin cuota/EV,No encontrado en Betano,Solo modelo,4,77.10,77.096000,,Betano mapeado,Media,contexto premium mixto,usa mezcla de promedios del torneo y recientes/API-Football,el volumen ofensivo puede variar por planteamiento y marcador temprano,https://www.betano.pe/cuotas-de-partido/vfb-stuttgart-viking-fk/91597614/
2026-09-09,11:45,VfB Stuttgart vs Viking,,,Corners total -11.5,CORNERS_TOTALS UNDER.11.5,CORNERS_TOTALS:UNDER_11_5,62.4%,0.623900,1.60,,,,,,,,,,,Sin cuota/EV,No encontrado en Betano,Solo modelo,6,90.39,90.394000,,Betano mapeado,Media,contexto premium mixto,usa mezcla de promedios del torneo y recientes/API-Football,el volumen ofensivo puede variar por planteamiento y marcador temprano,https://www.betano.pe/cuotas-de-partido/vfb-stuttgart-viking-fk/91597614/
2026-09-09,11:45,VfB Stuttgart vs Viking,,Betano,Corners total +9.5,CORNERS_TOTALS OVER.9.5,CORNERS_TOTALS:OVER_9_5,61.7%,0.617400,1.62,,,,,,1.75,0.08,0.080400,0.13,1.08,Sin cuota/EV,EV positivo Betano,Solo modelo,6,99.03,99.031000,,Betano mapeado,Media,contexto premium mixto,usa mezcla de promedios del torneo y recientes/API-Football,el volumen ofensivo puede variar por planteamiento y marcador temprano,https://www.betano.pe/cuotas-de-partido/vfb-stuttgart-viking-fk/91597614/
2026-09-09,11:45,VfB Stuttgart vs Viking,,Betano,Tarjetas total +3.5,CARDS_TOTALS OVER.3.5,CARDS_TOTALS:OVER_3_5,61.4%,0.613800,1.63,,,,,,1.62,-0.01,-0.005600,-0.01,0.99,Sin cuota/EV,EV negativo Betano,Solo modelo,3,75.29,75.289000,,Betano mapeado,Media,contexto premium mixto,usa mezcla de promedios del torneo y recientes/API-Football,depende mucho del arbitro y del contexto competitivo,https://www.betano.pe/cuotas-de-partido/vfb-stuttgart-viking-fk/91597614/
2026-09-09,11:45,VfB Stuttgart vs Viking,,,Visita corners -4.5,CORNERS_AWAY UNDER.4.5,CORNERS_AWAY:UNDER_4_5,60.4%,0.604400,1.65,,,,,,,,,,,Sin cuota/EV,No encontrado en Betano,Solo modelo,4,74.44,74.443000,,Betano mapeado,Media,contexto premium mixto,usa mezcla de promedios del torneo y recientes/API-Football,el volumen ofensivo puede variar por planteamiento y marcador temprano,https://www.betano.pe/cuotas-de-partido/vfb-stuttgart-viking-fk/91597614/
2026-09-09,11:45,VfB Stuttgart vs Viking,,,Visita corners +3.5,CORNERS_AWAY OVER.3.5,CORNERS_AWAY:OVER_3_5,59.1%,0.590600,1.69,,,,,,,,,,,Sin cuota/EV,No encontrado en Betano,Solo modelo,4,73.06,73.056000,,Betano mapeado,Media,contexto premium mixto,usa mezcla de promedios del torneo y recientes/API-Football,el volumen ofensivo puede variar por planteamiento y marcador temprano,https://www.betano.pe/cuotas-de-partido/vfb-stuttgart-viking-fk/91597614/
2026-09-09,11:45,VfB Stuttgart vs Viking,10Bet,Betano,Goles +3.5,TOTALS OVER.3.5,TOTALS:OVER_3_5,59.1%,0.590500,1.69,4.00,1.36,1.362000,2.31,2.36,1.70,0.00,0.003800,0.01,1.00,EV positivo,EV positivo Betano,Valor,1,82.11,82.111000,Cuota API muy superior a la cuota justa: revisar manualmente antes de apostar,Betano mapeado,Media,fallback ultimos partidos,usa Poisson fallback con ultimos partidos multi-competicion,un gol temprano o baja eficacia puede cambiar la lectura del mercado,https://www.betano.pe/cuotas-de-partido/vfb-stuttgart-viking-fk/91597614/
2026-09-09,11:45,VfB Stuttgart vs Viking,,Betano,Tarjetas total -4.5,CARDS_TOTALS UNDER.4.5,CARDS_TOTALS:UNDER_4_5,58.0%,0.580100,1.72,,,,,,1.62,-0.06,-0.060200,-0.10,0.94,Sin cuota/EV,EV negativo Betano,Solo modelo,3,71.05,71.049000,,Betano mapeado,Media,contexto premium mixto,usa mezcla de promedios del torneo y recientes/API-Football,depende mucho del arbitro y del contexto competitivo,https://www.betano.pe/cuotas-de-partido/vfb-stuttgart-viking-fk/91597614/
2026-09-09,11:45,VfB Stuttgart vs Viking,,Betano,Local goles -2.5,TEAM_TOTAL_HOME UNDER.2.5,TEAM_TOTAL_HOME:UNDER_2_5,56.3%,0.562900,1.78,,,,,,1.06,-0.40,-0.403300,-0.72,0.60,Sin cuota/EV,EV negativo Betano,Solo modelo,4,69.83,69.833000,,Betano mapeado,Media,fallback ultimos partidos,usa Poisson fallback con ultimos partidos multi-competicion,un gol temprano o baja eficacia puede cambiar la lectura del mercado,https://www.betano.pe/cuotas-de-partido/vfb-stuttgart-viking-fk/91597614/
2026-09-09,11:45,VfB Stuttgart vs Viking,,,Visita tarjetas -2.5,CARDS_AWAY UNDER.2.5,CARDS_AWAY:UNDER_2_5,54.4%,0.543800,1.84,,,,,,,,,,,Sin cuota/EV,No encontrado en Betano,Solo modelo,2,55.38,55.381000,,Betano mapeado,Baja,contexto premium mixto,usa mezcla de promedios del torneo y recientes/API-Football,depende mucho del arbitro y del contexto competitivo,https://www.betano.pe/cuotas-de-partido/vfb-stuttgart-viking-fk/91597614/
2026-09-09,11:45,VfB Stuttgart vs Viking,10Bet,Betano,Gana local,1X2 HOME,1X2:HOME,54.0%,0.539900,1.85,1.95,0.05,0.052800,0.10,1.05,1.24,-0.33,-0.330500,-0.61,0.67,EV positivo,EV negativo Betano,Revisar,7,88.65,88.654000,,Betano mapeado,Baja,fallback ultimos partidos,usa Poisson fallback con ultimos partidos multi-competicion,riesgo propio del resultado final y variacion del modelo,https://www.betano.pe/cuotas-de-partido/vfb-stuttgart-viking-fk/91597614/
2026-09-09,11:45,VfB Stuttgart vs Viking,10Bet,,Local corners -6.5,CORNERS_HOME UNDER.6.5,CORNERS_HOME:UNDER_6_5,52.6%,0.526500,1.90,2.00,0.05,0.053000,0.10,1.05,,,,,,EV positivo,No encontrado en Betano,Equilibrado,4,67.61,67.607000,,Betano mapeado,Baja,contexto premium mixto,usa mezcla de promedios del torneo y recientes/API-Football,el volumen ofensivo puede variar por planteamiento y marcador temprano,https://www.betano.pe/cuotas-de-partido/vfb-stuttgart-viking-fk/91597614/
2026-09-09,11:45,VfB Stuttgart vs Viking,,,Local tarjetas +1.5,CARDS_HOME OVER.1.5,CARDS_HOME:OVER_1_5,52.2%,0.522100,1.92,,,,,,,,,,,Sin cuota/EV,No encontrado en Betano,Solo modelo,2,53.21,53.212000,,Betano mapeado,Baja,contexto premium mixto,usa mezcla de promedios del torneo y recientes/API-Football,depende mucho del arbitro y del contexto competitivo,https://www.betano.pe/cuotas-de-partido/vfb-stuttgart-viking-fk/91597614/
2026-09-09,11:45,VfB Stuttgart vs Viking,,Betano,Visita goles +1.5,TEAM_TOTAL_AWAY OVER.1.5,TEAM_TOTAL_AWAY:OVER_1_5,50.6%,0.506200,1.98,,,,,,3.40,0.72,0.721100,1.43,1.72,Sin cuota/EV,EV positivo Betano,Solo modelo,4,82.16,82.159000,,Betano mapeado,Baja,fallback ultimos partidos,usa Poisson fallback con ultimos partidos multi-competicion,un gol temprano o baja eficacia puede cambiar la lectura del mercado,https://www.betano.pe/cuotas-de-partido/vfb-stuttgart-viking-fk/91597614/
2026-09-09,11:45,VfB Stuttgart vs Viking,10Bet,Betano,Corners total -10.5,CORNERS_TOTALS UNDER.10.5,CORNERS_TOTALS:UNDER_10_5,50.5%,0.505300,1.98,1.70,-0.14,-0.140900,-0.28,0.86,1.62,-0.18,-0.181400,-0.36,0.82,EV negativo,EV negativo Betano,Evitar,6,66.09,66.095000,,Betano mapeado,Baja,contexto premium mixto,usa mezcla de promedios del torneo y recientes/API-Football,el volumen ofensivo puede variar por planteamiento y marcador temprano,https://www.betano.pe/cuotas-de-partido/vfb-stuttgart-viking-fk/91597614/
2026-09-09,11:45,VfB Stuttgart vs Viking,10Bet,Betano,Corners total +10.5,CORNERS_TOTALS OVER.10.5,CORNERS_TOTALS:OVER_10_5,49.5%,0.494700,2.02,2.05,0.01,0.014100,0.03,1.01,2.22,0.10,0.098200,0.20,1.10,EV negativo,EV positivo Betano,Equilibrado,6,87.29,87.290000,,Betano mapeado,Baja,contexto premium mixto,usa mezcla de promedios del torneo y recientes/API-Football,el volumen ofensivo puede variar por planteamiento y marcador temprano,https://www.betano.pe/cuotas-de-partido/vfb-stuttgart-viking-fk/91597614/
2026-09-09,11:45,VfB Stuttgart vs Viking,,Betano,Visita goles -1.5,TEAM_TOTAL_AWAY UNDER.1.5,TEAM_TOTAL_AWAY:UNDER_1_5,49.4%,0.493800,2.02,,,,,,1.29,-0.36,-0.363000,-0.73,0.64,Sin cuota/EV,EV negativo Betano,Solo modelo,4,63.57,63.571000,,Betano mapeado,Baja,fallback ultimos partidos,usa Poisson fallback con ultimos partidos multi-competicion,un gol temprano o baja eficacia puede cambiar la lectura del mercado,https://www.betano.pe/cuotas-de-partido/vfb-stuttgart-viking-fk/91597614/
2026-09-09,11:45,VfB Stuttgart vs Viking,,,Local tarjetas -1.5,CARDS_HOME UNDER.1.5,CARDS_HOME:UNDER_1_5,47.8%,0.477900,2.09,,,,,,,,,,,Sin cuota/EV,No encontrado en Betano,Solo modelo,2,48.79,48.788000,,Betano mapeado,Baja,contexto premium mixto,usa mezcla de promedios del torneo y recientes/API-Football,depende mucho del arbitro y del contexto competitivo,https://www.betano.pe/cuotas-de-partido/vfb-stuttgart-viking-fk/91597614/
2026-09-09,11:45,VfB Stuttgart vs Viking,10Bet,,Local corners +6.5,CORNERS_HOME OVER.6.5,CORNERS_HOME:OVER_6_5,47.3%,0.473500,2.11,1.62,-0.23,-0.233000,-0.49,0.77,,,,,,EV negativo,No encontrado en Betano,Evitar,4,38.15,38.154000,Cuota por debajo de la cuota justa: valor limitado,Betano mapeado,Baja,contexto premium mixto,usa mezcla de promedios del torneo y recientes/API-Football,el volumen ofensivo puede variar por planteamiento y marcador temprano,https://www.betano.pe/cuotas-de-partido/vfb-stuttgart-viking-fk/91597614/
2026-09-09,11:45,VfB Stuttgart vs Viking,,,DOUBLE_CHANCE X2,DOUBLE_CHANCE X2,DOUBLE_CHANCE:X2,46.0%,0.460100,2.17,,,,,,,,,,,Sin cuota/EV,No encontrado en Betano,Solo modelo,9,87.01,87.009000,,Betano mapeado,Baja,fallback ultimos partidos,usa Poisson fallback con ultimos partidos multi-competicion,riesgo propio del resultado final y variacion del modelo,https://www.betano.pe/cuotas-de-partido/vfb-stuttgart-viking-fk/91597614/
2026-09-09,11:45,VfB Stuttgart vs Viking,,,Visita tarjetas +2.5,CARDS_AWAY OVER.2.5,CARDS_AWAY:OVER_2_5,45.6%,0.456200,2.19,,,,,,,,,,,Sin cuota/EV,No encontrado en Betano,Solo modelo,2,46.62,46.619000,,Betano mapeado,Baja,contexto premium mixto,usa mezcla de promedios del torneo y recientes/API-Football,depende mucho del arbitro y del contexto competitivo,https://www.betano.pe/cuotas-de-partido/vfb-stuttgart-viking-fk/91597614/
2026-09-09,11:45,VfB Stuttgart vs Viking,,Betano,Local goles +2.5,TEAM_TOTAL_HOME OVER.2.5,TEAM_TOTAL_HOME:OVER_2_5,43.7%,0.437100,2.29,,,,,,8.00,2.50,2.496800,5.71,3.50,Sin cuota/EV,EV positivo Betano,Solo modelo,4,85.71,85.714000,,Betano mapeado,Baja,fallback ultimos partidos,usa Poisson fallback con ultimos partidos multi-competicion,un gol temprano o baja eficacia puede cambiar la lectura del mercado,https://www.betano.pe/cuotas-de-partido/vfb-stuttgart-viking-fk/91597614/
2026-09-09,11:45,VfB Stuttgart vs Viking,,Betano,Tarjetas total +4.5,CARDS_TOTALS OVER.4.5,CARDS_TOTALS:OVER_4_5,42.0%,0.419900,2.38,,,,,,2.22,-0.07,-0.067800,-0.16,0.93,Sin cuota/EV,EV negativo Betano,Solo modelo,3,54.90,54.903000,,Betano mapeado,Baja,contexto premium mixto,usa mezcla de promedios del torneo y recientes/API-Football,depende mucho del arbitro y del contexto competitivo,https://www.betano.pe/cuotas-de-partido/vfb-stuttgart-viking-fk/91597614/
2026-09-09,11:45,VfB Stuttgart vs Viking,10Bet,Betano,Goles -3.5,TOTALS UNDER.3.5,TOTALS:UNDER_3_5,40.9%,0.409500,2.44,1.20,-0.51,-0.508600,-1.24,0.49,2.18,-0.11,-0.107300,-0.26,0.89,EV negativo,EV negativo Betano,Revisar,10,80.08,80.079000,Cuota por debajo de la cuota justa: valor limitado,Betano mapeado,Baja,fallback ultimos partidos,usa Poisson fallback con ultimos partidos multi-competicion,un gol temprano o baja eficacia puede cambiar la lectura del mercado,https://www.betano.pe/cuotas-de-partido/vfb-stuttgart-viking-fk/91597614/
2026-09-09,11:45,VfB Stuttgart vs Viking,,,Visita corners -3.5,CORNERS_AWAY UNDER.3.5,CORNERS_AWAY:UNDER_3_5,40.9%,0.409400,2.44,,,,,,,,,,,Sin cuota/EV,No encontrado en Betano,Solo modelo,4,54.94,54.944000,,Betano mapeado,Baja,contexto premium mixto,usa mezcla de promedios del torneo y recientes/API-Football,el volumen ofensivo puede variar por planteamiento y marcador temprano,https://www.betano.pe/cuotas-de-partido/vfb-stuttgart-viking-fk/91597614/
2026-09-09,11:45,VfB Stuttgart vs Viking,,,Visita corners +4.5,CORNERS_AWAY OVER.4.5,CORNERS_AWAY:OVER_4_5,39.6%,0.395600,2.53,,,,,,,,,,,Sin cuota/EV,No encontrado en Betano,Solo modelo,4,53.56,53.557000,,Betano mapeado,Baja,contexto premium mixto,usa mezcla de promedios del torneo y recientes/API-Football,el volumen ofensivo puede variar por planteamiento y marcador temprano,https://www.betano.pe/cuotas-de-partido/vfb-stuttgart-viking-fk/91597614/
2026-09-09,11:45,VfB Stuttgart vs Viking,,Betano,Tarjetas total -3.5,CARDS_TOTALS UNDER.3.5,CARDS_TOTALS:UNDER_3_5,38.6%,0.386200,2.59,,,,,,2.22,-0.14,-0.142600,-0.37,0.86,Sin cuota/EV,EV negativo Betano,Solo modelo,3,50.34,50.339000,,Betano mapeado,Baja,contexto premium mixto,usa mezcla de promedios del torneo y recientes/API-Football,depende mucho del arbitro y del contexto competitivo,https://www.betano.pe/cuotas-de-partido/vfb-stuttgart-viking-fk/91597614/
2026-09-09,11:45,VfB Stuttgart vs Viking,,Betano,Corners total -9.5,CORNERS_TOTALS UNDER.9.5,CORNERS_TOTALS:UNDER_9_5,38.3%,0.382600,2.61,,,,,,2.02,-0.23,-0.227100,-0.59,0.77,Sin cuota/EV,EV negativo Betano,Solo modelo,6,70.62,70.621000,,Betano mapeado,Baja,contexto premium mixto,usa mezcla de promedios del torneo y recientes/API-Football,el volumen ofensivo puede variar por planteamiento y marcador temprano,https://www.betano.pe/cuotas-de-partido/vfb-stuttgart-viking-fk/91597614/
2026-09-09,11:45,VfB Stuttgart vs Viking,,,Corners total +11.5,CORNERS_TOTALS OVER.11.5,CORNERS_TOTALS:OVER_11_5,37.6%,0.376100,2.66,,,,,,,,,,,Sin cuota/EV,No encontrado en Betano,Solo modelo,6,65.61,65.606000,,Betano mapeado,Baja,contexto premium mixto,usa mezcla de promedios del torneo y recientes/API-Football,el volumen ofensivo puede variar por planteamiento y marcador temprano,https://www.betano.pe/cuotas-de-partido/vfb-stuttgart-viking-fk/91597614/
2026-09-09,11:45,VfB Stuttgart vs Viking,,,Local corners -5.5,CORNERS_HOME UNDER.5.5,CORNERS_HOME:UNDER_5_5,36.9%,0.369000,2.71,,,,,,,,,,,Sin cuota/EV,No encontrado en Betano,Solo modelo,4,50.90,50.904000,,Betano mapeado,Baja,contexto premium mixto,usa mezcla de promedios del torneo y recientes/API-Football,el volumen ofensivo puede variar por planteamiento y marcador temprano,https://www.betano.pe/cuotas-de-partido/vfb-stuttgart-viking-fk/91597614/
2026-09-09,11:45,VfB Stuttgart vs Viking,,,SHOTS_ON_TARGET_TOTAL UNDER.9.5,SHOTS_ON_TARGET_TOTAL UNDER.9.5,SHOTS_ON_TARGET_TOTAL:UNDER_9_5,35.4%,0.354200,2.82,,,,,,,,,,,Sin cuota/EV,No encontrado en Betano,Solo modelo,2,36.42,36.423000,,Betano mapeado,Baja,contexto premium mixto,usa mezcla de promedios del torneo y recientes/API-Football,el volumen ofensivo puede variar por planteamiento y marcador temprano,https://www.betano.pe/cuotas-de-partido/vfb-stuttgart-viking-fk/91597614/
2026-09-09,11:45,VfB Stuttgart vs Viking,10Bet,Betano,DNB visita,DRAW_NO_BET AWAY,DRAW_NO_BET:AWAY,33.1%,0.331400,3.02,5.50,0.82,0.822700,2.48,1.82,7.10,1.35,1.352900,4.08,2.35,EV positivo,EV positivo Betano,Revisar,9,106.60,106.596000,Cuota API muy superior a la cuota justa: revisar manualmente antes de apostar,Betano mapeado,Baja,fallback ultimos partidos,usa Poisson fallback con ultimos partidos multi-competicion,riesgo propio del resultado final y variacion del modelo,https://www.betano.pe/cuotas-de-partido/vfb-stuttgart-viking-fk/91597614/
2026-09-09,11:45,VfB Stuttgart vs Viking,10Bet,Betano,1T -1.5,FIRST_HALF_TOTALS UNDER.1.5,FIRST_HALF_TOTALS:UNDER_1_5,31.9%,0.319500,3.13,1.57,-0.50,-0.498400,-1.56,0.50,1.93,-0.38,-0.383400,-1.20,0.62,EV negativo,EV negativo Betano,Evitar,5,28.84,28.843000,Cuota por debajo de la cuota justa: valor limitado,Betano mapeado,Baja,contexto premium mixto,usa mezcla de promedios del torneo y recientes/API-Football,el primer tiempo puede tener ritmo bajo o rotaciones,https://www.betano.pe/cuotas-de-partido/vfb-stuttgart-viking-fk/91597614/
2026-09-09,11:45,VfB Stuttgart vs Viking,,Betano,Local goles -1.5,TEAM_TOTAL_HOME UNDER.1.5,TEAM_TOTAL_HOME:UNDER_1_5,30.3%,0.303000,3.30,,,,,,1.29,-0.61,-0.609100,-2.01,0.39,Sin cuota/EV,EV negativo Betano,Solo modelo,4,40.55,40.550000,,Betano mapeado,Baja,fallback ultimos partidos,usa Poisson fallback con ultimos partidos multi-competicion,un gol temprano o baja eficacia puede cambiar la lectura del mercado,https://www.betano.pe/cuotas-de-partido/vfb-stuttgart-viking-fk/91597614/
2026-09-09,11:45,VfB Stuttgart vs Viking,,,Visita tarjetas -1.5,CARDS_AWAY UNDER.1.5,CARDS_AWAY:UNDER_1_5,28.7%,0.287300,3.48,,,,,,,,,,,Sin cuota/EV,No encontrado en Betano,Solo modelo,2,29.73,29.730000,,Betano mapeado,Baja,contexto premium mixto,usa mezcla de promedios del torneo y recientes/API-Football,depende mucho del arbitro y del contexto competitivo,https://www.betano.pe/cuotas-de-partido/vfb-stuttgart-viking-fk/91597614/
2026-09-09,11:45,VfB Stuttgart vs Viking,10Bet,Betano,Gana visita,1X2 AWAY,1X2:AWAY,26.8%,0.267600,3.74,9.00,1.41,1.408600,5.26,2.41,11.00,1.94,1.943600,7.26,2.94,EV positivo,EV positivo Betano,Revisar,7,99.76,99.762000,Cuota API muy superior a la cuota justa: revisar manualmente antes de apostar,Betano mapeado,Baja,fallback ultimos partidos,usa Poisson fallback con ultimos partidos multi-competicion,riesgo propio del resultado final y variacion del modelo,https://www.betano.pe/cuotas-de-partido/vfb-stuttgart-viking-fk/91597614/
2026-09-09,11:45,VfB Stuttgart vs Viking,,Betano,Corners total -8.5,CORNERS_TOTALS UNDER.8.5,CORNERS_TOTALS:UNDER_8_5,26.7%,0.267000,3.75,,,,,,2.67,-0.29,-0.287100,-1.07,0.71,Sin cuota/EV,EV negativo Betano,Solo modelo,6,58.10,58.105000,,Betano mapeado,Baja,contexto premium mixto,usa mezcla de promedios del torneo y recientes/API-Football,el volumen ofensivo puede variar por planteamiento y marcador temprano,https://www.betano.pe/cuotas-de-partido/vfb-stuttgart-viking-fk/91597614/
2026-09-09,11:45,VfB Stuttgart vs Viking,,,Local tarjetas +2.5,CARDS_HOME OVER.2.5,CARDS_HOME:OVER_2_5,25.6%,0.256000,3.91,,,,,,,,,,,Sin cuota/EV,No encontrado en Betano,Solo modelo,2,26.60,26.603000,,Betano mapeado,Baja,contexto premium mixto,usa mezcla de promedios del torneo y recientes/API-Football,depende mucho del arbitro y del contexto competitivo,https://www.betano.pe/cuotas-de-partido/vfb-stuttgart-viking-fk/91597614/
2026-09-09,11:45,VfB Stuttgart vs Viking,10Bet,Betano,BTTS no,BTTS NO,BTTS:NO,25.6%,0.255500,3.91,1.28,-0.67,-0.673000,-2.63,0.33,2.25,-0.43,-0.425100,-1.66,0.57,EV negativo,EV negativo Betano,Revisar,8,46.74,46.745000,Cuota por debajo de la cuota justa: valor limitado,Betano mapeado,Baja,fallback ultimos partidos,usa Poisson fallback con ultimos partidos multi-competicion,un gol temprano o baja eficacia puede cambiar la lectura del mercado,https://www.betano.pe/cuotas-de-partido/vfb-stuttgart-viking-fk/91597614/
2026-09-09,11:45,VfB Stuttgart vs Viking,,,Tarjetas total +5.5,CARDS_TOTALS OVER.5.5,CARDS_TOTALS:OVER_5_5,25.5%,0.255100,3.92,,,,,,,,,,,Sin cuota/EV,No encontrado en Betano,Solo modelo,3,31.51,31.506000,,Betano mapeado,Baja,contexto premium mixto,usa mezcla de promedios del torneo y recientes/API-Football,depende mucho del arbitro y del contexto competitivo,https://www.betano.pe/cuotas-de-partido/vfb-stuttgart-viking-fk/91597614/
2026-09-09,11:45,VfB Stuttgart vs Viking,,,SHOTS_ON_TARGET_TOTAL UNDER.8.5,SHOTS_ON_TARGET_TOTAL UNDER.8.5,SHOTS_ON_TARGET_TOTAL:UNDER_8_5,24.3%,0.243300,4.11,,,,,,,,,,,Sin cuota/EV,No encontrado en Betano,Solo modelo,2,25.33,25.327000,,Betano mapeado,Baja,contexto premium mixto,usa mezcla de promedios del torneo y recientes/API-Football,el volumen ofensivo puede variar por planteamiento y marcador temprano,https://www.betano.pe/cuotas-de-partido/vfb-stuttgart-viking-fk/91597614/
2026-09-09,11:45,VfB Stuttgart vs Viking,,Betano,Visita goles +2.5,TEAM_TOTAL_AWAY OVER.2.5,TEAM_TOTAL_AWAY:OVER_2_5,24.2%,0.242500,4.12,,,,,,8.00,0.94,0.940000,3.88,1.94,Sin cuota/EV,EV positivo Betano,Solo modelo,4,59.29,59.288000,,Betano mapeado,Baja,fallback ultimos partidos,usa Poisson fallback con ultimos partidos multi-competicion,un gol temprano o baja eficacia puede cambiar la lectura del mercado,https://www.betano.pe/cuotas-de-partido/vfb-stuttgart-viking-fk/91597614/
2026-09-09,11:45,VfB Stuttgart vs Viking,,,Visita tarjetas +3.5,CARDS_AWAY OVER.3.5,CARDS_AWAY:OVER_3_5,24.2%,0.242400,4.12,,,,,,,,,,,Sin cuota/EV,No encontrado en Betano,Solo modelo,2,25.24,25.242000,,Betano mapeado,Baja,contexto premium mixto,usa mezcla de promedios del torneo y recientes/API-Football,depende mucho del arbitro y del contexto competitivo,https://www.betano.pe/cuotas-de-partido/vfb-stuttgart-viking-fk/91597614/
2026-09-09,11:45,VfB Stuttgart vs Viking,,,Visita corners +5.5,CORNERS_AWAY OVER.5.5,CORNERS_AWAY:OVER_5_5,23.5%,0.234700,4.26,,,,,,,,,,,Sin cuota/EV,No encontrado en Betano,Solo modelo,4,37.47,37.470000,,Betano mapeado,Baja,contexto premium mixto,usa mezcla de promedios del torneo y recientes/API-Football,el volumen ofensivo puede variar por planteamiento y marcador temprano,https://www.betano.pe/cuotas-de-partido/vfb-stuttgart-viking-fk/91597614/
2026-09-09,11:45,VfB Stuttgart vs Viking,,,SHOTS_TOTAL UNDER.26.5,SHOTS_TOTAL UNDER.26.5,SHOTS_TOTAL:UNDER_26_5,23.2%,0.232000,4.31,,,,,,,,,,,Sin cuota/EV,No encontrado en Betano,Solo modelo,2,24.20,24.203000,,Betano mapeado,Baja,contexto premium mixto,usa mezcla de promedios del torneo y recientes/API-Football,el volumen ofensivo puede variar por planteamiento y marcador temprano,https://www.betano.pe/cuotas-de-partido/vfb-stuttgart-viking-fk/91597614/
2026-09-09,11:45,VfB Stuttgart vs Viking,,,Local corners -4.5,CORNERS_HOME UNDER.4.5,CORNERS_HOME:UNDER_4_5,22.4%,0.223700,4.47,,,,,,,,,,,Sin cuota/EV,No encontrado en Betano,Solo modelo,4,36.37,36.367000,,Betano mapeado,Baja,contexto premium mixto,usa mezcla de promedios del torneo y recientes/API-Football,el volumen ofensivo puede variar por planteamiento y marcador temprano,https://www.betano.pe/cuotas-de-partido/vfb-stuttgart-viking-fk/91597614/
2026-09-09,11:45,VfB Stuttgart vs Viking,10Bet,Betano,Goles -2.5,TOTALS UNDER.2.5,TOTALS:UNDER_2_5,22.1%,0.220700,4.53,1.62,-0.64,-0.642500,-2.91,0.36,3.70,-0.18,-0.183400,-0.83,0.82,EV negativo,EV negativo Betano,Revisar,8,47.57,47.569000,Cuota por debajo de la cuota justa: valor limitado,Betano mapeado,Baja,fallback ultimos partidos,usa Poisson fallback con ultimos partidos multi-competicion,un gol temprano o baja eficacia puede cambiar la lectura del mercado,https://www.betano.pe/cuotas-de-partido/vfb-stuttgart-viking-fk/91597614/
2026-09-09,11:45,VfB Stuttgart vs Viking,,Betano,Tarjetas total -2.5,CARDS_TOTALS UNDER.2.5,CARDS_TOTALS:UNDER_2_5,20.4%,0.203700,4.91,,,,,,3.55,-0.28,-0.276900,-1.36,0.72,Sin cuota/EV,EV negativo Betano,Solo modelo,3,29.94,29.941000,,Betano mapeado,Baja,contexto premium mixto,usa mezcla de promedios del torneo y recientes/API-Football,depende mucho del arbitro y del contexto competitivo,https://www.betano.pe/cuotas-de-partido/vfb-stuttgart-viking-fk/91597614/
2026-09-09,11:45,VfB Stuttgart vs Viking,10Bet,Betano,Empate,1X2 DRAW,1X2:DRAW,19.2%,0.192500,5.20,2.20,-0.58,-0.576600,-3.00,0.42,6.60,0.27,0.270500,1.40,1.27,EV negativo,EV positivo Betano,Revisar,7,48.20,48.196000,Cuota por debajo de la cuota justa: valor limitado,Betano mapeado,Baja,fallback ultimos partidos,usa Poisson fallback con ultimos partidos multi-competicion,riesgo propio del resultado final y variacion del modelo,https://www.betano.pe/cuotas-de-partido/vfb-stuttgart-viking-fk/91597614/
2026-09-09,11:45,VfB Stuttgart vs Viking,,Betano,Visita goles -0.5,TEAM_TOTAL_AWAY UNDER.0.5,TEAM_TOTAL_AWAY:UNDER_0_5,18.4%,0.183500,5.45,,,,,,2.40,-0.56,-0.559600,-3.05,0.44,Sin cuota/EV,EV negativo Betano,Solo modelo,4,29.40,29.398000,,Betano mapeado,Baja,fallback ultimos partidos,usa Poisson fallback con ultimos partidos multi-competicion,un gol temprano o baja eficacia puede cambiar la lectura del mercado,https://www.betano.pe/cuotas-de-partido/vfb-stuttgart-viking-fk/91597614/
2026-09-09,11:45,VfB Stuttgart vs Viking,,,Local tarjetas -0.5,CARDS_HOME UNDER.0.5,CARDS_HOME:UNDER_0_5,17.4%,0.173800,5.75,,,,,,,,,,,Sin cuota/EV,No encontrado en Betano,Solo modelo,2,18.38,18.377000,,Betano mapeado,Baja,contexto premium mixto,usa mezcla de promedios del torneo y recientes/API-Football,depende mucho del arbitro y del contexto competitivo,https://www.betano.pe/cuotas-de-partido/vfb-stuttgart-viking-fk/91597614/
2026-09-09,11:45,VfB Stuttgart vs Viking,,,Corners total -7.5,CORNERS_TOTALS UNDER.7.5,CORNERS_TOTALS:UNDER_7_5,16.9%,0.169100,5.91,,,,,,,,,,,Sin cuota/EV,No encontrado en Betano,Solo modelo,6,44.91,44.910000,,Betano mapeado,Baja,contexto premium mixto,usa mezcla de promedios del torneo y recientes/API-Football,el volumen ofensivo puede variar por planteamiento y marcador temprano,https://www.betano.pe/cuotas-de-partido/vfb-stuttgart-viking-fk/91597614/
2026-09-09,11:45,VfB Stuttgart vs Viking,,,SHOTS_ON_TARGET_TOTAL UNDER.7.5,SHOTS_ON_TARGET_TOTAL UNDER.7.5,SHOTS_ON_TARGET_TOTAL:UNDER_7_5,15.1%,0.151400,6.60,,,,,,,,,,,Sin cuota/EV,No encontrado en Betano,Solo modelo,2,16.14,16.145000,,Betano mapeado,Baja,contexto premium mixto,usa mezcla de promedios del torneo y recientes/API-Football,el volumen ofensivo puede variar por planteamiento y marcador temprano,https://www.betano.pe/cuotas-de-partido/vfb-stuttgart-viking-fk/91597614/
2026-09-09,11:45,VfB Stuttgart vs Viking,,,Tarjetas total +6.5,CARDS_TOTALS OVER.6.5,CARDS_TOTALS:OVER_6_5,13.8%,0.138300,7.23,,,,,,,,,,,Sin cuota/EV,No encontrado en Betano,Solo modelo,3,19.83,19.831000,,Betano mapeado,Baja,contexto premium mixto,usa mezcla de promedios del torneo y recientes/API-Football,depende mucho del arbitro y del contexto competitivo,https://www.betano.pe/cuotas-de-partido/vfb-stuttgart-viking-fk/91597614/
2026-09-09,11:45,VfB Stuttgart vs Viking,,,SHOTS_TOTAL UNDER.24.5,SHOTS_TOTAL UNDER.24.5,SHOTS_TOTAL:UNDER_24_5,13.2%,0.132300,7.56,,,,,,,,,,,Sin cuota/EV,No encontrado en Betano,Solo modelo,2,14.23,14.226000,,Betano mapeado,Baja,contexto premium mixto,usa mezcla de promedios del torneo y recientes/API-Football,el volumen ofensivo puede variar por planteamiento y marcador temprano,https://www.betano.pe/cuotas-de-partido/vfb-stuttgart-viking-fk/91597614/
2026-09-09,11:45,VfB Stuttgart vs Viking,,,Visita corners +6.5,CORNERS_AWAY OVER.6.5,CORNERS_AWAY:OVER_6_5,12.4%,0.124100,8.06,,,,,,,,,,,Sin cuota/EV,No encontrado en Betano,Solo modelo,4,26.41,26.410000,,Betano mapeado,Baja,contexto premium mixto,usa mezcla de promedios del torneo y recientes/API-Football,el volumen ofensivo puede variar por planteamiento y marcador temprano,https://www.betano.pe/cuotas-de-partido/vfb-stuttgart-viking-fk/91597614/
2026-09-09,11:45,VfB Stuttgart vs Viking,,,Local corners -3.5,CORNERS_HOME UNDER.3.5,CORNERS_HOME:UNDER_3_5,11.2%,0.111800,8.94,,,,,,,,,,,Sin cuota/EV,No encontrado en Betano,Solo modelo,4,25.18,25.185000,,Betano mapeado,Baja,contexto premium mixto,usa mezcla de promedios del torneo y recientes/API-Football,el volumen ofensivo puede variar por planteamiento y marcador temprano,https://www.betano.pe/cuotas-de-partido/vfb-stuttgart-viking-fk/91597614/
2026-09-09,11:45,VfB Stuttgart vs Viking,,,Local tarjetas +3.5,CARDS_HOME OVER.3.5,CARDS_HOME:OVER_3_5,10.1%,0.100800,9.92,,,,,,,,,,,Sin cuota/EV,No encontrado en Betano,Solo modelo,2,11.08,11.081000,,Betano mapeado,Baja,contexto premium mixto,usa mezcla de promedios del torneo y recientes/API-Football,depende mucho del arbitro y del contexto competitivo,https://www.betano.pe/cuotas-de-partido/vfb-stuttgart-viking-fk/91597614/
2026-09-09,11:45,VfB Stuttgart vs Viking,10Bet,Betano,1T -0.5,FIRST_HALF_TOTALS UNDER.0.5,FIRST_HALF_TOTALS:UNDER_0_5,9.5%,0.095400,10.49,1.42,-0.86,-0.864600,-9.07,0.14,4.50,-0.57,-0.570700,-5.99,0.43,EV negativo,EV negativo Betano,Evitar,5,0.41,0.406000,Cuota por debajo de la cuota justa: valor limitado,Betano mapeado,Baja,contexto premium mixto,usa mezcla de promedios del torneo y recientes/API-Football,el primer tiempo puede tener ritmo bajo o rotaciones,https://www.betano.pe/cuotas-de-partido/vfb-stuttgart-viking-fk/91597614/
2026-09-09,11:45,VfB Stuttgart vs Viking,,Betano,Local goles -0.5,TEAM_TOTAL_HOME UNDER.0.5,TEAM_TOTAL_HOME:UNDER_0_5,8.9%,0.089000,11.23,,,,,,2.40,-0.79,-0.786400,-8.83,0.21,Sin cuota/EV,EV negativo Betano,Solo modelo,4,18.90,18.904000,,Betano mapeado,Baja,fallback ultimos partidos,usa Poisson fallback con ultimos partidos multi-competicion,un gol temprano o baja eficacia puede cambiar la lectura del mercado,https://www.betano.pe/cuotas-de-partido/vfb-stuttgart-viking-fk/91597614/
2026-09-09,11:45,VfB Stuttgart vs Viking,,,SHOTS_ON_TARGET_TOTAL UNDER.6.5,SHOTS_ON_TARGET_TOTAL UNDER.6.5,SHOTS_ON_TARGET_TOTAL:UNDER_6_5,8.4%,0.083900,11.92,,,,,,,,,,,Sin cuota/EV,No encontrado en Betano,Solo modelo,2,9.39,9.390000,,Betano mapeado,Baja,contexto premium mixto,usa mezcla de promedios del torneo y recientes/API-Football,el volumen ofensivo puede variar por planteamiento y marcador temprano,https://www.betano.pe/cuotas-de-partido/vfb-stuttgart-viking-fk/91597614/
2026-09-09,11:45,VfB Stuttgart vs Viking,10Bet,,Goles -1.5,TOTALS UNDER.1.5,TOTALS:UNDER_1_5,8.3%,0.083500,11.97,2.80,-0.77,-0.766200,-9.17,0.23,,,,,,EV negativo,No encontrado en Betano,Revisar,1,-6.65,-6.648000,Cuota por debajo de la cuota justa: valor limitado,Betano mapeado,Baja,fallback ultimos partidos,usa Poisson fallback con ultimos partidos multi-competicion,un gol temprano o baja eficacia puede cambiar la lectura del mercado,https://www.betano.pe/cuotas-de-partido/vfb-stuttgart-viking-fk/91597614/
2026-09-09,11:45,VfB Stuttgart vs Viking,,,Visita tarjetas -0.5,CARDS_AWAY UNDER.0.5,CARDS_AWAY:UNDER_0_5,8.2%,0.082100,12.18,,,,,,,,,,,Sin cuota/EV,No encontrado en Betano,Solo modelo,2,9.21,9.208000,,Betano mapeado,Baja,contexto premium mixto,usa mezcla de promedios del torneo y recientes/API-Football,depende mucho del arbitro y del contexto competitivo,https://www.betano.pe/cuotas-de-partido/vfb-stuttgart-viking-fk/91597614/
2026-09-09,11:45,VfB Stuttgart vs Viking,,,SHOTS_TOTAL UNDER.22.5,SHOTS_TOTAL UNDER.22.5,SHOTS_TOTAL:UNDER_22_5,6.6%,0.065600,15.26,,,,,,,,,,,Sin cuota/EV,No encontrado en Betano,Solo modelo,2,7.55,7.555000,,Betano mapeado,Baja,contexto premium mixto,usa mezcla de promedios del torneo y recientes/API-Football,el volumen ofensivo puede variar por planteamiento y marcador temprano,https://www.betano.pe/cuotas-de-partido/vfb-stuttgart-viking-fk/91597614/
2026-09-09,11:45,VfB Stuttgart vs Viking,,,SHOTS_TOTAL UNDER.20.5,SHOTS_TOTAL UNDER.20.5,SHOTS_TOTAL:UNDER_20_5,2.8%,0.027700,36.06,,,,,,,,,,,Sin cuota/EV,No encontrado en Betano,Solo modelo,2,3.77,3.773000,,Betano mapeado,Baja,contexto premium mixto,usa mezcla de promedios del torneo y recientes/API-Football,el volumen ofensivo puede variar por planteamiento y marcador temprano,https://www.betano.pe/cuotas-de-partido/vfb-stuttgart-viking-fk/91597614/
2026-09-09,11:45,VfB Stuttgart vs Viking,,,SHOTS_TOTAL UNDER.18.5,SHOTS_TOTAL UNDER.18.5,SHOTS_TOTAL:UNDER_18_5,1.0%,0.009800,101.99,,,,,,,,,,,Sin cuota/EV,No encontrado en Betano,Solo modelo,2,1.98,1.981000,,Betano mapeado,Baja,contexto premium mixto,usa mezcla de promedios del torneo y recientes/API-Football,el volumen ofensivo puede variar por planteamiento y marcador temprano,https://www.betano.pe/cuotas-de-partido/vfb-stuttgart-viking-fk/91597614/
2026-09-09,14:00,Liverpool vs Atletico Madrid,,,SHOTS_TOTAL OVER.18.5,SHOTS_TOTAL OVER.18.5,SHOTS_TOTAL:OVER_18_5,98.7%,0.987000,1.01,,,,,,,,,,,Sin cuota/EV,No encontrado en Betano,Solo modelo,2,97.70,97.697000,,Betano mapeado,Alta,contexto premium fallback reciente,usa promedios recientes multi-competicion/API-Football,el volumen ofensivo puede variar por planteamiento y marcador temprano,https://www.betano.pe/cuotas-de-partido/liverpool-fc-atletico-madrid/91592850/
2026-09-09,14:00,Liverpool vs Atletico Madrid,,,SHOTS_TOTAL OVER.20.5,SHOTS_TOTAL OVER.20.5,SHOTS_TOTAL:OVER_20_5,96.5%,0.964500,1.04,,,,,,,,,,,Sin cuota/EV,No encontrado en Betano,Solo modelo,2,95.45,95.449000,,Betano mapeado,Alta,contexto premium fallback reciente,usa promedios recientes multi-competicion/API-Football,el volumen ofensivo puede variar por planteamiento y marcador temprano,https://www.betano.pe/cuotas-de-partido/liverpool-fc-atletico-madrid/91592850/
2026-09-09,14:00,Liverpool vs Atletico Madrid,,,Local tarjetas +0.5,CARDS_HOME OVER.0.5,CARDS_HOME:OVER_0_5,92.6%,0.925700,1.08,,,,,,,,,,,Sin cuota/EV,No encontrado en Betano,Solo modelo,2,91.57,91.573000,,Betano mapeado,Alta,contexto premium fallback reciente,usa promedios recientes multi-competicion/API-Football,depende mucho del arbitro y del contexto competitivo,https://www.betano.pe/cuotas-de-partido/liverpool-fc-atletico-madrid/91592850/
2026-09-09,14:00,Liverpool vs Atletico Madrid,,,SHOTS_TOTAL OVER.22.5,SHOTS_TOTAL OVER.22.5,SHOTS_TOTAL:OVER_22_5,91.9%,0.919000,1.09,,,,,,,,,,,Sin cuota/EV,No encontrado en Betano,Solo modelo,2,90.90,90.900000,,Betano mapeado,Alta,contexto premium fallback reciente,usa promedios recientes multi-competicion/API-Football,el volumen ofensivo puede variar por planteamiento y marcador temprano,https://www.betano.pe/cuotas-de-partido/liverpool-fc-atletico-madrid/91592850/
2026-09-09,14:00,Liverpool vs Atletico Madrid,,,SHOTS_ON_TARGET_TOTAL OVER.6.5,SHOTS_ON_TARGET_TOTAL OVER.6.5,SHOTS_ON_TARGET_TOTAL:OVER_6_5,90.6%,0.905800,1.10,,,,,,,,,,,Sin cuota/EV,No encontrado en Betano,Solo modelo,2,89.58,89.581000,,Betano mapeado,Alta,contexto premium fallback reciente,usa promedios recientes multi-competicion/API-Football,el volumen ofensivo puede variar por planteamiento y marcador temprano,https://www.betano.pe/cuotas-de-partido/liverpool-fc-atletico-madrid/91592850/
2026-09-09,14:00,Liverpool vs Atletico Madrid,,,Visita tarjetas -3.5,CARDS_AWAY UNDER.3.5,CARDS_AWAY:UNDER_3_5,88.6%,0.885900,1.13,,,,,,,,,,,Sin cuota/EV,No encontrado en Betano,Solo modelo,2,87.59,87.593000,,Betano mapeado,Alta,contexto premium fallback reciente,usa promedios recientes multi-competicion/API-Football,depende mucho del arbitro y del contexto competitivo,https://www.betano.pe/cuotas-de-partido/liverpool-fc-atletico-madrid/91592850/
2026-09-09,14:00,Liverpool vs Atletico Madrid,10Bet,Betano,Goles +1.5,TOTALS OVER.1.5,TOTALS:OVER_1_5,88.3%,0.883000,1.13,1.77,0.56,0.562900,0.64,1.56,1.21,0.07,0.068400,0.08,1.07,EV positivo,EV positivo Betano,Seguro,10,158.52,158.522000,,Betano mapeado,Alta,fallback ultimos partidos,usa Poisson fallback con ultimos partidos multi-competicion,un gol temprano o baja eficacia puede cambiar la lectura del mercado,https://www.betano.pe/cuotas-de-partido/liverpool-fc-atletico-madrid/91592850/
2026-09-09,14:00,Liverpool vs Atletico Madrid,,Betano,Local goles +0.5,TEAM_TOTAL_HOME OVER.0.5,TEAM_TOTAL_HOME:OVER_0_5,85.7%,0.856600,1.17,,,,,,1.13,-0.03,-0.032000,-0.04,0.97,Sin cuota/EV,EV negativo Betano,Solo modelo,4,105.15,105.148000,,Betano mapeado,Alta,fallback ultimos partidos,usa Poisson fallback con ultimos partidos multi-competicion,un gol temprano o baja eficacia puede cambiar la lectura del mercado,https://www.betano.pe/cuotas-de-partido/liverpool-fc-atletico-madrid/91592850/
2026-09-09,14:00,Liverpool vs Atletico Madrid,,,SHOTS_TOTAL OVER.24.5,SHOTS_TOTAL OVER.24.5,SHOTS_TOTAL:OVER_24_5,84.2%,0.842100,1.19,,,,,,,,,,,Sin cuota/EV,No encontrado en Betano,Solo modelo,2,83.20,83.205000,,Betano mapeado,Alta,contexto premium fallback reciente,usa promedios recientes multi-competicion/API-Football,el volumen ofensivo puede variar por planteamiento y marcador temprano,https://www.betano.pe/cuotas-de-partido/liverpool-fc-atletico-madrid/91592850/
2026-09-09,14:00,Liverpool vs Atletico Madrid,,,Visita tarjetas +0.5,CARDS_AWAY OVER.0.5,CARDS_AWAY:OVER_0_5,84.0%,0.840100,1.19,,,,,,,,,,,Sin cuota/EV,No encontrado en Betano,Solo modelo,2,83.01,83.007000,,Betano mapeado,Alta,contexto premium fallback reciente,usa promedios recientes multi-competicion/API-Football,depende mucho del arbitro y del contexto competitivo,https://www.betano.pe/cuotas-de-partido/liverpool-fc-atletico-madrid/91592850/
2026-09-09,14:00,Liverpool vs Atletico Madrid,,,Tarjetas total -6.5,CARDS_TOTALS UNDER.6.5,CARDS_TOTALS:UNDER_6_5,84.0%,0.839500,1.19,,,,,,,,,,,Sin cuota/EV,No encontrado en Betano,Solo modelo,3,87.95,87.954000,,Betano mapeado,Alta,contexto premium fallback reciente,usa promedios recientes multi-competicion/API-Football,depende mucho del arbitro y del contexto competitivo,https://www.betano.pe/cuotas-de-partido/liverpool-fc-atletico-madrid/91592850/
2026-09-09,14:00,Liverpool vs Atletico Madrid,,,SHOTS_ON_TARGET_TOTAL OVER.7.5,SHOTS_ON_TARGET_TOTAL OVER.7.5,SHOTS_ON_TARGET_TOTAL:OVER_7_5,83.3%,0.832700,1.20,,,,,,,,,,,Sin cuota/EV,No encontrado en Betano,Solo modelo,2,82.27,82.273000,,Betano mapeado,Alta,contexto premium fallback reciente,usa promedios recientes multi-competicion/API-Football,el volumen ofensivo puede variar por planteamiento y marcador temprano,https://www.betano.pe/cuotas-de-partido/liverpool-fc-atletico-madrid/91592850/
2026-09-09,14:00,Liverpool vs Atletico Madrid,,Betano,Visita goles +0.5,TEAM_TOTAL_AWAY OVER.0.5,TEAM_TOTAL_AWAY:OVER_0_5,82.6%,0.826000,1.21,,,,,,1.42,0.17,0.172900,0.21,1.17,Sin cuota/EV,EV positivo Betano,Solo modelo,4,105.36,105.364000,,Betano mapeado,Alta,fallback ultimos partidos,usa Poisson fallback con ultimos partidos multi-competicion,un gol temprano o baja eficacia puede cambiar la lectura del mercado,https://www.betano.pe/cuotas-de-partido/liverpool-fc-atletico-madrid/91592850/
2026-09-09,14:00,Liverpool vs Atletico Madrid,,Betano,Tarjetas total +2.5,CARDS_TOTALS OVER.2.5,CARDS_TOTALS:OVER_2_5,81.9%,0.818700,1.22,,,,,,1.31,0.07,0.072500,0.09,1.07,Sin cuota/EV,EV positivo Betano,Solo modelo,3,95.03,95.034000,,Betano mapeado,Alta,contexto premium fallback reciente,usa promedios recientes multi-competicion/API-Football,depende mucho del arbitro y del contexto competitivo,https://www.betano.pe/cuotas-de-partido/liverpool-fc-atletico-madrid/91592850/
2026-09-09,14:00,Liverpool vs Atletico Madrid,,Betano,Corners total +7.5,CORNERS_TOTALS OVER.7.5,CORNERS_TOTALS:OVER_7_5,81.8%,0.817600,1.22,,,,,,1.38,0.13,0.128300,0.16,1.13,Sin cuota/EV,EV positivo Betano,Solo modelo,6,117.81,117.814000,,Betano mapeado,Alta,contexto premium fallback reciente,usa promedios recientes multi-competicion/API-Football,el volumen ofensivo puede variar por planteamiento y marcador temprano,https://www.betano.pe/cuotas-de-partido/liverpool-fc-atletico-madrid/91592850/
2026-09-09,14:00,Liverpool vs Atletico Madrid,,,Local corners +3.5,CORNERS_HOME OVER.3.5,CORNERS_HOME:OVER_3_5,79.8%,0.798300,1.25,,,,,,,,,,,Sin cuota/EV,No encontrado en Betano,Solo modelo,4,91.83,91.830000,,Betano mapeado,Alta,contexto premium fallback reciente,usa promedios recientes multi-competicion/API-Football,el volumen ofensivo puede variar por planteamiento y marcador temprano,https://www.betano.pe/cuotas-de-partido/liverpool-fc-atletico-madrid/91592850/
2026-09-09,14:00,Liverpool vs Atletico Madrid,,,DOUBLE_CHANCE 12,DOUBLE_CHANCE 12,DOUBLE_CHANCE:12,78.5%,0.784600,1.27,,,,,,,,,,,Sin cuota/EV,No encontrado en Betano,Solo modelo,9,119.46,119.463000,,Betano mapeado,Alta,fallback ultimos partidos,usa Poisson fallback con ultimos partidos multi-competicion,riesgo propio del resultado final y variacion del modelo,https://www.betano.pe/cuotas-de-partido/liverpool-fc-atletico-madrid/91592850/
2026-09-09,14:00,Liverpool vs Atletico Madrid,,,Visita corners -6.5,CORNERS_AWAY UNDER.6.5,CORNERS_AWAY:UNDER_6_5,77.0%,0.769500,1.30,,,,,,,,,,,Sin cuota/EV,No encontrado en Betano,Solo modelo,4,88.95,88.946000,,Betano mapeado,Alta,contexto premium fallback reciente,usa promedios recientes multi-competicion/API-Football,el volumen ofensivo puede variar por planteamiento y marcador temprano,https://www.betano.pe/cuotas-de-partido/liverpool-fc-atletico-madrid/91592850/
2026-09-09,14:00,Liverpool vs Atletico Madrid,10Bet,Betano,1T +0.5,FIRST_HALF_TOTALS OVER.0.5,FIRST_HALF_TOTALS:OVER_0_5,75.3%,0.753400,1.33,2.35,0.77,0.770500,1.02,1.77,1.34,0.01,0.009600,0.01,1.01,EV positivo,EV positivo Betano,Valor,5,108.36,108.363000,Cuota API muy superior a la cuota justa: revisar manualmente antes de apostar,Betano mapeado,Alta,contexto premium fallback reciente,usa promedios recientes multi-competicion/API-Football,el primer tiempo puede tener ritmo bajo o rotaciones,https://www.betano.pe/cuotas-de-partido/liverpool-fc-atletico-madrid/91592850/
2026-09-09,14:00,Liverpool vs Atletico Madrid,,Betano,Visita goles -2.5,TEAM_TOTAL_AWAY UNDER.2.5,TEAM_TOTAL_AWAY:UNDER_2_5,74.4%,0.744100,1.34,,,,,,1.09,-0.19,-0.188900,-0.25,0.81,Sin cuota/EV,EV negativo Betano,Solo modelo,4,91.39,91.389000,,Betano mapeado,Alta,fallback ultimos partidos,usa Poisson fallback con ultimos partidos multi-competicion,un gol temprano o baja eficacia puede cambiar la lectura del mercado,https://www.betano.pe/cuotas-de-partido/liverpool-fc-atletico-madrid/91592850/
2026-09-09,14:00,Liverpool vs Atletico Madrid,,,Local tarjetas -3.5,CARDS_HOME UNDER.3.5,CARDS_HOME:UNDER_3_5,73.6%,0.736000,1.36,,,,,,,,,,,Sin cuota/EV,No encontrado en Betano,Solo modelo,2,72.60,72.600000,,Betano mapeado,Alta,contexto premium fallback reciente,usa promedios recientes multi-competicion/API-Football,depende mucho del arbitro y del contexto competitivo,https://www.betano.pe/cuotas-de-partido/liverpool-fc-atletico-madrid/91592850/
2026-09-09,14:00,Liverpool vs Atletico Madrid,,,SHOTS_ON_TARGET_TOTAL OVER.8.5,SHOTS_ON_TARGET_TOTAL OVER.8.5,SHOTS_ON_TARGET_TOTAL:OVER_8_5,73.6%,0.735500,1.36,,,,,,,,,,,Sin cuota/EV,No encontrado en Betano,Solo modelo,2,72.55,72.545000,,Betano mapeado,Alta,contexto premium fallback reciente,usa promedios recientes multi-competicion/API-Football,el volumen ofensivo puede variar por planteamiento y marcador temprano,https://www.betano.pe/cuotas-de-partido/liverpool-fc-atletico-madrid/91592850/
2026-09-09,14:00,Liverpool vs Atletico Madrid,,,Local tarjetas +1.5,CARDS_HOME OVER.1.5,CARDS_HOME:OVER_1_5,73.3%,0.732600,1.36,,,,,,,,,,,Sin cuota/EV,No encontrado en Betano,Solo modelo,2,72.26,72.262000,,Betano mapeado,Alta,contexto premium fallback reciente,usa promedios recientes multi-competicion/API-Football,depende mucho del arbitro y del contexto competitivo,https://www.betano.pe/cuotas-de-partido/liverpool-fc-atletico-madrid/91592850/
2026-09-09,14:00,Liverpool vs Atletico Madrid,,,SHOTS_TOTAL OVER.26.5,SHOTS_TOTAL OVER.26.5,SHOTS_TOTAL:OVER_26_5,73.2%,0.731700,1.37,,,,,,,,,,,Sin cuota/EV,No encontrado en Betano,Solo modelo,2,72.17,72.169000,,Betano mapeado,Alta,contexto premium fallback reciente,usa promedios recientes multi-competicion/API-Football,el volumen ofensivo puede variar por planteamiento y marcador temprano,https://www.betano.pe/cuotas-de-partido/liverpool-fc-atletico-madrid/91592850/
2026-09-09,14:00,Liverpool vs Atletico Madrid,10Bet,,Visita corners +3.5,CORNERS_AWAY OVER.3.5,CORNERS_AWAY:OVER_3_5,72.8%,0.727900,1.37,1.87,0.36,0.361100,0.50,1.36,,,,,,EV positivo,No encontrado en Betano,Valor,4,93.29,93.289000,,Betano mapeado,Alta,contexto premium fallback reciente,usa promedios recientes multi-competicion/API-Football,el volumen ofensivo puede variar por planteamiento y marcador temprano,https://www.betano.pe/cuotas-de-partido/liverpool-fc-atletico-madrid/91592850/
2026-09-09,14:00,Liverpool vs Atletico Madrid,,,Visita tarjetas -2.5,CARDS_AWAY UNDER.2.5,CARDS_AWAY:UNDER_2_5,72.2%,0.721800,1.39,,,,,,,,,,,Sin cuota/EV,No encontrado en Betano,Solo modelo,2,71.18,71.177000,,Betano mapeado,Alta,contexto premium fallback reciente,usa promedios recientes multi-competicion/API-Football,depende mucho del arbitro y del contexto competitivo,https://www.betano.pe/cuotas-de-partido/liverpool-fc-atletico-madrid/91592850/
2026-09-09,14:00,Liverpool vs Atletico Madrid,,Betano,Corners total +8.5,CORNERS_TOTALS OVER.8.5,CORNERS_TOTALS:OVER_8_5,71.5%,0.715500,1.40,,,,,,1.70,0.22,0.216400,0.30,1.22,Sin cuota/EV,EV positivo Betano,Solo modelo,6,109.01,109.013000,,Betano mapeado,Alta,contexto premium fallback reciente,usa promedios recientes multi-competicion/API-Football,el volumen ofensivo puede variar por planteamiento y marcador temprano,https://www.betano.pe/cuotas-de-partido/liverpool-fc-atletico-madrid/91592850/
2026-09-09,14:00,Liverpool vs Atletico Madrid,,,Tarjetas total -5.5,CARDS_TOTALS UNDER.5.5,CARDS_TOTALS:UNDER_5_5,71.4%,0.714300,1.40,,,,,,,,,,,Sin cuota/EV,No encontrado en Betano,Solo modelo,3,75.43,75.433000,,Betano mapeado,Alta,contexto premium fallback reciente,usa promedios recientes multi-competicion/API-Football,depende mucho del arbitro y del contexto competitivo,https://www.betano.pe/cuotas-de-partido/liverpool-fc-atletico-madrid/91592850/
2026-09-09,14:00,Liverpool vs Atletico Madrid,10Bet,Betano,Goles +2.5,TOTALS OVER.2.5,TOTALS:OVER_2_5,71.3%,0.713300,1.40,3.40,1.43,1.425100,2.00,2.43,1.62,0.16,0.155500,0.22,1.16,EV positivo,EV positivo Betano,Valor,8,131.81,131.815000,Cuota API muy superior a la cuota justa: revisar manualmente antes de apostar,Betano mapeado,Alta,fallback ultimos partidos,usa Poisson fallback con ultimos partidos multi-competicion,un gol temprano o baja eficacia puede cambiar la lectura del mercado,https://www.betano.pe/cuotas-de-partido/liverpool-fc-atletico-madrid/91592850/
2026-09-09,14:00,Liverpool vs Atletico Madrid,10Bet,Betano,BTTS sí,BTTS YES,BTTS:YES,70.8%,0.707700,1.41,3.65,1.58,1.583200,2.24,2.58,1.62,0.15,0.146500,0.21,1.15,EV positivo,EV positivo Betano,Valor,8,131.12,131.117000,Cuota API muy superior a la cuota justa: revisar manualmente antes de apostar,Betano mapeado,Alta,fallback ultimos partidos,usa Poisson fallback con ultimos partidos multi-competicion,un gol temprano o baja eficacia puede cambiar la lectura del mercado,https://www.betano.pe/cuotas-de-partido/liverpool-fc-atletico-madrid/91592850/
2026-09-09,14:00,Liverpool vs Atletico Madrid,,Betano,Local goles -2.5,TEAM_TOTAL_HOME UNDER.2.5,TEAM_TOTAL_HOME:UNDER_2_5,69.2%,0.692100,1.45,,,,,,1.40,-0.03,-0.031100,-0.04,0.97,Sin cuota/EV,EV negativo Betano,Solo modelo,4,88.71,88.707000,,Betano mapeado,Media,fallback ultimos partidos,usa Poisson fallback con ultimos partidos multi-competicion,un gol temprano o baja eficacia puede cambiar la lectura del mercado,https://www.betano.pe/cuotas-de-partido/liverpool-fc-atletico-madrid/91592850/
2026-09-09,14:00,Liverpool vs Atletico Madrid,,,Local corners -6.5,CORNERS_HOME UNDER.6.5,CORNERS_HOME:UNDER_6_5,68.6%,0.686000,1.46,,,,,,,,,,,Sin cuota/EV,No encontrado en Betano,Solo modelo,4,80.60,80.604000,,Betano mapeado,Media,contexto premium fallback reciente,usa promedios recientes multi-competicion/API-Football,el volumen ofensivo puede variar por planteamiento y marcador temprano,https://www.betano.pe/cuotas-de-partido/liverpool-fc-atletico-madrid/91592850/
2026-09-09,14:00,Liverpool vs Atletico Madrid,,,DOUBLE_CHANCE 1X,DOUBLE_CHANCE 1X,DOUBLE_CHANCE:1X,64.6%,0.646400,1.55,,,,,,,,,,,Sin cuota/EV,No encontrado en Betano,Solo modelo,9,105.64,105.641000,,Betano mapeado,Media,fallback ultimos partidos,usa Poisson fallback con ultimos partidos multi-competicion,riesgo propio del resultado final y variacion del modelo,https://www.betano.pe/cuotas-de-partido/liverpool-fc-atletico-madrid/91592850/
2026-09-09,14:00,Liverpool vs Atletico Madrid,,Betano,Tarjetas total +3.5,CARDS_TOTALS OVER.3.5,CARDS_TOTALS:OVER_3_5,64.6%,0.646300,1.55,,,,,,1.70,0.10,0.098700,0.15,1.10,Sin cuota/EV,EV positivo Betano,Solo modelo,3,78.21,78.206000,,Betano mapeado,Media,contexto premium fallback reciente,usa promedios recientes multi-competicion/API-Football,depende mucho del arbitro y del contexto competitivo,https://www.betano.pe/cuotas-de-partido/liverpool-fc-atletico-madrid/91592850/
2026-09-09,14:00,Liverpool vs Atletico Madrid,,,Corners total -11.5,CORNERS_TOTALS UNDER.11.5,CORNERS_TOTALS:UNDER_11_5,64.5%,0.644600,1.55,,,,,,,,,,,Sin cuota/EV,No encontrado en Betano,Solo modelo,6,90.46,90.462000,,Betano mapeado,Media,contexto premium fallback reciente,usa promedios recientes multi-competicion/API-Football,el volumen ofensivo puede variar por planteamiento y marcador temprano,https://www.betano.pe/cuotas-de-partido/liverpool-fc-atletico-madrid/91592850/
2026-09-09,14:00,Liverpool vs Atletico Madrid,,,Local corners +4.5,CORNERS_HOME OVER.4.5,CORNERS_HOME:OVER_4_5,64.2%,0.642500,1.56,,,,,,,,,,,Sin cuota/EV,No encontrado en Betano,Solo modelo,4,76.25,76.248000,,Betano mapeado,Media,contexto premium fallback reciente,usa promedios recientes multi-competicion/API-Football,el volumen ofensivo puede variar por planteamiento y marcador temprano,https://www.betano.pe/cuotas-de-partido/liverpool-fc-atletico-madrid/91592850/
2026-09-09,14:00,Liverpool vs Atletico Madrid,,,Visita corners -5.5,CORNERS_AWAY UNDER.5.5,CORNERS_AWAY:UNDER_5_5,62.5%,0.624700,1.60,,,,,,,,,,,Sin cuota/EV,No encontrado en Betano,Solo modelo,4,74.47,74.473000,,Betano mapeado,Media,contexto premium fallback reciente,usa promedios recientes multi-competicion/API-Football,el volumen ofensivo puede variar por planteamiento y marcador temprano,https://www.betano.pe/cuotas-de-partido/liverpool-fc-atletico-madrid/91592850/
2026-09-09,14:00,Liverpool vs Atletico Madrid,,,SHOTS_ON_TARGET_TOTAL OVER.9.5,SHOTS_ON_TARGET_TOTAL OVER.9.5,SHOTS_ON_TARGET_TOTAL:OVER_9_5,62.0%,0.620300,1.61,,,,,,,,,,,Sin cuota/EV,No encontrado en Betano,Solo modelo,2,61.03,61.033000,,Betano mapeado,Media,contexto premium fallback reciente,usa promedios recientes multi-competicion/API-Football,el volumen ofensivo puede variar por planteamiento y marcador temprano,https://www.betano.pe/cuotas-de-partido/liverpool-fc-atletico-madrid/91592850/
2026-09-09,14:00,Liverpool vs Atletico Madrid,10Bet,Betano,Corners total +9.5,CORNERS_TOTALS OVER.9.5,CORNERS_TOTALS:OVER_9_5,59.7%,0.597000,1.68,2.05,0.22,0.223800,0.37,1.22,2.12,0.27,0.265600,0.45,1.27,EV positivo,EV positivo Betano,Valor,6,103.97,103.974000,,Betano mapeado,Media,contexto premium fallback reciente,usa promedios recientes multi-competicion/API-Football,el volumen ofensivo puede variar por planteamiento y marcador temprano,https://www.betano.pe/cuotas-de-partido/liverpool-fc-atletico-madrid/91592850/
2026-09-09,14:00,Liverpool vs Atletico Madrid,10Bet,Betano,1T -1.5,FIRST_HALF_TOTALS UNDER.1.5,FIRST_HALF_TOTALS:UNDER_1_5,59.2%,0.591800,1.69,1.20,-0.29,-0.289800,-0.49,0.71,1.55,-0.08,-0.082700,-0.14,0.92,EV negativo,EV negativo Betano,Revisar,5,77.64,77.644000,Cuota por debajo de la cuota justa: valor limitado,Betano mapeado,Media,contexto premium fallback reciente,usa promedios recientes multi-competicion/API-Football,el primer tiempo puede tener ritmo bajo o rotaciones,https://www.betano.pe/cuotas-de-partido/liverpool-fc-atletico-madrid/91592850/
2026-09-09,14:00,Liverpool vs Atletico Madrid,,Betano,Local goles +1.5,TEAM_TOTAL_HOME OVER.1.5,TEAM_TOTAL_HOME:OVER_1_5,57.8%,0.578400,1.73,,,,,,1.60,-0.07,-0.074600,-0.13,0.93,Sin cuota/EV,EV negativo Betano,Solo modelo,4,76.64,76.644000,,Betano mapeado,Media,fallback ultimos partidos,usa Poisson fallback con ultimos partidos multi-competicion,un gol temprano o baja eficacia puede cambiar la lectura del mercado,https://www.betano.pe/cuotas-de-partido/liverpool-fc-atletico-madrid/91592850/
2026-09-09,14:00,Liverpool vs Atletico Madrid,,,DOUBLE_CHANCE X2,DOUBLE_CHANCE X2,DOUBLE_CHANCE:X2,56.9%,0.569000,1.76,,,,,,,,,,,Sin cuota/EV,No encontrado en Betano,Solo modelo,9,97.90,97.896000,,Betano mapeado,Media,fallback ultimos partidos,usa Poisson fallback con ultimos partidos multi-competicion,riesgo propio del resultado final y variacion del modelo,https://www.betano.pe/cuotas-de-partido/liverpool-fc-atletico-madrid/91592850/
2026-09-09,14:00,Liverpool vs Atletico Madrid,,,Visita corners +4.5,CORNERS_AWAY OVER.4.5,CORNERS_AWAY:OVER_4_5,55.1%,0.550700,1.82,,,,,,,,,,,Sin cuota/EV,No encontrado en Betano,Solo modelo,4,67.07,67.069000,,Betano mapeado,Media,contexto premium fallback reciente,usa promedios recientes multi-competicion/API-Football,el volumen ofensivo puede variar por planteamiento y marcador temprano,https://www.betano.pe/cuotas-de-partido/liverpool-fc-atletico-madrid/91592850/
2026-09-09,14:00,Liverpool vs Atletico Madrid,10Bet,Betano,DNB local,DRAW_NO_BET HOME,DRAW_NO_BET:HOME,54.9%,0.549400,1.82,1.38,-0.24,-0.241900,-0.44,0.76,1.29,-0.29,-0.291300,-0.53,0.71,EV negativo,EV negativo Betano,Revisar,9,90.92,90.921000,Cuota por debajo de la cuota justa: valor limitado,Betano mapeado,Baja,fallback ultimos partidos,usa Poisson fallback con ultimos partidos multi-competicion,riesgo propio del resultado final y variacion del modelo,https://www.betano.pe/cuotas-de-partido/liverpool-fc-atletico-madrid/91592850/
2026-09-09,14:00,Liverpool vs Atletico Madrid,,,Visita tarjetas +1.5,CARDS_AWAY OVER.1.5,CARDS_AWAY:OVER_1_5,54.7%,0.546900,1.83,,,,,,,,,,,Sin cuota/EV,No encontrado en Betano,Solo modelo,2,53.69,53.691000,,Betano mapeado,Baja,contexto premium fallback reciente,usa promedios recientes multi-competicion/API-Football,depende mucho del arbitro y del contexto competitivo,https://www.betano.pe/cuotas-de-partido/liverpool-fc-atletico-madrid/91592850/
2026-09-09,14:00,Liverpool vs Atletico Madrid,,Betano,Tarjetas total -4.5,CARDS_TOTALS UNDER.4.5,CARDS_TOTALS:UNDER_4_5,54.5%,0.544900,1.83,,,,,,1.53,-0.17,-0.166300,-0.30,0.83,Sin cuota/EV,EV negativo Betano,Solo modelo,3,63.83,63.826000,,Betano mapeado,Baja,contexto premium fallback reciente,usa promedios recientes multi-competicion/API-Football,depende mucho del arbitro y del contexto competitivo,https://www.betano.pe/cuotas-de-partido/liverpool-fc-atletico-madrid/91592850/
2026-09-09,14:00,Liverpool vs Atletico Madrid,10Bet,,Local corners -5.5,CORNERS_HOME UNDER.5.5,CORNERS_HOME:UNDER_5_5,52.9%,0.528900,1.89,1.75,-0.07,-0.074400,-0.14,0.93,,,,,,EV negativo,No encontrado en Betano,Revisar,4,63.55,63.553000,,Betano mapeado,Baja,contexto premium fallback reciente,usa promedios recientes multi-competicion/API-Football,el volumen ofensivo puede variar por planteamiento y marcador temprano,https://www.betano.pe/cuotas-de-partido/liverpool-fc-atletico-madrid/91592850/
2026-09-09,14:00,Liverpool vs Atletico Madrid,,,Corners total -10.5,CORNERS_TOTALS UNDER.10.5,CORNERS_TOTALS:UNDER_10_5,52.7%,0.526900,1.90,,,,,,,,,,,Sin cuota/EV,No encontrado en Betano,Solo modelo,6,78.69,78.693000,,Betano mapeado,Baja,contexto premium fallback reciente,usa promedios recientes multi-competicion/API-Football,el volumen ofensivo puede variar por planteamiento y marcador temprano,https://www.betano.pe/cuotas-de-partido/liverpool-fc-atletico-madrid/91592850/
2026-09-09,14:00,Liverpool vs Atletico Madrid,,Betano,Visita goles +1.5,TEAM_TOTAL_AWAY OVER.1.5,TEAM_TOTAL_AWAY:OVER_1_5,52.2%,0.521900,1.92,,,,,,2.92,0.52,0.523900,1.00,1.52,Sin cuota/EV,EV positivo Betano,Solo modelo,4,80.58,80.575000,,Betano mapeado,Baja,fallback ultimos partidos,usa Poisson fallback con ultimos partidos multi-competicion,un gol temprano o baja eficacia puede cambiar la lectura del mercado,https://www.betano.pe/cuotas-de-partido/liverpool-fc-atletico-madrid/91592850/
2026-09-09,14:00,Liverpool vs Atletico Madrid,,,Local tarjetas -2.5,CARDS_HOME UNDER.2.5,CARDS_HOME:UNDER_2_5,51.8%,0.518400,1.93,,,,,,,,,,,Sin cuota/EV,No encontrado en Betano,Solo modelo,2,50.84,50.843000,,Betano mapeado,Baja,contexto premium fallback reciente,usa promedios recientes multi-competicion/API-Football,depende mucho del arbitro y del contexto competitivo,https://www.betano.pe/cuotas-de-partido/liverpool-fc-atletico-madrid/91592850/
2026-09-09,14:00,Liverpool vs Atletico Madrid,10Bet,Betano,Goles +3.5,TOTALS OVER.3.5,TOTALS:OVER_3_5,50.4%,0.504300,1.98,2.55,0.29,0.286000,0.57,1.29,2.50,0.26,0.260700,0.52,1.26,EV positivo,EV positivo Betano,Valor,1,70.75,70.750000,,Betano mapeado,Baja,fallback ultimos partidos,usa Poisson fallback con ultimos partidos multi-competicion,un gol temprano o baja eficacia puede cambiar la lectura del mercado,https://www.betano.pe/cuotas-de-partido/liverpool-fc-atletico-madrid/91592850/
2026-09-09,14:00,Liverpool vs Atletico Madrid,10Bet,Betano,Goles -3.5,TOTALS UNDER.3.5,TOTALS:UNDER_3_5,49.6%,0.495700,2.02,1.50,-0.26,-0.256500,-0.52,0.74,1.53,-0.24,-0.241600,-0.49,0.76,EV negativo,EV negativo Betano,Revisar,10,91.09,91.086000,Cuota por debajo de la cuota justa: valor limitado,Betano mapeado,Baja,fallback ultimos partidos,usa Poisson fallback con ultimos partidos multi-competicion,un gol temprano o baja eficacia puede cambiar la lectura del mercado,https://www.betano.pe/cuotas-de-partido/liverpool-fc-atletico-madrid/91592850/
2026-09-09,14:00,Liverpool vs Atletico Madrid,,,Local tarjetas +2.5,CARDS_HOME OVER.2.5,CARDS_HOME:OVER_2_5,48.2%,0.481600,2.08,,,,,,,,,,,Sin cuota/EV,No encontrado en Betano,Solo modelo,2,47.16,47.157000,,Betano mapeado,Baja,contexto premium fallback reciente,usa promedios recientes multi-competicion/API-Football,depende mucho del arbitro y del contexto competitivo,https://www.betano.pe/cuotas-de-partido/liverpool-fc-atletico-madrid/91592850/
2026-09-09,14:00,Liverpool vs Atletico Madrid,,Betano,Visita goles -1.5,TEAM_TOTAL_AWAY UNDER.1.5,TEAM_TOTAL_AWAY:UNDER_1_5,47.8%,0.478100,2.09,,,,,,1.37,-0.34,-0.345000,-0.72,0.65,Sin cuota/EV,EV negativo Betano,Solo modelo,4,62.29,62.287000,,Betano mapeado,Baja,fallback ultimos partidos,usa Poisson fallback con ultimos partidos multi-competicion,un gol temprano o baja eficacia puede cambiar la lectura del mercado,https://www.betano.pe/cuotas-de-partido/liverpool-fc-atletico-madrid/91592850/
2026-09-09,14:00,Liverpool vs Atletico Madrid,,,Corners total +10.5,CORNERS_TOTALS OVER.10.5,CORNERS_TOTALS:OVER_10_5,47.3%,0.473100,2.11,,,,,,,,,,,Sin cuota/EV,No encontrado en Betano,Solo modelo,6,73.31,73.307000,,Betano mapeado,Baja,contexto premium fallback reciente,usa promedios recientes multi-competicion/API-Football,el volumen ofensivo puede variar por planteamiento y marcador temprano,https://www.betano.pe/cuotas-de-partido/liverpool-fc-atletico-madrid/91592850/
2026-09-09,14:00,Liverpool vs Atletico Madrid,10Bet,,Local corners +5.5,CORNERS_HOME OVER.5.5,CORNERS_HOME:OVER_5_5,47.1%,0.471100,2.12,1.83,-0.14,-0.137900,-0.29,0.86,,,,,,EV negativo,No encontrado en Betano,Revisar,4,56.63,56.626000,,Betano mapeado,Baja,contexto premium fallback reciente,usa promedios recientes multi-competicion/API-Football,el volumen ofensivo puede variar por planteamiento y marcador temprano,https://www.betano.pe/cuotas-de-partido/liverpool-fc-atletico-madrid/91592850/
2026-09-09,14:00,Liverpool vs Atletico Madrid,,Betano,Tarjetas total +4.5,CARDS_TOTALS OVER.4.5,CARDS_TOTALS:OVER_4_5,45.5%,0.455100,2.20,,,,,,2.40,0.09,0.092200,0.20,1.09,Sin cuota/EV,EV positivo Betano,Solo modelo,3,58.99,58.988000,,Betano mapeado,Baja,contexto premium fallback reciente,usa promedios recientes multi-competicion/API-Football,depende mucho del arbitro y del contexto competitivo,https://www.betano.pe/cuotas-de-partido/liverpool-fc-atletico-madrid/91592850/
2026-09-09,14:00,Liverpool vs Atletico Madrid,,,Visita tarjetas -1.5,CARDS_AWAY UNDER.1.5,CARDS_AWAY:UNDER_1_5,45.3%,0.453100,2.21,,,,,,,,,,,Sin cuota/EV,No encontrado en Betano,Solo modelo,2,44.31,44.309000,,Betano mapeado,Baja,contexto premium fallback reciente,usa promedios recientes multi-competicion/API-Football,depende mucho del arbitro y del contexto competitivo,https://www.betano.pe/cuotas-de-partido/liverpool-fc-atletico-madrid/91592850/
2026-09-09,14:00,Liverpool vs Atletico Madrid,10Bet,Betano,DNB visita,DRAW_NO_BET AWAY,DRAW_NO_BET:AWAY,45.1%,0.450600,2.22,2.80,0.26,0.261800,0.58,1.26,3.40,0.53,0.532000,1.18,1.53,EV positivo,EV positivo Betano,Revisar,9,107.29,107.289000,,Betano mapeado,Baja,fallback ultimos partidos,usa Poisson fallback con ultimos partidos multi-competicion,riesgo propio del resultado final y variacion del modelo,https://www.betano.pe/cuotas-de-partido/liverpool-fc-atletico-madrid/91592850/
2026-09-09,14:00,Liverpool vs Atletico Madrid,,,Visita corners -4.5,CORNERS_AWAY UNDER.4.5,CORNERS_AWAY:UNDER_4_5,44.9%,0.449300,2.23,,,,,,,,,,,Sin cuota/EV,No encontrado en Betano,Solo modelo,4,56.93,56.931000,,Betano mapeado,Baja,contexto premium fallback reciente,usa promedios recientes multi-competicion/API-Football,el volumen ofensivo puede variar por planteamiento y marcador temprano,https://www.betano.pe/cuotas-de-partido/liverpool-fc-atletico-madrid/91592850/
2026-09-09,14:00,Liverpool vs Atletico Madrid,10Bet,Betano,Gana local,1X2 HOME,1X2:HOME,43.1%,0.431000,2.32,2.88,0.24,0.241400,0.56,1.24,1.70,-0.27,-0.267300,-0.62,0.73,EV positivo,EV negativo Betano,Revisar,7,82.17,82.173000,,Betano mapeado,Baja,fallback ultimos partidos,usa Poisson fallback con ultimos partidos multi-competicion,riesgo propio del resultado final y variacion del modelo,https://www.betano.pe/cuotas-de-partido/liverpool-fc-atletico-madrid/91592850/
2026-09-09,14:00,Liverpool vs Atletico Madrid,,Betano,Local goles -1.5,TEAM_TOTAL_HOME UNDER.1.5,TEAM_TOTAL_HOME:UNDER_1_5,42.2%,0.421600,2.37,,,,,,2.25,-0.05,-0.051400,-0.12,0.95,Sin cuota/EV,EV negativo Betano,Solo modelo,4,61.34,61.340000,,Betano mapeado,Baja,fallback ultimos partidos,usa Poisson fallback con ultimos partidos multi-competicion,un gol temprano o baja eficacia puede cambiar la lectura del mercado,https://www.betano.pe/cuotas-de-partido/liverpool-fc-atletico-madrid/91592850/
2026-09-09,14:00,Liverpool vs Atletico Madrid,10Bet,Betano,1T +1.5,FIRST_HALF_TOTALS OVER.1.5,FIRST_HALF_TOTALS:OVER_1_5,40.8%,0.408200,2.45,4.00,0.63,0.632700,1.55,1.63,2.42,-0.01,-0.012200,-0.03,0.99,EV positivo,EV negativo Betano,Revisar,5,81.01,81.010000,,Betano mapeado,Baja,contexto premium fallback reciente,usa promedios recientes multi-competicion/API-Football,el primer tiempo puede tener ritmo bajo o rotaciones,https://www.betano.pe/cuotas-de-partido/liverpool-fc-atletico-madrid/91592850/
2026-09-09,14:00,Liverpool vs Atletico Madrid,10Bet,Betano,Corners total -9.5,CORNERS_TOTALS UNDER.9.5,CORNERS_TOTALS:UNDER_9_5,40.3%,0.403000,2.48,1.70,-0.31,-0.314800,-0.78,0.69,1.67,-0.33,-0.327000,-0.81,0.67,EV negativo,EV negativo Betano,Revisar,6,59.41,59.405000,Cuota por debajo de la cuota justa: valor limitado,Betano mapeado,Baja,contexto premium fallback reciente,usa promedios recientes multi-competicion/API-Football,el volumen ofensivo puede variar por planteamiento y marcador temprano,https://www.betano.pe/cuotas-de-partido/liverpool-fc-atletico-madrid/91592850/
2026-09-09,14:00,Liverpool vs Atletico Madrid,,,SHOTS_ON_TARGET_TOTAL UNDER.9.5,SHOTS_ON_TARGET_TOTAL UNDER.9.5,SHOTS_ON_TARGET_TOTAL:UNDER_9_5,38.0%,0.379700,2.63,,,,,,,,,,,Sin cuota/EV,No encontrado en Betano,Solo modelo,2,36.97,36.967000,,Betano mapeado,Baja,contexto premium fallback reciente,usa promedios recientes multi-competicion/API-Football,el volumen ofensivo puede variar por planteamiento y marcador temprano,https://www.betano.pe/cuotas-de-partido/liverpool-fc-atletico-madrid/91592850/
2026-09-09,14:00,Liverpool vs Atletico Madrid,,,Visita corners +5.5,CORNERS_AWAY OVER.5.5,CORNERS_AWAY:OVER_5_5,37.5%,0.375300,2.67,,,,,,,,,,,Sin cuota/EV,No encontrado en Betano,Solo modelo,4,49.53,49.527000,,Betano mapeado,Baja,contexto premium fallback reciente,usa promedios recientes multi-competicion/API-Football,el volumen ofensivo puede variar por planteamiento y marcador temprano,https://www.betano.pe/cuotas-de-partido/liverpool-fc-atletico-madrid/91592850/
2026-09-09,14:00,Liverpool vs Atletico Madrid,,,Local corners -4.5,CORNERS_HOME UNDER.4.5,CORNERS_HOME:UNDER_4_5,35.8%,0.357500,2.80,,,,,,,,,,,Sin cuota/EV,No encontrado en Betano,Solo modelo,4,47.75,47.752000,,Betano mapeado,Baja,contexto premium fallback reciente,usa promedios recientes multi-competicion/API-Football,el volumen ofensivo puede variar por planteamiento y marcador temprano,https://www.betano.pe/cuotas-de-partido/liverpool-fc-atletico-madrid/91592850/
2026-09-09,14:00,Liverpool vs Atletico Madrid,,,Corners total +11.5,CORNERS_TOTALS OVER.11.5,CORNERS_TOTALS:OVER_11_5,35.5%,0.355400,2.81,,,,,,,,,,,Sin cuota/EV,No encontrado en Betano,Solo modelo,6,61.54,61.538000,,Betano mapeado,Baja,contexto premium fallback reciente,usa promedios recientes multi-competicion/API-Football,el volumen ofensivo puede variar por planteamiento y marcador temprano,https://www.betano.pe/cuotas-de-partido/liverpool-fc-atletico-madrid/91592850/
2026-09-09,14:00,Liverpool vs Atletico Madrid,,Betano,Tarjetas total -3.5,CARDS_TOTALS UNDER.3.5,CARDS_TOTALS:UNDER_3_5,35.4%,0.353700,2.83,,,,,,2.07,-0.27,-0.267800,-0.76,0.73,Sin cuota/EV,EV negativo Betano,Solo modelo,3,43.09,43.088000,,Betano mapeado,Baja,contexto premium fallback reciente,usa promedios recientes multi-competicion/API-Football,depende mucho del arbitro y del contexto competitivo,https://www.betano.pe/cuotas-de-partido/liverpool-fc-atletico-madrid/91592850/
2026-09-09,14:00,Liverpool vs Atletico Madrid,10Bet,Betano,Gana visita,1X2 AWAY,1X2:AWAY,35.4%,0.353600,2.83,5.50,0.94,0.944700,2.67,1.94,4.80,0.70,0.697300,1.97,1.70,EV positivo,EV positivo Betano,Revisar,7,90.52,90.521000,Cuota API muy superior a la cuota justa: revisar manualmente antes de apostar,Betano mapeado,Baja,fallback ultimos partidos,usa Poisson fallback con ultimos partidos multi-competicion,riesgo propio del resultado final y variacion del modelo,https://www.betano.pe/cuotas-de-partido/liverpool-fc-atletico-madrid/91592850/
2026-09-09,14:00,Liverpool vs Atletico Madrid,,,Local corners +6.5,CORNERS_HOME OVER.6.5,CORNERS_HOME:OVER_6_5,31.4%,0.314000,3.19,,,,,,,,,,,Sin cuota/EV,No encontrado en Betano,Solo modelo,4,43.40,43.396000,,Betano mapeado,Baja,contexto premium fallback reciente,usa promedios recientes multi-competicion/API-Football,el volumen ofensivo puede variar por planteamiento y marcador temprano,https://www.betano.pe/cuotas-de-partido/liverpool-fc-atletico-madrid/91592850/
2026-09-09,14:00,Liverpool vs Atletico Madrid,,Betano,Local goles +2.5,TEAM_TOTAL_HOME OVER.2.5,TEAM_TOTAL_HOME:OVER_2_5,30.8%,0.307900,3.25,,,,,,2.80,-0.14,-0.137900,-0.45,0.86,Sin cuota/EV,EV negativo Betano,Solo modelo,4,48.59,48.589000,,Betano mapeado,Baja,fallback ultimos partidos,usa Poisson fallback con ultimos partidos multi-competicion,un gol temprano o baja eficacia puede cambiar la lectura del mercado,https://www.betano.pe/cuotas-de-partido/liverpool-fc-atletico-madrid/91592850/
2026-09-09,14:00,Liverpool vs Atletico Madrid,10Bet,Betano,BTTS no,BTTS NO,BTTS:NO,29.2%,0.292300,3.42,1.25,-0.63,-0.634700,-2.17,0.37,2.22,-0.35,-0.351100,-1.20,0.65,EV negativo,EV negativo Betano,Revisar,8,52.19,52.185000,Cuota por debajo de la cuota justa: valor limitado,Betano mapeado,Baja,fallback ultimos partidos,usa Poisson fallback con ultimos partidos multi-competicion,un gol temprano o baja eficacia puede cambiar la lectura del mercado,https://www.betano.pe/cuotas-de-partido/liverpool-fc-atletico-madrid/91592850/
2026-09-09,14:00,Liverpool vs Atletico Madrid,10Bet,Betano,Goles -2.5,TOTALS UNDER.2.5,TOTALS:UNDER_2_5,28.7%,0.286700,3.49,1.28,-0.63,-0.633000,-2.21,0.37,2.30,-0.34,-0.340600,-1.19,0.66,EV negativo,EV negativo Betano,Revisar,8,51.83,51.830000,Cuota por debajo de la cuota justa: valor limitado,Betano mapeado,Baja,fallback ultimos partidos,usa Poisson fallback con ultimos partidos multi-competicion,un gol temprano o baja eficacia puede cambiar la lectura del mercado,https://www.betano.pe/cuotas-de-partido/liverpool-fc-atletico-madrid/91592850/
2026-09-09,14:00,Liverpool vs Atletico Madrid,,,Tarjetas total +5.5,CARDS_TOTALS OVER.5.5,CARDS_TOTALS:OVER_5_5,28.6%,0.285700,3.50,,,,,,,,,,,Sin cuota/EV,No encontrado en Betano,Solo modelo,3,32.57,32.567000,,Betano mapeado,Baja,contexto premium fallback reciente,usa promedios recientes multi-competicion/API-Football,depende mucho del arbitro y del contexto competitivo,https://www.betano.pe/cuotas-de-partido/liverpool-fc-atletico-madrid/91592850/
2026-09-09,14:00,Liverpool vs Atletico Madrid,,Betano,Corners total -8.5,CORNERS_TOTALS UNDER.8.5,CORNERS_TOTALS:UNDER_8_5,28.4%,0.284500,3.52,,,,,,2.07,-0.41,-0.411100,-1.45,0.59,Sin cuota/EV,EV negativo Betano,Solo modelo,6,55.87,55.871000,,Betano mapeado,Baja,contexto premium fallback reciente,usa promedios recientes multi-competicion/API-Football,el volumen ofensivo puede variar por planteamiento y marcador temprano,https://www.betano.pe/cuotas-de-partido/liverpool-fc-atletico-madrid/91592850/
2026-09-09,14:00,Liverpool vs Atletico Madrid,,,Visita tarjetas +2.5,CARDS_AWAY OVER.2.5,CARDS_AWAY:OVER_2_5,27.8%,0.278200,3.59,,,,,,,,,,,Sin cuota/EV,No encontrado en Betano,Solo modelo,2,26.82,26.823000,,Betano mapeado,Baja,contexto premium fallback reciente,usa promedios recientes multi-competicion/API-Football,depende mucho del arbitro y del contexto competitivo,https://www.betano.pe/cuotas-de-partido/liverpool-fc-atletico-madrid/91592850/
2026-09-09,14:00,Liverpool vs Atletico Madrid,10Bet,,Visita corners -3.5,CORNERS_AWAY UNDER.3.5,CORNERS_AWAY:UNDER_3_5,27.2%,0.272100,3.67,1.70,-0.54,-0.537400,-1.97,0.46,,,,,,EV negativo,No encontrado en Betano,Revisar,4,25.54,25.538000,Cuota por debajo de la cuota justa: valor limitado,Betano mapeado,Baja,contexto premium fallback reciente,usa promedios recientes multi-competicion/API-Football,el volumen ofensivo puede variar por planteamiento y marcador temprano,https://www.betano.pe/cuotas-de-partido/liverpool-fc-atletico-madrid/91592850/
2026-09-09,14:00,Liverpool vs Atletico Madrid,,,SHOTS_TOTAL UNDER.26.5,SHOTS_TOTAL UNDER.26.5,SHOTS_TOTAL:UNDER_26_5,26.8%,0.268300,3.73,,,,,,,,,,,Sin cuota/EV,No encontrado en Betano,Solo modelo,2,25.83,25.831000,,Betano mapeado,Baja,contexto premium fallback reciente,usa promedios recientes multi-competicion/API-Football,el volumen ofensivo puede variar por planteamiento y marcador temprano,https://www.betano.pe/cuotas-de-partido/liverpool-fc-atletico-madrid/91592850/
2026-09-09,14:00,Liverpool vs Atletico Madrid,,,Local tarjetas -1.5,CARDS_HOME UNDER.1.5,CARDS_HOME:UNDER_1_5,26.7%,0.267400,3.74,,,,,,,,,,,Sin cuota/EV,No encontrado en Betano,Solo modelo,2,25.74,25.738000,,Betano mapeado,Baja,contexto premium fallback reciente,usa promedios recientes multi-competicion/API-Football,depende mucho del arbitro y del contexto competitivo,https://www.betano.pe/cuotas-de-partido/liverpool-fc-atletico-madrid/91592850/
2026-09-09,14:00,Liverpool vs Atletico Madrid,,,SHOTS_ON_TARGET_TOTAL UNDER.8.5,SHOTS_ON_TARGET_TOTAL UNDER.8.5,SHOTS_ON_TARGET_TOTAL:UNDER_8_5,26.5%,0.264500,3.78,,,,,,,,,,,Sin cuota/EV,No encontrado en Betano,Solo modelo,2,25.45,25.455000,,Betano mapeado,Baja,contexto premium fallback reciente,usa promedios recientes multi-competicion/API-Football,el volumen ofensivo puede variar por planteamiento y marcador temprano,https://www.betano.pe/cuotas-de-partido/liverpool-fc-atletico-madrid/91592850/
2026-09-09,14:00,Liverpool vs Atletico Madrid,,,Local tarjetas +3.5,CARDS_HOME OVER.3.5,CARDS_HOME:OVER_3_5,26.4%,0.264000,3.79,,,,,,,,,,,Sin cuota/EV,No encontrado en Betano,Solo modelo,2,25.40,25.400000,,Betano mapeado,Baja,contexto premium fallback reciente,usa promedios recientes multi-competicion/API-Football,depende mucho del arbitro y del contexto competitivo,https://www.betano.pe/cuotas-de-partido/liverpool-fc-atletico-madrid/91592850/
2026-09-09,14:00,Liverpool vs Atletico Madrid,,Betano,Visita goles +2.5,TEAM_TOTAL_AWAY OVER.2.5,TEAM_TOTAL_AWAY:OVER_2_5,25.6%,0.255900,3.91,,,,,,6.70,0.71,0.714500,2.79,1.71,Sin cuota/EV,EV positivo Betano,Solo modelo,4,57.02,57.021000,,Betano mapeado,Baja,fallback ultimos partidos,usa Poisson fallback con ultimos partidos multi-competicion,un gol temprano o baja eficacia puede cambiar la lectura del mercado,https://www.betano.pe/cuotas-de-partido/liverpool-fc-atletico-madrid/91592850/
2026-09-09,14:00,Liverpool vs Atletico Madrid,10Bet,Betano,1T -0.5,FIRST_HALF_TOTALS UNDER.0.5,FIRST_HALF_TOTALS:UNDER_0_5,24.7%,0.246600,4.05,1.55,-0.62,-0.617800,-2.51,0.38,3.20,-0.21,-0.210900,-0.85,0.79,EV negativo,EV negativo Betano,Revisar,5,35.17,35.166000,Cuota por debajo de la cuota justa: valor limitado,Betano mapeado,Baja,contexto premium fallback reciente,usa promedios recientes multi-competicion/API-Football,el primer tiempo puede tener ritmo bajo o rotaciones,https://www.betano.pe/cuotas-de-partido/liverpool-fc-atletico-madrid/91592850/
2026-09-09,14:00,Liverpool vs Atletico Madrid,,,Visita corners +6.5,CORNERS_AWAY OVER.6.5,CORNERS_AWAY:OVER_6_5,23.1%,0.230500,4.34,,,,,,,,,,,Sin cuota/EV,No encontrado en Betano,Solo modelo,4,35.05,35.054000,,Betano mapeado,Baja,contexto premium fallback reciente,usa promedios recientes multi-competicion/API-Football,el volumen ofensivo puede variar por planteamiento y marcador temprano,https://www.betano.pe/cuotas-de-partido/liverpool-fc-atletico-madrid/91592850/
2026-09-09,14:00,Liverpool vs Atletico Madrid,10Bet,Betano,Empate,1X2 DRAW,1X2:DRAW,21.5%,0.215400,4.64,1.83,-0.61,-0.605900,-2.81,0.39,4.00,-0.14,-0.138400,-0.64,0.86,EV negativo,EV negativo Betano,Revisar,7,43.42,43.417000,Cuota por debajo de la cuota justa: valor limitado,Betano mapeado,Baja,fallback ultimos partidos,usa Poisson fallback con ultimos partidos multi-competicion,riesgo propio del resultado final y variacion del modelo,https://www.betano.pe/cuotas-de-partido/liverpool-fc-atletico-madrid/91592850/
2026-09-09,14:00,Liverpool vs Atletico Madrid,,,Local corners -3.5,CORNERS_HOME UNDER.3.5,CORNERS_HOME:UNDER_3_5,20.2%,0.201700,4.96,,,,,,,,,,,Sin cuota/EV,No encontrado en Betano,Solo modelo,4,32.17,32.170000,,Betano mapeado,Baja,contexto premium fallback reciente,usa promedios recientes multi-competicion/API-Football,el volumen ofensivo puede variar por planteamiento y marcador temprano,https://www.betano.pe/cuotas-de-partido/liverpool-fc-atletico-madrid/91592850/
2026-09-09,14:00,Liverpool vs Atletico Madrid,,Betano,Corners total -7.5,CORNERS_TOTALS UNDER.7.5,CORNERS_TOTALS:UNDER_7_5,18.2%,0.182400,5.48,,,,,,2.87,-0.48,-0.476500,-2.61,0.52,Sin cuota/EV,EV negativo Betano,Solo modelo,6,44.62,44.615000,,Betano mapeado,Baja,contexto premium fallback reciente,usa promedios recientes multi-competicion/API-Football,el volumen ofensivo puede variar por planteamiento y marcador temprano,https://www.betano.pe/cuotas-de-partido/liverpool-fc-atletico-madrid/91592850/
2026-09-09,14:00,Liverpool vs Atletico Madrid,,Betano,Tarjetas total -2.5,CARDS_TOTALS UNDER.2.5,CARDS_TOTALS:UNDER_2_5,18.1%,0.181300,5.52,,,,,,3.25,-0.41,-0.410800,-2.27,0.59,Sin cuota/EV,EV negativo Betano,Solo modelo,3,23.55,23.553000,,Betano mapeado,Baja,contexto premium fallback reciente,usa promedios recientes multi-competicion/API-Football,depende mucho del arbitro y del contexto competitivo,https://www.betano.pe/cuotas-de-partido/liverpool-fc-atletico-madrid/91592850/
2026-09-09,14:00,Liverpool vs Atletico Madrid,,Betano,Visita goles -0.5,TEAM_TOTAL_AWAY UNDER.0.5,TEAM_TOTAL_AWAY:UNDER_0_5,17.4%,0.174000,5.75,,,,,,2.72,-0.53,-0.526700,-3.03,0.47,Sin cuota/EV,EV negativo Betano,Solo modelo,4,28.98,28.975000,,Betano mapeado,Baja,fallback ultimos partidos,usa Poisson fallback con ultimos partidos multi-competicion,un gol temprano o baja eficacia puede cambiar la lectura del mercado,https://www.betano.pe/cuotas-de-partido/liverpool-fc-atletico-madrid/91592850/
2026-09-09,14:00,Liverpool vs Atletico Madrid,,,SHOTS_ON_TARGET_TOTAL UNDER.7.5,SHOTS_ON_TARGET_TOTAL UNDER.7.5,SHOTS_ON_TARGET_TOTAL:UNDER_7_5,16.7%,0.167300,5.98,,,,,,,,,,,Sin cuota/EV,No encontrado en Betano,Solo modelo,2,15.73,15.727000,,Betano mapeado,Baja,contexto premium fallback reciente,usa promedios recientes multi-competicion/API-Football,el volumen ofensivo puede variar por planteamiento y marcador temprano,https://www.betano.pe/cuotas-de-partido/liverpool-fc-atletico-madrid/91592850/
2026-09-09,14:00,Liverpool vs Atletico Madrid,,,Tarjetas total +6.5,CARDS_TOTALS OVER.6.5,CARDS_TOTALS:OVER_6_5,16.1%,0.160500,6.23,,,,,,,,,,,Sin cuota/EV,No encontrado en Betano,Solo modelo,3,20.05,20.046000,,Betano mapeado,Baja,contexto premium fallback reciente,usa promedios recientes multi-competicion/API-Football,depende mucho del arbitro y del contexto competitivo,https://www.betano.pe/cuotas-de-partido/liverpool-fc-atletico-madrid/91592850/
2026-09-09,14:00,Liverpool vs Atletico Madrid,,,Visita tarjetas -0.5,CARDS_AWAY UNDER.0.5,CARDS_AWAY:UNDER_0_5,16.0%,0.159900,6.25,,,,,,,,,,,Sin cuota/EV,No encontrado en Betano,Solo modelo,2,14.99,14.993000,,Betano mapeado,Baja,contexto premium fallback reciente,usa promedios recientes multi-competicion/API-Football,depende mucho del arbitro y del contexto competitivo,https://www.betano.pe/cuotas-de-partido/liverpool-fc-atletico-madrid/91592850/
2026-09-09,14:00,Liverpool vs Atletico Madrid,,,SHOTS_TOTAL UNDER.24.5,SHOTS_TOTAL UNDER.24.5,SHOTS_TOTAL:UNDER_24_5,15.8%,0.157900,6.33,,,,,,,,,,,Sin cuota/EV,No encontrado en Betano,Solo modelo,2,14.79,14.795000,,Betano mapeado,Baja,contexto premium fallback reciente,usa promedios recientes multi-competicion/API-Football,el volumen ofensivo puede variar por planteamiento y marcador temprano,https://www.betano.pe/cuotas-de-partido/liverpool-fc-atletico-madrid/91592850/
2026-09-09,14:00,Liverpool vs Atletico Madrid,,Betano,Local goles -0.5,TEAM_TOTAL_HOME UNDER.0.5,TEAM_TOTAL_HOME:UNDER_0_5,14.3%,0.143400,6.97,,,,,,5.50,-0.21,-0.211300,-1.47,0.79,Sin cuota/EV,EV negativo Betano,Solo modelo,4,30.96,30.959000,,Betano mapeado,Baja,fallback ultimos partidos,usa Poisson fallback con ultimos partidos multi-competicion,un gol temprano o baja eficacia puede cambiar la lectura del mercado,https://www.betano.pe/cuotas-de-partido/liverpool-fc-atletico-madrid/91592850/
2026-09-09,14:00,Liverpool vs Atletico Madrid,10Bet,Betano,Goles -1.5,TOTALS UNDER.1.5,TOTALS:UNDER_1_5,11.7%,0.117000,8.54,1.95,-0.77,-0.771800,-6.59,0.23,4.50,-0.47,-0.473500,-4.04,0.53,EV negativo,EV negativo Betano,Revisar,1,-2.87,-2.873000,Cuota por debajo de la cuota justa: valor limitado,Betano mapeado,Baja,fallback ultimos partidos,usa Poisson fallback con ultimos partidos multi-competicion,un gol temprano o baja eficacia puede cambiar la lectura del mercado,https://www.betano.pe/cuotas-de-partido/liverpool-fc-atletico-madrid/91592850/
2026-09-09,14:00,Liverpool vs Atletico Madrid,,,Visita tarjetas +3.5,CARDS_AWAY OVER.3.5,CARDS_AWAY:OVER_3_5,11.4%,0.114100,8.77,,,,,,,,,,,Sin cuota/EV,No encontrado en Betano,Solo modelo,2,10.41,10.407000,,Betano mapeado,Baja,contexto premium fallback reciente,usa promedios recientes multi-competicion/API-Football,depende mucho del arbitro y del contexto competitivo,https://www.betano.pe/cuotas-de-partido/liverpool-fc-atletico-madrid/91592850/
2026-09-09,14:00,Liverpool vs Atletico Madrid,,,SHOTS_ON_TARGET_TOTAL UNDER.6.5,SHOTS_ON_TARGET_TOTAL UNDER.6.5,SHOTS_ON_TARGET_TOTAL:UNDER_6_5,9.4%,0.094200,10.62,,,,,,,,,,,Sin cuota/EV,No encontrado en Betano,Solo modelo,2,8.42,8.419000,,Betano mapeado,Baja,contexto premium fallback reciente,usa promedios recientes multi-competicion/API-Football,el volumen ofensivo puede variar por planteamiento y marcador temprano,https://www.betano.pe/cuotas-de-partido/liverpool-fc-atletico-madrid/91592850/
2026-09-09,14:00,Liverpool vs Atletico Madrid,,,SHOTS_TOTAL UNDER.22.5,SHOTS_TOTAL UNDER.22.5,SHOTS_TOTAL:UNDER_22_5,8.1%,0.081000,12.35,,,,,,,,,,,Sin cuota/EV,No encontrado en Betano,Solo modelo,2,7.10,7.100000,,Betano mapeado,Baja,contexto premium fallback reciente,usa promedios recientes multi-competicion/API-Football,el volumen ofensivo puede variar por planteamiento y marcador temprano,https://www.betano.pe/cuotas-de-partido/liverpool-fc-atletico-madrid/91592850/
2026-09-09,14:00,Liverpool vs Atletico Madrid,,,Local tarjetas -0.5,CARDS_HOME UNDER.0.5,CARDS_HOME:UNDER_0_5,7.4%,0.074300,13.46,,,,,,,,,,,Sin cuota/EV,No encontrado en Betano,Solo modelo,2,6.43,6.427000,,Betano mapeado,Baja,contexto premium fallback reciente,usa promedios recientes multi-competicion/API-Football,depende mucho del arbitro y del contexto competitivo,https://www.betano.pe/cuotas-de-partido/liverpool-fc-atletico-madrid/91592850/
2026-09-09,14:00,Liverpool vs Atletico Madrid,,,SHOTS_TOTAL UNDER.20.5,SHOTS_TOTAL UNDER.20.5,SHOTS_TOTAL:UNDER_20_5,3.5%,0.035500,28.16,,,,,,,,,,,Sin cuota/EV,No encontrado en Betano,Solo modelo,2,2.55,2.551000,,Betano mapeado,Baja,contexto premium fallback reciente,usa promedios recientes multi-competicion/API-Football,el volumen ofensivo puede variar por planteamiento y marcador temprano,https://www.betano.pe/cuotas-de-partido/liverpool-fc-atletico-madrid/91592850/
2026-09-09,14:00,Liverpool vs Atletico Madrid,,,SHOTS_TOTAL UNDER.18.5,SHOTS_TOTAL UNDER.18.5,SHOTS_TOTAL:UNDER_18_5,1.3%,0.013000,76.77,,,,,,,,,,,Sin cuota/EV,No encontrado en Betano,Solo modelo,2,0.30,0.303000,,Betano mapeado,Baja,contexto premium fallback reciente,usa promedios recientes multi-competicion/API-Football,el volumen ofensivo puede variar por planteamiento y marcador temprano,https://www.betano.pe/cuotas-de-partido/liverpool-fc-atletico-madrid/91592850/
2026-09-09,14:00,Napoli vs Arsenal,,,Local tarjetas -3.5,CARDS_HOME UNDER.3.5,CARDS_HOME:UNDER_3_5,96.6%,0.966200,1.03,,,,,,,,,,,Sin cuota/EV,No encontrado en Betano,Solo modelo,2,95.62,95.623000,,Betano mapeado,Alta,contexto premium fallback reciente,usa promedios recientes multi-competicion/API-Football,depende mucho del arbitro y del contexto competitivo,https://www.betano.pe/cuotas-de-partido/ssc-napoli-arsenal-fc/91593877/
2026-09-09,14:00,Napoli vs Arsenal,,,Tarjetas total -6.5,CARDS_TOTALS UNDER.6.5,CARDS_TOTALS:UNDER_6_5,96.5%,0.964800,1.04,,,,,,,,,,,Sin cuota/EV,No encontrado en Betano,Solo modelo,3,100.48,100.480000,,Betano mapeado,Alta,contexto premium fallback reciente,usa promedios recientes multi-competicion/API-Football,depende mucho del arbitro y del contexto competitivo,https://www.betano.pe/cuotas-de-partido/ssc-napoli-arsenal-fc/91593877/
2026-09-09,14:00,Napoli vs Arsenal,,,SHOTS_TOTAL OVER.18.5,SHOTS_TOTAL OVER.18.5,SHOTS_TOTAL:OVER_18_5,93.2%,0.931800,1.07,,,,,,,,,,,Sin cuota/EV,No encontrado en Betano,Solo modelo,2,92.18,92.176000,,Betano mapeado,Alta,contexto premium fallback reciente,usa promedios recientes multi-competicion/API-Football,el volumen ofensivo puede variar por planteamiento y marcador temprano,https://www.betano.pe/cuotas-de-partido/ssc-napoli-arsenal-fc/91593877/
2026-09-09,14:00,Napoli vs Arsenal,,,Tarjetas total -5.5,CARDS_TOTALS UNDER.5.5,CARDS_TOTALS:UNDER_5_5,91.3%,0.912700,1.10,,,,,,,,,,,Sin cuota/EV,No encontrado en Betano,Solo modelo,3,95.27,95.272000,,Betano mapeado,Alta,contexto premium fallback reciente,usa promedios recientes multi-competicion/API-Football,depende mucho del arbitro y del contexto competitivo,https://www.betano.pe/cuotas-de-partido/ssc-napoli-arsenal-fc/91593877/
2026-09-09,14:00,Napoli vs Arsenal,,,Visita tarjetas -3.5,CARDS_AWAY UNDER.3.5,CARDS_AWAY:UNDER_3_5,88.6%,0.885900,1.13,,,,,,,,,,,Sin cuota/EV,No encontrado en Betano,Solo modelo,2,87.59,87.593000,,Betano mapeado,Alta,contexto premium fallback reciente,usa promedios recientes multi-competicion/API-Football,depende mucho del arbitro y del contexto competitivo,https://www.betano.pe/cuotas-de-partido/ssc-napoli-arsenal-fc/91593877/
2026-09-09,14:00,Napoli vs Arsenal,,,Local tarjetas -2.5,CARDS_HOME UNDER.2.5,CARDS_HOME:UNDER_2_5,87.9%,0.879500,1.14,,,,,,,,,,,Sin cuota/EV,No encontrado en Betano,Solo modelo,2,86.95,86.949000,,Betano mapeado,Alta,contexto premium fallback reciente,usa promedios recientes multi-competicion/API-Football,depende mucho del arbitro y del contexto competitivo,https://www.betano.pe/cuotas-de-partido/ssc-napoli-arsenal-fc/91593877/
2026-09-09,14:00,Napoli vs Arsenal,,,Local corners -6.5,CORNERS_HOME UNDER.6.5,CORNERS_HOME:UNDER_6_5,86.9%,0.869300,1.15,,,,,,,,,,,Sin cuota/EV,No encontrado en Betano,Solo modelo,4,98.93,98.934000,,Betano mapeado,Alta,contexto premium fallback reciente,usa promedios recientes multi-competicion/API-Football,el volumen ofensivo puede variar por planteamiento y marcador temprano,https://www.betano.pe/cuotas-de-partido/ssc-napoli-arsenal-fc/91593877/
2026-09-09,14:00,Napoli vs Arsenal,,,SHOTS_TOTAL OVER.20.5,SHOTS_TOTAL OVER.20.5,SHOTS_TOTAL:OVER_20_5,85.5%,0.854900,1.17,,,,,,,,,,,Sin cuota/EV,No encontrado en Betano,Solo modelo,2,84.49,84.494000,,Betano mapeado,Alta,contexto premium fallback reciente,usa promedios recientes multi-competicion/API-Football,el volumen ofensivo puede variar por planteamiento y marcador temprano,https://www.betano.pe/cuotas-de-partido/ssc-napoli-arsenal-fc/91593877/
2026-09-09,14:00,Napoli vs Arsenal,10Bet,Betano,Goles +1.5,TOTALS OVER.1.5,TOTALS:OVER_1_5,84.5%,0.844700,1.18,2.05,0.73,0.731500,0.87,1.73,1.31,0.11,0.106600,0.13,1.11,EV positivo,EV positivo Betano,Seguro,10,158.34,158.339000,,Betano mapeado,Alta,fallback ultimos partidos,usa Poisson fallback con ultimos partidos multi-competicion,un gol temprano o baja eficacia puede cambiar la lectura del mercado,https://www.betano.pe/cuotas-de-partido/ssc-napoli-arsenal-fc/91593877/
2026-09-09,14:00,Napoli vs Arsenal,,,Visita tarjetas +0.5,CARDS_AWAY OVER.0.5,CARDS_AWAY:OVER_0_5,84.0%,0.840100,1.19,,,,,,,,,,,Sin cuota/EV,No encontrado en Betano,Solo modelo,2,83.01,83.007000,,Betano mapeado,Alta,contexto premium fallback reciente,usa promedios recientes multi-competicion/API-Football,depende mucho del arbitro y del contexto competitivo,https://www.betano.pe/cuotas-de-partido/ssc-napoli-arsenal-fc/91593877/
2026-09-09,14:00,Napoli vs Arsenal,,Betano,Local goles +0.5,TEAM_TOTAL_HOME OVER.0.5,TEAM_TOTAL_HOME:OVER_0_5,82.2%,0.822200,1.22,,,,,,1.55,0.27,0.274400,0.33,1.27,Sin cuota/EV,EV positivo Betano,Solo modelo,4,106.61,106.614000,,Betano mapeado,Alta,fallback ultimos partidos,usa Poisson fallback con ultimos partidos multi-competicion,un gol temprano o baja eficacia puede cambiar la lectura del mercado,https://www.betano.pe/cuotas-de-partido/ssc-napoli-arsenal-fc/91593877/
2026-09-09,14:00,Napoli vs Arsenal,,Betano,Tarjetas total -4.5,CARDS_TOTALS UNDER.4.5,CARDS_TOTALS:UNDER_4_5,81.0%,0.809700,1.24,,,,,,1.36,0.10,0.101200,0.12,1.10,Sin cuota/EV,EV positivo Betano,Solo modelo,3,94.59,94.588000,,Betano mapeado,Alta,contexto premium fallback reciente,usa promedios recientes multi-competicion/API-Football,depende mucho del arbitro y del contexto competitivo,https://www.betano.pe/cuotas-de-partido/ssc-napoli-arsenal-fc/91593877/
2026-09-09,14:00,Napoli vs Arsenal,,,Corners total -11.5,CORNERS_TOTALS UNDER.11.5,CORNERS_TOTALS:UNDER_11_5,80.8%,0.807800,1.24,,,,,,,,,,,Sin cuota/EV,No encontrado en Betano,Solo modelo,6,106.78,106.783000,,Betano mapeado,Alta,contexto premium fallback reciente,usa promedios recientes multi-competicion/API-Football,el volumen ofensivo puede variar por planteamiento y marcador temprano,https://www.betano.pe/cuotas-de-partido/ssc-napoli-arsenal-fc/91593877/
2026-09-09,14:00,Napoli vs Arsenal,10Bet,Betano,1T +0.5,FIRST_HALF_TOTALS OVER.0.5,FIRST_HALF_TOTALS:OVER_0_5,79.8%,0.798100,1.25,1.75,0.40,0.396700,0.50,1.40,1.44,0.15,0.149300,0.19,1.15,EV positivo,EV positivo Betano,Valor,5,120.34,120.340000,,Betano mapeado,Alta,contexto premium fallback reciente,usa promedios recientes multi-competicion/API-Football,el primer tiempo puede tener ritmo bajo o rotaciones,https://www.betano.pe/cuotas-de-partido/ssc-napoli-arsenal-fc/91593877/
2026-09-09,14:00,Napoli vs Arsenal,,Betano,Visita goles +0.5,TEAM_TOTAL_AWAY OVER.0.5,TEAM_TOTAL_AWAY:OVER_0_5,79.8%,0.798000,1.25,,,,,,1.18,-0.06,-0.058400,-0.07,0.94,Sin cuota/EV,EV negativo Betano,Solo modelo,4,98.86,98.865000,,Betano mapeado,Alta,fallback ultimos partidos,usa Poisson fallback con ultimos partidos multi-competicion,un gol temprano o baja eficacia puede cambiar la lectura del mercado,https://www.betano.pe/cuotas-de-partido/ssc-napoli-arsenal-fc/91593877/
2026-09-09,14:00,Napoli vs Arsenal,,,Visita corners -6.5,CORNERS_AWAY UNDER.6.5,CORNERS_AWAY:UNDER_6_5,79.5%,0.795500,1.26,,,,,,,,,,,Sin cuota/EV,No encontrado en Betano,Solo modelo,4,91.55,91.547000,,Betano mapeado,Alta,contexto premium fallback reciente,usa promedios recientes multi-competicion/API-Football,el volumen ofensivo puede variar por planteamiento y marcador temprano,https://www.betano.pe/cuotas-de-partido/ssc-napoli-arsenal-fc/91593877/
2026-09-09,14:00,Napoli vs Arsenal,,Betano,Visita goles -2.5,TEAM_TOTAL_AWAY UNDER.2.5,TEAM_TOTAL_AWAY:UNDER_2_5,78.3%,0.783400,1.28,,,,,,1.29,0.01,0.010600,0.01,1.01,Sin cuota/EV,EV positivo Betano,Solo modelo,4,98.51,98.512000,,Betano mapeado,Alta,fallback ultimos partidos,usa Poisson fallback con ultimos partidos multi-competicion,un gol temprano o baja eficacia puede cambiar la lectura del mercado,https://www.betano.pe/cuotas-de-partido/ssc-napoli-arsenal-fc/91593877/
2026-09-09,14:00,Napoli vs Arsenal,,,DOUBLE_CHANCE 12,DOUBLE_CHANCE 12,DOUBLE_CHANCE:12,77.1%,0.771300,1.30,,,,,,,,,,,Sin cuota/EV,No encontrado en Betano,Solo modelo,9,118.13,118.128000,,Betano mapeado,Alta,fallback ultimos partidos,usa Poisson fallback con ultimos partidos multi-competicion,riesgo propio del resultado final y variacion del modelo,https://www.betano.pe/cuotas-de-partido/ssc-napoli-arsenal-fc/91593877/
2026-09-09,14:00,Napoli vs Arsenal,,,Local corners -5.5,CORNERS_HOME UNDER.5.5,CORNERS_HOME:UNDER_5_5,75.6%,0.755800,1.32,,,,,,,,,,,Sin cuota/EV,No encontrado en Betano,Solo modelo,4,87.58,87.583000,,Betano mapeado,Alta,contexto premium fallback reciente,usa promedios recientes multi-competicion/API-Football,el volumen ofensivo puede variar por planteamiento y marcador temprano,https://www.betano.pe/cuotas-de-partido/ssc-napoli-arsenal-fc/91593877/
2026-09-09,14:00,Napoli vs Arsenal,,Betano,Local goles -2.5,TEAM_TOTAL_HOME UNDER.2.5,TEAM_TOTAL_HOME:UNDER_2_5,75.0%,0.749900,1.33,,,,,,1.05,-0.21,-0.212600,-0.28,0.79,Sin cuota/EV,EV negativo Betano,Solo modelo,4,91.59,91.589000,,Betano mapeado,Alta,fallback ultimos partidos,usa Poisson fallback con ultimos partidos multi-competicion,un gol temprano o baja eficacia puede cambiar la lectura del mercado,https://www.betano.pe/cuotas-de-partido/ssc-napoli-arsenal-fc/91593877/
2026-09-09,14:00,Napoli vs Arsenal,,,SHOTS_ON_TARGET_TOTAL OVER.6.5,SHOTS_ON_TARGET_TOTAL OVER.6.5,SHOTS_ON_TARGET_TOTAL:OVER_6_5,74.4%,0.743800,1.34,,,,,,,,,,,Sin cuota/EV,No encontrado en Betano,Solo modelo,2,73.38,73.382000,,Betano mapeado,Alta,contexto premium fallback reciente,usa promedios recientes multi-competicion/API-Football,el volumen ofensivo puede variar por planteamiento y marcador temprano,https://www.betano.pe/cuotas-de-partido/ssc-napoli-arsenal-fc/91593877/
2026-09-09,14:00,Napoli vs Arsenal,,,SHOTS_TOTAL OVER.22.5,SHOTS_TOTAL OVER.22.5,SHOTS_TOTAL:OVER_22_5,73.9%,0.739000,1.35,,,,,,,,,,,Sin cuota/EV,No encontrado en Betano,Solo modelo,2,72.90,72.899000,,Betano mapeado,Alta,contexto premium fallback reciente,usa promedios recientes multi-competicion/API-Football,el volumen ofensivo puede variar por planteamiento y marcador temprano,https://www.betano.pe/cuotas-de-partido/ssc-napoli-arsenal-fc/91593877/
2026-09-09,14:00,Napoli vs Arsenal,,,Visita tarjetas -2.5,CARDS_AWAY UNDER.2.5,CARDS_AWAY:UNDER_2_5,72.2%,0.721800,1.39,,,,,,,,,,,Sin cuota/EV,No encontrado en Betano,Solo modelo,2,71.18,71.177000,,Betano mapeado,Alta,contexto premium fallback reciente,usa promedios recientes multi-competicion/API-Football,depende mucho del arbitro y del contexto competitivo,https://www.betano.pe/cuotas-de-partido/ssc-napoli-arsenal-fc/91593877/
2026-09-09,14:00,Napoli vs Arsenal,,,Corners total -10.5,CORNERS_TOTALS UNDER.10.5,CORNERS_TOTALS:UNDER_10_5,71.2%,0.711900,1.41,,,,,,,,,,,Sin cuota/EV,No encontrado en Betano,Solo modelo,6,97.19,97.190000,,Betano mapeado,Alta,contexto premium fallback reciente,usa promedios recientes multi-competicion/API-Football,el volumen ofensivo puede variar por planteamiento y marcador temprano,https://www.betano.pe/cuotas-de-partido/ssc-napoli-arsenal-fc/91593877/
2026-09-09,14:00,Napoli vs Arsenal,,,Visita corners +3.5,CORNERS_AWAY OVER.3.5,CORNERS_AWAY:OVER_3_5,70.1%,0.700700,1.43,,,,,,,,,,,Sin cuota/EV,No encontrado en Betano,Solo modelo,4,82.07,82.066000,,Betano mapeado,Alta,contexto premium fallback reciente,usa promedios recientes multi-competicion/API-Football,el volumen ofensivo puede variar por planteamiento y marcador temprano,https://www.betano.pe/cuotas-de-partido/ssc-napoli-arsenal-fc/91593877/
2026-09-09,14:00,Napoli vs Arsenal,,,Local tarjetas +0.5,CARDS_HOME OVER.0.5,CARDS_HOME:OVER_0_5,69.9%,0.698800,1.43,,,,,,,,,,,Sin cuota/EV,No encontrado en Betano,Solo modelo,2,68.88,68.881000,,Betano mapeado,Media,contexto premium fallback reciente,usa promedios recientes multi-competicion/API-Football,depende mucho del arbitro y del contexto competitivo,https://www.betano.pe/cuotas-de-partido/ssc-napoli-arsenal-fc/91593877/
2026-09-09,14:00,Napoli vs Arsenal,,Betano,Corners total +7.5,CORNERS_TOTALS OVER.7.5,CORNERS_TOTALS:OVER_7_5,67.0%,0.670200,1.49,,,,,,1.42,-0.05,-0.048300,-0.07,0.95,Sin cuota/EV,EV negativo Betano,Solo modelo,6,100.25,100.248000,,Betano mapeado,Media,contexto premium fallback reciente,usa promedios recientes multi-competicion/API-Football,el volumen ofensivo puede variar por planteamiento y marcador temprano,https://www.betano.pe/cuotas-de-partido/ssc-napoli-arsenal-fc/91593877/
2026-09-09,14:00,Napoli vs Arsenal,,,Local tarjetas -1.5,CARDS_HOME UNDER.1.5,CARDS_HOME:UNDER_1_5,66.3%,0.662600,1.51,,,,,,,,,,,Sin cuota/EV,No encontrado en Betano,Solo modelo,2,65.26,65.263000,,Betano mapeado,Media,contexto premium fallback reciente,usa promedios recientes multi-competicion/API-Football,depende mucho del arbitro y del contexto competitivo,https://www.betano.pe/cuotas-de-partido/ssc-napoli-arsenal-fc/91593877/
2026-09-09,14:00,Napoli vs Arsenal,,,Visita corners -5.5,CORNERS_AWAY UNDER.5.5,CORNERS_AWAY:UNDER_5_5,65.7%,0.656900,1.52,,,,,,,,,,,Sin cuota/EV,No encontrado en Betano,Solo modelo,4,77.69,77.686000,,Betano mapeado,Media,contexto premium fallback reciente,usa promedios recientes multi-competicion/API-Football,el volumen ofensivo puede variar por planteamiento y marcador temprano,https://www.betano.pe/cuotas-de-partido/ssc-napoli-arsenal-fc/91593877/
2026-09-09,14:00,Napoli vs Arsenal,10Bet,Betano,BTTS sí,BTTS YES,BTTS:YES,65.6%,0.656200,1.52,4.20,1.76,1.756200,2.68,2.76,1.82,0.19,0.194300,0.30,1.19,EV positivo,EV positivo Betano,Valor,8,126.73,126.732000,Cuota API muy superior a la cuota justa: revisar manualmente antes de apostar,Betano mapeado,Media,fallback ultimos partidos,usa Poisson fallback con ultimos partidos multi-competicion,un gol temprano o baja eficacia puede cambiar la lectura del mercado,https://www.betano.pe/cuotas-de-partido/ssc-napoli-arsenal-fc/91593877/
2026-09-09,14:00,Napoli vs Arsenal,,,SHOTS_ON_TARGET_TOTAL UNDER.9.5,SHOTS_ON_TARGET_TOTAL UNDER.9.5,SHOTS_ON_TARGET_TOTAL:UNDER_9_5,65.3%,0.653000,1.53,,,,,,,,,,,Sin cuota/EV,No encontrado en Betano,Solo modelo,2,64.30,64.297000,,Betano mapeado,Media,contexto premium fallback reciente,usa promedios recientes multi-competicion/API-Football,el volumen ofensivo puede variar por planteamiento y marcador temprano,https://www.betano.pe/cuotas-de-partido/ssc-napoli-arsenal-fc/91593877/
2026-09-09,14:00,Napoli vs Arsenal,10Bet,Betano,Goles +2.5,TOTALS OVER.2.5,TOTALS:OVER_2_5,64.6%,0.646000,1.55,4.33,1.80,1.797400,2.78,2.80,1.91,0.23,0.233900,0.36,1.23,EV positivo,EV positivo Betano,Valor,8,126.35,126.346000,Cuota API muy superior a la cuota justa: revisar manualmente antes de apostar,Betano mapeado,Media,fallback ultimos partidos,usa Poisson fallback con ultimos partidos multi-competicion,un gol temprano o baja eficacia puede cambiar la lectura del mercado,https://www.betano.pe/cuotas-de-partido/ssc-napoli-arsenal-fc/91593877/
2026-09-09,14:00,Napoli vs Arsenal,,,DOUBLE_CHANCE 1X,DOUBLE_CHANCE 1X,DOUBLE_CHANCE:1X,64.1%,0.641200,1.56,,,,,,,,,,,Sin cuota/EV,No encontrado en Betano,Solo modelo,9,105.12,105.119000,,Betano mapeado,Media,fallback ultimos partidos,usa Poisson fallback con ultimos partidos multi-competicion,riesgo propio del resultado final y variacion del modelo,https://www.betano.pe/cuotas-de-partido/ssc-napoli-arsenal-fc/91593877/
2026-09-09,14:00,Napoli vs Arsenal,,Betano,Tarjetas total -3.5,CARDS_TOTALS UNDER.3.5,CARDS_TOTALS:UNDER_3_5,64.0%,0.639800,1.56,,,,,,1.75,0.12,0.119700,0.19,1.12,Sin cuota/EV,EV positivo Betano,Solo modelo,3,77.90,77.899000,,Betano mapeado,Media,contexto premium fallback reciente,usa promedios recientes multi-competicion/API-Football,depende mucho del arbitro y del contexto competitivo,https://www.betano.pe/cuotas-de-partido/ssc-napoli-arsenal-fc/91593877/
2026-09-09,14:00,Napoli vs Arsenal,,,SHOTS_ON_TARGET_TOTAL OVER.7.5,SHOTS_ON_TARGET_TOTAL OVER.7.5,SHOTS_ON_TARGET_TOTAL:OVER_7_5,61.4%,0.614400,1.63,,,,,,,,,,,Sin cuota/EV,No encontrado en Betano,Solo modelo,2,60.44,60.440000,,Betano mapeado,Media,contexto premium fallback reciente,usa promedios recientes multi-competicion/API-Football,el volumen ofensivo puede variar por planteamiento y marcador temprano,https://www.betano.pe/cuotas-de-partido/ssc-napoli-arsenal-fc/91593877/
2026-09-09,14:00,Napoli vs Arsenal,,,Local corners +3.5,CORNERS_HOME OVER.3.5,CORNERS_HOME:OVER_3_5,60.2%,0.601500,1.66,,,,,,,,,,,Sin cuota/EV,No encontrado en Betano,Solo modelo,4,72.15,72.153000,,Betano mapeado,Media,contexto premium fallback reciente,usa promedios recientes multi-competicion/API-Football,el volumen ofensivo puede variar por planteamiento y marcador temprano,https://www.betano.pe/cuotas-de-partido/ssc-napoli-arsenal-fc/91593877/
2026-09-09,14:00,Napoli vs Arsenal,10Bet,Betano,Corners total -9.5,CORNERS_TOTALS UNDER.9.5,CORNERS_TOTALS:UNDER_9_5,59.4%,0.594000,1.68,1.70,0.01,0.009800,0.02,1.01,1.60,-0.05,-0.049600,-0.08,0.95,EV negativo,EV negativo Betano,Revisar,6,92.78,92.782000,,Betano mapeado,Media,contexto premium fallback reciente,usa promedios recientes multi-competicion/API-Football,el volumen ofensivo puede variar por planteamiento y marcador temprano,https://www.betano.pe/cuotas-de-partido/ssc-napoli-arsenal-fc/91593877/
2026-09-09,14:00,Napoli vs Arsenal,10Bet,,Local corners -4.5,CORNERS_HOME UNDER.4.5,CORNERS_HOME:UNDER_4_5,59.3%,0.593000,1.69,1.55,-0.08,-0.080800,-0.14,0.92,,,,,,EV negativo,No encontrado en Betano,Revisar,4,69.85,69.849000,,Betano mapeado,Media,contexto premium fallback reciente,usa promedios recientes multi-competicion/API-Football,el volumen ofensivo puede variar por planteamiento y marcador temprano,https://www.betano.pe/cuotas-de-partido/ssc-napoli-arsenal-fc/91593877/
2026-09-09,14:00,Napoli vs Arsenal,,,SHOTS_TOTAL OVER.24.5,SHOTS_TOTAL OVER.24.5,SHOTS_TOTAL:OVER_24_5,59.3%,0.592800,1.69,,,,,,,,,,,Sin cuota/EV,No encontrado en Betano,Solo modelo,2,58.28,58.276000,,Betano mapeado,Media,contexto premium fallback reciente,usa promedios recientes multi-competicion/API-Football,el volumen ofensivo puede variar por planteamiento y marcador temprano,https://www.betano.pe/cuotas-de-partido/ssc-napoli-arsenal-fc/91593877/
2026-09-09,14:00,Napoli vs Arsenal,,,DOUBLE_CHANCE X2,DOUBLE_CHANCE X2,DOUBLE_CHANCE:X2,58.8%,0.587500,1.70,,,,,,,,,,,Sin cuota/EV,No encontrado en Betano,Solo modelo,9,99.75,99.753000,,Betano mapeado,Media,fallback ultimos partidos,usa Poisson fallback con ultimos partidos multi-competicion,riesgo propio del resultado final y variacion del modelo,https://www.betano.pe/cuotas-de-partido/ssc-napoli-arsenal-fc/91593877/
2026-09-09,14:00,Napoli vs Arsenal,,Betano,Tarjetas total +2.5,CARDS_TOTALS OVER.2.5,CARDS_TOTALS:OVER_2_5,58.4%,0.584200,1.71,,,,,,1.45,-0.15,-0.152900,-0.26,0.85,Sin cuota/EV,EV negativo Betano,Solo modelo,3,67.97,67.970000,,Betano mapeado,Media,contexto premium fallback reciente,usa promedios recientes multi-competicion/API-Football,depende mucho del arbitro y del contexto competitivo,https://www.betano.pe/cuotas-de-partido/ssc-napoli-arsenal-fc/91593877/
2026-09-09,14:00,Napoli vs Arsenal,10Bet,Betano,Goles -3.5,TOTALS UNDER.3.5,TOTALS:UNDER_3_5,57.4%,0.574300,1.74,1.33,-0.24,-0.236200,-0.41,0.76,1.35,-0.22,-0.224700,-0.39,0.78,EV negativo,EV negativo Betano,Revisar,10,99.58,99.582000,Cuota por debajo de la cuota justa: valor limitado,Betano mapeado,Media,fallback ultimos partidos,usa Poisson fallback con ultimos partidos multi-competicion,un gol temprano o baja eficacia puede cambiar la lectura del mercado,https://www.betano.pe/cuotas-de-partido/ssc-napoli-arsenal-fc/91593877/
2026-09-09,14:00,Napoli vs Arsenal,,,SHOTS_TOTAL UNDER.26.5,SHOTS_TOTAL UNDER.26.5,SHOTS_TOTAL:UNDER_26_5,56.4%,0.563600,1.77,,,,,,,,,,,Sin cuota/EV,No encontrado en Betano,Solo modelo,2,55.36,55.360000,,Betano mapeado,Media,contexto premium fallback reciente,usa promedios recientes multi-competicion/API-Football,el volumen ofensivo puede variar por planteamiento y marcador temprano,https://www.betano.pe/cuotas-de-partido/ssc-napoli-arsenal-fc/91593877/
2026-09-09,14:00,Napoli vs Arsenal,,,Visita tarjetas +1.5,CARDS_AWAY OVER.1.5,CARDS_AWAY:OVER_1_5,54.7%,0.546900,1.83,,,,,,,,,,,Sin cuota/EV,No encontrado en Betano,Solo modelo,2,53.69,53.691000,,Betano mapeado,Baja,contexto premium fallback reciente,usa promedios recientes multi-competicion/API-Football,depende mucho del arbitro y del contexto competitivo,https://www.betano.pe/cuotas-de-partido/ssc-napoli-arsenal-fc/91593877/
2026-09-09,14:00,Napoli vs Arsenal,,Betano,Corners total +8.5,CORNERS_TOTALS OVER.8.5,CORNERS_TOTALS:OVER_8_5,53.8%,0.537700,1.86,,,,,,1.75,-0.06,-0.059000,-0.11,0.94,Sin cuota/EV,EV negativo Betano,Solo modelo,6,86.83,86.830000,,Betano mapeado,Baja,contexto premium fallback reciente,usa promedios recientes multi-competicion/API-Football,el volumen ofensivo puede variar por planteamiento y marcador temprano,https://www.betano.pe/cuotas-de-partido/ssc-napoli-arsenal-fc/91593877/
2026-09-09,14:00,Napoli vs Arsenal,10Bet,Betano,DNB local,DRAW_NO_BET HOME,DRAW_NO_BET:HOME,53.5%,0.534800,1.87,3.00,0.60,0.604400,1.13,1.60,3.35,0.79,0.791600,1.48,1.79,EV positivo,EV positivo Betano,Valor,9,128.02,128.023000,,Betano mapeado,Baja,fallback ultimos partidos,usa Poisson fallback con ultimos partidos multi-competicion,riesgo propio del resultado final y variacion del modelo,https://www.betano.pe/cuotas-de-partido/ssc-napoli-arsenal-fc/91593877/
2026-09-09,14:00,Napoli vs Arsenal,,Betano,Visita goles -1.5,TEAM_TOTAL_AWAY UNDER.1.5,TEAM_TOTAL_AWAY:UNDER_1_5,52.5%,0.525000,1.91,,,,,,1.93,0.01,0.013200,0.03,1.01,Sin cuota/EV,EV positivo Betano,Solo modelo,4,72.71,72.712000,,Betano mapeado,Baja,fallback ultimos partidos,usa Poisson fallback con ultimos partidos multi-competicion,un gol temprano o baja eficacia puede cambiar la lectura del mercado,https://www.betano.pe/cuotas-de-partido/ssc-napoli-arsenal-fc/91593877/
2026-09-09,14:00,Napoli vs Arsenal,10Bet,Betano,1T -1.5,FIRST_HALF_TOTALS UNDER.1.5,FIRST_HALF_TOTALS:UNDER_1_5,52.5%,0.524900,1.91,1.17,-0.39,-0.385800,-0.73,0.61,1.42,-0.25,-0.254600,-0.48,0.75,EV negativo,EV negativo Betano,Revisar,5,66.47,66.474000,Cuota por debajo de la cuota justa: valor limitado,Betano mapeado,Baja,contexto premium fallback reciente,usa promedios recientes multi-competicion/API-Football,el primer tiempo puede tener ritmo bajo o rotaciones,https://www.betano.pe/cuotas-de-partido/ssc-napoli-arsenal-fc/91593877/
2026-09-09,14:00,Napoli vs Arsenal,,,SHOTS_ON_TARGET_TOTAL UNDER.8.5,SHOTS_ON_TARGET_TOTAL UNDER.8.5,SHOTS_ON_TARGET_TOTAL:UNDER_8_5,52.3%,0.523100,1.91,,,,,,,,,,,Sin cuota/EV,No encontrado en Betano,Solo modelo,2,51.31,51.311000,,Betano mapeado,Baja,contexto premium fallback reciente,usa promedios recientes multi-competicion/API-Football,el volumen ofensivo puede variar por planteamiento y marcador temprano,https://www.betano.pe/cuotas-de-partido/ssc-napoli-arsenal-fc/91593877/
2026-09-09,14:00,Napoli vs Arsenal,10Bet,,Visita corners +4.5,CORNERS_AWAY OVER.4.5,CORNERS_AWAY:OVER_4_5,51.8%,0.517600,1.93,1.65,-0.15,-0.145900,-0.28,0.85,,,,,,EV negativo,No encontrado en Betano,Revisar,4,61.14,61.136000,,Betano mapeado,Baja,contexto premium fallback reciente,usa promedios recientes multi-competicion/API-Football,el volumen ofensivo puede variar por planteamiento y marcador temprano,https://www.betano.pe/cuotas-de-partido/ssc-napoli-arsenal-fc/91593877/
2026-09-09,14:00,Napoli vs Arsenal,,Betano,Local goles +1.5,TEAM_TOTAL_HOME OVER.1.5,TEAM_TOTAL_HOME:OVER_1_5,51.5%,0.515300,1.94,,,,,,3.55,0.83,0.829300,1.61,1.83,Sin cuota/EV,EV positivo Betano,Solo modelo,4,84.80,84.799000,,Betano mapeado,Baja,fallback ultimos partidos,usa Poisson fallback con ultimos partidos multi-competicion,un gol temprano o baja eficacia puede cambiar la lectura del mercado,https://www.betano.pe/cuotas-de-partido/ssc-napoli-arsenal-fc/91593877/
2026-09-09,14:00,Napoli vs Arsenal,,Betano,Local goles -1.5,TEAM_TOTAL_HOME UNDER.1.5,TEAM_TOTAL_HOME:UNDER_1_5,48.5%,0.484700,2.06,,,,,,1.27,-0.38,-0.384400,-0.79,0.62,Sin cuota/EV,EV negativo Betano,Solo modelo,4,62.32,62.320000,,Betano mapeado,Baja,fallback ultimos partidos,usa Poisson fallback con ultimos partidos multi-competicion,un gol temprano o baja eficacia puede cambiar la lectura del mercado,https://www.betano.pe/cuotas-de-partido/ssc-napoli-arsenal-fc/91593877/
2026-09-09,14:00,Napoli vs Arsenal,10Bet,,Visita corners -4.5,CORNERS_AWAY UNDER.4.5,CORNERS_AWAY:UNDER_4_5,48.2%,0.482400,2.07,1.95,-0.06,-0.059400,-0.12,0.94,,,,,,EV negativo,No encontrado en Betano,Revisar,4,59.17,59.169000,,Betano mapeado,Baja,contexto premium fallback reciente,usa promedios recientes multi-competicion/API-Football,el volumen ofensivo puede variar por planteamiento y marcador temprano,https://www.betano.pe/cuotas-de-partido/ssc-napoli-arsenal-fc/91593877/
2026-09-09,14:00,Napoli vs Arsenal,,,SHOTS_ON_TARGET_TOTAL OVER.8.5,SHOTS_ON_TARGET_TOTAL OVER.8.5,SHOTS_ON_TARGET_TOTAL:OVER_8_5,47.7%,0.476900,2.10,,,,,,,,,,,Sin cuota/EV,No encontrado en Betano,Solo modelo,2,46.69,46.689000,,Betano mapeado,Baja,contexto premium fallback reciente,usa promedios recientes multi-competicion/API-Football,el volumen ofensivo puede variar por planteamiento y marcador temprano,https://www.betano.pe/cuotas-de-partido/ssc-napoli-arsenal-fc/91593877/
2026-09-09,14:00,Napoli vs Arsenal,10Bet,Betano,1T +1.5,FIRST_HALF_TOTALS OVER.1.5,FIRST_HALF_TOTALS:OVER_1_5,47.5%,0.475100,2.10,4.50,1.14,1.137800,2.40,2.14,2.85,0.35,0.354000,0.74,1.35,EV positivo,EV positivo Betano,Revisar,5,90.65,90.651000,Cuota API muy superior a la cuota justa: revisar manualmente antes de apostar,Betano mapeado,Baja,contexto premium fallback reciente,usa promedios recientes multi-competicion/API-Football,el primer tiempo puede tener ritmo bajo o rotaciones,https://www.betano.pe/cuotas-de-partido/ssc-napoli-arsenal-fc/91593877/
2026-09-09,14:00,Napoli vs Arsenal,,Betano,Visita goles +1.5,TEAM_TOTAL_AWAY OVER.1.5,TEAM_TOTAL_AWAY:OVER_1_5,47.5%,0.475000,2.10,,,,,,1.82,-0.14,-0.135500,-0.28,0.86,Sin cuota/EV,EV negativo Betano,Solo modelo,4,65.33,65.331000,,Betano mapeado,Baja,fallback ultimos partidos,usa Poisson fallback con ultimos partidos multi-competicion,un gol temprano o baja eficacia puede cambiar la lectura del mercado,https://www.betano.pe/cuotas-de-partido/ssc-napoli-arsenal-fc/91593877/
2026-09-09,14:00,Napoli vs Arsenal,10Bet,Betano,DNB visita,DRAW_NO_BET AWAY,DRAW_NO_BET:AWAY,46.5%,0.465200,2.15,1.33,-0.38,-0.381300,-0.82,0.62,1.30,-0.40,-0.395200,-0.85,0.60,EV negativo,EV negativo Betano,Revisar,9,78.33,78.335000,Cuota por debajo de la cuota justa: valor limitado,Betano mapeado,Baja,fallback ultimos partidos,usa Poisson fallback con ultimos partidos multi-competicion,riesgo propio del resultado final y variacion del modelo,https://www.betano.pe/cuotas-de-partido/ssc-napoli-arsenal-fc/91593877/
2026-09-09,14:00,Napoli vs Arsenal,,Betano,Corners total -8.5,CORNERS_TOTALS UNDER.8.5,CORNERS_TOTALS:UNDER_8_5,46.2%,0.462300,2.16,,,,,,2.02,-0.07,-0.066200,-0.14,0.93,Sin cuota/EV,EV negativo Betano,Solo modelo,6,79.17,79.167000,,Betano mapeado,Baja,contexto premium fallback reciente,usa promedios recientes multi-competicion/API-Football,el volumen ofensivo puede variar por planteamiento y marcador temprano,https://www.betano.pe/cuotas-de-partido/ssc-napoli-arsenal-fc/91593877/
2026-09-09,14:00,Napoli vs Arsenal,,,Visita tarjetas -1.5,CARDS_AWAY UNDER.1.5,CARDS_AWAY:UNDER_1_5,45.3%,0.453100,2.21,,,,,,,,,,,Sin cuota/EV,No encontrado en Betano,Solo modelo,2,44.31,44.309000,,Betano mapeado,Baja,contexto premium fallback reciente,usa promedios recientes multi-competicion/API-Football,depende mucho del arbitro y del contexto competitivo,https://www.betano.pe/cuotas-de-partido/ssc-napoli-arsenal-fc/91593877/
2026-09-09,14:00,Napoli vs Arsenal,,,SHOTS_TOTAL OVER.26.5,SHOTS_TOTAL OVER.26.5,SHOTS_TOTAL:OVER_26_5,43.6%,0.436400,2.29,,,,,,,,,,,Sin cuota/EV,No encontrado en Betano,Solo modelo,2,42.64,42.640000,,Betano mapeado,Baja,contexto premium fallback reciente,usa promedios recientes multi-competicion/API-Football,el volumen ofensivo puede variar por planteamiento y marcador temprano,https://www.betano.pe/cuotas-de-partido/ssc-napoli-arsenal-fc/91593877/
2026-09-09,14:00,Napoli vs Arsenal,10Bet,Betano,Goles +3.5,TOTALS OVER.3.5,TOTALS:OVER_3_5,42.6%,0.425700,2.35,3.25,0.38,0.383600,0.90,1.38,3.20,0.36,0.362200,0.85,1.36,EV positivo,EV positivo Betano,Revisar,1,64.27,64.270000,,Betano mapeado,Baja,fallback ultimos partidos,usa Poisson fallback con ultimos partidos multi-competicion,un gol temprano o baja eficacia puede cambiar la lectura del mercado,https://www.betano.pe/cuotas-de-partido/ssc-napoli-arsenal-fc/91593877/
2026-09-09,14:00,Napoli vs Arsenal,,Betano,Tarjetas total -2.5,CARDS_TOTALS UNDER.2.5,CARDS_TOTALS:UNDER_2_5,41.6%,0.415800,2.40,,,,,,2.60,0.08,0.081100,0.20,1.08,Sin cuota/EV,EV positivo Betano,Solo modelo,3,54.88,54.882000,,Betano mapeado,Baja,contexto premium fallback reciente,usa promedios recientes multi-competicion/API-Football,depende mucho del arbitro y del contexto competitivo,https://www.betano.pe/cuotas-de-partido/ssc-napoli-arsenal-fc/91593877/
2026-09-09,14:00,Napoli vs Arsenal,10Bet,Betano,Gana local,1X2 HOME,1X2:HOME,41.2%,0.412500,2.42,5.75,1.37,1.371700,3.33,2.37,4.85,1.00,1.000600,2.43,2.00,EV positivo,EV positivo Betano,Revisar,7,108.26,108.257000,Cuota API muy superior a la cuota justa: revisar manualmente antes de apostar,Betano mapeado,Baja,fallback ultimos partidos,usa Poisson fallback con ultimos partidos multi-competicion,riesgo propio del resultado final y variacion del modelo,https://www.betano.pe/cuotas-de-partido/ssc-napoli-arsenal-fc/91593877/
2026-09-09,14:00,Napoli vs Arsenal,,,SHOTS_TOTAL UNDER.24.5,SHOTS_TOTAL UNDER.24.5,SHOTS_TOTAL:UNDER_24_5,40.7%,0.407200,2.46,,,,,,,,,,,Sin cuota/EV,No encontrado en Betano,Solo modelo,2,39.72,39.724000,,Betano mapeado,Baja,contexto premium fallback reciente,usa promedios recientes multi-competicion/API-Football,el volumen ofensivo puede variar por planteamiento y marcador temprano,https://www.betano.pe/cuotas-de-partido/ssc-napoli-arsenal-fc/91593877/
2026-09-09,14:00,Napoli vs Arsenal,10Bet,,Local corners +4.5,CORNERS_HOME OVER.4.5,CORNERS_HOME:OVER_4_5,40.7%,0.407000,2.46,2.10,-0.15,-0.145400,-0.36,0.85,,,,,,EV negativo,No encontrado en Betano,Revisar,4,50.08,50.080000,,Betano mapeado,Baja,contexto premium fallback reciente,usa promedios recientes multi-competicion/API-Football,el volumen ofensivo puede variar por planteamiento y marcador temprano,https://www.betano.pe/cuotas-de-partido/ssc-napoli-arsenal-fc/91593877/
2026-09-09,14:00,Napoli vs Arsenal,10Bet,Betano,Corners total +9.5,CORNERS_TOTALS OVER.9.5,CORNERS_TOTALS:OVER_9_5,40.6%,0.406000,2.46,2.05,-0.17,-0.167700,-0.41,0.83,2.25,-0.09,-0.086500,-0.21,0.91,EV negativo,EV negativo Betano,Revisar,6,66.20,66.198000,Cuota por debajo de la cuota justa: valor limitado,Betano mapeado,Baja,contexto premium fallback reciente,usa promedios recientes multi-competicion/API-Football,el volumen ofensivo puede variar por planteamiento y marcador temprano,https://www.betano.pe/cuotas-de-partido/ssc-napoli-arsenal-fc/91593877/
2026-09-09,14:00,Napoli vs Arsenal,,,Local corners -3.5,CORNERS_HOME UNDER.3.5,CORNERS_HOME:UNDER_3_5,39.9%,0.398500,2.51,,,,,,,,,,,Sin cuota/EV,No encontrado en Betano,Solo modelo,4,51.85,51.847000,,Betano mapeado,Baja,contexto premium fallback reciente,usa promedios recientes multi-competicion/API-Football,el volumen ofensivo puede variar por planteamiento y marcador temprano,https://www.betano.pe/cuotas-de-partido/ssc-napoli-arsenal-fc/91593877/
2026-09-09,14:00,Napoli vs Arsenal,,,SHOTS_ON_TARGET_TOTAL UNDER.7.5,SHOTS_ON_TARGET_TOTAL UNDER.7.5,SHOTS_ON_TARGET_TOTAL:UNDER_7_5,38.6%,0.385600,2.59,,,,,,,,,,,Sin cuota/EV,No encontrado en Betano,Solo modelo,2,37.56,37.560000,,Betano mapeado,Baja,contexto premium fallback reciente,usa promedios recientes multi-competicion/API-Football,el volumen ofensivo puede variar por planteamiento y marcador temprano,https://www.betano.pe/cuotas-de-partido/ssc-napoli-arsenal-fc/91593877/
2026-09-09,14:00,Napoli vs Arsenal,,Betano,Tarjetas total +3.5,CARDS_TOTALS OVER.3.5,CARDS_TOTALS:OVER_3_5,36.0%,0.360200,2.78,,,,,,2.00,-0.28,-0.279600,-0.78,0.72,Sin cuota/EV,EV negativo Betano,Solo modelo,3,43.54,43.542000,,Betano mapeado,Baja,contexto premium fallback reciente,usa promedios recientes multi-competicion/API-Football,depende mucho del arbitro y del contexto competitivo,https://www.betano.pe/cuotas-de-partido/ssc-napoli-arsenal-fc/91593877/
2026-09-09,14:00,Napoli vs Arsenal,10Bet,Betano,Gana visita,1X2 AWAY,1X2:AWAY,35.9%,0.358800,2.79,3.10,0.11,0.112300,0.31,1.11,1.75,-0.37,-0.372100,-1.04,0.63,EV positivo,EV negativo Betano,Revisar,7,70.95,70.948000,,Betano mapeado,Baja,fallback ultimos partidos,usa Poisson fallback con ultimos partidos multi-competicion,riesgo propio del resultado final y variacion del modelo,https://www.betano.pe/cuotas-de-partido/ssc-napoli-arsenal-fc/91593877/
2026-09-09,14:00,Napoli vs Arsenal,10Bet,Betano,Goles -2.5,TOTALS UNDER.2.5,TOTALS:UNDER_2_5,35.4%,0.354000,2.83,1.18,-0.58,-0.582300,-1.65,0.42,1.90,-0.33,-0.327400,-0.93,0.67,EV negativo,EV negativo Betano,Revisar,8,59.68,59.676000,Cuota por debajo de la cuota justa: valor limitado,Betano mapeado,Baja,fallback ultimos partidos,usa Poisson fallback con ultimos partidos multi-competicion,un gol temprano o baja eficacia puede cambiar la lectura del mercado,https://www.betano.pe/cuotas-de-partido/ssc-napoli-arsenal-fc/91593877/
2026-09-09,14:00,Napoli vs Arsenal,,,SHOTS_ON_TARGET_TOTAL OVER.9.5,SHOTS_ON_TARGET_TOTAL OVER.9.5,SHOTS_ON_TARGET_TOTAL:OVER_9_5,34.7%,0.347000,2.88,,,,,,,,,,,Sin cuota/EV,No encontrado en Betano,Solo modelo,2,33.70,33.703000,,Betano mapeado,Baja,contexto premium fallback reciente,usa promedios recientes multi-competicion/API-Football,el volumen ofensivo puede variar por planteamiento y marcador temprano,https://www.betano.pe/cuotas-de-partido/ssc-napoli-arsenal-fc/91593877/
2026-09-09,14:00,Napoli vs Arsenal,10Bet,Betano,BTTS no,BTTS NO,BTTS:NO,34.4%,0.343800,2.91,1.18,-0.59,-0.594300,-1.73,0.41,1.93,-0.34,-0.336500,-0.98,0.66,EV negativo,EV negativo Betano,Revisar,8,58.30,58.295000,Cuota por debajo de la cuota justa: valor limitado,Betano mapeado,Baja,fallback ultimos partidos,usa Poisson fallback con ultimos partidos multi-competicion,un gol temprano o baja eficacia puede cambiar la lectura del mercado,https://www.betano.pe/cuotas-de-partido/ssc-napoli-arsenal-fc/91593877/
2026-09-09,14:00,Napoli vs Arsenal,,,Visita corners +5.5,CORNERS_AWAY OVER.5.5,CORNERS_AWAY:OVER_5_5,34.3%,0.343100,2.91,,,,,,,,,,,Sin cuota/EV,No encontrado en Betano,Solo modelo,4,46.31,46.314000,,Betano mapeado,Baja,contexto premium fallback reciente,usa promedios recientes multi-competicion/API-Football,el volumen ofensivo puede variar por planteamiento y marcador temprano,https://www.betano.pe/cuotas-de-partido/ssc-napoli-arsenal-fc/91593877/
2026-09-09,14:00,Napoli vs Arsenal,,,Local tarjetas +1.5,CARDS_HOME OVER.1.5,CARDS_HOME:OVER_1_5,33.7%,0.337400,2.96,,,,,,,,,,,Sin cuota/EV,No encontrado en Betano,Solo modelo,2,32.74,32.737000,,Betano mapeado,Baja,contexto premium fallback reciente,usa promedios recientes multi-competicion/API-Football,depende mucho del arbitro y del contexto competitivo,https://www.betano.pe/cuotas-de-partido/ssc-napoli-arsenal-fc/91593877/
2026-09-09,14:00,Napoli vs Arsenal,,Betano,Corners total -7.5,CORNERS_TOTALS UNDER.7.5,CORNERS_TOTALS:UNDER_7_5,33.0%,0.329800,3.03,,,,,,2.72,-0.10,-0.102900,-0.31,0.90,Sin cuota/EV,EV negativo Betano,Solo modelo,6,65.33,65.333000,,Betano mapeado,Baja,contexto premium fallback reciente,usa promedios recientes multi-competicion/API-Football,el volumen ofensivo puede variar por planteamiento y marcador temprano,https://www.betano.pe/cuotas-de-partido/ssc-napoli-arsenal-fc/91593877/
2026-09-09,14:00,Napoli vs Arsenal,,,Local tarjetas -0.5,CARDS_HOME UNDER.0.5,CARDS_HOME:UNDER_0_5,30.1%,0.301200,3.32,,,,,,,,,,,Sin cuota/EV,No encontrado en Betano,Solo modelo,2,29.12,29.119000,,Betano mapeado,Baja,contexto premium fallback reciente,usa promedios recientes multi-competicion/API-Football,depende mucho del arbitro y del contexto competitivo,https://www.betano.pe/cuotas-de-partido/ssc-napoli-arsenal-fc/91593877/
2026-09-09,14:00,Napoli vs Arsenal,,,Visita corners -3.5,CORNERS_AWAY UNDER.3.5,CORNERS_AWAY:UNDER_3_5,29.9%,0.299300,3.34,,,,,,,,,,,Sin cuota/EV,No encontrado en Betano,Solo modelo,4,41.93,41.934000,,Betano mapeado,Baja,contexto premium fallback reciente,usa promedios recientes multi-competicion/API-Football,el volumen ofensivo puede variar por planteamiento y marcador temprano,https://www.betano.pe/cuotas-de-partido/ssc-napoli-arsenal-fc/91593877/
2026-09-09,14:00,Napoli vs Arsenal,,,Corners total +10.5,CORNERS_TOTALS OVER.10.5,CORNERS_TOTALS:OVER_10_5,28.8%,0.288100,3.47,,,,,,,,,,,Sin cuota/EV,No encontrado en Betano,Solo modelo,6,54.81,54.810000,,Betano mapeado,Baja,contexto premium fallback reciente,usa promedios recientes multi-competicion/API-Football,el volumen ofensivo puede variar por planteamiento y marcador temprano,https://www.betano.pe/cuotas-de-partido/ssc-napoli-arsenal-fc/91593877/
2026-09-09,14:00,Napoli vs Arsenal,,,Visita tarjetas +2.5,CARDS_AWAY OVER.2.5,CARDS_AWAY:OVER_2_5,27.8%,0.278200,3.59,,,,,,,,,,,Sin cuota/EV,No encontrado en Betano,Solo modelo,2,26.82,26.823000,,Betano mapeado,Baja,contexto premium fallback reciente,usa promedios recientes multi-competicion/API-Football,depende mucho del arbitro y del contexto competitivo,https://www.betano.pe/cuotas-de-partido/ssc-napoli-arsenal-fc/91593877/
2026-09-09,14:00,Napoli vs Arsenal,,,SHOTS_TOTAL UNDER.22.5,SHOTS_TOTAL UNDER.22.5,SHOTS_TOTAL:UNDER_22_5,26.1%,0.261000,3.83,,,,,,,,,,,Sin cuota/EV,No encontrado en Betano,Solo modelo,2,25.10,25.101000,,Betano mapeado,Baja,contexto premium fallback reciente,usa promedios recientes multi-competicion/API-Football,el volumen ofensivo puede variar por planteamiento y marcador temprano,https://www.betano.pe/cuotas-de-partido/ssc-napoli-arsenal-fc/91593877/
2026-09-09,14:00,Napoli vs Arsenal,,,SHOTS_ON_TARGET_TOTAL UNDER.6.5,SHOTS_ON_TARGET_TOTAL UNDER.6.5,SHOTS_ON_TARGET_TOTAL:UNDER_6_5,25.6%,0.256200,3.90,,,,,,,,,,,Sin cuota/EV,No encontrado en Betano,Solo modelo,2,24.62,24.618000,,Betano mapeado,Baja,contexto premium fallback reciente,usa promedios recientes multi-competicion/API-Football,el volumen ofensivo puede variar por planteamiento y marcador temprano,https://www.betano.pe/cuotas-de-partido/ssc-napoli-arsenal-fc/91593877/
2026-09-09,14:00,Napoli vs Arsenal,,Betano,Local goles +2.5,TEAM_TOTAL_HOME OVER.2.5,TEAM_TOTAL_HOME:OVER_2_5,25.0%,0.250100,4.00,,,,,,8.50,1.13,1.125800,4.50,2.13,Sin cuota/EV,EV positivo Betano,Solo modelo,4,63.02,63.022000,,Betano mapeado,Baja,fallback ultimos partidos,usa Poisson fallback con ultimos partidos multi-competicion,un gol temprano o baja eficacia puede cambiar la lectura del mercado,https://www.betano.pe/cuotas-de-partido/ssc-napoli-arsenal-fc/91593877/
2026-09-09,14:00,Napoli vs Arsenal,,,Local corners +5.5,CORNERS_HOME OVER.5.5,CORNERS_HOME:OVER_5_5,24.4%,0.244200,4.10,,,,,,,,,,,Sin cuota/EV,No encontrado en Betano,Solo modelo,4,36.42,36.417000,,Betano mapeado,Baja,contexto premium fallback reciente,usa promedios recientes multi-competicion/API-Football,el volumen ofensivo puede variar por planteamiento y marcador temprano,https://www.betano.pe/cuotas-de-partido/ssc-napoli-arsenal-fc/91593877/
2026-09-09,14:00,Napoli vs Arsenal,10Bet,Betano,Empate,1X2 DRAW,1X2:DRAW,22.9%,0.228700,4.37,1.73,-0.60,-0.604300,-2.64,0.40,3.70,-0.15,-0.153800,-0.67,0.85,EV negativo,EV negativo Betano,Revisar,7,44.53,44.533000,Cuota por debajo de la cuota justa: valor limitado,Betano mapeado,Baja,fallback ultimos partidos,usa Poisson fallback con ultimos partidos multi-competicion,riesgo propio del resultado final y variacion del modelo,https://www.betano.pe/cuotas-de-partido/ssc-napoli-arsenal-fc/91593877/
2026-09-09,14:00,Napoli vs Arsenal,,Betano,Visita goles +2.5,TEAM_TOTAL_AWAY OVER.2.5,TEAM_TOTAL_AWAY:OVER_2_5,21.7%,0.216600,4.62,,,,,,3.40,-0.26,-0.263600,-1.22,0.74,Sin cuota/EV,EV negativo Betano,Solo modelo,4,37.44,37.440000,,Betano mapeado,Baja,fallback ultimos partidos,usa Poisson fallback con ultimos partidos multi-competicion,un gol temprano o baja eficacia puede cambiar la lectura del mercado,https://www.betano.pe/cuotas-de-partido/ssc-napoli-arsenal-fc/91593877/
2026-09-09,14:00,Napoli vs Arsenal,,,Visita corners +6.5,CORNERS_AWAY OVER.6.5,CORNERS_AWAY:OVER_6_5,20.4%,0.204500,4.89,,,,,,,,,,,Sin cuota/EV,No encontrado en Betano,Solo modelo,4,32.45,32.453000,,Betano mapeado,Baja,contexto premium fallback reciente,usa promedios recientes multi-competicion/API-Football,el volumen ofensivo puede variar por planteamiento y marcador temprano,https://www.betano.pe/cuotas-de-partido/ssc-napoli-arsenal-fc/91593877/
2026-09-09,14:00,Napoli vs Arsenal,,Betano,Visita goles -0.5,TEAM_TOTAL_AWAY UNDER.0.5,TEAM_TOTAL_AWAY:UNDER_0_5,20.2%,0.202000,4.95,,,,,,4.45,-0.10,-0.101100,-0.50,0.90,Sin cuota/EV,EV negativo Betano,Solo modelo,4,38.58,38.583000,,Betano mapeado,Baja,fallback ultimos partidos,usa Poisson fallback con ultimos partidos multi-competicion,un gol temprano o baja eficacia puede cambiar la lectura del mercado,https://www.betano.pe/cuotas-de-partido/ssc-napoli-arsenal-fc/91593877/
2026-09-09,14:00,Napoli vs Arsenal,10Bet,Betano,1T -0.5,FIRST_HALF_TOTALS UNDER.0.5,FIRST_HALF_TOTALS:UNDER_0_5,20.2%,0.201900,4.95,2.00,-0.60,-0.596200,-2.95,0.40,2.75,-0.44,-0.444800,-2.20,0.56,EV negativo,EV negativo Betano,Revisar,5,27.34,27.341000,Cuota por debajo de la cuota justa: valor limitado,Betano mapeado,Baja,contexto premium fallback reciente,usa promedios recientes multi-competicion/API-Football,el primer tiempo puede tener ritmo bajo o rotaciones,https://www.betano.pe/cuotas-de-partido/ssc-napoli-arsenal-fc/91593877/
2026-09-09,14:00,Napoli vs Arsenal,,,Corners total +11.5,CORNERS_TOTALS OVER.11.5,CORNERS_TOTALS:OVER_11_5,19.2%,0.192200,5.20,,,,,,,,,,,Sin cuota/EV,No encontrado en Betano,Solo modelo,6,45.22,45.217000,,Betano mapeado,Baja,contexto premium fallback reciente,usa promedios recientes multi-competicion/API-Football,el volumen ofensivo puede variar por planteamiento y marcador temprano,https://www.betano.pe/cuotas-de-partido/ssc-napoli-arsenal-fc/91593877/
2026-09-09,14:00,Napoli vs Arsenal,,Betano,Tarjetas total +4.5,CARDS_TOTALS OVER.4.5,CARDS_TOTALS:OVER_4_5,19.0%,0.190300,5.25,,,,,,2.95,-0.44,-0.438600,-2.31,0.56,Sin cuota/EV,EV negativo Betano,Solo modelo,3,24.01,24.013000,,Betano mapeado,Baja,contexto premium fallback reciente,usa promedios recientes multi-competicion/API-Football,depende mucho del arbitro y del contexto competitivo,https://www.betano.pe/cuotas-de-partido/ssc-napoli-arsenal-fc/91593877/
2026-09-09,14:00,Napoli vs Arsenal,,Betano,Local goles -0.5,TEAM_TOTAL_HOME UNDER.0.5,TEAM_TOTAL_HOME:UNDER_0_5,17.8%,0.177800,5.63,,,,,,2.37,-0.58,-0.578600,-3.26,0.42,Sin cuota/EV,EV negativo Betano,Solo modelo,4,28.52,28.518000,,Betano mapeado,Baja,fallback ultimos partidos,usa Poisson fallback con ultimos partidos multi-competicion,un gol temprano o baja eficacia puede cambiar la lectura del mercado,https://www.betano.pe/cuotas-de-partido/ssc-napoli-arsenal-fc/91593877/
2026-09-09,14:00,Napoli vs Arsenal,,,Visita tarjetas -0.5,CARDS_AWAY UNDER.0.5,CARDS_AWAY:UNDER_0_5,16.0%,0.159900,6.25,,,,,,,,,,,Sin cuota/EV,No encontrado en Betano,Solo modelo,2,14.99,14.993000,,Betano mapeado,Baja,contexto premium fallback reciente,usa promedios recientes multi-competicion/API-Football,depende mucho del arbitro y del contexto competitivo,https://www.betano.pe/cuotas-de-partido/ssc-napoli-arsenal-fc/91593877/
2026-09-09,14:00,Napoli vs Arsenal,10Bet,Betano,Goles -1.5,TOTALS UNDER.1.5,TOTALS:UNDER_1_5,15.5%,0.155300,6.44,1.68,-0.74,-0.739000,-4.76,0.26,3.45,-0.46,-0.464200,-2.99,0.54,EV negativo,EV negativo Betano,Revisar,1,1.11,1.108000,Cuota por debajo de la cuota justa: valor limitado,Betano mapeado,Baja,fallback ultimos partidos,usa Poisson fallback con ultimos partidos multi-competicion,un gol temprano o baja eficacia puede cambiar la lectura del mercado,https://www.betano.pe/cuotas-de-partido/ssc-napoli-arsenal-fc/91593877/
2026-09-09,14:00,Napoli vs Arsenal,,,SHOTS_TOTAL UNDER.20.5,SHOTS_TOTAL UNDER.20.5,SHOTS_TOTAL:UNDER_20_5,14.5%,0.145100,6.89,,,,,,,,,,,Sin cuota/EV,No encontrado en Betano,Solo modelo,2,13.51,13.506000,,Betano mapeado,Baja,contexto premium fallback reciente,usa promedios recientes multi-competicion/API-Football,el volumen ofensivo puede variar por planteamiento y marcador temprano,https://www.betano.pe/cuotas-de-partido/ssc-napoli-arsenal-fc/91593877/
2026-09-09,14:00,Napoli vs Arsenal,,,Local corners +6.5,CORNERS_HOME OVER.6.5,CORNERS_HOME:OVER_6_5,13.1%,0.130700,7.65,,,,,,,,,,,Sin cuota/EV,No encontrado en Betano,Solo modelo,4,25.07,25.066000,,Betano mapeado,Baja,contexto premium fallback reciente,usa promedios recientes multi-competicion/API-Football,el volumen ofensivo puede variar por planteamiento y marcador temprano,https://www.betano.pe/cuotas-de-partido/ssc-napoli-arsenal-fc/91593877/
2026-09-09,14:00,Napoli vs Arsenal,,,Local tarjetas +2.5,CARDS_HOME OVER.2.5,CARDS_HOME:OVER_2_5,12.0%,0.120500,8.30,,,,,,,,,,,Sin cuota/EV,No encontrado en Betano,Solo modelo,2,11.05,11.051000,,Betano mapeado,Baja,contexto premium fallback reciente,usa promedios recientes multi-competicion/API-Football,depende mucho del arbitro y del contexto competitivo,https://www.betano.pe/cuotas-de-partido/ssc-napoli-arsenal-fc/91593877/
2026-09-09,14:00,Napoli vs Arsenal,,,Visita tarjetas +3.5,CARDS_AWAY OVER.3.5,CARDS_AWAY:OVER_3_5,11.4%,0.114100,8.77,,,,,,,,,,,Sin cuota/EV,No encontrado en Betano,Solo modelo,2,10.41,10.407000,,Betano mapeado,Baja,contexto premium fallback reciente,usa promedios recientes multi-competicion/API-Football,depende mucho del arbitro y del contexto competitivo,https://www.betano.pe/cuotas-de-partido/ssc-napoli-arsenal-fc/91593877/
2026-09-09,14:00,Napoli vs Arsenal,,,Tarjetas total +5.5,CARDS_TOTALS OVER.5.5,CARDS_TOTALS:OVER_5_5,8.7%,0.087300,11.46,,,,,,,,,,,Sin cuota/EV,No encontrado en Betano,Solo modelo,3,12.73,12.728000,,Betano mapeado,Baja,contexto premium fallback reciente,usa promedios recientes multi-competicion/API-Football,depende mucho del arbitro y del contexto competitivo,https://www.betano.pe/cuotas-de-partido/ssc-napoli-arsenal-fc/91593877/
2026-09-09,14:00,Napoli vs Arsenal,,,SHOTS_TOTAL UNDER.18.5,SHOTS_TOTAL UNDER.18.5,SHOTS_TOTAL:UNDER_18_5,6.8%,0.068200,14.65,,,,,,,,,,,Sin cuota/EV,No encontrado en Betano,Solo modelo,2,5.82,5.824000,,Betano mapeado,Baja,contexto premium fallback reciente,usa promedios recientes multi-competicion/API-Football,el volumen ofensivo puede variar por planteamiento y marcador temprano,https://www.betano.pe/cuotas-de-partido/ssc-napoli-arsenal-fc/91593877/
2026-09-09,14:00,Napoli vs Arsenal,,,Tarjetas total +6.5,CARDS_TOTALS OVER.6.5,CARDS_TOTALS:OVER_6_5,3.5%,0.035200,28.41,,,,,,,,,,,Sin cuota/EV,No encontrado en Betano,Solo modelo,3,7.52,7.520000,,Betano mapeado,Baja,contexto premium fallback reciente,usa promedios recientes multi-competicion/API-Football,depende mucho del arbitro y del contexto competitivo,https://www.betano.pe/cuotas-de-partido/ssc-napoli-arsenal-fc/91593877/
2026-09-09,14:00,Napoli vs Arsenal,,,Local tarjetas +3.5,CARDS_HOME OVER.3.5,CARDS_HOME:OVER_3_5,3.4%,0.033800,29.61,,,,,,,,,,,Sin cuota/EV,No encontrado en Betano,Solo modelo,2,2.38,2.377000,,Betano mapeado,Baja,contexto premium fallback reciente,usa promedios recientes multi-competicion/API-Football,depende mucho del arbitro y del contexto competitivo,https://www.betano.pe/cuotas-de-partido/ssc-napoli-arsenal-fc/91593877/
2026-09-09,14:00,Paris Saint Germain vs Slovan Bratislava,,,Local tarjetas -3.5,CARDS_HOME UNDER.3.5,CARDS_HOME:UNDER_3_5,96.2%,0.961700,1.04,,,,,,,,,,,Sin cuota/EV,No encontrado en Betano,Solo modelo,2,97.17,97.173000,,Betano mapeado,Alta,contexto premium mixto,usa mezcla de promedios del torneo y recientes/API-Football,depende mucho del arbitro y del contexto competitivo,https://www.betano.pe/cuotas-de-partido/paris-saint-germain-sk-slovan-bratislava/91596643/
2026-09-09,14:00,Paris Saint Germain vs Slovan Bratislava,,,Tarjetas total -6.5,CARDS_TOTALS UNDER.6.5,CARDS_TOTALS:UNDER_6_5,95.2%,0.952300,1.05,,,,,,,,,,,Sin cuota/EV,No encontrado en Betano,Solo modelo,3,101.23,101.227000,,Betano mapeado,Alta,contexto premium mixto,usa mezcla de promedios del torneo y recientes/API-Football,depende mucho del arbitro y del contexto competitivo,https://www.betano.pe/cuotas-de-partido/paris-saint-germain-sk-slovan-bratislava/91596643/
2026-09-09,14:00,Paris Saint Germain vs Slovan Bratislava,,,Visita corners -6.5,CORNERS_AWAY UNDER.6.5,CORNERS_AWAY:UNDER_6_5,94.7%,0.946800,1.06,,,,,,,,,,,Sin cuota/EV,No encontrado en Betano,Solo modelo,4,108.68,108.679000,,Betano mapeado,Alta,contexto premium mixto,usa mezcla de promedios del torneo y recientes/API-Football,el volumen ofensivo puede variar por planteamiento y marcador temprano,https://www.betano.pe/cuotas-de-partido/paris-saint-germain-sk-slovan-bratislava/91596643/
2026-09-09,14:00,Paris Saint Germain vs Slovan Bratislava,,Betano,Corners total -11.5,CORNERS_TOTALS UNDER.11.5,CORNERS_TOTALS:UNDER_11_5,91.6%,0.915800,1.09,,,,,,1.67,0.53,0.529400,0.58,1.53,Sin cuota/EV,EV positivo Betano,Solo modelo,6,136.05,136.048000,,Betano mapeado,Alta,contexto premium mixto,usa mezcla de promedios del torneo y recientes/API-Football,el volumen ofensivo puede variar por planteamiento y marcador temprano,https://www.betano.pe/cuotas-de-partido/paris-saint-germain-sk-slovan-bratislava/91596643/
2026-09-09,14:00,Paris Saint Germain vs Slovan Bratislava,,,Local goles -2.5,TEAM_TOTAL_HOME UNDER.2.5,TEAM_TOTAL_HOME:UNDER_2_5,89.5%,0.894700,1.12,,,,,,,,,,,Sin cuota/EV,No encontrado en Betano,Solo modelo,4,101.47,101.474000,,Betano mapeado,Alta,fallback ultimos partidos,usa Poisson fallback con ultimos partidos multi-competicion,un gol temprano o baja eficacia puede cambiar la lectura del mercado,https://www.betano.pe/cuotas-de-partido/paris-saint-germain-sk-slovan-bratislava/91596643/
2026-09-09,14:00,Paris Saint Germain vs Slovan Bratislava,,,Tarjetas total -5.5,CARDS_TOTALS UNDER.5.5,CARDS_TOTALS:UNDER_5_5,88.9%,0.888800,1.12,,,,,,,,,,,Sin cuota/EV,No encontrado en Betano,Solo modelo,3,94.88,94.881000,,Betano mapeado,Alta,contexto premium mixto,usa mezcla de promedios del torneo y recientes/API-Football,depende mucho del arbitro y del contexto competitivo,https://www.betano.pe/cuotas-de-partido/paris-saint-germain-sk-slovan-bratislava/91596643/
2026-09-09,14:00,Paris Saint Germain vs Slovan Bratislava,,,Visita corners -5.5,CORNERS_AWAY UNDER.5.5,CORNERS_AWAY:UNDER_5_5,87.9%,0.878800,1.14,,,,,,,,,,,Sin cuota/EV,No encontrado en Betano,Solo modelo,4,101.88,101.881000,,Betano mapeado,Alta,contexto premium mixto,usa mezcla de promedios del torneo y recientes/API-Football,el volumen ofensivo puede variar por planteamiento y marcador temprano,https://www.betano.pe/cuotas-de-partido/paris-saint-germain-sk-slovan-bratislava/91596643/
2026-09-09,14:00,Paris Saint Germain vs Slovan Bratislava,,,SHOTS_TOTAL OVER.18.5,SHOTS_TOTAL OVER.18.5,SHOTS_TOTAL:OVER_18_5,87.5%,0.875100,1.14,,,,,,,,,,,Sin cuota/EV,No encontrado en Betano,Solo modelo,2,88.51,88.510000,,Betano mapeado,Alta,contexto premium mixto,usa mezcla de promedios del torneo y recientes/API-Football,el volumen ofensivo puede variar por planteamiento y marcador temprano,https://www.betano.pe/cuotas-de-partido/paris-saint-germain-sk-slovan-bratislava/91596643/
2026-09-09,14:00,Paris Saint Germain vs Slovan Bratislava,,,Local tarjetas -2.5,CARDS_HOME UNDER.2.5,CARDS_HOME:UNDER_2_5,86.9%,0.868500,1.15,,,,,,,,,,,Sin cuota/EV,No encontrado en Betano,Solo modelo,2,87.85,87.847000,,Betano mapeado,Alta,contexto premium mixto,usa mezcla de promedios del torneo y recientes/API-Football,depende mucho del arbitro y del contexto competitivo,https://www.betano.pe/cuotas-de-partido/paris-saint-germain-sk-slovan-bratislava/91596643/
2026-09-09,14:00,Paris Saint Germain vs Slovan Bratislava,,Betano,Visita goles +0.5,TEAM_TOTAL_AWAY OVER.0.5,TEAM_TOTAL_AWAY:OVER_0_5,86.8%,0.868100,1.15,,,,,,2.45,1.13,1.126800,1.30,2.13,Sin cuota/EV,EV positivo Betano,Solo modelo,4,124.84,124.840000,,Betano mapeado,Alta,fallback ultimos partidos,usa Poisson fallback con ultimos partidos multi-competicion,un gol temprano o baja eficacia puede cambiar la lectura del mercado,https://www.betano.pe/cuotas-de-partido/paris-saint-germain-sk-slovan-bratislava/91596643/
2026-09-09,14:00,Paris Saint Germain vs Slovan Bratislava,,,Visita tarjetas +0.5,CARDS_AWAY OVER.0.5,CARDS_AWAY:OVER_0_5,86.5%,0.864700,1.16,,,,,,,,,,,Sin cuota/EV,No encontrado en Betano,Solo modelo,2,87.47,87.466000,,Betano mapeado,Alta,contexto premium mixto,usa mezcla de promedios del torneo y recientes/API-Football,depende mucho del arbitro y del contexto competitivo,https://www.betano.pe/cuotas-de-partido/paris-saint-germain-sk-slovan-bratislava/91596643/
2026-09-09,14:00,Paris Saint Germain vs Slovan Bratislava,,,Local corners -6.5,CORNERS_HOME UNDER.6.5,CORNERS_HOME:UNDER_6_5,86.2%,0.861700,1.16,,,,,,,,,,,Sin cuota/EV,No encontrado en Betano,Solo modelo,4,100.17,100.169000,,Betano mapeado,Alta,contexto premium mixto,usa mezcla de promedios del torneo y recientes/API-Football,el volumen ofensivo puede variar por planteamiento y marcador temprano,https://www.betano.pe/cuotas-de-partido/paris-saint-germain-sk-slovan-bratislava/91596643/
2026-09-09,14:00,Paris Saint Germain vs Slovan Bratislava,,,Visita tarjetas -3.5,CARDS_AWAY UNDER.3.5,CARDS_AWAY:UNDER_3_5,85.7%,0.857100,1.17,,,,,,,,,,,Sin cuota/EV,No encontrado en Betano,Solo modelo,2,86.71,86.712000,,Betano mapeado,Alta,contexto premium mixto,usa mezcla de promedios del torneo y recientes/API-Football,depende mucho del arbitro y del contexto competitivo,https://www.betano.pe/cuotas-de-partido/paris-saint-germain-sk-slovan-bratislava/91596643/
2026-09-09,14:00,Paris Saint Germain vs Slovan Bratislava,10Bet,Betano,Corners total -10.5,CORNERS_TOTALS UNDER.10.5,CORNERS_TOTALS:UNDER_10_5,85.5%,0.855000,1.17,1.95,0.67,0.667200,0.78,1.67,2.07,0.77,0.769800,0.90,1.77,EV positivo,EV positivo Betano,Valor,6,147.82,147.824000,,Betano mapeado,Alta,contexto premium mixto,usa mezcla de promedios del torneo y recientes/API-Football,el volumen ofensivo puede variar por planteamiento y marcador temprano,https://www.betano.pe/cuotas-de-partido/paris-saint-germain-sk-slovan-bratislava/91596643/
2026-09-09,14:00,Paris Saint Germain vs Slovan Bratislava,10Bet,,Goles +1.5,TOTALS OVER.1.5,TOTALS:OVER_1_5,82.3%,0.822700,1.22,1.33,0.09,0.094200,0.11,1.09,,,,,,EV positivo,No encontrado en Betano,Seguro,10,134.96,134.963000,,Betano mapeado,Alta,fallback ultimos partidos,usa Poisson fallback con ultimos partidos multi-competicion,un gol temprano o baja eficacia puede cambiar la lectura del mercado,https://www.betano.pe/cuotas-de-partido/paris-saint-germain-sk-slovan-bratislava/91596643/
2026-09-09,14:00,Paris Saint Germain vs Slovan Bratislava,,,SHOTS_ON_TARGET_TOTAL OVER.6.5,SHOTS_ON_TARGET_TOTAL OVER.6.5,SHOTS_ON_TARGET_TOTAL:OVER_6_5,81.0%,0.809800,1.24,,,,,,,,,,,Sin cuota/EV,No encontrado en Betano,Solo modelo,2,81.98,81.977000,,Betano mapeado,Alta,contexto premium mixto,usa mezcla de promedios del torneo y recientes/API-Football,el volumen ofensivo puede variar por planteamiento y marcador temprano,https://www.betano.pe/cuotas-de-partido/paris-saint-germain-sk-slovan-bratislava/91596643/
2026-09-09,14:00,Paris Saint Germain vs Slovan Bratislava,,,DOUBLE_CHANCE X2,DOUBLE_CHANCE X2,DOUBLE_CHANCE:X2,79.4%,0.793700,1.26,,,,,,,,,,,Sin cuota/EV,No encontrado en Betano,Solo modelo,9,120.37,120.367000,,Betano mapeado,Alta,fallback ultimos partidos,usa Poisson fallback con ultimos partidos multi-competicion,riesgo propio del resultado final y variacion del modelo,https://www.betano.pe/cuotas-de-partido/paris-saint-germain-sk-slovan-bratislava/91596643/
2026-09-09,14:00,Paris Saint Germain vs Slovan Bratislava,,,DOUBLE_CHANCE 12,DOUBLE_CHANCE 12,DOUBLE_CHANCE:12,78.8%,0.787800,1.27,,,,,,,,,,,Sin cuota/EV,No encontrado en Betano,Solo modelo,9,119.78,119.777000,,Betano mapeado,Alta,fallback ultimos partidos,usa Poisson fallback con ultimos partidos multi-competicion,riesgo propio del resultado final y variacion del modelo,https://www.betano.pe/cuotas-de-partido/paris-saint-germain-sk-slovan-bratislava/91596643/
2026-09-09,14:00,Paris Saint Germain vs Slovan Bratislava,,,Tarjetas total -4.5,CARDS_TOTALS UNDER.4.5,CARDS_TOTALS:UNDER_4_5,77.2%,0.771700,1.30,,,,,,,,,,,Sin cuota/EV,No encontrado en Betano,Solo modelo,3,83.17,83.165000,,Betano mapeado,Alta,contexto premium mixto,usa mezcla de promedios del torneo y recientes/API-Football,depende mucho del arbitro y del contexto competitivo,https://www.betano.pe/cuotas-de-partido/paris-saint-germain-sk-slovan-bratislava/91596643/
2026-09-09,14:00,Paris Saint Germain vs Slovan Bratislava,,Betano,Corners total -9.5,CORNERS_TOTALS UNDER.9.5,CORNERS_TOTALS:UNDER_9_5,76.7%,0.766800,1.30,,,,,,2.72,1.09,1.085700,1.42,2.09,Sin cuota/EV,EV positivo Betano,Solo modelo,6,130.05,130.048000,,Betano mapeado,Alta,contexto premium mixto,usa mezcla de promedios del torneo y recientes/API-Football,el volumen ofensivo puede variar por planteamiento y marcador temprano,https://www.betano.pe/cuotas-de-partido/paris-saint-germain-sk-slovan-bratislava/91596643/
2026-09-09,14:00,Paris Saint Germain vs Slovan Bratislava,,,SHOTS_TOTAL OVER.20.5,SHOTS_TOTAL OVER.20.5,SHOTS_TOTAL:OVER_20_5,76.2%,0.762500,1.31,,,,,,,,,,,Sin cuota/EV,No encontrado en Betano,Solo modelo,2,77.25,77.250000,,Betano mapeado,Alta,contexto premium mixto,usa mezcla de promedios del torneo y recientes/API-Football,el volumen ofensivo puede variar por planteamiento y marcador temprano,https://www.betano.pe/cuotas-de-partido/paris-saint-germain-sk-slovan-bratislava/91596643/
2026-09-09,14:00,Paris Saint Germain vs Slovan Bratislava,,,Visita corners -4.5,CORNERS_AWAY UNDER.4.5,CORNERS_AWAY:UNDER_4_5,75.6%,0.756500,1.32,,,,,,,,,,,Sin cuota/EV,No encontrado en Betano,Solo modelo,4,89.65,89.646000,,Betano mapeado,Alta,contexto premium mixto,usa mezcla de promedios del torneo y recientes/API-Football,el volumen ofensivo puede variar por planteamiento y marcador temprano,https://www.betano.pe/cuotas-de-partido/paris-saint-germain-sk-slovan-bratislava/91596643/
2026-09-09,14:00,Paris Saint Germain vs Slovan Bratislava,,,Local corners -5.5,CORNERS_HOME UNDER.5.5,CORNERS_HOME:UNDER_5_5,74.5%,0.744900,1.34,,,,,,,,,,,Sin cuota/EV,No encontrado en Betano,Solo modelo,4,88.49,88.494000,,Betano mapeado,Alta,contexto premium mixto,usa mezcla de promedios del torneo y recientes/API-Football,el volumen ofensivo puede variar por planteamiento y marcador temprano,https://www.betano.pe/cuotas-de-partido/paris-saint-germain-sk-slovan-bratislava/91596643/
2026-09-09,14:00,Paris Saint Germain vs Slovan Bratislava,10Bet,,DNB visita,DRAW_NO_BET AWAY,DRAW_NO_BET:AWAY,73.8%,0.738100,1.35,11.00,7.12,7.118900,9.65,8.12,,,,,,EV positivo,No encontrado en Betano,Seguro,9,131.81,131.808000,Cuota API muy superior a la cuota justa: revisar manualmente antes de apostar,Betano mapeado,Alta,fallback ultimos partidos,usa Poisson fallback con ultimos partidos multi-competicion,riesgo propio del resultado final y variacion del modelo,https://www.betano.pe/cuotas-de-partido/paris-saint-germain-sk-slovan-bratislava/91596643/
2026-09-09,14:00,Paris Saint Germain vs Slovan Bratislava,,,Local tarjetas +0.5,CARDS_HOME OVER.0.5,CARDS_HOME:OVER_0_5,71.4%,0.713500,1.40,,,,,,,,,,,Sin cuota/EV,No encontrado en Betano,Solo modelo,2,72.35,72.350000,,Betano mapeado,Alta,contexto premium mixto,usa mezcla de promedios del torneo y recientes/API-Football,depende mucho del arbitro y del contexto competitivo,https://www.betano.pe/cuotas-de-partido/paris-saint-germain-sk-slovan-bratislava/91596643/
2026-09-09,14:00,Paris Saint Germain vs Slovan Bratislava,,,SHOTS_TOTAL UNDER.26.5,SHOTS_TOTAL UNDER.26.5,SHOTS_TOTAL:UNDER_26_5,69.8%,0.697800,1.43,,,,,,,,,,,Sin cuota/EV,No encontrado en Betano,Solo modelo,2,70.78,70.783000,,Betano mapeado,Media,contexto premium mixto,usa mezcla de promedios del torneo y recientes/API-Football,el volumen ofensivo puede variar por planteamiento y marcador temprano,https://www.betano.pe/cuotas-de-partido/paris-saint-germain-sk-slovan-bratislava/91596643/
2026-09-09,14:00,Paris Saint Germain vs Slovan Bratislava,,,SHOTS_ON_TARGET_TOTAL OVER.7.5,SHOTS_ON_TARGET_TOTAL OVER.7.5,SHOTS_ON_TARGET_TOTAL:OVER_7_5,69.8%,0.697600,1.43,,,,,,,,,,,Sin cuota/EV,No encontrado en Betano,Solo modelo,2,70.76,70.760000,,Betano mapeado,Media,contexto premium mixto,usa mezcla de promedios del torneo y recientes/API-Football,el volumen ofensivo puede variar por planteamiento y marcador temprano,https://www.betano.pe/cuotas-de-partido/paris-saint-germain-sk-slovan-bratislava/91596643/
2026-09-09,14:00,Paris Saint Germain vs Slovan Bratislava,,Betano,Local goles -1.5,TEAM_TOTAL_HOME UNDER.1.5,TEAM_TOTAL_HOME:UNDER_1_5,68.9%,0.688900,1.45,,,,,,1.06,-0.27,-0.269800,-0.39,0.73,Sin cuota/EV,EV negativo Betano,Solo modelo,4,84.57,84.571000,,Betano mapeado,Media,fallback ultimos partidos,usa Poisson fallback con ultimos partidos multi-competicion,un gol temprano o baja eficacia puede cambiar la lectura del mercado,https://www.betano.pe/cuotas-de-partido/paris-saint-germain-sk-slovan-bratislava/91596643/
2026-09-09,14:00,Paris Saint Germain vs Slovan Bratislava,10Bet,Betano,1T +0.5,FIRST_HALF_TOTALS OVER.0.5,FIRST_HALF_TOTALS:OVER_0_5,68.3%,0.683400,1.46,4.33,1.96,1.959000,2.87,2.96,1.14,-0.22,-0.220900,-0.32,0.78,EV positivo,EV negativo Betano,Valor,5,109.80,109.802000,Cuota API muy superior a la cuota justa: revisar manualmente antes de apostar,Betano mapeado,Media,contexto premium mixto,usa mezcla de promedios del torneo y recientes/API-Football,el primer tiempo puede tener ritmo bajo o rotaciones,https://www.betano.pe/cuotas-de-partido/paris-saint-germain-sk-slovan-bratislava/91596643/
2026-09-09,14:00,Paris Saint Germain vs Slovan Bratislava,10Bet,Betano,1T -1.5,FIRST_HALF_TOTALS UNDER.1.5,FIRST_HALF_TOTALS:UNDER_1_5,68.1%,0.680800,1.47,1.95,0.33,0.327500,0.48,1.33,2.30,0.57,0.565800,0.83,1.57,EV positivo,EV positivo Betano,Valor,5,116.03,116.025000,,Betano mapeado,Media,contexto premium mixto,usa mezcla de promedios del torneo y recientes/API-Football,el primer tiempo puede tener ritmo bajo o rotaciones,https://www.betano.pe/cuotas-de-partido/paris-saint-germain-sk-slovan-bratislava/91596643/
2026-09-09,14:00,Paris Saint Germain vs Slovan Bratislava,,,Visita tarjetas -2.5,CARDS_AWAY UNDER.2.5,CARDS_AWAY:UNDER_2_5,67.7%,0.676700,1.48,,,,,,,,,,,Sin cuota/EV,No encontrado en Betano,Solo modelo,2,68.67,68.668000,,Betano mapeado,Media,contexto premium mixto,usa mezcla de promedios del torneo y recientes/API-Football,depende mucho del arbitro y del contexto competitivo,https://www.betano.pe/cuotas-de-partido/paris-saint-germain-sk-slovan-bratislava/91596643/
2026-09-09,14:00,Paris Saint Germain vs Slovan Bratislava,,Betano,Local goles +0.5,TEAM_TOTAL_HOME OVER.0.5,TEAM_TOTAL_HOME:OVER_0_5,67.6%,0.676100,1.48,,,,,,2.45,0.66,0.656400,0.97,1.66,Sin cuota/EV,EV positivo Betano,Solo modelo,4,98.12,98.116000,,Betano mapeado,Media,fallback ultimos partidos,usa Poisson fallback con ultimos partidos multi-competicion,un gol temprano o baja eficacia puede cambiar la lectura del mercado,https://www.betano.pe/cuotas-de-partido/paris-saint-germain-sk-slovan-bratislava/91596643/
2026-09-09,14:00,Paris Saint Germain vs Slovan Bratislava,,,Visita goles -2.5,TEAM_TOTAL_AWAY UNDER.2.5,TEAM_TOTAL_AWAY:UNDER_2_5,66.9%,0.669400,1.49,,,,,,,,,,,Sin cuota/EV,No encontrado en Betano,Solo modelo,4,78.94,78.942000,,Betano mapeado,Media,fallback ultimos partidos,usa Poisson fallback con ultimos partidos multi-competicion,un gol temprano o baja eficacia puede cambiar la lectura del mercado,https://www.betano.pe/cuotas-de-partido/paris-saint-germain-sk-slovan-bratislava/91596643/
2026-09-09,14:00,Paris Saint Germain vs Slovan Bratislava,,,Corners total -8.5,CORNERS_TOTALS UNDER.8.5,CORNERS_TOTALS:UNDER_8_5,65.0%,0.650500,1.54,,,,,,,,,,,Sin cuota/EV,No encontrado en Betano,Solo modelo,6,93.05,93.047000,,Betano mapeado,Media,contexto premium mixto,usa mezcla de promedios del torneo y recientes/API-Football,el volumen ofensivo puede variar por planteamiento y marcador temprano,https://www.betano.pe/cuotas-de-partido/paris-saint-germain-sk-slovan-bratislava/91596643/
2026-09-09,14:00,Paris Saint Germain vs Slovan Bratislava,,,Local tarjetas -1.5,CARDS_HOME UNDER.1.5,CARDS_HOME:UNDER_1_5,64.5%,0.644600,1.55,,,,,,,,,,,Sin cuota/EV,No encontrado en Betano,Solo modelo,2,65.46,65.464000,,Betano mapeado,Media,contexto premium mixto,usa mezcla de promedios del torneo y recientes/API-Football,depende mucho del arbitro y del contexto competitivo,https://www.betano.pe/cuotas-de-partido/paris-saint-germain-sk-slovan-bratislava/91596643/
2026-09-09,14:00,Paris Saint Germain vs Slovan Bratislava,,Betano,Tarjetas total +2.5,CARDS_TOTALS OVER.2.5,CARDS_TOTALS:OVER_2_5,63.0%,0.630400,1.59,,,,,,1.62,0.02,0.021200,0.03,1.02,Sin cuota/EV,EV positivo Betano,Solo modelo,3,77.38,77.382000,,Betano mapeado,Media,contexto premium mixto,usa mezcla de promedios del torneo y recientes/API-Football,depende mucho del arbitro y del contexto competitivo,https://www.betano.pe/cuotas-de-partido/paris-saint-germain-sk-slovan-bratislava/91596643/
2026-09-09,14:00,Paris Saint Germain vs Slovan Bratislava,,,SHOTS_TOTAL OVER.22.5,SHOTS_TOTAL OVER.22.5,SHOTS_TOTAL:OVER_22_5,61.5%,0.614700,1.63,,,,,,,,,,,Sin cuota/EV,No encontrado en Betano,Solo modelo,2,62.47,62.473000,,Betano mapeado,Media,contexto premium mixto,usa mezcla de promedios del torneo y recientes/API-Football,el volumen ofensivo puede variar por planteamiento y marcador temprano,https://www.betano.pe/cuotas-de-partido/paris-saint-germain-sk-slovan-bratislava/91596643/
2026-09-09,14:00,Paris Saint Germain vs Slovan Bratislava,,,Local corners +3.5,CORNERS_HOME OVER.3.5,CORNERS_HOME:OVER_3_5,61.4%,0.613800,1.63,,,,,,,,,,,Sin cuota/EV,No encontrado en Betano,Solo modelo,4,75.38,75.379000,,Betano mapeado,Media,contexto premium mixto,usa mezcla de promedios del torneo y recientes/API-Football,el volumen ofensivo puede variar por planteamiento y marcador temprano,https://www.betano.pe/cuotas-de-partido/paris-saint-germain-sk-slovan-bratislava/91596643/
2026-09-09,14:00,Paris Saint Germain vs Slovan Bratislava,10Bet,Betano,Goles -3.5,TOTALS UNDER.3.5,TOTALS:UNDER_3_5,61.3%,0.612600,1.63,1.25,-0.23,-0.234200,-0.38,0.77,2.60,0.59,0.592800,0.97,1.59,EV negativo,EV positivo Betano,Revisar,10,116.53,116.534000,Cuota por debajo de la cuota justa: valor limitado,Betano mapeado,Media,fallback ultimos partidos,usa Poisson fallback con ultimos partidos multi-competicion,un gol temprano o baja eficacia puede cambiar la lectura del mercado,https://www.betano.pe/cuotas-de-partido/paris-saint-germain-sk-slovan-bratislava/91596643/
2026-09-09,14:00,Paris Saint Germain vs Slovan Bratislava,10Bet,,Goles +2.5,TOTALS OVER.2.5,TOTALS:OVER_2_5,61.1%,0.610500,1.64,2.05,0.25,0.251600,0.41,1.25,,,,,,EV positivo,No encontrado en Betano,Valor,8,103.58,103.581000,,Betano mapeado,Media,fallback ultimos partidos,usa Poisson fallback con ultimos partidos multi-competicion,un gol temprano o baja eficacia puede cambiar la lectura del mercado,https://www.betano.pe/cuotas-de-partido/paris-saint-germain-sk-slovan-bratislava/91596643/
2026-09-09,14:00,Paris Saint Germain vs Slovan Bratislava,,Betano,Visita goles +1.5,TEAM_TOTAL_AWAY OVER.1.5,TEAM_TOTAL_AWAY:OVER_1_5,60.1%,0.601200,1.66,,,,,,7.70,3.63,3.629200,6.04,4.63,Sin cuota/EV,EV positivo Betano,Solo modelo,4,102.12,102.120000,,Betano mapeado,Media,fallback ultimos partidos,usa Poisson fallback con ultimos partidos multi-competicion,un gol temprano o baja eficacia puede cambiar la lectura del mercado,https://www.betano.pe/cuotas-de-partido/paris-saint-germain-sk-slovan-bratislava/91596643/
2026-09-09,14:00,Paris Saint Germain vs Slovan Bratislava,,,Visita tarjetas +1.5,CARDS_AWAY OVER.1.5,CARDS_AWAY:OVER_1_5,59.4%,0.594000,1.68,,,,,,,,,,,Sin cuota/EV,No encontrado en Betano,Solo modelo,2,60.40,60.399000,,Betano mapeado,Media,contexto premium mixto,usa mezcla de promedios del torneo y recientes/API-Football,depende mucho del arbitro y del contexto competitivo,https://www.betano.pe/cuotas-de-partido/paris-saint-germain-sk-slovan-bratislava/91596643/
2026-09-09,14:00,Paris Saint Germain vs Slovan Bratislava,,Betano,Tarjetas total -3.5,CARDS_TOTALS UNDER.3.5,CARDS_TOTALS:UNDER_3_5,59.1%,0.591400,1.69,,,,,,1.52,-0.10,-0.101100,-0.17,0.90,Sin cuota/EV,EV negativo Betano,Solo modelo,3,71.52,71.523000,,Betano mapeado,Media,contexto premium mixto,usa mezcla de promedios del torneo y recientes/API-Football,depende mucho del arbitro y del contexto competitivo,https://www.betano.pe/cuotas-de-partido/paris-saint-germain-sk-slovan-bratislava/91596643/
2026-09-09,14:00,Paris Saint Germain vs Slovan Bratislava,10Bet,Betano,BTTS sí,BTTS YES,BTTS:YES,58.7%,0.587100,1.70,5.00,1.94,1.935600,3.30,2.94,2.47,0.45,0.450100,0.77,1.45,EV positivo,EV positivo Betano,Valor,8,123.91,123.914000,Cuota API muy superior a la cuota justa: revisar manualmente antes de apostar,Betano mapeado,Media,fallback ultimos partidos,usa Poisson fallback con ultimos partidos multi-competicion,un gol temprano o baja eficacia puede cambiar la lectura del mercado,https://www.betano.pe/cuotas-de-partido/paris-saint-germain-sk-slovan-bratislava/91596643/
2026-09-09,14:00,Paris Saint Germain vs Slovan Bratislava,10Bet,Betano,Gana visita,1X2 AWAY,1X2:AWAY,58.1%,0.581400,1.72,17.00,8.88,8.884500,15.28,9.88,32.00,17.60,17.604800,30.28,18.60,EV positivo,EV positivo Betano,Valor,7,133.14,133.144000,Cuota API muy superior a la cuota justa: revisar manualmente antes de apostar,Betano mapeado,Media,fallback ultimos partidos,usa Poisson fallback con ultimos partidos multi-competicion,riesgo propio del resultado final y variacion del modelo,https://www.betano.pe/cuotas-de-partido/paris-saint-germain-sk-slovan-bratislava/91596643/
2026-09-09,14:00,Paris Saint Germain vs Slovan Bratislava,,,Local corners -4.5,CORNERS_HOME UNDER.4.5,CORNERS_HOME:UNDER_4_5,58.0%,0.580100,1.72,,,,,,,,,,,Sin cuota/EV,No encontrado en Betano,Solo modelo,4,72.01,72.012000,,Betano mapeado,Media,contexto premium mixto,usa mezcla de promedios del torneo y recientes/API-Football,el volumen ofensivo puede variar por planteamiento y marcador temprano,https://www.betano.pe/cuotas-de-partido/paris-saint-germain-sk-slovan-bratislava/91596643/
2026-09-09,14:00,Paris Saint Germain vs Slovan Bratislava,,,Visita corners -3.5,CORNERS_AWAY UNDER.3.5,CORNERS_AWAY:UNDER_3_5,57.3%,0.572900,1.75,,,,,,,,,,,Sin cuota/EV,No encontrado en Betano,Solo modelo,4,71.30,71.295000,,Betano mapeado,Media,contexto premium mixto,usa mezcla de promedios del torneo y recientes/API-Football,el volumen ofensivo puede variar por planteamiento y marcador temprano,https://www.betano.pe/cuotas-de-partido/paris-saint-germain-sk-slovan-bratislava/91596643/
2026-09-09,14:00,Paris Saint Germain vs Slovan Bratislava,,,SHOTS_ON_TARGET_TOTAL OVER.8.5,SHOTS_ON_TARGET_TOTAL OVER.8.5,SHOTS_ON_TARGET_TOTAL:OVER_8_5,56.9%,0.568800,1.76,,,,,,,,,,,Sin cuota/EV,No encontrado en Betano,Solo modelo,2,57.88,57.878000,,Betano mapeado,Media,contexto premium mixto,usa mezcla de promedios del torneo y recientes/API-Football,el volumen ofensivo puede variar por planteamiento y marcador temprano,https://www.betano.pe/cuotas-de-partido/paris-saint-germain-sk-slovan-bratislava/91596643/
2026-09-09,14:00,Paris Saint Germain vs Slovan Bratislava,,,SHOTS_ON_TARGET_TOTAL UNDER.9.5,SHOTS_ON_TARGET_TOTAL UNDER.9.5,SHOTS_ON_TARGET_TOTAL:UNDER_9_5,56.3%,0.562700,1.78,,,,,,,,,,,Sin cuota/EV,No encontrado en Betano,Solo modelo,2,57.27,57.272000,,Betano mapeado,Media,contexto premium mixto,usa mezcla de promedios del torneo y recientes/API-Football,el volumen ofensivo puede variar por planteamiento y marcador temprano,https://www.betano.pe/cuotas-de-partido/paris-saint-germain-sk-slovan-bratislava/91596643/
2026-09-09,14:00,Paris Saint Germain vs Slovan Bratislava,,,SHOTS_TOTAL UNDER.24.5,SHOTS_TOTAL UNDER.24.5,SHOTS_TOTAL:UNDER_24_5,54.7%,0.547300,1.83,,,,,,,,,,,Sin cuota/EV,No encontrado en Betano,Solo modelo,2,55.73,55.727000,,Betano mapeado,Baja,contexto premium mixto,usa mezcla de promedios del torneo y recientes/API-Football,el volumen ofensivo puede variar por planteamiento y marcador temprano,https://www.betano.pe/cuotas-de-partido/paris-saint-germain-sk-slovan-bratislava/91596643/
2026-09-09,14:00,Paris Saint Germain vs Slovan Bratislava,,,Corners total -7.5,CORNERS_TOTALS UNDER.7.5,CORNERS_TOTALS:UNDER_7_5,51.2%,0.512400,1.95,,,,,,,,,,,Sin cuota/EV,No encontrado en Betano,Solo modelo,6,79.24,79.244000,,Betano mapeado,Baja,contexto premium mixto,usa mezcla de promedios del torneo y recientes/API-Football,el volumen ofensivo puede variar por planteamiento y marcador temprano,https://www.betano.pe/cuotas-de-partido/paris-saint-germain-sk-slovan-bratislava/91596643/
2026-09-09,14:00,Paris Saint Germain vs Slovan Bratislava,,,Corners total +7.5,CORNERS_TOTALS OVER.7.5,CORNERS_TOTALS:OVER_7_5,48.8%,0.487600,2.05,,,,,,,,,,,Sin cuota/EV,No encontrado en Betano,Solo modelo,6,76.76,76.756000,,Betano mapeado,Baja,contexto premium mixto,usa mezcla de promedios del torneo y recientes/API-Football,el volumen ofensivo puede variar por planteamiento y marcador temprano,https://www.betano.pe/cuotas-de-partido/paris-saint-germain-sk-slovan-bratislava/91596643/
2026-09-09,14:00,Paris Saint Germain vs Slovan Bratislava,,,SHOTS_TOTAL OVER.24.5,SHOTS_TOTAL OVER.24.5,SHOTS_TOTAL:OVER_24_5,45.3%,0.452700,2.21,,,,,,,,,,,Sin cuota/EV,No encontrado en Betano,Solo modelo,2,46.27,46.273000,,Betano mapeado,Baja,contexto premium mixto,usa mezcla de promedios del torneo y recientes/API-Football,el volumen ofensivo puede variar por planteamiento y marcador temprano,https://www.betano.pe/cuotas-de-partido/paris-saint-germain-sk-slovan-bratislava/91596643/
2026-09-09,14:00,Paris Saint Germain vs Slovan Bratislava,,,SHOTS_ON_TARGET_TOTAL OVER.9.5,SHOTS_ON_TARGET_TOTAL OVER.9.5,SHOTS_ON_TARGET_TOTAL:OVER_9_5,43.7%,0.437300,2.29,,,,,,,,,,,Sin cuota/EV,No encontrado en Betano,Solo modelo,2,44.73,44.728000,,Betano mapeado,Baja,contexto premium mixto,usa mezcla de promedios del torneo y recientes/API-Football,el volumen ofensivo puede variar por planteamiento y marcador temprano,https://www.betano.pe/cuotas-de-partido/paris-saint-germain-sk-slovan-bratislava/91596643/
2026-09-09,14:00,Paris Saint Germain vs Slovan Bratislava,,,SHOTS_ON_TARGET_TOTAL UNDER.8.5,SHOTS_ON_TARGET_TOTAL UNDER.8.5,SHOTS_ON_TARGET_TOTAL:UNDER_8_5,43.1%,0.431200,2.32,,,,,,,,,,,Sin cuota/EV,No encontrado en Betano,Solo modelo,2,44.12,44.122000,,Betano mapeado,Baja,contexto premium mixto,usa mezcla de promedios del torneo y recientes/API-Football,el volumen ofensivo puede variar por planteamiento y marcador temprano,https://www.betano.pe/cuotas-de-partido/paris-saint-germain-sk-slovan-bratislava/91596643/
2026-09-09,14:00,Paris Saint Germain vs Slovan Bratislava,,,Visita corners +3.5,CORNERS_AWAY OVER.3.5,CORNERS_AWAY:OVER_3_5,42.7%,0.427100,2.34,,,,,,,,,,,Sin cuota/EV,No encontrado en Betano,Solo modelo,4,56.70,56.705000,,Betano mapeado,Baja,contexto premium mixto,usa mezcla de promedios del torneo y recientes/API-Football,el volumen ofensivo puede variar por planteamiento y marcador temprano,https://www.betano.pe/cuotas-de-partido/paris-saint-germain-sk-slovan-bratislava/91596643/
2026-09-09,14:00,Paris Saint Germain vs Slovan Bratislava,,,Local corners +4.5,CORNERS_HOME OVER.4.5,CORNERS_HOME:OVER_4_5,42.0%,0.419900,2.38,,,,,,,,,,,Sin cuota/EV,No encontrado en Betano,Solo modelo,4,55.99,55.988000,,Betano mapeado,Baja,contexto premium mixto,usa mezcla de promedios del torneo y recientes/API-Football,el volumen ofensivo puede variar por planteamiento y marcador temprano,https://www.betano.pe/cuotas-de-partido/paris-saint-germain-sk-slovan-bratislava/91596643/
2026-09-09,14:00,Paris Saint Germain vs Slovan Bratislava,,,DOUBLE_CHANCE 1X,DOUBLE_CHANCE 1X,DOUBLE_CHANCE:1X,41.9%,0.418600,2.39,,,,,,,,,,,Sin cuota/EV,No encontrado en Betano,Solo modelo,9,82.86,82.856000,,Betano mapeado,Baja,fallback ultimos partidos,usa Poisson fallback con ultimos partidos multi-competicion,riesgo propio del resultado final y variacion del modelo,https://www.betano.pe/cuotas-de-partido/paris-saint-germain-sk-slovan-bratislava/91596643/
2026-09-09,14:00,Paris Saint Germain vs Slovan Bratislava,10Bet,Betano,BTTS no,BTTS NO,BTTS:NO,41.3%,0.412900,2.42,1.13,-0.53,-0.533400,-1.29,0.47,1.50,-0.38,-0.380700,-0.92,0.62,EV negativo,EV negativo Betano,Revisar,8,65.59,65.595000,Cuota por debajo de la cuota justa: valor limitado,Betano mapeado,Baja,fallback ultimos partidos,usa Poisson fallback con ultimos partidos multi-competicion,un gol temprano o baja eficacia puede cambiar la lectura del mercado,https://www.betano.pe/cuotas-de-partido/paris-saint-germain-sk-slovan-bratislava/91596643/
2026-09-09,14:00,Paris Saint Germain vs Slovan Bratislava,,Betano,Tarjetas total +3.5,CARDS_TOTALS OVER.3.5,CARDS_TOTALS:OVER_3_5,40.9%,0.408600,2.45,,,,,,2.42,-0.01,-0.011200,-0.03,0.99,Sin cuota/EV,EV negativo Betano,Solo modelo,3,54.68,54.680000,,Betano mapeado,Baja,contexto premium mixto,usa mezcla de promedios del torneo y recientes/API-Football,depende mucho del arbitro y del contexto competitivo,https://www.betano.pe/cuotas-de-partido/paris-saint-germain-sk-slovan-bratislava/91596643/
2026-09-09,14:00,Paris Saint Germain vs Slovan Bratislava,,,Visita tarjetas -1.5,CARDS_AWAY UNDER.1.5,CARDS_AWAY:UNDER_1_5,40.6%,0.406000,2.46,,,,,,,,,,,Sin cuota/EV,No encontrado en Betano,Solo modelo,2,41.60,41.601000,,Betano mapeado,Baja,contexto premium mixto,usa mezcla de promedios del torneo y recientes/API-Football,depende mucho del arbitro y del contexto competitivo,https://www.betano.pe/cuotas-de-partido/paris-saint-germain-sk-slovan-bratislava/91596643/
2026-09-09,14:00,Paris Saint Germain vs Slovan Bratislava,,Betano,Visita goles -1.5,TEAM_TOTAL_AWAY UNDER.1.5,TEAM_TOTAL_AWAY:UNDER_1_5,39.9%,0.398800,2.51,,,,,,1.06,-0.58,-0.577300,-1.45,0.42,Sin cuota/EV,EV negativo Betano,Solo modelo,4,50.64,50.643000,,Betano mapeado,Baja,fallback ultimos partidos,usa Poisson fallback con ultimos partidos multi-competicion,un gol temprano o baja eficacia puede cambiar la lectura del mercado,https://www.betano.pe/cuotas-de-partido/paris-saint-germain-sk-slovan-bratislava/91596643/
2026-09-09,14:00,Paris Saint Germain vs Slovan Bratislava,10Bet,,Goles -2.5,TOTALS UNDER.2.5,TOTALS:UNDER_2_5,39.0%,0.389500,2.57,1.68,-0.35,-0.345700,-0.89,0.65,,,,,,EV negativo,No encontrado en Betano,Revisar,8,64.72,64.725000,Cuota por debajo de la cuota justa: valor limitado,Betano mapeado,Baja,fallback ultimos partidos,usa Poisson fallback con ultimos partidos multi-competicion,un gol temprano o baja eficacia puede cambiar la lectura del mercado,https://www.betano.pe/cuotas-de-partido/paris-saint-germain-sk-slovan-bratislava/91596643/
2026-09-09,14:00,Paris Saint Germain vs Slovan Bratislava,10Bet,Betano,Goles +3.5,TOTALS OVER.3.5,TOTALS:OVER_3_5,38.7%,0.387400,2.58,3.65,0.41,0.413900,1.07,1.41,1.50,-0.42,-0.418900,-1.08,0.58,EV positivo,EV negativo Betano,Revisar,1,48.48,48.483000,,Betano mapeado,Baja,fallback ultimos partidos,usa Poisson fallback con ultimos partidos multi-competicion,un gol temprano o baja eficacia puede cambiar la lectura del mercado,https://www.betano.pe/cuotas-de-partido/paris-saint-germain-sk-slovan-bratislava/91596643/
2026-09-09,14:00,Paris Saint Germain vs Slovan Bratislava,,,Local corners -3.5,CORNERS_HOME UNDER.3.5,CORNERS_HOME:UNDER_3_5,38.6%,0.386200,2.59,,,,,,,,,,,Sin cuota/EV,No encontrado en Betano,Solo modelo,4,52.62,52.621000,,Betano mapeado,Baja,contexto premium mixto,usa mezcla de promedios del torneo y recientes/API-Football,el volumen ofensivo puede variar por planteamiento y marcador temprano,https://www.betano.pe/cuotas-de-partido/paris-saint-germain-sk-slovan-bratislava/91596643/
2026-09-09,14:00,Paris Saint Germain vs Slovan Bratislava,,,SHOTS_TOTAL UNDER.22.5,SHOTS_TOTAL UNDER.22.5,SHOTS_TOTAL:UNDER_22_5,38.5%,0.385300,2.60,,,,,,,,,,,Sin cuota/EV,No encontrado en Betano,Solo modelo,2,39.53,39.527000,,Betano mapeado,Baja,contexto premium mixto,usa mezcla de promedios del torneo y recientes/API-Football,el volumen ofensivo puede variar por planteamiento y marcador temprano,https://www.betano.pe/cuotas-de-partido/paris-saint-germain-sk-slovan-bratislava/91596643/
2026-09-09,14:00,Paris Saint Germain vs Slovan Bratislava,,Betano,Tarjetas total -2.5,CARDS_TOTALS UNDER.2.5,CARDS_TOTALS:UNDER_2_5,37.0%,0.369600,2.71,,,,,,2.20,-0.19,-0.186900,-0.51,0.81,Sin cuota/EV,EV negativo Betano,Solo modelo,3,47.97,47.967000,,Betano mapeado,Baja,contexto premium mixto,usa mezcla de promedios del torneo y recientes/API-Football,depende mucho del arbitro y del contexto competitivo,https://www.betano.pe/cuotas-de-partido/paris-saint-germain-sk-slovan-bratislava/91596643/
2026-09-09,14:00,Paris Saint Germain vs Slovan Bratislava,,,Local tarjetas +1.5,CARDS_HOME OVER.1.5,CARDS_HOME:OVER_1_5,35.5%,0.355400,2.81,,,,,,,,,,,Sin cuota/EV,No encontrado en Betano,Solo modelo,2,36.54,36.536000,,Betano mapeado,Baja,contexto premium mixto,usa mezcla de promedios del torneo y recientes/API-Football,depende mucho del arbitro y del contexto competitivo,https://www.betano.pe/cuotas-de-partido/paris-saint-germain-sk-slovan-bratislava/91596643/
2026-09-09,14:00,Paris Saint Germain vs Slovan Bratislava,,,Corners total +8.5,CORNERS_TOTALS OVER.8.5,CORNERS_TOTALS:OVER_8_5,34.9%,0.349500,2.86,,,,,,,,,,,Sin cuota/EV,No encontrado en Betano,Solo modelo,6,62.95,62.953000,,Betano mapeado,Baja,contexto premium mixto,usa mezcla de promedios del torneo y recientes/API-Football,el volumen ofensivo puede variar por planteamiento y marcador temprano,https://www.betano.pe/cuotas-de-partido/paris-saint-germain-sk-slovan-bratislava/91596643/
2026-09-09,14:00,Paris Saint Germain vs Slovan Bratislava,,Betano,Visita goles +2.5,TEAM_TOTAL_AWAY OVER.2.5,TEAM_TOTAL_AWAY:OVER_2_5,33.1%,0.330600,3.02,,,,,,14.00,3.63,3.628400,10.97,4.63,Sin cuota/EV,EV positivo Betano,Solo modelo,4,75.06,75.058000,,Betano mapeado,Baja,fallback ultimos partidos,usa Poisson fallback con ultimos partidos multi-competicion,un gol temprano o baja eficacia puede cambiar la lectura del mercado,https://www.betano.pe/cuotas-de-partido/paris-saint-germain-sk-slovan-bratislava/91596643/
2026-09-09,14:00,Paris Saint Germain vs Slovan Bratislava,,Betano,Local goles -0.5,TEAM_TOTAL_HOME UNDER.0.5,TEAM_TOTAL_HOME:UNDER_0_5,32.4%,0.323900,3.09,,,,,,1.52,-0.51,-0.507700,-1.57,0.49,Sin cuota/EV,EV negativo Betano,Solo modelo,4,44.26,44.263000,,Betano mapeado,Baja,fallback ultimos partidos,usa Poisson fallback con ultimos partidos multi-competicion,un gol temprano o baja eficacia puede cambiar la lectura del mercado,https://www.betano.pe/cuotas-de-partido/paris-saint-germain-sk-slovan-bratislava/91596643/
2026-09-09,14:00,Paris Saint Germain vs Slovan Bratislava,,,Visita tarjetas +2.5,CARDS_AWAY OVER.2.5,CARDS_AWAY:OVER_2_5,32.3%,0.323300,3.09,,,,,,,,,,,Sin cuota/EV,No encontrado en Betano,Solo modelo,2,33.33,33.332000,,Betano mapeado,Baja,contexto premium mixto,usa mezcla de promedios del torneo y recientes/API-Football,depende mucho del arbitro y del contexto competitivo,https://www.betano.pe/cuotas-de-partido/paris-saint-germain-sk-slovan-bratislava/91596643/
2026-09-09,14:00,Paris Saint Germain vs Slovan Bratislava,10Bet,Betano,1T +1.5,FIRST_HALF_TOTALS OVER.1.5,FIRST_HALF_TOTALS:OVER_1_5,31.9%,0.319200,3.13,1.77,-0.43,-0.435000,-1.36,0.56,1.60,-0.49,-0.489300,-1.53,0.51,EV negativo,EV negativo Betano,Evitar,5,28.27,28.265000,Cuota por debajo de la cuota justa: valor limitado,Betano mapeado,Baja,contexto premium mixto,usa mezcla de promedios del torneo y recientes/API-Football,el primer tiempo puede tener ritmo bajo o rotaciones,https://www.betano.pe/cuotas-de-partido/paris-saint-germain-sk-slovan-bratislava/91596643/
2026-09-09,14:00,Paris Saint Germain vs Slovan Bratislava,10Bet,Betano,1T -0.5,FIRST_HALF_TOTALS UNDER.0.5,FIRST_HALF_TOTALS:UNDER_0_5,31.7%,0.316600,3.16,1.18,-0.63,-0.626400,-1.98,0.37,5.50,0.74,0.741300,2.34,1.74,EV negativo,EV positivo Betano,Evitar,5,44.25,44.250000,Cuota por debajo de la cuota justa: valor limitado,Betano mapeado,Baja,contexto premium mixto,usa mezcla de promedios del torneo y recientes/API-Football,el primer tiempo puede tener ritmo bajo o rotaciones,https://www.betano.pe/cuotas-de-partido/paris-saint-germain-sk-slovan-bratislava/91596643/
2026-09-09,14:00,Paris Saint Germain vs Slovan Bratislava,,Betano,Local goles +1.5,TEAM_TOTAL_HOME OVER.1.5,TEAM_TOTAL_HOME:OVER_1_5,31.1%,0.311100,3.21,,,,,,7.70,1.40,1.395500,4.49,2.40,Sin cuota/EV,EV positivo Betano,Solo modelo,4,73.11,73.112000,,Betano mapeado,Baja,fallback ultimos partidos,usa Poisson fallback con ultimos partidos multi-competicion,un gol temprano o baja eficacia puede cambiar la lectura del mercado,https://www.betano.pe/cuotas-de-partido/paris-saint-germain-sk-slovan-bratislava/91596643/
2026-09-09,14:00,Paris Saint Germain vs Slovan Bratislava,,,SHOTS_ON_TARGET_TOTAL UNDER.7.5,SHOTS_ON_TARGET_TOTAL UNDER.7.5,SHOTS_ON_TARGET_TOTAL:UNDER_7_5,30.2%,0.302400,3.31,,,,,,,,,,,Sin cuota/EV,No encontrado en Betano,Solo modelo,2,31.24,31.240000,,Betano mapeado,Baja,contexto premium mixto,usa mezcla de promedios del torneo y recientes/API-Football,el volumen ofensivo puede variar por planteamiento y marcador temprano,https://www.betano.pe/cuotas-de-partido/paris-saint-germain-sk-slovan-bratislava/91596643/
2026-09-09,14:00,Paris Saint Germain vs Slovan Bratislava,,,SHOTS_TOTAL OVER.26.5,SHOTS_TOTAL OVER.26.5,SHOTS_TOTAL:OVER_26_5,30.2%,0.302200,3.31,,,,,,,,,,,Sin cuota/EV,No encontrado en Betano,Solo modelo,2,31.22,31.217000,,Betano mapeado,Baja,contexto premium mixto,usa mezcla de promedios del torneo y recientes/API-Football,el volumen ofensivo puede variar por planteamiento y marcador temprano,https://www.betano.pe/cuotas-de-partido/paris-saint-germain-sk-slovan-bratislava/91596643/
2026-09-09,14:00,Paris Saint Germain vs Slovan Bratislava,,,Local tarjetas -0.5,CARDS_HOME UNDER.0.5,CARDS_HOME:UNDER_0_5,28.6%,0.286500,3.49,,,,,,,,,,,Sin cuota/EV,No encontrado en Betano,Solo modelo,2,29.65,29.650000,,Betano mapeado,Baja,contexto premium mixto,usa mezcla de promedios del torneo y recientes/API-Football,depende mucho del arbitro y del contexto competitivo,https://www.betano.pe/cuotas-de-partido/paris-saint-germain-sk-slovan-bratislava/91596643/
2026-09-09,14:00,Paris Saint Germain vs Slovan Bratislava,10Bet,,DNB local,DRAW_NO_BET HOME,DRAW_NO_BET:HOME,26.2%,0.261900,3.82,1.02,-0.73,-0.732800,-2.80,0.27,,,,,,EV negativo,No encontrado en Betano,Revisar,9,51.19,51.192000,Cuota por debajo de la cuota justa: valor limitado,Betano mapeado,Baja,fallback ultimos partidos,usa Poisson fallback con ultimos partidos multi-competicion,riesgo propio del resultado final y variacion del modelo,https://www.betano.pe/cuotas-de-partido/paris-saint-germain-sk-slovan-bratislava/91596643/
2026-09-09,14:00,Paris Saint Germain vs Slovan Bratislava,,,Local corners +5.5,CORNERS_HOME OVER.5.5,CORNERS_HOME:OVER_5_5,25.5%,0.255100,3.92,,,,,,,,,,,Sin cuota/EV,No encontrado en Betano,Solo modelo,4,39.51,39.506000,,Betano mapeado,Baja,contexto premium mixto,usa mezcla de promedios del torneo y recientes/API-Football,el volumen ofensivo puede variar por planteamiento y marcador temprano,https://www.betano.pe/cuotas-de-partido/paris-saint-germain-sk-slovan-bratislava/91596643/
2026-09-09,14:00,Paris Saint Germain vs Slovan Bratislava,,,Visita corners +4.5,CORNERS_AWAY OVER.4.5,CORNERS_AWAY:OVER_4_5,24.3%,0.243500,4.11,,,,,,,,,,,Sin cuota/EV,No encontrado en Betano,Solo modelo,4,38.35,38.354000,,Betano mapeado,Baja,contexto premium mixto,usa mezcla de promedios del torneo y recientes/API-Football,el volumen ofensivo puede variar por planteamiento y marcador temprano,https://www.betano.pe/cuotas-de-partido/paris-saint-germain-sk-slovan-bratislava/91596643/
2026-09-09,14:00,Paris Saint Germain vs Slovan Bratislava,,,SHOTS_TOTAL UNDER.20.5,SHOTS_TOTAL UNDER.20.5,SHOTS_TOTAL:UNDER_20_5,23.8%,0.237500,4.21,,,,,,,,,,,Sin cuota/EV,No encontrado en Betano,Solo modelo,2,24.75,24.750000,,Betano mapeado,Baja,contexto premium mixto,usa mezcla de promedios del torneo y recientes/API-Football,el volumen ofensivo puede variar por planteamiento y marcador temprano,https://www.betano.pe/cuotas-de-partido/paris-saint-germain-sk-slovan-bratislava/91596643/
2026-09-09,14:00,Paris Saint Germain vs Slovan Bratislava,,Betano,Corners total +9.5,CORNERS_TOTALS OVER.9.5,CORNERS_TOTALS:OVER_9_5,23.3%,0.233200,4.29,,,,,,1.42,-0.67,-0.668900,-2.87,0.33,Sin cuota/EV,EV negativo Betano,Solo modelo,6,49.32,49.323000,,Betano mapeado,Baja,contexto premium mixto,usa mezcla de promedios del torneo y recientes/API-Football,el volumen ofensivo puede variar por planteamiento y marcador temprano,https://www.betano.pe/cuotas-de-partido/paris-saint-germain-sk-slovan-bratislava/91596643/
2026-09-09,14:00,Paris Saint Germain vs Slovan Bratislava,,,Tarjetas total +4.5,CARDS_TOTALS OVER.4.5,CARDS_TOTALS:OVER_4_5,22.8%,0.228300,4.38,,,,,,,,,,,Sin cuota/EV,No encontrado en Betano,Solo modelo,3,28.84,28.835000,,Betano mapeado,Baja,contexto premium mixto,usa mezcla de promedios del torneo y recientes/API-Football,depende mucho del arbitro y del contexto competitivo,https://www.betano.pe/cuotas-de-partido/paris-saint-germain-sk-slovan-bratislava/91596643/
2026-09-09,14:00,Paris Saint Germain vs Slovan Bratislava,10Bet,Betano,Empate,1X2 DRAW,1X2:DRAW,21.2%,0.212200,4.71,2.65,-0.44,-0.437600,-2.06,0.56,14.50,2.08,2.076900,9.79,3.08,EV negativo,EV positivo Betano,Revisar,7,70.35,70.346000,Cuota por debajo de la cuota justa: valor limitado,Betano mapeado,Baja,fallback ultimos partidos,usa Poisson fallback con ultimos partidos multi-competicion,riesgo propio del resultado final y variacion del modelo,https://www.betano.pe/cuotas-de-partido/paris-saint-germain-sk-slovan-bratislava/91596643/
2026-09-09,14:00,Paris Saint Germain vs Slovan Bratislava,10Bet,Betano,Gana local,1X2 HOME,1X2:HOME,20.6%,0.206300,4.85,1.55,-0.68,-0.680200,-3.30,0.32,1.05,-0.78,-0.783400,-3.80,0.22,EV negativo,EV negativo Betano,Revisar,7,33.63,33.633000,Cuota por debajo de la cuota justa: valor limitado,Betano mapeado,Baja,fallback ultimos partidos,usa Poisson fallback con ultimos partidos multi-competicion,riesgo propio del resultado final y variacion del modelo,https://www.betano.pe/cuotas-de-partido/paris-saint-germain-sk-slovan-bratislava/91596643/
2026-09-09,14:00,Paris Saint Germain vs Slovan Bratislava,,,SHOTS_ON_TARGET_TOTAL UNDER.6.5,SHOTS_ON_TARGET_TOTAL UNDER.6.5,SHOTS_ON_TARGET_TOTAL:UNDER_6_5,19.0%,0.190200,5.26,,,,,,,,,,,Sin cuota/EV,No encontrado en Betano,Solo modelo,2,20.02,20.023000,,Betano mapeado,Baja,contexto premium mixto,usa mezcla de promedios del torneo y recientes/API-Football,el volumen ofensivo puede variar por planteamiento y marcador temprano,https://www.betano.pe/cuotas-de-partido/paris-saint-germain-sk-slovan-bratislava/91596643/
2026-09-09,14:00,Paris Saint Germain vs Slovan Bratislava,10Bet,,Goles -1.5,TOTALS UNDER.1.5,TOTALS:UNDER_1_5,17.7%,0.177300,5.64,3.00,-0.47,-0.468000,-2.64,0.53,,,,,,EV negativo,No encontrado en Betano,Revisar,1,6.31,6.308000,Cuota por debajo de la cuota justa: valor limitado,Betano mapeado,Baja,fallback ultimos partidos,usa Poisson fallback con ultimos partidos multi-competicion,un gol temprano o baja eficacia puede cambiar la lectura del mercado,https://www.betano.pe/cuotas-de-partido/paris-saint-germain-sk-slovan-bratislava/91596643/
2026-09-09,14:00,Paris Saint Germain vs Slovan Bratislava,10Bet,Betano,Corners total +10.5,CORNERS_TOTALS OVER.10.5,CORNERS_TOTALS:OVER_10_5,14.5%,0.145000,6.89,1.77,-0.74,-0.743300,-5.13,0.26,1.70,-0.75,-0.753500,-5.20,0.25,EV negativo,EV negativo Betano,Evitar,6,9.50,9.503000,Cuota por debajo de la cuota justa: valor limitado,Betano mapeado,Baja,contexto premium mixto,usa mezcla de promedios del torneo y recientes/API-Football,el volumen ofensivo puede variar por planteamiento y marcador temprano,https://www.betano.pe/cuotas-de-partido/paris-saint-germain-sk-slovan-bratislava/91596643/
2026-09-09,14:00,Paris Saint Germain vs Slovan Bratislava,,,Visita tarjetas +3.5,CARDS_AWAY OVER.3.5,CARDS_AWAY:OVER_3_5,14.3%,0.142900,7.00,,,,,,,,,,,Sin cuota/EV,No encontrado en Betano,Solo modelo,2,15.29,15.288000,,Betano mapeado,Baja,contexto premium mixto,usa mezcla de promedios del torneo y recientes/API-Football,depende mucho del arbitro y del contexto competitivo,https://www.betano.pe/cuotas-de-partido/paris-saint-germain-sk-slovan-bratislava/91596643/
2026-09-09,14:00,Paris Saint Germain vs Slovan Bratislava,,,Local corners +6.5,CORNERS_HOME OVER.6.5,CORNERS_HOME:OVER_6_5,13.8%,0.138300,7.23,,,,,,,,,,,Sin cuota/EV,No encontrado en Betano,Solo modelo,4,27.83,27.831000,,Betano mapeado,Baja,contexto premium mixto,usa mezcla de promedios del torneo y recientes/API-Football,el volumen ofensivo puede variar por planteamiento y marcador temprano,https://www.betano.pe/cuotas-de-partido/paris-saint-germain-sk-slovan-bratislava/91596643/
2026-09-09,14:00,Paris Saint Germain vs Slovan Bratislava,,,Visita tarjetas -0.5,CARDS_AWAY UNDER.0.5,CARDS_AWAY:UNDER_0_5,13.5%,0.135300,7.39,,,,,,,,,,,Sin cuota/EV,No encontrado en Betano,Solo modelo,2,14.53,14.534000,,Betano mapeado,Baja,contexto premium mixto,usa mezcla de promedios del torneo y recientes/API-Football,depende mucho del arbitro y del contexto competitivo,https://www.betano.pe/cuotas-de-partido/paris-saint-germain-sk-slovan-bratislava/91596643/
2026-09-09,14:00,Paris Saint Germain vs Slovan Bratislava,,Betano,Visita goles -0.5,TEAM_TOTAL_AWAY UNDER.0.5,TEAM_TOTAL_AWAY:UNDER_0_5,13.2%,0.131900,7.58,,,,,,1.52,-0.80,-0.799500,-6.06,0.20,Sin cuota/EV,EV negativo Betano,Solo modelo,4,23.19,23.189000,,Betano mapeado,Baja,fallback ultimos partidos,usa Poisson fallback con ultimos partidos multi-competicion,un gol temprano o baja eficacia puede cambiar la lectura del mercado,https://www.betano.pe/cuotas-de-partido/paris-saint-germain-sk-slovan-bratislava/91596643/
2026-09-09,14:00,Paris Saint Germain vs Slovan Bratislava,,,Local tarjetas +2.5,CARDS_HOME OVER.2.5,CARDS_HOME:OVER_2_5,13.2%,0.131500,7.60,,,,,,,,,,,Sin cuota/EV,No encontrado en Betano,Solo modelo,2,14.15,14.153000,,Betano mapeado,Baja,contexto premium mixto,usa mezcla de promedios del torneo y recientes/API-Football,depende mucho del arbitro y del contexto competitivo,https://www.betano.pe/cuotas-de-partido/paris-saint-germain-sk-slovan-bratislava/91596643/
2026-09-09,14:00,Paris Saint Germain vs Slovan Bratislava,,,SHOTS_TOTAL UNDER.18.5,SHOTS_TOTAL UNDER.18.5,SHOTS_TOTAL:UNDER_18_5,12.5%,0.124900,8.01,,,,,,,,,,,Sin cuota/EV,No encontrado en Betano,Solo modelo,2,13.49,13.490000,,Betano mapeado,Baja,contexto premium mixto,usa mezcla de promedios del torneo y recientes/API-Football,el volumen ofensivo puede variar por planteamiento y marcador temprano,https://www.betano.pe/cuotas-de-partido/paris-saint-germain-sk-slovan-bratislava/91596643/
2026-09-09,14:00,Paris Saint Germain vs Slovan Bratislava,,,Visita corners +5.5,CORNERS_AWAY OVER.5.5,CORNERS_AWAY:OVER_5_5,12.1%,0.121200,8.25,,,,,,,,,,,Sin cuota/EV,No encontrado en Betano,Solo modelo,4,26.12,26.119000,,Betano mapeado,Baja,contexto premium mixto,usa mezcla de promedios del torneo y recientes/API-Football,el volumen ofensivo puede variar por planteamiento y marcador temprano,https://www.betano.pe/cuotas-de-partido/paris-saint-germain-sk-slovan-bratislava/91596643/
2026-09-09,14:00,Paris Saint Germain vs Slovan Bratislava,,,Tarjetas total +5.5,CARDS_TOTALS OVER.5.5,CARDS_TOTALS:OVER_5_5,11.1%,0.111200,8.99,,,,,,,,,,,Sin cuota/EV,No encontrado en Betano,Solo modelo,3,17.12,17.119000,,Betano mapeado,Baja,contexto premium mixto,usa mezcla de promedios del torneo y recientes/API-Football,depende mucho del arbitro y del contexto competitivo,https://www.betano.pe/cuotas-de-partido/paris-saint-germain-sk-slovan-bratislava/91596643/
2026-09-09,14:00,Paris Saint Germain vs Slovan Bratislava,,Betano,Local goles +2.5,TEAM_TOTAL_HOME OVER.2.5,TEAM_TOTAL_HOME:OVER_2_5,10.5%,0.105300,9.50,,,,,,14.00,0.47,0.474200,4.50,1.47,Sin cuota/EV,EV positivo Betano,Solo modelo,4,38.11,38.113000,,Betano mapeado,Baja,fallback ultimos partidos,usa Poisson fallback con ultimos partidos multi-competicion,un gol temprano o baja eficacia puede cambiar la lectura del mercado,https://www.betano.pe/cuotas-de-partido/paris-saint-germain-sk-slovan-bratislava/91596643/
2026-09-09,14:00,Paris Saint Germain vs Slovan Bratislava,,Betano,Corners total +11.5,CORNERS_TOTALS OVER.11.5,CORNERS_TOTALS:OVER_11_5,8.4%,0.084200,11.87,,,,,,2.12,-0.82,-0.821500,-9.75,0.18,Sin cuota/EV,EV negativo Betano,Solo modelo,6,34.42,34.422000,,Betano mapeado,Baja,contexto premium mixto,usa mezcla de promedios del torneo y recientes/API-Football,el volumen ofensivo puede variar por planteamiento y marcador temprano,https://www.betano.pe/cuotas-de-partido/paris-saint-germain-sk-slovan-bratislava/91596643/
2026-09-09,14:00,Paris Saint Germain vs Slovan Bratislava,,,Visita corners +6.5,CORNERS_AWAY OVER.6.5,CORNERS_AWAY:OVER_6_5,5.3%,0.053200,18.79,,,,,,,,,,,Sin cuota/EV,No encontrado en Betano,Solo modelo,4,19.32,19.321000,,Betano mapeado,Baja,contexto premium mixto,usa mezcla de promedios del torneo y recientes/API-Football,el volumen ofensivo puede variar por planteamiento y marcador temprano,https://www.betano.pe/cuotas-de-partido/paris-saint-germain-sk-slovan-bratislava/91596643/
2026-09-09,14:00,Paris Saint Germain vs Slovan Bratislava,,,Tarjetas total +6.5,CARDS_TOTALS OVER.6.5,CARDS_TOTALS:OVER_6_5,4.8%,0.047700,20.95,,,,,,,,,,,Sin cuota/EV,No encontrado en Betano,Solo modelo,3,10.77,10.773000,,Betano mapeado,Baja,contexto premium mixto,usa mezcla de promedios del torneo y recientes/API-Football,depende mucho del arbitro y del contexto competitivo,https://www.betano.pe/cuotas-de-partido/paris-saint-germain-sk-slovan-bratislava/91596643/
2026-09-09,14:00,Paris Saint Germain vs Slovan Bratislava,,,Local tarjetas +3.5,CARDS_HOME OVER.3.5,CARDS_HOME:OVER_3_5,3.8%,0.038300,26.13,,,,,,,,,,,Sin cuota/EV,No encontrado en Betano,Solo modelo,2,4.83,4.827000,,Betano mapeado,Baja,contexto premium mixto,usa mezcla de promedios del torneo y recientes/API-Football,depende mucho del arbitro y del contexto competitivo,https://www.betano.pe/cuotas-de-partido/paris-saint-germain-sk-slovan-bratislava/91596643/
2026-09-09,14:00,Sporting CP vs Galatasaray,,,SHOTS_TOTAL OVER.18.5,SHOTS_TOTAL OVER.18.5,SHOTS_TOTAL:OVER_18_5,96.5%,0.965300,1.04,,,,,,,,,,,Sin cuota/EV,No encontrado en Betano,Solo modelo,2,95.53,95.527000,,Betano mapeado,Alta,contexto premium fallback reciente,usa promedios recientes multi-competicion/API-Football,el volumen ofensivo puede variar por planteamiento y marcador temprano,https://www.betano.pe/cuotas-de-partido/sporting-cp-galatasaray-sk/91597626/
2026-09-09,14:00,Sporting CP vs Galatasaray,,,Visita tarjetas -3.5,CARDS_AWAY UNDER.3.5,CARDS_AWAY:UNDER_3_5,94.6%,0.946300,1.06,,,,,,,,,,,Sin cuota/EV,No encontrado en Betano,Solo modelo,2,93.63,93.627000,,Betano mapeado,Alta,contexto premium fallback reciente,usa promedios recientes multi-competicion/API-Football,depende mucho del arbitro y del contexto competitivo,https://www.betano.pe/cuotas-de-partido/sporting-cp-galatasaray-sk/91597626/
2026-09-09,14:00,Sporting CP vs Galatasaray,,Betano,Local goles +0.5,TEAM_TOTAL_HOME OVER.0.5,TEAM_TOTAL_HOME:OVER_0_5,93.1%,0.930900,1.07,,,,,,1.38,0.28,0.284600,0.31,1.28,Sin cuota/EV,EV positivo Betano,Solo modelo,4,117.64,117.640000,,Betano mapeado,Alta,fallback ultimos partidos,usa Poisson fallback con ultimos partidos multi-competicion,un gol temprano o baja eficacia puede cambiar la lectura del mercado,https://www.betano.pe/cuotas-de-partido/sporting-cp-galatasaray-sk/91597626/
2026-09-09,14:00,Sporting CP vs Galatasaray,,,Tarjetas total -6.5,CARDS_TOTALS UNDER.6.5,CARDS_TOTALS:UNDER_6_5,92.9%,0.929400,1.08,,,,,,,,,,,Sin cuota/EV,No encontrado en Betano,Solo modelo,3,96.94,96.942000,,Betano mapeado,Alta,contexto premium fallback reciente,usa promedios recientes multi-competicion/API-Football,depende mucho del arbitro y del contexto competitivo,https://www.betano.pe/cuotas-de-partido/sporting-cp-galatasaray-sk/91597626/
2026-09-09,14:00,Sporting CP vs Galatasaray,10Bet,Betano,Goles +1.5,TOTALS OVER.1.5,TOTALS:OVER_1_5,92.0%,0.920100,1.09,1.80,0.66,0.656100,0.71,1.66,1.21,0.11,0.113300,0.12,1.11,EV positivo,EV positivo Betano,Seguro,10,164.63,164.632000,,Betano mapeado,Alta,fallback ultimos partidos,usa Poisson fallback con ultimos partidos multi-competicion,un gol temprano o baja eficacia puede cambiar la lectura del mercado,https://www.betano.pe/cuotas-de-partido/sporting-cp-galatasaray-sk/91597626/
2026-09-09,14:00,Sporting CP vs Galatasaray,,,SHOTS_TOTAL OVER.20.5,SHOTS_TOTAL OVER.20.5,SHOTS_TOTAL:OVER_20_5,91.8%,0.917600,1.09,,,,,,,,,,,Sin cuota/EV,No encontrado en Betano,Solo modelo,2,90.76,90.762000,,Betano mapeado,Alta,contexto premium fallback reciente,usa promedios recientes multi-competicion/API-Football,el volumen ofensivo puede variar por planteamiento y marcador temprano,https://www.betano.pe/cuotas-de-partido/sporting-cp-galatasaray-sk/91597626/
2026-09-09,14:00,Sporting CP vs Galatasaray,,,Visita corners -6.5,CORNERS_AWAY UNDER.6.5,CORNERS_AWAY:UNDER_6_5,89.3%,0.892800,1.12,,,,,,,,,,,Sin cuota/EV,No encontrado en Betano,Solo modelo,4,101.28,101.279000,,Betano mapeado,Alta,contexto premium fallback reciente,usa promedios recientes multi-competicion/API-Football,el volumen ofensivo puede variar por planteamiento y marcador temprano,https://www.betano.pe/cuotas-de-partido/sporting-cp-galatasaray-sk/91597626/
2026-09-09,14:00,Sporting CP vs Galatasaray,,,Local tarjetas +0.5,CARDS_HOME OVER.0.5,CARDS_HOME:OVER_0_5,88.5%,0.885500,1.13,,,,,,,,,,,Sin cuota/EV,No encontrado en Betano,Solo modelo,2,87.55,87.548000,,Betano mapeado,Alta,contexto premium fallback reciente,usa promedios recientes multi-competicion/API-Football,depende mucho del arbitro y del contexto competitivo,https://www.betano.pe/cuotas-de-partido/sporting-cp-galatasaray-sk/91597626/
2026-09-09,14:00,Sporting CP vs Galatasaray,,,SHOTS_ON_TARGET_TOTAL OVER.6.5,SHOTS_ON_TARGET_TOTAL OVER.6.5,SHOTS_ON_TARGET_TOTAL:OVER_6_5,87.1%,0.870900,1.15,,,,,,,,,,,Sin cuota/EV,No encontrado en Betano,Solo modelo,2,86.09,86.093000,,Betano mapeado,Alta,contexto premium fallback reciente,usa promedios recientes multi-competicion/API-Football,el volumen ofensivo puede variar por planteamiento y marcador temprano,https://www.betano.pe/cuotas-de-partido/sporting-cp-galatasaray-sk/91597626/
2026-09-09,14:00,Sporting CP vs Galatasaray,,Betano,Tarjetas total -5.5,CARDS_TOTALS UNDER.5.5,CARDS_TOTALS:UNDER_5_5,84.9%,0.848600,1.18,,,,,,1.42,0.20,0.205000,0.24,1.21,Sin cuota/EV,EV positivo Betano,Solo modelo,3,100.14,100.143000,,Betano mapeado,Alta,contexto premium fallback reciente,usa promedios recientes multi-competicion/API-Football,depende mucho del arbitro y del contexto competitivo,https://www.betano.pe/cuotas-de-partido/sporting-cp-galatasaray-sk/91597626/
2026-09-09,14:00,Sporting CP vs Galatasaray,,,SHOTS_TOTAL OVER.22.5,SHOTS_TOTAL OVER.22.5,SHOTS_TOTAL:OVER_22_5,83.6%,0.835600,1.20,,,,,,,,,,,Sin cuota/EV,No encontrado en Betano,Solo modelo,2,82.56,82.556000,,Betano mapeado,Alta,contexto premium fallback reciente,usa promedios recientes multi-competicion/API-Football,el volumen ofensivo puede variar por planteamiento y marcador temprano,https://www.betano.pe/cuotas-de-partido/sporting-cp-galatasaray-sk/91597626/
2026-09-09,14:00,Sporting CP vs Galatasaray,,,Visita tarjetas -2.5,CARDS_AWAY UNDER.2.5,CARDS_AWAY:UNDER_2_5,83.4%,0.833500,1.20,,,,,,,,,,,Sin cuota/EV,No encontrado en Betano,Solo modelo,2,82.35,82.350000,,Betano mapeado,Alta,contexto premium fallback reciente,usa promedios recientes multi-competicion/API-Football,depende mucho del arbitro y del contexto competitivo,https://www.betano.pe/cuotas-de-partido/sporting-cp-galatasaray-sk/91597626/
2026-09-09,14:00,Sporting CP vs Galatasaray,,,DOUBLE_CHANCE 12,DOUBLE_CHANCE 12,DOUBLE_CHANCE:12,82.7%,0.826500,1.21,,,,,,,,,,,Sin cuota/EV,No encontrado en Betano,Solo modelo,9,123.65,123.650000,,Betano mapeado,Alta,fallback ultimos partidos,usa Poisson fallback con ultimos partidos multi-competicion,riesgo propio del resultado final y variacion del modelo,https://www.betano.pe/cuotas-de-partido/sporting-cp-galatasaray-sk/91597626/
2026-09-09,14:00,Sporting CP vs Galatasaray,,,Local tarjetas -3.5,CARDS_HOME UNDER.3.5,CARDS_HOME:UNDER_3_5,82.6%,0.825800,1.21,,,,,,,,,,,Sin cuota/EV,No encontrado en Betano,Solo modelo,2,81.58,81.580000,,Betano mapeado,Alta,contexto premium fallback reciente,usa promedios recientes multi-competicion/API-Football,depende mucho del arbitro y del contexto competitivo,https://www.betano.pe/cuotas-de-partido/sporting-cp-galatasaray-sk/91597626/
2026-09-09,14:00,Sporting CP vs Galatasaray,,Betano,Visita goles -2.5,TEAM_TOTAL_AWAY UNDER.2.5,TEAM_TOTAL_AWAY:UNDER_2_5,80.9%,0.809200,1.24,,,,,,1.10,-0.11,-0.109900,-0.14,0.89,Sin cuota/EV,EV negativo Betano,Solo modelo,4,99.17,99.166000,,Betano mapeado,Alta,fallback ultimos partidos,usa Poisson fallback con ultimos partidos multi-competicion,un gol temprano o baja eficacia puede cambiar la lectura del mercado,https://www.betano.pe/cuotas-de-partido/sporting-cp-galatasaray-sk/91597626/
2026-09-09,14:00,Sporting CP vs Galatasaray,,,DOUBLE_CHANCE 1X,DOUBLE_CHANCE 1X,DOUBLE_CHANCE:1X,80.3%,0.802700,1.25,,,,,,,,,,,Sin cuota/EV,No encontrado en Betano,Solo modelo,9,121.27,121.274000,,Betano mapeado,Alta,fallback ultimos partidos,usa Poisson fallback con ultimos partidos multi-competicion,riesgo propio del resultado final y variacion del modelo,https://www.betano.pe/cuotas-de-partido/sporting-cp-galatasaray-sk/91597626/
2026-09-09,14:00,Sporting CP vs Galatasaray,,,Visita corners -5.5,CORNERS_AWAY UNDER.5.5,CORNERS_AWAY:UNDER_5_5,79.0%,0.790300,1.26,,,,,,,,,,,Sin cuota/EV,No encontrado en Betano,Solo modelo,4,91.03,91.034000,,Betano mapeado,Alta,contexto premium fallback reciente,usa promedios recientes multi-competicion/API-Football,el volumen ofensivo puede variar por planteamiento y marcador temprano,https://www.betano.pe/cuotas-de-partido/sporting-cp-galatasaray-sk/91597626/
2026-09-09,14:00,Sporting CP vs Galatasaray,10Bet,Betano,Goles +2.5,TOTALS OVER.2.5,TOTALS:OVER_2_5,78.8%,0.787800,1.27,3.50,1.76,1.757400,2.23,2.76,1.65,0.30,0.299900,0.38,1.30,EV positivo,EV positivo Betano,Seguro,8,144.58,144.580000,Cuota API muy superior a la cuota justa: revisar manualmente antes de apostar,Betano mapeado,Alta,fallback ultimos partidos,usa Poisson fallback con ultimos partidos multi-competicion,un gol temprano o baja eficacia puede cambiar la lectura del mercado,https://www.betano.pe/cuotas-de-partido/sporting-cp-galatasaray-sk/91597626/
2026-09-09,14:00,Sporting CP vs Galatasaray,10Bet,Betano,1T +0.5,FIRST_HALF_TOTALS OVER.0.5,FIRST_HALF_TOTALS:OVER_0_5,78.8%,0.787800,1.27,2.20,0.73,0.733100,0.93,1.73,1.34,0.06,0.055700,0.07,1.06,EV positivo,EV positivo Betano,Valor,5,123.86,123.861000,,Betano mapeado,Alta,contexto premium fallback reciente,usa promedios recientes multi-competicion/API-Football,el primer tiempo puede tener ritmo bajo o rotaciones,https://www.betano.pe/cuotas-de-partido/sporting-cp-galatasaray-sk/91597626/
2026-09-09,14:00,Sporting CP vs Galatasaray,,Betano,Corners total -11.5,CORNERS_TOTALS UNDER.11.5,CORNERS_TOTALS:UNDER_11_5,78.5%,0.784900,1.27,,,,,,1.45,0.14,0.138100,0.18,1.14,Sin cuota/EV,EV positivo Betano,Solo modelo,6,114.70,114.700000,,Betano mapeado,Alta,contexto premium fallback reciente,usa promedios recientes multi-competicion/API-Football,el volumen ofensivo puede variar por planteamiento y marcador temprano,https://www.betano.pe/cuotas-de-partido/sporting-cp-galatasaray-sk/91597626/
2026-09-09,14:00,Sporting CP vs Galatasaray,,,SHOTS_ON_TARGET_TOTAL OVER.7.5,SHOTS_ON_TARGET_TOTAL OVER.7.5,SHOTS_ON_TARGET_TOTAL:OVER_7_5,78.1%,0.781300,1.28,,,,,,,,,,,Sin cuota/EV,No encontrado en Betano,Solo modelo,2,77.13,77.131000,,Betano mapeado,Alta,contexto premium fallback reciente,usa promedios recientes multi-competicion/API-Football,el volumen ofensivo puede variar por planteamiento y marcador temprano,https://www.betano.pe/cuotas-de-partido/sporting-cp-galatasaray-sk/91597626/
2026-09-09,14:00,Sporting CP vs Galatasaray,,Betano,Visita goles +0.5,TEAM_TOTAL_AWAY OVER.0.5,TEAM_TOTAL_AWAY:OVER_0_5,77.5%,0.775400,1.29,,,,,,1.38,0.07,0.070100,0.09,1.07,Sin cuota/EV,EV positivo Betano,Solo modelo,4,98.66,98.658000,,Betano mapeado,Alta,fallback ultimos partidos,usa Poisson fallback con ultimos partidos multi-competicion,un gol temprano o baja eficacia puede cambiar la lectura del mercado,https://www.betano.pe/cuotas-de-partido/sporting-cp-galatasaray-sk/91597626/
2026-09-09,14:00,Sporting CP vs Galatasaray,,,Local corners +3.5,CORNERS_HOME OVER.3.5,CORNERS_HOME:OVER_3_5,76.4%,0.764100,1.31,,,,,,,,,,,Sin cuota/EV,No encontrado en Betano,Solo modelo,4,88.41,88.406000,,Betano mapeado,Alta,contexto premium fallback reciente,usa promedios recientes multi-competicion/API-Football,el volumen ofensivo puede variar por planteamiento y marcador temprano,https://www.betano.pe/cuotas-de-partido/sporting-cp-galatasaray-sk/91597626/
2026-09-09,14:00,Sporting CP vs Galatasaray,10Bet,Betano,DNB local,DRAW_NO_BET HOME,DRAW_NO_BET:HOME,76.1%,0.761300,1.31,1.45,0.10,0.103900,0.14,1.10,1.37,0.04,0.043000,0.06,1.04,EV positivo,EV positivo Betano,Seguro,9,132.69,132.692000,,Betano mapeado,Alta,fallback ultimos partidos,usa Poisson fallback con ultimos partidos multi-competicion,riesgo propio del resultado final y variacion del modelo,https://www.betano.pe/cuotas-de-partido/sporting-cp-galatasaray-sk/91597626/
2026-09-09,14:00,Sporting CP vs Galatasaray,,,Visita tarjetas +0.5,CARDS_AWAY OVER.0.5,CARDS_AWAY:OVER_0_5,75.3%,0.753400,1.33,,,,,,,,,,,Sin cuota/EV,No encontrado en Betano,Solo modelo,2,74.34,74.340000,,Betano mapeado,Alta,contexto premium fallback reciente,usa promedios recientes multi-competicion/API-Football,depende mucho del arbitro y del contexto competitivo,https://www.betano.pe/cuotas-de-partido/sporting-cp-galatasaray-sk/91597626/
2026-09-09,14:00,Sporting CP vs Galatasaray,,Betano,Local goles +1.5,TEAM_TOTAL_HOME OVER.1.5,TEAM_TOTAL_HOME:OVER_1_5,74.9%,0.749400,1.33,,,,,,2.72,1.04,1.038400,1.39,2.04,Sin cuota/EV,EV positivo Betano,Solo modelo,4,111.56,111.555000,,Betano mapeado,Alta,fallback ultimos partidos,usa Poisson fallback con ultimos partidos multi-competicion,un gol temprano o baja eficacia puede cambiar la lectura del mercado,https://www.betano.pe/cuotas-de-partido/sporting-cp-galatasaray-sk/91597626/
2026-09-09,14:00,Sporting CP vs Galatasaray,,,Local corners -6.5,CORNERS_HOME UNDER.6.5,CORNERS_HOME:UNDER_6_5,73.0%,0.729900,1.37,,,,,,,,,,,Sin cuota/EV,No encontrado en Betano,Solo modelo,4,84.99,84.989000,,Betano mapeado,Alta,contexto premium fallback reciente,usa promedios recientes multi-competicion/API-Football,el volumen ofensivo puede variar por planteamiento y marcador temprano,https://www.betano.pe/cuotas-de-partido/sporting-cp-galatasaray-sk/91597626/
2026-09-09,14:00,Sporting CP vs Galatasaray,10Bet,Betano,BTTS sí,BTTS YES,BTTS:YES,72.3%,0.723100,1.38,3.55,1.57,1.567200,2.17,2.57,1.57,0.14,0.135300,0.19,1.14,EV positivo,EV positivo Betano,Seguro,8,135.48,135.480000,Cuota API muy superior a la cuota justa: revisar manualmente antes de apostar,Betano mapeado,Alta,fallback ultimos partidos,usa Poisson fallback con ultimos partidos multi-competicion,un gol temprano o baja eficacia puede cambiar la lectura del mercado,https://www.betano.pe/cuotas-de-partido/sporting-cp-galatasaray-sk/91597626/
2026-09-09,14:00,Sporting CP vs Galatasaray,,,SHOTS_TOTAL OVER.24.5,SHOTS_TOTAL OVER.24.5,SHOTS_TOTAL:OVER_24_5,71.8%,0.717500,1.39,,,,,,,,,,,Sin cuota/EV,No encontrado en Betano,Solo modelo,2,70.75,70.747000,,Betano mapeado,Alta,contexto premium fallback reciente,usa promedios recientes multi-competicion/API-Football,el volumen ofensivo puede variar por planteamiento y marcador temprano,https://www.betano.pe/cuotas-de-partido/sporting-cp-galatasaray-sk/91597626/
2026-09-09,14:00,Sporting CP vs Galatasaray,,Betano,Tarjetas total -4.5,CARDS_TOTALS UNDER.4.5,CARDS_TOTALS:UNDER_4_5,71.3%,0.712700,1.40,,,,,,1.80,0.28,0.282900,0.40,1.28,Sin cuota/EV,EV positivo Betano,Solo modelo,3,87.80,87.800000,,Betano mapeado,Alta,contexto premium fallback reciente,usa promedios recientes multi-competicion/API-Football,depende mucho del arbitro y del contexto competitivo,https://www.betano.pe/cuotas-de-partido/sporting-cp-galatasaray-sk/91597626/
2026-09-09,14:00,Sporting CP vs Galatasaray,,,Corners total +7.5,CORNERS_TOTALS OVER.7.5,CORNERS_TOTALS:OVER_7_5,69.7%,0.697100,1.44,,,,,,,,,,,Sin cuota/EV,No encontrado en Betano,Solo modelo,6,95.71,95.710000,,Betano mapeado,Media,contexto premium fallback reciente,usa promedios recientes multi-competicion/API-Football,el volumen ofensivo puede variar por planteamiento y marcador temprano,https://www.betano.pe/cuotas-de-partido/sporting-cp-galatasaray-sk/91597626/
2026-09-09,14:00,Sporting CP vs Galatasaray,,,Tarjetas total +2.5,CARDS_TOTALS OVER.2.5,CARDS_TOTALS:OVER_2_5,69.1%,0.691400,1.45,,,,,,,,,,,Sin cuota/EV,No encontrado en Betano,Solo modelo,3,73.14,73.137000,,Betano mapeado,Media,contexto premium fallback reciente,usa promedios recientes multi-competicion/API-Football,depende mucho del arbitro y del contexto competitivo,https://www.betano.pe/cuotas-de-partido/sporting-cp-galatasaray-sk/91597626/
2026-09-09,14:00,Sporting CP vs Galatasaray,10Bet,Betano,Corners total -10.5,CORNERS_TOTALS UNDER.10.5,CORNERS_TOTALS:UNDER_10_5,68.4%,0.684100,1.46,1.70,0.16,0.162900,0.24,1.16,1.75,0.20,0.197200,0.29,1.20,EV positivo,EV positivo Betano,Valor,6,110.50,110.496000,,Betano mapeado,Media,contexto premium fallback reciente,usa promedios recientes multi-competicion/API-Football,el volumen ofensivo puede variar por planteamiento y marcador temprano,https://www.betano.pe/cuotas-de-partido/sporting-cp-galatasaray-sk/91597626/
2026-09-09,14:00,Sporting CP vs Galatasaray,,,SHOTS_ON_TARGET_TOTAL OVER.8.5,SHOTS_ON_TARGET_TOTAL OVER.8.5,SHOTS_ON_TARGET_TOTAL:OVER_8_5,66.9%,0.669100,1.50,,,,,,,,,,,Sin cuota/EV,No encontrado en Betano,Solo modelo,2,65.91,65.909000,,Betano mapeado,Media,contexto premium fallback reciente,usa promedios recientes multi-competicion/API-Football,el volumen ofensivo puede variar por planteamiento y marcador temprano,https://www.betano.pe/cuotas-de-partido/sporting-cp-galatasaray-sk/91597626/
2026-09-09,14:00,Sporting CP vs Galatasaray,,,Local tarjetas +1.5,CARDS_HOME OVER.1.5,CARDS_HOME:OVER_1_5,63.7%,0.637300,1.57,,,,,,,,,,,Sin cuota/EV,No encontrado en Betano,Solo modelo,2,62.73,62.731000,,Betano mapeado,Media,contexto premium fallback reciente,usa promedios recientes multi-competicion/API-Football,depende mucho del arbitro y del contexto competitivo,https://www.betano.pe/cuotas-de-partido/sporting-cp-galatasaray-sk/91597626/
2026-09-09,14:00,Sporting CP vs Galatasaray,10Bet,,Visita corners -4.5,CORNERS_AWAY UNDER.4.5,CORNERS_AWAY:UNDER_4_5,63.5%,0.635400,1.57,1.55,-0.02,-0.015200,-0.02,0.98,,,,,,EV negativo,No encontrado en Betano,Revisar,4,75.27,75.265000,,Betano mapeado,Media,contexto premium fallback reciente,usa promedios recientes multi-competicion/API-Football,el volumen ofensivo puede variar por planteamiento y marcador temprano,https://www.betano.pe/cuotas-de-partido/sporting-cp-galatasaray-sk/91597626/
2026-09-09,14:00,Sporting CP vs Galatasaray,,,Local tarjetas -2.5,CARDS_HOME UNDER.2.5,CARDS_HOME:UNDER_2_5,63.2%,0.631600,1.58,,,,,,,,,,,Sin cuota/EV,No encontrado en Betano,Solo modelo,2,62.16,62.158000,,Betano mapeado,Media,contexto premium fallback reciente,usa promedios recientes multi-competicion/API-Football,depende mucho del arbitro y del contexto competitivo,https://www.betano.pe/cuotas-de-partido/sporting-cp-galatasaray-sk/91597626/
2026-09-09,14:00,Sporting CP vs Galatasaray,10Bet,Betano,Gana local,1X2 HOME,1X2:HOME,62.9%,0.629200,1.59,3.00,0.89,0.887700,1.41,1.89,1.83,0.15,0.151400,0.24,1.15,EV positivo,EV positivo Betano,Valor,7,110.33,110.325000,Cuota API muy superior a la cuota justa: revisar manualmente antes de apostar,Betano mapeado,Media,fallback ultimos partidos,usa Poisson fallback con ultimos partidos multi-competicion,riesgo propio del resultado final y variacion del modelo,https://www.betano.pe/cuotas-de-partido/sporting-cp-galatasaray-sk/91597626/
2026-09-09,14:00,Sporting CP vs Galatasaray,10Bet,Betano,Goles +3.5,TOTALS OVER.3.5,TOTALS:OVER_3_5,60.3%,0.602700,1.66,2.55,0.54,0.536800,0.89,1.54,2.55,0.54,0.536900,0.89,1.54,EV positivo,EV positivo Betano,Valor,1,89.52,89.517000,,Betano mapeado,Media,fallback ultimos partidos,usa Poisson fallback con ultimos partidos multi-competicion,un gol temprano o baja eficacia puede cambiar la lectura del mercado,https://www.betano.pe/cuotas-de-partido/sporting-cp-galatasaray-sk/91597626/
2026-09-09,14:00,Sporting CP vs Galatasaray,,,Local corners +4.5,CORNERS_HOME OVER.4.5,CORNERS_HOME:OVER_4_5,59.7%,0.596600,1.68,,,,,,,,,,,Sin cuota/EV,No encontrado en Betano,Solo modelo,4,71.66,71.664000,,Betano mapeado,Media,contexto premium fallback reciente,usa promedios recientes multi-competicion/API-Football,el volumen ofensivo puede variar por planteamiento y marcador temprano,https://www.betano.pe/cuotas-de-partido/sporting-cp-galatasaray-sk/91597626/
2026-09-09,14:00,Sporting CP vs Galatasaray,,,Visita tarjetas -1.5,CARDS_AWAY UNDER.1.5,CARDS_AWAY:UNDER_1_5,59.2%,0.591800,1.69,,,,,,,,,,,Sin cuota/EV,No encontrado en Betano,Solo modelo,2,58.18,58.183000,,Betano mapeado,Media,contexto premium fallback reciente,usa promedios recientes multi-competicion/API-Football,depende mucho del arbitro y del contexto competitivo,https://www.betano.pe/cuotas-de-partido/sporting-cp-galatasaray-sk/91597626/
2026-09-09,14:00,Sporting CP vs Galatasaray,10Bet,,Local corners -5.5,CORNERS_HOME UNDER.5.5,CORNERS_HOME:UNDER_5_5,57.8%,0.578000,1.73,1.93,0.12,0.115600,0.20,1.12,,,,,,EV positivo,No encontrado en Betano,Valor,4,73.88,73.884000,,Betano mapeado,Media,contexto premium fallback reciente,usa promedios recientes multi-competicion/API-Football,el volumen ofensivo puede variar por planteamiento y marcador temprano,https://www.betano.pe/cuotas-de-partido/sporting-cp-galatasaray-sk/91597626/
2026-09-09,14:00,Sporting CP vs Galatasaray,,,SHOTS_TOTAL OVER.26.5,SHOTS_TOTAL OVER.26.5,SHOTS_TOTAL:OVER_26_5,57.3%,0.573400,1.74,,,,,,,,,,,Sin cuota/EV,No encontrado en Betano,Solo modelo,2,56.34,56.337000,,Betano mapeado,Media,contexto premium fallback reciente,usa promedios recientes multi-competicion/API-Football,el volumen ofensivo puede variar por planteamiento y marcador temprano,https://www.betano.pe/cuotas-de-partido/sporting-cp-galatasaray-sk/91597626/
2026-09-09,14:00,Sporting CP vs Galatasaray,,,Corners total +8.5,CORNERS_TOTALS OVER.8.5,CORNERS_TOTALS:OVER_8_5,56.8%,0.568200,1.76,,,,,,,,,,,Sin cuota/EV,No encontrado en Betano,Solo modelo,6,82.82,82.820000,,Betano mapeado,Media,contexto premium fallback reciente,usa promedios recientes multi-competicion/API-Football,el volumen ofensivo puede variar por planteamiento y marcador temprano,https://www.betano.pe/cuotas-de-partido/sporting-cp-galatasaray-sk/91597626/
2026-09-09,14:00,Sporting CP vs Galatasaray,,Betano,Corners total -9.5,CORNERS_TOTALS UNDER.9.5,CORNERS_TOTALS:UNDER_9_5,56.3%,0.563300,1.77,,,,,,2.25,0.27,0.267400,0.47,1.27,Sin cuota/EV,EV positivo Betano,Solo modelo,6,94.61,94.609000,,Betano mapeado,Media,contexto premium fallback reciente,usa promedios recientes multi-competicion/API-Football,el volumen ofensivo puede variar por planteamiento y marcador temprano,https://www.betano.pe/cuotas-de-partido/sporting-cp-galatasaray-sk/91597626/
2026-09-09,14:00,Sporting CP vs Galatasaray,,,Visita corners +3.5,CORNERS_AWAY OVER.3.5,CORNERS_AWAY:OVER_3_5,56.0%,0.560000,1.79,,,,,,,,,,,Sin cuota/EV,No encontrado en Betano,Solo modelo,4,68.00,67.996000,,Betano mapeado,Media,contexto premium fallback reciente,usa promedios recientes multi-competicion/API-Football,el volumen ofensivo puede variar por planteamiento y marcador temprano,https://www.betano.pe/cuotas-de-partido/sporting-cp-galatasaray-sk/91597626/
2026-09-09,14:00,Sporting CP vs Galatasaray,,Betano,Visita goles -1.5,TEAM_TOTAL_AWAY UNDER.1.5,TEAM_TOTAL_AWAY:UNDER_1_5,55.9%,0.558700,1.79,,,,,,1.42,-0.21,-0.206600,-0.37,0.79,Sin cuota/EV,EV negativo Betano,Solo modelo,4,72.56,72.564000,,Betano mapeado,Media,fallback ultimos partidos,usa Poisson fallback con ultimos partidos multi-competicion,un gol temprano o baja eficacia puede cambiar la lectura del mercado,https://www.betano.pe/cuotas-de-partido/sporting-cp-galatasaray-sk/91597626/
2026-09-09,14:00,Sporting CP vs Galatasaray,,,SHOTS_ON_TARGET_TOTAL OVER.9.5,SHOTS_ON_TARGET_TOTAL OVER.9.5,SHOTS_ON_TARGET_TOTAL:OVER_9_5,54.4%,0.544200,1.84,,,,,,,,,,,Sin cuota/EV,No encontrado en Betano,Solo modelo,2,53.42,53.420000,,Betano mapeado,Baja,contexto premium fallback reciente,usa promedios recientes multi-competicion/API-Football,el volumen ofensivo puede variar por planteamiento y marcador temprano,https://www.betano.pe/cuotas-de-partido/sporting-cp-galatasaray-sk/91597626/
2026-09-09,14:00,Sporting CP vs Galatasaray,10Bet,Betano,1T -1.5,FIRST_HALF_TOTALS UNDER.1.5,FIRST_HALF_TOTALS:UNDER_1_5,54.1%,0.541200,1.85,1.18,-0.36,-0.361300,-0.67,0.64,1.53,-0.17,-0.172000,-0.32,0.83,EV negativo,EV negativo Betano,Revisar,5,69.87,69.867000,Cuota por debajo de la cuota justa: valor limitado,Betano mapeado,Baja,contexto premium fallback reciente,usa promedios recientes multi-competicion/API-Football,el primer tiempo puede tener ritmo bajo o rotaciones,https://www.betano.pe/cuotas-de-partido/sporting-cp-galatasaray-sk/91597626/
2026-09-09,14:00,Sporting CP vs Galatasaray,,Betano,Tarjetas total -3.5,CARDS_TOTALS UNDER.3.5,CARDS_TOTALS:UNDER_3_5,52.2%,0.522200,1.92,,,,,,2.55,0.33,0.331600,0.64,1.33,Sin cuota/EV,EV positivo Betano,Solo modelo,3,69.53,69.531000,,Betano mapeado,Baja,contexto premium fallback reciente,usa promedios recientes multi-competicion/API-Football,depende mucho del arbitro y del contexto competitivo,https://www.betano.pe/cuotas-de-partido/sporting-cp-galatasaray-sk/91597626/
2026-09-09,14:00,Sporting CP vs Galatasaray,,Betano,Local goles +2.5,TEAM_TOTAL_HOME OVER.2.5,TEAM_TOTAL_HOME:OVER_2_5,50.4%,0.504400,1.98,,,,,,6.20,2.13,2.127300,4.22,3.13,Sin cuota/EV,EV positivo Betano,Solo modelo,4,92.44,92.445000,,Betano mapeado,Baja,fallback ultimos partidos,usa Poisson fallback con ultimos partidos multi-competicion,un gol temprano o baja eficacia puede cambiar la lectura del mercado,https://www.betano.pe/cuotas-de-partido/sporting-cp-galatasaray-sk/91597626/
2026-09-09,14:00,Sporting CP vs Galatasaray,,Betano,Local goles -2.5,TEAM_TOTAL_HOME UNDER.2.5,TEAM_TOTAL_HOME:UNDER_2_5,49.6%,0.495600,2.02,,,,,,1.10,-0.45,-0.454800,-0.92,0.55,Sin cuota/EV,EV negativo Betano,Solo modelo,4,62.28,62.278000,,Betano mapeado,Baja,fallback ultimos partidos,usa Poisson fallback con ultimos partidos multi-competicion,un gol temprano o baja eficacia puede cambiar la lectura del mercado,https://www.betano.pe/cuotas-de-partido/sporting-cp-galatasaray-sk/91597626/
2026-09-09,14:00,Sporting CP vs Galatasaray,,Betano,Tarjetas total +3.5,CARDS_TOTALS OVER.3.5,CARDS_TOTALS:OVER_3_5,47.8%,0.477800,2.09,,,,,,1.47,-0.30,-0.297600,-0.62,0.70,Sin cuota/EV,EV negativo Betano,Solo modelo,3,55.01,55.013000,,Betano mapeado,Baja,contexto premium fallback reciente,usa promedios recientes multi-competicion/API-Football,depende mucho del arbitro y del contexto competitivo,https://www.betano.pe/cuotas-de-partido/sporting-cp-galatasaray-sk/91597626/
2026-09-09,14:00,Sporting CP vs Galatasaray,10Bet,Betano,1T +1.5,FIRST_HALF_TOTALS OVER.1.5,FIRST_HALF_TOTALS:OVER_1_5,45.9%,0.458800,2.18,4.33,0.99,0.986500,2.15,1.99,2.45,0.12,0.124100,0.27,1.12,EV positivo,EV positivo Betano,Revisar,5,82.62,82.619000,Cuota API muy superior a la cuota justa: revisar manualmente antes de apostar,Betano mapeado,Baja,contexto premium fallback reciente,usa promedios recientes multi-competicion/API-Football,el primer tiempo puede tener ritmo bajo o rotaciones,https://www.betano.pe/cuotas-de-partido/sporting-cp-galatasaray-sk/91597626/
2026-09-09,14:00,Sporting CP vs Galatasaray,,,SHOTS_ON_TARGET_TOTAL UNDER.9.5,SHOTS_ON_TARGET_TOTAL UNDER.9.5,SHOTS_ON_TARGET_TOTAL:UNDER_9_5,45.6%,0.455800,2.19,,,,,,,,,,,Sin cuota/EV,No encontrado en Betano,Solo modelo,2,44.58,44.580000,,Betano mapeado,Baja,contexto premium fallback reciente,usa promedios recientes multi-competicion/API-Football,el volumen ofensivo puede variar por planteamiento y marcador temprano,https://www.betano.pe/cuotas-de-partido/sporting-cp-galatasaray-sk/91597626/
2026-09-09,14:00,Sporting CP vs Galatasaray,,Betano,Visita goles +1.5,TEAM_TOTAL_AWAY OVER.1.5,TEAM_TOTAL_AWAY:OVER_1_5,44.1%,0.441300,2.27,,,,,,2.72,0.20,0.200300,0.45,1.20,Sin cuota/EV,EV positivo Betano,Solo modelo,4,67.33,67.335000,,Betano mapeado,Baja,fallback ultimos partidos,usa Poisson fallback con ultimos partidos multi-competicion,un gol temprano o baja eficacia puede cambiar la lectura del mercado,https://www.betano.pe/cuotas-de-partido/sporting-cp-galatasaray-sk/91597626/
2026-09-09,14:00,Sporting CP vs Galatasaray,,,Visita corners -3.5,CORNERS_AWAY UNDER.3.5,CORNERS_AWAY:UNDER_3_5,44.0%,0.440000,2.27,,,,,,,,,,,Sin cuota/EV,No encontrado en Betano,Solo modelo,4,56.00,56.004000,,Betano mapeado,Baja,contexto premium fallback reciente,usa promedios recientes multi-competicion/API-Football,el volumen ofensivo puede variar por planteamiento y marcador temprano,https://www.betano.pe/cuotas-de-partido/sporting-cp-galatasaray-sk/91597626/
2026-09-09,14:00,Sporting CP vs Galatasaray,,Betano,Corners total +9.5,CORNERS_TOTALS OVER.9.5,CORNERS_TOTALS:OVER_9_5,43.7%,0.436700,2.29,,,,,,1.60,-0.30,-0.301300,-0.69,0.70,Sin cuota/EV,EV negativo Betano,Solo modelo,6,72.85,72.848000,,Betano mapeado,Baja,contexto premium fallback reciente,usa promedios recientes multi-competicion/API-Football,el volumen ofensivo puede variar por planteamiento y marcador temprano,https://www.betano.pe/cuotas-de-partido/sporting-cp-galatasaray-sk/91597626/
2026-09-09,14:00,Sporting CP vs Galatasaray,,,Corners total -8.5,CORNERS_TOTALS UNDER.8.5,CORNERS_TOTALS:UNDER_8_5,43.2%,0.431800,2.32,,,,,,,,,,,Sin cuota/EV,No encontrado en Betano,Solo modelo,6,69.18,69.180000,,Betano mapeado,Baja,contexto premium fallback reciente,usa promedios recientes multi-competicion/API-Football,el volumen ofensivo puede variar por planteamiento y marcador temprano,https://www.betano.pe/cuotas-de-partido/sporting-cp-galatasaray-sk/91597626/
2026-09-09,14:00,Sporting CP vs Galatasaray,,,SHOTS_TOTAL UNDER.26.5,SHOTS_TOTAL UNDER.26.5,SHOTS_TOTAL:UNDER_26_5,42.7%,0.426600,2.34,,,,,,,,,,,Sin cuota/EV,No encontrado en Betano,Solo modelo,2,41.66,41.663000,,Betano mapeado,Baja,contexto premium fallback reciente,usa promedios recientes multi-competicion/API-Football,el volumen ofensivo puede variar por planteamiento y marcador temprano,https://www.betano.pe/cuotas-de-partido/sporting-cp-galatasaray-sk/91597626/
2026-09-09,14:00,Sporting CP vs Galatasaray,10Bet,,Local corners +5.5,CORNERS_HOME OVER.5.5,CORNERS_HOME:OVER_5_5,42.2%,0.422000,2.37,1.67,-0.30,-0.295300,-0.70,0.70,,,,,,EV negativo,No encontrado en Betano,Revisar,4,44.88,44.881000,Cuota por debajo de la cuota justa: valor limitado,Betano mapeado,Baja,contexto premium fallback reciente,usa promedios recientes multi-competicion/API-Football,el volumen ofensivo puede variar por planteamiento y marcador temprano,https://www.betano.pe/cuotas-de-partido/sporting-cp-galatasaray-sk/91597626/
2026-09-09,14:00,Sporting CP vs Galatasaray,,,Visita tarjetas +1.5,CARDS_AWAY OVER.1.5,CARDS_AWAY:OVER_1_5,40.8%,0.408200,2.45,,,,,,,,,,,Sin cuota/EV,No encontrado en Betano,Solo modelo,2,39.82,39.817000,,Betano mapeado,Baja,contexto premium fallback reciente,usa promedios recientes multi-competicion/API-Football,depende mucho del arbitro y del contexto competitivo,https://www.betano.pe/cuotas-de-partido/sporting-cp-galatasaray-sk/91597626/
2026-09-09,14:00,Sporting CP vs Galatasaray,,,Local corners -4.5,CORNERS_HOME UNDER.4.5,CORNERS_HOME:UNDER_4_5,40.3%,0.403400,2.48,,,,,,,,,,,Sin cuota/EV,No encontrado en Betano,Solo modelo,4,52.34,52.336000,,Betano mapeado,Baja,contexto premium fallback reciente,usa promedios recientes multi-competicion/API-Football,el volumen ofensivo puede variar por planteamiento y marcador temprano,https://www.betano.pe/cuotas-de-partido/sporting-cp-galatasaray-sk/91597626/
2026-09-09,14:00,Sporting CP vs Galatasaray,10Bet,Betano,Goles -3.5,TOTALS UNDER.3.5,TOTALS:UNDER_3_5,39.7%,0.397300,2.52,1.50,-0.40,-0.404000,-1.02,0.60,1.52,-0.40,-0.396100,-1.00,0.60,EV negativo,EV negativo Betano,Revisar,10,76.12,76.125000,Cuota por debajo de la cuota justa: valor limitado,Betano mapeado,Baja,fallback ultimos partidos,usa Poisson fallback con ultimos partidos multi-competicion,un gol temprano o baja eficacia puede cambiar la lectura del mercado,https://www.betano.pe/cuotas-de-partido/sporting-cp-galatasaray-sk/91597626/
2026-09-09,14:00,Sporting CP vs Galatasaray,,,DOUBLE_CHANCE X2,DOUBLE_CHANCE X2,DOUBLE_CHANCE:X2,37.1%,0.370800,2.70,,,,,,,,,,,Sin cuota/EV,No encontrado en Betano,Solo modelo,9,78.08,78.076000,,Betano mapeado,Baja,fallback ultimos partidos,usa Poisson fallback con ultimos partidos multi-competicion,riesgo propio del resultado final y variacion del modelo,https://www.betano.pe/cuotas-de-partido/sporting-cp-galatasaray-sk/91597626/
2026-09-09,14:00,Sporting CP vs Galatasaray,,,Local tarjetas +2.5,CARDS_HOME OVER.2.5,CARDS_HOME:OVER_2_5,36.8%,0.368400,2.71,,,,,,,,,,,Sin cuota/EV,No encontrado en Betano,Solo modelo,2,35.84,35.842000,,Betano mapeado,Baja,contexto premium fallback reciente,usa promedios recientes multi-competicion/API-Football,depende mucho del arbitro y del contexto competitivo,https://www.betano.pe/cuotas-de-partido/sporting-cp-galatasaray-sk/91597626/
2026-09-09,14:00,Sporting CP vs Galatasaray,10Bet,,Visita corners +4.5,CORNERS_AWAY OVER.4.5,CORNERS_AWAY:OVER_4_5,36.5%,0.364600,2.74,2.10,-0.23,-0.234300,-0.64,0.77,,,,,,EV negativo,No encontrado en Betano,Revisar,4,40.24,40.244000,Cuota por debajo de la cuota justa: valor limitado,Betano mapeado,Baja,contexto premium fallback reciente,usa promedios recientes multi-competicion/API-Football,el volumen ofensivo puede variar por planteamiento y marcador temprano,https://www.betano.pe/cuotas-de-partido/sporting-cp-galatasaray-sk/91597626/
2026-09-09,14:00,Sporting CP vs Galatasaray,,,Local tarjetas -1.5,CARDS_HOME UNDER.1.5,CARDS_HOME:UNDER_1_5,36.3%,0.362700,2.76,,,,,,,,,,,Sin cuota/EV,No encontrado en Betano,Solo modelo,2,35.27,35.269000,,Betano mapeado,Baja,contexto premium fallback reciente,usa promedios recientes multi-competicion/API-Football,depende mucho del arbitro y del contexto competitivo,https://www.betano.pe/cuotas-de-partido/sporting-cp-galatasaray-sk/91597626/
2026-09-09,14:00,Sporting CP vs Galatasaray,,,SHOTS_ON_TARGET_TOTAL UNDER.8.5,SHOTS_ON_TARGET_TOTAL UNDER.8.5,SHOTS_ON_TARGET_TOTAL:UNDER_8_5,33.1%,0.330900,3.02,,,,,,,,,,,Sin cuota/EV,No encontrado en Betano,Solo modelo,2,32.09,32.091000,,Betano mapeado,Baja,contexto premium fallback reciente,usa promedios recientes multi-competicion/API-Football,el volumen ofensivo puede variar por planteamiento y marcador temprano,https://www.betano.pe/cuotas-de-partido/sporting-cp-galatasaray-sk/91597626/
2026-09-09,14:00,Sporting CP vs Galatasaray,10Bet,Betano,Corners total +10.5,CORNERS_TOTALS OVER.10.5,CORNERS_TOTALS:OVER_10_5,31.6%,0.315900,3.17,2.05,-0.35,-0.352400,-1.12,0.65,2.02,-0.36,-0.361900,-1.15,0.64,EV negativo,EV negativo Betano,Revisar,6,49.46,49.459000,Cuota por debajo de la cuota justa: valor limitado,Betano mapeado,Baja,contexto premium fallback reciente,usa promedios recientes multi-competicion/API-Football,el volumen ofensivo puede variar por planteamiento y marcador temprano,https://www.betano.pe/cuotas-de-partido/sporting-cp-galatasaray-sk/91597626/
2026-09-09,14:00,Sporting CP vs Galatasaray,,,Tarjetas total -2.5,CARDS_TOTALS UNDER.2.5,CARDS_TOTALS:UNDER_2_5,30.9%,0.308600,3.24,,,,,,,,,,,Sin cuota/EV,No encontrado en Betano,Solo modelo,3,34.86,34.863000,,Betano mapeado,Baja,contexto premium fallback reciente,usa promedios recientes multi-competicion/API-Football,depende mucho del arbitro y del contexto competitivo,https://www.betano.pe/cuotas-de-partido/sporting-cp-galatasaray-sk/91597626/
2026-09-09,14:00,Sporting CP vs Galatasaray,,,Corners total -7.5,CORNERS_TOTALS UNDER.7.5,CORNERS_TOTALS:UNDER_7_5,30.3%,0.302900,3.30,,,,,,,,,,,Sin cuota/EV,No encontrado en Betano,Solo modelo,6,56.29,56.290000,,Betano mapeado,Baja,contexto premium fallback reciente,usa promedios recientes multi-competicion/API-Football,el volumen ofensivo puede variar por planteamiento y marcador temprano,https://www.betano.pe/cuotas-de-partido/sporting-cp-galatasaray-sk/91597626/
2026-09-09,14:00,Sporting CP vs Galatasaray,,Betano,Tarjetas total +4.5,CARDS_TOTALS OVER.4.5,CARDS_TOTALS:OVER_4_5,28.7%,0.287300,3.48,,,,,,1.95,-0.44,-0.439800,-1.53,0.56,Sin cuota/EV,EV negativo Betano,Solo modelo,3,33.69,33.689000,,Betano mapeado,Baja,contexto premium fallback reciente,usa promedios recientes multi-competicion/API-Football,depende mucho del arbitro y del contexto competitivo,https://www.betano.pe/cuotas-de-partido/sporting-cp-galatasaray-sk/91597626/
2026-09-09,14:00,Sporting CP vs Galatasaray,,,SHOTS_TOTAL UNDER.24.5,SHOTS_TOTAL UNDER.24.5,SHOTS_TOTAL:UNDER_24_5,28.2%,0.282500,3.54,,,,,,,,,,,Sin cuota/EV,No encontrado en Betano,Solo modelo,2,27.25,27.253000,,Betano mapeado,Baja,contexto premium fallback reciente,usa promedios recientes multi-competicion/API-Football,el volumen ofensivo puede variar por planteamiento y marcador temprano,https://www.betano.pe/cuotas-de-partido/sporting-cp-galatasaray-sk/91597626/
2026-09-09,14:00,Sporting CP vs Galatasaray,10Bet,Betano,BTTS no,BTTS NO,BTTS:NO,27.7%,0.276900,3.61,1.25,-0.65,-0.653900,-2.36,0.35,2.30,-0.36,-0.363100,-1.31,0.64,EV negativo,EV negativo Betano,Revisar,8,50.10,50.104000,Cuota por debajo de la cuota justa: valor limitado,Betano mapeado,Baja,fallback ultimos partidos,usa Poisson fallback con ultimos partidos multi-competicion,un gol temprano o baja eficacia puede cambiar la lectura del mercado,https://www.betano.pe/cuotas-de-partido/sporting-cp-galatasaray-sk/91597626/
2026-09-09,14:00,Sporting CP vs Galatasaray,,,Local corners +6.5,CORNERS_HOME OVER.6.5,CORNERS_HOME:OVER_6_5,27.0%,0.270100,3.70,,,,,,,,,,,Sin cuota/EV,No encontrado en Betano,Solo modelo,4,39.01,39.011000,,Betano mapeado,Baja,contexto premium fallback reciente,usa promedios recientes multi-competicion/API-Football,el volumen ofensivo puede variar por planteamiento y marcador temprano,https://www.betano.pe/cuotas-de-partido/sporting-cp-galatasaray-sk/91597626/
2026-09-09,14:00,Sporting CP vs Galatasaray,,Betano,Local goles -1.5,TEAM_TOTAL_HOME UNDER.1.5,TEAM_TOTAL_HOME:UNDER_1_5,25.1%,0.250600,3.99,,,,,,1.42,-0.64,-0.644100,-2.57,0.36,Sin cuota/EV,EV negativo Betano,Solo modelo,4,35.06,35.059000,,Betano mapeado,Baja,fallback ultimos partidos,usa Poisson fallback con ultimos partidos multi-competicion,un gol temprano o baja eficacia puede cambiar la lectura del mercado,https://www.betano.pe/cuotas-de-partido/sporting-cp-galatasaray-sk/91597626/
2026-09-09,14:00,Sporting CP vs Galatasaray,,,Visita tarjetas -0.5,CARDS_AWAY UNDER.0.5,CARDS_AWAY:UNDER_0_5,24.7%,0.246600,4.05,,,,,,,,,,,Sin cuota/EV,No encontrado en Betano,Solo modelo,2,23.66,23.660000,,Betano mapeado,Baja,contexto premium fallback reciente,usa promedios recientes multi-competicion/API-Football,depende mucho del arbitro y del contexto competitivo,https://www.betano.pe/cuotas-de-partido/sporting-cp-galatasaray-sk/91597626/
2026-09-09,14:00,Sporting CP vs Galatasaray,10Bet,Betano,DNB visita,DRAW_NO_BET AWAY,DRAW_NO_BET:AWAY,23.9%,0.238700,4.19,2.55,-0.39,-0.391400,-1.64,0.61,2.95,-0.30,-0.295800,-1.24,0.70,EV negativo,EV negativo Betano,Revisar,9,57.09,57.088000,Cuota por debajo de la cuota justa: valor limitado,Betano mapeado,Baja,fallback ultimos partidos,usa Poisson fallback con ultimos partidos multi-competicion,riesgo propio del resultado final y variacion del modelo,https://www.betano.pe/cuotas-de-partido/sporting-cp-galatasaray-sk/91597626/
2026-09-09,14:00,Sporting CP vs Galatasaray,,,Local corners -3.5,CORNERS_HOME UNDER.3.5,CORNERS_HOME:UNDER_3_5,23.6%,0.235900,4.24,,,,,,,,,,,Sin cuota/EV,No encontrado en Betano,Solo modelo,4,35.59,35.594000,,Betano mapeado,Baja,contexto premium fallback reciente,usa promedios recientes multi-competicion/API-Football,el volumen ofensivo puede variar por planteamiento y marcador temprano,https://www.betano.pe/cuotas-de-partido/sporting-cp-galatasaray-sk/91597626/
2026-09-09,14:00,Sporting CP vs Galatasaray,,Betano,Visita goles -0.5,TEAM_TOTAL_AWAY UNDER.0.5,TEAM_TOTAL_AWAY:UNDER_0_5,22.5%,0.224600,4.45,,,,,,2.90,-0.35,-0.348700,-1.55,0.65,Sin cuota/EV,EV negativo Betano,Solo modelo,4,36.88,36.885000,,Betano mapeado,Baja,fallback ultimos partidos,usa Poisson fallback con ultimos partidos multi-competicion,un gol temprano o baja eficacia puede cambiar la lectura del mercado,https://www.betano.pe/cuotas-de-partido/sporting-cp-galatasaray-sk/91597626/
2026-09-09,14:00,Sporting CP vs Galatasaray,,,SHOTS_ON_TARGET_TOTAL UNDER.7.5,SHOTS_ON_TARGET_TOTAL UNDER.7.5,SHOTS_ON_TARGET_TOTAL:UNDER_7_5,21.9%,0.218700,4.57,,,,,,,,,,,Sin cuota/EV,No encontrado en Betano,Solo modelo,2,20.87,20.869000,,Betano mapeado,Baja,contexto premium fallback reciente,usa promedios recientes multi-competicion/API-Football,el volumen ofensivo puede variar por planteamiento y marcador temprano,https://www.betano.pe/cuotas-de-partido/sporting-cp-galatasaray-sk/91597626/
2026-09-09,14:00,Sporting CP vs Galatasaray,,Betano,Corners total +11.5,CORNERS_TOTALS OVER.11.5,CORNERS_TOTALS:OVER_11_5,21.5%,0.215100,4.65,,,,,,2.62,-0.44,-0.436400,-2.03,0.56,Sin cuota/EV,EV negativo Betano,Solo modelo,6,48.53,48.528000,,Betano mapeado,Baja,contexto premium fallback reciente,usa promedios recientes multi-competicion/API-Football,el volumen ofensivo puede variar por planteamiento y marcador temprano,https://www.betano.pe/cuotas-de-partido/sporting-cp-galatasaray-sk/91597626/
2026-09-09,14:00,Sporting CP vs Galatasaray,10Bet,Betano,1T -0.5,FIRST_HALF_TOTALS UNDER.0.5,FIRST_HALF_TOTALS:UNDER_0_5,21.2%,0.212200,4.71,1.62,-0.66,-0.656200,-3.09,0.34,3.15,-0.33,-0.331600,-1.56,0.67,EV negativo,EV negativo Betano,Revisar,5,29.11,29.108000,Cuota por debajo de la cuota justa: valor limitado,Betano mapeado,Baja,contexto premium fallback reciente,usa promedios recientes multi-competicion/API-Football,el primer tiempo puede tener ritmo bajo o rotaciones,https://www.betano.pe/cuotas-de-partido/sporting-cp-galatasaray-sk/91597626/
2026-09-09,14:00,Sporting CP vs Galatasaray,10Bet,Betano,Goles -2.5,TOTALS UNDER.2.5,TOTALS:UNDER_2_5,21.2%,0.212200,4.71,1.25,-0.73,-0.734800,-3.46,0.27,2.27,-0.52,-0.518300,-2.44,0.48,EV negativo,EV negativo Betano,Revisar,8,40.92,40.925000,Cuota por debajo de la cuota justa: valor limitado,Betano mapeado,Baja,fallback ultimos partidos,usa Poisson fallback con ultimos partidos multi-competicion,un gol temprano o baja eficacia puede cambiar la lectura del mercado,https://www.betano.pe/cuotas-de-partido/sporting-cp-galatasaray-sk/91597626/
2026-09-09,14:00,Sporting CP vs Galatasaray,,,Visita corners +5.5,CORNERS_AWAY OVER.5.5,CORNERS_AWAY:OVER_5_5,21.0%,0.209700,4.77,,,,,,,,,,,Sin cuota/EV,No encontrado en Betano,Solo modelo,4,32.97,32.966000,,Betano mapeado,Baja,contexto premium fallback reciente,usa promedios recientes multi-competicion/API-Football,el volumen ofensivo puede variar por planteamiento y marcador temprano,https://www.betano.pe/cuotas-de-partido/sporting-cp-galatasaray-sk/91597626/
2026-09-09,14:00,Sporting CP vs Galatasaray,10Bet,Betano,Gana visita,1X2 AWAY,1X2:AWAY,19.7%,0.197300,5.07,5.00,-0.01,-0.013700,-0.07,0.99,4.15,-0.18,-0.181200,-0.92,0.82,EV negativo,EV negativo Betano,Revisar,7,55.58,55.580000,,Betano mapeado,Baja,fallback ultimos partidos,usa Poisson fallback con ultimos partidos multi-competicion,riesgo propio del resultado final y variacion del modelo,https://www.betano.pe/cuotas-de-partido/sporting-cp-galatasaray-sk/91597626/
2026-09-09,14:00,Sporting CP vs Galatasaray,,Betano,Visita goles +2.5,TEAM_TOTAL_AWAY OVER.2.5,TEAM_TOTAL_AWAY:OVER_2_5,19.1%,0.190800,5.24,,,,,,6.20,0.18,0.183000,0.96,1.18,Sin cuota/EV,EV positivo Betano,Solo modelo,4,42.00,42.004000,,Betano mapeado,Baja,fallback ultimos partidos,usa Poisson fallback con ultimos partidos multi-competicion,un gol temprano o baja eficacia puede cambiar la lectura del mercado,https://www.betano.pe/cuotas-de-partido/sporting-cp-galatasaray-sk/91597626/
2026-09-09,14:00,Sporting CP vs Galatasaray,,,Local tarjetas +3.5,CARDS_HOME OVER.3.5,CARDS_HOME:OVER_3_5,17.4%,0.174200,5.74,,,,,,,,,,,Sin cuota/EV,No encontrado en Betano,Solo modelo,2,16.42,16.420000,,Betano mapeado,Baja,contexto premium fallback reciente,usa promedios recientes multi-competicion/API-Football,depende mucho del arbitro y del contexto competitivo,https://www.betano.pe/cuotas-de-partido/sporting-cp-galatasaray-sk/91597626/
2026-09-09,14:00,Sporting CP vs Galatasaray,10Bet,Betano,Empate,1X2 DRAW,1X2:DRAW,17.3%,0.173500,5.76,1.83,-0.68,-0.682500,-3.93,0.32,3.85,-0.33,-0.332000,-1.91,0.67,EV negativo,EV negativo Betano,Revisar,7,35.04,35.038000,Cuota por debajo de la cuota justa: valor limitado,Betano mapeado,Baja,fallback ultimos partidos,usa Poisson fallback con ultimos partidos multi-competicion,riesgo propio del resultado final y variacion del modelo,https://www.betano.pe/cuotas-de-partido/sporting-cp-galatasaray-sk/91597626/
2026-09-09,14:00,Sporting CP vs Galatasaray,,,Visita tarjetas +2.5,CARDS_AWAY OVER.2.5,CARDS_AWAY:OVER_2_5,16.7%,0.166500,6.01,,,,,,,,,,,Sin cuota/EV,No encontrado en Betano,Solo modelo,2,15.65,15.650000,,Betano mapeado,Baja,contexto premium fallback reciente,usa promedios recientes multi-competicion/API-Football,depende mucho del arbitro y del contexto competitivo,https://www.betano.pe/cuotas-de-partido/sporting-cp-galatasaray-sk/91597626/
2026-09-09,14:00,Sporting CP vs Galatasaray,,,SHOTS_TOTAL UNDER.22.5,SHOTS_TOTAL UNDER.22.5,SHOTS_TOTAL:UNDER_22_5,16.4%,0.164400,6.08,,,,,,,,,,,Sin cuota/EV,No encontrado en Betano,Solo modelo,2,15.44,15.444000,,Betano mapeado,Baja,contexto premium fallback reciente,usa promedios recientes multi-competicion/API-Football,el volumen ofensivo puede variar por planteamiento y marcador temprano,https://www.betano.pe/cuotas-de-partido/sporting-cp-galatasaray-sk/91597626/
2026-09-09,14:00,Sporting CP vs Galatasaray,,Betano,Tarjetas total +5.5,CARDS_TOTALS OVER.5.5,CARDS_TOTALS:OVER_5_5,15.1%,0.151400,6.61,,,,,,2.75,-0.58,-0.583700,-3.86,0.42,Sin cuota/EV,EV negativo Betano,Solo modelo,3,17.80,17.798000,,Betano mapeado,Baja,contexto premium fallback reciente,usa promedios recientes multi-competicion/API-Football,depende mucho del arbitro y del contexto competitivo,https://www.betano.pe/cuotas-de-partido/sporting-cp-galatasaray-sk/91597626/
2026-09-09,14:00,Sporting CP vs Galatasaray,,,SHOTS_ON_TARGET_TOTAL UNDER.6.5,SHOTS_ON_TARGET_TOTAL UNDER.6.5,SHOTS_ON_TARGET_TOTAL:UNDER_6_5,12.9%,0.129100,7.75,,,,,,,,,,,Sin cuota/EV,No encontrado en Betano,Solo modelo,2,11.91,11.907000,,Betano mapeado,Baja,contexto premium fallback reciente,usa promedios recientes multi-competicion/API-Football,el volumen ofensivo puede variar por planteamiento y marcador temprano,https://www.betano.pe/cuotas-de-partido/sporting-cp-galatasaray-sk/91597626/
2026-09-09,14:00,Sporting CP vs Galatasaray,,,Local tarjetas -0.5,CARDS_HOME UNDER.0.5,CARDS_HOME:UNDER_0_5,11.5%,0.114500,8.73,,,,,,,,,,,Sin cuota/EV,No encontrado en Betano,Solo modelo,2,10.45,10.452000,,Betano mapeado,Baja,contexto premium fallback reciente,usa promedios recientes multi-competicion/API-Football,depende mucho del arbitro y del contexto competitivo,https://www.betano.pe/cuotas-de-partido/sporting-cp-galatasaray-sk/91597626/
2026-09-09,14:00,Sporting CP vs Galatasaray,,,Visita corners +6.5,CORNERS_AWAY OVER.6.5,CORNERS_AWAY:OVER_6_5,10.7%,0.107200,9.33,,,,,,,,,,,Sin cuota/EV,No encontrado en Betano,Solo modelo,4,22.72,22.721000,,Betano mapeado,Baja,contexto premium fallback reciente,usa promedios recientes multi-competicion/API-Football,el volumen ofensivo puede variar por planteamiento y marcador temprano,https://www.betano.pe/cuotas-de-partido/sporting-cp-galatasaray-sk/91597626/
2026-09-09,14:00,Sporting CP vs Galatasaray,,,SHOTS_TOTAL UNDER.20.5,SHOTS_TOTAL UNDER.20.5,SHOTS_TOTAL:UNDER_20_5,8.2%,0.082400,12.14,,,,,,,,,,,Sin cuota/EV,No encontrado en Betano,Solo modelo,2,7.24,7.238000,,Betano mapeado,Baja,contexto premium fallback reciente,usa promedios recientes multi-competicion/API-Football,el volumen ofensivo puede variar por planteamiento y marcador temprano,https://www.betano.pe/cuotas-de-partido/sporting-cp-galatasaray-sk/91597626/
2026-09-09,14:00,Sporting CP vs Galatasaray,10Bet,Betano,Goles -1.5,TOTALS UNDER.1.5,TOTALS:UNDER_1_5,8.0%,0.079900,12.51,1.91,-0.85,-0.847400,-10.60,0.15,4.40,-0.65,-0.648400,-8.11,0.35,EV negativo,EV negativo Betano,Revisar,1,-9.01,-9.008000,Cuota por debajo de la cuota justa: valor limitado,Betano mapeado,Baja,fallback ultimos partidos,usa Poisson fallback con ultimos partidos multi-competicion,un gol temprano o baja eficacia puede cambiar la lectura del mercado,https://www.betano.pe/cuotas-de-partido/sporting-cp-galatasaray-sk/91597626/
2026-09-09,14:00,Sporting CP vs Galatasaray,,,Tarjetas total +6.5,CARDS_TOTALS OVER.6.5,CARDS_TOTALS:OVER_6_5,7.1%,0.070600,14.17,,,,,,,,,,,Sin cuota/EV,No encontrado en Betano,Solo modelo,3,11.06,11.058000,,Betano mapeado,Baja,contexto premium fallback reciente,usa promedios recientes multi-competicion/API-Football,depende mucho del arbitro y del contexto competitivo,https://www.betano.pe/cuotas-de-partido/sporting-cp-galatasaray-sk/91597626/
2026-09-09,14:00,Sporting CP vs Galatasaray,,Betano,Local goles -0.5,TEAM_TOTAL_HOME UNDER.0.5,TEAM_TOTAL_HOME:UNDER_0_5,6.9%,0.069100,14.46,,,,,,2.90,-0.80,-0.799600,-11.56,0.20,Sin cuota/EV,EV negativo Betano,Solo modelo,4,16.91,16.914000,,Betano mapeado,Baja,fallback ultimos partidos,usa Poisson fallback con ultimos partidos multi-competicion,un gol temprano o baja eficacia puede cambiar la lectura del mercado,https://www.betano.pe/cuotas-de-partido/sporting-cp-galatasaray-sk/91597626/
2026-09-09,14:00,Sporting CP vs Galatasaray,,,Visita tarjetas +3.5,CARDS_AWAY OVER.3.5,CARDS_AWAY:OVER_3_5,5.4%,0.053700,18.61,,,,,,,,,,,Sin cuota/EV,No encontrado en Betano,Solo modelo,2,4.37,4.373000,,Betano mapeado,Baja,contexto premium fallback reciente,usa promedios recientes multi-competicion/API-Football,depende mucho del arbitro y del contexto competitivo,https://www.betano.pe/cuotas-de-partido/sporting-cp-galatasaray-sk/91597626/
2026-09-09,14:00,Sporting CP vs Galatasaray,,,SHOTS_TOTAL UNDER.18.5,SHOTS_TOTAL UNDER.18.5,SHOTS_TOTAL:UNDER_18_5,3.5%,0.034700,28.79,,,,,,,,,,,Sin cuota/EV,No encontrado en Betano,Solo modelo,2,2.47,2.473000,,Betano mapeado,Baja,contexto premium fallback reciente,usa promedios recientes multi-competicion/API-Football,el volumen ofensivo puede variar por planteamiento y marcador temprano,https://www.betano.pe/cuotas-de-partido/sporting-cp-galatasaray-sk/91597626/
2026-09-09,17:00,Palmeiras vs LDU de Quito,,,SHOTS_TOTAL OVER.18.5,SHOTS_TOTAL OVER.18.5,SHOTS_TOTAL:OVER_18_5,97.3%,0.973400,1.03,,,,,,,,,,,Sin cuota/EV,No encontrado en Betano,Solo modelo,2,100.34,100.344000,,Betano mapeado,Alta,contexto premium torneo actual,usa promedios del contexto premium/API-Football,el volumen ofensivo puede variar por planteamiento y marcador temprano,https://www.betano.pe/cuotas-de-partido/palmeiras-sp-ldu-quito/91122159/
2026-09-09,17:00,Palmeiras vs LDU de Quito,,,Local tarjetas -3.5,CARDS_HOME UNDER.3.5,CARDS_HOME:UNDER_3_5,96.6%,0.966200,1.03,,,,,,,,,,,Sin cuota/EV,No encontrado en Betano,Solo modelo,2,99.62,99.623000,,Betano mapeado,Alta,contexto premium torneo actual,usa promedios del contexto premium/API-Football,depende mucho del arbitro y del contexto competitivo,https://www.betano.pe/cuotas-de-partido/palmeiras-sp-ldu-quito/91122159/
2026-09-09,17:00,Palmeiras vs LDU de Quito,,,Tarjetas total -6.5,CARDS_TOTALS UNDER.6.5,CARDS_TOTALS:UNDER_6_5,95.5%,0.955400,1.05,,,,,,,,,,,Sin cuota/EV,No encontrado en Betano,Solo modelo,3,103.54,103.538000,,Betano mapeado,Alta,contexto premium torneo actual,usa promedios del contexto premium/API-Football,depende mucho del arbitro y del contexto competitivo,https://www.betano.pe/cuotas-de-partido/palmeiras-sp-ldu-quito/91122159/
2026-09-09,17:00,Palmeiras vs LDU de Quito,,,SHOTS_TOTAL OVER.20.5,SHOTS_TOTAL OVER.20.5,SHOTS_TOTAL:OVER_20_5,93.4%,0.934400,1.07,,,,,,,,,,,Sin cuota/EV,No encontrado en Betano,Solo modelo,2,96.44,96.442000,,Betano mapeado,Alta,contexto premium torneo actual,usa promedios del contexto premium/API-Football,el volumen ofensivo puede variar por planteamiento y marcador temprano,https://www.betano.pe/cuotas-de-partido/palmeiras-sp-ldu-quito/91122159/
2026-09-09,17:00,Palmeiras vs LDU de Quito,,,Visita goles -2.5,TEAM_TOTAL_AWAY UNDER.2.5,TEAM_TOTAL_AWAY:UNDER_2_5,92.0%,0.919700,1.09,,,,,,,,,,,Sin cuota/EV,No encontrado en Betano,Solo modelo,4,107.97,107.970000,,Betano mapeado,Alta,torneo actual,usa Poisson base con estadisticas de goles del torneo,un gol temprano o baja eficacia puede cambiar la lectura del mercado,https://www.betano.pe/cuotas-de-partido/palmeiras-sp-ldu-quito/91122159/
2026-09-09,17:00,Palmeiras vs LDU de Quito,,Betano,Tarjetas total -5.5,CARDS_TOTALS UNDER.5.5,CARDS_TOTALS:UNDER_5_5,89.5%,0.894600,1.12,,,,,,1.50,0.34,0.341900,0.38,1.34,Sin cuota/EV,EV positivo Betano,Solo modelo,3,110.93,110.929000,,Betano mapeado,Alta,contexto premium torneo actual,usa promedios del contexto premium/API-Football,depende mucho del arbitro y del contexto competitivo,https://www.betano.pe/cuotas-de-partido/palmeiras-sp-ldu-quito/91122159/
2026-09-09,17:00,Palmeiras vs LDU de Quito,,,Local tarjetas -2.5,CARDS_HOME UNDER.2.5,CARDS_HOME:UNDER_2_5,87.9%,0.879500,1.14,,,,,,,,,,,Sin cuota/EV,No encontrado en Betano,Solo modelo,2,90.95,90.949000,,Betano mapeado,Alta,contexto premium torneo actual,usa promedios del contexto premium/API-Football,depende mucho del arbitro y del contexto competitivo,https://www.betano.pe/cuotas-de-partido/palmeiras-sp-ldu-quito/91122159/
2026-09-09,17:00,Palmeiras vs LDU de Quito,,,Local goles -2.5,TEAM_TOTAL_HOME UNDER.2.5,TEAM_TOTAL_HOME:UNDER_2_5,87.6%,0.876200,1.14,,,,,,,,,,,Sin cuota/EV,No encontrado en Betano,Solo modelo,4,103.62,103.622000,,Betano mapeado,Alta,torneo actual,usa Poisson base con estadisticas de goles del torneo,un gol temprano o baja eficacia puede cambiar la lectura del mercado,https://www.betano.pe/cuotas-de-partido/palmeiras-sp-ldu-quito/91122159/
2026-09-09,17:00,Palmeiras vs LDU de Quito,,,Visita tarjetas +0.5,CARDS_AWAY OVER.0.5,CARDS_AWAY:OVER_0_5,86.5%,0.864700,1.16,,,,,,,,,,,Sin cuota/EV,No encontrado en Betano,Solo modelo,2,89.47,89.466000,,Betano mapeado,Alta,contexto premium torneo actual,usa promedios del contexto premium/API-Football,depende mucho del arbitro y del contexto competitivo,https://www.betano.pe/cuotas-de-partido/palmeiras-sp-ldu-quito/91122159/
2026-09-09,17:00,Palmeiras vs LDU de Quito,,,SHOTS_TOTAL OVER.22.5,SHOTS_TOTAL OVER.22.5,SHOTS_TOTAL:OVER_22_5,86.4%,0.864000,1.16,,,,,,,,,,,Sin cuota/EV,No encontrado en Betano,Solo modelo,2,89.40,89.399000,,Betano mapeado,Alta,contexto premium torneo actual,usa promedios del contexto premium/API-Football,el volumen ofensivo puede variar por planteamiento y marcador temprano,https://www.betano.pe/cuotas-de-partido/palmeiras-sp-ldu-quito/91122159/
2026-09-09,17:00,Palmeiras vs LDU de Quito,,,Visita tarjetas -3.5,CARDS_AWAY UNDER.3.5,CARDS_AWAY:UNDER_3_5,85.7%,0.857100,1.17,,,,,,,,,,,Sin cuota/EV,No encontrado en Betano,Solo modelo,2,88.71,88.712000,,Betano mapeado,Alta,contexto premium torneo actual,usa promedios del contexto premium/API-Football,depende mucho del arbitro y del contexto competitivo,https://www.betano.pe/cuotas-de-partido/palmeiras-sp-ldu-quito/91122159/
2026-09-09,17:00,Palmeiras vs LDU de Quito,,,Corners total +7.5,CORNERS_TOTALS OVER.7.5,CORNERS_TOTALS:OVER_7_5,82.2%,0.821500,1.22,,,,,,,,,,,Sin cuota/EV,No encontrado en Betano,Solo modelo,6,112.15,112.149000,,Betano mapeado,Alta,contexto premium torneo actual,usa promedios del contexto premium/API-Football,el volumen ofensivo puede variar por planteamiento y marcador temprano,https://www.betano.pe/cuotas-de-partido/palmeiras-sp-ldu-quito/91122159/
2026-09-09,17:00,Palmeiras vs LDU de Quito,,,Local corners +3.5,CORNERS_HOME OVER.3.5,CORNERS_HOME:OVER_3_5,82.0%,0.820000,1.22,,,,,,,,,,,Sin cuota/EV,No encontrado en Betano,Solo modelo,4,98.00,97.995000,,Betano mapeado,Alta,contexto premium torneo actual,usa promedios del contexto premium/API-Football,el volumen ofensivo puede variar por planteamiento y marcador temprano,https://www.betano.pe/cuotas-de-partido/palmeiras-sp-ldu-quito/91122159/
2026-09-09,17:00,Palmeiras vs LDU de Quito,William Hill,Betano,Goles -3.5,TOTALS UNDER.3.5,TOTALS:UNDER_3_5,81.6%,0.816400,1.23,1.03,-0.16,-0.159100,-0.19,0.84,1.33,0.09,0.085800,0.10,1.09,EV negativo,EV positivo Betano,Evitar,10,119.15,119.149000,Cuota por debajo de la cuota justa: valor limitado,Betano mapeado,Alta,torneo actual,usa Poisson base con estadisticas de goles del torneo,un gol temprano o baja eficacia puede cambiar la lectura del mercado,https://www.betano.pe/cuotas-de-partido/palmeiras-sp-ldu-quito/91122159/
2026-09-09,17:00,Palmeiras vs LDU de Quito,,,Visita corners -6.5,CORNERS_AWAY UNDER.6.5,CORNERS_AWAY:UNDER_6_5,79.1%,0.790800,1.26,,,,,,,,,,,Sin cuota/EV,No encontrado en Betano,Solo modelo,4,95.08,95.080000,,Betano mapeado,Alta,contexto premium torneo actual,usa promedios del contexto premium/API-Football,el volumen ofensivo puede variar por planteamiento y marcador temprano,https://www.betano.pe/cuotas-de-partido/palmeiras-sp-ldu-quito/91122159/
2026-09-09,17:00,Palmeiras vs LDU de Quito,,Betano,Tarjetas total -4.5,CARDS_TOTALS UNDER.4.5,CARDS_TOTALS:UNDER_4_5,78.1%,0.780600,1.28,,,,,,1.93,0.51,0.506600,0.65,1.51,Sin cuota/EV,EV positivo Betano,Solo modelo,3,102.17,102.167000,,Betano mapeado,Alta,contexto premium torneo actual,usa promedios del contexto premium/API-Football,depende mucho del arbitro y del contexto competitivo,https://www.betano.pe/cuotas-de-partido/palmeiras-sp-ldu-quito/91122159/
2026-09-09,17:00,Palmeiras vs LDU de Quito,,,SHOTS_TOTAL OVER.24.5,SHOTS_TOTAL OVER.24.5,SHOTS_TOTAL:OVER_24_5,75.8%,0.757700,1.32,,,,,,,,,,,Sin cuota/EV,No encontrado en Betano,Solo modelo,2,78.77,78.774000,,Betano mapeado,Alta,contexto premium torneo actual,usa promedios del contexto premium/API-Football,el volumen ofensivo puede variar por planteamiento y marcador temprano,https://www.betano.pe/cuotas-de-partido/palmeiras-sp-ldu-quito/91122159/
2026-09-09,17:00,Palmeiras vs LDU de Quito,,,Visita goles -1.5,TEAM_TOTAL_AWAY UNDER.1.5,TEAM_TOTAL_AWAY:UNDER_1_5,73.6%,0.735800,1.36,,,,,,,,,,,Sin cuota/EV,No encontrado en Betano,Solo modelo,4,89.58,89.576000,,Betano mapeado,Alta,torneo actual,usa Poisson base con estadisticas de goles del torneo,un gol temprano o baja eficacia puede cambiar la lectura del mercado,https://www.betano.pe/cuotas-de-partido/palmeiras-sp-ldu-quito/91122159/
2026-09-09,17:00,Palmeiras vs LDU de Quito,William Hill,Betano,1T -1.5,FIRST_HALF_TOTALS UNDER.1.5,FIRST_HALF_TOTALS:UNDER_1_5,73.6%,0.735800,1.36,1.40,0.03,0.030100,0.04,1.03,1.40,0.03,0.030100,0.04,1.03,EV positivo,EV positivo Betano,Equilibrado,5,107.60,107.599000,,Betano mapeado,Alta,contexto premium torneo actual,usa promedios del contexto premium/API-Football,el primer tiempo puede tener ritmo bajo o rotaciones,https://www.betano.pe/cuotas-de-partido/palmeiras-sp-ldu-quito/91122159/
2026-09-09,17:00,Palmeiras vs LDU de Quito,,,SHOTS_ON_TARGET_TOTAL OVER.6.5,SHOTS_ON_TARGET_TOTAL OVER.6.5,SHOTS_ON_TARGET_TOTAL:OVER_6_5,73.3%,0.733000,1.36,,,,,,,,,,,Sin cuota/EV,No encontrado en Betano,Solo modelo,2,76.30,76.301000,,Betano mapeado,Alta,contexto premium torneo actual,usa promedios del contexto premium/API-Football,el volumen ofensivo puede variar por planteamiento y marcador temprano,https://www.betano.pe/cuotas-de-partido/palmeiras-sp-ldu-quito/91122159/
2026-09-09,17:00,Palmeiras vs LDU de Quito,,,Corners total +8.5,CORNERS_TOTALS OVER.8.5,CORNERS_TOTALS:OVER_8_5,72.1%,0.720600,1.39,,,,,,,,,,,Sin cuota/EV,No encontrado en Betano,Solo modelo,6,102.06,102.059000,,Betano mapeado,Alta,contexto premium torneo actual,usa promedios del contexto premium/API-Football,el volumen ofensivo puede variar por planteamiento y marcador temprano,https://www.betano.pe/cuotas-de-partido/palmeiras-sp-ldu-quito/91122159/
2026-09-09,17:00,Palmeiras vs LDU de Quito,,,DOUBLE_CHANCE 12,DOUBLE_CHANCE 12,DOUBLE_CHANCE:12,71.2%,0.712100,1.40,,,,,,,,,,,Sin cuota/EV,No encontrado en Betano,Solo modelo,9,116.21,116.207000,,Betano mapeado,Alta,torneo actual,usa Poisson base con estadisticas de goles del torneo,riesgo propio del resultado final y variacion del modelo,https://www.betano.pe/cuotas-de-partido/palmeiras-sp-ldu-quito/91122159/
2026-09-09,17:00,Palmeiras vs LDU de Quito,,,Visita corners +3.5,CORNERS_AWAY OVER.3.5,CORNERS_AWAY:OVER_3_5,70.6%,0.705800,1.42,,,,,,,,,,,Sin cuota/EV,No encontrado en Betano,Solo modelo,4,86.58,86.577000,,Betano mapeado,Alta,contexto premium torneo actual,usa promedios del contexto premium/API-Football,el volumen ofensivo puede variar por planteamiento y marcador temprano,https://www.betano.pe/cuotas-de-partido/palmeiras-sp-ldu-quito/91122159/
2026-09-09,17:00,Palmeiras vs LDU de Quito,,,Local goles +0.5,TEAM_TOTAL_HOME OVER.0.5,TEAM_TOTAL_HOME:OVER_0_5,70.3%,0.703300,1.42,,,,,,,,,,,Sin cuota/EV,No encontrado en Betano,Solo modelo,4,86.33,86.328000,,Betano mapeado,Alta,torneo actual,usa Poisson base con estadisticas de goles del torneo,un gol temprano o baja eficacia puede cambiar la lectura del mercado,https://www.betano.pe/cuotas-de-partido/palmeiras-sp-ldu-quito/91122159/
2026-09-09,17:00,Palmeiras vs LDU de Quito,,,Local tarjetas +0.5,CARDS_HOME OVER.0.5,CARDS_HOME:OVER_0_5,69.9%,0.698800,1.43,,,,,,,,,,,Sin cuota/EV,No encontrado en Betano,Solo modelo,2,72.88,72.881000,,Betano mapeado,Media,contexto premium torneo actual,usa promedios del contexto premium/API-Football,depende mucho del arbitro y del contexto competitivo,https://www.betano.pe/cuotas-de-partido/palmeiras-sp-ldu-quito/91122159/
2026-09-09,17:00,Palmeiras vs LDU de Quito,,,DOUBLE_CHANCE 1X,DOUBLE_CHANCE 1X,DOUBLE_CHANCE:1X,69.8%,0.697800,1.43,,,,,,,,,,,Sin cuota/EV,No encontrado en Betano,Solo modelo,9,114.78,114.781000,,Betano mapeado,Media,torneo actual,usa Poisson base con estadisticas de goles del torneo,riesgo propio del resultado final y variacion del modelo,https://www.betano.pe/cuotas-de-partido/palmeiras-sp-ldu-quito/91122159/
2026-09-09,17:00,Palmeiras vs LDU de Quito,,,Visita tarjetas -2.5,CARDS_AWAY UNDER.2.5,CARDS_AWAY:UNDER_2_5,67.7%,0.676700,1.48,,,,,,,,,,,Sin cuota/EV,No encontrado en Betano,Solo modelo,2,70.67,70.668000,,Betano mapeado,Media,contexto premium torneo actual,usa promedios del contexto premium/API-Football,depende mucho del arbitro y del contexto competitivo,https://www.betano.pe/cuotas-de-partido/palmeiras-sp-ldu-quito/91122159/
2026-09-09,17:00,Palmeiras vs LDU de Quito,,,Local corners +4.5,CORNERS_HOME OVER.4.5,CORNERS_HOME:OVER_4_5,67.3%,0.672800,1.49,,,,,,,,,,,Sin cuota/EV,No encontrado en Betano,Solo modelo,4,83.28,83.279000,,Betano mapeado,Media,contexto premium torneo actual,usa promedios del contexto premium/API-Football,el volumen ofensivo puede variar por planteamiento y marcador temprano,https://www.betano.pe/cuotas-de-partido/palmeiras-sp-ldu-quito/91122159/
2026-09-09,17:00,Palmeiras vs LDU de Quito,,,SHOTS_ON_TARGET_TOTAL UNDER.9.5,SHOTS_ON_TARGET_TOTAL UNDER.9.5,SHOTS_ON_TARGET_TOTAL:UNDER_9_5,66.6%,0.665900,1.50,,,,,,,,,,,Sin cuota/EV,No encontrado en Betano,Solo modelo,2,69.59,69.592000,,Betano mapeado,Media,contexto premium torneo actual,usa promedios del contexto premium/API-Football,el volumen ofensivo puede variar por planteamiento y marcador temprano,https://www.betano.pe/cuotas-de-partido/palmeiras-sp-ldu-quito/91122159/
2026-09-09,17:00,Palmeiras vs LDU de Quito,,,Local tarjetas -1.5,CARDS_HOME UNDER.1.5,CARDS_HOME:UNDER_1_5,66.3%,0.662600,1.51,,,,,,,,,,,Sin cuota/EV,No encontrado en Betano,Solo modelo,2,69.26,69.263000,,Betano mapeado,Media,contexto premium torneo actual,usa promedios del contexto premium/API-Football,depende mucho del arbitro y del contexto competitivo,https://www.betano.pe/cuotas-de-partido/palmeiras-sp-ldu-quito/91122159/
2026-09-09,17:00,Palmeiras vs LDU de Quito,,,Local goles -1.5,TEAM_TOTAL_HOME UNDER.1.5,TEAM_TOTAL_HOME:UNDER_1_5,65.7%,0.657200,1.52,,,,,,,,,,,Sin cuota/EV,No encontrado en Betano,Solo modelo,4,81.72,81.722000,,Betano mapeado,Media,torneo actual,usa Poisson base con estadisticas de goles del torneo,un gol temprano o baja eficacia puede cambiar la lectura del mercado,https://www.betano.pe/cuotas-de-partido/palmeiras-sp-ldu-quito/91122159/
2026-09-09,17:00,Palmeiras vs LDU de Quito,,,Local corners -6.5,CORNERS_HOME UNDER.6.5,CORNERS_HOME:UNDER_6_5,65.4%,0.654400,1.53,,,,,,,,,,,Sin cuota/EV,No encontrado en Betano,Solo modelo,4,81.44,81.437000,,Betano mapeado,Media,contexto premium torneo actual,usa promedios del contexto premium/API-Football,el volumen ofensivo puede variar por planteamiento y marcador temprano,https://www.betano.pe/cuotas-de-partido/palmeiras-sp-ldu-quito/91122159/
2026-09-09,17:00,Palmeiras vs LDU de Quito,,,Visita corners -5.5,CORNERS_AWAY UNDER.5.5,CORNERS_AWAY:UNDER_5_5,65.1%,0.651000,1.54,,,,,,,,,,,Sin cuota/EV,No encontrado en Betano,Solo modelo,4,81.10,81.101000,,Betano mapeado,Media,contexto premium torneo actual,usa promedios del contexto premium/API-Football,el volumen ofensivo puede variar por planteamiento y marcador temprano,https://www.betano.pe/cuotas-de-partido/palmeiras-sp-ldu-quito/91122159/
2026-09-09,17:00,Palmeiras vs LDU de Quito,William Hill,Betano,Goles +1.5,TOTALS OVER.1.5,TOTALS:OVER_1_5,64.9%,0.649100,1.54,2.30,0.49,0.492800,0.76,1.49,1.32,-0.14,-0.143200,-0.22,0.86,EV positivo,EV negativo Betano,Valor,10,131.49,131.487000,,Betano mapeado,Media,torneo actual,usa Poisson base con estadisticas de goles del torneo,un gol temprano o baja eficacia puede cambiar la lectura del mercado,https://www.betano.pe/cuotas-de-partido/palmeiras-sp-ldu-quito/91122159/
2026-09-09,17:00,Palmeiras vs LDU de Quito,,Betano,Corners total -11.5,CORNERS_TOTALS UNDER.11.5,CORNERS_TOTALS:UNDER_11_5,63.9%,0.638700,1.57,,,,,,1.45,-0.07,-0.073900,-0.12,0.93,Sin cuota/EV,EV negativo Betano,Solo modelo,6,100.69,100.691000,,Betano mapeado,Media,contexto premium torneo actual,usa promedios del contexto premium/API-Football,el volumen ofensivo puede variar por planteamiento y marcador temprano,https://www.betano.pe/cuotas-de-partido/palmeiras-sp-ldu-quito/91122159/
2026-09-09,17:00,Palmeiras vs LDU de Quito,William Hill,Betano,1T +0.5,FIRST_HALF_TOTALS OVER.0.5,FIRST_HALF_TOTALS:OVER_0_5,63.2%,0.632100,1.58,1.36,-0.14,-0.140300,-0.22,0.86,1.44,-0.09,-0.089800,-0.14,0.91,EV negativo,EV negativo Betano,Evitar,5,77.25,77.249000,,Betano mapeado,Media,contexto premium torneo actual,usa promedios del contexto premium/API-Football,el primer tiempo puede tener ritmo bajo o rotaciones,https://www.betano.pe/cuotas-de-partido/palmeiras-sp-ldu-quito/91122159/
2026-09-09,17:00,Palmeiras vs LDU de Quito,,,Visita goles +0.5,TEAM_TOTAL_AWAY OVER.0.5,TEAM_TOTAL_AWAY:OVER_0_5,63.2%,0.632100,1.58,,,,,,,,,,,Sin cuota/EV,No encontrado en Betano,Solo modelo,4,79.21,79.212000,,Betano mapeado,Media,torneo actual,usa Poisson base con estadisticas de goles del torneo,un gol temprano o baja eficacia puede cambiar la lectura del mercado,https://www.betano.pe/cuotas-de-partido/palmeiras-sp-ldu-quito/91122159/
2026-09-09,17:00,Palmeiras vs LDU de Quito,,,SHOTS_TOTAL OVER.26.5,SHOTS_TOTAL OVER.26.5,SHOTS_TOTAL:OVER_26_5,62.2%,0.621800,1.61,,,,,,,,,,,Sin cuota/EV,No encontrado en Betano,Solo modelo,2,65.18,65.181000,,Betano mapeado,Media,contexto premium torneo actual,usa promedios del contexto premium/API-Football,el volumen ofensivo puede variar por planteamiento y marcador temprano,https://www.betano.pe/cuotas-de-partido/palmeiras-sp-ldu-quito/91122159/
2026-09-09,17:00,Palmeiras vs LDU de Quito,,,Tarjetas total +2.5,CARDS_TOTALS OVER.2.5,CARDS_TOTALS:OVER_2_5,62.0%,0.620100,1.61,,,,,,,,,,,Sin cuota/EV,No encontrado en Betano,Solo modelo,3,70.01,70.010000,,Betano mapeado,Media,contexto premium torneo actual,usa promedios del contexto premium/API-Football,depende mucho del arbitro y del contexto competitivo,https://www.betano.pe/cuotas-de-partido/palmeiras-sp-ldu-quito/91122159/
2026-09-09,17:00,Palmeiras vs LDU de Quito,William Hill,Betano,Goles -2.5,TOTALS UNDER.2.5,TOTALS:UNDER_2_5,61.9%,0.618700,1.62,1.14,-0.29,-0.294700,-0.48,0.71,1.85,0.14,0.144600,0.23,1.14,EV negativo,EV positivo Betano,Evitar,8,87.88,87.880000,Cuota por debajo de la cuota justa: valor limitado,Betano mapeado,Media,torneo actual,usa Poisson base con estadisticas de goles del torneo,un gol temprano o baja eficacia puede cambiar la lectura del mercado,https://www.betano.pe/cuotas-de-partido/palmeiras-sp-ldu-quito/91122159/
2026-09-09,17:00,Palmeiras vs LDU de Quito,,Betano,Corners total +9.5,CORNERS_TOTALS OVER.9.5,CORNERS_TOTALS:OVER_9_5,60.3%,0.602900,1.66,,,,,,1.60,-0.04,-0.035400,-0.06,0.96,Sin cuota/EV,EV negativo Betano,Solo modelo,6,97.72,97.721000,,Betano mapeado,Media,contexto premium torneo actual,usa promedios del contexto premium/API-Football,el volumen ofensivo puede variar por planteamiento y marcador temprano,https://www.betano.pe/cuotas-de-partido/palmeiras-sp-ldu-quito/91122159/
2026-09-09,17:00,Palmeiras vs LDU de Quito,,Betano,Tarjetas total -3.5,CARDS_TOTALS UNDER.3.5,CARDS_TOTALS:UNDER_3_5,60.2%,0.602500,1.66,,,,,,2.80,0.69,0.687000,1.14,1.69,Sin cuota/EV,EV positivo Betano,Solo modelo,3,87.24,87.244000,,Betano mapeado,Media,contexto premium torneo actual,usa promedios del contexto premium/API-Football,depende mucho del arbitro y del contexto competitivo,https://www.betano.pe/cuotas-de-partido/palmeiras-sp-ldu-quito/91122159/
2026-09-09,17:00,Palmeiras vs LDU de Quito,,,SHOTS_ON_TARGET_TOTAL OVER.7.5,SHOTS_ON_TARGET_TOTAL OVER.7.5,SHOTS_ON_TARGET_TOTAL:OVER_7_5,60.1%,0.601300,1.66,,,,,,,,,,,Sin cuota/EV,No encontrado en Betano,Solo modelo,2,63.13,63.135000,,Betano mapeado,Media,contexto premium torneo actual,usa promedios del contexto premium/API-Football,el volumen ofensivo puede variar por planteamiento y marcador temprano,https://www.betano.pe/cuotas-de-partido/palmeiras-sp-ldu-quito/91122159/
2026-09-09,17:00,Palmeiras vs LDU de Quito,,,Visita tarjetas +1.5,CARDS_AWAY OVER.1.5,CARDS_AWAY:OVER_1_5,59.4%,0.594000,1.68,,,,,,,,,,,Sin cuota/EV,No encontrado en Betano,Solo modelo,2,62.40,62.399000,,Betano mapeado,Media,contexto premium torneo actual,usa promedios del contexto premium/API-Football,depende mucho del arbitro y del contexto competitivo,https://www.betano.pe/cuotas-de-partido/palmeiras-sp-ldu-quito/91122159/
2026-09-09,17:00,Palmeiras vs LDU de Quito,,,DOUBLE_CHANCE X2,DOUBLE_CHANCE X2,DOUBLE_CHANCE:X2,59.0%,0.590100,1.70,,,,,,,,,,,Sin cuota/EV,No encontrado en Betano,Solo modelo,9,104.01,104.012000,,Betano mapeado,Media,torneo actual,usa Poisson base con estadisticas de goles del torneo,riesgo propio del resultado final y variacion del modelo,https://www.betano.pe/cuotas-de-partido/palmeiras-sp-ldu-quito/91122159/
2026-09-09,17:00,Palmeiras vs LDU de Quito,,,DNB local,DRAW_NO_BET HOME,DRAW_NO_BET:HOME,57.6%,0.575600,1.74,,,,,,,,,,,Sin cuota/EV,No encontrado en Betano,Solo modelo,9,102.56,102.562000,,Betano mapeado,Media,torneo actual,usa Poisson base con estadisticas de goles del torneo,riesgo propio del resultado final y variacion del modelo,https://www.betano.pe/cuotas-de-partido/palmeiras-sp-ldu-quito/91122159/
2026-09-09,17:00,Palmeiras vs LDU de Quito,William Hill,Betano,BTTS no,BTTS NO,BTTS:NO,55.5%,0.555400,1.80,1.08,-0.40,-0.400100,-0.72,0.60,1.42,-0.21,-0.211300,-0.38,0.79,EV negativo,EV negativo Betano,Evitar,8,73.96,73.961000,Cuota por debajo de la cuota justa: valor limitado,Betano mapeado,Media,torneo actual,usa Poisson base con estadisticas de goles del torneo,un gol temprano o baja eficacia puede cambiar la lectura del mercado,https://www.betano.pe/cuotas-de-partido/palmeiras-sp-ldu-quito/91122159/
2026-09-09,17:00,Palmeiras vs LDU de Quito,,,SHOTS_ON_TARGET_TOTAL UNDER.8.5,SHOTS_ON_TARGET_TOTAL UNDER.8.5,SHOTS_ON_TARGET_TOTAL:UNDER_8_5,53.7%,0.536900,1.86,,,,,,,,,,,Sin cuota/EV,No encontrado en Betano,Solo modelo,2,56.69,56.689000,,Betano mapeado,Baja,contexto premium torneo actual,usa promedios del contexto premium/API-Football,el volumen ofensivo puede variar por planteamiento y marcador temprano,https://www.betano.pe/cuotas-de-partido/palmeiras-sp-ldu-quito/91122159/
2026-09-09,17:00,Palmeiras vs LDU de Quito,,,Visita corners +4.5,CORNERS_AWAY OVER.4.5,CORNERS_AWAY:OVER_4_5,52.4%,0.523700,1.91,,,,,,,,,,,Sin cuota/EV,No encontrado en Betano,Solo modelo,4,68.37,68.374000,,Betano mapeado,Baja,contexto premium torneo actual,usa promedios del contexto premium/API-Football,el volumen ofensivo puede variar por planteamiento y marcador temprano,https://www.betano.pe/cuotas-de-partido/palmeiras-sp-ldu-quito/91122159/
2026-09-09,17:00,Palmeiras vs LDU de Quito,,Betano,Corners total -10.5,CORNERS_TOTALS UNDER.10.5,CORNERS_TOTALS:UNDER_10_5,52.1%,0.520700,1.92,,,,,,1.75,-0.09,-0.088800,-0.17,0.91,Sin cuota/EV,EV negativo Betano,Solo modelo,6,88.65,88.653000,,Betano mapeado,Baja,contexto premium torneo actual,usa promedios del contexto premium/API-Football,el volumen ofensivo puede variar por planteamiento y marcador temprano,https://www.betano.pe/cuotas-de-partido/palmeiras-sp-ldu-quito/91122159/
2026-09-09,17:00,Palmeiras vs LDU de Quito,,,Local corners +5.5,CORNERS_HOME OVER.5.5,CORNERS_HOME:OVER_5_5,50.5%,0.505000,1.98,,,,,,,,,,,Sin cuota/EV,No encontrado en Betano,Solo modelo,4,66.50,66.502000,,Betano mapeado,Baja,contexto premium torneo actual,usa promedios del contexto premium/API-Football,el volumen ofensivo puede variar por planteamiento y marcador temprano,https://www.betano.pe/cuotas-de-partido/palmeiras-sp-ldu-quito/91122159/
2026-09-09,17:00,Palmeiras vs LDU de Quito,,,Local corners -5.5,CORNERS_HOME UNDER.5.5,CORNERS_HOME:UNDER_5_5,49.5%,0.495000,2.02,,,,,,,,,,,Sin cuota/EV,No encontrado en Betano,Solo modelo,4,65.50,65.498000,,Betano mapeado,Baja,contexto premium torneo actual,usa promedios del contexto premium/API-Football,el volumen ofensivo puede variar por planteamiento y marcador temprano,https://www.betano.pe/cuotas-de-partido/palmeiras-sp-ldu-quito/91122159/
2026-09-09,17:00,Palmeiras vs LDU de Quito,,Betano,Corners total +10.5,CORNERS_TOTALS OVER.10.5,CORNERS_TOTALS:OVER_10_5,47.9%,0.479300,2.09,,,,,,2.02,-0.03,-0.031800,-0.07,0.97,Sin cuota/EV,EV negativo Betano,Solo modelo,6,85.42,85.417000,,Betano mapeado,Baja,contexto premium torneo actual,usa promedios del contexto premium/API-Football,el volumen ofensivo puede variar por planteamiento y marcador temprano,https://www.betano.pe/cuotas-de-partido/palmeiras-sp-ldu-quito/91122159/
2026-09-09,17:00,Palmeiras vs LDU de Quito,,,Visita corners -4.5,CORNERS_AWAY UNDER.4.5,CORNERS_AWAY:UNDER_4_5,47.6%,0.476300,2.10,,,,,,,,,,,Sin cuota/EV,No encontrado en Betano,Solo modelo,4,63.63,63.626000,,Betano mapeado,Baja,contexto premium torneo actual,usa promedios del contexto premium/API-Football,el volumen ofensivo puede variar por planteamiento y marcador temprano,https://www.betano.pe/cuotas-de-partido/palmeiras-sp-ldu-quito/91122159/
2026-09-09,17:00,Palmeiras vs LDU de Quito,,,SHOTS_ON_TARGET_TOTAL OVER.8.5,SHOTS_ON_TARGET_TOTAL OVER.8.5,SHOTS_ON_TARGET_TOTAL:OVER_8_5,46.3%,0.463100,2.16,,,,,,,,,,,Sin cuota/EV,No encontrado en Betano,Solo modelo,2,49.31,49.311000,,Betano mapeado,Baja,contexto premium torneo actual,usa promedios del contexto premium/API-Football,el volumen ofensivo puede variar por planteamiento y marcador temprano,https://www.betano.pe/cuotas-de-partido/palmeiras-sp-ldu-quito/91122159/
2026-09-09,17:00,Palmeiras vs LDU de Quito,William Hill,Betano,BTTS sí,BTTS YES,BTTS:YES,44.5%,0.444600,2.25,7.00,2.11,2.111900,4.75,3.11,2.75,0.22,0.222700,0.50,1.22,EV positivo,EV positivo Betano,Equilibrado,8,108.02,108.019000,Cuota API muy superior a la cuota justa: revisar manualmente antes de apostar,Betano mapeado,Baja,torneo actual,usa Poisson base con estadisticas de goles del torneo,un gol temprano o baja eficacia puede cambiar la lectura del mercado,https://www.betano.pe/cuotas-de-partido/palmeiras-sp-ldu-quito/91122159/
2026-09-09,17:00,Palmeiras vs LDU de Quito,,,DNB visita,DRAW_NO_BET AWAY,DRAW_NO_BET:AWAY,42.4%,0.424400,2.36,,,,,,,,,,,Sin cuota/EV,No encontrado en Betano,Solo modelo,9,87.44,87.438000,,Betano mapeado,Baja,torneo actual,usa Poisson base con estadisticas de goles del torneo,riesgo propio del resultado final y variacion del modelo,https://www.betano.pe/cuotas-de-partido/palmeiras-sp-ldu-quito/91122159/
2026-09-09,17:00,Palmeiras vs LDU de Quito,William Hill,Betano,Gana local,1X2 HOME,1X2:HOME,41.0%,0.409900,2.44,1.67,-0.32,-0.315500,-0.77,0.68,1.26,-0.48,-0.483500,-1.18,0.52,EV negativo,EV negativo Betano,Evitar,7,51.57,51.573000,Cuota por debajo de la cuota justa: valor limitado,Betano mapeado,Baja,torneo actual,usa Poisson base con estadisticas de goles del torneo,riesgo propio del resultado final y variacion del modelo,https://www.betano.pe/cuotas-de-partido/palmeiras-sp-ldu-quito/91122159/
2026-09-09,17:00,Palmeiras vs LDU de Quito,,,Visita tarjetas -1.5,CARDS_AWAY UNDER.1.5,CARDS_AWAY:UNDER_1_5,40.6%,0.406000,2.46,,,,,,,,,,,Sin cuota/EV,No encontrado en Betano,Solo modelo,2,43.60,43.601000,,Betano mapeado,Baja,contexto premium torneo actual,usa promedios del contexto premium/API-Football,depende mucho del arbitro y del contexto competitivo,https://www.betano.pe/cuotas-de-partido/palmeiras-sp-ldu-quito/91122159/
2026-09-09,17:00,Palmeiras vs LDU de Quito,,,SHOTS_ON_TARGET_TOTAL UNDER.7.5,SHOTS_ON_TARGET_TOTAL UNDER.7.5,SHOTS_ON_TARGET_TOTAL:UNDER_7_5,39.9%,0.398700,2.51,,,,,,,,,,,Sin cuota/EV,No encontrado en Betano,Solo modelo,2,42.87,42.865000,,Betano mapeado,Baja,contexto premium torneo actual,usa promedios del contexto premium/API-Football,el volumen ofensivo puede variar por planteamiento y marcador temprano,https://www.betano.pe/cuotas-de-partido/palmeiras-sp-ldu-quito/91122159/
2026-09-09,17:00,Palmeiras vs LDU de Quito,,Betano,Tarjetas total +3.5,CARDS_TOTALS OVER.3.5,CARDS_TOTALS:OVER_3_5,39.8%,0.397500,2.52,,,,,,1.40,-0.44,-0.443500,-1.12,0.56,Sin cuota/EV,EV negativo Betano,Solo modelo,3,48.65,48.652000,,Betano mapeado,Baja,contexto premium torneo actual,usa promedios del contexto premium/API-Football,depende mucho del arbitro y del contexto competitivo,https://www.betano.pe/cuotas-de-partido/palmeiras-sp-ldu-quito/91122159/
2026-09-09,17:00,Palmeiras vs LDU de Quito,,Betano,Corners total -9.5,CORNERS_TOTALS UNDER.9.5,CORNERS_TOTALS:UNDER_9_5,39.7%,0.397100,2.52,,,,,,2.25,-0.11,-0.106500,-0.27,0.89,Sin cuota/EV,EV negativo Betano,Solo modelo,6,76.01,76.009000,,Betano mapeado,Baja,contexto premium torneo actual,usa promedios del contexto premium/API-Football,el volumen ofensivo puede variar por planteamiento y marcador temprano,https://www.betano.pe/cuotas-de-partido/palmeiras-sp-ldu-quito/91122159/
2026-09-09,17:00,Palmeiras vs LDU de Quito,William Hill,Betano,Goles +2.5,TOTALS OVER.2.5,TOTALS:OVER_2_5,38.1%,0.381300,2.62,5.00,0.91,0.906500,2.38,1.91,1.95,-0.26,-0.256500,-0.67,0.74,EV positivo,EV negativo Betano,Equilibrado,8,86.34,86.343000,Cuota API muy superior a la cuota justa: revisar manualmente antes de apostar,Betano mapeado,Baja,torneo actual,usa Poisson base con estadisticas de goles del torneo,un gol temprano o baja eficacia puede cambiar la lectura del mercado,https://www.betano.pe/cuotas-de-partido/palmeiras-sp-ldu-quito/91122159/
2026-09-09,17:00,Palmeiras vs LDU de Quito,,,Tarjetas total -2.5,CARDS_TOTALS UNDER.2.5,CARDS_TOTALS:UNDER_2_5,38.0%,0.379900,2.63,,,,,,,,,,,Sin cuota/EV,No encontrado en Betano,Solo modelo,3,45.99,45.990000,,Betano mapeado,Baja,contexto premium torneo actual,usa promedios del contexto premium/API-Football,depende mucho del arbitro y del contexto competitivo,https://www.betano.pe/cuotas-de-partido/palmeiras-sp-ldu-quito/91122159/
2026-09-09,17:00,Palmeiras vs LDU de Quito,,,SHOTS_TOTAL UNDER.26.5,SHOTS_TOTAL UNDER.26.5,SHOTS_TOTAL:UNDER_26_5,37.8%,0.378200,2.64,,,,,,,,,,,Sin cuota/EV,No encontrado en Betano,Solo modelo,2,40.82,40.819000,,Betano mapeado,Baja,contexto premium torneo actual,usa promedios del contexto premium/API-Football,el volumen ofensivo puede variar por planteamiento y marcador temprano,https://www.betano.pe/cuotas-de-partido/palmeiras-sp-ldu-quito/91122159/
2026-09-09,17:00,Palmeiras vs LDU de Quito,,,Visita goles -0.5,TEAM_TOTAL_AWAY UNDER.0.5,TEAM_TOTAL_AWAY:UNDER_0_5,36.8%,0.367900,2.72,,,,,,,,,,,Sin cuota/EV,No encontrado en Betano,Solo modelo,4,52.79,52.788000,,Betano mapeado,Baja,torneo actual,usa Poisson base con estadisticas de goles del torneo,un gol temprano o baja eficacia puede cambiar la lectura del mercado,https://www.betano.pe/cuotas-de-partido/palmeiras-sp-ldu-quito/91122159/
2026-09-09,17:00,Palmeiras vs LDU de Quito,William Hill,Betano,1T -0.5,FIRST_HALF_TOTALS UNDER.0.5,FIRST_HALF_TOTALS:UNDER_0_5,36.8%,0.367900,2.72,2.80,0.03,0.030100,0.08,1.03,2.75,0.01,0.011700,0.03,1.01,EV positivo,EV positivo Betano,Equilibrado,5,70.52,70.516000,,Betano mapeado,Baja,contexto premium torneo actual,usa promedios del contexto premium/API-Football,el primer tiempo puede tener ritmo bajo o rotaciones,https://www.betano.pe/cuotas-de-partido/palmeiras-sp-ldu-quito/91122159/
2026-09-09,17:00,Palmeiras vs LDU de Quito,,Betano,Corners total +11.5,CORNERS_TOTALS OVER.11.5,CORNERS_TOTALS:OVER_11_5,36.1%,0.361300,2.77,,,,,,2.65,-0.04,-0.042600,-0.12,0.96,Sin cuota/EV,EV negativo Betano,Solo modelo,6,73.44,73.445000,,Betano mapeado,Baja,contexto premium torneo actual,usa promedios del contexto premium/API-Football,el volumen ofensivo puede variar por planteamiento y marcador temprano,https://www.betano.pe/cuotas-de-partido/palmeiras-sp-ldu-quito/91122159/
2026-09-09,17:00,Palmeiras vs LDU de Quito,William Hill,Betano,Goles -1.5,TOTALS UNDER.1.5,TOTALS:UNDER_1_5,35.1%,0.350900,2.85,1.55,-0.46,-0.456100,-1.30,0.54,3.40,0.19,0.193100,0.55,1.19,EV negativo,EV positivo Betano,Evitar,1,23.98,23.975000,Cuota por debajo de la cuota justa: valor limitado,Betano mapeado,Baja,torneo actual,usa Poisson base con estadisticas de goles del torneo,un gol temprano o baja eficacia puede cambiar la lectura del mercado,https://www.betano.pe/cuotas-de-partido/palmeiras-sp-ldu-quito/91122159/
2026-09-09,17:00,Palmeiras vs LDU de Quito,,,Visita corners +5.5,CORNERS_AWAY OVER.5.5,CORNERS_AWAY:OVER_5_5,34.9%,0.349000,2.87,,,,,,,,,,,Sin cuota/EV,No encontrado en Betano,Solo modelo,4,50.90,50.899000,,Betano mapeado,Baja,contexto premium torneo actual,usa promedios del contexto premium/API-Football,el volumen ofensivo puede variar por planteamiento y marcador temprano,https://www.betano.pe/cuotas-de-partido/palmeiras-sp-ldu-quito/91122159/
2026-09-09,17:00,Palmeiras vs LDU de Quito,,,Local corners +6.5,CORNERS_HOME OVER.6.5,CORNERS_HOME:OVER_6_5,34.6%,0.345600,2.89,,,,,,,,,,,Sin cuota/EV,No encontrado en Betano,Solo modelo,4,50.56,50.563000,,Betano mapeado,Baja,contexto premium torneo actual,usa promedios del contexto premium/API-Football,el volumen ofensivo puede variar por planteamiento y marcador temprano,https://www.betano.pe/cuotas-de-partido/palmeiras-sp-ldu-quito/91122159/
2026-09-09,17:00,Palmeiras vs LDU de Quito,,,Local goles +1.5,TEAM_TOTAL_HOME OVER.1.5,TEAM_TOTAL_HOME:OVER_1_5,34.3%,0.342800,2.92,,,,,,,,,,,Sin cuota/EV,No encontrado en Betano,Solo modelo,4,50.28,50.278000,,Betano mapeado,Baja,torneo actual,usa Poisson base con estadisticas de goles del torneo,un gol temprano o baja eficacia puede cambiar la lectura del mercado,https://www.betano.pe/cuotas-de-partido/palmeiras-sp-ldu-quito/91122159/
2026-09-09,17:00,Palmeiras vs LDU de Quito,,,Local tarjetas +1.5,CARDS_HOME OVER.1.5,CARDS_HOME:OVER_1_5,33.7%,0.337400,2.96,,,,,,,,,,,Sin cuota/EV,No encontrado en Betano,Solo modelo,2,36.74,36.737000,,Betano mapeado,Baja,contexto premium torneo actual,usa promedios del contexto premium/API-Football,depende mucho del arbitro y del contexto competitivo,https://www.betano.pe/cuotas-de-partido/palmeiras-sp-ldu-quito/91122159/
2026-09-09,17:00,Palmeiras vs LDU de Quito,,,SHOTS_ON_TARGET_TOTAL OVER.9.5,SHOTS_ON_TARGET_TOTAL OVER.9.5,SHOTS_ON_TARGET_TOTAL:OVER_9_5,33.4%,0.334100,2.99,,,,,,,,,,,Sin cuota/EV,No encontrado en Betano,Solo modelo,2,36.41,36.408000,,Betano mapeado,Baja,contexto premium torneo actual,usa promedios del contexto premium/API-Football,el volumen ofensivo puede variar por planteamiento y marcador temprano,https://www.betano.pe/cuotas-de-partido/palmeiras-sp-ldu-quito/91122159/
2026-09-09,17:00,Palmeiras vs LDU de Quito,,,Local corners -4.5,CORNERS_HOME UNDER.4.5,CORNERS_HOME:UNDER_4_5,32.7%,0.327200,3.06,,,,,,,,,,,Sin cuota/EV,No encontrado en Betano,Solo modelo,4,48.72,48.721000,,Betano mapeado,Baja,contexto premium torneo actual,usa promedios del contexto premium/API-Football,el volumen ofensivo puede variar por planteamiento y marcador temprano,https://www.betano.pe/cuotas-de-partido/palmeiras-sp-ldu-quito/91122159/
2026-09-09,17:00,Palmeiras vs LDU de Quito,,,Visita tarjetas +2.5,CARDS_AWAY OVER.2.5,CARDS_AWAY:OVER_2_5,32.3%,0.323300,3.09,,,,,,,,,,,Sin cuota/EV,No encontrado en Betano,Solo modelo,2,35.33,35.332000,,Betano mapeado,Baja,contexto premium torneo actual,usa promedios del contexto premium/API-Football,depende mucho del arbitro y del contexto competitivo,https://www.betano.pe/cuotas-de-partido/palmeiras-sp-ldu-quito/91122159/
2026-09-09,17:00,Palmeiras vs LDU de Quito,William Hill,Betano,Gana visita,1X2 AWAY,1X2:AWAY,30.2%,0.302200,3.31,11.00,2.32,2.324100,7.69,3.32,15.00,3.53,3.533000,11.69,4.53,EV positivo,EV positivo Betano,Equilibrado,7,107.22,107.219000,Cuota API muy superior a la cuota justa: revisar manualmente antes de apostar,Betano mapeado,Baja,torneo actual,usa Poisson base con estadisticas de goles del torneo,riesgo propio del resultado final y variacion del modelo,https://www.betano.pe/cuotas-de-partido/palmeiras-sp-ldu-quito/91122159/
2026-09-09,17:00,Palmeiras vs LDU de Quito,,,Local tarjetas -0.5,CARDS_HOME UNDER.0.5,CARDS_HOME:UNDER_0_5,30.1%,0.301200,3.32,,,,,,,,,,,Sin cuota/EV,No encontrado en Betano,Solo modelo,2,33.12,33.119000,,Betano mapeado,Baja,contexto premium torneo actual,usa promedios del contexto premium/API-Football,depende mucho del arbitro y del contexto competitivo,https://www.betano.pe/cuotas-de-partido/palmeiras-sp-ldu-quito/91122159/
2026-09-09,17:00,Palmeiras vs LDU de Quito,,,Local goles -0.5,TEAM_TOTAL_HOME UNDER.0.5,TEAM_TOTAL_HOME:UNDER_0_5,29.7%,0.296700,3.37,,,,,,,,,,,Sin cuota/EV,No encontrado en Betano,Solo modelo,4,45.67,45.672000,,Betano mapeado,Baja,torneo actual,usa Poisson base con estadisticas de goles del torneo,un gol temprano o baja eficacia puede cambiar la lectura del mercado,https://www.betano.pe/cuotas-de-partido/palmeiras-sp-ldu-quito/91122159/
2026-09-09,17:00,Palmeiras vs LDU de Quito,,,Visita corners -3.5,CORNERS_AWAY UNDER.3.5,CORNERS_AWAY:UNDER_3_5,29.4%,0.294200,3.40,,,,,,,,,,,Sin cuota/EV,No encontrado en Betano,Solo modelo,4,45.42,45.423000,,Betano mapeado,Baja,contexto premium torneo actual,usa promedios del contexto premium/API-Football,el volumen ofensivo puede variar por planteamiento y marcador temprano,https://www.betano.pe/cuotas-de-partido/palmeiras-sp-ldu-quito/91122159/
2026-09-09,17:00,Palmeiras vs LDU de Quito,William Hill,Betano,Empate,1X2 DRAW,1X2:DRAW,28.8%,0.287900,3.47,2.40,-0.31,-0.309000,-1.07,0.69,5.20,0.50,0.497100,1.73,1.50,EV negativo,EV positivo Betano,Evitar,7,55.19,55.186000,Cuota por debajo de la cuota justa: valor limitado,Betano mapeado,Baja,torneo actual,usa Poisson base con estadisticas de goles del torneo,riesgo propio del resultado final y variacion del modelo,https://www.betano.pe/cuotas-de-partido/palmeiras-sp-ldu-quito/91122159/
2026-09-09,17:00,Palmeiras vs LDU de Quito,,,Corners total -8.5,CORNERS_TOTALS UNDER.8.5,CORNERS_TOTALS:UNDER_8_5,27.9%,0.279400,3.58,,,,,,,,,,,Sin cuota/EV,No encontrado en Betano,Solo modelo,6,57.94,57.941000,,Betano mapeado,Baja,contexto premium torneo actual,usa promedios del contexto premium/API-Football,el volumen ofensivo puede variar por planteamiento y marcador temprano,https://www.betano.pe/cuotas-de-partido/palmeiras-sp-ldu-quito/91122159/
2026-09-09,17:00,Palmeiras vs LDU de Quito,,,SHOTS_ON_TARGET_TOTAL UNDER.6.5,SHOTS_ON_TARGET_TOTAL UNDER.6.5,SHOTS_ON_TARGET_TOTAL:UNDER_6_5,26.7%,0.267000,3.75,,,,,,,,,,,Sin cuota/EV,No encontrado en Betano,Solo modelo,2,29.70,29.699000,,Betano mapeado,Baja,contexto premium torneo actual,usa promedios del contexto premium/API-Football,el volumen ofensivo puede variar por planteamiento y marcador temprano,https://www.betano.pe/cuotas-de-partido/palmeiras-sp-ldu-quito/91122159/
2026-09-09,17:00,Palmeiras vs LDU de Quito,William Hill,Betano,1T +1.5,FIRST_HALF_TOTALS OVER.1.5,FIRST_HALF_TOTALS:OVER_1_5,26.4%,0.264200,3.78,2.80,-0.26,-0.260100,-0.98,0.74,2.90,-0.23,-0.233800,-0.88,0.77,EV negativo,EV negativo Betano,Evitar,5,32.00,32.001000,Cuota por debajo de la cuota justa: valor limitado,Betano mapeado,Baja,contexto premium torneo actual,usa promedios del contexto premium/API-Football,el primer tiempo puede tener ritmo bajo o rotaciones,https://www.betano.pe/cuotas-de-partido/palmeiras-sp-ldu-quito/91122159/
2026-09-09,17:00,Palmeiras vs LDU de Quito,,,Visita goles +1.5,TEAM_TOTAL_AWAY OVER.1.5,TEAM_TOTAL_AWAY:OVER_1_5,26.4%,0.264200,3.78,,,,,,,,,,,Sin cuota/EV,No encontrado en Betano,Solo modelo,4,42.42,42.424000,,Betano mapeado,Baja,torneo actual,usa Poisson base con estadisticas de goles del torneo,un gol temprano o baja eficacia puede cambiar la lectura del mercado,https://www.betano.pe/cuotas-de-partido/palmeiras-sp-ldu-quito/91122159/
2026-09-09,17:00,Palmeiras vs LDU de Quito,,,SHOTS_TOTAL UNDER.24.5,SHOTS_TOTAL UNDER.24.5,SHOTS_TOTAL:UNDER_24_5,24.2%,0.242300,4.13,,,,,,,,,,,Sin cuota/EV,No encontrado en Betano,Solo modelo,2,27.23,27.226000,,Betano mapeado,Baja,contexto premium torneo actual,usa promedios del contexto premium/API-Football,el volumen ofensivo puede variar por planteamiento y marcador temprano,https://www.betano.pe/cuotas-de-partido/palmeiras-sp-ldu-quito/91122159/
2026-09-09,17:00,Palmeiras vs LDU de Quito,,Betano,Tarjetas total +4.5,CARDS_TOTALS OVER.4.5,CARDS_TOTALS:OVER_4_5,21.9%,0.219400,4.56,,,,,,1.82,-0.60,-0.600700,-2.74,0.40,Sin cuota/EV,EV negativo Betano,Solo modelo,3,28.33,28.328000,,Betano mapeado,Baja,contexto premium torneo actual,usa promedios del contexto premium/API-Football,depende mucho del arbitro y del contexto competitivo,https://www.betano.pe/cuotas-de-partido/palmeiras-sp-ldu-quito/91122159/
2026-09-09,17:00,Palmeiras vs LDU de Quito,,,Visita corners +6.5,CORNERS_AWAY OVER.6.5,CORNERS_AWAY:OVER_6_5,20.9%,0.209200,4.78,,,,,,,,,,,Sin cuota/EV,No encontrado en Betano,Solo modelo,4,36.92,36.920000,,Betano mapeado,Baja,contexto premium torneo actual,usa promedios del contexto premium/API-Football,el volumen ofensivo puede variar por planteamiento y marcador temprano,https://www.betano.pe/cuotas-de-partido/palmeiras-sp-ldu-quito/91122159/
2026-09-09,17:00,Palmeiras vs LDU de Quito,William Hill,Betano,Goles +3.5,TOTALS OVER.3.5,TOTALS:OVER_3_5,18.4%,0.183600,5.45,13.00,1.39,1.386800,7.55,2.39,3.35,-0.38,-0.384900,-2.10,0.61,EV positivo,EV negativo Betano,Equilibrado,1,37.20,37.202000,Cuota API muy superior a la cuota justa: revisar manualmente antes de apostar,Betano mapeado,Baja,torneo actual,usa Poisson base con estadisticas de goles del torneo,un gol temprano o baja eficacia puede cambiar la lectura del mercado,https://www.betano.pe/cuotas-de-partido/palmeiras-sp-ldu-quito/91122159/
2026-09-09,17:00,Palmeiras vs LDU de Quito,,,Local corners -3.5,CORNERS_HOME UNDER.3.5,CORNERS_HOME:UNDER_3_5,18.0%,0.180000,5.55,,,,,,,,,,,Sin cuota/EV,No encontrado en Betano,Solo modelo,4,34.01,34.005000,,Betano mapeado,Baja,contexto premium torneo actual,usa promedios del contexto premium/API-Football,el volumen ofensivo puede variar por planteamiento y marcador temprano,https://www.betano.pe/cuotas-de-partido/palmeiras-sp-ldu-quito/91122159/
2026-09-09,17:00,Palmeiras vs LDU de Quito,,,Corners total -7.5,CORNERS_TOTALS UNDER.7.5,CORNERS_TOTALS:UNDER_7_5,17.8%,0.178500,5.60,,,,,,,,,,,Sin cuota/EV,No encontrado en Betano,Solo modelo,6,47.85,47.851000,,Betano mapeado,Baja,contexto premium torneo actual,usa promedios del contexto premium/API-Football,el volumen ofensivo puede variar por planteamiento y marcador temprano,https://www.betano.pe/cuotas-de-partido/palmeiras-sp-ldu-quito/91122159/
2026-09-09,17:00,Palmeiras vs LDU de Quito,,,Visita tarjetas +3.5,CARDS_AWAY OVER.3.5,CARDS_AWAY:OVER_3_5,14.3%,0.142900,7.00,,,,,,,,,,,Sin cuota/EV,No encontrado en Betano,Solo modelo,2,17.29,17.288000,,Betano mapeado,Baja,contexto premium torneo actual,usa promedios del contexto premium/API-Football,depende mucho del arbitro y del contexto competitivo,https://www.betano.pe/cuotas-de-partido/palmeiras-sp-ldu-quito/91122159/
2026-09-09,17:00,Palmeiras vs LDU de Quito,,,SHOTS_TOTAL UNDER.22.5,SHOTS_TOTAL UNDER.22.5,SHOTS_TOTAL:UNDER_22_5,13.6%,0.136000,7.35,,,,,,,,,,,Sin cuota/EV,No encontrado en Betano,Solo modelo,2,16.60,16.601000,,Betano mapeado,Baja,contexto premium torneo actual,usa promedios del contexto premium/API-Football,el volumen ofensivo puede variar por planteamiento y marcador temprano,https://www.betano.pe/cuotas-de-partido/palmeiras-sp-ldu-quito/91122159/
2026-09-09,17:00,Palmeiras vs LDU de Quito,,,Visita tarjetas -0.5,CARDS_AWAY UNDER.0.5,CARDS_AWAY:UNDER_0_5,13.5%,0.135300,7.39,,,,,,,,,,,Sin cuota/EV,No encontrado en Betano,Solo modelo,2,16.53,16.534000,,Betano mapeado,Baja,contexto premium torneo actual,usa promedios del contexto premium/API-Football,depende mucho del arbitro y del contexto competitivo,https://www.betano.pe/cuotas-de-partido/palmeiras-sp-ldu-quito/91122159/
2026-09-09,17:00,Palmeiras vs LDU de Quito,,,Local goles +2.5,TEAM_TOTAL_HOME OVER.2.5,TEAM_TOTAL_HOME:OVER_2_5,12.4%,0.123800,8.08,,,,,,,,,,,Sin cuota/EV,No encontrado en Betano,Solo modelo,4,28.38,28.378000,,Betano mapeado,Baja,torneo actual,usa Poisson base con estadisticas de goles del torneo,un gol temprano o baja eficacia puede cambiar la lectura del mercado,https://www.betano.pe/cuotas-de-partido/palmeiras-sp-ldu-quito/91122159/
2026-09-09,17:00,Palmeiras vs LDU de Quito,,,Local tarjetas +2.5,CARDS_HOME OVER.2.5,CARDS_HOME:OVER_2_5,12.0%,0.120500,8.30,,,,,,,,,,,Sin cuota/EV,No encontrado en Betano,Solo modelo,2,15.05,15.051000,,Betano mapeado,Baja,contexto premium torneo actual,usa promedios del contexto premium/API-Football,depende mucho del arbitro y del contexto competitivo,https://www.betano.pe/cuotas-de-partido/palmeiras-sp-ldu-quito/91122159/
2026-09-09,17:00,Palmeiras vs LDU de Quito,,Betano,Tarjetas total +5.5,CARDS_TOTALS OVER.5.5,CARDS_TOTALS:OVER_5_5,10.5%,0.105400,9.49,,,,,,2.50,-0.74,-0.736500,-6.99,0.26,Sin cuota/EV,EV negativo Betano,Solo modelo,3,16.54,16.541000,,Betano mapeado,Baja,contexto premium torneo actual,usa promedios del contexto premium/API-Football,depende mucho del arbitro y del contexto competitivo,https://www.betano.pe/cuotas-de-partido/palmeiras-sp-ldu-quito/91122159/
2026-09-09,17:00,Palmeiras vs LDU de Quito,,,Visita goles +2.5,TEAM_TOTAL_AWAY OVER.2.5,TEAM_TOTAL_AWAY:OVER_2_5,8.0%,0.080300,12.45,,,,,,,,,,,Sin cuota/EV,No encontrado en Betano,Solo modelo,4,24.03,24.030000,,Betano mapeado,Baja,torneo actual,usa Poisson base con estadisticas de goles del torneo,un gol temprano o baja eficacia puede cambiar la lectura del mercado,https://www.betano.pe/cuotas-de-partido/palmeiras-sp-ldu-quito/91122159/
2026-09-09,17:00,Palmeiras vs LDU de Quito,,,SHOTS_TOTAL UNDER.20.5,SHOTS_TOTAL UNDER.20.5,SHOTS_TOTAL:UNDER_20_5,6.6%,0.065600,15.25,,,,,,,,,,,Sin cuota/EV,No encontrado en Betano,Solo modelo,2,9.56,9.558000,,Betano mapeado,Baja,contexto premium torneo actual,usa promedios del contexto premium/API-Football,el volumen ofensivo puede variar por planteamiento y marcador temprano,https://www.betano.pe/cuotas-de-partido/palmeiras-sp-ldu-quito/91122159/
2026-09-09,17:00,Palmeiras vs LDU de Quito,,,Tarjetas total +6.5,CARDS_TOTALS OVER.6.5,CARDS_TOTALS:OVER_6_5,4.5%,0.044600,22.41,,,,,,,,,,,Sin cuota/EV,No encontrado en Betano,Solo modelo,3,12.46,12.462000,,Betano mapeado,Baja,contexto premium torneo actual,usa promedios del contexto premium/API-Football,depende mucho del arbitro y del contexto competitivo,https://www.betano.pe/cuotas-de-partido/palmeiras-sp-ldu-quito/91122159/
2026-09-09,17:00,Palmeiras vs LDU de Quito,,,Local tarjetas +3.5,CARDS_HOME OVER.3.5,CARDS_HOME:OVER_3_5,3.4%,0.033800,29.61,,,,,,,,,,,Sin cuota/EV,No encontrado en Betano,Solo modelo,2,6.38,6.377000,,Betano mapeado,Baja,contexto premium torneo actual,usa promedios del contexto premium/API-Football,depende mucho del arbitro y del contexto competitivo,https://www.betano.pe/cuotas-de-partido/palmeiras-sp-ldu-quito/91122159/
2026-09-09,17:00,Palmeiras vs LDU de Quito,,,SHOTS_TOTAL UNDER.18.5,SHOTS_TOTAL UNDER.18.5,SHOTS_TOTAL:UNDER_18_5,2.7%,0.026600,37.65,,,,,,,,,,,Sin cuota/EV,No encontrado en Betano,Solo modelo,2,5.66,5.656000,,Betano mapeado,Baja,contexto premium torneo actual,usa promedios del contexto premium/API-Football,el volumen ofensivo puede variar por planteamiento y marcador temprano,https://www.betano.pe/cuotas-de-partido/palmeiras-sp-ldu-quito/91122159/
2026-09-09,17:00,Santos vs Atletico-MG,,,SHOTS_TOTAL OVER.18.5,SHOTS_TOTAL OVER.18.5,SHOTS_TOTAL:OVER_18_5,92.8%,0.928000,1.08,,,,,,,,,,,Sin cuota/EV,No encontrado en Betano,Solo modelo,2,95.80,95.798000,,Betano mapeado,Alta,contexto premium torneo actual,usa promedios del contexto premium/API-Football,el volumen ofensivo puede variar por planteamiento y marcador temprano,https://www.betano.pe/cuotas-de-partido/santos-sp-clube-atletico-mg/91121732/
2026-09-09,17:00,Santos vs Atletico-MG,,,Visita tarjetas -3.5,CARDS_AWAY UNDER.3.5,CARDS_AWAY:UNDER_3_5,92.1%,0.921200,1.09,,,,,,,,,,,Sin cuota/EV,No encontrado en Betano,Solo modelo,2,95.12,95.119000,,Betano mapeado,Alta,contexto premium torneo actual,usa promedios del contexto premium/API-Football,depende mucho del arbitro y del contexto competitivo,https://www.betano.pe/cuotas-de-partido/santos-sp-clube-atletico-mg/91121732/
2026-09-09,17:00,Santos vs Atletico-MG,,,Tarjetas total -6.5,CARDS_TOTALS UNDER.6.5,CARDS_TOTALS:UNDER_6_5,90.9%,0.909100,1.10,,,,,,,,,,,Sin cuota/EV,No encontrado en Betano,Solo modelo,3,98.91,98.911000,,Betano mapeado,Alta,contexto premium torneo actual,usa promedios del contexto premium/API-Football,depende mucho del arbitro y del contexto competitivo,https://www.betano.pe/cuotas-de-partido/santos-sp-clube-atletico-mg/91121732/
2026-09-09,17:00,Santos vs Atletico-MG,,,Local tarjetas +0.5,CARDS_HOME OVER.0.5,CARDS_HOME:OVER_0_5,88.9%,0.889200,1.12,,,,,,,,,,,Sin cuota/EV,No encontrado en Betano,Solo modelo,2,91.92,91.920000,,Betano mapeado,Alta,contexto premium torneo actual,usa promedios del contexto premium/API-Football,depende mucho del arbitro y del contexto competitivo,https://www.betano.pe/cuotas-de-partido/santos-sp-clube-atletico-mg/91121732/
2026-09-09,17:00,Santos vs Atletico-MG,,,Visita goles -2.5,TEAM_TOTAL_AWAY UNDER.2.5,TEAM_TOTAL_AWAY:UNDER_2_5,88.2%,0.882200,1.13,,,,,,,,,,,Sin cuota/EV,No encontrado en Betano,Solo modelo,4,104.22,104.219000,,Betano mapeado,Alta,torneo actual,usa Poisson base con estadisticas de goles del torneo,un gol temprano o baja eficacia puede cambiar la lectura del mercado,https://www.betano.pe/cuotas-de-partido/santos-sp-clube-atletico-mg/91121732/
2026-09-09,17:00,Santos vs Atletico-MG,,,SHOTS_ON_TARGET_TOTAL OVER.6.5,SHOTS_ON_TARGET_TOTAL OVER.6.5,SHOTS_ON_TARGET_TOTAL:OVER_6_5,86.3%,0.863400,1.16,,,,,,,,,,,Sin cuota/EV,No encontrado en Betano,Solo modelo,2,89.34,89.343000,,Betano mapeado,Alta,contexto premium torneo actual,usa promedios del contexto premium/API-Football,el volumen ofensivo puede variar por planteamiento y marcador temprano,https://www.betano.pe/cuotas-de-partido/santos-sp-clube-atletico-mg/91121732/
2026-09-09,17:00,Santos vs Atletico-MG,,,SHOTS_TOTAL OVER.20.5,SHOTS_TOTAL OVER.20.5,SHOTS_TOTAL:OVER_20_5,84.8%,0.848300,1.18,,,,,,,,,,,Sin cuota/EV,No encontrado en Betano,Solo modelo,2,87.83,87.834000,,Betano mapeado,Alta,contexto premium torneo actual,usa promedios del contexto premium/API-Football,el volumen ofensivo puede variar por planteamiento y marcador temprano,https://www.betano.pe/cuotas-de-partido/santos-sp-clube-atletico-mg/91121732/
2026-09-09,17:00,Santos vs Atletico-MG,,,Local tarjetas -3.5,CARDS_HOME UNDER.3.5,CARDS_HOME:UNDER_3_5,81.9%,0.819400,1.22,,,,,,,,,,,Sin cuota/EV,No encontrado en Betano,Solo modelo,2,84.94,84.935000,,Betano mapeado,Alta,contexto premium torneo actual,usa promedios del contexto premium/API-Football,depende mucho del arbitro y del contexto competitivo,https://www.betano.pe/cuotas-de-partido/santos-sp-clube-atletico-mg/91121732/
2026-09-09,17:00,Santos vs Atletico-MG,,Betano,Tarjetas total -5.5,CARDS_TOTALS UNDER.5.5,CARDS_TOTALS:UNDER_5_5,81.6%,0.815600,1.23,,,,,,1.45,0.18,0.182600,0.22,1.18,Sin cuota/EV,EV positivo Betano,Solo modelo,3,100.48,100.478000,,Betano mapeado,Alta,contexto premium torneo actual,usa promedios del contexto premium/API-Football,depende mucho del arbitro y del contexto competitivo,https://www.betano.pe/cuotas-de-partido/santos-sp-clube-atletico-mg/91121732/
2026-09-09,17:00,Santos vs Atletico-MG,,,Local goles -2.5,TEAM_TOTAL_HOME UNDER.2.5,TEAM_TOTAL_HOME:UNDER_2_5,80.6%,0.805900,1.24,,,,,,,,,,,Sin cuota/EV,No encontrado en Betano,Solo modelo,4,96.59,96.586000,,Betano mapeado,Alta,torneo actual,usa Poisson base con estadisticas de goles del torneo,un gol temprano o baja eficacia puede cambiar la lectura del mercado,https://www.betano.pe/cuotas-de-partido/santos-sp-clube-atletico-mg/91121732/
2026-09-09,17:00,Santos vs Atletico-MG,,,Visita tarjetas +0.5,CARDS_AWAY OVER.0.5,CARDS_AWAY:OVER_0_5,79.8%,0.798100,1.25,,,,,,,,,,,Sin cuota/EV,No encontrado en Betano,Solo modelo,2,82.81,82.810000,,Betano mapeado,Alta,contexto premium torneo actual,usa promedios del contexto premium/API-Football,depende mucho del arbitro y del contexto competitivo,https://www.betano.pe/cuotas-de-partido/santos-sp-clube-atletico-mg/91121732/
2026-09-09,17:00,Santos vs Atletico-MG,,,Local corners -6.5,CORNERS_HOME UNDER.6.5,CORNERS_HOME:UNDER_6_5,79.1%,0.790800,1.26,,,,,,,,,,,Sin cuota/EV,No encontrado en Betano,Solo modelo,4,95.08,95.080000,,Betano mapeado,Alta,contexto premium torneo actual,usa promedios del contexto premium/API-Football,el volumen ofensivo puede variar por planteamiento y marcador temprano,https://www.betano.pe/cuotas-de-partido/santos-sp-clube-atletico-mg/91121732/
2026-09-09,17:00,Santos vs Atletico-MG,,,Visita corners -6.5,CORNERS_AWAY UNDER.6.5,CORNERS_AWAY:UNDER_6_5,79.1%,0.790800,1.26,,,,,,,,,,,Sin cuota/EV,No encontrado en Betano,Solo modelo,4,95.08,95.080000,,Betano mapeado,Alta,contexto premium torneo actual,usa promedios del contexto premium/API-Football,el volumen ofensivo puede variar por planteamiento y marcador temprano,https://www.betano.pe/cuotas-de-partido/santos-sp-clube-atletico-mg/91121732/
2026-09-09,17:00,Santos vs Atletico-MG,,,Visita tarjetas -2.5,CARDS_AWAY UNDER.2.5,CARDS_AWAY:UNDER_2_5,78.3%,0.783400,1.28,,,,,,,,,,,Sin cuota/EV,No encontrado en Betano,Solo modelo,2,81.34,81.336000,,Betano mapeado,Alta,contexto premium torneo actual,usa promedios del contexto premium/API-Football,depende mucho del arbitro y del contexto competitivo,https://www.betano.pe/cuotas-de-partido/santos-sp-clube-atletico-mg/91121732/
2026-09-09,17:00,Santos vs Atletico-MG,,,Local goles +0.5,TEAM_TOTAL_HOME OVER.0.5,TEAM_TOTAL_HOME:OVER_0_5,78.0%,0.779500,1.28,,,,,,,,,,,Sin cuota/EV,No encontrado en Betano,Solo modelo,4,93.95,93.950000,,Betano mapeado,Alta,torneo actual,usa Poisson base con estadisticas de goles del torneo,un gol temprano o baja eficacia puede cambiar la lectura del mercado,https://www.betano.pe/cuotas-de-partido/santos-sp-clube-atletico-mg/91121732/
2026-09-09,17:00,Santos vs Atletico-MG,,,SHOTS_ON_TARGET_TOTAL OVER.7.5,SHOTS_ON_TARGET_TOTAL OVER.7.5,SHOTS_ON_TARGET_TOTAL:OVER_7_5,77.1%,0.770600,1.30,,,,,,,,,,,Sin cuota/EV,No encontrado en Betano,Solo modelo,2,80.06,80.064000,,Betano mapeado,Alta,contexto premium torneo actual,usa promedios del contexto premium/API-Football,el volumen ofensivo puede variar por planteamiento y marcador temprano,https://www.betano.pe/cuotas-de-partido/santos-sp-clube-atletico-mg/91121732/
2026-09-09,17:00,Santos vs Atletico-MG,10Bet,Betano,Goles +1.5,TOTALS OVER.1.5,TOTALS:OVER_1_5,75.1%,0.751200,1.33,2.30,0.73,0.727800,0.97,1.73,1.45,0.09,0.089200,0.12,1.09,EV positivo,EV positivo Betano,Seguro,10,152.65,152.649000,,Betano mapeado,Alta,torneo actual,usa Poisson base con estadisticas de goles del torneo,un gol temprano o baja eficacia puede cambiar la lectura del mercado,https://www.betano.pe/cuotas-de-partido/santos-sp-clube-atletico-mg/91121732/
2026-09-09,17:00,Santos vs Atletico-MG,,,DOUBLE_CHANCE 12,DOUBLE_CHANCE 12,DOUBLE_CHANCE:12,74.6%,0.745700,1.34,,,,,,,,,,,Sin cuota/EV,No encontrado en Betano,Solo modelo,9,119.57,119.572000,,Betano mapeado,Alta,torneo actual,usa Poisson base con estadisticas de goles del torneo,riesgo propio del resultado final y variacion del modelo,https://www.betano.pe/cuotas-de-partido/santos-sp-clube-atletico-mg/91121732/
2026-09-09,17:00,Santos vs Atletico-MG,,,Corners total +7.5,CORNERS_TOTALS OVER.7.5,CORNERS_TOTALS:OVER_7_5,74.2%,0.741600,1.35,,,,,,,,,,,Sin cuota/EV,No encontrado en Betano,Solo modelo,6,104.16,104.157000,,Betano mapeado,Alta,contexto premium torneo actual,usa promedios del contexto premium/API-Football,el volumen ofensivo puede variar por planteamiento y marcador temprano,https://www.betano.pe/cuotas-de-partido/santos-sp-clube-atletico-mg/91121732/
2026-09-09,17:00,Santos vs Atletico-MG,,,Corners total -11.5,CORNERS_TOTALS UNDER.11.5,CORNERS_TOTALS:UNDER_11_5,74.1%,0.741200,1.35,,,,,,,,,,,Sin cuota/EV,No encontrado en Betano,Solo modelo,6,104.12,104.124000,,Betano mapeado,Alta,contexto premium torneo actual,usa promedios del contexto premium/API-Football,el volumen ofensivo puede variar por planteamiento y marcador temprano,https://www.betano.pe/cuotas-de-partido/santos-sp-clube-atletico-mg/91121732/
2026-09-09,17:00,Santos vs Atletico-MG,10Bet,Betano,1T -1.5,FIRST_HALF_TOTALS UNDER.1.5,FIRST_HALF_TOTALS:UNDER_1_5,73.6%,0.735800,1.36,1.08,-0.21,-0.205400,-0.28,0.79,1.31,-0.04,-0.036100,-0.05,0.96,EV negativo,EV negativo Betano,Evitar,5,83.30,83.301000,Cuota por debajo de la cuota justa: valor limitado,Betano mapeado,Alta,contexto premium torneo actual,usa promedios del contexto premium/API-Football,el primer tiempo puede tener ritmo bajo o rotaciones,https://www.betano.pe/cuotas-de-partido/santos-sp-clube-atletico-mg/91121732/
2026-09-09,17:00,Santos vs Atletico-MG,,,Tarjetas total +2.5,CARDS_TOTALS OVER.2.5,CARDS_TOTALS:OVER_2_5,73.1%,0.731100,1.37,,,,,,,,,,,Sin cuota/EV,No encontrado en Betano,Solo modelo,3,81.11,81.110000,,Betano mapeado,Alta,contexto premium torneo actual,usa promedios del contexto premium/API-Football,depende mucho del arbitro y del contexto competitivo,https://www.betano.pe/cuotas-de-partido/santos-sp-clube-atletico-mg/91121732/
2026-09-09,17:00,Santos vs Atletico-MG,,,SHOTS_TOTAL OVER.22.5,SHOTS_TOTAL OVER.22.5,SHOTS_TOTAL:OVER_22_5,73.0%,0.729500,1.37,,,,,,,,,,,Sin cuota/EV,No encontrado en Betano,Solo modelo,2,75.95,75.949000,,Betano mapeado,Alta,contexto premium torneo actual,usa promedios del contexto premium/API-Football,el volumen ofensivo puede variar por planteamiento y marcador temprano,https://www.betano.pe/cuotas-de-partido/santos-sp-clube-atletico-mg/91121732/
2026-09-09,17:00,Santos vs Atletico-MG,10Bet,Betano,Goles -3.5,TOTALS UNDER.3.5,TOTALS:UNDER_3_5,71.4%,0.714200,1.40,1.22,-0.13,-0.128600,-0.18,0.87,1.23,-0.12,-0.121500,-0.17,0.88,EV negativo,EV negativo Betano,Evitar,10,110.16,110.164000,,Betano mapeado,Alta,torneo actual,usa Poisson base con estadisticas de goles del torneo,un gol temprano o baja eficacia puede cambiar la lectura del mercado,https://www.betano.pe/cuotas-de-partido/santos-sp-clube-atletico-mg/91121732/
2026-09-09,17:00,Santos vs Atletico-MG,,,Local corners +3.5,CORNERS_HOME OVER.3.5,CORNERS_HOME:OVER_3_5,70.6%,0.705800,1.42,,,,,,,,,,,Sin cuota/EV,No encontrado en Betano,Solo modelo,4,86.58,86.577000,,Betano mapeado,Alta,contexto premium torneo actual,usa promedios del contexto premium/API-Football,el volumen ofensivo puede variar por planteamiento y marcador temprano,https://www.betano.pe/cuotas-de-partido/santos-sp-clube-atletico-mg/91121732/
2026-09-09,17:00,Santos vs Atletico-MG,10Bet,,Visita corners +3.5,CORNERS_AWAY OVER.3.5,CORNERS_AWAY:OVER_3_5,70.6%,0.705800,1.42,1.55,0.09,0.093900,0.13,1.09,,,,,,EV positivo,No encontrado en Betano,Valor,4,90.27,90.268000,,Betano mapeado,Alta,contexto premium torneo actual,usa promedios del contexto premium/API-Football,el volumen ofensivo puede variar por planteamiento y marcador temprano,https://www.betano.pe/cuotas-de-partido/santos-sp-clube-atletico-mg/91121732/
2026-09-09,17:00,Santos vs Atletico-MG,,,DOUBLE_CHANCE 1X,DOUBLE_CHANCE 1X,DOUBLE_CHANCE:1X,70.2%,0.701600,1.43,,,,,,,,,,,Sin cuota/EV,No encontrado en Betano,Solo modelo,9,115.16,115.159000,,Betano mapeado,Alta,torneo actual,usa Poisson base con estadisticas de goles del torneo,riesgo propio del resultado final y variacion del modelo,https://www.betano.pe/cuotas-de-partido/santos-sp-clube-atletico-mg/91121732/
2026-09-09,17:00,Santos vs Atletico-MG,,,Visita goles +0.5,TEAM_TOTAL_AWAY OVER.0.5,TEAM_TOTAL_AWAY:OVER_0_5,69.5%,0.695000,1.44,,,,,,,,,,,Sin cuota/EV,No encontrado en Betano,Solo modelo,4,85.50,85.499000,,Betano mapeado,Media,torneo actual,usa Poisson base con estadisticas de goles del torneo,un gol temprano o baja eficacia puede cambiar la lectura del mercado,https://www.betano.pe/cuotas-de-partido/santos-sp-clube-atletico-mg/91121732/
2026-09-09,17:00,Santos vs Atletico-MG,,Betano,Tarjetas total -4.5,CARDS_TOTALS UNDER.4.5,CARDS_TOTALS:UNDER_4_5,66.8%,0.667800,1.50,,,,,,1.85,0.24,0.235400,0.35,1.24,Sin cuota/EV,EV positivo Betano,Solo modelo,3,86.55,86.550000,,Betano mapeado,Media,contexto premium torneo actual,usa promedios del contexto premium/API-Football,depende mucho del arbitro y del contexto competitivo,https://www.betano.pe/cuotas-de-partido/santos-sp-clube-atletico-mg/91121732/
2026-09-09,17:00,Santos vs Atletico-MG,,,Visita goles -1.5,TEAM_TOTAL_AWAY UNDER.1.5,TEAM_TOTAL_AWAY:UNDER_1_5,66.7%,0.667200,1.50,,,,,,,,,,,Sin cuota/EV,No encontrado en Betano,Solo modelo,4,82.72,82.716000,,Betano mapeado,Media,torneo actual,usa Poisson base con estadisticas de goles del torneo,un gol temprano o baja eficacia puede cambiar la lectura del mercado,https://www.betano.pe/cuotas-de-partido/santos-sp-clube-atletico-mg/91121732/
2026-09-09,17:00,Santos vs Atletico-MG,,,SHOTS_ON_TARGET_TOTAL OVER.8.5,SHOTS_ON_TARGET_TOTAL OVER.8.5,SHOTS_ON_TARGET_TOTAL:OVER_8_5,65.6%,0.655800,1.52,,,,,,,,,,,Sin cuota/EV,No encontrado en Betano,Solo modelo,2,68.58,68.581000,,Betano mapeado,Media,contexto premium torneo actual,usa promedios del contexto premium/API-Football,el volumen ofensivo puede variar por planteamiento y marcador temprano,https://www.betano.pe/cuotas-de-partido/santos-sp-clube-atletico-mg/91121732/
2026-09-09,17:00,Santos vs Atletico-MG,10Bet,,Local corners -5.5,CORNERS_HOME UNDER.5.5,CORNERS_HOME:UNDER_5_5,65.1%,0.651000,1.54,1.57,0.02,0.022100,0.03,1.02,,,,,,EV positivo,No encontrado en Betano,Equilibrado,4,81.50,81.498000,,Betano mapeado,Media,contexto premium torneo actual,usa promedios del contexto premium/API-Football,el volumen ofensivo puede variar por planteamiento y marcador temprano,https://www.betano.pe/cuotas-de-partido/santos-sp-clube-atletico-mg/91121732/
2026-09-09,17:00,Santos vs Atletico-MG,,,Visita corners -5.5,CORNERS_AWAY UNDER.5.5,CORNERS_AWAY:UNDER_5_5,65.1%,0.651000,1.54,,,,,,,,,,,Sin cuota/EV,No encontrado en Betano,Solo modelo,4,81.10,81.101000,,Betano mapeado,Media,contexto premium torneo actual,usa promedios del contexto premium/API-Football,el volumen ofensivo puede variar por planteamiento y marcador temprano,https://www.betano.pe/cuotas-de-partido/santos-sp-clube-atletico-mg/91121732/
2026-09-09,17:00,Santos vs Atletico-MG,,,Local tarjetas +1.5,CARDS_HOME OVER.1.5,CARDS_HOME:OVER_1_5,64.5%,0.645400,1.55,,,,,,,,,,,Sin cuota/EV,No encontrado en Betano,Solo modelo,2,67.54,67.543000,,Betano mapeado,Media,contexto premium torneo actual,usa promedios del contexto premium/API-Football,depende mucho del arbitro y del contexto competitivo,https://www.betano.pe/cuotas-de-partido/santos-sp-clube-atletico-mg/91121732/
2026-09-09,17:00,Santos vs Atletico-MG,,Betano,Corners total -10.5,CORNERS_TOTALS UNDER.10.5,CORNERS_TOTALS:UNDER_10_5,63.3%,0.632900,1.58,,,,,,1.52,-0.04,-0.038000,-0.06,0.96,Sin cuota/EV,EV negativo Betano,Solo modelo,6,100.69,100.687000,,Betano mapeado,Media,contexto premium torneo actual,usa promedios del contexto premium/API-Football,el volumen ofensivo puede variar por planteamiento y marcador temprano,https://www.betano.pe/cuotas-de-partido/santos-sp-clube-atletico-mg/91121732/
2026-09-09,17:00,Santos vs Atletico-MG,10Bet,Betano,1T +0.5,FIRST_HALF_TOTALS OVER.0.5,FIRST_HALF_TOTALS:OVER_0_5,63.2%,0.632100,1.58,2.50,0.58,0.580300,0.92,1.58,1.55,-0.02,-0.020200,-0.03,0.98,EV positivo,EV negativo Betano,Valor,5,108.33,108.334000,,Betano mapeado,Media,contexto premium torneo actual,usa promedios del contexto premium/API-Football,el primer tiempo puede tener ritmo bajo o rotaciones,https://www.betano.pe/cuotas-de-partido/santos-sp-clube-atletico-mg/91121732/
2026-09-09,17:00,Santos vs Atletico-MG,,,Local tarjetas -2.5,CARDS_HOME UNDER.2.5,CARDS_HOME:UNDER_2_5,62.3%,0.622700,1.61,,,,,,,,,,,Sin cuota/EV,No encontrado en Betano,Solo modelo,2,65.27,65.271000,,Betano mapeado,Media,contexto premium torneo actual,usa promedios del contexto premium/API-Football,depende mucho del arbitro y del contexto competitivo,https://www.betano.pe/cuotas-de-partido/santos-sp-clube-atletico-mg/91121732/
2026-09-09,17:00,Santos vs Atletico-MG,,Betano,Corners total +8.5,CORNERS_TOTALS OVER.8.5,CORNERS_TOTALS:OVER_8_5,62.0%,0.620400,1.61,,,,,,1.52,-0.06,-0.057000,-0.09,0.94,Sin cuota/EV,EV negativo Betano,Solo modelo,6,99.13,99.127000,,Betano mapeado,Media,contexto premium torneo actual,usa promedios del contexto premium/API-Football,el volumen ofensivo puede variar por planteamiento y marcador temprano,https://www.betano.pe/cuotas-de-partido/santos-sp-clube-atletico-mg/91121732/
2026-09-09,17:00,Santos vs Atletico-MG,10Bet,,DNB local,DRAW_NO_BET HOME,DRAW_NO_BET:HOME,60.0%,0.599800,1.67,1.67,0.00,0.001700,0.00,1.00,,,,,,EV negativo,No encontrado en Betano,Equilibrado,9,105.01,105.014000,,Betano mapeado,Media,torneo actual,usa Poisson base con estadisticas de goles del torneo,riesgo propio del resultado final y variacion del modelo,https://www.betano.pe/cuotas-de-partido/santos-sp-clube-atletico-mg/91121732/
2026-09-09,17:00,Santos vs Atletico-MG,,,SHOTS_TOTAL OVER.24.5,SHOTS_TOTAL OVER.24.5,SHOTS_TOTAL:OVER_24_5,58.1%,0.581300,1.72,,,,,,,,,,,Sin cuota/EV,No encontrado en Betano,Solo modelo,2,61.13,61.133000,,Betano mapeado,Media,contexto premium torneo actual,usa promedios del contexto premium/API-Football,el volumen ofensivo puede variar por planteamiento y marcador temprano,https://www.betano.pe/cuotas-de-partido/santos-sp-clube-atletico-mg/91121732/
2026-09-09,17:00,Santos vs Atletico-MG,,,SHOTS_TOTAL UNDER.26.5,SHOTS_TOTAL UNDER.26.5,SHOTS_TOTAL:UNDER_26_5,57.5%,0.575300,1.74,,,,,,,,,,,Sin cuota/EV,No encontrado en Betano,Solo modelo,2,60.53,60.529000,,Betano mapeado,Media,contexto premium torneo actual,usa promedios del contexto premium/API-Football,el volumen ofensivo puede variar por planteamiento y marcador temprano,https://www.betano.pe/cuotas-de-partido/santos-sp-clube-atletico-mg/91121732/
2026-09-09,17:00,Santos vs Atletico-MG,,,Local goles -1.5,TEAM_TOTAL_HOME UNDER.1.5,TEAM_TOTAL_HOME:UNDER_1_5,55.4%,0.553800,1.81,,,,,,,,,,,Sin cuota/EV,No encontrado en Betano,Solo modelo,4,71.39,71.385000,,Betano mapeado,Media,torneo actual,usa Poisson base con estadisticas de goles del torneo,un gol temprano o baja eficacia puede cambiar la lectura del mercado,https://www.betano.pe/cuotas-de-partido/santos-sp-clube-atletico-mg/91121732/
2026-09-09,17:00,Santos vs Atletico-MG,,,DOUBLE_CHANCE X2,DOUBLE_CHANCE X2,DOUBLE_CHANCE:X2,55.3%,0.552700,1.81,,,,,,,,,,,Sin cuota/EV,No encontrado en Betano,Solo modelo,9,100.27,100.269000,,Betano mapeado,Media,torneo actual,usa Poisson base con estadisticas de goles del torneo,riesgo propio del resultado final y variacion del modelo,https://www.betano.pe/cuotas-de-partido/santos-sp-clube-atletico-mg/91121732/
2026-09-09,17:00,Santos vs Atletico-MG,10Bet,Betano,BTTS sí,BTTS YES,BTTS:YES,54.2%,0.541800,1.85,4.75,1.57,1.573400,2.90,2.57,1.93,0.05,0.045700,0.08,1.05,EV positivo,EV positivo Betano,Valor,8,116.91,116.907000,Cuota API muy superior a la cuota justa: revisar manualmente antes de apostar,Betano mapeado,Baja,torneo actual,usa Poisson base con estadisticas de goles del torneo,un gol temprano o baja eficacia puede cambiar la lectura del mercado,https://www.betano.pe/cuotas-de-partido/santos-sp-clube-atletico-mg/91121732/
2026-09-09,17:00,Santos vs Atletico-MG,,,SHOTS_ON_TARGET_TOTAL OVER.9.5,SHOTS_ON_TARGET_TOTAL OVER.9.5,SHOTS_ON_TARGET_TOTAL:OVER_9_5,52.9%,0.529500,1.89,,,,,,,,,,,Sin cuota/EV,No encontrado en Betano,Solo modelo,2,55.95,55.950000,,Betano mapeado,Baja,contexto premium torneo actual,usa promedios del contexto premium/API-Football,el volumen ofensivo puede variar por planteamiento y marcador temprano,https://www.betano.pe/cuotas-de-partido/santos-sp-clube-atletico-mg/91121732/
2026-09-09,17:00,Santos vs Atletico-MG,,Betano,Tarjetas total +3.5,CARDS_TOTALS OVER.3.5,CARDS_TOTALS:OVER_3_5,52.6%,0.526500,1.90,,,,,,1.45,-0.24,-0.236600,-0.45,0.76,Sin cuota/EV,EV negativo Betano,Solo modelo,3,64.87,64.866000,,Betano mapeado,Baja,contexto premium torneo actual,usa promedios del contexto premium/API-Football,depende mucho del arbitro y del contexto competitivo,https://www.betano.pe/cuotas-de-partido/santos-sp-clube-atletico-mg/91121732/
2026-09-09,17:00,Santos vs Atletico-MG,,,Visita tarjetas -1.5,CARDS_AWAY UNDER.1.5,CARDS_AWAY:UNDER_1_5,52.5%,0.524900,1.91,,,,,,,,,,,Sin cuota/EV,No encontrado en Betano,Solo modelo,2,55.49,55.493000,,Betano mapeado,Baja,contexto premium torneo actual,usa promedios del contexto premium/API-Football,depende mucho del arbitro y del contexto competitivo,https://www.betano.pe/cuotas-de-partido/santos-sp-clube-atletico-mg/91121732/
2026-09-09,17:00,Santos vs Atletico-MG,10Bet,,Local corners +4.5,CORNERS_HOME OVER.4.5,CORNERS_HOME:OVER_4_5,52.4%,0.523700,1.91,1.57,-0.18,-0.177700,-0.34,0.82,,,,,,EV negativo,No encontrado en Betano,Evitar,4,46.17,46.175000,Cuota por debajo de la cuota justa: valor limitado,Betano mapeado,Baja,contexto premium torneo actual,usa promedios del contexto premium/API-Football,el volumen ofensivo puede variar por planteamiento y marcador temprano,https://www.betano.pe/cuotas-de-partido/santos-sp-clube-atletico-mg/91121732/
2026-09-09,17:00,Santos vs Atletico-MG,10Bet,,Visita corners +4.5,CORNERS_AWAY OVER.4.5,CORNERS_AWAY:OVER_4_5,52.4%,0.523700,1.91,2.00,0.05,0.047500,0.09,1.05,,,,,,EV positivo,No encontrado en Betano,Equilibrado,4,69.23,69.229000,,Betano mapeado,Baja,contexto premium torneo actual,usa promedios del contexto premium/API-Football,el volumen ofensivo puede variar por planteamiento y marcador temprano,https://www.betano.pe/cuotas-de-partido/santos-sp-clube-atletico-mg/91121732/
2026-09-09,17:00,Santos vs Atletico-MG,10Bet,Betano,Corners total -9.5,CORNERS_TOTALS UNDER.9.5,CORNERS_TOTALS:UNDER_9_5,50.9%,0.508900,1.97,1.77,-0.10,-0.099300,-0.20,0.90,1.87,-0.05,-0.048400,-0.10,0.95,EV negativo,EV negativo Betano,Evitar,6,71.33,71.325000,,Betano mapeado,Baja,contexto premium torneo actual,usa promedios del contexto premium/API-Football,el volumen ofensivo puede variar por planteamiento y marcador temprano,https://www.betano.pe/cuotas-de-partido/santos-sp-clube-atletico-mg/91121732/
2026-09-09,17:00,Santos vs Atletico-MG,10Bet,Betano,Goles +2.5,TOTALS OVER.2.5,TOTALS:OVER_2_5,50.6%,0.506200,1.98,5.10,1.58,1.581700,3.12,2.58,2.35,0.19,0.189600,0.38,1.19,EV positivo,EV positivo Betano,Valor,8,115.66,115.656000,Cuota API muy superior a la cuota justa: revisar manualmente antes de apostar,Betano mapeado,Baja,torneo actual,usa Poisson base con estadisticas de goles del torneo,un gol temprano o baja eficacia puede cambiar la lectura del mercado,https://www.betano.pe/cuotas-de-partido/santos-sp-clube-atletico-mg/91121732/
2026-09-09,17:00,Santos vs Atletico-MG,10Bet,Betano,Goles -2.5,TOTALS UNDER.2.5,TOTALS:UNDER_2_5,49.4%,0.493800,2.02,1.13,-0.44,-0.442000,-0.90,0.56,1.60,-0.21,-0.209900,-0.42,0.79,EV negativo,EV negativo Betano,Evitar,8,67.06,67.064000,Cuota por debajo de la cuota justa: valor limitado,Betano mapeado,Baja,torneo actual,usa Poisson base con estadisticas de goles del torneo,un gol temprano o baja eficacia puede cambiar la lectura del mercado,https://www.betano.pe/cuotas-de-partido/santos-sp-clube-atletico-mg/91121732/
2026-09-09,17:00,Santos vs Atletico-MG,10Bet,Betano,Corners total +9.5,CORNERS_TOTALS OVER.9.5,CORNERS_TOTALS:OVER_9_5,49.1%,0.491100,2.04,1.95,-0.04,-0.042300,-0.09,0.96,1.87,-0.08,-0.081600,-0.17,0.92,EV negativo,EV negativo Betano,Equilibrado,6,85.05,85.047000,,Betano mapeado,Baja,contexto premium torneo actual,usa promedios del contexto premium/API-Football,el volumen ofensivo puede variar por planteamiento y marcador temprano,https://www.betano.pe/cuotas-de-partido/santos-sp-clube-atletico-mg/91121732/
2026-09-09,17:00,Santos vs Atletico-MG,10Bet,,Local corners -4.5,CORNERS_HOME UNDER.4.5,CORNERS_HOME:UNDER_4_5,47.6%,0.476300,2.10,2.05,-0.02,-0.023700,-0.05,0.98,,,,,,EV negativo,No encontrado en Betano,Equilibrado,4,63.20,63.200000,,Betano mapeado,Baja,contexto premium torneo actual,usa promedios del contexto premium/API-Football,el volumen ofensivo puede variar por planteamiento y marcador temprano,https://www.betano.pe/cuotas-de-partido/santos-sp-clube-atletico-mg/91121732/
2026-09-09,17:00,Santos vs Atletico-MG,10Bet,,Visita corners -4.5,CORNERS_AWAY UNDER.4.5,CORNERS_AWAY:UNDER_4_5,47.6%,0.476300,2.10,1.62,-0.23,-0.228500,-0.48,0.77,,,,,,EV negativo,No encontrado en Betano,Evitar,4,40.51,40.514000,Cuota por debajo de la cuota justa: valor limitado,Betano mapeado,Baja,contexto premium torneo actual,usa promedios del contexto premium/API-Football,el volumen ofensivo puede variar por planteamiento y marcador temprano,https://www.betano.pe/cuotas-de-partido/santos-sp-clube-atletico-mg/91121732/
2026-09-09,17:00,Santos vs Atletico-MG,,,Visita tarjetas +1.5,CARDS_AWAY OVER.1.5,CARDS_AWAY:OVER_1_5,47.5%,0.475100,2.10,,,,,,,,,,,Sin cuota/EV,No encontrado en Betano,Solo modelo,2,50.51,50.507000,,Betano mapeado,Baja,contexto premium torneo actual,usa promedios del contexto premium/API-Football,depende mucho del arbitro y del contexto competitivo,https://www.betano.pe/cuotas-de-partido/santos-sp-clube-atletico-mg/91121732/
2026-09-09,17:00,Santos vs Atletico-MG,,Betano,Tarjetas total -3.5,CARDS_TOTALS UNDER.3.5,CARDS_TOTALS:UNDER_3_5,47.3%,0.473500,2.11,,,,,,2.60,0.23,0.231100,0.49,1.23,Sin cuota/EV,EV positivo Betano,Solo modelo,3,67.05,67.046000,,Betano mapeado,Baja,contexto premium torneo actual,usa promedios del contexto premium/API-Football,depende mucho del arbitro y del contexto competitivo,https://www.betano.pe/cuotas-de-partido/santos-sp-clube-atletico-mg/91121732/
2026-09-09,17:00,Santos vs Atletico-MG,,,SHOTS_ON_TARGET_TOTAL UNDER.9.5,SHOTS_ON_TARGET_TOTAL UNDER.9.5,SHOTS_ON_TARGET_TOTAL:UNDER_9_5,47.0%,0.470500,2.12,,,,,,,,,,,Sin cuota/EV,No encontrado en Betano,Solo modelo,2,50.05,50.050000,,Betano mapeado,Baja,contexto premium torneo actual,usa promedios del contexto premium/API-Football,el volumen ofensivo puede variar por planteamiento y marcador temprano,https://www.betano.pe/cuotas-de-partido/santos-sp-clube-atletico-mg/91121732/
2026-09-09,17:00,Santos vs Atletico-MG,10Bet,Betano,BTTS no,BTTS NO,BTTS:NO,45.8%,0.458200,2.18,1.15,-0.47,-0.473000,-1.03,0.53,1.80,-0.18,-0.175200,-0.38,0.82,EV negativo,EV negativo Betano,Evitar,8,63.51,63.506000,Cuota por debajo de la cuota justa: valor limitado,Betano mapeado,Baja,torneo actual,usa Poisson base con estadisticas de goles del torneo,un gol temprano o baja eficacia puede cambiar la lectura del mercado,https://www.betano.pe/cuotas-de-partido/santos-sp-clube-atletico-mg/91121732/
2026-09-09,17:00,Santos vs Atletico-MG,10Bet,Betano,Gana local,1X2 HOME,1X2:HOME,44.7%,0.447300,2.24,3.85,0.72,0.722100,1.61,1.72,2.35,0.05,0.051200,0.11,1.05,EV positivo,EV positivo Betano,Equilibrado,7,101.55,101.548000,,Betano mapeado,Baja,torneo actual,usa Poisson base con estadisticas de goles del torneo,riesgo propio del resultado final y variacion del modelo,https://www.betano.pe/cuotas-de-partido/santos-sp-clube-atletico-mg/91121732/
2026-09-09,17:00,Santos vs Atletico-MG,,,Local goles +1.5,TEAM_TOTAL_HOME OVER.1.5,TEAM_TOTAL_HOME:OVER_1_5,44.6%,0.446200,2.24,,,,,,,,,,,Sin cuota/EV,No encontrado en Betano,Solo modelo,4,60.62,60.615000,,Betano mapeado,Baja,torneo actual,usa Poisson base con estadisticas de goles del torneo,un gol temprano o baja eficacia puede cambiar la lectura del mercado,https://www.betano.pe/cuotas-de-partido/santos-sp-clube-atletico-mg/91121732/
2026-09-09,17:00,Santos vs Atletico-MG,,,SHOTS_TOTAL OVER.26.5,SHOTS_TOTAL OVER.26.5,SHOTS_TOTAL:OVER_26_5,42.5%,0.424700,2.35,,,,,,,,,,,Sin cuota/EV,No encontrado en Betano,Solo modelo,2,45.47,45.471000,,Betano mapeado,Baja,contexto premium torneo actual,usa promedios del contexto premium/API-Football,el volumen ofensivo puede variar por planteamiento y marcador temprano,https://www.betano.pe/cuotas-de-partido/santos-sp-clube-atletico-mg/91121732/
2026-09-09,17:00,Santos vs Atletico-MG,,,SHOTS_TOTAL UNDER.24.5,SHOTS_TOTAL UNDER.24.5,SHOTS_TOTAL:UNDER_24_5,41.9%,0.418700,2.39,,,,,,,,,,,Sin cuota/EV,No encontrado en Betano,Solo modelo,2,44.87,44.867000,,Betano mapeado,Baja,contexto premium torneo actual,usa promedios del contexto premium/API-Football,el volumen ofensivo puede variar por planteamiento y marcador temprano,https://www.betano.pe/cuotas-de-partido/santos-sp-clube-atletico-mg/91121732/
2026-09-09,17:00,Santos vs Atletico-MG,10Bet,,DNB visita,DRAW_NO_BET AWAY,DRAW_NO_BET:AWAY,40.0%,0.400200,2.50,2.10,-0.16,-0.159600,-0.40,0.84,,,,,,EV negativo,No encontrado en Betano,Evitar,9,63.14,63.143000,Cuota por debajo de la cuota justa: valor limitado,Betano mapeado,Baja,torneo actual,usa Poisson base con estadisticas de goles del torneo,riesgo propio del resultado final y variacion del modelo,https://www.betano.pe/cuotas-de-partido/santos-sp-clube-atletico-mg/91121732/
2026-09-09,17:00,Santos vs Atletico-MG,,Betano,Corners total -8.5,CORNERS_TOTALS UNDER.8.5,CORNERS_TOTALS:UNDER_8_5,38.0%,0.379600,2.63,,,,,,2.42,-0.08,-0.081400,-0.21,0.92,Sin cuota/EV,EV negativo Betano,Solo modelo,6,74.66,74.659000,,Betano mapeado,Baja,contexto premium torneo actual,usa promedios del contexto premium/API-Football,el volumen ofensivo puede variar por planteamiento y marcador temprano,https://www.betano.pe/cuotas-de-partido/santos-sp-clube-atletico-mg/91121732/
2026-09-09,17:00,Santos vs Atletico-MG,,,Local tarjetas +2.5,CARDS_HOME OVER.2.5,CARDS_HOME:OVER_2_5,37.7%,0.377300,2.65,,,,,,,,,,,Sin cuota/EV,No encontrado en Betano,Solo modelo,2,40.73,40.729000,,Betano mapeado,Baja,contexto premium torneo actual,usa promedios del contexto premium/API-Football,depende mucho del arbitro y del contexto competitivo,https://www.betano.pe/cuotas-de-partido/santos-sp-clube-atletico-mg/91121732/
2026-09-09,17:00,Santos vs Atletico-MG,10Bet,Betano,1T -0.5,FIRST_HALF_TOTALS UNDER.0.5,FIRST_HALF_TOTALS:UNDER_0_5,36.8%,0.367900,2.72,1.48,-0.46,-0.455500,-1.24,0.54,2.40,-0.12,-0.117000,-0.32,0.88,EV negativo,EV negativo Betano,Evitar,5,40.72,40.716000,Cuota por debajo de la cuota justa: valor limitado,Betano mapeado,Baja,contexto premium torneo actual,usa promedios del contexto premium/API-Football,el primer tiempo puede tener ritmo bajo o rotaciones,https://www.betano.pe/cuotas-de-partido/santos-sp-clube-atletico-mg/91121732/
2026-09-09,17:00,Santos vs Atletico-MG,,Betano,Corners total +10.5,CORNERS_TOTALS OVER.10.5,CORNERS_TOTALS:OVER_10_5,36.7%,0.367100,2.72,,,,,,2.45,-0.10,-0.100600,-0.27,0.90,Sin cuota/EV,EV negativo Betano,Solo modelo,6,73.09,73.095000,,Betano mapeado,Baja,contexto premium torneo actual,usa promedios del contexto premium/API-Football,el volumen ofensivo puede variar por planteamiento y marcador temprano,https://www.betano.pe/cuotas-de-partido/santos-sp-clube-atletico-mg/91121732/
2026-09-09,17:00,Santos vs Atletico-MG,,,Local tarjetas -1.5,CARDS_HOME UNDER.1.5,CARDS_HOME:UNDER_1_5,35.5%,0.354600,2.82,,,,,,,,,,,Sin cuota/EV,No encontrado en Betano,Solo modelo,2,38.46,38.457000,,Betano mapeado,Baja,contexto premium torneo actual,usa promedios del contexto premium/API-Football,depende mucho del arbitro y del contexto competitivo,https://www.betano.pe/cuotas-de-partido/santos-sp-clube-atletico-mg/91121732/
2026-09-09,17:00,Santos vs Atletico-MG,10Bet,,Local corners +5.5,CORNERS_HOME OVER.5.5,CORNERS_HOME:OVER_5_5,34.9%,0.349000,2.87,2.05,-0.28,-0.284600,-0.82,0.72,,,,,,EV negativo,No encontrado en Betano,Evitar,4,26.78,26.777000,Cuota por debajo de la cuota justa: valor limitado,Betano mapeado,Baja,contexto premium torneo actual,usa promedios del contexto premium/API-Football,el volumen ofensivo puede variar por planteamiento y marcador temprano,https://www.betano.pe/cuotas-de-partido/santos-sp-clube-atletico-mg/91121732/
2026-09-09,17:00,Santos vs Atletico-MG,,,Visita corners +5.5,CORNERS_AWAY OVER.5.5,CORNERS_AWAY:OVER_5_5,34.9%,0.349000,2.87,,,,,,,,,,,Sin cuota/EV,No encontrado en Betano,Solo modelo,4,50.90,50.899000,,Betano mapeado,Baja,contexto premium torneo actual,usa promedios del contexto premium/API-Football,el volumen ofensivo puede variar por planteamiento y marcador temprano,https://www.betano.pe/cuotas-de-partido/santos-sp-clube-atletico-mg/91121732/
2026-09-09,17:00,Santos vs Atletico-MG,,,SHOTS_ON_TARGET_TOTAL UNDER.8.5,SHOTS_ON_TARGET_TOTAL UNDER.8.5,SHOTS_ON_TARGET_TOTAL:UNDER_8_5,34.4%,0.344200,2.90,,,,,,,,,,,Sin cuota/EV,No encontrado en Betano,Solo modelo,2,37.42,37.419000,,Betano mapeado,Baja,contexto premium torneo actual,usa promedios del contexto premium/API-Football,el volumen ofensivo puede variar por planteamiento y marcador temprano,https://www.betano.pe/cuotas-de-partido/santos-sp-clube-atletico-mg/91121732/
2026-09-09,17:00,Santos vs Atletico-MG,,,Visita goles +1.5,TEAM_TOTAL_AWAY OVER.1.5,TEAM_TOTAL_AWAY:OVER_1_5,33.3%,0.332800,3.00,,,,,,,,,,,Sin cuota/EV,No encontrado en Betano,Solo modelo,4,49.28,49.284000,,Betano mapeado,Baja,torneo actual,usa Poisson base con estadisticas de goles del torneo,un gol temprano o baja eficacia puede cambiar la lectura del mercado,https://www.betano.pe/cuotas-de-partido/santos-sp-clube-atletico-mg/91121732/
2026-09-09,17:00,Santos vs Atletico-MG,,Betano,Tarjetas total +4.5,CARDS_TOTALS OVER.4.5,CARDS_TOTALS:OVER_4_5,33.2%,0.332200,3.01,,,,,,1.90,-0.37,-0.368800,-1.11,0.63,Sin cuota/EV,EV negativo Betano,Solo modelo,3,43.31,43.315000,,Betano mapeado,Baja,contexto premium torneo actual,usa promedios del contexto premium/API-Football,depende mucho del arbitro y del contexto competitivo,https://www.betano.pe/cuotas-de-partido/santos-sp-clube-atletico-mg/91121732/
2026-09-09,17:00,Santos vs Atletico-MG,,,Visita goles -0.5,TEAM_TOTAL_AWAY UNDER.0.5,TEAM_TOTAL_AWAY:UNDER_0_5,30.5%,0.305000,3.28,,,,,,,,,,,Sin cuota/EV,No encontrado en Betano,Solo modelo,4,46.50,46.501000,,Betano mapeado,Baja,torneo actual,usa Poisson base con estadisticas de goles del torneo,un gol temprano o baja eficacia puede cambiar la lectura del mercado,https://www.betano.pe/cuotas-de-partido/santos-sp-clube-atletico-mg/91121732/
2026-09-09,17:00,Santos vs Atletico-MG,10Bet,Betano,Gana visita,1X2 AWAY,1X2:AWAY,29.8%,0.298400,3.35,5.00,0.49,0.492100,1.65,1.49,3.35,-0.00,-0.000400,-0.00,1.00,EV positivo,EV negativo Betano,Equilibrado,7,81.69,81.692000,,Betano mapeado,Baja,torneo actual,usa Poisson base con estadisticas de goles del torneo,riesgo propio del resultado final y variacion del modelo,https://www.betano.pe/cuotas-de-partido/santos-sp-clube-atletico-mg/91121732/
2026-09-09,17:00,Santos vs Atletico-MG,,,Local corners -3.5,CORNERS_HOME UNDER.3.5,CORNERS_HOME:UNDER_3_5,29.4%,0.294200,3.40,,,,,,,,,,,Sin cuota/EV,No encontrado en Betano,Solo modelo,4,45.42,45.423000,,Betano mapeado,Baja,contexto premium torneo actual,usa promedios del contexto premium/API-Football,el volumen ofensivo puede variar por planteamiento y marcador temprano,https://www.betano.pe/cuotas-de-partido/santos-sp-clube-atletico-mg/91121732/
2026-09-09,17:00,Santos vs Atletico-MG,10Bet,,Visita corners -3.5,CORNERS_AWAY UNDER.3.5,CORNERS_AWAY:UNDER_3_5,29.4%,0.294200,3.40,2.10,-0.38,-0.382100,-1.30,0.62,,,,,,EV negativo,No encontrado en Betano,Evitar,4,19.55,19.545000,Cuota por debajo de la cuota justa: valor limitado,Betano mapeado,Baja,contexto premium torneo actual,usa promedios del contexto premium/API-Football,el volumen ofensivo puede variar por planteamiento y marcador temprano,https://www.betano.pe/cuotas-de-partido/santos-sp-clube-atletico-mg/91121732/
2026-09-09,17:00,Santos vs Atletico-MG,10Bet,Betano,Goles +3.5,TOTALS OVER.3.5,TOTALS:OVER_3_5,28.6%,0.285800,3.50,4.20,0.20,0.200200,0.70,1.20,4.25,0.21,0.214700,0.75,1.21,EV positivo,EV positivo Betano,Equilibrado,1,48.62,48.615000,,Betano mapeado,Baja,torneo actual,usa Poisson base con estadisticas de goles del torneo,un gol temprano o baja eficacia puede cambiar la lectura del mercado,https://www.betano.pe/cuotas-de-partido/santos-sp-clube-atletico-mg/91121732/
2026-09-09,17:00,Santos vs Atletico-MG,,,SHOTS_TOTAL UNDER.22.5,SHOTS_TOTAL UNDER.22.5,SHOTS_TOTAL:UNDER_22_5,27.1%,0.270500,3.70,,,,,,,,,,,Sin cuota/EV,No encontrado en Betano,Solo modelo,2,30.05,30.051000,,Betano mapeado,Baja,contexto premium torneo actual,usa promedios del contexto premium/API-Football,el volumen ofensivo puede variar por planteamiento y marcador temprano,https://www.betano.pe/cuotas-de-partido/santos-sp-clube-atletico-mg/91121732/
2026-09-09,17:00,Santos vs Atletico-MG,,,Tarjetas total -2.5,CARDS_TOTALS UNDER.2.5,CARDS_TOTALS:UNDER_2_5,26.9%,0.268900,3.72,,,,,,,,,,,Sin cuota/EV,No encontrado en Betano,Solo modelo,3,34.89,34.890000,,Betano mapeado,Baja,contexto premium torneo actual,usa promedios del contexto premium/API-Football,depende mucho del arbitro y del contexto competitivo,https://www.betano.pe/cuotas-de-partido/santos-sp-clube-atletico-mg/91121732/
2026-09-09,17:00,Santos vs Atletico-MG,10Bet,Betano,1T +1.5,FIRST_HALF_TOTALS OVER.1.5,FIRST_HALF_TOTALS:OVER_1_5,26.4%,0.264200,3.78,6.50,0.72,0.717600,2.72,1.72,3.40,-0.10,-0.101700,-0.38,0.90,EV positivo,EV negativo Betano,Equilibrado,5,70.71,70.713000,,Betano mapeado,Baja,contexto premium torneo actual,usa promedios del contexto premium/API-Football,el primer tiempo puede tener ritmo bajo o rotaciones,https://www.betano.pe/cuotas-de-partido/santos-sp-clube-atletico-mg/91121732/
2026-09-09,17:00,Santos vs Atletico-MG,,,Corners total +11.5,CORNERS_TOTALS OVER.11.5,CORNERS_TOTALS:OVER_11_5,25.9%,0.258800,3.87,,,,,,,,,,,Sin cuota/EV,No encontrado en Betano,Solo modelo,6,55.88,55.876000,,Betano mapeado,Baja,contexto premium torneo actual,usa promedios del contexto premium/API-Football,el volumen ofensivo puede variar por planteamiento y marcador temprano,https://www.betano.pe/cuotas-de-partido/santos-sp-clube-atletico-mg/91121732/
2026-09-09,17:00,Santos vs Atletico-MG,,,Corners total -7.5,CORNERS_TOTALS UNDER.7.5,CORNERS_TOTALS:UNDER_7_5,25.8%,0.258400,3.87,,,,,,,,,,,Sin cuota/EV,No encontrado en Betano,Solo modelo,6,55.84,55.843000,,Betano mapeado,Baja,contexto premium torneo actual,usa promedios del contexto premium/API-Football,el volumen ofensivo puede variar por planteamiento y marcador temprano,https://www.betano.pe/cuotas-de-partido/santos-sp-clube-atletico-mg/91121732/
2026-09-09,17:00,Santos vs Atletico-MG,10Bet,Betano,Empate,1X2 DRAW,1X2:DRAW,25.4%,0.254300,3.93,1.60,-0.59,-0.593100,-2.33,0.41,3.10,-0.21,-0.211700,-0.83,0.79,EV negativo,EV negativo Betano,Evitar,7,35.37,35.365000,Cuota por debajo de la cuota justa: valor limitado,Betano mapeado,Baja,torneo actual,usa Poisson base con estadisticas de goles del torneo,riesgo propio del resultado final y variacion del modelo,https://www.betano.pe/cuotas-de-partido/santos-sp-clube-atletico-mg/91121732/
2026-09-09,17:00,Santos vs Atletico-MG,10Bet,Betano,Goles -1.5,TOTALS UNDER.1.5,TOTALS:UNDER_1_5,24.9%,0.248800,4.02,1.55,-0.61,-0.614400,-2.47,0.39,2.77,-0.31,-0.310800,-1.25,0.69,EV negativo,EV negativo Betano,Evitar,1,2.85,2.847000,Cuota por debajo de la cuota justa: valor limitado,Betano mapeado,Baja,torneo actual,usa Poisson base con estadisticas de goles del torneo,un gol temprano o baja eficacia puede cambiar la lectura del mercado,https://www.betano.pe/cuotas-de-partido/santos-sp-clube-atletico-mg/91121732/
2026-09-09,17:00,Santos vs Atletico-MG,,,SHOTS_ON_TARGET_TOTAL UNDER.7.5,SHOTS_ON_TARGET_TOTAL UNDER.7.5,SHOTS_ON_TARGET_TOTAL:UNDER_7_5,22.9%,0.229400,4.36,,,,,,,,,,,Sin cuota/EV,No encontrado en Betano,Solo modelo,2,25.94,25.936000,,Betano mapeado,Baja,contexto premium torneo actual,usa promedios del contexto premium/API-Football,el volumen ofensivo puede variar por planteamiento y marcador temprano,https://www.betano.pe/cuotas-de-partido/santos-sp-clube-atletico-mg/91121732/
2026-09-09,17:00,Santos vs Atletico-MG,,,Local goles -0.5,TEAM_TOTAL_HOME UNDER.0.5,TEAM_TOTAL_HOME:UNDER_0_5,22.1%,0.220500,4.54,,,,,,,,,,,Sin cuota/EV,No encontrado en Betano,Solo modelo,4,38.05,38.050000,,Betano mapeado,Baja,torneo actual,usa Poisson base con estadisticas de goles del torneo,un gol temprano o baja eficacia puede cambiar la lectura del mercado,https://www.betano.pe/cuotas-de-partido/santos-sp-clube-atletico-mg/91121732/
2026-09-09,17:00,Santos vs Atletico-MG,,,Visita tarjetas +2.5,CARDS_AWAY OVER.2.5,CARDS_AWAY:OVER_2_5,21.7%,0.216600,4.62,,,,,,,,,,,Sin cuota/EV,No encontrado en Betano,Solo modelo,2,24.66,24.664000,,Betano mapeado,Baja,contexto premium torneo actual,usa promedios del contexto premium/API-Football,depende mucho del arbitro y del contexto competitivo,https://www.betano.pe/cuotas-de-partido/santos-sp-clube-atletico-mg/91121732/
2026-09-09,17:00,Santos vs Atletico-MG,,,Local corners +6.5,CORNERS_HOME OVER.6.5,CORNERS_HOME:OVER_6_5,20.9%,0.209200,4.78,,,,,,,,,,,Sin cuota/EV,No encontrado en Betano,Solo modelo,4,36.92,36.920000,,Betano mapeado,Baja,contexto premium torneo actual,usa promedios del contexto premium/API-Football,el volumen ofensivo puede variar por planteamiento y marcador temprano,https://www.betano.pe/cuotas-de-partido/santos-sp-clube-atletico-mg/91121732/
2026-09-09,17:00,Santos vs Atletico-MG,,,Visita corners +6.5,CORNERS_AWAY OVER.6.5,CORNERS_AWAY:OVER_6_5,20.9%,0.209200,4.78,,,,,,,,,,,Sin cuota/EV,No encontrado en Betano,Solo modelo,4,36.92,36.920000,,Betano mapeado,Baja,contexto premium torneo actual,usa promedios del contexto premium/API-Football,el volumen ofensivo puede variar por planteamiento y marcador temprano,https://www.betano.pe/cuotas-de-partido/santos-sp-clube-atletico-mg/91121732/
2026-09-09,17:00,Santos vs Atletico-MG,,,Visita tarjetas -0.5,CARDS_AWAY UNDER.0.5,CARDS_AWAY:UNDER_0_5,20.2%,0.201900,4.95,,,,,,,,,,,Sin cuota/EV,No encontrado en Betano,Solo modelo,2,23.19,23.190000,,Betano mapeado,Baja,contexto premium torneo actual,usa promedios del contexto premium/API-Football,depende mucho del arbitro y del contexto competitivo,https://www.betano.pe/cuotas-de-partido/santos-sp-clube-atletico-mg/91121732/
2026-09-09,17:00,Santos vs Atletico-MG,,,Local goles +2.5,TEAM_TOTAL_HOME OVER.2.5,TEAM_TOTAL_HOME:OVER_2_5,19.4%,0.194100,5.15,,,,,,,,,,,Sin cuota/EV,No encontrado en Betano,Solo modelo,4,35.41,35.414000,,Betano mapeado,Baja,torneo actual,usa Poisson base con estadisticas de goles del torneo,un gol temprano o baja eficacia puede cambiar la lectura del mercado,https://www.betano.pe/cuotas-de-partido/santos-sp-clube-atletico-mg/91121732/
2026-09-09,17:00,Santos vs Atletico-MG,,Betano,Tarjetas total +5.5,CARDS_TOTALS OVER.5.5,CARDS_TOTALS:OVER_5_5,18.4%,0.184400,5.42,,,,,,2.62,-0.52,-0.516900,-2.80,0.48,Sin cuota/EV,EV negativo Betano,Solo modelo,3,26.17,26.174000,,Betano mapeado,Baja,contexto premium torneo actual,usa promedios del contexto premium/API-Football,depende mucho del arbitro y del contexto competitivo,https://www.betano.pe/cuotas-de-partido/santos-sp-clube-atletico-mg/91121732/
2026-09-09,17:00,Santos vs Atletico-MG,,,Local tarjetas +3.5,CARDS_HOME OVER.3.5,CARDS_HOME:OVER_3_5,18.1%,0.180600,5.54,,,,,,,,,,,Sin cuota/EV,No encontrado en Betano,Solo modelo,2,21.07,21.065000,,Betano mapeado,Baja,contexto premium torneo actual,usa promedios del contexto premium/API-Football,depende mucho del arbitro y del contexto competitivo,https://www.betano.pe/cuotas-de-partido/santos-sp-clube-atletico-mg/91121732/
2026-09-09,17:00,Santos vs Atletico-MG,,,SHOTS_TOTAL UNDER.20.5,SHOTS_TOTAL UNDER.20.5,SHOTS_TOTAL:UNDER_20_5,15.2%,0.151700,6.59,,,,,,,,,,,Sin cuota/EV,No encontrado en Betano,Solo modelo,2,18.17,18.166000,,Betano mapeado,Baja,contexto premium torneo actual,usa promedios del contexto premium/API-Football,el volumen ofensivo puede variar por planteamiento y marcador temprano,https://www.betano.pe/cuotas-de-partido/santos-sp-clube-atletico-mg/91121732/
2026-09-09,17:00,Santos vs Atletico-MG,,,SHOTS_ON_TARGET_TOTAL UNDER.6.5,SHOTS_ON_TARGET_TOTAL UNDER.6.5,SHOTS_ON_TARGET_TOTAL:UNDER_6_5,13.7%,0.136600,7.32,,,,,,,,,,,Sin cuota/EV,No encontrado en Betano,Solo modelo,2,16.66,16.657000,,Betano mapeado,Baja,contexto premium torneo actual,usa promedios del contexto premium/API-Football,el volumen ofensivo puede variar por planteamiento y marcador temprano,https://www.betano.pe/cuotas-de-partido/santos-sp-clube-atletico-mg/91121732/
2026-09-09,17:00,Santos vs Atletico-MG,,,Visita goles +2.5,TEAM_TOTAL_AWAY OVER.2.5,TEAM_TOTAL_AWAY:OVER_2_5,11.8%,0.117800,8.49,,,,,,,,,,,Sin cuota/EV,No encontrado en Betano,Solo modelo,4,27.78,27.781000,,Betano mapeado,Baja,torneo actual,usa Poisson base con estadisticas de goles del torneo,un gol temprano o baja eficacia puede cambiar la lectura del mercado,https://www.betano.pe/cuotas-de-partido/santos-sp-clube-atletico-mg/91121732/
2026-09-09,17:00,Santos vs Atletico-MG,,,Local tarjetas -0.5,CARDS_HOME UNDER.0.5,CARDS_HOME:UNDER_0_5,11.1%,0.110800,9.03,,,,,,,,,,,Sin cuota/EV,No encontrado en Betano,Solo modelo,2,14.08,14.080000,,Betano mapeado,Baja,contexto premium torneo actual,usa promedios del contexto premium/API-Football,depende mucho del arbitro y del contexto competitivo,https://www.betano.pe/cuotas-de-partido/santos-sp-clube-atletico-mg/91121732/
2026-09-09,17:00,Santos vs Atletico-MG,,,Tarjetas total +6.5,CARDS_TOTALS OVER.6.5,CARDS_TOTALS:OVER_6_5,9.1%,0.090900,11.00,,,,,,,,,,,Sin cuota/EV,No encontrado en Betano,Solo modelo,3,17.09,17.089000,,Betano mapeado,Baja,contexto premium torneo actual,usa promedios del contexto premium/API-Football,depende mucho del arbitro y del contexto competitivo,https://www.betano.pe/cuotas-de-partido/santos-sp-clube-atletico-mg/91121732/
2026-09-09,17:00,Santos vs Atletico-MG,,,Visita tarjetas +3.5,CARDS_AWAY OVER.3.5,CARDS_AWAY:OVER_3_5,7.9%,0.078800,12.69,,,,,,,,,,,Sin cuota/EV,No encontrado en Betano,Solo modelo,2,10.88,10.881000,,Betano mapeado,Baja,contexto premium torneo actual,usa promedios del contexto premium/API-Football,depende mucho del arbitro y del contexto competitivo,https://www.betano.pe/cuotas-de-partido/santos-sp-clube-atletico-mg/91121732/
2026-09-09,17:00,Santos vs Atletico-MG,,,SHOTS_TOTAL UNDER.18.5,SHOTS_TOTAL UNDER.18.5,SHOTS_TOTAL:UNDER_18_5,7.2%,0.072000,13.88,,,,,,,,,,,Sin cuota/EV,No encontrado en Betano,Solo modelo,2,10.20,10.202000,,Betano mapeado,Baja,contexto premium torneo actual,usa promedios del contexto premium/API-Football,el volumen ofensivo puede variar por planteamiento y marcador temprano,https://www.betano.pe/cuotas-de-partido/santos-sp-clube-atletico-mg/91121732/
2026-09-09,19:30,Estudiantes L.P. vs Corinthians,,,Local tarjetas +0.5,CARDS_HOME OVER.0.5,CARDS_HOME:OVER_0_5,95.0%,0.950200,1.05,,,,,,,,,,,Sin cuota/EV,No encontrado en Betano,Solo modelo,2,98.02,98.021000,,Betano mapeado,Alta,contexto premium torneo actual,usa promedios del contexto premium/API-Football,depende mucho del arbitro y del contexto competitivo,https://www.betano.pe/cuotas-de-partido/estudiantes-de-la-plata-corinthians-sp/91127518/
2026-09-09,19:30,Estudiantes L.P. vs Corinthians,,,Visita tarjetas -3.5,CARDS_AWAY UNDER.3.5,CARDS_AWAY:UNDER_3_5,94.6%,0.946300,1.06,,,,,,,,,,,Sin cuota/EV,No encontrado en Betano,Solo modelo,2,97.63,97.627000,,Betano mapeado,Alta,contexto premium torneo actual,usa promedios del contexto premium/API-Football,depende mucho del arbitro y del contexto competitivo,https://www.betano.pe/cuotas-de-partido/estudiantes-de-la-plata-corinthians-sp/91127518/
2026-09-09,19:30,Estudiantes L.P. vs Corinthians,,,Visita goles -2.5,TEAM_TOTAL_AWAY UNDER.2.5,TEAM_TOTAL_AWAY:UNDER_2_5,93.1%,0.930800,1.07,,,,,,,,,,,Sin cuota/EV,No encontrado en Betano,Solo modelo,4,109.08,109.083000,,Betano mapeado,Alta,torneo actual,usa Poisson base con estadisticas de goles del torneo,un gol temprano o baja eficacia puede cambiar la lectura del mercado,https://www.betano.pe/cuotas-de-partido/estudiantes-de-la-plata-corinthians-sp/91127518/
2026-09-09,19:30,Estudiantes L.P. vs Corinthians,,,Local goles -2.5,TEAM_TOTAL_HOME UNDER.2.5,TEAM_TOTAL_HOME:UNDER_2_5,93.0%,0.929500,1.08,,,,,,,,,,,Sin cuota/EV,No encontrado en Betano,Solo modelo,4,108.95,108.953000,,Betano mapeado,Alta,torneo actual,usa Poisson base con estadisticas de goles del torneo,un gol temprano o baja eficacia puede cambiar la lectura del mercado,https://www.betano.pe/cuotas-de-partido/estudiantes-de-la-plata-corinthians-sp/91127518/
2026-09-09,19:30,Estudiantes L.P. vs Corinthians,,,Visita corners -6.5,CORNERS_AWAY UNDER.6.5,CORNERS_AWAY:UNDER_6_5,92.7%,0.926700,1.08,,,,,,,,,,,Sin cuota/EV,No encontrado en Betano,Solo modelo,4,108.67,108.673000,,Betano mapeado,Alta,contexto premium torneo actual,usa promedios del contexto premium/API-Football,el volumen ofensivo puede variar por planteamiento y marcador temprano,https://www.betano.pe/cuotas-de-partido/estudiantes-de-la-plata-corinthians-sp/91127518/
2026-09-09,19:30,Estudiantes L.P. vs Corinthians,10Bet,Betano,1T -1.5,FIRST_HALF_TOTALS UNDER.1.5,FIRST_HALF_TOTALS:UNDER_1_5,91.0%,0.909800,1.10,1.22,0.11,0.110000,0.12,1.11,1.23,0.12,0.119100,0.13,1.12,EV positivo,EV positivo Betano,Valor,5,129.87,129.865000,,Betano mapeado,Alta,contexto premium torneo actual,usa promedios del contexto premium/API-Football,el primer tiempo puede tener ritmo bajo o rotaciones,https://www.betano.pe/cuotas-de-partido/estudiantes-de-la-plata-corinthians-sp/91127518/
2026-09-09,19:30,Estudiantes L.P. vs Corinthians,10Bet,,Goles -3.5,TOTALS UNDER.3.5,TOTALS:UNDER_3_5,87.8%,0.877700,1.14,1.11,-0.03,-0.025800,-0.03,0.97,,,,,,EV negativo,No encontrado en Betano,Seguro,10,142.30,142.304000,,Betano mapeado,Alta,torneo actual,usa Poisson base con estadisticas de goles del torneo,un gol temprano o baja eficacia puede cambiar la lectura del mercado,https://www.betano.pe/cuotas-de-partido/estudiantes-de-la-plata-corinthians-sp/91127518/
2026-09-09,19:30,Estudiantes L.P. vs Corinthians,,,SHOTS_TOTAL OVER.18.5,SHOTS_TOTAL OVER.18.5,SHOTS_TOTAL:OVER_18_5,87.6%,0.875800,1.14,,,,,,,,,,,Sin cuota/EV,No encontrado en Betano,Solo modelo,2,90.58,90.579000,,Betano mapeado,Alta,contexto premium torneo actual,usa promedios del contexto premium/API-Football,el volumen ofensivo puede variar por planteamiento y marcador temprano,https://www.betano.pe/cuotas-de-partido/estudiantes-de-la-plata-corinthians-sp/91127518/
2026-09-09,19:30,Estudiantes L.P. vs Corinthians,,,Local corners +3.5,CORNERS_HOME OVER.3.5,CORNERS_HOME:OVER_3_5,85.8%,0.857500,1.17,,,,,,,,,,,Sin cuota/EV,No encontrado en Betano,Solo modelo,4,101.75,101.750000,,Betano mapeado,Alta,contexto premium torneo actual,usa promedios del contexto premium/API-Football,el volumen ofensivo puede variar por planteamiento y marcador temprano,https://www.betano.pe/cuotas-de-partido/estudiantes-de-la-plata-corinthians-sp/91127518/
2026-09-09,19:30,Estudiantes L.P. vs Corinthians,,,Visita corners -5.5,CORNERS_AWAY UNDER.5.5,CORNERS_AWAY:UNDER_5_5,84.4%,0.844100,1.19,,,,,,,,,,,Sin cuota/EV,No encontrado en Betano,Solo modelo,4,100.41,100.412000,,Betano mapeado,Alta,contexto premium torneo actual,usa promedios del contexto premium/API-Football,el volumen ofensivo puede variar por planteamiento y marcador temprano,https://www.betano.pe/cuotas-de-partido/estudiantes-de-la-plata-corinthians-sp/91127518/
2026-09-09,19:30,Estudiantes L.P. vs Corinthians,,Betano,Tarjetas total -6.5,CARDS_TOTALS UNDER.6.5,CARDS_TOTALS:UNDER_6_5,84.4%,0.843600,1.19,,,,,,1.55,0.31,0.307600,0.36,1.31,Sin cuota/EV,EV positivo Betano,Solo modelo,3,105.29,105.287000,,Betano mapeado,Alta,contexto premium torneo actual,usa promedios del contexto premium/API-Football,depende mucho del arbitro y del contexto competitivo,https://www.betano.pe/cuotas-de-partido/estudiantes-de-la-plata-corinthians-sp/91127518/
2026-09-09,19:30,Estudiantes L.P. vs Corinthians,,,Visita tarjetas -2.5,CARDS_AWAY UNDER.2.5,CARDS_AWAY:UNDER_2_5,83.4%,0.833500,1.20,,,,,,,,,,,Sin cuota/EV,No encontrado en Betano,Solo modelo,2,86.35,86.350000,,Betano mapeado,Alta,contexto premium torneo actual,usa promedios del contexto premium/API-Football,depende mucho del arbitro y del contexto competitivo,https://www.betano.pe/cuotas-de-partido/estudiantes-de-la-plata-corinthians-sp/91127518/
2026-09-09,19:30,Estudiantes L.P. vs Corinthians,,,Tarjetas total +2.5,CARDS_TOTALS OVER.2.5,CARDS_TOTALS:OVER_2_5,81.5%,0.814900,1.23,,,,,,,,,,,Sin cuota/EV,No encontrado en Betano,Solo modelo,3,89.49,89.486000,,Betano mapeado,Alta,contexto premium torneo actual,usa promedios del contexto premium/API-Football,depende mucho del arbitro y del contexto competitivo,https://www.betano.pe/cuotas-de-partido/estudiantes-de-la-plata-corinthians-sp/91127518/
2026-09-09,19:30,Estudiantes L.P. vs Corinthians,,,Local tarjetas +1.5,CARDS_HOME OVER.1.5,CARDS_HOME:OVER_1_5,80.1%,0.800900,1.25,,,,,,,,,,,Sin cuota/EV,No encontrado en Betano,Solo modelo,2,83.08,83.085000,,Betano mapeado,Alta,contexto premium torneo actual,usa promedios del contexto premium/API-Football,depende mucho del arbitro y del contexto competitivo,https://www.betano.pe/cuotas-de-partido/estudiantes-de-la-plata-corinthians-sp/91127518/
2026-09-09,19:30,Estudiantes L.P. vs Corinthians,,,SHOTS_ON_TARGET_TOTAL UNDER.9.5,SHOTS_ON_TARGET_TOTAL UNDER.9.5,SHOTS_ON_TARGET_TOTAL:UNDER_9_5,76.5%,0.764900,1.31,,,,,,,,,,,Sin cuota/EV,No encontrado en Betano,Solo modelo,2,79.48,79.485000,,Betano mapeado,Alta,contexto premium torneo actual,usa promedios del contexto premium/API-Football,el volumen ofensivo puede variar por planteamiento y marcador temprano,https://www.betano.pe/cuotas-de-partido/estudiantes-de-la-plata-corinthians-sp/91127518/
2026-09-09,19:30,Estudiantes L.P. vs Corinthians,,,SHOTS_TOTAL OVER.20.5,SHOTS_TOTAL OVER.20.5,SHOTS_TOTAL:OVER_20_5,76.3%,0.763500,1.31,,,,,,,,,,,Sin cuota/EV,No encontrado en Betano,Solo modelo,2,79.36,79.355000,,Betano mapeado,Alta,contexto premium torneo actual,usa promedios del contexto premium/API-Football,el volumen ofensivo puede variar por planteamiento y marcador temprano,https://www.betano.pe/cuotas-de-partido/estudiantes-de-la-plata-corinthians-sp/91127518/
2026-09-09,19:30,Estudiantes L.P. vs Corinthians,,,Visita goles -1.5,TEAM_TOTAL_AWAY UNDER.1.5,TEAM_TOTAL_AWAY:UNDER_1_5,75.9%,0.758700,1.32,,,,,,,,,,,Sin cuota/EV,No encontrado en Betano,Solo modelo,4,91.87,91.874000,,Betano mapeado,Alta,torneo actual,usa Poisson base con estadisticas de goles del torneo,un gol temprano o baja eficacia puede cambiar la lectura del mercado,https://www.betano.pe/cuotas-de-partido/estudiantes-de-la-plata-corinthians-sp/91127518/
2026-09-09,19:30,Estudiantes L.P. vs Corinthians,,,Local goles -1.5,TEAM_TOTAL_HOME UNDER.1.5,TEAM_TOTAL_HOME:UNDER_1_5,75.6%,0.756000,1.32,,,,,,,,,,,Sin cuota/EV,No encontrado en Betano,Solo modelo,4,91.60,91.598000,,Betano mapeado,Alta,torneo actual,usa Poisson base con estadisticas de goles del torneo,un gol temprano o baja eficacia puede cambiar la lectura del mercado,https://www.betano.pe/cuotas-de-partido/estudiantes-de-la-plata-corinthians-sp/91127518/
2026-09-09,19:30,Estudiantes L.P. vs Corinthians,,,Visita tarjetas +0.5,CARDS_AWAY OVER.0.5,CARDS_AWAY:OVER_0_5,75.3%,0.753400,1.33,,,,,,,,,,,Sin cuota/EV,No encontrado en Betano,Solo modelo,2,78.34,78.340000,,Betano mapeado,Alta,contexto premium torneo actual,usa promedios del contexto premium/API-Football,depende mucho del arbitro y del contexto competitivo,https://www.betano.pe/cuotas-de-partido/estudiantes-de-la-plata-corinthians-sp/91127518/
2026-09-09,19:30,Estudiantes L.P. vs Corinthians,,,Corners total +7.5,CORNERS_TOTALS OVER.7.5,CORNERS_TOTALS:OVER_7_5,75.1%,0.751500,1.33,,,,,,,,,,,Sin cuota/EV,No encontrado en Betano,Solo modelo,6,105.15,105.153000,,Betano mapeado,Alta,contexto premium torneo actual,usa promedios del contexto premium/API-Football,el volumen ofensivo puede variar por planteamiento y marcador temprano,https://www.betano.pe/cuotas-de-partido/estudiantes-de-la-plata-corinthians-sp/91127518/
2026-09-09,19:30,Estudiantes L.P. vs Corinthians,,,Corners total -11.5,CORNERS_TOTALS UNDER.11.5,CORNERS_TOTALS:UNDER_11_5,73.0%,0.730300,1.37,,,,,,,,,,,Sin cuota/EV,No encontrado en Betano,Solo modelo,6,103.03,103.033000,,Betano mapeado,Alta,contexto premium torneo actual,usa promedios del contexto premium/API-Football,el volumen ofensivo puede variar por planteamiento y marcador temprano,https://www.betano.pe/cuotas-de-partido/estudiantes-de-la-plata-corinthians-sp/91127518/
2026-09-09,19:30,Estudiantes L.P. vs Corinthians,10Bet,,Local corners +4.5,CORNERS_HOME OVER.4.5,CORNERS_HOME:OVER_4_5,72.8%,0.728100,1.37,1.57,0.14,0.143100,0.20,1.14,,,,,,EV positivo,No encontrado en Betano,Valor,4,93.39,93.387000,,Betano mapeado,Alta,contexto premium torneo actual,usa promedios del contexto premium/API-Football,el volumen ofensivo puede variar por planteamiento y marcador temprano,https://www.betano.pe/cuotas-de-partido/estudiantes-de-la-plata-corinthians-sp/91127518/
2026-09-09,19:30,Estudiantes L.P. vs Corinthians,,Betano,Tarjetas total -5.5,CARDS_TOTALS UNDER.5.5,CARDS_TOTALS:UNDER_5_5,72.0%,0.719900,1.39,,,,,,1.95,0.40,0.403800,0.56,1.40,Sin cuota/EV,EV positivo Betano,Solo modelo,3,94.45,94.452000,,Betano mapeado,Alta,contexto premium torneo actual,usa promedios del contexto premium/API-Football,depende mucho del arbitro y del contexto competitivo,https://www.betano.pe/cuotas-de-partido/estudiantes-de-la-plata-corinthians-sp/91127518/
2026-09-09,19:30,Estudiantes L.P. vs Corinthians,10Bet,Betano,Goles -2.5,TOTALS UNDER.2.5,TOTALS:UNDER_2_5,70.8%,0.708400,1.41,1.40,-0.01,-0.008200,-0.01,0.99,1.42,0.01,0.005900,0.01,1.01,EV negativo,EV positivo Betano,Equilibrado,8,118.79,118.791000,,Betano mapeado,Alta,torneo actual,usa Poisson base con estadisticas de goles del torneo,un gol temprano o baja eficacia puede cambiar la lectura del mercado,https://www.betano.pe/cuotas-de-partido/estudiantes-de-la-plata-corinthians-sp/91127518/
2026-09-09,19:30,Estudiantes L.P. vs Corinthians,,,Visita corners -4.5,CORNERS_AWAY UNDER.4.5,CORNERS_AWAY:UNDER_4_5,70.6%,0.706400,1.42,,,,,,,,,,,Sin cuota/EV,No encontrado en Betano,Solo modelo,4,86.64,86.644000,,Betano mapeado,Alta,contexto premium torneo actual,usa promedios del contexto premium/API-Football,el volumen ofensivo puede variar por planteamiento y marcador temprano,https://www.betano.pe/cuotas-de-partido/estudiantes-de-la-plata-corinthians-sp/91127518/
2026-09-09,19:30,Estudiantes L.P. vs Corinthians,,,SHOTS_TOTAL UNDER.26.5,SHOTS_TOTAL UNDER.26.5,SHOTS_TOTAL:UNDER_26_5,69.7%,0.696600,1.44,,,,,,,,,,,Sin cuota/EV,No encontrado en Betano,Solo modelo,2,72.66,72.660000,,Betano mapeado,Media,contexto premium torneo actual,usa promedios del contexto premium/API-Football,el volumen ofensivo puede variar por planteamiento y marcador temprano,https://www.betano.pe/cuotas-de-partido/estudiantes-de-la-plata-corinthians-sp/91127518/
2026-09-09,19:30,Estudiantes L.P. vs Corinthians,,,DOUBLE_CHANCE 12,DOUBLE_CHANCE 12,DOUBLE_CHANCE:12,68.0%,0.680000,1.47,,,,,,,,,,,Sin cuota/EV,No encontrado en Betano,Solo modelo,9,113.00,112.997000,,Betano mapeado,Media,torneo actual,usa Poisson base con estadisticas de goles del torneo,riesgo propio del resultado final y variacion del modelo,https://www.betano.pe/cuotas-de-partido/estudiantes-de-la-plata-corinthians-sp/91127518/
2026-09-09,19:30,Estudiantes L.P. vs Corinthians,,,DOUBLE_CHANCE 1X,DOUBLE_CHANCE 1X,DOUBLE_CHANCE:1X,66.2%,0.662000,1.51,,,,,,,,,,,Sin cuota/EV,No encontrado en Betano,Solo modelo,9,111.20,111.203000,,Betano mapeado,Media,torneo actual,usa Poisson base con estadisticas de goles del torneo,riesgo propio del resultado final y variacion del modelo,https://www.betano.pe/cuotas-de-partido/estudiantes-de-la-plata-corinthians-sp/91127518/
2026-09-09,19:30,Estudiantes L.P. vs Corinthians,,,DOUBLE_CHANCE X2,DOUBLE_CHANCE X2,DOUBLE_CHANCE:X2,65.8%,0.658000,1.52,,,,,,,,,,,Sin cuota/EV,No encontrado en Betano,Solo modelo,9,110.80,110.800000,,Betano mapeado,Media,torneo actual,usa Poisson base con estadisticas de goles del torneo,riesgo propio del resultado final y variacion del modelo,https://www.betano.pe/cuotas-de-partido/estudiantes-de-la-plata-corinthians-sp/91127518/
2026-09-09,19:30,Estudiantes L.P. vs Corinthians,,,SHOTS_ON_TARGET_TOTAL UNDER.8.5,SHOTS_ON_TARGET_TOTAL UNDER.8.5,SHOTS_ON_TARGET_TOTAL:UNDER_8_5,64.8%,0.648200,1.54,,,,,,,,,,,Sin cuota/EV,No encontrado en Betano,Solo modelo,2,67.82,67.819000,,Betano mapeado,Media,contexto premium torneo actual,usa promedios del contexto premium/API-Football,el volumen ofensivo puede variar por planteamiento y marcador temprano,https://www.betano.pe/cuotas-de-partido/estudiantes-de-la-plata-corinthians-sp/91127518/
2026-09-09,19:30,Estudiantes L.P. vs Corinthians,,,Local tarjetas -3.5,CARDS_HOME UNDER.3.5,CARDS_HOME:UNDER_3_5,64.7%,0.647200,1.54,,,,,,,,,,,Sin cuota/EV,No encontrado en Betano,Solo modelo,2,67.72,67.723000,,Betano mapeado,Media,contexto premium torneo actual,usa promedios del contexto premium/API-Football,depende mucho del arbitro y del contexto competitivo,https://www.betano.pe/cuotas-de-partido/estudiantes-de-la-plata-corinthians-sp/91127518/
2026-09-09,19:30,Estudiantes L.P. vs Corinthians,,,Tarjetas total +3.5,CARDS_TOTALS OVER.3.5,CARDS_TOTALS:OVER_3_5,64.1%,0.640600,1.56,,,,,,,,,,,Sin cuota/EV,No encontrado en Betano,Solo modelo,3,72.06,72.055000,,Betano mapeado,Media,contexto premium torneo actual,usa promedios del contexto premium/API-Football,depende mucho del arbitro y del contexto competitivo,https://www.betano.pe/cuotas-de-partido/estudiantes-de-la-plata-corinthians-sp/91127518/
2026-09-09,19:30,Estudiantes L.P. vs Corinthians,,,SHOTS_ON_TARGET_TOTAL OVER.6.5,SHOTS_ON_TARGET_TOTAL OVER.6.5,SHOTS_ON_TARGET_TOTAL:OVER_6_5,63.5%,0.635400,1.57,,,,,,,,,,,Sin cuota/EV,No encontrado en Betano,Solo modelo,2,66.54,66.538000,,Betano mapeado,Media,contexto premium torneo actual,usa promedios del contexto premium/API-Football,el volumen ofensivo puede variar por planteamiento y marcador temprano,https://www.betano.pe/cuotas-de-partido/estudiantes-de-la-plata-corinthians-sp/91127518/
2026-09-09,19:30,Estudiantes L.P. vs Corinthians,10Bet,Betano,Corners total +8.5,CORNERS_TOTALS OVER.8.5,CORNERS_TOTALS:OVER_8_5,63.2%,0.632400,1.58,1.73,0.09,0.094100,0.15,1.09,1.67,0.06,0.056100,0.09,1.06,EV positivo,EV positivo Betano,Valor,6,105.83,105.832000,,Betano mapeado,Media,contexto premium torneo actual,usa promedios del contexto premium/API-Football,el volumen ofensivo puede variar por planteamiento y marcador temprano,https://www.betano.pe/cuotas-de-partido/estudiantes-de-la-plata-corinthians-sp/91127518/
2026-09-09,19:30,Estudiantes L.P. vs Corinthians,10Bet,Betano,BTTS no,BTTS NO,BTTS:NO,62.8%,0.628100,1.59,1.10,-0.31,-0.309100,-0.49,0.69,1.57,-0.01,-0.013900,-0.02,0.99,EV negativo,EV negativo Betano,Evitar,8,86.02,86.022000,Cuota por debajo de la cuota justa: valor limitado,Betano mapeado,Media,torneo actual,usa Poisson base con estadisticas de goles del torneo,un gol temprano o baja eficacia puede cambiar la lectura del mercado,https://www.betano.pe/cuotas-de-partido/estudiantes-de-la-plata-corinthians-sp/91127518/
2026-09-09,19:30,Estudiantes L.P. vs Corinthians,,Betano,Corners total -10.5,CORNERS_TOTALS UNDER.10.5,CORNERS_TOTALS:UNDER_10_5,62.1%,0.620500,1.61,,,,,,1.40,-0.13,-0.131300,-0.21,0.87,Sin cuota/EV,EV negativo Betano,Solo modelo,6,97.95,97.951000,,Betano mapeado,Media,contexto premium torneo actual,usa promedios del contexto premium/API-Football,el volumen ofensivo puede variar por planteamiento y marcador temprano,https://www.betano.pe/cuotas-de-partido/estudiantes-de-la-plata-corinthians-sp/91127518/
2026-09-09,19:30,Estudiantes L.P. vs Corinthians,,,SHOTS_TOTAL OVER.22.5,SHOTS_TOTAL OVER.22.5,SHOTS_TOTAL:OVER_22_5,61.6%,0.616000,1.62,,,,,,,,,,,Sin cuota/EV,No encontrado en Betano,Solo modelo,2,64.61,64.605000,,Betano mapeado,Media,contexto premium torneo actual,usa promedios del contexto premium/API-Football,el volumen ofensivo puede variar por planteamiento y marcador temprano,https://www.betano.pe/cuotas-de-partido/estudiantes-de-la-plata-corinthians-sp/91127518/
2026-09-09,19:30,Estudiantes L.P. vs Corinthians,,,Local goles +0.5,TEAM_TOTAL_HOME OVER.0.5,TEAM_TOTAL_HOME:OVER_0_5,61.1%,0.611300,1.64,,,,,,,,,,,Sin cuota/EV,No encontrado en Betano,Solo modelo,4,77.13,77.132000,,Betano mapeado,Media,torneo actual,usa Poisson base con estadisticas de goles del torneo,un gol temprano o baja eficacia puede cambiar la lectura del mercado,https://www.betano.pe/cuotas-de-partido/estudiantes-de-la-plata-corinthians-sp/91127518/
2026-09-09,19:30,Estudiantes L.P. vs Corinthians,,,Visita goles +0.5,TEAM_TOTAL_AWAY OVER.0.5,TEAM_TOTAL_AWAY:OVER_0_5,60.8%,0.608400,1.64,,,,,,,,,,,Sin cuota/EV,No encontrado en Betano,Solo modelo,4,76.84,76.839000,,Betano mapeado,Media,torneo actual,usa Poisson base con estadisticas de goles del torneo,un gol temprano o baja eficacia puede cambiar la lectura del mercado,https://www.betano.pe/cuotas-de-partido/estudiantes-de-la-plata-corinthians-sp/91127518/
2026-09-09,19:30,Estudiantes L.P. vs Corinthians,10Bet,Betano,1T -0.5,FIRST_HALF_TOTALS UNDER.0.5,FIRST_HALF_TOTALS:UNDER_0_5,60.7%,0.606500,1.65,1.40,-0.15,-0.150900,-0.25,0.85,2.12,0.29,0.285800,0.47,1.29,EV negativo,EV positivo Betano,Evitar,5,76.51,76.511000,Cuota por debajo de la cuota justa: valor limitado,Betano mapeado,Media,contexto premium torneo actual,usa promedios del contexto premium/API-Football,el primer tiempo puede tener ritmo bajo o rotaciones,https://www.betano.pe/cuotas-de-partido/estudiantes-de-la-plata-corinthians-sp/91127518/
2026-09-09,19:30,Estudiantes L.P. vs Corinthians,,,Visita tarjetas -1.5,CARDS_AWAY UNDER.1.5,CARDS_AWAY:UNDER_1_5,59.2%,0.591800,1.69,,,,,,,,,,,Sin cuota/EV,No encontrado en Betano,Solo modelo,2,62.18,62.183000,,Betano mapeado,Media,contexto premium torneo actual,usa promedios del contexto premium/API-Football,depende mucho del arbitro y del contexto competitivo,https://www.betano.pe/cuotas-de-partido/estudiantes-de-la-plata-corinthians-sp/91127518/
2026-09-09,19:30,Estudiantes L.P. vs Corinthians,,,Local corners -6.5,CORNERS_HOME UNDER.6.5,CORNERS_HOME:UNDER_6_5,59.0%,0.590200,1.69,,,,,,,,,,,Sin cuota/EV,No encontrado en Betano,Solo modelo,4,75.02,75.024000,,Betano mapeado,Media,contexto premium torneo actual,usa promedios del contexto premium/API-Football,el volumen ofensivo puede variar por planteamiento y marcador temprano,https://www.betano.pe/cuotas-de-partido/estudiantes-de-la-plata-corinthians-sp/91127518/
2026-09-09,19:30,Estudiantes L.P. vs Corinthians,,,Local tarjetas +2.5,CARDS_HOME OVER.2.5,CARDS_HOME:OVER_2_5,57.7%,0.576800,1.73,,,,,,,,,,,Sin cuota/EV,No encontrado en Betano,Solo modelo,2,60.68,60.681000,,Betano mapeado,Media,contexto premium torneo actual,usa promedios del contexto premium/API-Football,depende mucho del arbitro y del contexto competitivo,https://www.betano.pe/cuotas-de-partido/estudiantes-de-la-plata-corinthians-sp/91127518/
2026-09-09,19:30,Estudiantes L.P. vs Corinthians,10Bet,,Local corners +5.5,CORNERS_HOME OVER.5.5,CORNERS_HOME:OVER_5_5,57.0%,0.570200,1.75,1.95,0.11,0.112000,0.20,1.11,,,,,,EV positivo,No encontrado en Betano,Valor,4,77.04,77.040000,,Betano mapeado,Media,contexto premium torneo actual,usa promedios del contexto premium/API-Football,el volumen ofensivo puede variar por planteamiento y marcador temprano,https://www.betano.pe/cuotas-de-partido/estudiantes-de-la-plata-corinthians-sp/91127518/
2026-09-09,19:30,Estudiantes L.P. vs Corinthians,10Bet,Betano,Goles +1.5,TOTALS OVER.1.5,TOTALS:OVER_1_5,56.1%,0.561300,1.78,2.95,0.66,0.655700,1.17,1.66,1.65,-0.07,-0.073900,-0.13,0.93,EV positivo,EV negativo Betano,Valor,10,126.75,126.746000,,Betano mapeado,Media,torneo actual,usa Poisson base con estadisticas de goles del torneo,un gol temprano o baja eficacia puede cambiar la lectura del mercado,https://www.betano.pe/cuotas-de-partido/estudiantes-de-la-plata-corinthians-sp/91127518/
2026-09-09,19:30,Estudiantes L.P. vs Corinthians,,Betano,Tarjetas total -4.5,CARDS_TOTALS UNDER.4.5,CARDS_TOTALS:UNDER_4_5,55.1%,0.551200,1.81,,,,,,2.70,0.49,0.488200,0.89,1.49,Sin cuota/EV,EV positivo Betano,Solo modelo,3,78.93,78.929000,,Betano mapeado,Media,contexto premium torneo actual,usa promedios del contexto premium/API-Football,depende mucho del arbitro y del contexto competitivo,https://www.betano.pe/cuotas-de-partido/estudiantes-de-la-plata-corinthians-sp/91127518/
2026-09-09,19:30,Estudiantes L.P. vs Corinthians,,,SHOTS_TOTAL UNDER.24.5,SHOTS_TOTAL UNDER.24.5,SHOTS_TOTAL:UNDER_24_5,54.6%,0.545900,1.83,,,,,,,,,,,Sin cuota/EV,No encontrado en Betano,Solo modelo,2,57.59,57.589000,,Betano mapeado,Baja,contexto premium torneo actual,usa promedios del contexto premium/API-Football,el volumen ofensivo puede variar por planteamiento y marcador temprano,https://www.betano.pe/cuotas-de-partido/estudiantes-de-la-plata-corinthians-sp/91127518/
2026-09-09,19:30,Estudiantes L.P. vs Corinthians,10Bet,,Visita corners -3.5,CORNERS_AWAY UNDER.3.5,CORNERS_AWAY:UNDER_3_5,51.5%,0.515200,1.94,1.87,-0.04,-0.036500,-0.07,0.96,,,,,,EV negativo,No encontrado en Betano,Equilibrado,4,66.86,66.864000,,Betano mapeado,Baja,contexto premium torneo actual,usa promedios del contexto premium/API-Football,el volumen ofensivo puede variar por planteamiento y marcador temprano,https://www.betano.pe/cuotas-de-partido/estudiantes-de-la-plata-corinthians-sp/91127518/
2026-09-09,19:30,Estudiantes L.P. vs Corinthians,,,SHOTS_ON_TARGET_TOTAL UNDER.7.5,SHOTS_ON_TARGET_TOTAL UNDER.7.5,SHOTS_ON_TARGET_TOTAL:UNDER_7_5,51.0%,0.510000,1.96,,,,,,,,,,,Sin cuota/EV,No encontrado en Betano,Solo modelo,2,54.00,54.004000,,Betano mapeado,Baja,contexto premium torneo actual,usa promedios del contexto premium/API-Football,el volumen ofensivo puede variar por planteamiento y marcador temprano,https://www.betano.pe/cuotas-de-partido/estudiantes-de-la-plata-corinthians-sp/91127518/
2026-09-09,19:30,Estudiantes L.P. vs Corinthians,10Bet,Betano,Corners total +9.5,CORNERS_TOTALS OVER.9.5,CORNERS_TOTALS:OVER_9_5,50.4%,0.504000,1.98,2.05,0.03,0.033200,0.07,1.03,2.10,0.06,0.058400,0.12,1.06,EV positivo,EV positivo Betano,Equilibrado,6,89.93,89.934000,,Betano mapeado,Baja,contexto premium torneo actual,usa promedios del contexto premium/API-Football,el volumen ofensivo puede variar por planteamiento y marcador temprano,https://www.betano.pe/cuotas-de-partido/estudiantes-de-la-plata-corinthians-sp/91127518/
2026-09-09,19:30,Estudiantes L.P. vs Corinthians,10Bet,,DNB local,DRAW_NO_BET HOME,DRAW_NO_BET:HOME,50.3%,0.503000,1.99,1.57,-0.21,-0.210400,-0.42,0.79,,,,,,EV negativo,No encontrado en Betano,Evitar,9,72.51,72.510000,Cuota por debajo de la cuota justa: valor limitado,Betano mapeado,Baja,torneo actual,usa Poisson base con estadisticas de goles del torneo,riesgo propio del resultado final y variacion del modelo,https://www.betano.pe/cuotas-de-partido/estudiantes-de-la-plata-corinthians-sp/91127518/
2026-09-09,19:30,Estudiantes L.P. vs Corinthians,10Bet,,DNB visita,DRAW_NO_BET AWAY,DRAW_NO_BET:AWAY,49.7%,0.497000,2.01,2.25,0.12,0.118300,0.24,1.12,,,,,,EV positivo,No encontrado en Betano,Equilibrado,9,96.83,96.834000,,Betano mapeado,Baja,torneo actual,usa Poisson base con estadisticas de goles del torneo,riesgo propio del resultado final y variacion del modelo,https://www.betano.pe/cuotas-de-partido/estudiantes-de-la-plata-corinthians-sp/91127518/
2026-09-09,19:30,Estudiantes L.P. vs Corinthians,10Bet,Betano,Corners total -9.5,CORNERS_TOTALS UNDER.9.5,CORNERS_TOTALS:UNDER_9_5,49.6%,0.496000,2.02,1.70,-0.16,-0.156800,-0.32,0.84,1.67,-0.17,-0.171700,-0.35,0.83,EV negativo,EV negativo Betano,Evitar,6,63.03,63.028000,Cuota por debajo de la cuota justa: valor limitado,Betano mapeado,Baja,contexto premium torneo actual,usa promedios del contexto premium/API-Football,el volumen ofensivo puede variar por planteamiento y marcador temprano,https://www.betano.pe/cuotas-de-partido/estudiantes-de-la-plata-corinthians-sp/91127518/
2026-09-09,19:30,Estudiantes L.P. vs Corinthians,,,SHOTS_ON_TARGET_TOTAL OVER.7.5,SHOTS_ON_TARGET_TOTAL OVER.7.5,SHOTS_ON_TARGET_TOTAL:OVER_7_5,49.0%,0.490000,2.04,,,,,,,,,,,Sin cuota/EV,No encontrado en Betano,Solo modelo,2,52.00,51.996000,,Betano mapeado,Baja,contexto premium torneo actual,usa promedios del contexto premium/API-Football,el volumen ofensivo puede variar por planteamiento y marcador temprano,https://www.betano.pe/cuotas-de-partido/estudiantes-de-la-plata-corinthians-sp/91127518/
2026-09-09,19:30,Estudiantes L.P. vs Corinthians,10Bet,,Visita corners +3.5,CORNERS_AWAY OVER.3.5,CORNERS_AWAY:OVER_3_5,48.5%,0.484800,2.06,1.70,-0.18,-0.175900,-0.36,0.82,,,,,,EV negativo,No encontrado en Betano,Evitar,4,42.31,42.313000,Cuota por debajo de la cuota justa: valor limitado,Betano mapeado,Baja,contexto premium torneo actual,usa promedios del contexto premium/API-Football,el volumen ofensivo puede variar por planteamiento y marcador temprano,https://www.betano.pe/cuotas-de-partido/estudiantes-de-la-plata-corinthians-sp/91127518/
2026-09-09,19:30,Estudiantes L.P. vs Corinthians,,,SHOTS_TOTAL OVER.24.5,SHOTS_TOTAL OVER.24.5,SHOTS_TOTAL:OVER_24_5,45.4%,0.454100,2.20,,,,,,,,,,,Sin cuota/EV,No encontrado en Betano,Solo modelo,2,48.41,48.411000,,Betano mapeado,Baja,contexto premium torneo actual,usa promedios del contexto premium/API-Football,el volumen ofensivo puede variar por planteamiento y marcador temprano,https://www.betano.pe/cuotas-de-partido/estudiantes-de-la-plata-corinthians-sp/91127518/
2026-09-09,19:30,Estudiantes L.P. vs Corinthians,,Betano,Tarjetas total +4.5,CARDS_TOTALS OVER.4.5,CARDS_TOTALS:OVER_4_5,44.9%,0.448800,2.23,,,,,,1.42,-0.36,-0.362700,-0.81,0.64,Sin cuota/EV,EV negativo Betano,Solo modelo,3,55.08,55.079000,,Betano mapeado,Baja,contexto premium torneo actual,usa promedios del contexto premium/API-Football,depende mucho del arbitro y del contexto competitivo,https://www.betano.pe/cuotas-de-partido/estudiantes-de-la-plata-corinthians-sp/91127518/
2026-09-09,19:30,Estudiantes L.P. vs Corinthians,10Bet,Betano,Goles -1.5,TOTALS UNDER.1.5,TOTALS:UNDER_1_5,43.9%,0.438700,2.28,1.35,-0.41,-0.407700,-0.93,0.59,2.25,-0.01,-0.012900,-0.03,0.99,EV negativo,EV negativo Betano,Evitar,1,30.33,30.330000,Cuota por debajo de la cuota justa: valor limitado,Betano mapeado,Baja,torneo actual,usa Poisson base con estadisticas de goles del torneo,un gol temprano o baja eficacia puede cambiar la lectura del mercado,https://www.betano.pe/cuotas-de-partido/estudiantes-de-la-plata-corinthians-sp/91127518/
2026-09-09,19:30,Estudiantes L.P. vs Corinthians,10Bet,,Local corners -5.5,CORNERS_HOME UNDER.5.5,CORNERS_HOME:UNDER_5_5,43.0%,0.429800,2.33,1.65,-0.29,-0.290900,-0.68,0.71,,,,,,EV negativo,No encontrado en Betano,Evitar,4,34.74,34.739000,Cuota por debajo de la cuota justa: valor limitado,Betano mapeado,Baja,contexto premium torneo actual,usa promedios del contexto premium/API-Football,el volumen ofensivo puede variar por planteamiento y marcador temprano,https://www.betano.pe/cuotas-de-partido/estudiantes-de-la-plata-corinthians-sp/91127518/
2026-09-09,19:30,Estudiantes L.P. vs Corinthians,,,Local tarjetas -2.5,CARDS_HOME UNDER.2.5,CARDS_HOME:UNDER_2_5,42.3%,0.423200,2.36,,,,,,,,,,,Sin cuota/EV,No encontrado en Betano,Solo modelo,2,45.32,45.319000,,Betano mapeado,Baja,contexto premium torneo actual,usa promedios del contexto premium/API-Football,depende mucho del arbitro y del contexto competitivo,https://www.betano.pe/cuotas-de-partido/estudiantes-de-la-plata-corinthians-sp/91127518/
2026-09-09,19:30,Estudiantes L.P. vs Corinthians,,,Local corners +6.5,CORNERS_HOME OVER.6.5,CORNERS_HOME:OVER_6_5,41.0%,0.409800,2.44,,,,,,,,,,,Sin cuota/EV,No encontrado en Betano,Solo modelo,4,56.98,56.976000,,Betano mapeado,Baja,contexto premium torneo actual,usa promedios del contexto premium/API-Football,el volumen ofensivo puede variar por planteamiento y marcador temprano,https://www.betano.pe/cuotas-de-partido/estudiantes-de-la-plata-corinthians-sp/91127518/
2026-09-09,19:30,Estudiantes L.P. vs Corinthians,,,Visita tarjetas +1.5,CARDS_AWAY OVER.1.5,CARDS_AWAY:OVER_1_5,40.8%,0.408200,2.45,,,,,,,,,,,Sin cuota/EV,No encontrado en Betano,Solo modelo,2,43.82,43.817000,,Betano mapeado,Baja,contexto premium torneo actual,usa promedios del contexto premium/API-Football,depende mucho del arbitro y del contexto competitivo,https://www.betano.pe/cuotas-de-partido/estudiantes-de-la-plata-corinthians-sp/91127518/
2026-09-09,19:30,Estudiantes L.P. vs Corinthians,10Bet,Betano,1T +0.5,FIRST_HALF_TOTALS OVER.0.5,FIRST_HALF_TOTALS:OVER_0_5,39.4%,0.393500,2.54,2.80,0.10,0.101700,0.26,1.10,1.70,-0.33,-0.331000,-0.84,0.67,EV positivo,EV negativo Betano,Equilibrado,5,68.88,68.882000,,Betano mapeado,Baja,contexto premium torneo actual,usa promedios del contexto premium/API-Football,el primer tiempo puede tener ritmo bajo o rotaciones,https://www.betano.pe/cuotas-de-partido/estudiantes-de-la-plata-corinthians-sp/91127518/
2026-09-09,19:30,Estudiantes L.P. vs Corinthians,,,Visita goles -0.5,TEAM_TOTAL_AWAY UNDER.0.5,TEAM_TOTAL_AWAY:UNDER_0_5,39.2%,0.391600,2.55,,,,,,,,,,,Sin cuota/EV,No encontrado en Betano,Solo modelo,4,55.16,55.161000,,Betano mapeado,Baja,torneo actual,usa Poisson base con estadisticas de goles del torneo,un gol temprano o baja eficacia puede cambiar la lectura del mercado,https://www.betano.pe/cuotas-de-partido/estudiantes-de-la-plata-corinthians-sp/91127518/
2026-09-09,19:30,Estudiantes L.P. vs Corinthians,,,Local goles -0.5,TEAM_TOTAL_HOME UNDER.0.5,TEAM_TOTAL_HOME:UNDER_0_5,38.9%,0.388700,2.57,,,,,,,,,,,Sin cuota/EV,No encontrado en Betano,Solo modelo,4,54.87,54.868000,,Betano mapeado,Baja,torneo actual,usa Poisson base con estadisticas de goles del torneo,un gol temprano o baja eficacia puede cambiar la lectura del mercado,https://www.betano.pe/cuotas-de-partido/estudiantes-de-la-plata-corinthians-sp/91127518/
2026-09-09,19:30,Estudiantes L.P. vs Corinthians,,,SHOTS_TOTAL UNDER.22.5,SHOTS_TOTAL UNDER.22.5,SHOTS_TOTAL:UNDER_22_5,38.4%,0.384000,2.60,,,,,,,,,,,Sin cuota/EV,No encontrado en Betano,Solo modelo,2,41.40,41.395000,,Betano mapeado,Baja,contexto premium torneo actual,usa promedios del contexto premium/API-Football,el volumen ofensivo puede variar por planteamiento y marcador temprano,https://www.betano.pe/cuotas-de-partido/estudiantes-de-la-plata-corinthians-sp/91127518/
2026-09-09,19:30,Estudiantes L.P. vs Corinthians,,Betano,Corners total +10.5,CORNERS_TOTALS OVER.10.5,CORNERS_TOTALS:OVER_10_5,38.0%,0.379500,2.63,,,,,,2.82,0.07,0.070200,0.18,1.07,Sin cuota/EV,EV positivo Betano,Solo modelo,6,77.07,77.071000,,Betano mapeado,Baja,contexto premium torneo actual,usa promedios del contexto premium/API-Football,el volumen ofensivo puede variar por planteamiento y marcador temprano,https://www.betano.pe/cuotas-de-partido/estudiantes-de-la-plata-corinthians-sp/91127518/
2026-09-09,19:30,Estudiantes L.P. vs Corinthians,10Bet,Betano,BTTS sí,BTTS YES,BTTS:YES,37.2%,0.371900,2.69,5.75,1.14,1.138600,3.06,2.14,2.32,-0.14,-0.137200,-0.37,0.86,EV positivo,EV negativo Betano,Equilibrado,8,91.49,91.491000,Cuota API muy superior a la cuota justa: revisar manualmente antes de apostar,Betano mapeado,Baja,torneo actual,usa Poisson base con estadisticas de goles del torneo,un gol temprano o baja eficacia puede cambiar la lectura del mercado,https://www.betano.pe/cuotas-de-partido/estudiantes-de-la-plata-corinthians-sp/91127518/
2026-09-09,19:30,Estudiantes L.P. vs Corinthians,10Bet,Betano,Corners total -8.5,CORNERS_TOTALS UNDER.8.5,CORNERS_TOTALS:UNDER_8_5,36.8%,0.367600,2.72,2.00,-0.26,-0.264800,-0.72,0.74,2.12,-0.22,-0.220700,-0.60,0.78,EV negativo,EV negativo Betano,Evitar,6,47.46,47.461000,Cuota por debajo de la cuota justa: valor limitado,Betano mapeado,Baja,contexto premium torneo actual,usa promedios del contexto premium/API-Football,el volumen ofensivo puede variar por planteamiento y marcador temprano,https://www.betano.pe/cuotas-de-partido/estudiantes-de-la-plata-corinthians-sp/91127518/
2026-09-09,19:30,Estudiantes L.P. vs Corinthians,,,SHOTS_ON_TARGET_TOTAL UNDER.6.5,SHOTS_ON_TARGET_TOTAL UNDER.6.5,SHOTS_ON_TARGET_TOTAL:UNDER_6_5,36.5%,0.364600,2.74,,,,,,,,,,,Sin cuota/EV,No encontrado en Betano,Solo modelo,2,39.46,39.462000,,Betano mapeado,Baja,contexto premium torneo actual,usa promedios del contexto premium/API-Football,el volumen ofensivo puede variar por planteamiento y marcador temprano,https://www.betano.pe/cuotas-de-partido/estudiantes-de-la-plata-corinthians-sp/91127518/
2026-09-09,19:30,Estudiantes L.P. vs Corinthians,,,Tarjetas total -3.5,CARDS_TOTALS UNDER.3.5,CARDS_TOTALS:UNDER_3_5,35.9%,0.359400,2.78,,,,,,,,,,,Sin cuota/EV,No encontrado en Betano,Solo modelo,3,43.95,43.945000,,Betano mapeado,Baja,contexto premium torneo actual,usa promedios del contexto premium/API-Football,depende mucho del arbitro y del contexto competitivo,https://www.betano.pe/cuotas-de-partido/estudiantes-de-la-plata-corinthians-sp/91127518/
2026-09-09,19:30,Estudiantes L.P. vs Corinthians,,,Local tarjetas +3.5,CARDS_HOME OVER.3.5,CARDS_HOME:OVER_3_5,35.3%,0.352800,2.83,,,,,,,,,,,Sin cuota/EV,No encontrado en Betano,Solo modelo,2,38.28,38.277000,,Betano mapeado,Baja,contexto premium torneo actual,usa promedios del contexto premium/API-Football,depende mucho del arbitro y del contexto competitivo,https://www.betano.pe/cuotas-de-partido/estudiantes-de-la-plata-corinthians-sp/91127518/
2026-09-09,19:30,Estudiantes L.P. vs Corinthians,,,SHOTS_ON_TARGET_TOTAL OVER.8.5,SHOTS_ON_TARGET_TOTAL OVER.8.5,SHOTS_ON_TARGET_TOTAL:OVER_8_5,35.2%,0.351800,2.84,,,,,,,,,,,Sin cuota/EV,No encontrado en Betano,Solo modelo,2,38.18,38.181000,,Betano mapeado,Baja,contexto premium torneo actual,usa promedios del contexto premium/API-Football,el volumen ofensivo puede variar por planteamiento y marcador temprano,https://www.betano.pe/cuotas-de-partido/estudiantes-de-la-plata-corinthians-sp/91127518/
2026-09-09,19:30,Estudiantes L.P. vs Corinthians,10Bet,Betano,Gana local,1X2 HOME,1X2:HOME,34.2%,0.342000,2.92,4.00,0.37,0.368000,1.08,1.37,2.32,-0.21,-0.206600,-0.60,0.79,EV positivo,EV negativo Betano,Equilibrado,7,80.52,80.517000,,Betano mapeado,Baja,torneo actual,usa Poisson base con estadisticas de goles del torneo,riesgo propio del resultado final y variacion del modelo,https://www.betano.pe/cuotas-de-partido/estudiantes-de-la-plata-corinthians-sp/91127518/
2026-09-09,19:30,Estudiantes L.P. vs Corinthians,10Bet,Betano,Gana visita,1X2 AWAY,1X2:AWAY,33.8%,0.338000,2.96,5.50,0.86,0.858800,2.54,1.86,3.55,0.20,0.199900,0.59,1.20,EV positivo,EV positivo Betano,Equilibrado,7,83.45,83.454000,Cuota API muy superior a la cuota justa: revisar manualmente antes de apostar,Betano mapeado,Baja,torneo actual,usa Poisson base con estadisticas de goles del torneo,riesgo propio del resultado final y variacion del modelo,https://www.betano.pe/cuotas-de-partido/estudiantes-de-la-plata-corinthians-sp/91127518/
2026-09-09,19:30,Estudiantes L.P. vs Corinthians,10Bet,Betano,Empate,1X2 DRAW,1X2:DRAW,32.0%,0.320000,3.12,1.53,-0.51,-0.510400,-1.59,0.49,2.95,-0.06,-0.056000,-0.17,0.94,EV negativo,EV negativo Betano,Evitar,7,45.92,45.921000,Cuota por debajo de la cuota justa: valor limitado,Betano mapeado,Baja,torneo actual,usa Poisson base con estadisticas de goles del torneo,riesgo propio del resultado final y variacion del modelo,https://www.betano.pe/cuotas-de-partido/estudiantes-de-la-plata-corinthians-sp/91127518/
2026-09-09,19:30,Estudiantes L.P. vs Corinthians,,,SHOTS_TOTAL OVER.26.5,SHOTS_TOTAL OVER.26.5,SHOTS_TOTAL:OVER_26_5,30.3%,0.303400,3.30,,,,,,,,,,,Sin cuota/EV,No encontrado en Betano,Solo modelo,2,33.34,33.340000,,Betano mapeado,Baja,contexto premium torneo actual,usa promedios del contexto premium/API-Football,el volumen ofensivo puede variar por planteamiento y marcador temprano,https://www.betano.pe/cuotas-de-partido/estudiantes-de-la-plata-corinthians-sp/91127518/
2026-09-09,19:30,Estudiantes L.P. vs Corinthians,,,Visita corners +4.5,CORNERS_AWAY OVER.4.5,CORNERS_AWAY:OVER_4_5,29.4%,0.293600,3.41,,,,,,,,,,,Sin cuota/EV,No encontrado en Betano,Solo modelo,4,45.36,45.356000,,Betano mapeado,Baja,contexto premium torneo actual,usa promedios del contexto premium/API-Football,el volumen ofensivo puede variar por planteamiento y marcador temprano,https://www.betano.pe/cuotas-de-partido/estudiantes-de-la-plata-corinthians-sp/91127518/
2026-09-09,19:30,Estudiantes L.P. vs Corinthians,10Bet,Betano,Goles +2.5,TOTALS OVER.2.5,TOTALS:OVER_2_5,29.2%,0.291600,3.43,2.90,-0.15,-0.154500,-0.53,0.85,2.92,-0.15,-0.148500,-0.51,0.85,EV negativo,EV negativo Betano,Evitar,8,53.00,52.999000,Cuota por debajo de la cuota justa: valor limitado,Betano mapeado,Baja,torneo actual,usa Poisson base con estadisticas de goles del torneo,un gol temprano o baja eficacia puede cambiar la lectura del mercado,https://www.betano.pe/cuotas-de-partido/estudiantes-de-la-plata-corinthians-sp/91127518/
2026-09-09,19:30,Estudiantes L.P. vs Corinthians,,Betano,Tarjetas total +5.5,CARDS_TOTALS OVER.5.5,CARDS_TOTALS:OVER_5_5,28.0%,0.280100,3.57,,,,,,1.80,-0.50,-0.495800,-1.77,0.50,Sin cuota/EV,EV negativo Betano,Solo modelo,3,36.08,36.076000,,Betano mapeado,Baja,contexto premium torneo actual,usa promedios del contexto premium/API-Football,depende mucho del arbitro y del contexto competitivo,https://www.betano.pe/cuotas-de-partido/estudiantes-de-la-plata-corinthians-sp/91127518/
2026-09-09,19:30,Estudiantes L.P. vs Corinthians,10Bet,,Local corners -4.5,CORNERS_HOME UNDER.4.5,CORNERS_HOME:UNDER_4_5,27.2%,0.271900,3.68,2.05,-0.44,-0.442600,-1.63,0.56,,,,,,EV negativo,No encontrado en Betano,Evitar,4,16.22,16.222000,Cuota por debajo de la cuota justa: valor limitado,Betano mapeado,Baja,contexto premium torneo actual,usa promedios del contexto premium/API-Football,el volumen ofensivo puede variar por planteamiento y marcador temprano,https://www.betano.pe/cuotas-de-partido/estudiantes-de-la-plata-corinthians-sp/91127518/
2026-09-09,19:30,Estudiantes L.P. vs Corinthians,,,Corners total +11.5,CORNERS_TOTALS OVER.11.5,CORNERS_TOTALS:OVER_11_5,27.0%,0.269700,3.71,,,,,,,,,,,Sin cuota/EV,No encontrado en Betano,Solo modelo,6,56.97,56.967000,,Betano mapeado,Baja,contexto premium torneo actual,usa promedios del contexto premium/API-Football,el volumen ofensivo puede variar por planteamiento y marcador temprano,https://www.betano.pe/cuotas-de-partido/estudiantes-de-la-plata-corinthians-sp/91127518/
2026-09-09,19:30,Estudiantes L.P. vs Corinthians,,,Corners total -7.5,CORNERS_TOTALS UNDER.7.5,CORNERS_TOTALS:UNDER_7_5,24.9%,0.248500,4.03,,,,,,,,,,,Sin cuota/EV,No encontrado en Betano,Solo modelo,6,54.85,54.847000,,Betano mapeado,Baja,contexto premium torneo actual,usa promedios del contexto premium/API-Football,el volumen ofensivo puede variar por planteamiento y marcador temprano,https://www.betano.pe/cuotas-de-partido/estudiantes-de-la-plata-corinthians-sp/91127518/
2026-09-09,19:30,Estudiantes L.P. vs Corinthians,,,Visita tarjetas -0.5,CARDS_AWAY UNDER.0.5,CARDS_AWAY:UNDER_0_5,24.7%,0.246600,4.05,,,,,,,,,,,Sin cuota/EV,No encontrado en Betano,Solo modelo,2,27.66,27.660000,,Betano mapeado,Baja,contexto premium torneo actual,usa promedios del contexto premium/API-Football,depende mucho del arbitro y del contexto competitivo,https://www.betano.pe/cuotas-de-partido/estudiantes-de-la-plata-corinthians-sp/91127518/
2026-09-09,19:30,Estudiantes L.P. vs Corinthians,,,Local goles +1.5,TEAM_TOTAL_HOME OVER.1.5,TEAM_TOTAL_HOME:OVER_1_5,24.4%,0.244000,4.10,,,,,,,,,,,Sin cuota/EV,No encontrado en Betano,Solo modelo,4,40.40,40.402000,,Betano mapeado,Baja,torneo actual,usa Poisson base con estadisticas de goles del torneo,un gol temprano o baja eficacia puede cambiar la lectura del mercado,https://www.betano.pe/cuotas-de-partido/estudiantes-de-la-plata-corinthians-sp/91127518/
2026-09-09,19:30,Estudiantes L.P. vs Corinthians,,,Visita goles +1.5,TEAM_TOTAL_AWAY OVER.1.5,TEAM_TOTAL_AWAY:OVER_1_5,24.1%,0.241300,4.14,,,,,,,,,,,Sin cuota/EV,No encontrado en Betano,Solo modelo,4,40.13,40.126000,,Betano mapeado,Baja,torneo actual,usa Poisson base con estadisticas de goles del torneo,un gol temprano o baja eficacia puede cambiar la lectura del mercado,https://www.betano.pe/cuotas-de-partido/estudiantes-de-la-plata-corinthians-sp/91127518/
2026-09-09,19:30,Estudiantes L.P. vs Corinthians,,,SHOTS_TOTAL UNDER.20.5,SHOTS_TOTAL UNDER.20.5,SHOTS_TOTAL:UNDER_20_5,23.6%,0.236500,4.23,,,,,,,,,,,Sin cuota/EV,No encontrado en Betano,Solo modelo,2,26.64,26.645000,,Betano mapeado,Baja,contexto premium torneo actual,usa promedios del contexto premium/API-Football,el volumen ofensivo puede variar por planteamiento y marcador temprano,https://www.betano.pe/cuotas-de-partido/estudiantes-de-la-plata-corinthians-sp/91127518/
2026-09-09,19:30,Estudiantes L.P. vs Corinthians,,,SHOTS_ON_TARGET_TOTAL OVER.9.5,SHOTS_ON_TARGET_TOTAL OVER.9.5,SHOTS_ON_TARGET_TOTAL:OVER_9_5,23.5%,0.235100,4.25,,,,,,,,,,,Sin cuota/EV,No encontrado en Betano,Solo modelo,2,26.52,26.515000,,Betano mapeado,Baja,contexto premium torneo actual,usa promedios del contexto premium/API-Football,el volumen ofensivo puede variar por planteamiento y marcador temprano,https://www.betano.pe/cuotas-de-partido/estudiantes-de-la-plata-corinthians-sp/91127518/
2026-09-09,19:30,Estudiantes L.P. vs Corinthians,,,Local tarjetas -1.5,CARDS_HOME UNDER.1.5,CARDS_HOME:UNDER_1_5,19.9%,0.199100,5.02,,,,,,,,,,,Sin cuota/EV,No encontrado en Betano,Solo modelo,2,22.91,22.915000,,Betano mapeado,Baja,contexto premium torneo actual,usa promedios del contexto premium/API-Football,depende mucho del arbitro y del contexto competitivo,https://www.betano.pe/cuotas-de-partido/estudiantes-de-la-plata-corinthians-sp/91127518/
2026-09-09,19:30,Estudiantes L.P. vs Corinthians,,,Tarjetas total -2.5,CARDS_TOTALS UNDER.2.5,CARDS_TOTALS:UNDER_2_5,18.5%,0.185100,5.40,,,,,,,,,,,Sin cuota/EV,No encontrado en Betano,Solo modelo,3,26.51,26.514000,,Betano mapeado,Baja,contexto premium torneo actual,usa promedios del contexto premium/API-Football,depende mucho del arbitro y del contexto competitivo,https://www.betano.pe/cuotas-de-partido/estudiantes-de-la-plata-corinthians-sp/91127518/
2026-09-09,19:30,Estudiantes L.P. vs Corinthians,,,Visita tarjetas +2.5,CARDS_AWAY OVER.2.5,CARDS_AWAY:OVER_2_5,16.7%,0.166500,6.01,,,,,,,,,,,Sin cuota/EV,No encontrado en Betano,Solo modelo,2,19.65,19.650000,,Betano mapeado,Baja,contexto premium torneo actual,usa promedios del contexto premium/API-Football,depende mucho del arbitro y del contexto competitivo,https://www.betano.pe/cuotas-de-partido/estudiantes-de-la-plata-corinthians-sp/91127518/
2026-09-09,19:30,Estudiantes L.P. vs Corinthians,,Betano,Tarjetas total +6.5,CARDS_TOTALS OVER.6.5,CARDS_TOTALS:OVER_6_5,15.6%,0.156400,6.40,,,,,,2.37,-0.63,-0.629300,-4.03,0.37,Sin cuota/EV,EV negativo Betano,Solo modelo,3,21.64,21.635000,,Betano mapeado,Baja,contexto premium torneo actual,usa promedios del contexto premium/API-Football,depende mucho del arbitro y del contexto competitivo,https://www.betano.pe/cuotas-de-partido/estudiantes-de-la-plata-corinthians-sp/91127518/
2026-09-09,19:30,Estudiantes L.P. vs Corinthians,,,Visita corners +5.5,CORNERS_AWAY OVER.5.5,CORNERS_AWAY:OVER_5_5,15.6%,0.155900,6.42,,,,,,,,,,,Sin cuota/EV,No encontrado en Betano,Solo modelo,4,31.59,31.588000,,Betano mapeado,Baja,contexto premium torneo actual,usa promedios del contexto premium/API-Football,el volumen ofensivo puede variar por planteamiento y marcador temprano,https://www.betano.pe/cuotas-de-partido/estudiantes-de-la-plata-corinthians-sp/91127518/
2026-09-09,19:30,Estudiantes L.P. vs Corinthians,,,Local corners -3.5,CORNERS_HOME UNDER.3.5,CORNERS_HOME:UNDER_3_5,14.2%,0.142500,7.02,,,,,,,,,,,Sin cuota/EV,No encontrado en Betano,Solo modelo,4,30.25,30.250000,,Betano mapeado,Baja,contexto premium torneo actual,usa promedios del contexto premium/API-Football,el volumen ofensivo puede variar por planteamiento y marcador temprano,https://www.betano.pe/cuotas-de-partido/estudiantes-de-la-plata-corinthians-sp/91127518/
2026-09-09,19:30,Estudiantes L.P. vs Corinthians,,,SHOTS_TOTAL UNDER.18.5,SHOTS_TOTAL UNDER.18.5,SHOTS_TOTAL:UNDER_18_5,12.4%,0.124200,8.05,,,,,,,,,,,Sin cuota/EV,No encontrado en Betano,Solo modelo,2,15.42,15.421000,,Betano mapeado,Baja,contexto premium torneo actual,usa promedios del contexto premium/API-Football,el volumen ofensivo puede variar por planteamiento y marcador temprano,https://www.betano.pe/cuotas-de-partido/estudiantes-de-la-plata-corinthians-sp/91127518/
2026-09-09,19:30,Estudiantes L.P. vs Corinthians,10Bet,,Goles +3.5,TOTALS OVER.3.5,TOTALS:OVER_3_5,12.2%,0.122300,8.18,6.25,-0.24,-0.235500,-1.93,0.76,,,,,,EV negativo,No encontrado en Betano,Evitar,1,-6.01,-6.007000,Cuota por debajo de la cuota justa: valor limitado,Betano mapeado,Baja,torneo actual,usa Poisson base con estadisticas de goles del torneo,un gol temprano o baja eficacia puede cambiar la lectura del mercado,https://www.betano.pe/cuotas-de-partido/estudiantes-de-la-plata-corinthians-sp/91127518/
2026-09-09,19:30,Estudiantes L.P. vs Corinthians,10Bet,Betano,1T +1.5,FIRST_HALF_TOTALS OVER.1.5,FIRST_HALF_TOTALS:OVER_1_5,9.0%,0.090200,11.09,3.80,-0.66,-0.657200,-7.29,0.34,4.05,-0.63,-0.634700,-7.04,0.37,EV negativo,EV negativo Betano,Evitar,5,1.19,1.190000,Cuota por debajo de la cuota justa: valor limitado,Betano mapeado,Baja,contexto premium torneo actual,usa promedios del contexto premium/API-Football,el primer tiempo puede tener ritmo bajo o rotaciones,https://www.betano.pe/cuotas-de-partido/estudiantes-de-la-plata-corinthians-sp/91127518/
2026-09-09,19:30,Estudiantes L.P. vs Corinthians,,,Visita corners +6.5,CORNERS_AWAY OVER.6.5,CORNERS_AWAY:OVER_6_5,7.3%,0.073300,13.65,,,,,,,,,,,Sin cuota/EV,No encontrado en Betano,Solo modelo,4,23.33,23.327000,,Betano mapeado,Baja,contexto premium torneo actual,usa promedios del contexto premium/API-Football,el volumen ofensivo puede variar por planteamiento y marcador temprano,https://www.betano.pe/cuotas-de-partido/estudiantes-de-la-plata-corinthians-sp/91127518/
2026-09-09,19:30,Estudiantes L.P. vs Corinthians,,,Local goles +2.5,TEAM_TOTAL_HOME OVER.2.5,TEAM_TOTAL_HOME:OVER_2_5,7.0%,0.070500,14.19,,,,,,,,,,,Sin cuota/EV,No encontrado en Betano,Solo modelo,4,23.05,23.047000,,Betano mapeado,Baja,torneo actual,usa Poisson base con estadisticas de goles del torneo,un gol temprano o baja eficacia puede cambiar la lectura del mercado,https://www.betano.pe/cuotas-de-partido/estudiantes-de-la-plata-corinthians-sp/91127518/
2026-09-09,19:30,Estudiantes L.P. vs Corinthians,,,Visita goles +2.5,TEAM_TOTAL_AWAY OVER.2.5,TEAM_TOTAL_AWAY:OVER_2_5,6.9%,0.069200,14.46,,,,,,,,,,,Sin cuota/EV,No encontrado en Betano,Solo modelo,4,22.92,22.917000,,Betano mapeado,Baja,torneo actual,usa Poisson base con estadisticas de goles del torneo,un gol temprano o baja eficacia puede cambiar la lectura del mercado,https://www.betano.pe/cuotas-de-partido/estudiantes-de-la-plata-corinthians-sp/91127518/
2026-09-09,19:30,Estudiantes L.P. vs Corinthians,,,Visita tarjetas +3.5,CARDS_AWAY OVER.3.5,CARDS_AWAY:OVER_3_5,5.4%,0.053700,18.61,,,,,,,,,,,Sin cuota/EV,No encontrado en Betano,Solo modelo,2,8.37,8.373000,,Betano mapeado,Baja,contexto premium torneo actual,usa promedios del contexto premium/API-Football,depende mucho del arbitro y del contexto competitivo,https://www.betano.pe/cuotas-de-partido/estudiantes-de-la-plata-corinthians-sp/91127518/
2026-09-09,19:30,Estudiantes L.P. vs Corinthians,,,Local tarjetas -0.5,CARDS_HOME UNDER.0.5,CARDS_HOME:UNDER_0_5,5.0%,0.049800,20.09,,,,,,,,,,,Sin cuota/EV,No encontrado en Betano,Solo modelo,2,7.98,7.979000,,Betano mapeado,Baja,contexto premium torneo actual,usa promedios del contexto premium/API-Football,depende mucho del arbitro y del contexto competitivo,https://www.betano.pe/cuotas-de-partido/estudiantes-de-la-plata-corinthians-sp/91127518/
