fecha,hora,partido,bookmaker_api,bookmaker_betano,pick,market_original,key,probabilidad,prob_num,cuota_api,ev_api,ev_api_num,cuota_betano,ev_betano,ev_betano_num,estado_api,estado_betano,confianza,fuente,razon,riesgo,betano_url
2026-07-28,17:00,Tigre vs Club Nacional,,,Visita goles -2.5,TEAM_TOTAL_AWAY UNDER.2.5,TEAM_TOTAL_AWAY:UNDER_2_5,99.4%,0.994200,,,,,,,Sin cuota/EV,No encontrado en Betano,Alta,torneo actual,usa Poisson base con estadisticas de goles del torneo,un gol temprano o baja eficacia puede cambiar la lectura del mercado,
2026-07-28,17:00,Tigre vs Club Nacional,,,Corners total -11.5,CORNERS_TOTALS UNDER.11.5,CORNERS_TOTALS:UNDER_11_5,99.0%,0.990400,,,,,,,Sin cuota/EV,No encontrado en Betano,Alta,contexto premium torneo actual,usa promedios del contexto premium/API-Football,el volumen ofensivo puede variar por planteamiento y marcador temprano,
2026-07-28,17:00,Tigre vs Club Nacional,,,Local corners -6.5,CORNERS_HOME UNDER.6.5,CORNERS_HOME:UNDER_6_5,98.3%,0.982800,,,,,,,Sin cuota/EV,No encontrado en Betano,Alta,contexto premium torneo actual,usa promedios del contexto premium/API-Football,el volumen ofensivo puede variar por planteamiento y marcador temprano,
2026-07-28,17:00,Tigre vs Club Nacional,,,Corners total -10.5,CORNERS_TOTALS UNDER.10.5,CORNERS_TOTALS:UNDER_10_5,97.8%,0.977500,,,,,,,Sin cuota/EV,No encontrado en Betano,Alta,contexto premium torneo actual,usa promedios del contexto premium/API-Football,el volumen ofensivo puede variar por planteamiento y marcador temprano,
2026-07-28,17:00,Tigre vs Club Nacional,,,Visita corners -6.5,CORNERS_AWAY UNDER.6.5,CORNERS_AWAY:UNDER_6_5,97.6%,0.975600,,,,,,,Sin cuota/EV,No encontrado en Betano,Alta,contexto premium torneo actual,usa promedios del contexto premium/API-Football,el volumen ofensivo puede variar por planteamiento y marcador temprano,
2026-07-28,17:00,Tigre vs Club Nacional,,,DOUBLE_CHANCE 1X,DOUBLE_CHANCE 1X,DOUBLE_CHANCE:1X,96.2%,0.962400,,,,,,,Sin cuota/EV,No encontrado en Betano,Alta,torneo actual,usa Poisson base con estadisticas de goles del torneo,riesgo propio del resultado final y variacion del modelo,
2026-07-28,17:00,Tigre vs Club Nacional,,,DNB local,DRAW_NO_BET HOME,DRAW_NO_BET:HOME,95.7%,0.957000,,,,,,,Sin cuota/EV,No encontrado en Betano,Alta,torneo actual,usa Poisson base con estadisticas de goles del torneo,riesgo propio del resultado final y variacion del modelo,
2026-07-28,17:00,Tigre vs Club Nacional,,,SHOTS_ON_TARGET_TOTAL UNDER.9.5,SHOTS_ON_TARGET_TOTAL UNDER.9.5,SHOTS_ON_TARGET_TOTAL:UNDER_9_5,95.6%,0.955900,,,,,,,Sin cuota/EV,No encontrado en Betano,Alta,contexto premium torneo actual,usa promedios del contexto premium/API-Football,el volumen ofensivo puede variar por planteamiento y marcador temprano,
2026-07-28,17:00,Tigre vs Club Nacional,,,Corners total -9.5,CORNERS_TOTALS UNDER.9.5,CORNERS_TOTALS:UNDER_9_5,95.1%,0.951200,,,,,,,Sin cuota/EV,No encontrado en Betano,Alta,contexto premium torneo actual,usa promedios del contexto premium/API-Football,el volumen ofensivo puede variar por planteamiento y marcador temprano,
2026-07-28,17:00,Tigre vs Club Nacional,,,Local corners -5.5,CORNERS_HOME UNDER.5.5,CORNERS_HOME:UNDER_5_5,95.1%,0.951000,,,,,,,Sin cuota/EV,No encontrado en Betano,Alta,contexto premium torneo actual,usa promedios del contexto premium/API-Football,el volumen ofensivo puede variar por planteamiento y marcador temprano,
2026-07-28,17:00,Tigre vs Club Nacional,,,Visita goles -1.5,TEAM_TOTAL_AWAY UNDER.1.5,TEAM_TOTAL_AWAY:UNDER_1_5,95.0%,0.949600,,,,,,,Sin cuota/EV,No encontrado en Betano,Alta,torneo actual,usa Poisson base con estadisticas de goles del torneo,un gol temprano o baja eficacia puede cambiar la lectura del mercado,
2026-07-28,17:00,Tigre vs Club Nacional,,,Visita corners -5.5,CORNERS_AWAY UNDER.5.5,CORNERS_AWAY:UNDER_5_5,93.5%,0.934900,,,,,,,Sin cuota/EV,No encontrado en Betano,Alta,contexto premium torneo actual,usa promedios del contexto premium/API-Football,el volumen ofensivo puede variar por planteamiento y marcador temprano,
2026-07-28,17:00,Tigre vs Club Nacional,,,SHOTS_TOTAL UNDER.26.5,SHOTS_TOTAL UNDER.26.5,SHOTS_TOTAL:UNDER_26_5,92.9%,0.928800,,,,,,,Sin cuota/EV,No encontrado en Betano,Alta,contexto premium torneo actual,usa promedios del contexto premium/API-Football,el volumen ofensivo puede variar por planteamiento y marcador temprano,
2026-07-28,17:00,Tigre vs Club Nacional,,,Local tarjetas +0.5,CARDS_HOME OVER.0.5,CARDS_HOME:OVER_0_5,92.6%,0.925700,,,,,,,Sin cuota/EV,No encontrado en Betano,Alta,contexto premium torneo actual,usa promedios del contexto premium/API-Football,depende mucho del arbitro y del contexto competitivo,
2026-07-28,17:00,Tigre vs Club Nacional,,,Local goles +0.5,TEAM_TOTAL_HOME OVER.0.5,TEAM_TOTAL_HOME:OVER_0_5,91.4%,0.914200,,,,,,,Sin cuota/EV,No encontrado en Betano,Alta,torneo actual,usa Poisson base con estadisticas de goles del torneo,un gol temprano o baja eficacia puede cambiar la lectura del mercado,
2026-07-28,17:00,Tigre vs Club Nacional,,,SHOTS_ON_TARGET_TOTAL UNDER.8.5,SHOTS_ON_TARGET_TOTAL UNDER.8.5,SHOTS_ON_TARGET_TOTAL:UNDER_8_5,91.1%,0.910600,,,,,,,Sin cuota/EV,No encontrado en Betano,Alta,contexto premium torneo actual,usa promedios del contexto premium/API-Football,el volumen ofensivo puede variar por planteamiento y marcador temprano,
2026-07-28,17:00,Tigre vs Club Nacional,,,Corners total -8.5,CORNERS_TOTALS UNDER.8.5,CORNERS_TOTALS:UNDER_8_5,90.3%,0.902700,,,,,,,Sin cuota/EV,No encontrado en Betano,Alta,contexto premium torneo actual,usa promedios del contexto premium/API-Football,el volumen ofensivo puede variar por planteamiento y marcador temprano,
2026-07-28,17:00,Tigre vs Club Nacional,,,Local corners -4.5,CORNERS_HOME UNDER.4.5,CORNERS_HOME:UNDER_4_5,87.7%,0.877400,,,,,,,Sin cuota/EV,No encontrado en Betano,Alta,contexto premium torneo actual,usa promedios del contexto premium/API-Football,el volumen ofensivo puede variar por planteamiento y marcador temprano,
2026-07-28,17:00,Tigre vs Club Nacional,,,DOUBLE_CHANCE 12,DOUBLE_CHANCE 12,DOUBLE_CHANCE:12,87.6%,0.875600,,,,,,,Sin cuota/EV,No encontrado en Betano,Alta,torneo actual,usa Poisson base con estadisticas de goles del torneo,riesgo propio del resultado final y variacion del modelo,
2026-07-28,17:00,Tigre vs Club Nacional,,,Visita tarjetas +0.5,CARDS_AWAY OVER.0.5,CARDS_AWAY:OVER_0_5,86.5%,0.864700,,,,,,,Sin cuota/EV,No encontrado en Betano,Alta,contexto premium torneo actual,usa promedios del contexto premium/API-Football,depende mucho del arbitro y del contexto competitivo,
2026-07-28,17:00,Tigre vs Club Nacional,,,Visita tarjetas -3.5,CARDS_AWAY UNDER.3.5,CARDS_AWAY:UNDER_3_5,85.7%,0.857100,,,,,,,Sin cuota/EV,No encontrado en Betano,Alta,contexto premium torneo actual,usa promedios del contexto premium/API-Football,depende mucho del arbitro y del contexto competitivo,
2026-07-28,17:00,Tigre vs Club Nacional,,,SHOTS_TOTAL UNDER.24.5,SHOTS_TOTAL UNDER.24.5,SHOTS_TOTAL:UNDER_24_5,85.4%,0.854100,,,,,,,Sin cuota/EV,No encontrado en Betano,Alta,contexto premium torneo actual,usa promedios del contexto premium/API-Football,el volumen ofensivo puede variar por planteamiento y marcador temprano,
2026-07-28,17:00,Tigre vs Club Nacional,,,Visita corners -4.5,CORNERS_AWAY UNDER.4.5,CORNERS_AWAY:UNDER_4_5,84.8%,0.847700,,,,,,,Sin cuota/EV,No encontrado en Betano,Alta,contexto premium torneo actual,usa promedios del contexto premium/API-Football,el volumen ofensivo puede variar por planteamiento y marcador temprano,
2026-07-28,17:00,Tigre vs Club Nacional,,,Gana local,1X2 HOME,1X2:HOME,83.8%,0.838000,,,,,,,Sin cuota/EV,No encontrado en Betano,Alta,torneo actual,usa Poisson base con estadisticas de goles del torneo,riesgo propio del resultado final y variacion del modelo,
2026-07-28,17:00,Tigre vs Club Nacional,,,Tarjetas total +2.5,CARDS_TOTALS OVER.2.5,CARDS_TOTALS:OVER_2_5,83.7%,0.837400,,,,,,,Sin cuota/EV,No encontrado en Betano,Alta,contexto premium torneo actual,usa promedios del contexto premium/API-Football,depende mucho del arbitro y del contexto competitivo,
2026-07-28,17:00,Tigre vs Club Nacional,,,SHOTS_ON_TARGET_TOTAL UNDER.7.5,SHOTS_ON_TARGET_TOTAL UNDER.7.5,SHOTS_ON_TARGET_TOTAL:UNDER_7_5,83.4%,0.833500,,,,,,,Sin cuota/EV,No encontrado en Betano,Alta,contexto premium torneo actual,usa promedios del contexto premium/API-Football,el volumen ofensivo puede variar por planteamiento y marcador temprano,
2026-07-28,17:00,Tigre vs Club Nacional,,,Corners total -7.5,CORNERS_TOTALS UNDER.7.5,CORNERS_TOTALS:UNDER_7_5,82.2%,0.821700,,,,,,,Sin cuota/EV,No encontrado en Betano,Alta,contexto premium torneo actual,usa promedios del contexto premium/API-Football,el volumen ofensivo puede variar por planteamiento y marcador temprano,
2026-07-28,17:00,Tigre vs Club Nacional,,,Tarjetas total -6.5,CARDS_TOTALS UNDER.6.5,CARDS_TOTALS:UNDER_6_5,81.8%,0.818000,,,,,,,Sin cuota/EV,No encontrado en Betano,Alta,contexto premium torneo actual,usa promedios del contexto premium/API-Football,depende mucho del arbitro y del contexto competitivo,
2026-07-28,17:00,Tigre vs Club Nacional,,,1T +0.5,FIRST_HALF_TOTALS OVER.0.5,FIRST_HALF_TOTALS:OVER_0_5,81.7%,0.817300,,,,,,,Sin cuota/EV,No encontrado en Betano,Alta,contexto premium torneo actual,usa promedios del contexto premium/API-Football,el primer tiempo puede tener ritmo bajo o rotaciones,
2026-07-28,17:00,Tigre vs Club Nacional,,,Goles +1.5,TOTALS OVER.1.5,TOTALS:OVER_1_5,77.2%,0.772200,,,,,,,Sin cuota/EV,No encontrado en Betano,Alta,torneo actual,usa Poisson base con estadisticas de goles del torneo,un gol temprano o baja eficacia puede cambiar la lectura del mercado,
2026-07-28,17:00,Tigre vs Club Nacional,,,Local corners -3.5,CORNERS_HOME UNDER.3.5,CORNERS_HOME:UNDER_3_5,73.6%,0.736000,,,,,,,Sin cuota/EV,No encontrado en Betano,Alta,contexto premium torneo actual,usa promedios del contexto premium/API-Football,el volumen ofensivo puede variar por planteamiento y marcador temprano,
2026-07-28,17:00,Tigre vs Club Nacional,,,Local tarjetas -3.5,CARDS_HOME UNDER.3.5,CARDS_HOME:UNDER_3_5,73.6%,0.736000,,,,,,,Sin cuota/EV,No encontrado en Betano,Alta,contexto premium torneo actual,usa promedios del contexto premium/API-Football,depende mucho del arbitro y del contexto competitivo,
2026-07-28,17:00,Tigre vs Club Nacional,,,SHOTS_TOTAL UNDER.22.5,SHOTS_TOTAL UNDER.22.5,SHOTS_TOTAL:UNDER_22_5,73.6%,0.735800,,,,,,,Sin cuota/EV,No encontrado en Betano,Alta,contexto premium torneo actual,usa promedios del contexto premium/API-Football,el volumen ofensivo puede variar por planteamiento y marcador temprano,
2026-07-28,17:00,Tigre vs Club Nacional,,,Local tarjetas +1.5,CARDS_HOME OVER.1.5,CARDS_HOME:OVER_1_5,73.3%,0.732600,,,,,,,Sin cuota/EV,No encontrado en Betano,Alta,contexto premium torneo actual,usa promedios del contexto premium/API-Football,depende mucho del arbitro y del contexto competitivo,
2026-07-28,17:00,Tigre vs Club Nacional,,,BTTS no,BTTS NO,BTTS:NO,72.5%,0.725400,,,,,,,Sin cuota/EV,No encontrado en Betano,Alta,torneo actual,usa Poisson base con estadisticas de goles del torneo,un gol temprano o baja eficacia puede cambiar la lectura del mercado,
2026-07-28,17:00,Tigre vs Club Nacional,,,SHOTS_ON_TARGET_TOTAL UNDER.6.5,SHOTS_ON_TARGET_TOTAL UNDER.6.5,SHOTS_ON_TARGET_TOTAL:UNDER_6_5,71.7%,0.717100,,,,,,,Sin cuota/EV,No encontrado en Betano,Alta,contexto premium torneo actual,usa promedios del contexto premium/API-Football,el volumen ofensivo puede variar por planteamiento y marcador temprano,
2026-07-28,17:00,Tigre vs Club Nacional,,,Local goles +1.5,TEAM_TOTAL_HOME OVER.1.5,TEAM_TOTAL_HOME:OVER_1_5,70.5%,0.705100,,,,,,,Sin cuota/EV,No encontrado en Betano,Alta,torneo actual,usa Poisson base con estadisticas de goles del torneo,un gol temprano o baja eficacia puede cambiar la lectura del mercado,
2026-07-28,17:00,Tigre vs Club Nacional,,,Visita goles -0.5,TEAM_TOTAL_AWAY UNDER.0.5,TEAM_TOTAL_AWAY:UNDER_0_5,70.0%,0.700000,,,,,,,Sin cuota/EV,No encontrado en Betano,Media,torneo actual,usa Poisson base con estadisticas de goles del torneo,un gol temprano o baja eficacia puede cambiar la lectura del mercado,
2026-07-28,17:00,Tigre vs Club Nacional,,,Visita corners -3.5,CORNERS_AWAY UNDER.3.5,CORNERS_AWAY:UNDER_3_5,69.2%,0.691900,,,,,,,Sin cuota/EV,No encontrado en Betano,Media,contexto premium torneo actual,usa promedios del contexto premium/API-Football,el volumen ofensivo puede variar por planteamiento y marcador temprano,
2026-07-28,17:00,Tigre vs Club Nacional,,,Goles -3.5,TOTALS UNDER.3.5,TOTALS:UNDER_3_5,68.7%,0.687300,,,,,,,Sin cuota/EV,No encontrado en Betano,Media,torneo actual,usa Poisson base con estadisticas de goles del torneo,un gol temprano o baja eficacia puede cambiar la lectura del mercado,
2026-07-28,17:00,Tigre vs Club Nacional,,,Tarjetas total -5.5,CARDS_TOTALS UNDER.5.5,CARDS_TOTALS:UNDER_5_5,68.6%,0.685800,,,,,,,Sin cuota/EV,No encontrado en Betano,Media,contexto premium torneo actual,usa promedios del contexto premium/API-Football,depende mucho del arbitro y del contexto competitivo,
2026-07-28,17:00,Tigre vs Club Nacional,,,Visita tarjetas -2.5,CARDS_AWAY UNDER.2.5,CARDS_AWAY:UNDER_2_5,67.7%,0.676700,,,,,,,Sin cuota/EV,No encontrado en Betano,Media,contexto premium torneo actual,usa promedios del contexto premium/API-Football,depende mucho del arbitro y del contexto competitivo,
2026-07-28,17:00,Tigre vs Club Nacional,,,Tarjetas total +3.5,CARDS_TOTALS OVER.3.5,CARDS_TOTALS:OVER_3_5,67.4%,0.674300,,,,,,,Sin cuota/EV,No encontrado en Betano,Media,contexto premium torneo actual,usa promedios del contexto premium/API-Football,depende mucho del arbitro y del contexto competitivo,
2026-07-28,17:00,Tigre vs Club Nacional,,,SHOTS_TOTAL OVER.18.5,SHOTS_TOTAL OVER.18.5,SHOTS_TOTAL:OVER_18_5,60.2%,0.601500,,,,,,,Sin cuota/EV,No encontrado en Betano,Media,contexto premium torneo actual,usa promedios del contexto premium/API-Football,el volumen ofensivo puede variar por planteamiento y marcador temprano,
2026-07-28,17:00,Tigre vs Club Nacional,,,Visita tarjetas +1.5,CARDS_AWAY OVER.1.5,CARDS_AWAY:OVER_1_5,59.4%,0.594000,,,,,,,Sin cuota/EV,No encontrado en Betano,Media,contexto premium torneo actual,usa promedios del contexto premium/API-Football,depende mucho del arbitro y del contexto competitivo,
2026-07-28,17:00,Tigre vs Club Nacional,,,SHOTS_TOTAL UNDER.20.5,SHOTS_TOTAL UNDER.20.5,SHOTS_TOTAL:UNDER_20_5,57.7%,0.576900,,,,,,,Sin cuota/EV,No encontrado en Betano,Media,contexto premium torneo actual,usa promedios del contexto premium/API-Football,el volumen ofensivo puede variar por planteamiento y marcador temprano,
2026-07-28,17:00,Tigre vs Club Nacional,,,Local goles -2.5,TEAM_TOTAL_HOME UNDER.2.5,TEAM_TOTAL_HOME:UNDER_2_5,55.3%,0.552900,,,,,,,Sin cuota/EV,No encontrado en Betano,Media,torneo actual,usa Poisson base con estadisticas de goles del torneo,un gol temprano o baja eficacia puede cambiar la lectura del mercado,
2026-07-28,17:00,Tigre vs Club Nacional,,,Goles +2.5,TOTALS OVER.2.5,TOTALS:OVER_2_5,53.6%,0.535600,,,,,,,Sin cuota/EV,No encontrado en Betano,Baja,torneo actual,usa Poisson base con estadisticas de goles del torneo,un gol temprano o baja eficacia puede cambiar la lectura del mercado,
2026-07-28,17:00,Tigre vs Club Nacional,,,Local tarjetas -2.5,CARDS_HOME UNDER.2.5,CARDS_HOME:UNDER_2_5,51.8%,0.518400,,,,,,,Sin cuota/EV,No encontrado en Betano,Baja,contexto premium torneo actual,usa promedios del contexto premium/API-Football,depende mucho del arbitro y del contexto competitivo,
2026-07-28,17:00,Tigre vs Club Nacional,,,Tarjetas total -4.5,CARDS_TOTALS UNDER.4.5,CARDS_TOTALS:UNDER_4_5,51.3%,0.513200,,,,,,,Sin cuota/EV,No encontrado en Betano,Baja,contexto premium torneo actual,usa promedios del contexto premium/API-Football,depende mucho del arbitro y del contexto competitivo,
2026-07-28,17:00,Tigre vs Club Nacional,,,1T +1.5,FIRST_HALF_TOTALS OVER.1.5,FIRST_HALF_TOTALS:OVER_1_5,50.7%,0.506800,,,,,,,Sin cuota/EV,No encontrado en Betano,Baja,contexto premium torneo actual,usa promedios del contexto premium/API-Football,el primer tiempo puede tener ritmo bajo o rotaciones,
2026-07-28,17:00,Tigre vs Club Nacional,,,1T -1.5,FIRST_HALF_TOTALS UNDER.1.5,FIRST_HALF_TOTALS:UNDER_1_5,49.3%,0.493200,,,,,,,Sin cuota/EV,No encontrado en Betano,Baja,contexto premium torneo actual,usa promedios del contexto premium/API-Football,el primer tiempo puede tener ritmo bajo o rotaciones,
2026-07-28,17:00,Tigre vs Club Nacional,,,Tarjetas total +4.5,CARDS_TOTALS OVER.4.5,CARDS_TOTALS:OVER_4_5,48.7%,0.486800,,,,,,,Sin cuota/EV,No encontrado en Betano,Baja,contexto premium torneo actual,usa promedios del contexto premium/API-Football,depende mucho del arbitro y del contexto competitivo,
2026-07-28,17:00,Tigre vs Club Nacional,,,Local tarjetas +2.5,CARDS_HOME OVER.2.5,CARDS_HOME:OVER_2_5,48.2%,0.481600,,,,,,,Sin cuota/EV,No encontrado en Betano,Baja,contexto premium torneo actual,usa promedios del contexto premium/API-Football,depende mucho del arbitro y del contexto competitivo,
2026-07-28,17:00,Tigre vs Club Nacional,,,Goles -2.5,TOTALS UNDER.2.5,TOTALS:UNDER_2_5,46.4%,0.464400,,,,,,,Sin cuota/EV,No encontrado en Betano,Baja,torneo actual,usa Poisson base con estadisticas de goles del torneo,un gol temprano o baja eficacia puede cambiar la lectura del mercado,
2026-07-28,17:00,Tigre vs Club Nacional,,,Local goles +2.5,TEAM_TOTAL_HOME OVER.2.5,TEAM_TOTAL_HOME:OVER_2_5,44.7%,0.447100,,,,,,,Sin cuota/EV,No encontrado en Betano,Baja,torneo actual,usa Poisson base con estadisticas de goles del torneo,un gol temprano o baja eficacia puede cambiar la lectura del mercado,
2026-07-28,17:00,Tigre vs Club Nacional,,,SHOTS_TOTAL OVER.20.5,SHOTS_TOTAL OVER.20.5,SHOTS_TOTAL:OVER_20_5,42.3%,0.423100,,,,,,,Sin cuota/EV,No encontrado en Betano,Baja,contexto premium torneo actual,usa promedios del contexto premium/API-Football,el volumen ofensivo puede variar por planteamiento y marcador temprano,
2026-07-28,17:00,Tigre vs Club Nacional,,,Visita tarjetas -1.5,CARDS_AWAY UNDER.1.5,CARDS_AWAY:UNDER_1_5,40.6%,0.406000,,,,,,,Sin cuota/EV,No encontrado en Betano,Baja,contexto premium torneo actual,usa promedios del contexto premium/API-Football,depende mucho del arbitro y del contexto competitivo,
2026-07-28,17:00,Tigre vs Club Nacional,,,SHOTS_TOTAL UNDER.18.5,SHOTS_TOTAL UNDER.18.5,SHOTS_TOTAL:UNDER_18_5,39.9%,0.398500,,,,,,,Sin cuota/EV,No encontrado en Betano,Baja,contexto premium torneo actual,usa promedios del contexto premium/API-Football,el volumen ofensivo puede variar por planteamiento y marcador temprano,
2026-07-28,17:00,Tigre vs Club Nacional,,,Tarjetas total -3.5,CARDS_TOTALS UNDER.3.5,CARDS_TOTALS:UNDER_3_5,32.6%,0.325700,,,,,,,Sin cuota/EV,No encontrado en Betano,Baja,contexto premium torneo actual,usa promedios del contexto premium/API-Football,depende mucho del arbitro y del contexto competitivo,
2026-07-28,17:00,Tigre vs Club Nacional,,,Visita tarjetas +2.5,CARDS_AWAY OVER.2.5,CARDS_AWAY:OVER_2_5,32.3%,0.323300,,,,,,,Sin cuota/EV,No encontrado en Betano,Baja,contexto premium torneo actual,usa promedios del contexto premium/API-Football,depende mucho del arbitro y del contexto competitivo,
2026-07-28,17:00,Tigre vs Club Nacional,,,Tarjetas total +5.5,CARDS_TOTALS OVER.5.5,CARDS_TOTALS:OVER_5_5,31.4%,0.314200,,,,,,,Sin cuota/EV,No encontrado en Betano,Baja,contexto premium torneo actual,usa promedios del contexto premium/API-Football,depende mucho del arbitro y del contexto competitivo,
2026-07-28,17:00,Tigre vs Club Nacional,,,Goles +3.5,TOTALS OVER.3.5,TOTALS:OVER_3_5,31.3%,0.312700,,,,,,,Sin cuota/EV,No encontrado en Betano,Baja,torneo actual,usa Poisson base con estadisticas de goles del torneo,un gol temprano o baja eficacia puede cambiar la lectura del mercado,
2026-07-28,17:00,Tigre vs Club Nacional,,,Visita corners +3.5,CORNERS_AWAY OVER.3.5,CORNERS_AWAY:OVER_3_5,30.8%,0.308100,,,,,,,Sin cuota/EV,No encontrado en Betano,Baja,contexto premium torneo actual,usa promedios del contexto premium/API-Football,el volumen ofensivo puede variar por planteamiento y marcador temprano,
2026-07-28,17:00,Tigre vs Club Nacional,,,Visita goles +0.5,TEAM_TOTAL_AWAY OVER.0.5,TEAM_TOTAL_AWAY:OVER_0_5,30.0%,0.300000,,,,,,,Sin cuota/EV,No encontrado en Betano,Baja,torneo actual,usa Poisson base con estadisticas de goles del torneo,un gol temprano o baja eficacia puede cambiar la lectura del mercado,
2026-07-28,17:00,Tigre vs Club Nacional,,,Local goles -1.5,TEAM_TOTAL_HOME UNDER.1.5,TEAM_TOTAL_HOME:UNDER_1_5,29.5%,0.294900,,,,,,,Sin cuota/EV,No encontrado en Betano,Baja,torneo actual,usa Poisson base con estadisticas de goles del torneo,un gol temprano o baja eficacia puede cambiar la lectura del mercado,
2026-07-28,17:00,Tigre vs Club Nacional,,,SHOTS_ON_TARGET_TOTAL OVER.6.5,SHOTS_ON_TARGET_TOTAL OVER.6.5,SHOTS_ON_TARGET_TOTAL:OVER_6_5,28.3%,0.282900,,,,,,,Sin cuota/EV,No encontrado en Betano,Baja,contexto premium torneo actual,usa promedios del contexto premium/API-Football,el volumen ofensivo puede variar por planteamiento y marcador temprano,
2026-07-28,17:00,Tigre vs Club Nacional,,,BTTS sí,BTTS YES,BTTS:YES,27.5%,0.274600,,,,,,,Sin cuota/EV,No encontrado en Betano,Baja,torneo actual,usa Poisson base con estadisticas de goles del torneo,un gol temprano o baja eficacia puede cambiar la lectura del mercado,
2026-07-28,17:00,Tigre vs Club Nacional,,,Local tarjetas -1.5,CARDS_HOME UNDER.1.5,CARDS_HOME:UNDER_1_5,26.7%,0.267400,,,,,,,Sin cuota/EV,No encontrado en Betano,Baja,contexto premium torneo actual,usa promedios del contexto premium/API-Football,depende mucho del arbitro y del contexto competitivo,
2026-07-28,17:00,Tigre vs Club Nacional,,,SHOTS_TOTAL OVER.22.5,SHOTS_TOTAL OVER.22.5,SHOTS_TOTAL:OVER_22_5,26.4%,0.264200,,,,,,,Sin cuota/EV,No encontrado en Betano,Baja,contexto premium torneo actual,usa promedios del contexto premium/API-Football,el volumen ofensivo puede variar por planteamiento y marcador temprano,
2026-07-28,17:00,Tigre vs Club Nacional,,,Local corners +3.5,CORNERS_HOME OVER.3.5,CORNERS_HOME:OVER_3_5,26.4%,0.264000,,,,,,,Sin cuota/EV,No encontrado en Betano,Baja,contexto premium torneo actual,usa promedios del contexto premium/API-Football,el volumen ofensivo puede variar por planteamiento y marcador temprano,
2026-07-28,17:00,Tigre vs Club Nacional,,,Local tarjetas +3.5,CARDS_HOME OVER.3.5,CARDS_HOME:OVER_3_5,26.4%,0.264000,,,,,,,Sin cuota/EV,No encontrado en Betano,Baja,contexto premium torneo actual,usa promedios del contexto premium/API-Football,depende mucho del arbitro y del contexto competitivo,
2026-07-28,17:00,Tigre vs Club Nacional,,,Goles -1.5,TOTALS UNDER.1.5,TOTALS:UNDER_1_5,22.8%,0.227800,,,,,,,Sin cuota/EV,No encontrado en Betano,Baja,torneo actual,usa Poisson base con estadisticas de goles del torneo,un gol temprano o baja eficacia puede cambiar la lectura del mercado,
2026-07-28,17:00,Tigre vs Club Nacional,,,1T -0.5,FIRST_HALF_TOTALS UNDER.0.5,FIRST_HALF_TOTALS:UNDER_0_5,18.3%,0.182700,,,,,,,Sin cuota/EV,No encontrado en Betano,Baja,contexto premium torneo actual,usa promedios del contexto premium/API-Football,el primer tiempo puede tener ritmo bajo o rotaciones,
2026-07-28,17:00,Tigre vs Club Nacional,,,Tarjetas total +6.5,CARDS_TOTALS OVER.6.5,CARDS_TOTALS:OVER_6_5,18.2%,0.182000,,,,,,,Sin cuota/EV,No encontrado en Betano,Baja,contexto premium torneo actual,usa promedios del contexto premium/API-Football,depende mucho del arbitro y del contexto competitivo,
2026-07-28,17:00,Tigre vs Club Nacional,,,Corners total +7.5,CORNERS_TOTALS OVER.7.5,CORNERS_TOTALS:OVER_7_5,17.8%,0.178300,,,,,,,Sin cuota/EV,No encontrado en Betano,Baja,contexto premium torneo actual,usa promedios del contexto premium/API-Football,el volumen ofensivo puede variar por planteamiento y marcador temprano,
2026-07-28,17:00,Tigre vs Club Nacional,,,SHOTS_ON_TARGET_TOTAL OVER.7.5,SHOTS_ON_TARGET_TOTAL OVER.7.5,SHOTS_ON_TARGET_TOTAL:OVER_7_5,16.7%,0.166500,,,,,,,Sin cuota/EV,No encontrado en Betano,Baja,contexto premium torneo actual,usa promedios del contexto premium/API-Football,el volumen ofensivo puede variar por planteamiento y marcador temprano,
2026-07-28,17:00,Tigre vs Club Nacional,,,Tarjetas total -2.5,CARDS_TOTALS UNDER.2.5,CARDS_TOTALS:UNDER_2_5,16.3%,0.162600,,,,,,,Sin cuota/EV,No encontrado en Betano,Baja,contexto premium torneo actual,usa promedios del contexto premium/API-Football,depende mucho del arbitro y del contexto competitivo,
2026-07-28,17:00,Tigre vs Club Nacional,,,DOUBLE_CHANCE X2,DOUBLE_CHANCE X2,DOUBLE_CHANCE:X2,16.2%,0.162000,,,,,,,Sin cuota/EV,No encontrado en Betano,Baja,torneo actual,usa Poisson base con estadisticas de goles del torneo,riesgo propio del resultado final y variacion del modelo,
2026-07-28,17:00,Tigre vs Club Nacional,,,Visita corners +4.5,CORNERS_AWAY OVER.4.5,CORNERS_AWAY:OVER_4_5,15.2%,0.152300,,,,,,,Sin cuota/EV,No encontrado en Betano,Baja,contexto premium torneo actual,usa promedios del contexto premium/API-Football,el volumen ofensivo puede variar por planteamiento y marcador temprano,
2026-07-28,17:00,Tigre vs Club Nacional,,,SHOTS_TOTAL OVER.24.5,SHOTS_TOTAL OVER.24.5,SHOTS_TOTAL:OVER_24_5,14.6%,0.145900,,,,,,,Sin cuota/EV,No encontrado en Betano,Baja,contexto premium torneo actual,usa promedios del contexto premium/API-Football,el volumen ofensivo puede variar por planteamiento y marcador temprano,
2026-07-28,17:00,Tigre vs Club Nacional,,,Visita tarjetas +3.5,CARDS_AWAY OVER.3.5,CARDS_AWAY:OVER_3_5,14.3%,0.142900,,,,,,,Sin cuota/EV,No encontrado en Betano,Baja,contexto premium torneo actual,usa promedios del contexto premium/API-Football,depende mucho del arbitro y del contexto competitivo,
2026-07-28,17:00,Tigre vs Club Nacional,,,Visita tarjetas -0.5,CARDS_AWAY UNDER.0.5,CARDS_AWAY:UNDER_0_5,13.5%,0.135300,,,,,,,Sin cuota/EV,No encontrado en Betano,Baja,contexto premium torneo actual,usa promedios del contexto premium/API-Football,depende mucho del arbitro y del contexto competitivo,
2026-07-28,17:00,Tigre vs Club Nacional,,,Empate,1X2 DRAW,1X2:DRAW,12.4%,0.124400,,,,,,,Sin cuota/EV,No encontrado en Betano,Baja,torneo actual,usa Poisson base con estadisticas de goles del torneo,riesgo propio del resultado final y variacion del modelo,
2026-07-28,17:00,Tigre vs Club Nacional,,,Local corners +4.5,CORNERS_HOME OVER.4.5,CORNERS_HOME:OVER_4_5,12.3%,0.122600,,,,,,,Sin cuota/EV,No encontrado en Betano,Baja,contexto premium torneo actual,usa promedios del contexto premium/API-Football,el volumen ofensivo puede variar por planteamiento y marcador temprano,
2026-07-28,17:00,Tigre vs Club Nacional,,,Corners total +8.5,CORNERS_TOTALS OVER.8.5,CORNERS_TOTALS:OVER_8_5,9.7%,0.097300,,,,,,,Sin cuota/EV,No encontrado en Betano,Baja,contexto premium torneo actual,usa promedios del contexto premium/API-Football,el volumen ofensivo puede variar por planteamiento y marcador temprano,
2026-07-28,17:00,Tigre vs Club Nacional,,,SHOTS_ON_TARGET_TOTAL OVER.8.5,SHOTS_ON_TARGET_TOTAL OVER.8.5,SHOTS_ON_TARGET_TOTAL:OVER_8_5,8.9%,0.089400,,,,,,,Sin cuota/EV,No encontrado en Betano,Baja,contexto premium torneo actual,usa promedios del contexto premium/API-Football,el volumen ofensivo puede variar por planteamiento y marcador temprano,
2026-07-28,17:00,Tigre vs Club Nacional,,,Local goles -0.5,TEAM_TOTAL_HOME UNDER.0.5,TEAM_TOTAL_HOME:UNDER_0_5,8.6%,0.085800,,,,,,,Sin cuota/EV,No encontrado en Betano,Baja,torneo actual,usa Poisson base con estadisticas de goles del torneo,un gol temprano o baja eficacia puede cambiar la lectura del mercado,
2026-07-28,17:00,Tigre vs Club Nacional,,,Local tarjetas -0.5,CARDS_HOME UNDER.0.5,CARDS_HOME:UNDER_0_5,7.4%,0.074300,,,,,,,Sin cuota/EV,No encontrado en Betano,Baja,contexto premium torneo actual,usa promedios del contexto premium/API-Football,depende mucho del arbitro y del contexto competitivo,
2026-07-28,17:00,Tigre vs Club Nacional,,,SHOTS_TOTAL OVER.26.5,SHOTS_TOTAL OVER.26.5,SHOTS_TOTAL:OVER_26_5,7.1%,0.071200,,,,,,,Sin cuota/EV,No encontrado en Betano,Baja,contexto premium torneo actual,usa promedios del contexto premium/API-Football,el volumen ofensivo puede variar por planteamiento y marcador temprano,
2026-07-28,17:00,Tigre vs Club Nacional,,,Visita corners +5.5,CORNERS_AWAY OVER.5.5,CORNERS_AWAY:OVER_5_5,6.5%,0.065100,,,,,,,Sin cuota/EV,No encontrado en Betano,Baja,contexto premium torneo actual,usa promedios del contexto premium/API-Football,el volumen ofensivo puede variar por planteamiento y marcador temprano,
2026-07-28,17:00,Tigre vs Club Nacional,,,Visita goles +1.5,TEAM_TOTAL_AWAY OVER.1.5,TEAM_TOTAL_AWAY:OVER_1_5,5.0%,0.050400,,,,,,,Sin cuota/EV,No encontrado en Betano,Baja,torneo actual,usa Poisson base con estadisticas de goles del torneo,un gol temprano o baja eficacia puede cambiar la lectura del mercado,
2026-07-28,17:00,Tigre vs Club Nacional,,,Local corners +5.5,CORNERS_HOME OVER.5.5,CORNERS_HOME:OVER_5_5,4.9%,0.049000,,,,,,,Sin cuota/EV,No encontrado en Betano,Baja,contexto premium torneo actual,usa promedios del contexto premium/API-Football,el volumen ofensivo puede variar por planteamiento y marcador temprano,
2026-07-28,17:00,Tigre vs Club Nacional,,,Corners total +9.5,CORNERS_TOTALS OVER.9.5,CORNERS_TOTALS:OVER_9_5,4.9%,0.048800,,,,,,,Sin cuota/EV,No encontrado en Betano,Baja,contexto premium torneo actual,usa promedios del contexto premium/API-Football,el volumen ofensivo puede variar por planteamiento y marcador temprano,
2026-07-28,17:00,Tigre vs Club Nacional,,,SHOTS_ON_TARGET_TOTAL OVER.9.5,SHOTS_ON_TARGET_TOTAL OVER.9.5,SHOTS_ON_TARGET_TOTAL:OVER_9_5,4.4%,0.044100,,,,,,,Sin cuota/EV,No encontrado en Betano,Baja,contexto premium torneo actual,usa promedios del contexto premium/API-Football,el volumen ofensivo puede variar por planteamiento y marcador temprano,
2026-07-28,17:00,Tigre vs Club Nacional,,,DNB visita,DRAW_NO_BET AWAY,DRAW_NO_BET:AWAY,4.3%,0.043000,,,,,,,Sin cuota/EV,No encontrado en Betano,Baja,torneo actual,usa Poisson base con estadisticas de goles del torneo,riesgo propio del resultado final y variacion del modelo,
2026-07-28,17:00,Tigre vs Club Nacional,,,Gana visita,1X2 AWAY,1X2:AWAY,3.8%,0.037600,,,,,,,Sin cuota/EV,No encontrado en Betano,Baja,torneo actual,usa Poisson base con estadisticas de goles del torneo,riesgo propio del resultado final y variacion del modelo,
2026-07-28,17:00,Tigre vs Club Nacional,,,Visita corners +6.5,CORNERS_AWAY OVER.6.5,CORNERS_AWAY:OVER_6_5,2.4%,0.024400,,,,,,,Sin cuota/EV,No encontrado en Betano,Baja,contexto premium torneo actual,usa promedios del contexto premium/API-Football,el volumen ofensivo puede variar por planteamiento y marcador temprano,
2026-07-28,17:00,Tigre vs Club Nacional,,,Corners total +10.5,CORNERS_TOTALS OVER.10.5,CORNERS_TOTALS:OVER_10_5,2.2%,0.022500,,,,,,,Sin cuota/EV,No encontrado en Betano,Baja,contexto premium torneo actual,usa promedios del contexto premium/API-Football,el volumen ofensivo puede variar por planteamiento y marcador temprano,
2026-07-28,17:00,Tigre vs Club Nacional,,,Local corners +6.5,CORNERS_HOME OVER.6.5,CORNERS_HOME:OVER_6_5,1.7%,0.017200,,,,,,,Sin cuota/EV,No encontrado en Betano,Baja,contexto premium torneo actual,usa promedios del contexto premium/API-Football,el volumen ofensivo puede variar por planteamiento y marcador temprano,
2026-07-28,17:00,Tigre vs Club Nacional,,,Corners total +11.5,CORNERS_TOTALS OVER.11.5,CORNERS_TOTALS:OVER_11_5,1.0%,0.009600,,,,,,,Sin cuota/EV,No encontrado en Betano,Baja,contexto premium torneo actual,usa promedios del contexto premium/API-Football,el volumen ofensivo puede variar por planteamiento y marcador temprano,
2026-07-28,17:00,Tigre vs Club Nacional,,,Visita goles +2.5,TEAM_TOTAL_AWAY OVER.2.5,TEAM_TOTAL_AWAY:OVER_2_5,0.6%,0.005800,,,,,,,Sin cuota/EV,No encontrado en Betano,Baja,torneo actual,usa Poisson base con estadisticas de goles del torneo,un gol temprano o baja eficacia puede cambiar la lectura del mercado,
2026-07-28,19:30,Santos vs UCV,,,Visita corners -6.5,CORNERS_AWAY UNDER.6.5,CORNERS_AWAY:UNDER_6_5,96.1%,0.961200,,,,,,,Sin cuota/EV,No encontrado en Betano,Alta,contexto premium torneo actual,usa promedios del contexto premium/API-Football,el volumen ofensivo puede variar por planteamiento y marcador temprano,
2026-07-28,19:30,Santos vs UCV,,,Local tarjetas +0.5,CARDS_HOME OVER.0.5,CARDS_HOME:OVER_0_5,90.9%,0.909300,,,,,,,Sin cuota/EV,No encontrado en Betano,Alta,contexto premium torneo actual,usa promedios del contexto premium/API-Football,depende mucho del arbitro y del contexto competitivo,
2026-07-28,19:30,Santos vs UCV,,,Visita corners -5.5,CORNERS_AWAY UNDER.5.5,CORNERS_AWAY:UNDER_5_5,90.6%,0.905700,,,,,,,Sin cuota/EV,No encontrado en Betano,Alta,contexto premium torneo actual,usa promedios del contexto premium/API-Football,el volumen ofensivo puede variar por planteamiento y marcador temprano,
2026-07-28,19:30,Santos vs UCV,,,Corners total -11.5,CORNERS_TOTALS UNDER.11.5,CORNERS_TOTALS:UNDER_11_5,88.1%,0.880700,,,,,,,Sin cuota/EV,No encontrado en Betano,Alta,contexto premium torneo actual,usa promedios del contexto premium/API-Football,el volumen ofensivo puede variar por planteamiento y marcador temprano,
2026-07-28,19:30,Santos vs UCV,,,SHOTS_TOTAL OVER.18.5,SHOTS_TOTAL OVER.18.5,SHOTS_TOTAL:OVER_18_5,88.0%,0.879700,,,,,,,Sin cuota/EV,No encontrado en Betano,Alta,contexto premium torneo actual,usa promedios del contexto premium/API-Football,el volumen ofensivo puede variar por planteamiento y marcador temprano,
2026-07-28,19:30,Santos vs UCV,,,Local goles +0.5,TEAM_TOTAL_HOME OVER.0.5,TEAM_TOTAL_HOME:OVER_0_5,87.3%,0.872800,,,,,,,Sin cuota/EV,No encontrado en Betano,Alta,fallback ultimos partidos,usa Poisson fallback con ultimos partidos multi-competicion,un gol temprano o baja eficacia puede cambiar la lectura del mercado,
2026-07-28,19:30,Santos vs UCV,,,Visita goles -2.5,TEAM_TOTAL_AWAY UNDER.2.5,TEAM_TOTAL_AWAY:UNDER_2_5,86.5%,0.864800,,,,,,,Sin cuota/EV,No encontrado en Betano,Alta,fallback ultimos partidos,usa Poisson fallback con ultimos partidos multi-competicion,un gol temprano o baja eficacia puede cambiar la lectura del mercado,
2026-07-28,19:30,Santos vs UCV,,,Visita tarjetas +0.5,CARDS_AWAY OVER.0.5,CARDS_AWAY:OVER_0_5,86.5%,0.864700,,,,,,,Sin cuota/EV,No encontrado en Betano,Alta,contexto premium torneo actual,usa promedios del contexto premium/API-Football,depende mucho del arbitro y del contexto competitivo,
2026-07-28,19:30,Santos vs UCV,,,Visita tarjetas -3.5,CARDS_AWAY UNDER.3.5,CARDS_AWAY:UNDER_3_5,85.7%,0.857100,,,,,,,Sin cuota/EV,No encontrado en Betano,Alta,contexto premium torneo actual,usa promedios del contexto premium/API-Football,depende mucho del arbitro y del contexto competitivo,
2026-07-28,19:30,Santos vs UCV,10Bet,,Goles +1.5,TOTALS OVER.1.5,TOTALS:OVER_1_5,84.5%,0.844800,1.77,0.50,0.495300,,,,EV positivo,No encontrado en Betano,Alta,fallback ultimos partidos,usa Poisson fallback con ultimos partidos multi-competicion,un gol temprano o baja eficacia puede cambiar la lectura del mercado,
2026-07-28,19:30,Santos vs UCV,,,Tarjetas total -6.5,CARDS_TOTALS UNDER.6.5,CARDS_TOTALS:UNDER_6_5,84.4%,0.843600,,,,,,,Sin cuota/EV,No encontrado en Betano,Alta,contexto premium torneo actual,usa promedios del contexto premium/API-Football,depende mucho del arbitro y del contexto competitivo,
2026-07-28,19:30,Santos vs UCV,,,SHOTS_ON_TARGET_TOTAL OVER.6.5,SHOTS_ON_TARGET_TOTAL OVER.6.5,SHOTS_ON_TARGET_TOTAL:OVER_6_5,84.3%,0.842600,,,,,,,Sin cuota/EV,No encontrado en Betano,Alta,contexto premium torneo actual,usa promedios del contexto premium/API-Football,el volumen ofensivo puede variar por planteamiento y marcador temprano,
2026-07-28,19:30,Santos vs UCV,,,Tarjetas total +2.5,CARDS_TOTALS OVER.2.5,CARDS_TOTALS:OVER_2_5,81.5%,0.814900,,,,,,,Sin cuota/EV,No encontrado en Betano,Alta,contexto premium torneo actual,usa promedios del contexto premium/API-Football,depende mucho del arbitro y del contexto competitivo,
2026-07-28,19:30,Santos vs UCV,,,Corners total -10.5,CORNERS_TOTALS UNDER.10.5,CORNERS_TOTALS:UNDER_10_5,80.6%,0.805800,,,,,,,Sin cuota/EV,No encontrado en Betano,Alta,contexto premium torneo actual,usa promedios del contexto premium/API-Football,el volumen ofensivo puede variar por planteamiento y marcador temprano,
2026-07-28,19:30,Santos vs UCV,,,Visita corners -4.5,CORNERS_AWAY UNDER.4.5,CORNERS_AWAY:UNDER_4_5,79.8%,0.798200,,,,,,,Sin cuota/EV,No encontrado en Betano,Alta,contexto premium torneo actual,usa promedios del contexto premium/API-Football,el volumen ofensivo puede variar por planteamiento y marcador temprano,
2026-07-28,19:30,Santos vs UCV,,,DOUBLE_CHANCE 12,DOUBLE_CHANCE 12,DOUBLE_CHANCE:12,78.8%,0.788500,,,,,,,Sin cuota/EV,No encontrado en Betano,Alta,fallback ultimos partidos,usa Poisson fallback con ultimos partidos multi-competicion,riesgo propio del resultado final y variacion del modelo,
2026-07-28,19:30,Santos vs UCV,,,Local tarjetas -3.5,CARDS_HOME UNDER.3.5,CARDS_HOME:UNDER_3_5,77.9%,0.778700,,,,,,,Sin cuota/EV,No encontrado en Betano,Alta,contexto premium torneo actual,usa promedios del contexto premium/API-Football,depende mucho del arbitro y del contexto competitivo,
2026-07-28,19:30,Santos vs UCV,,,SHOTS_TOTAL OVER.20.5,SHOTS_TOTAL OVER.20.5,SHOTS_TOTAL:OVER_20_5,77.0%,0.769600,,,,,,,Sin cuota/EV,No encontrado en Betano,Alta,contexto premium torneo actual,usa promedios del contexto premium/API-Football,el volumen ofensivo puede variar por planteamiento y marcador temprano,
2026-07-28,19:30,Santos vs UCV,,,DOUBLE_CHANCE 1X,DOUBLE_CHANCE 1X,DOUBLE_CHANCE:1X,76.9%,0.769100,,,,,,,Sin cuota/EV,No encontrado en Betano,Alta,fallback ultimos partidos,usa Poisson fallback con ultimos partidos multi-competicion,riesgo propio del resultado final y variacion del modelo,
2026-07-28,19:30,Santos vs UCV,10Bet,,Local corners -6.5,CORNERS_HOME UNDER.6.5,CORNERS_HOME:UNDER_6_5,76.2%,0.762200,1.75,0.33,0.333800,,,,EV positivo,No encontrado en Betano,Alta,contexto premium torneo actual,usa promedios del contexto premium/API-Football,el volumen ofensivo puede variar por planteamiento y marcador temprano,
2026-07-28,19:30,Santos vs UCV,,,SHOTS_ON_TARGET_TOTAL OVER.7.5,SHOTS_ON_TARGET_TOTAL OVER.7.5,SHOTS_ON_TARGET_TOTAL:OVER_7_5,74.2%,0.741600,,,,,,,Sin cuota/EV,No encontrado en Betano,Alta,contexto premium torneo actual,usa promedios del contexto premium/API-Football,el volumen ofensivo puede variar por planteamiento y marcador temprano,
2026-07-28,19:30,Santos vs UCV,,,Local corners +3.5,CORNERS_HOME OVER.3.5,CORNERS_HOME:OVER_3_5,73.5%,0.735000,,,,,,,Sin cuota/EV,No encontrado en Betano,Alta,contexto premium torneo actual,usa promedios del contexto premium/API-Football,el volumen ofensivo puede variar por planteamiento y marcador temprano,
2026-07-28,19:30,Santos vs UCV,,,Tarjetas total -5.5,CARDS_TOTALS UNDER.5.5,CARDS_TOTALS:UNDER_5_5,72.0%,0.719900,,,,,,,Sin cuota/EV,No encontrado en Betano,Alta,contexto premium torneo actual,usa promedios del contexto premium/API-Football,depende mucho del arbitro y del contexto competitivo,
2026-07-28,19:30,Santos vs UCV,,,Visita goles +0.5,TEAM_TOTAL_AWAY OVER.0.5,TEAM_TOTAL_AWAY:OVER_0_5,71.8%,0.718000,,,,,,,Sin cuota/EV,No encontrado en Betano,Alta,fallback ultimos partidos,usa Poisson fallback con ultimos partidos multi-competicion,un gol temprano o baja eficacia puede cambiar la lectura del mercado,
2026-07-28,19:30,Santos vs UCV,10Bet,,DNB local,DRAW_NO_BET HOME,DRAW_NO_BET:HOME,70.7%,0.707200,1.10,-0.22,-0.222100,,,,EV negativo,No encontrado en Betano,Alta,fallback ultimos partidos,usa Poisson fallback con ultimos partidos multi-competicion,riesgo propio del resultado final y variacion del modelo,
2026-07-28,19:30,Santos vs UCV,10Bet,,Corners total -9.5,CORNERS_TOTALS UNDER.9.5,CORNERS_TOTALS:UNDER_9_5,70.4%,0.704100,1.77,0.25,0.246300,,,,EV positivo,No encontrado en Betano,Alta,contexto premium torneo actual,usa promedios del contexto premium/API-Football,el volumen ofensivo puede variar por planteamiento y marcador temprano,
2026-07-28,19:30,Santos vs UCV,10Bet,,1T +0.5,FIRST_HALF_TOTALS OVER.0.5,FIRST_HALF_TOTALS:OVER_0_5,69.9%,0.698800,3.45,1.41,1.410900,,,,EV positivo,No encontrado en Betano,Media,contexto premium torneo actual,usa promedios del contexto premium/API-Football,el primer tiempo puede tener ritmo bajo o rotaciones,
2026-07-28,19:30,Santos vs UCV,,,Local tarjetas +1.5,CARDS_HOME OVER.1.5,CARDS_HOME:OVER_1_5,69.2%,0.691600,,,,,,,Sin cuota/EV,No encontrado en Betano,Media,contexto premium torneo actual,usa promedios del contexto premium/API-Football,depende mucho del arbitro y del contexto competitivo,
2026-07-28,19:30,Santos vs UCV,,,SHOTS_TOTAL UNDER.26.5,SHOTS_TOTAL UNDER.26.5,SHOTS_TOTAL:UNDER_26_5,68.9%,0.689300,,,,,,,Sin cuota/EV,No encontrado en Betano,Media,contexto premium torneo actual,usa promedios del contexto premium/API-Football,el volumen ofensivo puede variar por planteamiento y marcador temprano,
2026-07-28,19:30,Santos vs UCV,,,Visita tarjetas -2.5,CARDS_AWAY UNDER.2.5,CARDS_AWAY:UNDER_2_5,67.7%,0.676700,,,,,,,Sin cuota/EV,No encontrado en Betano,Media,contexto premium torneo actual,usa promedios del contexto premium/API-Football,depende mucho del arbitro y del contexto competitivo,
2026-07-28,19:30,Santos vs UCV,10Bet,,1T -1.5,FIRST_HALF_TOTALS UNDER.1.5,FIRST_HALF_TOTALS:UNDER_1_5,66.3%,0.662600,1.36,-0.10,-0.098800,,,,EV negativo,No encontrado en Betano,Media,contexto premium torneo actual,usa promedios del contexto premium/API-Football,el primer tiempo puede tener ritmo bajo o rotaciones,
2026-07-28,19:30,Santos vs UCV,,,Local goles -2.5,TEAM_TOTAL_HOME UNDER.2.5,TEAM_TOTAL_HOME:UNDER_2_5,66.0%,0.659700,,,,,,,Sin cuota/EV,No encontrado en Betano,Media,fallback ultimos partidos,usa Poisson fallback con ultimos partidos multi-competicion,un gol temprano o baja eficacia puede cambiar la lectura del mercado,
2026-07-28,19:30,Santos vs UCV,10Bet,,Goles +2.5,TOTALS OVER.2.5,TOTALS:OVER_2_5,64.6%,0.646400,3.45,1.23,1.230000,,,,EV positivo,No encontrado en Betano,Media,fallback ultimos partidos,usa Poisson fallback con ultimos partidos multi-competicion,un gol temprano o baja eficacia puede cambiar la lectura del mercado,
2026-07-28,19:30,Santos vs UCV,,,Tarjetas total +3.5,CARDS_TOTALS OVER.3.5,CARDS_TOTALS:OVER_3_5,64.1%,0.640600,,,,,,,Sin cuota/EV,No encontrado en Betano,Media,contexto premium torneo actual,usa promedios del contexto premium/API-Football,depende mucho del arbitro y del contexto competitivo,
2026-07-28,19:30,Santos vs UCV,,,Visita goles -1.5,TEAM_TOTAL_AWAY UNDER.1.5,TEAM_TOTAL_AWAY:UNDER_1_5,63.9%,0.638800,,,,,,,Sin cuota/EV,No encontrado en Betano,Media,fallback ultimos partidos,usa Poisson fallback con ultimos partidos multi-competicion,un gol temprano o baja eficacia puede cambiar la lectura del mercado,
2026-07-28,19:30,Santos vs UCV,10Bet,,BTTS sí,BTTS YES,BTTS:YES,62.7%,0.626800,4.75,1.98,1.977500,,,,EV positivo,No encontrado en Betano,Media,fallback ultimos partidos,usa Poisson fallback con ultimos partidos multi-competicion,un gol temprano o baja eficacia puede cambiar la lectura del mercado,
2026-07-28,19:30,Santos vs UCV,,,Visita corners -3.5,CORNERS_AWAY UNDER.3.5,CORNERS_AWAY:UNDER_3_5,62.5%,0.624800,,,,,,,Sin cuota/EV,No encontrado en Betano,Media,contexto premium torneo actual,usa promedios del contexto premium/API-Football,el volumen ofensivo puede variar por planteamiento y marcador temprano,
2026-07-28,19:30,Santos vs UCV,,,SHOTS_TOTAL OVER.22.5,SHOTS_TOTAL OVER.22.5,SHOTS_TOTAL:OVER_22_5,62.4%,0.623700,,,,,,,Sin cuota/EV,No encontrado en Betano,Media,contexto premium torneo actual,usa promedios del contexto premium/API-Football,el volumen ofensivo puede variar por planteamiento y marcador temprano,
2026-07-28,19:30,Santos vs UCV,,,SHOTS_ON_TARGET_TOTAL OVER.8.5,SHOTS_ON_TARGET_TOTAL OVER.8.5,SHOTS_ON_TARGET_TOTAL:OVER_8_5,62.0%,0.620400,,,,,,,Sin cuota/EV,No encontrado en Betano,Media,contexto premium torneo actual,usa promedios del contexto premium/API-Football,el volumen ofensivo puede variar por planteamiento y marcador temprano,
2026-07-28,19:30,Santos vs UCV,,,Local corners -5.5,CORNERS_HOME UNDER.5.5,CORNERS_HOME:UNDER_5_5,61.6%,0.616000,,,,,,,Sin cuota/EV,No encontrado en Betano,Media,contexto premium torneo actual,usa promedios del contexto premium/API-Football,el volumen ofensivo puede variar por planteamiento y marcador temprano,
2026-07-28,19:30,Santos vs UCV,,,Local goles +1.5,TEAM_TOTAL_HOME OVER.1.5,TEAM_TOTAL_HOME:OVER_1_5,61.1%,0.610700,,,,,,,Sin cuota/EV,No encontrado en Betano,Media,fallback ultimos partidos,usa Poisson fallback con ultimos partidos multi-competicion,un gol temprano o baja eficacia puede cambiar la lectura del mercado,
2026-07-28,19:30,Santos vs UCV,,,Visita tarjetas +1.5,CARDS_AWAY OVER.1.5,CARDS_AWAY:OVER_1_5,59.4%,0.594000,,,,,,,Sin cuota/EV,No encontrado en Betano,Media,contexto premium torneo actual,usa promedios del contexto premium/API-Football,depende mucho del arbitro y del contexto competitivo,
2026-07-28,19:30,Santos vs UCV,,,Corners total -8.5,CORNERS_TOTALS UNDER.8.5,CORNERS_TOTALS:UNDER_8_5,57.9%,0.578600,,,,,,,Sin cuota/EV,No encontrado en Betano,Media,contexto premium torneo actual,usa promedios del contexto premium/API-Football,el volumen ofensivo puede variar por planteamiento y marcador temprano,
2026-07-28,19:30,Santos vs UCV,10Bet,,Goles -3.5,TOTALS UNDER.3.5,TOTALS:UNDER_3_5,57.4%,0.573900,1.53,-0.12,-0.122000,,,,EV negativo,No encontrado en Betano,Media,fallback ultimos partidos,usa Poisson fallback con ultimos partidos multi-competicion,un gol temprano o baja eficacia puede cambiar la lectura del mercado,
2026-07-28,19:30,Santos vs UCV,,,Local tarjetas -2.5,CARDS_HOME UNDER.2.5,CARDS_HOME:UNDER_2_5,57.0%,0.569700,,,,,,,Sin cuota/EV,No encontrado en Betano,Media,contexto premium torneo actual,usa promedios del contexto premium/API-Football,depende mucho del arbitro y del contexto competitivo,
2026-07-28,19:30,Santos vs UCV,,,Corners total +7.5,CORNERS_TOTALS OVER.7.5,CORNERS_TOTALS:OVER_7_5,56.1%,0.560900,,,,,,,Sin cuota/EV,No encontrado en Betano,Media,contexto premium torneo actual,usa promedios del contexto premium/API-Football,el volumen ofensivo puede variar por planteamiento y marcador temprano,
2026-07-28,19:30,Santos vs UCV,,,Local corners +4.5,CORNERS_HOME OVER.4.5,CORNERS_HOME:OVER_4_5,56.0%,0.559500,,,,,,,Sin cuota/EV,No encontrado en Betano,Media,contexto premium torneo actual,usa promedios del contexto premium/API-Football,el volumen ofensivo puede variar por planteamiento y marcador temprano,
2026-07-28,19:30,Santos vs UCV,10Bet,,Gana local,1X2 HOME,1X2:HOME,55.8%,0.557600,2.10,0.17,0.171000,,,,EV positivo,No encontrado en Betano,Media,fallback ultimos partidos,usa Poisson fallback con ultimos partidos multi-competicion,riesgo propio del resultado final y variacion del modelo,
2026-07-28,19:30,Santos vs UCV,,,Tarjetas total -4.5,CARDS_TOTALS UNDER.4.5,CARDS_TOTALS:UNDER_4_5,55.1%,0.551200,,,,,,,Sin cuota/EV,No encontrado en Betano,Media,contexto premium torneo actual,usa promedios del contexto premium/API-Football,depende mucho del arbitro y del contexto competitivo,
2026-07-28,19:30,Santos vs UCV,,,SHOTS_TOTAL UNDER.24.5,SHOTS_TOTAL UNDER.24.5,SHOTS_TOTAL:UNDER_24_5,53.8%,0.537800,,,,,,,Sin cuota/EV,No encontrado en Betano,Baja,contexto premium torneo actual,usa promedios del contexto premium/API-Football,el volumen ofensivo puede variar por planteamiento y marcador temprano,
2026-07-28,19:30,Santos vs UCV,,,SHOTS_ON_TARGET_TOTAL UNDER.9.5,SHOTS_ON_TARGET_TOTAL UNDER.9.5,SHOTS_ON_TARGET_TOTAL:UNDER_9_5,50.9%,0.508900,,,,,,,Sin cuota/EV,No encontrado en Betano,Baja,contexto premium torneo actual,usa promedios del contexto premium/API-Football,el volumen ofensivo puede variar por planteamiento y marcador temprano,
2026-07-28,19:30,Santos vs UCV,,,SHOTS_ON_TARGET_TOTAL OVER.9.5,SHOTS_ON_TARGET_TOTAL OVER.9.5,SHOTS_ON_TARGET_TOTAL:OVER_9_5,49.1%,0.491100,,,,,,,Sin cuota/EV,No encontrado en Betano,Baja,contexto premium torneo actual,usa promedios del contexto premium/API-Football,el volumen ofensivo puede variar por planteamiento y marcador temprano,
2026-07-28,19:30,Santos vs UCV,,,SHOTS_TOTAL OVER.24.5,SHOTS_TOTAL OVER.24.5,SHOTS_TOTAL:OVER_24_5,46.2%,0.462200,,,,,,,Sin cuota/EV,No encontrado en Betano,Baja,contexto premium torneo actual,usa promedios del contexto premium/API-Football,el volumen ofensivo puede variar por planteamiento y marcador temprano,
2026-07-28,19:30,Santos vs UCV,,,Tarjetas total +4.5,CARDS_TOTALS OVER.4.5,CARDS_TOTALS:OVER_4_5,44.9%,0.448800,,,,,,,Sin cuota/EV,No encontrado en Betano,Baja,contexto premium torneo actual,usa promedios del contexto premium/API-Football,depende mucho del arbitro y del contexto competitivo,
2026-07-28,19:30,Santos vs UCV,,,DOUBLE_CHANCE X2,DOUBLE_CHANCE X2,DOUBLE_CHANCE:X2,44.2%,0.442400,,,,,,,Sin cuota/EV,No encontrado en Betano,Baja,fallback ultimos partidos,usa Poisson fallback con ultimos partidos multi-competicion,riesgo propio del resultado final y variacion del modelo,
2026-07-28,19:30,Santos vs UCV,,,Local corners -4.5,CORNERS_HOME UNDER.4.5,CORNERS_HOME:UNDER_4_5,44.0%,0.440500,,,,,,,Sin cuota/EV,No encontrado en Betano,Baja,contexto premium torneo actual,usa promedios del contexto premium/API-Football,el volumen ofensivo puede variar por planteamiento y marcador temprano,
2026-07-28,19:30,Santos vs UCV,,,Corners total -7.5,CORNERS_TOTALS UNDER.7.5,CORNERS_TOTALS:UNDER_7_5,43.9%,0.439100,,,,,,,Sin cuota/EV,No encontrado en Betano,Baja,contexto premium torneo actual,usa promedios del contexto premium/API-Football,el volumen ofensivo puede variar por planteamiento y marcador temprano,
2026-07-28,19:30,Santos vs UCV,,,Local tarjetas +2.5,CARDS_HOME OVER.2.5,CARDS_HOME:OVER_2_5,43.0%,0.430300,,,,,,,Sin cuota/EV,No encontrado en Betano,Baja,contexto premium torneo actual,usa promedios del contexto premium/API-Football,depende mucho del arbitro y del contexto competitivo,
2026-07-28,19:30,Santos vs UCV,10Bet,,Goles +3.5,TOTALS OVER.3.5,TOTALS:OVER_3_5,42.6%,0.426100,2.45,0.04,0.044000,,,,EV positivo,No encontrado en Betano,Baja,fallback ultimos partidos,usa Poisson fallback con ultimos partidos multi-competicion,un gol temprano o baja eficacia puede cambiar la lectura del mercado,
2026-07-28,19:30,Santos vs UCV,,,Corners total +8.5,CORNERS_TOTALS OVER.8.5,CORNERS_TOTALS:OVER_8_5,42.1%,0.421400,,,,,,,Sin cuota/EV,No encontrado en Betano,Baja,contexto premium torneo actual,usa promedios del contexto premium/API-Football,el volumen ofensivo puede variar por planteamiento y marcador temprano,
2026-07-28,19:30,Santos vs UCV,,,Visita tarjetas -1.5,CARDS_AWAY UNDER.1.5,CARDS_AWAY:UNDER_1_5,40.6%,0.406000,,,,,,,Sin cuota/EV,No encontrado en Betano,Baja,contexto premium torneo actual,usa promedios del contexto premium/API-Football,depende mucho del arbitro y del contexto competitivo,
2026-07-28,19:30,Santos vs UCV,,,Local goles -1.5,TEAM_TOTAL_HOME UNDER.1.5,TEAM_TOTAL_HOME:UNDER_1_5,38.9%,0.389300,,,,,,,Sin cuota/EV,No encontrado en Betano,Baja,fallback ultimos partidos,usa Poisson fallback con ultimos partidos multi-competicion,un gol temprano o baja eficacia puede cambiar la lectura del mercado,
2026-07-28,19:30,Santos vs UCV,,,Local corners +5.5,CORNERS_HOME OVER.5.5,CORNERS_HOME:OVER_5_5,38.4%,0.384000,,,,,,,Sin cuota/EV,No encontrado en Betano,Baja,contexto premium torneo actual,usa promedios del contexto premium/API-Football,el volumen ofensivo puede variar por planteamiento y marcador temprano,
2026-07-28,19:30,Santos vs UCV,,,SHOTS_ON_TARGET_TOTAL UNDER.8.5,SHOTS_ON_TARGET_TOTAL UNDER.8.5,SHOTS_ON_TARGET_TOTAL:UNDER_8_5,38.0%,0.379600,,,,,,,Sin cuota/EV,No encontrado en Betano,Baja,contexto premium torneo actual,usa promedios del contexto premium/API-Football,el volumen ofensivo puede variar por planteamiento y marcador temprano,
2026-07-28,19:30,Santos vs UCV,,,SHOTS_TOTAL UNDER.22.5,SHOTS_TOTAL UNDER.22.5,SHOTS_TOTAL:UNDER_22_5,37.6%,0.376300,,,,,,,Sin cuota/EV,No encontrado en Betano,Baja,contexto premium torneo actual,usa promedios del contexto premium/API-Football,el volumen ofensivo puede variar por planteamiento y marcador temprano,
2026-07-28,19:30,Santos vs UCV,,,Visita corners +3.5,CORNERS_AWAY OVER.3.5,CORNERS_AWAY:OVER_3_5,37.5%,0.375200,,,,,,,Sin cuota/EV,No encontrado en Betano,Baja,contexto premium torneo actual,usa promedios del contexto premium/API-Football,el volumen ofensivo puede variar por planteamiento y marcador temprano,
2026-07-28,19:30,Santos vs UCV,10Bet,,BTTS no,BTTS NO,BTTS:NO,37.3%,0.373200,1.15,-0.57,-0.570900,,,,EV negativo,No encontrado en Betano,Baja,fallback ultimos partidos,usa Poisson fallback con ultimos partidos multi-competicion,un gol temprano o baja eficacia puede cambiar la lectura del mercado,
2026-07-28,19:30,Santos vs UCV,,,Visita goles +1.5,TEAM_TOTAL_AWAY OVER.1.5,TEAM_TOTAL_AWAY:OVER_1_5,36.1%,0.361200,,,,,,,Sin cuota/EV,No encontrado en Betano,Baja,fallback ultimos partidos,usa Poisson fallback con ultimos partidos multi-competicion,un gol temprano o baja eficacia puede cambiar la lectura del mercado,
2026-07-28,19:30,Santos vs UCV,,,Tarjetas total -3.5,CARDS_TOTALS UNDER.3.5,CARDS_TOTALS:UNDER_3_5,35.9%,0.359400,,,,,,,Sin cuota/EV,No encontrado en Betano,Baja,contexto premium torneo actual,usa promedios del contexto premium/API-Football,depende mucho del arbitro y del contexto competitivo,
2026-07-28,19:30,Santos vs UCV,10Bet,,Goles -2.5,TOTALS UNDER.2.5,TOTALS:UNDER_2_5,35.4%,0.353600,1.25,-0.56,-0.558000,,,,EV negativo,No encontrado en Betano,Baja,fallback ultimos partidos,usa Poisson fallback con ultimos partidos multi-competicion,un gol temprano o baja eficacia puede cambiar la lectura del mercado,
2026-07-28,19:30,Santos vs UCV,,,Local goles +2.5,TEAM_TOTAL_HOME OVER.2.5,TEAM_TOTAL_HOME:OVER_2_5,34.0%,0.340300,,,,,,,Sin cuota/EV,No encontrado en Betano,Baja,fallback ultimos partidos,usa Poisson fallback con ultimos partidos multi-competicion,un gol temprano o baja eficacia puede cambiar la lectura del mercado,
2026-07-28,19:30,Santos vs UCV,10Bet,,1T +1.5,FIRST_HALF_TOTALS OVER.1.5,FIRST_HALF_TOTALS:OVER_1_5,33.7%,0.337400,2.85,-0.04,-0.038500,,,,EV negativo,No encontrado en Betano,Baja,contexto premium torneo actual,usa promedios del contexto premium/API-Football,el primer tiempo puede tener ritmo bajo o rotaciones,
2026-07-28,19:30,Santos vs UCV,,,Visita tarjetas +2.5,CARDS_AWAY OVER.2.5,CARDS_AWAY:OVER_2_5,32.3%,0.323300,,,,,,,Sin cuota/EV,No encontrado en Betano,Baja,contexto premium torneo actual,usa promedios del contexto premium/API-Football,depende mucho del arbitro y del contexto competitivo,
2026-07-28,19:30,Santos vs UCV,,,SHOTS_TOTAL OVER.26.5,SHOTS_TOTAL OVER.26.5,SHOTS_TOTAL:OVER_26_5,31.1%,0.310700,,,,,,,Sin cuota/EV,No encontrado en Betano,Baja,contexto premium torneo actual,usa promedios del contexto premium/API-Football,el volumen ofensivo puede variar por planteamiento y marcador temprano,
2026-07-28,19:30,Santos vs UCV,,,Local tarjetas -1.5,CARDS_HOME UNDER.1.5,CARDS_HOME:UNDER_1_5,30.8%,0.308400,,,,,,,Sin cuota/EV,No encontrado en Betano,Baja,contexto premium torneo actual,usa promedios del contexto premium/API-Football,depende mucho del arbitro y del contexto competitivo,
2026-07-28,19:30,Santos vs UCV,10Bet,,1T -0.5,FIRST_HALF_TOTALS UNDER.0.5,FIRST_HALF_TOTALS:UNDER_0_5,30.1%,0.301200,1.28,-0.61,-0.614500,,,,EV negativo,No encontrado en Betano,Baja,contexto premium torneo actual,usa promedios del contexto premium/API-Football,el primer tiempo puede tener ritmo bajo o rotaciones,
2026-07-28,19:30,Santos vs UCV,10Bet,,Corners total +9.5,CORNERS_TOTALS OVER.9.5,CORNERS_TOTALS:OVER_9_5,29.6%,0.295900,1.91,-0.43,-0.434900,,,,EV negativo,No encontrado en Betano,Baja,contexto premium torneo actual,usa promedios del contexto premium/API-Football,el volumen ofensivo puede variar por planteamiento y marcador temprano,
2026-07-28,19:30,Santos vs UCV,10Bet,,DNB visita,DRAW_NO_BET AWAY,DRAW_NO_BET:AWAY,29.3%,0.292800,5.75,0.68,0.683800,,,,EV positivo,No encontrado en Betano,Baja,fallback ultimos partidos,usa Poisson fallback con ultimos partidos multi-competicion,riesgo propio del resultado final y variacion del modelo,
2026-07-28,19:30,Santos vs UCV,,,Visita goles -0.5,TEAM_TOTAL_AWAY UNDER.0.5,TEAM_TOTAL_AWAY:UNDER_0_5,28.2%,0.282000,,,,,,,Sin cuota/EV,No encontrado en Betano,Baja,fallback ultimos partidos,usa Poisson fallback con ultimos partidos multi-competicion,un gol temprano o baja eficacia puede cambiar la lectura del mercado,
2026-07-28,19:30,Santos vs UCV,,,Tarjetas total +5.5,CARDS_TOTALS OVER.5.5,CARDS_TOTALS:OVER_5_5,28.0%,0.280100,,,,,,,Sin cuota/EV,No encontrado en Betano,Baja,contexto premium torneo actual,usa promedios del contexto premium/API-Football,depende mucho del arbitro y del contexto competitivo,
2026-07-28,19:30,Santos vs UCV,,,Local corners -3.5,CORNERS_HOME UNDER.3.5,CORNERS_HOME:UNDER_3_5,26.5%,0.265000,,,,,,,Sin cuota/EV,No encontrado en Betano,Baja,contexto premium torneo actual,usa promedios del contexto premium/API-Football,el volumen ofensivo puede variar por planteamiento y marcador temprano,
2026-07-28,19:30,Santos vs UCV,,,SHOTS_ON_TARGET_TOTAL UNDER.7.5,SHOTS_ON_TARGET_TOTAL UNDER.7.5,SHOTS_ON_TARGET_TOTAL:UNDER_7_5,25.8%,0.258400,,,,,,,Sin cuota/EV,No encontrado en Betano,Baja,contexto premium torneo actual,usa promedios del contexto premium/API-Football,el volumen ofensivo puede variar por planteamiento y marcador temprano,
2026-07-28,19:30,Santos vs UCV,10Bet,,Local corners +6.5,CORNERS_HOME OVER.6.5,CORNERS_HOME:OVER_6_5,23.8%,0.237800,1.83,-0.56,-0.564800,,,,EV negativo,No encontrado en Betano,Baja,contexto premium torneo actual,usa promedios del contexto premium/API-Football,el volumen ofensivo puede variar por planteamiento y marcador temprano,
2026-07-28,19:30,Santos vs UCV,10Bet,,Gana visita,1X2 AWAY,1X2:AWAY,23.1%,0.230900,9.50,1.19,1.193600,,,,EV positivo,No encontrado en Betano,Baja,fallback ultimos partidos,usa Poisson fallback con ultimos partidos multi-competicion,riesgo propio del resultado final y variacion del modelo,
2026-07-28,19:30,Santos vs UCV,,,SHOTS_TOTAL UNDER.20.5,SHOTS_TOTAL UNDER.20.5,SHOTS_TOTAL:UNDER_20_5,23.0%,0.230400,,,,,,,Sin cuota/EV,No encontrado en Betano,Baja,contexto premium torneo actual,usa promedios del contexto premium/API-Football,el volumen ofensivo puede variar por planteamiento y marcador temprano,
2026-07-28,19:30,Santos vs UCV,,,Local tarjetas +3.5,CARDS_HOME OVER.3.5,CARDS_HOME:OVER_3_5,22.1%,0.221300,,,,,,,Sin cuota/EV,No encontrado en Betano,Baja,contexto premium torneo actual,usa promedios del contexto premium/API-Football,depende mucho del arbitro y del contexto competitivo,
2026-07-28,19:30,Santos vs UCV,10Bet,,Empate,1X2 DRAW,1X2:DRAW,21.1%,0.211500,2.00,-0.58,-0.577100,,,,EV negativo,No encontrado en Betano,Baja,fallback ultimos partidos,usa Poisson fallback con ultimos partidos multi-competicion,riesgo propio del resultado final y variacion del modelo,
2026-07-28,19:30,Santos vs UCV,,,Visita corners +4.5,CORNERS_AWAY OVER.4.5,CORNERS_AWAY:OVER_4_5,20.2%,0.201800,,,,,,,Sin cuota/EV,No encontrado en Betano,Baja,contexto premium torneo actual,usa promedios del contexto premium/API-Football,el volumen ofensivo puede variar por planteamiento y marcador temprano,
2026-07-28,19:30,Santos vs UCV,,,Corners total +10.5,CORNERS_TOTALS OVER.10.5,CORNERS_TOTALS:OVER_10_5,19.4%,0.194200,,,,,,,Sin cuota/EV,No encontrado en Betano,Baja,contexto premium torneo actual,usa promedios del contexto premium/API-Football,el volumen ofensivo puede variar por planteamiento y marcador temprano,
2026-07-28,19:30,Santos vs UCV,,,Tarjetas total -2.5,CARDS_TOTALS UNDER.2.5,CARDS_TOTALS:UNDER_2_5,18.5%,0.185100,,,,,,,Sin cuota/EV,No encontrado en Betano,Baja,contexto premium torneo actual,usa promedios del contexto premium/API-Football,depende mucho del arbitro y del contexto competitivo,
2026-07-28,19:30,Santos vs UCV,,,SHOTS_ON_TARGET_TOTAL UNDER.6.5,SHOTS_ON_TARGET_TOTAL UNDER.6.5,SHOTS_ON_TARGET_TOTAL:UNDER_6_5,15.7%,0.157400,,,,,,,Sin cuota/EV,No encontrado en Betano,Baja,contexto premium torneo actual,usa promedios del contexto premium/API-Football,el volumen ofensivo puede variar por planteamiento y marcador temprano,
2026-07-28,19:30,Santos vs UCV,,,Tarjetas total +6.5,CARDS_TOTALS OVER.6.5,CARDS_TOTALS:OVER_6_5,15.6%,0.156400,,,,,,,Sin cuota/EV,No encontrado en Betano,Baja,contexto premium torneo actual,usa promedios del contexto premium/API-Football,depende mucho del arbitro y del contexto competitivo,
2026-07-28,19:30,Santos vs UCV,10Bet,,Goles -1.5,TOTALS UNDER.1.5,TOTALS:UNDER_1_5,15.5%,0.155200,1.95,-0.70,-0.697300,,,,EV negativo,No encontrado en Betano,Baja,fallback ultimos partidos,usa Poisson fallback con ultimos partidos multi-competicion,un gol temprano o baja eficacia puede cambiar la lectura del mercado,
2026-07-28,19:30,Santos vs UCV,,,Visita tarjetas +3.5,CARDS_AWAY OVER.3.5,CARDS_AWAY:OVER_3_5,14.3%,0.142900,,,,,,,Sin cuota/EV,No encontrado en Betano,Baja,contexto premium torneo actual,usa promedios del contexto premium/API-Football,depende mucho del arbitro y del contexto competitivo,
2026-07-28,19:30,Santos vs UCV,,,Visita tarjetas -0.5,CARDS_AWAY UNDER.0.5,CARDS_AWAY:UNDER_0_5,13.5%,0.135300,,,,,,,Sin cuota/EV,No encontrado en Betano,Baja,contexto premium torneo actual,usa promedios del contexto premium/API-Football,depende mucho del arbitro y del contexto competitivo,
2026-07-28,19:30,Santos vs UCV,,,Visita goles +2.5,TEAM_TOTAL_AWAY OVER.2.5,TEAM_TOTAL_AWAY:OVER_2_5,13.5%,0.135200,,,,,,,Sin cuota/EV,No encontrado en Betano,Baja,fallback ultimos partidos,usa Poisson fallback con ultimos partidos multi-competicion,un gol temprano o baja eficacia puede cambiar la lectura del mercado,
2026-07-28,19:30,Santos vs UCV,,,Local goles -0.5,TEAM_TOTAL_HOME UNDER.0.5,TEAM_TOTAL_HOME:UNDER_0_5,12.7%,0.127200,,,,,,,Sin cuota/EV,No encontrado en Betano,Baja,fallback ultimos partidos,usa Poisson fallback con ultimos partidos multi-competicion,un gol temprano o baja eficacia puede cambiar la lectura del mercado,
2026-07-28,19:30,Santos vs UCV,,,SHOTS_TOTAL UNDER.18.5,SHOTS_TOTAL UNDER.18.5,SHOTS_TOTAL:UNDER_18_5,12.0%,0.120300,,,,,,,Sin cuota/EV,No encontrado en Betano,Baja,contexto premium torneo actual,usa promedios del contexto premium/API-Football,el volumen ofensivo puede variar por planteamiento y marcador temprano,
2026-07-28,19:30,Santos vs UCV,,,Corners total +11.5,CORNERS_TOTALS OVER.11.5,CORNERS_TOTALS:OVER_11_5,11.9%,0.119300,,,,,,,Sin cuota/EV,No encontrado en Betano,Baja,contexto premium torneo actual,usa promedios del contexto premium/API-Football,el volumen ofensivo puede variar por planteamiento y marcador temprano,
2026-07-28,19:30,Santos vs UCV,,,Visita corners +5.5,CORNERS_AWAY OVER.5.5,CORNERS_AWAY:OVER_5_5,9.4%,0.094300,,,,,,,Sin cuota/EV,No encontrado en Betano,Baja,contexto premium torneo actual,usa promedios del contexto premium/API-Football,el volumen ofensivo puede variar por planteamiento y marcador temprano,
2026-07-28,19:30,Santos vs UCV,,,Local tarjetas -0.5,CARDS_HOME UNDER.0.5,CARDS_HOME:UNDER_0_5,9.1%,0.090700,,,,,,,Sin cuota/EV,No encontrado en Betano,Baja,contexto premium torneo actual,usa promedios del contexto premium/API-Football,depende mucho del arbitro y del contexto competitivo,
2026-07-28,19:30,Santos vs UCV,,,Visita corners +6.5,CORNERS_AWAY OVER.6.5,CORNERS_AWAY:OVER_6_5,3.9%,0.038800,,,,,,,Sin cuota/EV,No encontrado en Betano,Baja,contexto premium torneo actual,usa promedios del contexto premium/API-Football,el volumen ofensivo puede variar por planteamiento y marcador temprano,
2026-07-28,04:45,Chelsea vs Western Sydney Wanderers,,,SHOTS_TOTAL OVER.18.5,SHOTS_TOTAL OVER.18.5,SHOTS_TOTAL:OVER_18_5,95.3%,0.953400,,,,,,,Sin cuota/EV,No encontrado en Betano,Alta,contexto premium fallback reciente,usa promedios recientes multi-competicion/API-Football,el volumen ofensivo puede variar por planteamiento y marcador temprano,
2026-07-28,04:45,Chelsea vs Western Sydney Wanderers,,,Local tarjetas +0.5,CARDS_HOME OVER.0.5,CARDS_HOME:OVER_0_5,93.3%,0.932800,,,,,,,Sin cuota/EV,No encontrado en Betano,Alta,contexto premium fallback reciente,usa promedios recientes multi-competicion/API-Football,depende mucho del arbitro y del contexto competitivo,
2026-07-28,04:45,Chelsea vs Western Sydney Wanderers,,,Visita tarjetas -3.5,CARDS_AWAY UNDER.3.5,CARDS_AWAY:UNDER_3_5,92.7%,0.927100,,,,,,,Sin cuota/EV,No encontrado en Betano,Alta,contexto premium fallback reciente,usa promedios recientes multi-competicion/API-Football,depende mucho del arbitro y del contexto competitivo,
2026-07-28,04:45,Chelsea vs Western Sydney Wanderers,,,SHOTS_TOTAL OVER.20.5,SHOTS_TOTAL OVER.20.5,SHOTS_TOTAL:OVER_20_5,89.5%,0.894500,,,,,,,Sin cuota/EV,No encontrado en Betano,Alta,contexto premium fallback reciente,usa promedios recientes multi-competicion/API-Football,el volumen ofensivo puede variar por planteamiento y marcador temprano,
2026-07-28,04:45,Chelsea vs Western Sydney Wanderers,,,Tarjetas total -6.5,CARDS_TOTALS UNDER.6.5,CARDS_TOTALS:UNDER_6_5,86.1%,0.861000,,,,,,,Sin cuota/EV,No encontrado en Betano,Alta,contexto premium fallback reciente,usa promedios recientes multi-competicion/API-Football,depende mucho del arbitro y del contexto competitivo,
2026-07-28,04:45,Chelsea vs Western Sydney Wanderers,,,SHOTS_ON_TARGET_TOTAL OVER.6.5,SHOTS_ON_TARGET_TOTAL OVER.6.5,SHOTS_ON_TARGET_TOTAL:OVER_6_5,84.1%,0.840900,,,,,,,Sin cuota/EV,No encontrado en Betano,Alta,contexto premium fallback reciente,usa promedios recientes multi-competicion/API-Football,el volumen ofensivo puede variar por planteamiento y marcador temprano,
2026-07-28,04:45,Chelsea vs Western Sydney Wanderers,,,Goles +1.5,TOTALS OVER.1.5,TOTALS:OVER_1_5,83.3%,0.832800,,,,,,,Sin cuota/EV,No encontrado en Betano,Alta,fallback ultimos partidos,usa Poisson fallback con ultimos partidos multi-competicion,un gol temprano o baja eficacia puede cambiar la lectura del mercado,
2026-07-28,04:45,Chelsea vs Western Sydney Wanderers,,,Local goles +0.5,TEAM_TOTAL_HOME OVER.0.5,TEAM_TOTAL_HOME:OVER_0_5,83.2%,0.831600,,,,,,,Sin cuota/EV,No encontrado en Betano,Alta,fallback ultimos partidos,usa Poisson fallback con ultimos partidos multi-competicion,un gol temprano o baja eficacia puede cambiar la lectura del mercado,
2026-07-28,04:45,Chelsea vs Western Sydney Wanderers,,,Visita corners -6.5,CORNERS_AWAY UNDER.6.5,CORNERS_AWAY:UNDER_6_5,82.7%,0.827400,,,,,,,Sin cuota/EV,No encontrado en Betano,Alta,contexto premium fallback reciente,usa promedios recientes multi-competicion/API-Football,el volumen ofensivo puede variar por planteamiento y marcador temprano,
2026-07-28,04:45,Chelsea vs Western Sydney Wanderers,,,Visita goles -2.5,TEAM_TOTAL_AWAY UNDER.2.5,TEAM_TOTAL_AWAY:UNDER_2_5,82.1%,0.821300,,,,,,,Sin cuota/EV,No encontrado en Betano,Alta,fallback ultimos partidos,usa Poisson fallback con ultimos partidos multi-competicion,un gol temprano o baja eficacia puede cambiar la lectura del mercado,
2026-07-28,04:45,Chelsea vs Western Sydney Wanderers,,,SHOTS_TOTAL OVER.22.5,SHOTS_TOTAL OVER.22.5,SHOTS_TOTAL:OVER_22_5,79.8%,0.798300,,,,,,,Sin cuota/EV,No encontrado en Betano,Alta,contexto premium fallback reciente,usa promedios recientes multi-competicion/API-Football,el volumen ofensivo puede variar por planteamiento y marcador temprano,
2026-07-28,04:45,Chelsea vs Western Sydney Wanderers,,,Tarjetas total +2.5,CARDS_TOTALS OVER.2.5,CARDS_TOTALS:OVER_2_5,79.7%,0.797100,,,,,,,Sin cuota/EV,No encontrado en Betano,Alta,contexto premium fallback reciente,usa promedios recientes multi-competicion/API-Football,depende mucho del arbitro y del contexto competitivo,
2026-07-28,04:45,Chelsea vs Western Sydney Wanderers,,,Visita tarjetas -2.5,CARDS_AWAY UNDER.2.5,CARDS_AWAY:UNDER_2_5,79.5%,0.794700,,,,,,,Sin cuota/EV,No encontrado en Betano,Alta,contexto premium fallback reciente,usa promedios recientes multi-competicion/API-Football,depende mucho del arbitro y del contexto competitivo,
2026-07-28,04:45,Chelsea vs Western Sydney Wanderers,,,Visita tarjetas +0.5,CARDS_AWAY OVER.0.5,CARDS_AWAY:OVER_0_5,78.9%,0.789000,,,,,,,Sin cuota/EV,No encontrado en Betano,Alta,contexto premium fallback reciente,usa promedios recientes multi-competicion/API-Football,depende mucho del arbitro y del contexto competitivo,
2026-07-28,04:45,Chelsea vs Western Sydney Wanderers,,,DOUBLE_CHANCE 12,DOUBLE_CHANCE 12,DOUBLE_CHANCE:12,77.0%,0.770300,,,,,,,Sin cuota/EV,No encontrado en Betano,Alta,fallback ultimos partidos,usa Poisson fallback con ultimos partidos multi-competicion,riesgo propio del resultado final y variacion del modelo,
2026-07-28,04:45,Chelsea vs Western Sydney Wanderers,,,Visita goles +0.5,TEAM_TOTAL_AWAY OVER.0.5,TEAM_TOTAL_AWAY:OVER_0_5,76.5%,0.765300,,,,,,,Sin cuota/EV,No encontrado en Betano,Alta,fallback ultimos partidos,usa Poisson fallback con ultimos partidos multi-competicion,un gol temprano o baja eficacia puede cambiar la lectura del mercado,
2026-07-28,04:45,Chelsea vs Western Sydney Wanderers,,,1T +0.5,FIRST_HALF_TOTALS OVER.0.5,FIRST_HALF_TOTALS:OVER_0_5,75.3%,0.753400,,,,,,,Sin cuota/EV,No encontrado en Betano,Alta,contexto premium fallback reciente,usa promedios recientes multi-competicion/API-Football,el primer tiempo puede tener ritmo bajo o rotaciones,
2026-07-28,04:45,Chelsea vs Western Sydney Wanderers,,,Local tarjetas +1.5,CARDS_HOME OVER.1.5,CARDS_HOME:OVER_1_5,75.1%,0.751300,,,,,,,Sin cuota/EV,No encontrado en Betano,Alta,contexto premium fallback reciente,usa promedios recientes multi-competicion/API-Football,depende mucho del arbitro y del contexto competitivo,
2026-07-28,04:45,Chelsea vs Western Sydney Wanderers,,,Local corners +3.5,CORNERS_HOME OVER.3.5,CORNERS_HOME:OVER_3_5,75.0%,0.749500,,,,,,,Sin cuota/EV,No encontrado en Betano,Alta,contexto premium fallback reciente,usa promedios recientes multi-competicion/API-Football,el volumen ofensivo puede variar por planteamiento y marcador temprano,
2026-07-28,04:45,Chelsea vs Western Sydney Wanderers,,,Local corners -6.5,CORNERS_HOME UNDER.6.5,CORNERS_HOME:UNDER_6_5,74.7%,0.746600,,,,,,,Sin cuota/EV,No encontrado en Betano,Alta,contexto premium fallback reciente,usa promedios recientes multi-competicion/API-Football,el volumen ofensivo puede variar por planteamiento y marcador temprano,
2026-07-28,04:45,Chelsea vs Western Sydney Wanderers,,,Corners total +7.5,CORNERS_TOTALS OVER.7.5,CORNERS_TOTALS:OVER_7_5,74.5%,0.744900,,,,,,,Sin cuota/EV,No encontrado en Betano,Alta,contexto premium fallback reciente,usa promedios recientes multi-competicion/API-Football,el volumen ofensivo puede variar por planteamiento y marcador temprano,
2026-07-28,04:45,Chelsea vs Western Sydney Wanderers,,,Tarjetas total -5.5,CARDS_TOTALS UNDER.5.5,CARDS_TOTALS:UNDER_5_5,74.4%,0.743900,,,,,,,Sin cuota/EV,No encontrado en Betano,Alta,contexto premium fallback reciente,usa promedios recientes multi-competicion/API-Football,depende mucho del arbitro y del contexto competitivo,
2026-07-28,04:45,Chelsea vs Western Sydney Wanderers,,,SHOTS_ON_TARGET_TOTAL OVER.7.5,SHOTS_ON_TARGET_TOTAL OVER.7.5,SHOTS_ON_TARGET_TOTAL:OVER_7_5,73.9%,0.739300,,,,,,,Sin cuota/EV,No encontrado en Betano,Alta,contexto premium fallback reciente,usa promedios recientes multi-competicion/API-Football,el volumen ofensivo puede variar por planteamiento y marcador temprano,
2026-07-28,04:45,Chelsea vs Western Sydney Wanderers,,,Corners total -11.5,CORNERS_TOTALS UNDER.11.5,CORNERS_TOTALS:UNDER_11_5,73.8%,0.737600,,,,,,,Sin cuota/EV,No encontrado en Betano,Alta,contexto premium fallback reciente,usa promedios recientes multi-competicion/API-Football,el volumen ofensivo puede variar por planteamiento y marcador temprano,
2026-07-28,04:45,Chelsea vs Western Sydney Wanderers,,,Local goles -2.5,TEAM_TOTAL_HOME UNDER.2.5,TEAM_TOTAL_HOME:UNDER_2_5,73.6%,0.735500,,,,,,,Sin cuota/EV,No encontrado en Betano,Alta,fallback ultimos partidos,usa Poisson fallback con ultimos partidos multi-competicion,un gol temprano o baja eficacia puede cambiar la lectura del mercado,
2026-07-28,04:45,Chelsea vs Western Sydney Wanderers,,,Local tarjetas -3.5,CARDS_HOME UNDER.3.5,CARDS_HOME:UNDER_3_5,71.4%,0.714100,,,,,,,Sin cuota/EV,No encontrado en Betano,Alta,contexto premium fallback reciente,usa promedios recientes multi-competicion/API-Football,depende mucho del arbitro y del contexto competitivo,
2026-07-28,04:45,Chelsea vs Western Sydney Wanderers,,,Visita corners -5.5,CORNERS_AWAY UNDER.5.5,CORNERS_AWAY:UNDER_5_5,69.8%,0.698100,,,,,,,Sin cuota/EV,No encontrado en Betano,Media,contexto premium fallback reciente,usa promedios recientes multi-competicion/API-Football,el volumen ofensivo puede variar por planteamiento y marcador temprano,
2026-07-28,04:45,Chelsea vs Western Sydney Wanderers,,,DOUBLE_CHANCE 1X,DOUBLE_CHANCE 1X,DOUBLE_CHANCE:1X,68.5%,0.685100,,,,,,,Sin cuota/EV,No encontrado en Betano,Media,fallback ultimos partidos,usa Poisson fallback con ultimos partidos multi-competicion,riesgo propio del resultado final y variacion del modelo,
2026-07-28,04:45,Chelsea vs Western Sydney Wanderers,,,SHOTS_TOTAL OVER.24.5,SHOTS_TOTAL OVER.24.5,SHOTS_TOTAL:OVER_24_5,66.7%,0.667400,,,,,,,Sin cuota/EV,No encontrado en Betano,Media,contexto premium fallback reciente,usa promedios recientes multi-competicion/API-Football,el volumen ofensivo puede variar por planteamiento y marcador temprano,
2026-07-28,04:45,Chelsea vs Western Sydney Wanderers,,,Visita corners +3.5,CORNERS_AWAY OVER.3.5,CORNERS_AWAY:OVER_3_5,66.2%,0.662400,,,,,,,Sin cuota/EV,No encontrado en Betano,Media,contexto premium fallback reciente,usa promedios recientes multi-competicion/API-Football,el volumen ofensivo puede variar por planteamiento y marcador temprano,
2026-07-28,04:45,Chelsea vs Western Sydney Wanderers,,,BTTS sí,BTTS YES,BTTS:YES,63.6%,0.636500,,,,,,,Sin cuota/EV,No encontrado en Betano,Media,fallback ultimos partidos,usa Poisson fallback con ultimos partidos multi-competicion,un gol temprano o baja eficacia puede cambiar la lectura del mercado,
2026-07-28,04:45,Chelsea vs Western Sydney Wanderers,,,Corners total -10.5,CORNERS_TOTALS UNDER.10.5,CORNERS_TOTALS:UNDER_10_5,62.9%,0.628800,,,,,,,Sin cuota/EV,No encontrado en Betano,Media,contexto premium fallback reciente,usa promedios recientes multi-competicion/API-Football,el volumen ofensivo puede variar por planteamiento y marcador temprano,
2026-07-28,04:45,Chelsea vs Western Sydney Wanderers,,,Goles +2.5,TOTALS OVER.2.5,TOTALS:OVER_2_5,62.7%,0.626600,,,,,,,Sin cuota/EV,No encontrado en Betano,Media,fallback ultimos partidos,usa Poisson fallback con ultimos partidos multi-competicion,un gol temprano o baja eficacia puede cambiar la lectura del mercado,
2026-07-28,04:45,Chelsea vs Western Sydney Wanderers,,,Corners total +8.5,CORNERS_TOTALS OVER.8.5,CORNERS_TOTALS:OVER_8_5,62.4%,0.624400,,,,,,,Sin cuota/EV,No encontrado en Betano,Media,contexto premium fallback reciente,usa promedios recientes multi-competicion/API-Football,el volumen ofensivo puede variar por planteamiento y marcador temprano,
2026-07-28,04:45,Chelsea vs Western Sydney Wanderers,,,SHOTS_ON_TARGET_TOTAL OVER.8.5,SHOTS_ON_TARGET_TOTAL OVER.8.5,SHOTS_ON_TARGET_TOTAL:OVER_8_5,61.8%,0.617700,,,,,,,Sin cuota/EV,No encontrado en Betano,Media,contexto premium fallback reciente,usa promedios recientes multi-competicion/API-Football,el volumen ofensivo puede variar por planteamiento y marcador temprano,
2026-07-28,04:45,Chelsea vs Western Sydney Wanderers,,,Tarjetas total +3.5,CARDS_TOTALS OVER.3.5,CARDS_TOTALS:OVER_3_5,61.5%,0.614900,,,,,,,Sin cuota/EV,No encontrado en Betano,Media,contexto premium fallback reciente,usa promedios recientes multi-competicion/API-Football,depende mucho del arbitro y del contexto competitivo,
2026-07-28,04:45,Chelsea vs Western Sydney Wanderers,,,Local corners -5.5,CORNERS_HOME UNDER.5.5,CORNERS_HOME:UNDER_5_5,59.8%,0.597500,,,,,,,Sin cuota/EV,No encontrado en Betano,Media,contexto premium fallback reciente,usa promedios recientes multi-competicion/API-Football,el volumen ofensivo puede variar por planteamiento y marcador temprano,
2026-07-28,04:45,Chelsea vs Western Sydney Wanderers,,,Goles -3.5,TOTALS UNDER.3.5,TOTALS:UNDER_3_5,59.6%,0.595500,,,,,,,Sin cuota/EV,No encontrado en Betano,Media,fallback ultimos partidos,usa Poisson fallback con ultimos partidos multi-competicion,un gol temprano o baja eficacia puede cambiar la lectura del mercado,
2026-07-28,04:45,Chelsea vs Western Sydney Wanderers,,,1T -1.5,FIRST_HALF_TOTALS UNDER.1.5,FIRST_HALF_TOTALS:UNDER_1_5,59.2%,0.591800,,,,,,,Sin cuota/EV,No encontrado en Betano,Media,contexto premium fallback reciente,usa promedios recientes multi-competicion/API-Football,el primer tiempo puede tener ritmo bajo o rotaciones,
2026-07-28,04:45,Chelsea vs Western Sydney Wanderers,,,DNB local,DRAW_NO_BET HOME,DRAW_NO_BET:HOME,59.1%,0.591200,,,,,,,Sin cuota/EV,No encontrado en Betano,Media,fallback ultimos partidos,usa Poisson fallback con ultimos partidos multi-competicion,riesgo propio del resultado final y variacion del modelo,
2026-07-28,04:45,Chelsea vs Western Sydney Wanderers,,,Tarjetas total -4.5,CARDS_TOTALS UNDER.4.5,CARDS_TOTALS:UNDER_4_5,57.9%,0.579000,,,,,,,Sin cuota/EV,No encontrado en Betano,Media,contexto premium fallback reciente,usa promedios recientes multi-competicion/API-Football,depende mucho del arbitro y del contexto competitivo,
2026-07-28,04:45,Chelsea vs Western Sydney Wanderers,,,Local corners +4.5,CORNERS_HOME OVER.4.5,CORNERS_HOME:OVER_4_5,57.8%,0.577800,,,,,,,Sin cuota/EV,No encontrado en Betano,Media,contexto premium fallback reciente,usa promedios recientes multi-competicion/API-Football,el volumen ofensivo puede variar por planteamiento y marcador temprano,
2026-07-28,04:45,Chelsea vs Western Sydney Wanderers,,,Visita goles -1.5,TEAM_TOTAL_AWAY UNDER.1.5,TEAM_TOTAL_AWAY:UNDER_1_5,57.5%,0.574800,,,,,,,Sin cuota/EV,No encontrado en Betano,Media,fallback ultimos partidos,usa Poisson fallback con ultimos partidos multi-competicion,un gol temprano o baja eficacia puede cambiar la lectura del mercado,
2026-07-28,04:45,Chelsea vs Western Sydney Wanderers,,,DOUBLE_CHANCE X2,DOUBLE_CHANCE X2,DOUBLE_CHANCE:X2,54.5%,0.544600,,,,,,,Sin cuota/EV,No encontrado en Betano,Baja,fallback ultimos partidos,usa Poisson fallback con ultimos partidos multi-competicion,riesgo propio del resultado final y variacion del modelo,
2026-07-28,04:45,Chelsea vs Western Sydney Wanderers,,,Visita tarjetas -1.5,CARDS_AWAY UNDER.1.5,CARDS_AWAY:UNDER_1_5,53.9%,0.539300,,,,,,,Sin cuota/EV,No encontrado en Betano,Baja,contexto premium fallback reciente,usa promedios recientes multi-competicion/API-Football,depende mucho del arbitro y del contexto competitivo,
2026-07-28,04:45,Chelsea vs Western Sydney Wanderers,,,Local goles +1.5,TEAM_TOTAL_HOME OVER.1.5,TEAM_TOTAL_HOME:OVER_1_5,53.2%,0.531700,,,,,,,Sin cuota/EV,No encontrado en Betano,Baja,fallback ultimos partidos,usa Poisson fallback con ultimos partidos multi-competicion,un gol temprano o baja eficacia puede cambiar la lectura del mercado,
2026-07-28,04:45,Chelsea vs Western Sydney Wanderers,,,Visita corners -4.5,CORNERS_AWAY UNDER.4.5,CORNERS_AWAY:UNDER_4_5,52.7%,0.526800,,,,,,,Sin cuota/EV,No encontrado en Betano,Baja,contexto premium fallback reciente,usa promedios recientes multi-competicion/API-Football,el volumen ofensivo puede variar por planteamiento y marcador temprano,
2026-07-28,04:45,Chelsea vs Western Sydney Wanderers,,,SHOTS_TOTAL OVER.26.5,SHOTS_TOTAL OVER.26.5,SHOTS_TOTAL:OVER_26_5,51.6%,0.516200,,,,,,,Sin cuota/EV,No encontrado en Betano,Baja,contexto premium fallback reciente,usa promedios recientes multi-competicion/API-Football,el volumen ofensivo puede variar por planteamiento y marcador temprano,
2026-07-28,04:45,Chelsea vs Western Sydney Wanderers,,,SHOTS_ON_TARGET_TOTAL UNDER.9.5,SHOTS_ON_TARGET_TOTAL UNDER.9.5,SHOTS_ON_TARGET_TOTAL:UNDER_9_5,51.2%,0.511800,,,,,,,Sin cuota/EV,No encontrado en Betano,Baja,contexto premium fallback reciente,usa promedios recientes multi-competicion/API-Football,el volumen ofensivo puede variar por planteamiento y marcador temprano,
2026-07-28,04:45,Chelsea vs Western Sydney Wanderers,,,Local tarjetas +2.5,CARDS_HOME OVER.2.5,CARDS_HOME:OVER_2_5,50.6%,0.506400,,,,,,,Sin cuota/EV,No encontrado en Betano,Baja,contexto premium fallback reciente,usa promedios recientes multi-competicion/API-Football,depende mucho del arbitro y del contexto competitivo,
2026-07-28,04:45,Chelsea vs Western Sydney Wanderers,,,Corners total -9.5,CORNERS_TOTALS UNDER.9.5,CORNERS_TOTALS:UNDER_9_5,50.4%,0.504500,,,,,,,Sin cuota/EV,No encontrado en Betano,Baja,contexto premium fallback reciente,usa promedios recientes multi-competicion/API-Football,el volumen ofensivo puede variar por planteamiento y marcador temprano,
2026-07-28,04:45,Chelsea vs Western Sydney Wanderers,,,Corners total +9.5,CORNERS_TOTALS OVER.9.5,CORNERS_TOTALS:OVER_9_5,49.5%,0.495500,,,,,,,Sin cuota/EV,No encontrado en Betano,Baja,contexto premium fallback reciente,usa promedios recientes multi-competicion/API-Football,el volumen ofensivo puede variar por planteamiento y marcador temprano,
2026-07-28,04:45,Chelsea vs Western Sydney Wanderers,,,Local tarjetas -2.5,CARDS_HOME UNDER.2.5,CARDS_HOME:UNDER_2_5,49.4%,0.493600,,,,,,,Sin cuota/EV,No encontrado en Betano,Baja,contexto premium fallback reciente,usa promedios recientes multi-competicion/API-Football,depende mucho del arbitro y del contexto competitivo,
2026-07-28,04:45,Chelsea vs Western Sydney Wanderers,,,SHOTS_ON_TARGET_TOTAL OVER.9.5,SHOTS_ON_TARGET_TOTAL OVER.9.5,SHOTS_ON_TARGET_TOTAL:OVER_9_5,48.8%,0.488200,,,,,,,Sin cuota/EV,No encontrado en Betano,Baja,contexto premium fallback reciente,usa promedios recientes multi-competicion/API-Football,el volumen ofensivo puede variar por planteamiento y marcador temprano,
2026-07-28,04:45,Chelsea vs Western Sydney Wanderers,,,SHOTS_TOTAL UNDER.26.5,SHOTS_TOTAL UNDER.26.5,SHOTS_TOTAL:UNDER_26_5,48.4%,0.483800,,,,,,,Sin cuota/EV,No encontrado en Betano,Baja,contexto premium fallback reciente,usa promedios recientes multi-competicion/API-Football,el volumen ofensivo puede variar por planteamiento y marcador temprano,
2026-07-28,04:45,Chelsea vs Western Sydney Wanderers,,,Visita corners +4.5,CORNERS_AWAY OVER.4.5,CORNERS_AWAY:OVER_4_5,47.3%,0.473200,,,,,,,Sin cuota/EV,No encontrado en Betano,Baja,contexto premium fallback reciente,usa promedios recientes multi-competicion/API-Football,el volumen ofensivo puede variar por planteamiento y marcador temprano,
2026-07-28,04:45,Chelsea vs Western Sydney Wanderers,,,Local goles -1.5,TEAM_TOTAL_HOME UNDER.1.5,TEAM_TOTAL_HOME:UNDER_1_5,46.8%,0.468300,,,,,,,Sin cuota/EV,No encontrado en Betano,Baja,fallback ultimos partidos,usa Poisson fallback con ultimos partidos multi-competicion,un gol temprano o baja eficacia puede cambiar la lectura del mercado,
2026-07-28,04:45,Chelsea vs Western Sydney Wanderers,,,Visita tarjetas +1.5,CARDS_AWAY OVER.1.5,CARDS_AWAY:OVER_1_5,46.1%,0.460700,,,,,,,Sin cuota/EV,No encontrado en Betano,Baja,contexto premium fallback reciente,usa promedios recientes multi-competicion/API-Football,depende mucho del arbitro y del contexto competitivo,
2026-07-28,04:45,Chelsea vs Western Sydney Wanderers,,,Gana local,1X2 HOME,1X2:HOME,45.5%,0.455400,,,,,,,Sin cuota/EV,No encontrado en Betano,Baja,fallback ultimos partidos,usa Poisson fallback con ultimos partidos multi-competicion,riesgo propio del resultado final y variacion del modelo,
2026-07-28,04:45,Chelsea vs Western Sydney Wanderers,,,Visita goles +1.5,TEAM_TOTAL_AWAY OVER.1.5,TEAM_TOTAL_AWAY:OVER_1_5,42.5%,0.425200,,,,,,,Sin cuota/EV,No encontrado en Betano,Baja,fallback ultimos partidos,usa Poisson fallback con ultimos partidos multi-competicion,un gol temprano o baja eficacia puede cambiar la lectura del mercado,
2026-07-28,04:45,Chelsea vs Western Sydney Wanderers,,,Local corners -4.5,CORNERS_HOME UNDER.4.5,CORNERS_HOME:UNDER_4_5,42.2%,0.422200,,,,,,,Sin cuota/EV,No encontrado en Betano,Baja,contexto premium fallback reciente,usa promedios recientes multi-competicion/API-Football,el volumen ofensivo puede variar por planteamiento y marcador temprano,
2026-07-28,04:45,Chelsea vs Western Sydney Wanderers,,,Tarjetas total +4.5,CARDS_TOTALS OVER.4.5,CARDS_TOTALS:OVER_4_5,42.1%,0.421000,,,,,,,Sin cuota/EV,No encontrado en Betano,Baja,contexto premium fallback reciente,usa promedios recientes multi-competicion/API-Football,depende mucho del arbitro y del contexto competitivo,
2026-07-28,04:45,Chelsea vs Western Sydney Wanderers,,,DNB visita,DRAW_NO_BET AWAY,DRAW_NO_BET:AWAY,40.9%,0.408800,,,,,,,Sin cuota/EV,No encontrado en Betano,Baja,fallback ultimos partidos,usa Poisson fallback con ultimos partidos multi-competicion,riesgo propio del resultado final y variacion del modelo,
2026-07-28,04:45,Chelsea vs Western Sydney Wanderers,,,1T +1.5,FIRST_HALF_TOTALS OVER.1.5,FIRST_HALF_TOTALS:OVER_1_5,40.8%,0.408200,,,,,,,Sin cuota/EV,No encontrado en Betano,Baja,contexto premium fallback reciente,usa promedios recientes multi-competicion/API-Football,el primer tiempo puede tener ritmo bajo o rotaciones,
2026-07-28,04:45,Chelsea vs Western Sydney Wanderers,,,Goles +3.5,TOTALS OVER.3.5,TOTALS:OVER_3_5,40.5%,0.404500,,,,,,,Sin cuota/EV,No encontrado en Betano,Baja,fallback ultimos partidos,usa Poisson fallback con ultimos partidos multi-competicion,un gol temprano o baja eficacia puede cambiar la lectura del mercado,
2026-07-28,04:45,Chelsea vs Western Sydney Wanderers,,,Local corners +5.5,CORNERS_HOME OVER.5.5,CORNERS_HOME:OVER_5_5,40.2%,0.402500,,,,,,,Sin cuota/EV,No encontrado en Betano,Baja,contexto premium fallback reciente,usa promedios recientes multi-competicion/API-Football,el volumen ofensivo puede variar por planteamiento y marcador temprano,
2026-07-28,04:45,Chelsea vs Western Sydney Wanderers,,,Tarjetas total -3.5,CARDS_TOTALS UNDER.3.5,CARDS_TOTALS:UNDER_3_5,38.5%,0.385100,,,,,,,Sin cuota/EV,No encontrado en Betano,Baja,contexto premium fallback reciente,usa promedios recientes multi-competicion/API-Football,depende mucho del arbitro y del contexto competitivo,
2026-07-28,04:45,Chelsea vs Western Sydney Wanderers,,,SHOTS_ON_TARGET_TOTAL UNDER.8.5,SHOTS_ON_TARGET_TOTAL UNDER.8.5,SHOTS_ON_TARGET_TOTAL:UNDER_8_5,38.2%,0.382300,,,,,,,Sin cuota/EV,No encontrado en Betano,Baja,contexto premium fallback reciente,usa promedios recientes multi-competicion/API-Football,el volumen ofensivo puede variar por planteamiento y marcador temprano,
2026-07-28,04:45,Chelsea vs Western Sydney Wanderers,,,Corners total -8.5,CORNERS_TOTALS UNDER.8.5,CORNERS_TOTALS:UNDER_8_5,37.6%,0.375600,,,,,,,Sin cuota/EV,No encontrado en Betano,Baja,contexto premium fallback reciente,usa promedios recientes multi-competicion/API-Football,el volumen ofensivo puede variar por planteamiento y marcador temprano,
2026-07-28,04:45,Chelsea vs Western Sydney Wanderers,,,Goles -2.5,TOTALS UNDER.2.5,TOTALS:UNDER_2_5,37.3%,0.373400,,,,,,,Sin cuota/EV,No encontrado en Betano,Baja,fallback ultimos partidos,usa Poisson fallback con ultimos partidos multi-competicion,un gol temprano o baja eficacia puede cambiar la lectura del mercado,
2026-07-28,04:45,Chelsea vs Western Sydney Wanderers,,,Corners total +10.5,CORNERS_TOTALS OVER.10.5,CORNERS_TOTALS:OVER_10_5,37.1%,0.371200,,,,,,,Sin cuota/EV,No encontrado en Betano,Baja,contexto premium fallback reciente,usa promedios recientes multi-competicion/API-Football,el volumen ofensivo puede variar por planteamiento y marcador temprano,
2026-07-28,04:45,Chelsea vs Western Sydney Wanderers,,,BTTS no,BTTS NO,BTTS:NO,36.4%,0.363500,,,,,,,Sin cuota/EV,No encontrado en Betano,Baja,fallback ultimos partidos,usa Poisson fallback con ultimos partidos multi-competicion,un gol temprano o baja eficacia puede cambiar la lectura del mercado,
2026-07-28,04:45,Chelsea vs Western Sydney Wanderers,,,Visita corners -3.5,CORNERS_AWAY UNDER.3.5,CORNERS_AWAY:UNDER_3_5,33.8%,0.337600,,,,,,,Sin cuota/EV,No encontrado en Betano,Baja,contexto premium fallback reciente,usa promedios recientes multi-competicion/API-Football,el volumen ofensivo puede variar por planteamiento y marcador temprano,
2026-07-28,04:45,Chelsea vs Western Sydney Wanderers,,,SHOTS_TOTAL UNDER.24.5,SHOTS_TOTAL UNDER.24.5,SHOTS_TOTAL:UNDER_24_5,33.3%,0.332600,,,,,,,Sin cuota/EV,No encontrado en Betano,Baja,contexto premium fallback reciente,usa promedios recientes multi-competicion/API-Football,el volumen ofensivo puede variar por planteamiento y marcador temprano,
2026-07-28,04:45,Chelsea vs Western Sydney Wanderers,,,Gana visita,1X2 AWAY,1X2:AWAY,31.5%,0.314900,,,,,,,Sin cuota/EV,No encontrado en Betano,Baja,fallback ultimos partidos,usa Poisson fallback con ultimos partidos multi-competicion,riesgo propio del resultado final y variacion del modelo,
2026-07-28,04:45,Chelsea vs Western Sydney Wanderers,,,Visita corners +5.5,CORNERS_AWAY OVER.5.5,CORNERS_AWAY:OVER_5_5,30.2%,0.301900,,,,,,,Sin cuota/EV,No encontrado en Betano,Baja,contexto premium fallback reciente,usa promedios recientes multi-competicion/API-Football,el volumen ofensivo puede variar por planteamiento y marcador temprano,
2026-07-28,04:45,Chelsea vs Western Sydney Wanderers,,,Local tarjetas +3.5,CARDS_HOME OVER.3.5,CARDS_HOME:OVER_3_5,28.6%,0.285900,,,,,,,Sin cuota/EV,No encontrado en Betano,Baja,contexto premium fallback reciente,usa promedios recientes multi-competicion/API-Football,depende mucho del arbitro y del contexto competitivo,
2026-07-28,04:45,Chelsea vs Western Sydney Wanderers,,,Local goles +2.5,TEAM_TOTAL_HOME OVER.2.5,TEAM_TOTAL_HOME:OVER_2_5,26.5%,0.264500,,,,,,,Sin cuota/EV,No encontrado en Betano,Baja,fallback ultimos partidos,usa Poisson fallback con ultimos partidos multi-competicion,un gol temprano o baja eficacia puede cambiar la lectura del mercado,
2026-07-28,04:45,Chelsea vs Western Sydney Wanderers,,,Corners total +11.5,CORNERS_TOTALS OVER.11.5,CORNERS_TOTALS:OVER_11_5,26.2%,0.262400,,,,,,,Sin cuota/EV,No encontrado en Betano,Baja,contexto premium fallback reciente,usa promedios recientes multi-competicion/API-Football,el volumen ofensivo puede variar por planteamiento y marcador temprano,
2026-07-28,04:45,Chelsea vs Western Sydney Wanderers,,,SHOTS_ON_TARGET_TOTAL UNDER.7.5,SHOTS_ON_TARGET_TOTAL UNDER.7.5,SHOTS_ON_TARGET_TOTAL:UNDER_7_5,26.1%,0.260700,,,,,,,Sin cuota/EV,No encontrado en Betano,Baja,contexto premium fallback reciente,usa promedios recientes multi-competicion/API-Football,el volumen ofensivo puede variar por planteamiento y marcador temprano,
2026-07-28,04:45,Chelsea vs Western Sydney Wanderers,,,Tarjetas total +5.5,CARDS_TOTALS OVER.5.5,CARDS_TOTALS:OVER_5_5,25.6%,0.256100,,,,,,,Sin cuota/EV,No encontrado en Betano,Baja,contexto premium fallback reciente,usa promedios recientes multi-competicion/API-Football,depende mucho del arbitro y del contexto competitivo,
2026-07-28,04:45,Chelsea vs Western Sydney Wanderers,,,Corners total -7.5,CORNERS_TOTALS UNDER.7.5,CORNERS_TOTALS:UNDER_7_5,25.5%,0.255100,,,,,,,Sin cuota/EV,No encontrado en Betano,Baja,contexto premium fallback reciente,usa promedios recientes multi-competicion/API-Football,el volumen ofensivo puede variar por planteamiento y marcador temprano,
2026-07-28,04:45,Chelsea vs Western Sydney Wanderers,,,Local corners +6.5,CORNERS_HOME OVER.6.5,CORNERS_HOME:OVER_6_5,25.3%,0.253400,,,,,,,Sin cuota/EV,No encontrado en Betano,Baja,contexto premium fallback reciente,usa promedios recientes multi-competicion/API-Football,el volumen ofensivo puede variar por planteamiento y marcador temprano,
2026-07-28,04:45,Chelsea vs Western Sydney Wanderers,,,Local corners -3.5,CORNERS_HOME UNDER.3.5,CORNERS_HOME:UNDER_3_5,25.1%,0.250500,,,,,,,Sin cuota/EV,No encontrado en Betano,Baja,contexto premium fallback reciente,usa promedios recientes multi-competicion/API-Football,el volumen ofensivo puede variar por planteamiento y marcador temprano,
2026-07-28,04:45,Chelsea vs Western Sydney Wanderers,,,Local tarjetas -1.5,CARDS_HOME UNDER.1.5,CARDS_HOME:UNDER_1_5,24.9%,0.248700,,,,,,,Sin cuota/EV,No encontrado en Betano,Baja,contexto premium fallback reciente,usa promedios recientes multi-competicion/API-Football,depende mucho del arbitro y del contexto competitivo,
2026-07-28,04:45,Chelsea vs Western Sydney Wanderers,,,1T -0.5,FIRST_HALF_TOTALS UNDER.0.5,FIRST_HALF_TOTALS:UNDER_0_5,24.7%,0.246600,,,,,,,Sin cuota/EV,No encontrado en Betano,Baja,contexto premium fallback reciente,usa promedios recientes multi-competicion/API-Football,el primer tiempo puede tener ritmo bajo o rotaciones,
2026-07-28,04:45,Chelsea vs Western Sydney Wanderers,,,Visita goles -0.5,TEAM_TOTAL_AWAY UNDER.0.5,TEAM_TOTAL_AWAY:UNDER_0_5,23.5%,0.234700,,,,,,,Sin cuota/EV,No encontrado en Betano,Baja,fallback ultimos partidos,usa Poisson fallback con ultimos partidos multi-competicion,un gol temprano o baja eficacia puede cambiar la lectura del mercado,
2026-07-28,04:45,Chelsea vs Western Sydney Wanderers,,,Empate,1X2 DRAW,1X2:DRAW,23.0%,0.229700,,,,,,,Sin cuota/EV,No encontrado en Betano,Baja,fallback ultimos partidos,usa Poisson fallback con ultimos partidos multi-competicion,riesgo propio del resultado final y variacion del modelo,
2026-07-28,04:45,Chelsea vs Western Sydney Wanderers,,,Visita tarjetas -0.5,CARDS_AWAY UNDER.0.5,CARDS_AWAY:UNDER_0_5,21.1%,0.211000,,,,,,,Sin cuota/EV,No encontrado en Betano,Baja,contexto premium fallback reciente,usa promedios recientes multi-competicion/API-Football,depende mucho del arbitro y del contexto competitivo,
2026-07-28,04:45,Chelsea vs Western Sydney Wanderers,,,Visita tarjetas +2.5,CARDS_AWAY OVER.2.5,CARDS_AWAY:OVER_2_5,20.5%,0.205300,,,,,,,Sin cuota/EV,No encontrado en Betano,Baja,contexto premium fallback reciente,usa promedios recientes multi-competicion/API-Football,depende mucho del arbitro y del contexto competitivo,
2026-07-28,04:45,Chelsea vs Western Sydney Wanderers,,,Tarjetas total -2.5,CARDS_TOTALS UNDER.2.5,CARDS_TOTALS:UNDER_2_5,20.3%,0.202900,,,,,,,Sin cuota/EV,No encontrado en Betano,Baja,contexto premium fallback reciente,usa promedios recientes multi-competicion/API-Football,depende mucho del arbitro y del contexto competitivo,
2026-07-28,04:45,Chelsea vs Western Sydney Wanderers,,,SHOTS_TOTAL UNDER.22.5,SHOTS_TOTAL UNDER.22.5,SHOTS_TOTAL:UNDER_22_5,20.2%,0.201700,,,,,,,Sin cuota/EV,No encontrado en Betano,Baja,contexto premium fallback reciente,usa promedios recientes multi-competicion/API-Football,el volumen ofensivo puede variar por planteamiento y marcador temprano,
2026-07-28,04:45,Chelsea vs Western Sydney Wanderers,,,Visita goles +2.5,TEAM_TOTAL_AWAY OVER.2.5,TEAM_TOTAL_AWAY:OVER_2_5,17.9%,0.178700,,,,,,,Sin cuota/EV,No encontrado en Betano,Baja,fallback ultimos partidos,usa Poisson fallback con ultimos partidos multi-competicion,un gol temprano o baja eficacia puede cambiar la lectura del mercado,
2026-07-28,04:45,Chelsea vs Western Sydney Wanderers,,,Visita corners +6.5,CORNERS_AWAY OVER.6.5,CORNERS_AWAY:OVER_6_5,17.3%,0.172600,,,,,,,Sin cuota/EV,No encontrado en Betano,Baja,contexto premium fallback reciente,usa promedios recientes multi-competicion/API-Football,el volumen ofensivo puede variar por planteamiento y marcador temprano,
2026-07-28,04:45,Chelsea vs Western Sydney Wanderers,,,Local goles -0.5,TEAM_TOTAL_HOME UNDER.0.5,TEAM_TOTAL_HOME:UNDER_0_5,16.8%,0.168400,,,,,,,Sin cuota/EV,No encontrado en Betano,Baja,fallback ultimos partidos,usa Poisson fallback con ultimos partidos multi-competicion,un gol temprano o baja eficacia puede cambiar la lectura del mercado,
2026-07-28,04:45,Chelsea vs Western Sydney Wanderers,,,Goles -1.5,TOTALS UNDER.1.5,TOTALS:UNDER_1_5,16.7%,0.167200,,,,,,,Sin cuota/EV,No encontrado en Betano,Baja,fallback ultimos partidos,usa Poisson fallback con ultimos partidos multi-competicion,un gol temprano o baja eficacia puede cambiar la lectura del mercado,
2026-07-28,04:45,Chelsea vs Western Sydney Wanderers,,,SHOTS_ON_TARGET_TOTAL UNDER.6.5,SHOTS_ON_TARGET_TOTAL UNDER.6.5,SHOTS_ON_TARGET_TOTAL:UNDER_6_5,15.9%,0.159100,,,,,,,Sin cuota/EV,No encontrado en Betano,Baja,contexto premium fallback reciente,usa promedios recientes multi-competicion/API-Football,el volumen ofensivo puede variar por planteamiento y marcador temprano,
2026-07-28,04:45,Chelsea vs Western Sydney Wanderers,,,Tarjetas total +6.5,CARDS_TOTALS OVER.6.5,CARDS_TOTALS:OVER_6_5,13.9%,0.139000,,,,,,,Sin cuota/EV,No encontrado en Betano,Baja,contexto premium fallback reciente,usa promedios recientes multi-competicion/API-Football,depende mucho del arbitro y del contexto competitivo,
2026-07-28,04:45,Chelsea vs Western Sydney Wanderers,,,SHOTS_TOTAL UNDER.20.5,SHOTS_TOTAL UNDER.20.5,SHOTS_TOTAL:UNDER_20_5,10.5%,0.105500,,,,,,,Sin cuota/EV,No encontrado en Betano,Baja,contexto premium fallback reciente,usa promedios recientes multi-competicion/API-Football,el volumen ofensivo puede variar por planteamiento y marcador temprano,
2026-07-28,04:45,Chelsea vs Western Sydney Wanderers,,,Visita tarjetas +3.5,CARDS_AWAY OVER.3.5,CARDS_AWAY:OVER_3_5,7.3%,0.072900,,,,,,,Sin cuota/EV,No encontrado en Betano,Baja,contexto premium fallback reciente,usa promedios recientes multi-competicion/API-Football,depende mucho del arbitro y del contexto competitivo,
2026-07-28,04:45,Chelsea vs Western Sydney Wanderers,,,Local tarjetas -0.5,CARDS_HOME UNDER.0.5,CARDS_HOME:UNDER_0_5,6.7%,0.067200,,,,,,,Sin cuota/EV,No encontrado en Betano,Baja,contexto premium fallback reciente,usa promedios recientes multi-competicion/API-Football,depende mucho del arbitro y del contexto competitivo,
2026-07-28,04:45,Chelsea vs Western Sydney Wanderers,,,SHOTS_TOTAL UNDER.18.5,SHOTS_TOTAL UNDER.18.5,SHOTS_TOTAL:UNDER_18_5,4.7%,0.046600,,,,,,,Sin cuota/EV,No encontrado en Betano,Baja,contexto premium fallback reciente,usa promedios recientes multi-competicion/API-Football,el volumen ofensivo puede variar por planteamiento y marcador temprano,
2026-07-28,07:00,Derby vs Valencia,,,Goles +1.5,TOTALS OVER.1.5,TOTALS:OVER_1_5,84.0%,0.840500,,,,,,,Sin cuota/EV,No encontrado en Betano,Alta,torneo actual,usa Poisson base con estadisticas de goles del torneo,un gol temprano o baja eficacia puede cambiar la lectura del mercado,
2026-07-28,07:00,Derby vs Valencia,,,1T +0.5,FIRST_HALF_TOTALS OVER.0.5,FIRST_HALF_TOTALS:OVER_0_5,84.0%,0.840100,,,,,,,Sin cuota/EV,No encontrado en Betano,Alta,contexto premium torneo actual,usa promedios del contexto premium/API-Football,el primer tiempo puede tener ritmo bajo o rotaciones,
2026-07-28,07:00,Derby vs Valencia,,,Local goles +0.5,TEAM_TOTAL_HOME OVER.0.5,TEAM_TOTAL_HOME:OVER_0_5,81.9%,0.819000,,,,,,,Sin cuota/EV,No encontrado en Betano,Alta,torneo actual,usa Poisson base con estadisticas de goles del torneo,un gol temprano o baja eficacia puede cambiar la lectura del mercado,
2026-07-28,07:00,Derby vs Valencia,,,Visita goles +0.5,TEAM_TOTAL_AWAY OVER.0.5,TEAM_TOTAL_AWAY:OVER_0_5,79.5%,0.794600,,,,,,,Sin cuota/EV,No encontrado en Betano,Alta,torneo actual,usa Poisson base con estadisticas de goles del torneo,un gol temprano o baja eficacia puede cambiar la lectura del mercado,
2026-07-28,07:00,Derby vs Valencia,,,Visita goles -2.5,TEAM_TOTAL_AWAY UNDER.2.5,TEAM_TOTAL_AWAY:UNDER_2_5,78.8%,0.787700,,,,,,,Sin cuota/EV,No encontrado en Betano,Alta,torneo actual,usa Poisson base con estadisticas de goles del torneo,un gol temprano o baja eficacia puede cambiar la lectura del mercado,
2026-07-28,07:00,Derby vs Valencia,,,DOUBLE_CHANCE 12,DOUBLE_CHANCE 12,DOUBLE_CHANCE:12,77.0%,0.769900,,,,,,,Sin cuota/EV,No encontrado en Betano,Alta,torneo actual,usa Poisson base con estadisticas de goles del torneo,riesgo propio del resultado final y variacion del modelo,
2026-07-28,07:00,Derby vs Valencia,,,Local goles -2.5,TEAM_TOTAL_HOME UNDER.2.5,TEAM_TOTAL_HOME:UNDER_2_5,75.5%,0.754700,,,,,,,Sin cuota/EV,No encontrado en Betano,Alta,torneo actual,usa Poisson base con estadisticas de goles del torneo,un gol temprano o baja eficacia puede cambiar la lectura del mercado,
2026-07-28,07:00,Derby vs Valencia,,,BTTS sí,BTTS YES,BTTS:YES,65.1%,0.650900,,,,,,,Sin cuota/EV,No encontrado en Betano,Media,torneo actual,usa Poisson base con estadisticas de goles del torneo,un gol temprano o baja eficacia puede cambiar la lectura del mercado,
2026-07-28,07:00,Derby vs Valencia,,,DOUBLE_CHANCE 1X,DOUBLE_CHANCE 1X,DOUBLE_CHANCE:1X,64.2%,0.641700,,,,,,,Sin cuota/EV,No encontrado en Betano,Media,torneo actual,usa Poisson base con estadisticas de goles del torneo,riesgo propio del resultado final y variacion del modelo,
2026-07-28,07:00,Derby vs Valencia,,,Goles +2.5,TOTALS OVER.2.5,TOTALS:OVER_2_5,63.9%,0.639100,,,,,,,Sin cuota/EV,No encontrado en Betano,Media,torneo actual,usa Poisson base con estadisticas de goles del torneo,un gol temprano o baja eficacia puede cambiar la lectura del mercado,
2026-07-28,07:00,Derby vs Valencia,,,DOUBLE_CHANCE X2,DOUBLE_CHANCE X2,DOUBLE_CHANCE:X2,58.8%,0.588400,,,,,,,Sin cuota/EV,No encontrado en Betano,Media,torneo actual,usa Poisson base con estadisticas de goles del torneo,riesgo propio del resultado final y variacion del modelo,
2026-07-28,07:00,Derby vs Valencia,,,Goles -3.5,TOTALS UNDER.3.5,TOTALS:UNDER_3_5,58.2%,0.581900,,,,,,,Sin cuota/EV,No encontrado en Betano,Media,torneo actual,usa Poisson base con estadisticas de goles del torneo,un gol temprano o baja eficacia puede cambiar la lectura del mercado,
2026-07-28,07:00,Derby vs Valencia,,,1T +1.5,FIRST_HALF_TOTALS OVER.1.5,FIRST_HALF_TOTALS:OVER_1_5,54.7%,0.546900,,,,,,,Sin cuota/EV,No encontrado en Betano,Baja,contexto premium torneo actual,usa promedios del contexto premium/API-Football,el primer tiempo puede tener ritmo bajo o rotaciones,
2026-07-28,07:00,Derby vs Valencia,,,DNB local,DRAW_NO_BET HOME,DRAW_NO_BET:HOME,53.5%,0.534700,,,,,,,Sin cuota/EV,No encontrado en Betano,Baja,torneo actual,usa Poisson base con estadisticas de goles del torneo,riesgo propio del resultado final y variacion del modelo,
2026-07-28,07:00,Derby vs Valencia,,,Visita goles -1.5,TEAM_TOTAL_AWAY UNDER.1.5,TEAM_TOTAL_AWAY:UNDER_1_5,53.0%,0.530400,,,,,,,Sin cuota/EV,No encontrado en Betano,Baja,torneo actual,usa Poisson base con estadisticas de goles del torneo,un gol temprano o baja eficacia puede cambiar la lectura del mercado,
2026-07-28,07:00,Derby vs Valencia,,,Local goles +1.5,TEAM_TOTAL_HOME OVER.1.5,TEAM_TOTAL_HOME:OVER_1_5,51.0%,0.509800,,,,,,,Sin cuota/EV,No encontrado en Betano,Baja,torneo actual,usa Poisson base con estadisticas de goles del torneo,un gol temprano o baja eficacia puede cambiar la lectura del mercado,
2026-07-28,07:00,Derby vs Valencia,,,Local goles -1.5,TEAM_TOTAL_HOME UNDER.1.5,TEAM_TOTAL_HOME:UNDER_1_5,49.0%,0.490200,,,,,,,Sin cuota/EV,No encontrado en Betano,Baja,torneo actual,usa Poisson base con estadisticas de goles del torneo,un gol temprano o baja eficacia puede cambiar la lectura del mercado,
2026-07-28,07:00,Derby vs Valencia,,,Visita goles +1.5,TEAM_TOTAL_AWAY OVER.1.5,TEAM_TOTAL_AWAY:OVER_1_5,47.0%,0.469600,,,,,,,Sin cuota/EV,No encontrado en Betano,Baja,torneo actual,usa Poisson base con estadisticas de goles del torneo,un gol temprano o baja eficacia puede cambiar la lectura del mercado,
2026-07-28,07:00,Derby vs Valencia,,,DNB visita,DRAW_NO_BET AWAY,DRAW_NO_BET:AWAY,46.5%,0.465300,,,,,,,Sin cuota/EV,No encontrado en Betano,Baja,torneo actual,usa Poisson base con estadisticas de goles del torneo,riesgo propio del resultado final y variacion del modelo,
2026-07-28,07:00,Derby vs Valencia,,,1T -1.5,FIRST_HALF_TOTALS UNDER.1.5,FIRST_HALF_TOTALS:UNDER_1_5,45.3%,0.453100,,,,,,,Sin cuota/EV,No encontrado en Betano,Baja,contexto premium torneo actual,usa promedios del contexto premium/API-Football,el primer tiempo puede tener ritmo bajo o rotaciones,
2026-07-28,07:00,Derby vs Valencia,,,Goles +3.5,TOTALS OVER.3.5,TOTALS:OVER_3_5,41.8%,0.418100,,,,,,,Sin cuota/EV,No encontrado en Betano,Baja,torneo actual,usa Poisson base con estadisticas de goles del torneo,un gol temprano o baja eficacia puede cambiar la lectura del mercado,
2026-07-28,07:00,Derby vs Valencia,,,Gana local,1X2 HOME,1X2:HOME,41.2%,0.411600,,,,,,,Sin cuota/EV,No encontrado en Betano,Baja,torneo actual,usa Poisson base con estadisticas de goles del torneo,riesgo propio del resultado final y variacion del modelo,
2026-07-28,07:00,Derby vs Valencia,,,Goles -2.5,TOTALS UNDER.2.5,TOTALS:UNDER_2_5,36.1%,0.360900,,,,,,,Sin cuota/EV,No encontrado en Betano,Baja,torneo actual,usa Poisson base con estadisticas de goles del torneo,un gol temprano o baja eficacia puede cambiar la lectura del mercado,
2026-07-28,07:00,Derby vs Valencia,,,Gana visita,1X2 AWAY,1X2:AWAY,35.8%,0.358300,,,,,,,Sin cuota/EV,No encontrado en Betano,Baja,torneo actual,usa Poisson base con estadisticas de goles del torneo,riesgo propio del resultado final y variacion del modelo,
2026-07-28,07:00,Derby vs Valencia,,,BTTS no,BTTS NO,BTTS:NO,34.9%,0.349100,,,,,,,Sin cuota/EV,No encontrado en Betano,Baja,torneo actual,usa Poisson base con estadisticas de goles del torneo,un gol temprano o baja eficacia puede cambiar la lectura del mercado,
2026-07-28,07:00,Derby vs Valencia,,,Local goles +2.5,TEAM_TOTAL_HOME OVER.2.5,TEAM_TOTAL_HOME:OVER_2_5,24.5%,0.245300,,,,,,,Sin cuota/EV,No encontrado en Betano,Baja,torneo actual,usa Poisson base con estadisticas de goles del torneo,un gol temprano o baja eficacia puede cambiar la lectura del mercado,
2026-07-28,07:00,Derby vs Valencia,,,Empate,1X2 DRAW,1X2:DRAW,23.0%,0.230100,,,,,,,Sin cuota/EV,No encontrado en Betano,Baja,torneo actual,usa Poisson base con estadisticas de goles del torneo,riesgo propio del resultado final y variacion del modelo,
2026-07-28,07:00,Derby vs Valencia,,,Visita goles +2.5,TEAM_TOTAL_AWAY OVER.2.5,TEAM_TOTAL_AWAY:OVER_2_5,21.2%,0.212300,,,,,,,Sin cuota/EV,No encontrado en Betano,Baja,torneo actual,usa Poisson base con estadisticas de goles del torneo,un gol temprano o baja eficacia puede cambiar la lectura del mercado,
2026-07-28,07:00,Derby vs Valencia,,,Visita goles -0.5,TEAM_TOTAL_AWAY UNDER.0.5,TEAM_TOTAL_AWAY:UNDER_0_5,20.5%,0.205400,,,,,,,Sin cuota/EV,No encontrado en Betano,Baja,torneo actual,usa Poisson base con estadisticas de goles del torneo,un gol temprano o baja eficacia puede cambiar la lectura del mercado,
2026-07-28,07:00,Derby vs Valencia,,,Local goles -0.5,TEAM_TOTAL_HOME UNDER.0.5,TEAM_TOTAL_HOME:UNDER_0_5,18.1%,0.181000,,,,,,,Sin cuota/EV,No encontrado en Betano,Baja,torneo actual,usa Poisson base con estadisticas de goles del torneo,un gol temprano o baja eficacia puede cambiar la lectura del mercado,
2026-07-28,07:00,Derby vs Valencia,,,1T -0.5,FIRST_HALF_TOTALS UNDER.0.5,FIRST_HALF_TOTALS:UNDER_0_5,16.0%,0.159900,,,,,,,Sin cuota/EV,No encontrado en Betano,Baja,contexto premium torneo actual,usa promedios del contexto premium/API-Football,el primer tiempo puede tener ritmo bajo o rotaciones,
2026-07-28,07:00,Derby vs Valencia,,,Goles -1.5,TOTALS UNDER.1.5,TOTALS:UNDER_1_5,16.0%,0.159500,,,,,,,Sin cuota/EV,No encontrado en Betano,Baja,torneo actual,usa Poisson base con estadisticas de goles del torneo,un gol temprano o baja eficacia puede cambiar la lectura del mercado,
2026-07-28,10:00,Cagliari vs Modena,,,Local goles -2.5,TEAM_TOTAL_HOME UNDER.2.5,TEAM_TOTAL_HOME:UNDER_2_5,100.0%,1.000000,,,,,,,Sin cuota/EV,No encontrado en Betano,Alta,torneo actual,usa Poisson base con estadisticas de goles del torneo,un gol temprano o baja eficacia puede cambiar la lectura del mercado,
2026-07-28,10:00,Cagliari vs Modena,,,Local goles -1.5,TEAM_TOTAL_HOME UNDER.1.5,TEAM_TOTAL_HOME:UNDER_1_5,99.9%,0.998800,,,,,,,Sin cuota/EV,No encontrado en Betano,Alta,torneo actual,usa Poisson base con estadisticas de goles del torneo,un gol temprano o baja eficacia puede cambiar la lectura del mercado,
2026-07-28,10:00,Cagliari vs Modena,,,DOUBLE_CHANCE X2,DOUBLE_CHANCE X2,DOUBLE_CHANCE:X2,99.6%,0.995700,,,,,,,Sin cuota/EV,No encontrado en Betano,Alta,torneo actual,usa Poisson base con estadisticas de goles del torneo,riesgo propio del resultado final y variacion del modelo,
2026-07-28,10:00,Cagliari vs Modena,,,DNB visita,DRAW_NO_BET AWAY,DRAW_NO_BET:AWAY,99.5%,0.995300,,,,,,,Sin cuota/EV,No encontrado en Betano,Alta,torneo actual,usa Poisson base con estadisticas de goles del torneo,riesgo propio del resultado final y variacion del modelo,
2026-07-28,10:00,Cagliari vs Modena,,,BTTS no,BTTS NO,BTTS:NO,95.5%,0.955300,,,,,,,Sin cuota/EV,No encontrado en Betano,Alta,torneo actual,usa Poisson base con estadisticas de goles del torneo,un gol temprano o baja eficacia puede cambiar la lectura del mercado,
2026-07-28,10:00,Cagliari vs Modena,,,Local goles -0.5,TEAM_TOTAL_HOME UNDER.0.5,TEAM_TOTAL_HOME:UNDER_0_5,95.1%,0.951300,,,,,,,Sin cuota/EV,No encontrado en Betano,Alta,torneo actual,usa Poisson base con estadisticas de goles del torneo,un gol temprano o baja eficacia puede cambiar la lectura del mercado,
2026-07-28,10:00,Cagliari vs Modena,,,Visita goles +0.5,TEAM_TOTAL_AWAY OVER.0.5,TEAM_TOTAL_AWAY:OVER_0_5,91.7%,0.916800,,,,,,,Sin cuota/EV,No encontrado en Betano,Alta,torneo actual,usa Poisson base con estadisticas de goles del torneo,un gol temprano o baja eficacia puede cambiar la lectura del mercado,
2026-07-28,10:00,Cagliari vs Modena,,,DOUBLE_CHANCE 12,DOUBLE_CHANCE 12,DOUBLE_CHANCE:12,91.2%,0.911700,,,,,,,Sin cuota/EV,No encontrado en Betano,Alta,torneo actual,usa Poisson base con estadisticas de goles del torneo,riesgo propio del resultado final y variacion del modelo,
2026-07-28,10:00,Cagliari vs Modena,,,Gana visita,1X2 AWAY,1X2:AWAY,90.8%,0.907500,,,,,,,Sin cuota/EV,No encontrado en Betano,Alta,torneo actual,usa Poisson base con estadisticas de goles del torneo,riesgo propio del resultado final y variacion del modelo,
2026-07-28,10:00,Cagliari vs Modena,,,1T +0.5,FIRST_HALF_TOTALS OVER.0.5,FIRST_HALF_TOTALS:OVER_0_5,77.7%,0.776900,,,,,,,Sin cuota/EV,No encontrado en Betano,Alta,contexto premium torneo actual,usa promedios del contexto premium/API-Football,el primer tiempo puede tener ritmo bajo o rotaciones,
2026-07-28,10:00,Cagliari vs Modena,,,Goles -3.5,TOTALS UNDER.3.5,TOTALS:UNDER_3_5,74.8%,0.748000,,,,,,,Sin cuota/EV,No encontrado en Betano,Alta,torneo actual,usa Poisson base con estadisticas de goles del torneo,un gol temprano o baja eficacia puede cambiar la lectura del mercado,
2026-07-28,10:00,Cagliari vs Modena,,,Goles +1.5,TOTALS OVER.1.5,TOTALS:OVER_1_5,72.2%,0.721700,,,,,,,Sin cuota/EV,No encontrado en Betano,Alta,torneo actual,usa Poisson base con estadisticas de goles del torneo,un gol temprano o baja eficacia puede cambiar la lectura del mercado,
2026-07-28,10:00,Cagliari vs Modena,,,Visita goles +1.5,TEAM_TOTAL_AWAY OVER.1.5,TEAM_TOTAL_AWAY:OVER_1_5,71.2%,0.711600,,,,,,,Sin cuota/EV,No encontrado en Betano,Alta,torneo actual,usa Poisson base con estadisticas de goles del torneo,un gol temprano o baja eficacia puede cambiar la lectura del mercado,
2026-07-28,10:00,Cagliari vs Modena,,,1T -1.5,FIRST_HALF_TOTALS UNDER.1.5,FIRST_HALF_TOTALS:UNDER_1_5,55.8%,0.557800,,,,,,,Sin cuota/EV,No encontrado en Betano,Media,contexto premium torneo actual,usa promedios del contexto premium/API-Football,el primer tiempo puede tener ritmo bajo o rotaciones,
2026-07-28,10:00,Cagliari vs Modena,,,Visita goles -2.5,TEAM_TOTAL_AWAY UNDER.2.5,TEAM_TOTAL_AWAY:UNDER_2_5,54.5%,0.545000,,,,,,,Sin cuota/EV,No encontrado en Betano,Baja,torneo actual,usa Poisson base con estadisticas de goles del torneo,un gol temprano o baja eficacia puede cambiar la lectura del mercado,
2026-07-28,10:00,Cagliari vs Modena,,,Goles -2.5,TOTALS UNDER.2.5,TOTALS:UNDER_2_5,53.2%,0.532200,,,,,,,Sin cuota/EV,No encontrado en Betano,Baja,torneo actual,usa Poisson base con estadisticas de goles del torneo,un gol temprano o baja eficacia puede cambiar la lectura del mercado,
2026-07-28,10:00,Cagliari vs Modena,,,Goles +2.5,TOTALS OVER.2.5,TOTALS:OVER_2_5,46.8%,0.467800,,,,,,,Sin cuota/EV,No encontrado en Betano,Baja,torneo actual,usa Poisson base con estadisticas de goles del torneo,un gol temprano o baja eficacia puede cambiar la lectura del mercado,
2026-07-28,10:00,Cagliari vs Modena,,,Visita goles +2.5,TEAM_TOTAL_AWAY OVER.2.5,TEAM_TOTAL_AWAY:OVER_2_5,45.5%,0.455000,,,,,,,Sin cuota/EV,No encontrado en Betano,Baja,torneo actual,usa Poisson base con estadisticas de goles del torneo,un gol temprano o baja eficacia puede cambiar la lectura del mercado,
2026-07-28,10:00,Cagliari vs Modena,,,1T +1.5,FIRST_HALF_TOTALS OVER.1.5,FIRST_HALF_TOTALS:OVER_1_5,44.2%,0.442200,,,,,,,Sin cuota/EV,No encontrado en Betano,Baja,contexto premium torneo actual,usa promedios del contexto premium/API-Football,el primer tiempo puede tener ritmo bajo o rotaciones,
2026-07-28,10:00,Cagliari vs Modena,,,Visita goles -1.5,TEAM_TOTAL_AWAY UNDER.1.5,TEAM_TOTAL_AWAY:UNDER_1_5,28.8%,0.288400,,,,,,,Sin cuota/EV,No encontrado en Betano,Baja,torneo actual,usa Poisson base con estadisticas de goles del torneo,un gol temprano o baja eficacia puede cambiar la lectura del mercado,
2026-07-28,10:00,Cagliari vs Modena,,,Goles -1.5,TOTALS UNDER.1.5,TOTALS:UNDER_1_5,27.8%,0.278300,,,,,,,Sin cuota/EV,No encontrado en Betano,Baja,torneo actual,usa Poisson base con estadisticas de goles del torneo,un gol temprano o baja eficacia puede cambiar la lectura del mercado,
2026-07-28,10:00,Cagliari vs Modena,,,Goles +3.5,TOTALS OVER.3.5,TOTALS:OVER_3_5,25.2%,0.252000,,,,,,,Sin cuota/EV,No encontrado en Betano,Baja,torneo actual,usa Poisson base con estadisticas de goles del torneo,un gol temprano o baja eficacia puede cambiar la lectura del mercado,
2026-07-28,10:00,Cagliari vs Modena,,,1T -0.5,FIRST_HALF_TOTALS UNDER.0.5,FIRST_HALF_TOTALS:UNDER_0_5,22.3%,0.223100,,,,,,,Sin cuota/EV,No encontrado en Betano,Baja,contexto premium torneo actual,usa promedios del contexto premium/API-Football,el primer tiempo puede tener ritmo bajo o rotaciones,
2026-07-28,10:00,Cagliari vs Modena,,,DOUBLE_CHANCE 1X,DOUBLE_CHANCE 1X,DOUBLE_CHANCE:1X,9.2%,0.092500,,,,,,,Sin cuota/EV,No encontrado en Betano,Baja,torneo actual,usa Poisson base con estadisticas de goles del torneo,riesgo propio del resultado final y variacion del modelo,
2026-07-28,10:00,Cagliari vs Modena,,,Empate,1X2 DRAW,1X2:DRAW,8.8%,0.088300,,,,,,,Sin cuota/EV,No encontrado en Betano,Baja,torneo actual,usa Poisson base con estadisticas de goles del torneo,riesgo propio del resultado final y variacion del modelo,
2026-07-28,10:00,Cagliari vs Modena,,,Visita goles -0.5,TEAM_TOTAL_AWAY UNDER.0.5,TEAM_TOTAL_AWAY:UNDER_0_5,8.3%,0.083200,,,,,,,Sin cuota/EV,No encontrado en Betano,Baja,torneo actual,usa Poisson base con estadisticas de goles del torneo,un gol temprano o baja eficacia puede cambiar la lectura del mercado,
2026-07-28,10:00,Cagliari vs Modena,,,Local goles +0.5,TEAM_TOTAL_HOME OVER.0.5,TEAM_TOTAL_HOME:OVER_0_5,4.9%,0.048700,,,,,,,Sin cuota/EV,No encontrado en Betano,Baja,torneo actual,usa Poisson base con estadisticas de goles del torneo,un gol temprano o baja eficacia puede cambiar la lectura del mercado,
2026-07-28,10:00,Cagliari vs Modena,,,BTTS sí,BTTS YES,BTTS:YES,4.5%,0.044700,,,,,,,Sin cuota/EV,No encontrado en Betano,Baja,torneo actual,usa Poisson base con estadisticas de goles del torneo,un gol temprano o baja eficacia puede cambiar la lectura del mercado,
2026-07-28,10:00,Cagliari vs Modena,,,DNB local,DRAW_NO_BET HOME,DRAW_NO_BET:HOME,0.5%,0.004700,,,,,,,Sin cuota/EV,No encontrado en Betano,Baja,torneo actual,usa Poisson base con estadisticas de goles del torneo,riesgo propio del resultado final y variacion del modelo,
2026-07-28,10:00,Cagliari vs Modena,,,Gana local,1X2 HOME,1X2:HOME,0.4%,0.004300,,,,,,,Sin cuota/EV,No encontrado en Betano,Baja,torneo actual,usa Poisson base con estadisticas de goles del torneo,riesgo propio del resultado final y variacion del modelo,
2026-07-28,10:00,Cagliari vs Modena,,,Local goles +1.5,TEAM_TOTAL_HOME OVER.1.5,TEAM_TOTAL_HOME:OVER_1_5,0.1%,0.001200,,,,,,,Sin cuota/EV,No encontrado en Betano,Baja,torneo actual,usa Poisson base con estadisticas de goles del torneo,un gol temprano o baja eficacia puede cambiar la lectura del mercado,
2026-07-28,10:00,Cagliari vs Modena,,,Local goles +2.5,TEAM_TOTAL_HOME OVER.2.5,TEAM_TOTAL_HOME:OVER_2_5,0.0%,0.000000,,,,,,,Sin cuota/EV,No encontrado en Betano,Baja,torneo actual,usa Poisson base con estadisticas de goles del torneo,un gol temprano o baja eficacia puede cambiar la lectura del mercado,
2026-07-28,10:30,Udinese vs Shabab Al Ahli Dubai,,,Visita goles -2.5,TEAM_TOTAL_AWAY UNDER.2.5,TEAM_TOTAL_AWAY:UNDER_2_5,92.0%,0.919700,,,,,,,Sin cuota/EV,No encontrado en Betano,Alta,torneo actual,usa Poisson base con estadisticas de goles del torneo,un gol temprano o baja eficacia puede cambiar la lectura del mercado,
2026-07-28,10:30,Udinese vs Shabab Al Ahli Dubai,,,Local goles +0.5,TEAM_TOTAL_HOME OVER.0.5,TEAM_TOTAL_HOME:OVER_0_5,80.2%,0.802100,,,,,,,Sin cuota/EV,No encontrado en Betano,Alta,torneo actual,usa Poisson base con estadisticas de goles del torneo,un gol temprano o baja eficacia puede cambiar la lectura del mercado,
2026-07-28,10:30,Udinese vs Shabab Al Ahli Dubai,,,Local goles -2.5,TEAM_TOTAL_HOME UNDER.2.5,TEAM_TOTAL_HOME:UNDER_2_5,77.8%,0.778200,,,,,,,Sin cuota/EV,No encontrado en Betano,Alta,torneo actual,usa Poisson base con estadisticas de goles del torneo,un gol temprano o baja eficacia puede cambiar la lectura del mercado,
2026-07-28,10:30,Udinese vs Shabab Al Ahli Dubai,,,DOUBLE_CHANCE 1X,DOUBLE_CHANCE 1X,DOUBLE_CHANCE:1X,76.6%,0.766400,,,,,,,Sin cuota/EV,No encontrado en Betano,Alta,torneo actual,usa Poisson base con estadisticas de goles del torneo,riesgo propio del resultado final y variacion del modelo,
2026-07-28,10:30,Udinese vs Shabab Al Ahli Dubai,,,DOUBLE_CHANCE 12,DOUBLE_CHANCE 12,DOUBLE_CHANCE:12,75.2%,0.752000,,,,,,,Sin cuota/EV,No encontrado en Betano,Alta,torneo actual,usa Poisson base con estadisticas de goles del torneo,riesgo propio del resultado final y variacion del modelo,
2026-07-28,10:30,Udinese vs Shabab Al Ahli Dubai,,,Goles +1.5,TOTALS OVER.1.5,TOTALS:OVER_1_5,73.6%,0.736400,,,,,,,Sin cuota/EV,No encontrado en Betano,Alta,torneo actual,usa Poisson base con estadisticas de goles del torneo,un gol temprano o baja eficacia puede cambiar la lectura del mercado,
2026-07-28,10:30,Udinese vs Shabab Al Ahli Dubai,,,Visita goles -1.5,TEAM_TOTAL_AWAY UNDER.1.5,TEAM_TOTAL_AWAY:UNDER_1_5,73.6%,0.735800,,,,,,,Sin cuota/EV,No encontrado en Betano,Alta,torneo actual,usa Poisson base con estadisticas de goles del torneo,un gol temprano o baja eficacia puede cambiar la lectura del mercado,
2026-07-28,10:30,Udinese vs Shabab Al Ahli Dubai,,,Goles -3.5,TOTALS UNDER.3.5,TOTALS:UNDER_3_5,73.2%,0.731700,,,,,,,Sin cuota/EV,No encontrado en Betano,Alta,torneo actual,usa Poisson base con estadisticas de goles del torneo,un gol temprano o baja eficacia puede cambiar la lectura del mercado,
2026-07-28,10:30,Udinese vs Shabab Al Ahli Dubai,,,1T +0.5,FIRST_HALF_TOTALS OVER.0.5,FIRST_HALF_TOTALS:OVER_0_5,71.4%,0.713500,,,,,,,Sin cuota/EV,No encontrado en Betano,Alta,contexto premium torneo actual,usa promedios del contexto premium/API-Football,el primer tiempo puede tener ritmo bajo o rotaciones,
2026-07-28,10:30,Udinese vs Shabab Al Ahli Dubai,,,DNB local,DRAW_NO_BET HOME,DRAW_NO_BET:HOME,68.9%,0.689400,,,,,,,Sin cuota/EV,No encontrado en Betano,Media,torneo actual,usa Poisson base con estadisticas de goles del torneo,riesgo propio del resultado final y variacion del modelo,
2026-07-28,10:30,Udinese vs Shabab Al Ahli Dubai,,,1T -1.5,FIRST_HALF_TOTALS UNDER.1.5,FIRST_HALF_TOTALS:UNDER_1_5,64.5%,0.644600,,,,,,,Sin cuota/EV,No encontrado en Betano,Media,contexto premium torneo actual,usa promedios del contexto premium/API-Football,el primer tiempo puede tener ritmo bajo o rotaciones,
2026-07-28,10:30,Udinese vs Shabab Al Ahli Dubai,,,Visita goles +0.5,TEAM_TOTAL_AWAY OVER.0.5,TEAM_TOTAL_AWAY:OVER_0_5,63.2%,0.632100,,,,,,,Sin cuota/EV,No encontrado en Betano,Media,torneo actual,usa Poisson base con estadisticas de goles del torneo,un gol temprano o baja eficacia puede cambiar la lectura del mercado,
2026-07-28,10:30,Udinese vs Shabab Al Ahli Dubai,,,Local goles -1.5,TEAM_TOTAL_HOME UNDER.1.5,TEAM_TOTAL_HOME:UNDER_1_5,51.8%,0.518500,,,,,,,Sin cuota/EV,No encontrado en Betano,Baja,torneo actual,usa Poisson base con estadisticas de goles del torneo,un gol temprano o baja eficacia puede cambiar la lectura del mercado,
2026-07-28,10:30,Udinese vs Shabab Al Ahli Dubai,,,Gana local,1X2 HOME,1X2:HOME,51.8%,0.518400,,,,,,,Sin cuota/EV,No encontrado en Betano,Baja,torneo actual,usa Poisson base con estadisticas de goles del torneo,riesgo propio del resultado final y variacion del modelo,
2026-07-28,10:30,Udinese vs Shabab Al Ahli Dubai,,,Goles -2.5,TOTALS UNDER.2.5,TOTALS:UNDER_2_5,51.3%,0.513500,,,,,,,Sin cuota/EV,No encontrado en Betano,Baja,torneo actual,usa Poisson base con estadisticas de goles del torneo,un gol temprano o baja eficacia puede cambiar la lectura del mercado,
2026-07-28,10:30,Udinese vs Shabab Al Ahli Dubai,,,BTTS sí,BTTS YES,BTTS:YES,50.7%,0.507000,,,,,,,Sin cuota/EV,No encontrado en Betano,Baja,torneo actual,usa Poisson base con estadisticas de goles del torneo,un gol temprano o baja eficacia puede cambiar la lectura del mercado,
2026-07-28,10:30,Udinese vs Shabab Al Ahli Dubai,,,BTTS no,BTTS NO,BTTS:NO,49.3%,0.493000,,,,,,,Sin cuota/EV,No encontrado en Betano,Baja,torneo actual,usa Poisson base con estadisticas de goles del torneo,un gol temprano o baja eficacia puede cambiar la lectura del mercado,
2026-07-28,10:30,Udinese vs Shabab Al Ahli Dubai,,,Goles +2.5,TOTALS OVER.2.5,TOTALS:OVER_2_5,48.6%,0.486500,,,,,,,Sin cuota/EV,No encontrado en Betano,Baja,torneo actual,usa Poisson base con estadisticas de goles del torneo,un gol temprano o baja eficacia puede cambiar la lectura del mercado,
2026-07-28,10:30,Udinese vs Shabab Al Ahli Dubai,,,DOUBLE_CHANCE X2,DOUBLE_CHANCE X2,DOUBLE_CHANCE:X2,48.2%,0.481600,,,,,,,Sin cuota/EV,No encontrado en Betano,Baja,torneo actual,usa Poisson base con estadisticas de goles del torneo,riesgo propio del resultado final y variacion del modelo,
2026-07-28,10:30,Udinese vs Shabab Al Ahli Dubai,,,Local goles +1.5,TEAM_TOTAL_HOME OVER.1.5,TEAM_TOTAL_HOME:OVER_1_5,48.1%,0.481500,,,,,,,Sin cuota/EV,No encontrado en Betano,Baja,torneo actual,usa Poisson base con estadisticas de goles del torneo,un gol temprano o baja eficacia puede cambiar la lectura del mercado,
2026-07-28,10:30,Udinese vs Shabab Al Ahli Dubai,,,Visita goles -0.5,TEAM_TOTAL_AWAY UNDER.0.5,TEAM_TOTAL_AWAY:UNDER_0_5,36.8%,0.367900,,,,,,,Sin cuota/EV,No encontrado en Betano,Baja,torneo actual,usa Poisson base con estadisticas de goles del torneo,un gol temprano o baja eficacia puede cambiar la lectura del mercado,
2026-07-28,10:30,Udinese vs Shabab Al Ahli Dubai,,,1T +1.5,FIRST_HALF_TOTALS OVER.1.5,FIRST_HALF_TOTALS:OVER_1_5,35.5%,0.355400,,,,,,,Sin cuota/EV,No encontrado en Betano,Baja,contexto premium torneo actual,usa promedios del contexto premium/API-Football,el primer tiempo puede tener ritmo bajo o rotaciones,
2026-07-28,10:30,Udinese vs Shabab Al Ahli Dubai,,,DNB visita,DRAW_NO_BET AWAY,DRAW_NO_BET:AWAY,31.1%,0.310600,,,,,,,Sin cuota/EV,No encontrado en Betano,Baja,torneo actual,usa Poisson base con estadisticas de goles del torneo,riesgo propio del resultado final y variacion del modelo,
2026-07-28,10:30,Udinese vs Shabab Al Ahli Dubai,,,1T -0.5,FIRST_HALF_TOTALS UNDER.0.5,FIRST_HALF_TOTALS:UNDER_0_5,28.6%,0.286500,,,,,,,Sin cuota/EV,No encontrado en Betano,Baja,contexto premium torneo actual,usa promedios del contexto premium/API-Football,el primer tiempo puede tener ritmo bajo o rotaciones,
2026-07-28,10:30,Udinese vs Shabab Al Ahli Dubai,,,Goles +3.5,TOTALS OVER.3.5,TOTALS:OVER_3_5,26.8%,0.268300,,,,,,,Sin cuota/EV,No encontrado en Betano,Baja,torneo actual,usa Poisson base con estadisticas de goles del torneo,un gol temprano o baja eficacia puede cambiar la lectura del mercado,
2026-07-28,10:30,Udinese vs Shabab Al Ahli Dubai,,,Visita goles +1.5,TEAM_TOTAL_AWAY OVER.1.5,TEAM_TOTAL_AWAY:OVER_1_5,26.4%,0.264200,,,,,,,Sin cuota/EV,No encontrado en Betano,Baja,torneo actual,usa Poisson base con estadisticas de goles del torneo,un gol temprano o baja eficacia puede cambiar la lectura del mercado,
2026-07-28,10:30,Udinese vs Shabab Al Ahli Dubai,,,Goles -1.5,TOTALS UNDER.1.5,TOTALS:UNDER_1_5,26.4%,0.263600,,,,,,,Sin cuota/EV,No encontrado en Betano,Baja,torneo actual,usa Poisson base con estadisticas de goles del torneo,un gol temprano o baja eficacia puede cambiar la lectura del mercado,
2026-07-28,10:30,Udinese vs Shabab Al Ahli Dubai,,,Empate,1X2 DRAW,1X2:DRAW,24.8%,0.248000,,,,,,,Sin cuota/EV,No encontrado en Betano,Baja,torneo actual,usa Poisson base con estadisticas de goles del torneo,riesgo propio del resultado final y variacion del modelo,
2026-07-28,10:30,Udinese vs Shabab Al Ahli Dubai,,,Gana visita,1X2 AWAY,1X2:AWAY,23.4%,0.233600,,,,,,,Sin cuota/EV,No encontrado en Betano,Baja,torneo actual,usa Poisson base con estadisticas de goles del torneo,riesgo propio del resultado final y variacion del modelo,
2026-07-28,10:30,Udinese vs Shabab Al Ahli Dubai,,,Local goles +2.5,TEAM_TOTAL_HOME OVER.2.5,TEAM_TOTAL_HOME:OVER_2_5,22.2%,0.221800,,,,,,,Sin cuota/EV,No encontrado en Betano,Baja,torneo actual,usa Poisson base con estadisticas de goles del torneo,un gol temprano o baja eficacia puede cambiar la lectura del mercado,
2026-07-28,10:30,Udinese vs Shabab Al Ahli Dubai,,,Local goles -0.5,TEAM_TOTAL_HOME UNDER.0.5,TEAM_TOTAL_HOME:UNDER_0_5,19.8%,0.197900,,,,,,,Sin cuota/EV,No encontrado en Betano,Baja,torneo actual,usa Poisson base con estadisticas de goles del torneo,un gol temprano o baja eficacia puede cambiar la lectura del mercado,
2026-07-28,10:30,Udinese vs Shabab Al Ahli Dubai,,,Visita goles +2.5,TEAM_TOTAL_AWAY OVER.2.5,TEAM_TOTAL_AWAY:OVER_2_5,8.0%,0.080300,,,,,,,Sin cuota/EV,No encontrado en Betano,Baja,torneo actual,usa Poisson base con estadisticas de goles del torneo,un gol temprano o baja eficacia puede cambiar la lectura del mercado,
2026-07-28,11:00,Rizespor vs Hull City,,,Local goles -2.5,TEAM_TOTAL_HOME UNDER.2.5,TEAM_TOTAL_HOME:UNDER_2_5,92.5%,0.924800,,,,,,,Sin cuota/EV,No encontrado en Betano,Alta,torneo actual,usa Poisson base con estadisticas de goles del torneo,un gol temprano o baja eficacia puede cambiar la lectura del mercado,
2026-07-28,11:00,Rizespor vs Hull City,,,Visita goles +0.5,TEAM_TOTAL_AWAY OVER.0.5,TEAM_TOTAL_AWAY:OVER_0_5,85.0%,0.850300,,,,,,,Sin cuota/EV,No encontrado en Betano,Alta,torneo actual,usa Poisson base con estadisticas de goles del torneo,un gol temprano o baja eficacia puede cambiar la lectura del mercado,
2026-07-28,11:00,Rizespor vs Hull City,,,DOUBLE_CHANCE X2,DOUBLE_CHANCE X2,DOUBLE_CHANCE:X2,81.1%,0.811300,,,,,,,Sin cuota/EV,No encontrado en Betano,Alta,torneo actual,usa Poisson base con estadisticas de goles del torneo,riesgo propio del resultado final y variacion del modelo,
2026-07-28,11:00,Rizespor vs Hull City,,,Goles +1.5,TOTALS OVER.1.5,TOTALS:OVER_1_5,78.1%,0.780700,,,,,,,Sin cuota/EV,No encontrado en Betano,Alta,torneo actual,usa Poisson base con estadisticas de goles del torneo,un gol temprano o baja eficacia puede cambiar la lectura del mercado,
2026-07-28,11:00,Rizespor vs Hull City,,,DOUBLE_CHANCE 12,DOUBLE_CHANCE 12,DOUBLE_CHANCE:12,78.0%,0.779500,,,,,,,Sin cuota/EV,No encontrado en Betano,Alta,torneo actual,usa Poisson base con estadisticas de goles del torneo,riesgo propio del resultado final y variacion del modelo,
2026-07-28,11:00,Rizespor vs Hull City,,,DNB visita,DRAW_NO_BET AWAY,DRAW_NO_BET:AWAY,75.8%,0.757900,,,,,,,Sin cuota/EV,No encontrado en Betano,Alta,torneo actual,usa Poisson base con estadisticas de goles del torneo,riesgo propio del resultado final y variacion del modelo,
2026-07-28,11:00,Rizespor vs Hull City,,,Local goles -1.5,TEAM_TOTAL_HOME UNDER.1.5,TEAM_TOTAL_HOME:UNDER_1_5,74.6%,0.746100,,,,,,,Sin cuota/EV,No encontrado en Betano,Alta,torneo actual,usa Poisson base con estadisticas de goles del torneo,un gol temprano o baja eficacia puede cambiar la lectura del mercado,
2026-07-28,11:00,Rizespor vs Hull City,,,1T -1.5,FIRST_HALF_TOTALS UNDER.1.5,FIRST_HALF_TOTALS:UNDER_1_5,73.6%,0.735800,,,,,,,Sin cuota/EV,No encontrado en Betano,Alta,contexto premium torneo actual,usa promedios del contexto premium/API-Football,el primer tiempo puede tener ritmo bajo o rotaciones,
2026-07-28,11:00,Rizespor vs Hull City,,,Visita goles -2.5,TEAM_TOTAL_AWAY UNDER.2.5,TEAM_TOTAL_AWAY:UNDER_2_5,70.4%,0.703900,,,,,,,Sin cuota/EV,No encontrado en Betano,Alta,torneo actual,usa Poisson base con estadisticas de goles del torneo,un gol temprano o baja eficacia puede cambiar la lectura del mercado,
2026-07-28,11:00,Rizespor vs Hull City,,,Goles -3.5,TOTALS UNDER.3.5,TOTALS:UNDER_3_5,67.6%,0.676000,,,,,,,Sin cuota/EV,No encontrado en Betano,Media,torneo actual,usa Poisson base con estadisticas de goles del torneo,un gol temprano o baja eficacia puede cambiar la lectura del mercado,
2026-07-28,11:00,Rizespor vs Hull City,,,1T +0.5,FIRST_HALF_TOTALS OVER.0.5,FIRST_HALF_TOTALS:OVER_0_5,63.2%,0.632100,,,,,,,Sin cuota/EV,No encontrado en Betano,Media,contexto premium torneo actual,usa promedios del contexto premium/API-Football,el primer tiempo puede tener ritmo bajo o rotaciones,
2026-07-28,11:00,Rizespor vs Hull City,,,Local goles +0.5,TEAM_TOTAL_HOME OVER.0.5,TEAM_TOTAL_HOME:OVER_0_5,62.2%,0.621600,,,,,,,Sin cuota/EV,No encontrado en Betano,Media,torneo actual,usa Poisson base con estadisticas de goles del torneo,un gol temprano o baja eficacia puede cambiar la lectura del mercado,
2026-07-28,11:00,Rizespor vs Hull City,,,Gana visita,1X2 AWAY,1X2:AWAY,59.1%,0.590800,,,,,,,Sin cuota/EV,No encontrado en Betano,Media,torneo actual,usa Poisson base con estadisticas de goles del torneo,riesgo propio del resultado final y variacion del modelo,
2026-07-28,11:00,Rizespor vs Hull City,,,Visita goles +1.5,TEAM_TOTAL_AWAY OVER.1.5,TEAM_TOTAL_AWAY:OVER_1_5,56.6%,0.566100,,,,,,,Sin cuota/EV,No encontrado en Betano,Media,torneo actual,usa Poisson base con estadisticas de goles del torneo,un gol temprano o baja eficacia puede cambiar la lectura del mercado,
2026-07-28,11:00,Rizespor vs Hull City,,,Goles +2.5,TOTALS OVER.2.5,TOTALS:OVER_2_5,54.7%,0.547400,,,,,,,Sin cuota/EV,No encontrado en Betano,Baja,torneo actual,usa Poisson base con estadisticas de goles del torneo,un gol temprano o baja eficacia puede cambiar la lectura del mercado,
2026-07-28,11:00,Rizespor vs Hull City,,,BTTS sí,BTTS YES,BTTS:YES,52.9%,0.528600,,,,,,,Sin cuota/EV,No encontrado en Betano,Baja,torneo actual,usa Poisson base con estadisticas de goles del torneo,un gol temprano o baja eficacia puede cambiar la lectura del mercado,
2026-07-28,11:00,Rizespor vs Hull City,,,BTTS no,BTTS NO,BTTS:NO,47.1%,0.471400,,,,,,,Sin cuota/EV,No encontrado en Betano,Baja,torneo actual,usa Poisson base con estadisticas de goles del torneo,un gol temprano o baja eficacia puede cambiar la lectura del mercado,
2026-07-28,11:00,Rizespor vs Hull City,,,Goles -2.5,TOTALS UNDER.2.5,TOTALS:UNDER_2_5,45.3%,0.452600,,,,,,,Sin cuota/EV,No encontrado en Betano,Baja,torneo actual,usa Poisson base con estadisticas de goles del torneo,un gol temprano o baja eficacia puede cambiar la lectura del mercado,
2026-07-28,11:00,Rizespor vs Hull City,,,Visita goles -1.5,TEAM_TOTAL_AWAY UNDER.1.5,TEAM_TOTAL_AWAY:UNDER_1_5,43.4%,0.433900,,,,,,,Sin cuota/EV,No encontrado en Betano,Baja,torneo actual,usa Poisson base con estadisticas de goles del torneo,un gol temprano o baja eficacia puede cambiar la lectura del mercado,
2026-07-28,11:00,Rizespor vs Hull City,,,DOUBLE_CHANCE 1X,DOUBLE_CHANCE 1X,DOUBLE_CHANCE:1X,40.9%,0.409200,,,,,,,Sin cuota/EV,No encontrado en Betano,Baja,torneo actual,usa Poisson base con estadisticas de goles del torneo,riesgo propio del resultado final y variacion del modelo,
2026-07-28,11:00,Rizespor vs Hull City,,,Local goles -0.5,TEAM_TOTAL_HOME UNDER.0.5,TEAM_TOTAL_HOME:UNDER_0_5,37.8%,0.378400,,,,,,,Sin cuota/EV,No encontrado en Betano,Baja,torneo actual,usa Poisson base con estadisticas de goles del torneo,un gol temprano o baja eficacia puede cambiar la lectura del mercado,
2026-07-28,11:00,Rizespor vs Hull City,,,1T -0.5,FIRST_HALF_TOTALS UNDER.0.5,FIRST_HALF_TOTALS:UNDER_0_5,36.8%,0.367900,,,,,,,Sin cuota/EV,No encontrado en Betano,Baja,contexto premium torneo actual,usa promedios del contexto premium/API-Football,el primer tiempo puede tener ritmo bajo o rotaciones,
2026-07-28,11:00,Rizespor vs Hull City,,,Goles +3.5,TOTALS OVER.3.5,TOTALS:OVER_3_5,32.4%,0.324000,,,,,,,Sin cuota/EV,No encontrado en Betano,Baja,torneo actual,usa Poisson base con estadisticas de goles del torneo,un gol temprano o baja eficacia puede cambiar la lectura del mercado,
2026-07-28,11:00,Rizespor vs Hull City,,,Visita goles +2.5,TEAM_TOTAL_AWAY OVER.2.5,TEAM_TOTAL_AWAY:OVER_2_5,29.6%,0.296100,,,,,,,Sin cuota/EV,No encontrado en Betano,Baja,torneo actual,usa Poisson base con estadisticas de goles del torneo,un gol temprano o baja eficacia puede cambiar la lectura del mercado,
2026-07-28,11:00,Rizespor vs Hull City,,,1T +1.5,FIRST_HALF_TOTALS OVER.1.5,FIRST_HALF_TOTALS:OVER_1_5,26.4%,0.264200,,,,,,,Sin cuota/EV,No encontrado en Betano,Baja,contexto premium torneo actual,usa promedios del contexto premium/API-Football,el primer tiempo puede tener ritmo bajo o rotaciones,
2026-07-28,11:00,Rizespor vs Hull City,,,Local goles +1.5,TEAM_TOTAL_HOME OVER.1.5,TEAM_TOTAL_HOME:OVER_1_5,25.4%,0.253900,,,,,,,Sin cuota/EV,No encontrado en Betano,Baja,torneo actual,usa Poisson base con estadisticas de goles del torneo,un gol temprano o baja eficacia puede cambiar la lectura del mercado,
2026-07-28,11:00,Rizespor vs Hull City,,,DNB local,DRAW_NO_BET HOME,DRAW_NO_BET:HOME,24.2%,0.242100,,,,,,,Sin cuota/EV,No encontrado en Betano,Baja,torneo actual,usa Poisson base con estadisticas de goles del torneo,riesgo propio del resultado final y variacion del modelo,
2026-07-28,11:00,Rizespor vs Hull City,,,Empate,1X2 DRAW,1X2:DRAW,22.1%,0.220500,,,,,,,Sin cuota/EV,No encontrado en Betano,Baja,torneo actual,usa Poisson base con estadisticas de goles del torneo,riesgo propio del resultado final y variacion del modelo,
2026-07-28,11:00,Rizespor vs Hull City,,,Goles -1.5,TOTALS UNDER.1.5,TOTALS:UNDER_1_5,21.9%,0.219300,,,,,,,Sin cuota/EV,No encontrado en Betano,Baja,torneo actual,usa Poisson base con estadisticas de goles del torneo,un gol temprano o baja eficacia puede cambiar la lectura del mercado,
2026-07-28,11:00,Rizespor vs Hull City,,,Gana local,1X2 HOME,1X2:HOME,18.9%,0.188700,,,,,,,Sin cuota/EV,No encontrado en Betano,Baja,torneo actual,usa Poisson base con estadisticas de goles del torneo,riesgo propio del resultado final y variacion del modelo,
2026-07-28,11:00,Rizespor vs Hull City,,,Visita goles -0.5,TEAM_TOTAL_AWAY UNDER.0.5,TEAM_TOTAL_AWAY:UNDER_0_5,15.0%,0.149700,,,,,,,Sin cuota/EV,No encontrado en Betano,Baja,torneo actual,usa Poisson base con estadisticas de goles del torneo,un gol temprano o baja eficacia puede cambiar la lectura del mercado,
2026-07-28,11:00,Rizespor vs Hull City,,,Local goles +2.5,TEAM_TOTAL_HOME OVER.2.5,TEAM_TOTAL_HOME:OVER_2_5,7.5%,0.075200,,,,,,,Sin cuota/EV,No encontrado en Betano,Baja,torneo actual,usa Poisson base con estadisticas de goles del torneo,un gol temprano o baja eficacia puede cambiar la lectura del mercado,
2026-07-28,13:00,Elche vs Al Ain,,,Tarjetas total -6.5,CARDS_TOTALS UNDER.6.5,CARDS_TOTALS:UNDER_6_5,99.6%,0.995500,,,,,,,Sin cuota/EV,No encontrado en Betano,Alta,contexto premium mixto,usa mezcla de promedios del torneo y recientes/API-Football,depende mucho del arbitro y del contexto competitivo,
2026-07-28,13:00,Elche vs Al Ain,,,Tarjetas total -5.5,CARDS_TOTALS UNDER.5.5,CARDS_TOTALS:UNDER_5_5,98.3%,0.983400,,,,,,,Sin cuota/EV,No encontrado en Betano,Alta,contexto premium mixto,usa mezcla de promedios del torneo y recientes/API-Football,depende mucho del arbitro y del contexto competitivo,
2026-07-28,13:00,Elche vs Al Ain,,,Tarjetas total -4.5,CARDS_TOTALS UNDER.4.5,CARDS_TOTALS:UNDER_4_5,94.7%,0.947300,,,,,,,Sin cuota/EV,No encontrado en Betano,Alta,contexto premium mixto,usa mezcla de promedios del torneo y recientes/API-Football,depende mucho del arbitro y del contexto competitivo,
2026-07-28,13:00,Elche vs Al Ain,,,Local goles -2.5,TEAM_TOTAL_HOME UNDER.2.5,TEAM_TOTAL_HOME:UNDER_2_5,94.3%,0.943000,,,,,,,Sin cuota/EV,No encontrado en Betano,Alta,fallback ultimos partidos,usa Poisson fallback con ultimos partidos multi-competicion,un gol temprano o baja eficacia puede cambiar la lectura del mercado,
2026-07-28,13:00,Elche vs Al Ain,,,SHOTS_TOTAL OVER.18.5,SHOTS_TOTAL OVER.18.5,SHOTS_TOTAL:OVER_18_5,94.1%,0.941000,,,,,,,Sin cuota/EV,No encontrado en Betano,Alta,contexto premium mixto,usa mezcla de promedios del torneo y recientes/API-Football,el volumen ofensivo puede variar por planteamiento y marcador temprano,
2026-07-28,13:00,Elche vs Al Ain,,,Local corners -6.5,CORNERS_HOME UNDER.6.5,CORNERS_HOME:UNDER_6_5,88.9%,0.889300,,,,,,,Sin cuota/EV,No encontrado en Betano,Alta,contexto premium mixto,usa mezcla de promedios del torneo y recientes/API-Football,el volumen ofensivo puede variar por planteamiento y marcador temprano,
2026-07-28,13:00,Elche vs Al Ain,,,SHOTS_TOTAL OVER.20.5,SHOTS_TOTAL OVER.20.5,SHOTS_TOTAL:OVER_20_5,87.2%,0.871500,,,,,,,Sin cuota/EV,No encontrado en Betano,Alta,contexto premium mixto,usa mezcla de promedios del torneo y recientes/API-Football,el volumen ofensivo puede variar por planteamiento y marcador temprano,
2026-07-28,13:00,Elche vs Al Ain,,,Visita tarjetas +0.5,CARDS_AWAY OVER.0.5,CARDS_AWAY:OVER_0_5,86.5%,0.864700,,,,,,,Sin cuota/EV,No encontrado en Betano,Alta,contexto premium mixto,usa mezcla de promedios del torneo y recientes/API-Football,depende mucho del arbitro y del contexto competitivo,
2026-07-28,13:00,Elche vs Al Ain,,,Visita goles +0.5,TEAM_TOTAL_AWAY OVER.0.5,TEAM_TOTAL_AWAY:OVER_0_5,86.4%,0.864400,,,,,,,Sin cuota/EV,No encontrado en Betano,Alta,fallback ultimos partidos,usa Poisson fallback con ultimos partidos multi-competicion,un gol temprano o baja eficacia puede cambiar la lectura del mercado,
2026-07-28,13:00,Elche vs Al Ain,,,Tarjetas total -3.5,CARDS_TOTALS UNDER.3.5,CARDS_TOTALS:UNDER_3_5,85.7%,0.857100,,,,,,,Sin cuota/EV,No encontrado en Betano,Alta,contexto premium mixto,usa mezcla de promedios del torneo y recientes/API-Football,depende mucho del arbitro y del contexto competitivo,
2026-07-28,13:00,Elche vs Al Ain,,,Visita tarjetas -3.5,CARDS_AWAY UNDER.3.5,CARDS_AWAY:UNDER_3_5,85.7%,0.857100,,,,,,,Sin cuota/EV,No encontrado en Betano,Alta,contexto premium mixto,usa mezcla de promedios del torneo y recientes/API-Football,depende mucho del arbitro y del contexto competitivo,
2026-07-28,13:00,Elche vs Al Ain,,,Visita corners +3.5,CORNERS_AWAY OVER.3.5,CORNERS_AWAY:OVER_3_5,84.9%,0.848800,,,,,,,Sin cuota/EV,No encontrado en Betano,Alta,contexto premium mixto,usa mezcla de promedios del torneo y recientes/API-Football,el volumen ofensivo puede variar por planteamiento y marcador temprano,
2026-07-28,13:00,Elche vs Al Ain,,,DOUBLE_CHANCE X2,DOUBLE_CHANCE X2,DOUBLE_CHANCE:X2,84.6%,0.845900,,,,,,,Sin cuota/EV,No encontrado en Betano,Alta,fallback ultimos partidos,usa Poisson fallback con ultimos partidos multi-competicion,riesgo propio del resultado final y variacion del modelo,
2026-07-28,13:00,Elche vs Al Ain,,,1T +0.5,FIRST_HALF_TOTALS OVER.0.5,FIRST_HALF_TOTALS:OVER_0_5,82.6%,0.826200,,,,,,,Sin cuota/EV,No encontrado en Betano,Alta,contexto premium mixto,usa mezcla de promedios del torneo y recientes/API-Football,el primer tiempo puede tener ritmo bajo o rotaciones,
2026-07-28,13:00,Elche vs Al Ain,,,DNB visita,DRAW_NO_BET AWAY,DRAW_NO_BET:AWAY,80.6%,0.805600,,,,,,,Sin cuota/EV,No encontrado en Betano,Alta,fallback ultimos partidos,usa Poisson fallback con ultimos partidos multi-competicion,riesgo propio del resultado final y variacion del modelo,
2026-07-28,13:00,Elche vs Al Ain,,,DOUBLE_CHANCE 12,DOUBLE_CHANCE 12,DOUBLE_CHANCE:12,79.3%,0.792600,,,,,,,Sin cuota/EV,No encontrado en Betano,Alta,fallback ultimos partidos,usa Poisson fallback con ultimos partidos multi-competicion,riesgo propio del resultado final y variacion del modelo,
2026-07-28,13:00,Elche vs Al Ain,,,Local goles -1.5,TEAM_TOTAL_HOME UNDER.1.5,TEAM_TOTAL_HOME:UNDER_1_5,78.6%,0.785700,,,,,,,Sin cuota/EV,No encontrado en Betano,Alta,fallback ultimos partidos,usa Poisson fallback con ultimos partidos multi-competicion,un gol temprano o baja eficacia puede cambiar la lectura del mercado,
2026-07-28,13:00,Elche vs Al Ain,,,Local corners -5.5,CORNERS_HOME UNDER.5.5,CORNERS_HOME:UNDER_5_5,78.5%,0.785100,,,,,,,Sin cuota/EV,No encontrado en Betano,Alta,contexto premium mixto,usa mezcla de promedios del torneo y recientes/API-Football,el volumen ofensivo puede variar por planteamiento y marcador temprano,
2026-07-28,13:00,Elche vs Al Ain,,,Corners total +7.5,CORNERS_TOTALS OVER.7.5,CORNERS_TOTALS:OVER_7_5,78.0%,0.779800,,,,,,,Sin cuota/EV,No encontrado en Betano,Alta,contexto premium mixto,usa mezcla de promedios del torneo y recientes/API-Football,el volumen ofensivo puede variar por planteamiento y marcador temprano,
2026-07-28,13:00,Elche vs Al Ain,,,Goles +1.5,TOTALS OVER.1.5,TOTALS:OVER_1_5,77.9%,0.779400,,,,,,,Sin cuota/EV,No encontrado en Betano,Alta,fallback ultimos partidos,usa Poisson fallback con ultimos partidos multi-competicion,un gol temprano o baja eficacia puede cambiar la lectura del mercado,
2026-07-28,13:00,Elche vs Al Ain,,,SHOTS_TOTAL OVER.22.5,SHOTS_TOTAL OVER.22.5,SHOTS_TOTAL:OVER_22_5,76.3%,0.763300,,,,,,,Sin cuota/EV,No encontrado en Betano,Alta,contexto premium mixto,usa mezcla de promedios del torneo y recientes/API-Football,el volumen ofensivo puede variar por planteamiento y marcador temprano,
2026-07-28,13:00,Elche vs Al Ain,,,SHOTS_ON_TARGET_TOTAL UNDER.9.5,SHOTS_ON_TARGET_TOTAL UNDER.9.5,SHOTS_ON_TARGET_TOTAL:UNDER_9_5,74.7%,0.747100,,,,,,,Sin cuota/EV,No encontrado en Betano,Alta,contexto premium mixto,usa mezcla de promedios del torneo y recientes/API-Football,el volumen ofensivo puede variar por planteamiento y marcador temprano,
2026-07-28,13:00,Elche vs Al Ain,,,Visita corners +4.5,CORNERS_AWAY OVER.4.5,CORNERS_AWAY:OVER_4_5,71.5%,0.714900,,,,,,,Sin cuota/EV,No encontrado en Betano,Alta,contexto premium mixto,usa mezcla de promedios del torneo y recientes/API-Football,el volumen ofensivo puede variar por planteamiento y marcador temprano,
2026-07-28,13:00,Elche vs Al Ain,,,Corners total -11.5,CORNERS_TOTALS UNDER.11.5,CORNERS_TOTALS:UNDER_11_5,69.7%,0.696800,,,,,,,Sin cuota/EV,No encontrado en Betano,Media,contexto premium mixto,usa mezcla de promedios del torneo y recientes/API-Football,el volumen ofensivo puede variar por planteamiento y marcador temprano,
2026-07-28,13:00,Elche vs Al Ain,,,Goles -3.5,TOTALS UNDER.3.5,TOTALS:UNDER_3_5,67.8%,0.677900,,,,,,,Sin cuota/EV,No encontrado en Betano,Media,fallback ultimos partidos,usa Poisson fallback con ultimos partidos multi-competicion,un gol temprano o baja eficacia puede cambiar la lectura del mercado,
2026-07-28,13:00,Elche vs Al Ain,,,Visita goles -2.5,TEAM_TOTAL_AWAY UNDER.2.5,TEAM_TOTAL_AWAY:UNDER_2_5,67.7%,0.676900,,,,,,,Sin cuota/EV,No encontrado en Betano,Media,fallback ultimos partidos,usa Poisson fallback con ultimos partidos multi-competicion,un gol temprano o baja eficacia puede cambiar la lectura del mercado,
2026-07-28,13:00,Elche vs Al Ain,,,Tarjetas total -2.5,CARDS_TOTALS UNDER.2.5,CARDS_TOTALS:UNDER_2_5,67.7%,0.676700,,,,,,,Sin cuota/EV,No encontrado en Betano,Media,contexto premium mixto,usa mezcla de promedios del torneo y recientes/API-Football,depende mucho del arbitro y del contexto competitivo,
2026-07-28,13:00,Elche vs Al Ain,,,Visita tarjetas -2.5,CARDS_AWAY UNDER.2.5,CARDS_AWAY:UNDER_2_5,67.7%,0.676700,,,,,,,Sin cuota/EV,No encontrado en Betano,Media,contexto premium mixto,usa mezcla de promedios del torneo y recientes/API-Football,depende mucho del arbitro y del contexto competitivo,
2026-07-28,13:00,Elche vs Al Ain,,,Corners total +8.5,CORNERS_TOTALS OVER.8.5,CORNERS_TOTALS:OVER_8_5,66.7%,0.667200,,,,,,,Sin cuota/EV,No encontrado en Betano,Media,contexto premium mixto,usa mezcla de promedios del torneo y recientes/API-Football,el volumen ofensivo puede variar por planteamiento y marcador temprano,
2026-07-28,13:00,Elche vs Al Ain,,,SHOTS_ON_TARGET_TOTAL OVER.6.5,SHOTS_ON_TARGET_TOTAL OVER.6.5,SHOTS_ON_TARGET_TOTAL:OVER_6_5,65.5%,0.655100,,,,,,,Sin cuota/EV,No encontrado en Betano,Media,contexto premium mixto,usa mezcla de promedios del torneo y recientes/API-Football,el volumen ofensivo puede variar por planteamiento y marcador temprano,
2026-07-28,13:00,Elche vs Al Ain,,,Gana visita,1X2 AWAY,1X2:AWAY,63.8%,0.638500,,,,,,,Sin cuota/EV,No encontrado en Betano,Media,fallback ultimos partidos,usa Poisson fallback con ultimos partidos multi-competicion,riesgo propio del resultado final y variacion del modelo,
2026-07-28,13:00,Elche vs Al Ain,,,Local corners -4.5,CORNERS_HOME UNDER.4.5,CORNERS_HOME:UNDER_4_5,62.9%,0.628800,,,,,,,Sin cuota/EV,No encontrado en Betano,Media,contexto premium mixto,usa mezcla de promedios del torneo y recientes/API-Football,el volumen ofensivo puede variar por planteamiento y marcador temprano,
2026-07-28,13:00,Elche vs Al Ain,,,SHOTS_ON_TARGET_TOTAL UNDER.8.5,SHOTS_ON_TARGET_TOTAL UNDER.8.5,SHOTS_ON_TARGET_TOTAL:UNDER_8_5,62.7%,0.627400,,,,,,,Sin cuota/EV,No encontrado en Betano,Media,contexto premium mixto,usa mezcla de promedios del torneo y recientes/API-Football,el volumen ofensivo puede variar por planteamiento y marcador temprano,
2026-07-28,13:00,Elche vs Al Ain,,,SHOTS_TOTAL OVER.24.5,SHOTS_TOTAL OVER.24.5,SHOTS_TOTAL:OVER_24_5,62.3%,0.622600,,,,,,,Sin cuota/EV,No encontrado en Betano,Media,contexto premium mixto,usa mezcla de promedios del torneo y recientes/API-Football,el volumen ofensivo puede variar por planteamiento y marcador temprano,
2026-07-28,13:00,Elche vs Al Ain,,,Visita corners -6.5,CORNERS_AWAY UNDER.6.5,CORNERS_AWAY:UNDER_6_5,60.6%,0.606300,,,,,,,Sin cuota/EV,No encontrado en Betano,Media,contexto premium mixto,usa mezcla de promedios del torneo y recientes/API-Football,el volumen ofensivo puede variar por planteamiento y marcador temprano,
2026-07-28,13:00,Elche vs Al Ain,,,Visita tarjetas +1.5,CARDS_AWAY OVER.1.5,CARDS_AWAY:OVER_1_5,59.4%,0.594000,,,,,,,Sin cuota/EV,No encontrado en Betano,Media,contexto premium mixto,usa mezcla de promedios del torneo y recientes/API-Football,depende mucho del arbitro y del contexto competitivo,
2026-07-28,13:00,Elche vs Al Ain,,,Visita goles +1.5,TEAM_TOTAL_AWAY OVER.1.5,TEAM_TOTAL_AWAY:OVER_1_5,59.4%,0.593800,,,,,,,Sin cuota/EV,No encontrado en Betano,Media,fallback ultimos partidos,usa Poisson fallback con ultimos partidos multi-competicion,un gol temprano o baja eficacia puede cambiar la lectura del mercado,
2026-07-28,13:00,Elche vs Al Ain,,,Corners total -10.5,CORNERS_TOTALS UNDER.10.5,CORNERS_TOTALS:UNDER_10_5,58.3%,0.583000,,,,,,,Sin cuota/EV,No encontrado en Betano,Media,contexto premium mixto,usa mezcla de promedios del torneo y recientes/API-Football,el volumen ofensivo puede variar por planteamiento y marcador temprano,
2026-07-28,13:00,Elche vs Al Ain,,,Local goles +0.5,TEAM_TOTAL_HOME OVER.0.5,TEAM_TOTAL_HOME:OVER_0_5,57.8%,0.578400,,,,,,,Sin cuota/EV,No encontrado en Betano,Media,fallback ultimos partidos,usa Poisson fallback con ultimos partidos multi-competicion,un gol temprano o baja eficacia puede cambiar la lectura del mercado,
2026-07-28,13:00,Elche vs Al Ain,,,Local corners +3.5,CORNERS_HOME OVER.3.5,CORNERS_HOME:OVER_3_5,56.6%,0.566500,,,,,,,Sin cuota/EV,No encontrado en Betano,Media,contexto premium mixto,usa mezcla de promedios del torneo y recientes/API-Football,el volumen ofensivo puede variar por planteamiento y marcador temprano,
2026-07-28,13:00,Elche vs Al Ain,,,Visita corners +5.5,CORNERS_AWAY OVER.5.5,CORNERS_AWAY:OVER_5_5,55.4%,0.554300,,,,,,,Sin cuota/EV,No encontrado en Betano,Media,contexto premium mixto,usa mezcla de promedios del torneo y recientes/API-Football,el volumen ofensivo puede variar por planteamiento y marcador temprano,
2026-07-28,13:00,Elche vs Al Ain,,,Goles +2.5,TOTALS OVER.2.5,TOTALS:OVER_2_5,54.5%,0.545400,,,,,,,Sin cuota/EV,No encontrado en Betano,Baja,fallback ultimos partidos,usa Poisson fallback con ultimos partidos multi-competicion,un gol temprano o baja eficacia puede cambiar la lectura del mercado,
2026-07-28,13:00,Elche vs Al Ain,,,Corners total +9.5,CORNERS_TOTALS OVER.9.5,CORNERS_TOTALS:OVER_9_5,54.2%,0.542100,,,,,,,Sin cuota/EV,No encontrado en Betano,Baja,contexto premium mixto,usa mezcla de promedios del torneo y recientes/API-Football,el volumen ofensivo puede variar por planteamiento y marcador temprano,
2026-07-28,13:00,Elche vs Al Ain,,,SHOTS_TOTAL UNDER.26.5,SHOTS_TOTAL UNDER.26.5,SHOTS_TOTAL:UNDER_26_5,53.2%,0.532400,,,,,,,Sin cuota/EV,No encontrado en Betano,Baja,contexto premium mixto,usa mezcla de promedios del torneo y recientes/API-Football,el volumen ofensivo puede variar por planteamiento y marcador temprano,
2026-07-28,13:00,Elche vs Al Ain,,,1T +1.5,FIRST_HALF_TOTALS OVER.1.5,FIRST_HALF_TOTALS:OVER_1_5,52.2%,0.522100,,,,,,,Sin cuota/EV,No encontrado en Betano,Baja,contexto premium mixto,usa mezcla de promedios del torneo y recientes/API-Football,el primer tiempo puede tener ritmo bajo o rotaciones,
2026-07-28,13:00,Elche vs Al Ain,,,SHOTS_ON_TARGET_TOTAL OVER.7.5,SHOTS_ON_TARGET_TOTAL OVER.7.5,SHOTS_ON_TARGET_TOTAL:OVER_7_5,51.2%,0.511600,,,,,,,Sin cuota/EV,No encontrado en Betano,Baja,contexto premium mixto,usa mezcla de promedios del torneo y recientes/API-Football,el volumen ofensivo puede variar por planteamiento y marcador temprano,
2026-07-28,13:00,Elche vs Al Ain,,,BTTS sí,BTTS YES,BTTS:YES,50.0%,0.500100,,,,,,,Sin cuota/EV,No encontrado en Betano,Baja,fallback ultimos partidos,usa Poisson fallback con ultimos partidos multi-competicion,un gol temprano o baja eficacia puede cambiar la lectura del mercado,
2026-07-28,13:00,Elche vs Al Ain,,,BTTS no,BTTS NO,BTTS:NO,50.0%,0.499900,,,,,,,Sin cuota/EV,No encontrado en Betano,Baja,fallback ultimos partidos,usa Poisson fallback con ultimos partidos multi-competicion,un gol temprano o baja eficacia puede cambiar la lectura del mercado,
2026-07-28,13:00,Elche vs Al Ain,,,SHOTS_ON_TARGET_TOTAL UNDER.7.5,SHOTS_ON_TARGET_TOTAL UNDER.7.5,SHOTS_ON_TARGET_TOTAL:UNDER_7_5,48.8%,0.488400,,,,,,,Sin cuota/EV,No encontrado en Betano,Baja,contexto premium mixto,usa mezcla de promedios del torneo y recientes/API-Football,el volumen ofensivo puede variar por planteamiento y marcador temprano,
2026-07-28,13:00,Elche vs Al Ain,,,1T -1.5,FIRST_HALF_TOTALS UNDER.1.5,FIRST_HALF_TOTALS:UNDER_1_5,47.8%,0.477900,,,,,,,Sin cuota/EV,No encontrado en Betano,Baja,contexto premium mixto,usa mezcla de promedios del torneo y recientes/API-Football,el primer tiempo puede tener ritmo bajo o rotaciones,
2026-07-28,13:00,Elche vs Al Ain,,,SHOTS_TOTAL OVER.26.5,SHOTS_TOTAL OVER.26.5,SHOTS_TOTAL:OVER_26_5,46.8%,0.467600,,,,,,,Sin cuota/EV,No encontrado en Betano,Baja,contexto premium mixto,usa mezcla de promedios del torneo y recientes/API-Football,el volumen ofensivo puede variar por planteamiento y marcador temprano,
2026-07-28,13:00,Elche vs Al Ain,,,Corners total -9.5,CORNERS_TOTALS UNDER.9.5,CORNERS_TOTALS:UNDER_9_5,45.8%,0.457900,,,,,,,Sin cuota/EV,No encontrado en Betano,Baja,contexto premium mixto,usa mezcla de promedios del torneo y recientes/API-Football,el volumen ofensivo puede variar por planteamiento y marcador temprano,
2026-07-28,13:00,Elche vs Al Ain,,,Goles -2.5,TOTALS UNDER.2.5,TOTALS:UNDER_2_5,45.5%,0.454600,,,,,,,Sin cuota/EV,No encontrado en Betano,Baja,fallback ultimos partidos,usa Poisson fallback con ultimos partidos multi-competicion,un gol temprano o baja eficacia puede cambiar la lectura del mercado,
2026-07-28,13:00,Elche vs Al Ain,,,Visita corners -5.5,CORNERS_AWAY UNDER.5.5,CORNERS_AWAY:UNDER_5_5,44.6%,0.445700,,,,,,,Sin cuota/EV,No encontrado en Betano,Baja,contexto premium mixto,usa mezcla de promedios del torneo y recientes/API-Football,el volumen ofensivo puede variar por planteamiento y marcador temprano,
2026-07-28,13:00,Elche vs Al Ain,,,Local corners -3.5,CORNERS_HOME UNDER.3.5,CORNERS_HOME:UNDER_3_5,43.4%,0.433500,,,,,,,Sin cuota/EV,No encontrado en Betano,Baja,contexto premium mixto,usa mezcla de promedios del torneo y recientes/API-Football,el volumen ofensivo puede variar por planteamiento y marcador temprano,
2026-07-28,13:00,Elche vs Al Ain,,,Local goles -0.5,TEAM_TOTAL_HOME UNDER.0.5,TEAM_TOTAL_HOME:UNDER_0_5,42.2%,0.421600,,,,,,,Sin cuota/EV,No encontrado en Betano,Baja,fallback ultimos partidos,usa Poisson fallback con ultimos partidos multi-competicion,un gol temprano o baja eficacia puede cambiar la lectura del mercado,
2026-07-28,13:00,Elche vs Al Ain,,,Corners total +10.5,CORNERS_TOTALS OVER.10.5,CORNERS_TOTALS:OVER_10_5,41.7%,0.417000,,,,,,,Sin cuota/EV,No encontrado en Betano,Baja,contexto premium mixto,usa mezcla de promedios del torneo y recientes/API-Football,el volumen ofensivo puede variar por planteamiento y marcador temprano,
2026-07-28,13:00,Elche vs Al Ain,,,Visita goles -1.5,TEAM_TOTAL_AWAY UNDER.1.5,TEAM_TOTAL_AWAY:UNDER_1_5,40.6%,0.406200,,,,,,,Sin cuota/EV,No encontrado en Betano,Baja,fallback ultimos partidos,usa Poisson fallback con ultimos partidos multi-competicion,un gol temprano o baja eficacia puede cambiar la lectura del mercado,
2026-07-28,13:00,Elche vs Al Ain,,,Visita tarjetas -1.5,CARDS_AWAY UNDER.1.5,CARDS_AWAY:UNDER_1_5,40.6%,0.406000,,,,,,,Sin cuota/EV,No encontrado en Betano,Baja,contexto premium mixto,usa mezcla de promedios del torneo y recientes/API-Football,depende mucho del arbitro y del contexto competitivo,
2026-07-28,13:00,Elche vs Al Ain,,,Visita corners +6.5,CORNERS_AWAY OVER.6.5,CORNERS_AWAY:OVER_6_5,39.4%,0.393700,,,,,,,Sin cuota/EV,No encontrado en Betano,Baja,contexto premium mixto,usa mezcla de promedios del torneo y recientes/API-Football,el volumen ofensivo puede variar por planteamiento y marcador temprano,
2026-07-28,13:00,Elche vs Al Ain,,,SHOTS_TOTAL UNDER.24.5,SHOTS_TOTAL UNDER.24.5,SHOTS_TOTAL:UNDER_24_5,37.7%,0.377400,,,,,,,Sin cuota/EV,No encontrado en Betano,Baja,contexto premium mixto,usa mezcla de promedios del torneo y recientes/API-Football,el volumen ofensivo puede variar por planteamiento y marcador temprano,
2026-07-28,13:00,Elche vs Al Ain,,,SHOTS_ON_TARGET_TOTAL OVER.8.5,SHOTS_ON_TARGET_TOTAL OVER.8.5,SHOTS_ON_TARGET_TOTAL:OVER_8_5,37.3%,0.372600,,,,,,,Sin cuota/EV,No encontrado en Betano,Baja,contexto premium mixto,usa mezcla de promedios del torneo y recientes/API-Football,el volumen ofensivo puede variar por planteamiento y marcador temprano,
2026-07-28,13:00,Elche vs Al Ain,,,Local corners +4.5,CORNERS_HOME OVER.4.5,CORNERS_HOME:OVER_4_5,37.1%,0.371200,,,,,,,Sin cuota/EV,No encontrado en Betano,Baja,contexto premium mixto,usa mezcla de promedios del torneo y recientes/API-Football,el volumen ofensivo puede variar por planteamiento y marcador temprano,
2026-07-28,13:00,Elche vs Al Ain,,,DOUBLE_CHANCE 1X,DOUBLE_CHANCE 1X,DOUBLE_CHANCE:1X,36.1%,0.361500,,,,,,,Sin cuota/EV,No encontrado en Betano,Baja,fallback ultimos partidos,usa Poisson fallback con ultimos partidos multi-competicion,riesgo propio del resultado final y variacion del modelo,
2026-07-28,13:00,Elche vs Al Ain,,,SHOTS_ON_TARGET_TOTAL UNDER.6.5,SHOTS_ON_TARGET_TOTAL UNDER.6.5,SHOTS_ON_TARGET_TOTAL:UNDER_6_5,34.5%,0.344900,,,,,,,Sin cuota/EV,No encontrado en Betano,Baja,contexto premium mixto,usa mezcla de promedios del torneo y recientes/API-Football,el volumen ofensivo puede variar por planteamiento y marcador temprano,
2026-07-28,13:00,Elche vs Al Ain,,,Corners total -8.5,CORNERS_TOTALS UNDER.8.5,CORNERS_TOTALS:UNDER_8_5,33.3%,0.332800,,,,,,,Sin cuota/EV,No encontrado en Betano,Baja,contexto premium mixto,usa mezcla de promedios del torneo y recientes/API-Football,el volumen ofensivo puede variar por planteamiento y marcador temprano,
2026-07-28,13:00,Elche vs Al Ain,,,Tarjetas total +2.5,CARDS_TOTALS OVER.2.5,CARDS_TOTALS:OVER_2_5,32.3%,0.323300,,,,,,,Sin cuota/EV,No encontrado en Betano,Baja,contexto premium mixto,usa mezcla de promedios del torneo y recientes/API-Football,depende mucho del arbitro y del contexto competitivo,
2026-07-28,13:00,Elche vs Al Ain,,,Visita tarjetas +2.5,CARDS_AWAY OVER.2.5,CARDS_AWAY:OVER_2_5,32.3%,0.323300,,,,,,,Sin cuota/EV,No encontrado en Betano,Baja,contexto premium mixto,usa mezcla de promedios del torneo y recientes/API-Football,depende mucho del arbitro y del contexto competitivo,
2026-07-28,13:00,Elche vs Al Ain,,,Visita goles +2.5,TEAM_TOTAL_AWAY OVER.2.5,TEAM_TOTAL_AWAY:OVER_2_5,32.3%,0.323100,,,,,,,Sin cuota/EV,No encontrado en Betano,Baja,fallback ultimos partidos,usa Poisson fallback con ultimos partidos multi-competicion,un gol temprano o baja eficacia puede cambiar la lectura del mercado,
2026-07-28,13:00,Elche vs Al Ain,,,Goles +3.5,TOTALS OVER.3.5,TOTALS:OVER_3_5,32.2%,0.322100,,,,,,,Sin cuota/EV,No encontrado en Betano,Baja,fallback ultimos partidos,usa Poisson fallback con ultimos partidos multi-competicion,un gol temprano o baja eficacia puede cambiar la lectura del mercado,
2026-07-28,13:00,Elche vs Al Ain,,,Corners total +11.5,CORNERS_TOTALS OVER.11.5,CORNERS_TOTALS:OVER_11_5,30.3%,0.303200,,,,,,,Sin cuota/EV,No encontrado en Betano,Baja,contexto premium mixto,usa mezcla de promedios del torneo y recientes/API-Football,el volumen ofensivo puede variar por planteamiento y marcador temprano,
2026-07-28,13:00,Elche vs Al Ain,,,Visita corners -4.5,CORNERS_AWAY UNDER.4.5,CORNERS_AWAY:UNDER_4_5,28.5%,0.285100,,,,,,,Sin cuota/EV,No encontrado en Betano,Baja,contexto premium mixto,usa mezcla de promedios del torneo y recientes/API-Football,el volumen ofensivo puede variar por planteamiento y marcador temprano,
2026-07-28,13:00,Elche vs Al Ain,,,SHOTS_ON_TARGET_TOTAL OVER.9.5,SHOTS_ON_TARGET_TOTAL OVER.9.5,SHOTS_ON_TARGET_TOTAL:OVER_9_5,25.3%,0.252900,,,,,,,Sin cuota/EV,No encontrado en Betano,Baja,contexto premium mixto,usa mezcla de promedios del torneo y recientes/API-Football,el volumen ofensivo puede variar por planteamiento y marcador temprano,
2026-07-28,13:00,Elche vs Al Ain,,,SHOTS_TOTAL UNDER.22.5,SHOTS_TOTAL UNDER.22.5,SHOTS_TOTAL:UNDER_22_5,23.7%,0.236700,,,,,,,Sin cuota/EV,No encontrado en Betano,Baja,contexto premium mixto,usa mezcla de promedios del torneo y recientes/API-Football,el volumen ofensivo puede variar por planteamiento y marcador temprano,
2026-07-28,13:00,Elche vs Al Ain,,,Goles -1.5,TOTALS UNDER.1.5,TOTALS:UNDER_1_5,22.1%,0.220600,,,,,,,Sin cuota/EV,No encontrado en Betano,Baja,fallback ultimos partidos,usa Poisson fallback con ultimos partidos multi-competicion,un gol temprano o baja eficacia puede cambiar la lectura del mercado,
2026-07-28,13:00,Elche vs Al Ain,,,Corners total -7.5,CORNERS_TOTALS UNDER.7.5,CORNERS_TOTALS:UNDER_7_5,22.0%,0.220200,,,,,,,Sin cuota/EV,No encontrado en Betano,Baja,contexto premium mixto,usa mezcla de promedios del torneo y recientes/API-Football,el volumen ofensivo puede variar por planteamiento y marcador temprano,
2026-07-28,13:00,Elche vs Al Ain,,,Local corners +5.5,CORNERS_HOME OVER.5.5,CORNERS_HOME:OVER_5_5,21.5%,0.214900,,,,,,,Sin cuota/EV,No encontrado en Betano,Baja,contexto premium mixto,usa mezcla de promedios del torneo y recientes/API-Football,el volumen ofensivo puede variar por planteamiento y marcador temprano,
2026-07-28,13:00,Elche vs Al Ain,,,Local goles +1.5,TEAM_TOTAL_HOME OVER.1.5,TEAM_TOTAL_HOME:OVER_1_5,21.4%,0.214300,,,,,,,Sin cuota/EV,No encontrado en Betano,Baja,fallback ultimos partidos,usa Poisson fallback con ultimos partidos multi-competicion,un gol temprano o baja eficacia puede cambiar la lectura del mercado,
2026-07-28,13:00,Elche vs Al Ain,,,Empate,1X2 DRAW,1X2:DRAW,20.7%,0.207400,,,,,,,Sin cuota/EV,No encontrado en Betano,Baja,fallback ultimos partidos,usa Poisson fallback con ultimos partidos multi-competicion,riesgo propio del resultado final y variacion del modelo,
2026-07-28,13:00,Elche vs Al Ain,,,DNB local,DRAW_NO_BET HOME,DRAW_NO_BET:HOME,19.4%,0.194400,,,,,,,Sin cuota/EV,No encontrado en Betano,Baja,fallback ultimos partidos,usa Poisson fallback con ultimos partidos multi-competicion,riesgo propio del resultado final y variacion del modelo,
2026-07-28,13:00,Elche vs Al Ain,,,1T -0.5,FIRST_HALF_TOTALS UNDER.0.5,FIRST_HALF_TOTALS:UNDER_0_5,17.4%,0.173800,,,,,,,Sin cuota/EV,No encontrado en Betano,Baja,contexto premium mixto,usa mezcla de promedios del torneo y recientes/API-Football,el primer tiempo puede tener ritmo bajo o rotaciones,
2026-07-28,13:00,Elche vs Al Ain,,,Gana local,1X2 HOME,1X2:HOME,15.4%,0.154100,,,,,,,Sin cuota/EV,No encontrado en Betano,Baja,fallback ultimos partidos,usa Poisson fallback con ultimos partidos multi-competicion,riesgo propio del resultado final y variacion del modelo,
2026-07-28,13:00,Elche vs Al Ain,,,Visita corners -3.5,CORNERS_AWAY UNDER.3.5,CORNERS_AWAY:UNDER_3_5,15.1%,0.151200,,,,,,,Sin cuota/EV,No encontrado en Betano,Baja,contexto premium mixto,usa mezcla de promedios del torneo y recientes/API-Football,el volumen ofensivo puede variar por planteamiento y marcador temprano,
2026-07-28,13:00,Elche vs Al Ain,,,Tarjetas total +3.5,CARDS_TOTALS OVER.3.5,CARDS_TOTALS:OVER_3_5,14.3%,0.142900,,,,,,,Sin cuota/EV,No encontrado en Betano,Baja,contexto premium mixto,usa mezcla de promedios del torneo y recientes/API-Football,depende mucho del arbitro y del contexto competitivo,
2026-07-28,13:00,Elche vs Al Ain,,,Visita tarjetas +3.5,CARDS_AWAY OVER.3.5,CARDS_AWAY:OVER_3_5,14.3%,0.142900,,,,,,,Sin cuota/EV,No encontrado en Betano,Baja,contexto premium mixto,usa mezcla de promedios del torneo y recientes/API-Football,depende mucho del arbitro y del contexto competitivo,
2026-07-28,13:00,Elche vs Al Ain,,,Visita goles -0.5,TEAM_TOTAL_AWAY UNDER.0.5,TEAM_TOTAL_AWAY:UNDER_0_5,13.6%,0.135600,,,,,,,Sin cuota/EV,No encontrado en Betano,Baja,fallback ultimos partidos,usa Poisson fallback con ultimos partidos multi-competicion,un gol temprano o baja eficacia puede cambiar la lectura del mercado,
2026-07-28,13:00,Elche vs Al Ain,,,Visita tarjetas -0.5,CARDS_AWAY UNDER.0.5,CARDS_AWAY:UNDER_0_5,13.5%,0.135300,,,,,,,Sin cuota/EV,No encontrado en Betano,Baja,contexto premium mixto,usa mezcla de promedios del torneo y recientes/API-Football,depende mucho del arbitro y del contexto competitivo,
2026-07-28,13:00,Elche vs Al Ain,,,SHOTS_TOTAL UNDER.20.5,SHOTS_TOTAL UNDER.20.5,SHOTS_TOTAL:UNDER_20_5,12.8%,0.128500,,,,,,,Sin cuota/EV,No encontrado en Betano,Baja,contexto premium mixto,usa mezcla de promedios del torneo y recientes/API-Football,el volumen ofensivo puede variar por planteamiento y marcador temprano,
2026-07-28,13:00,Elche vs Al Ain,,,Local corners +6.5,CORNERS_HOME OVER.6.5,CORNERS_HOME:OVER_6_5,11.1%,0.110700,,,,,,,Sin cuota/EV,No encontrado en Betano,Baja,contexto premium mixto,usa mezcla de promedios del torneo y recientes/API-Football,el volumen ofensivo puede variar por planteamiento y marcador temprano,
2026-07-28,13:00,Elche vs Al Ain,,,SHOTS_TOTAL UNDER.18.5,SHOTS_TOTAL UNDER.18.5,SHOTS_TOTAL:UNDER_18_5,5.9%,0.059000,,,,,,,Sin cuota/EV,No encontrado en Betano,Baja,contexto premium mixto,usa mezcla de promedios del torneo y recientes/API-Football,el volumen ofensivo puede variar por planteamiento y marcador temprano,
2026-07-28,13:00,Elche vs Al Ain,,,Local goles +2.5,TEAM_TOTAL_HOME OVER.2.5,TEAM_TOTAL_HOME:OVER_2_5,5.7%,0.057000,,,,,,,Sin cuota/EV,No encontrado en Betano,Baja,fallback ultimos partidos,usa Poisson fallback con ultimos partidos multi-competicion,un gol temprano o baja eficacia puede cambiar la lectura del mercado,
2026-07-28,13:00,Elche vs Al Ain,,,Tarjetas total +4.5,CARDS_TOTALS OVER.4.5,CARDS_TOTALS:OVER_4_5,5.3%,0.052700,,,,,,,Sin cuota/EV,No encontrado en Betano,Baja,contexto premium mixto,usa mezcla de promedios del torneo y recientes/API-Football,depende mucho del arbitro y del contexto competitivo,
2026-07-28,13:00,Elche vs Al Ain,,,Tarjetas total +5.5,CARDS_TOTALS OVER.5.5,CARDS_TOTALS:OVER_5_5,1.7%,0.016600,,,,,,,Sin cuota/EV,No encontrado en Betano,Baja,contexto premium mixto,usa mezcla de promedios del torneo y recientes/API-Football,depende mucho del arbitro y del contexto competitivo,
2026-07-28,13:00,Elche vs Al Ain,,,Tarjetas total +6.5,CARDS_TOTALS OVER.6.5,CARDS_TOTALS:OVER_6_5,0.4%,0.004500,,,,,,,Sin cuota/EV,No encontrado en Betano,Baja,contexto premium mixto,usa mezcla de promedios del torneo y recientes/API-Football,depende mucho del arbitro y del contexto competitivo,
2026-07-28,13:00,PSV Eindhoven vs FC Eindhoven,,,Goles +1.5,TOTALS OVER.1.5,TOTALS:OVER_1_5,92.7%,0.927100,,,,,,,Sin cuota/EV,No encontrado en Betano,Alta,torneo actual,usa Poisson base con estadisticas de goles del torneo,un gol temprano o baja eficacia puede cambiar la lectura del mercado,
2026-07-28,13:00,PSV Eindhoven vs FC Eindhoven,,,Local goles +0.5,TEAM_TOTAL_HOME OVER.0.5,TEAM_TOTAL_HOME:OVER_0_5,90.3%,0.902800,,,,,,,Sin cuota/EV,No encontrado en Betano,Alta,torneo actual,usa Poisson base con estadisticas de goles del torneo,un gol temprano o baja eficacia puede cambiar la lectura del mercado,
2026-07-28,13:00,PSV Eindhoven vs FC Eindhoven,,,1T +0.5,FIRST_HALF_TOTALS OVER.0.5,FIRST_HALF_TOTALS:OVER_0_5,87.4%,0.874400,,,,,,,Sin cuota/EV,No encontrado en Betano,Alta,contexto premium torneo actual,usa promedios del contexto premium/API-Football,el primer tiempo puede tener ritmo bajo o rotaciones,
2026-07-28,13:00,PSV Eindhoven vs FC Eindhoven,,,Visita goles +0.5,TEAM_TOTAL_AWAY OVER.0.5,TEAM_TOTAL_AWAY:OVER_0_5,85.8%,0.858100,,,,,,,Sin cuota/EV,No encontrado en Betano,Alta,torneo actual,usa Poisson base con estadisticas de goles del torneo,un gol temprano o baja eficacia puede cambiar la lectura del mercado,
2026-07-28,13:00,PSV Eindhoven vs FC Eindhoven,,,DOUBLE_CHANCE 12,DOUBLE_CHANCE 12,DOUBLE_CHANCE:12,80.4%,0.803700,,,,,,,Sin cuota/EV,No encontrado en Betano,Alta,torneo actual,usa Poisson base con estadisticas de goles del torneo,riesgo propio del resultado final y variacion del modelo,
2026-07-28,13:00,PSV Eindhoven vs FC Eindhoven,,,Goles +2.5,TOTALS OVER.2.5,TOTALS:OVER_2_5,80.2%,0.801500,,,,,,,Sin cuota/EV,No encontrado en Betano,Alta,torneo actual,usa Poisson base con estadisticas de goles del torneo,un gol temprano o baja eficacia puede cambiar la lectura del mercado,
2026-07-28,13:00,PSV Eindhoven vs FC Eindhoven,,,BTTS sí,BTTS YES,BTTS:YES,77.5%,0.775400,,,,,,,Sin cuota/EV,No encontrado en Betano,Alta,torneo actual,usa Poisson base con estadisticas de goles del torneo,un gol temprano o baja eficacia puede cambiar la lectura del mercado,
2026-07-28,13:00,PSV Eindhoven vs FC Eindhoven,,,Visita goles -2.5,TEAM_TOTAL_AWAY UNDER.2.5,TEAM_TOTAL_AWAY:UNDER_2_5,68.8%,0.688400,,,,,,,Sin cuota/EV,No encontrado en Betano,Media,torneo actual,usa Poisson base con estadisticas de goles del torneo,un gol temprano o baja eficacia puede cambiar la lectura del mercado,
2026-07-28,13:00,PSV Eindhoven vs FC Eindhoven,,,Local goles +1.5,TEAM_TOTAL_HOME OVER.1.5,TEAM_TOTAL_HOME:OVER_1_5,67.7%,0.677400,,,,,,,Sin cuota/EV,No encontrado en Betano,Media,torneo actual,usa Poisson base con estadisticas de goles del torneo,un gol temprano o baja eficacia puede cambiar la lectura del mercado,
2026-07-28,13:00,PSV Eindhoven vs FC Eindhoven,,,DOUBLE_CHANCE 1X,DOUBLE_CHANCE 1X,DOUBLE_CHANCE:1X,66.9%,0.668800,,,,,,,Sin cuota/EV,No encontrado en Betano,Media,torneo actual,usa Poisson base con estadisticas de goles del torneo,riesgo propio del resultado final y variacion del modelo,
2026-07-28,13:00,PSV Eindhoven vs FC Eindhoven,,,Goles +3.5,TOTALS OVER.3.5,TOTALS:OVER_3_5,62.2%,0.621600,,,,,,,Sin cuota/EV,No encontrado en Betano,Media,torneo actual,usa Poisson base con estadisticas de goles del torneo,un gol temprano o baja eficacia puede cambiar la lectura del mercado,
2026-07-28,13:00,PSV Eindhoven vs FC Eindhoven,,,1T +1.5,FIRST_HALF_TOTALS OVER.1.5,FIRST_HALF_TOTALS:OVER_1_5,61.4%,0.613900,,,,,,,Sin cuota/EV,No encontrado en Betano,Media,contexto premium torneo actual,usa promedios del contexto premium/API-Football,el primer tiempo puede tener ritmo bajo o rotaciones,
2026-07-28,13:00,PSV Eindhoven vs FC Eindhoven,,,DNB local,DRAW_NO_BET HOME,DRAW_NO_BET:HOME,58.8%,0.588000,,,,,,,Sin cuota/EV,No encontrado en Betano,Media,torneo actual,usa Poisson base con estadisticas de goles del torneo,riesgo propio del resultado final y variacion del modelo,
2026-07-28,13:00,PSV Eindhoven vs FC Eindhoven,,,Local goles -2.5,TEAM_TOTAL_HOME UNDER.2.5,TEAM_TOTAL_HOME:UNDER_2_5,58.6%,0.586300,,,,,,,Sin cuota/EV,No encontrado en Betano,Media,torneo actual,usa Poisson base con estadisticas de goles del torneo,un gol temprano o baja eficacia puede cambiar la lectura del mercado,
2026-07-28,13:00,PSV Eindhoven vs FC Eindhoven,,,Visita goles +1.5,TEAM_TOTAL_AWAY OVER.1.5,TEAM_TOTAL_AWAY:OVER_1_5,58.2%,0.582000,,,,,,,Sin cuota/EV,No encontrado en Betano,Media,torneo actual,usa Poisson base con estadisticas de goles del torneo,un gol temprano o baja eficacia puede cambiar la lectura del mercado,
2026-07-28,13:00,PSV Eindhoven vs FC Eindhoven,,,DOUBLE_CHANCE X2,DOUBLE_CHANCE X2,DOUBLE_CHANCE:X2,52.8%,0.527500,,,,,,,Sin cuota/EV,No encontrado en Betano,Baja,torneo actual,usa Poisson base con estadisticas de goles del torneo,riesgo propio del resultado final y variacion del modelo,
2026-07-28,13:00,PSV Eindhoven vs FC Eindhoven,,,Gana local,1X2 HOME,1X2:HOME,47.2%,0.472500,,,,,,,Sin cuota/EV,No encontrado en Betano,Baja,torneo actual,usa Poisson base con estadisticas de goles del torneo,riesgo propio del resultado final y variacion del modelo,
2026-07-28,13:00,PSV Eindhoven vs FC Eindhoven,,,Visita goles -1.5,TEAM_TOTAL_AWAY UNDER.1.5,TEAM_TOTAL_AWAY:UNDER_1_5,41.8%,0.418000,,,,,,,Sin cuota/EV,No encontrado en Betano,Baja,torneo actual,usa Poisson base con estadisticas de goles del torneo,un gol temprano o baja eficacia puede cambiar la lectura del mercado,
2026-07-28,13:00,PSV Eindhoven vs FC Eindhoven,,,Local goles +2.5,TEAM_TOTAL_HOME OVER.2.5,TEAM_TOTAL_HOME:OVER_2_5,41.4%,0.413700,,,,,,,Sin cuota/EV,No encontrado en Betano,Baja,torneo actual,usa Poisson base con estadisticas de goles del torneo,un gol temprano o baja eficacia puede cambiar la lectura del mercado,
2026-07-28,13:00,PSV Eindhoven vs FC Eindhoven,,,DNB visita,DRAW_NO_BET AWAY,DRAW_NO_BET:AWAY,41.2%,0.412000,,,,,,,Sin cuota/EV,No encontrado en Betano,Baja,torneo actual,usa Poisson base con estadisticas de goles del torneo,riesgo propio del resultado final y variacion del modelo,
2026-07-28,13:00,PSV Eindhoven vs FC Eindhoven,,,1T -1.5,FIRST_HALF_TOTALS UNDER.1.5,FIRST_HALF_TOTALS:UNDER_1_5,38.6%,0.386100,,,,,,,Sin cuota/EV,No encontrado en Betano,Baja,contexto premium torneo actual,usa promedios del contexto premium/API-Football,el primer tiempo puede tener ritmo bajo o rotaciones,
2026-07-28,13:00,PSV Eindhoven vs FC Eindhoven,,,Goles -3.5,TOTALS UNDER.3.5,TOTALS:UNDER_3_5,37.8%,0.378400,,,,,,,Sin cuota/EV,No encontrado en Betano,Baja,torneo actual,usa Poisson base con estadisticas de goles del torneo,un gol temprano o baja eficacia puede cambiar la lectura del mercado,
2026-07-28,13:00,PSV Eindhoven vs FC Eindhoven,,,Gana visita,1X2 AWAY,1X2:AWAY,33.1%,0.331200,,,,,,,Sin cuota/EV,No encontrado en Betano,Baja,torneo actual,usa Poisson base con estadisticas de goles del torneo,riesgo propio del resultado final y variacion del modelo,
2026-07-28,13:00,PSV Eindhoven vs FC Eindhoven,,,Local goles -1.5,TEAM_TOTAL_HOME UNDER.1.5,TEAM_TOTAL_HOME:UNDER_1_5,32.3%,0.322600,,,,,,,Sin cuota/EV,No encontrado en Betano,Baja,torneo actual,usa Poisson base con estadisticas de goles del torneo,un gol temprano o baja eficacia puede cambiar la lectura del mercado,
2026-07-28,13:00,PSV Eindhoven vs FC Eindhoven,,,Visita goles +2.5,TEAM_TOTAL_AWAY OVER.2.5,TEAM_TOTAL_AWAY:OVER_2_5,31.2%,0.311600,,,,,,,Sin cuota/EV,No encontrado en Betano,Baja,torneo actual,usa Poisson base con estadisticas de goles del torneo,un gol temprano o baja eficacia puede cambiar la lectura del mercado,
2026-07-28,13:00,PSV Eindhoven vs FC Eindhoven,,,BTTS no,BTTS NO,BTTS:NO,22.5%,0.224600,,,,,,,Sin cuota/EV,No encontrado en Betano,Baja,torneo actual,usa Poisson base con estadisticas de goles del torneo,un gol temprano o baja eficacia puede cambiar la lectura del mercado,
2026-07-28,13:00,PSV Eindhoven vs FC Eindhoven,,,Goles -2.5,TOTALS UNDER.2.5,TOTALS:UNDER_2_5,19.9%,0.198500,,,,,,,Sin cuota/EV,No encontrado en Betano,Baja,torneo actual,usa Poisson base con estadisticas de goles del torneo,un gol temprano o baja eficacia puede cambiar la lectura del mercado,
2026-07-28,13:00,PSV Eindhoven vs FC Eindhoven,,,Empate,1X2 DRAW,1X2:DRAW,19.6%,0.196300,,,,,,,Sin cuota/EV,No encontrado en Betano,Baja,torneo actual,usa Poisson base con estadisticas de goles del torneo,riesgo propio del resultado final y variacion del modelo,
2026-07-28,13:00,PSV Eindhoven vs FC Eindhoven,,,Visita goles -0.5,TEAM_TOTAL_AWAY UNDER.0.5,TEAM_TOTAL_AWAY:UNDER_0_5,14.2%,0.141900,,,,,,,Sin cuota/EV,No encontrado en Betano,Baja,torneo actual,usa Poisson base con estadisticas de goles del torneo,un gol temprano o baja eficacia puede cambiar la lectura del mercado,
2026-07-28,13:00,PSV Eindhoven vs FC Eindhoven,,,1T -0.5,FIRST_HALF_TOTALS UNDER.0.5,FIRST_HALF_TOTALS:UNDER_0_5,12.6%,0.125600,,,,,,,Sin cuota/EV,No encontrado en Betano,Baja,contexto premium torneo actual,usa promedios del contexto premium/API-Football,el primer tiempo puede tener ritmo bajo o rotaciones,
2026-07-28,13:00,PSV Eindhoven vs FC Eindhoven,,,Local goles -0.5,TEAM_TOTAL_HOME UNDER.0.5,TEAM_TOTAL_HOME:UNDER_0_5,9.7%,0.097200,,,,,,,Sin cuota/EV,No encontrado en Betano,Baja,torneo actual,usa Poisson base con estadisticas de goles del torneo,un gol temprano o baja eficacia puede cambiar la lectura del mercado,
2026-07-28,13:00,PSV Eindhoven vs FC Eindhoven,,,Goles -1.5,TOTALS UNDER.1.5,TOTALS:UNDER_1_5,7.3%,0.072900,,,,,,,Sin cuota/EV,No encontrado en Betano,Baja,torneo actual,usa Poisson base con estadisticas de goles del torneo,un gol temprano o baja eficacia puede cambiar la lectura del mercado,
2026-07-28,13:30,Aston Villa vs Real Sociedad,,,Visita goles -2.5,TEAM_TOTAL_AWAY UNDER.2.5,TEAM_TOTAL_AWAY:UNDER_2_5,88.7%,0.886700,,,,,,,Sin cuota/EV,No encontrado en Betano,Alta,torneo actual,usa Poisson base con estadisticas de goles del torneo,un gol temprano o baja eficacia puede cambiar la lectura del mercado,
2026-07-28,13:30,Aston Villa vs Real Sociedad,,,1T +0.5,FIRST_HALF_TOTALS OVER.0.5,FIRST_HALF_TOTALS:OVER_0_5,86.5%,0.864700,,,,,,,Sin cuota/EV,No encontrado en Betano,Alta,contexto premium torneo actual,usa promedios del contexto premium/API-Football,el primer tiempo puede tener ritmo bajo o rotaciones,
2026-07-28,13:30,Aston Villa vs Real Sociedad,,,Local goles +0.5,TEAM_TOTAL_HOME OVER.0.5,TEAM_TOTAL_HOME:OVER_0_5,83.5%,0.834600,,,,,,,Sin cuota/EV,No encontrado en Betano,Alta,torneo actual,usa Poisson base con estadisticas de goles del torneo,un gol temprano o baja eficacia puede cambiar la lectura del mercado,
2026-07-28,13:30,Aston Villa vs Real Sociedad,,,Goles +1.5,TOTALS OVER.1.5,TOTALS:OVER_1_5,79.6%,0.795700,,,,,,,Sin cuota/EV,No encontrado en Betano,Alta,torneo actual,usa Poisson base con estadisticas de goles del torneo,un gol temprano o baja eficacia puede cambiar la lectura del mercado,
2026-07-28,13:30,Aston Villa vs Real Sociedad,,,DOUBLE_CHANCE 12,DOUBLE_CHANCE 12,DOUBLE_CHANCE:12,76.8%,0.768500,,,,,,,Sin cuota/EV,No encontrado en Betano,Alta,torneo actual,usa Poisson base con estadisticas de goles del torneo,riesgo propio del resultado final y variacion del modelo,
2026-07-28,13:30,Aston Villa vs Real Sociedad,,,DOUBLE_CHANCE 1X,DOUBLE_CHANCE 1X,DOUBLE_CHANCE:1X,75.3%,0.753500,,,,,,,Sin cuota/EV,No encontrado en Betano,Alta,torneo actual,usa Poisson base con estadisticas de goles del torneo,riesgo propio del resultado final y variacion del modelo,
2026-07-28,13:30,Aston Villa vs Real Sociedad,,,Local goles -2.5,TEAM_TOTAL_HOME UNDER.2.5,TEAM_TOTAL_HOME:UNDER_2_5,73.1%,0.730700,,,,,,,Sin cuota/EV,No encontrado en Betano,Alta,torneo actual,usa Poisson base con estadisticas de goles del torneo,un gol temprano o baja eficacia puede cambiar la lectura del mercado,
2026-07-28,13:30,Aston Villa vs Real Sociedad,,,Visita goles +0.5,TEAM_TOTAL_AWAY OVER.0.5,TEAM_TOTAL_AWAY:OVER_0_5,68.8%,0.688500,,,,,,,Sin cuota/EV,No encontrado en Betano,Media,torneo actual,usa Poisson base con estadisticas de goles del torneo,un gol temprano o baja eficacia puede cambiar la lectura del mercado,
2026-07-28,13:30,Aston Villa vs Real Sociedad,,,DNB local,DRAW_NO_BET HOME,DRAW_NO_BET:HOME,67.9%,0.679300,,,,,,,Sin cuota/EV,No encontrado en Betano,Media,torneo actual,usa Poisson base con estadisticas de goles del torneo,riesgo propio del resultado final y variacion del modelo,
2026-07-28,13:30,Aston Villa vs Real Sociedad,,,Visita goles -1.5,TEAM_TOTAL_AWAY UNDER.1.5,TEAM_TOTAL_AWAY:UNDER_1_5,67.5%,0.674700,,,,,,,Sin cuota/EV,No encontrado en Betano,Media,torneo actual,usa Poisson base con estadisticas de goles del torneo,un gol temprano o baja eficacia puede cambiar la lectura del mercado,
2026-07-28,13:30,Aston Villa vs Real Sociedad,,,Goles -3.5,TOTALS UNDER.3.5,TOTALS:UNDER_3_5,65.5%,0.654800,,,,,,,Sin cuota/EV,No encontrado en Betano,Media,torneo actual,usa Poisson base con estadisticas de goles del torneo,un gol temprano o baja eficacia puede cambiar la lectura del mercado,
2026-07-28,13:30,Aston Villa vs Real Sociedad,,,1T +1.5,FIRST_HALF_TOTALS OVER.1.5,FIRST_HALF_TOTALS:OVER_1_5,59.4%,0.594100,,,,,,,Sin cuota/EV,No encontrado en Betano,Media,contexto premium torneo actual,usa promedios del contexto premium/API-Football,el primer tiempo puede tener ritmo bajo o rotaciones,
2026-07-28,13:30,Aston Villa vs Real Sociedad,,,BTTS sí,BTTS YES,BTTS:YES,57.5%,0.574700,,,,,,,Sin cuota/EV,No encontrado en Betano,Media,torneo actual,usa Poisson base con estadisticas de goles del torneo,un gol temprano o baja eficacia puede cambiar la lectura del mercado,
2026-07-28,13:30,Aston Villa vs Real Sociedad,,,Goles +2.5,TOTALS OVER.2.5,TOTALS:OVER_2_5,56.9%,0.569200,,,,,,,Sin cuota/EV,No encontrado en Betano,Media,torneo actual,usa Poisson base con estadisticas de goles del torneo,un gol temprano o baja eficacia puede cambiar la lectura del mercado,
2026-07-28,13:30,Aston Villa vs Real Sociedad,,,Local goles +1.5,TEAM_TOTAL_HOME OVER.1.5,TEAM_TOTAL_HOME:OVER_1_5,53.7%,0.537100,,,,,,,Sin cuota/EV,No encontrado en Betano,Baja,torneo actual,usa Poisson base con estadisticas de goles del torneo,un gol temprano o baja eficacia puede cambiar la lectura del mercado,
2026-07-28,13:30,Aston Villa vs Real Sociedad,,,Gana local,1X2 HOME,1X2:HOME,52.2%,0.522000,,,,,,,Sin cuota/EV,No encontrado en Betano,Baja,torneo actual,usa Poisson base con estadisticas de goles del torneo,riesgo propio del resultado final y variacion del modelo,
2026-07-28,13:30,Aston Villa vs Real Sociedad,,,DOUBLE_CHANCE X2,DOUBLE_CHANCE X2,DOUBLE_CHANCE:X2,47.8%,0.478000,,,,,,,Sin cuota/EV,No encontrado en Betano,Baja,torneo actual,usa Poisson base con estadisticas de goles del torneo,riesgo propio del resultado final y variacion del modelo,
2026-07-28,13:30,Aston Villa vs Real Sociedad,,,Local goles -1.5,TEAM_TOTAL_HOME UNDER.1.5,TEAM_TOTAL_HOME:UNDER_1_5,46.3%,0.462900,,,,,,,Sin cuota/EV,No encontrado en Betano,Baja,torneo actual,usa Poisson base con estadisticas de goles del torneo,un gol temprano o baja eficacia puede cambiar la lectura del mercado,
2026-07-28,13:30,Aston Villa vs Real Sociedad,,,Goles -2.5,TOTALS UNDER.2.5,TOTALS:UNDER_2_5,43.1%,0.430800,,,,,,,Sin cuota/EV,No encontrado en Betano,Baja,torneo actual,usa Poisson base con estadisticas de goles del torneo,un gol temprano o baja eficacia puede cambiar la lectura del mercado,
2026-07-28,13:30,Aston Villa vs Real Sociedad,,,BTTS no,BTTS NO,BTTS:NO,42.5%,0.425300,,,,,,,Sin cuota/EV,No encontrado en Betano,Baja,torneo actual,usa Poisson base con estadisticas de goles del torneo,un gol temprano o baja eficacia puede cambiar la lectura del mercado,
2026-07-28,13:30,Aston Villa vs Real Sociedad,,,1T -1.5,FIRST_HALF_TOTALS UNDER.1.5,FIRST_HALF_TOTALS:UNDER_1_5,40.6%,0.405900,,,,,,,Sin cuota/EV,No encontrado en Betano,Baja,contexto premium torneo actual,usa promedios del contexto premium/API-Football,el primer tiempo puede tener ritmo bajo o rotaciones,
2026-07-28,13:30,Aston Villa vs Real Sociedad,,,Goles +3.5,TOTALS OVER.3.5,TOTALS:OVER_3_5,34.5%,0.345200,,,,,,,Sin cuota/EV,No encontrado en Betano,Baja,torneo actual,usa Poisson base con estadisticas de goles del torneo,un gol temprano o baja eficacia puede cambiar la lectura del mercado,
2026-07-28,13:30,Aston Villa vs Real Sociedad,,,Visita goles +1.5,TEAM_TOTAL_AWAY OVER.1.5,TEAM_TOTAL_AWAY:OVER_1_5,32.5%,0.325300,,,,,,,Sin cuota/EV,No encontrado en Betano,Baja,torneo actual,usa Poisson base con estadisticas de goles del torneo,un gol temprano o baja eficacia puede cambiar la lectura del mercado,
2026-07-28,13:30,Aston Villa vs Real Sociedad,,,DNB visita,DRAW_NO_BET AWAY,DRAW_NO_BET:AWAY,32.1%,0.320700,,,,,,,Sin cuota/EV,No encontrado en Betano,Baja,torneo actual,usa Poisson base con estadisticas de goles del torneo,riesgo propio del resultado final y variacion del modelo,
2026-07-28,13:30,Aston Villa vs Real Sociedad,,,Visita goles -0.5,TEAM_TOTAL_AWAY UNDER.0.5,TEAM_TOTAL_AWAY:UNDER_0_5,31.1%,0.311500,,,,,,,Sin cuota/EV,No encontrado en Betano,Baja,torneo actual,usa Poisson base con estadisticas de goles del torneo,un gol temprano o baja eficacia puede cambiar la lectura del mercado,
2026-07-28,13:30,Aston Villa vs Real Sociedad,,,Local goles +2.5,TEAM_TOTAL_HOME OVER.2.5,TEAM_TOTAL_HOME:OVER_2_5,26.9%,0.269300,,,,,,,Sin cuota/EV,No encontrado en Betano,Baja,torneo actual,usa Poisson base con estadisticas de goles del torneo,un gol temprano o baja eficacia puede cambiar la lectura del mercado,
2026-07-28,13:30,Aston Villa vs Real Sociedad,,,Gana visita,1X2 AWAY,1X2:AWAY,24.6%,0.246500,,,,,,,Sin cuota/EV,No encontrado en Betano,Baja,torneo actual,usa Poisson base con estadisticas de goles del torneo,riesgo propio del resultado final y variacion del modelo,
2026-07-28,13:30,Aston Villa vs Real Sociedad,,,Empate,1X2 DRAW,1X2:DRAW,23.2%,0.231500,,,,,,,Sin cuota/EV,No encontrado en Betano,Baja,torneo actual,usa Poisson base con estadisticas de goles del torneo,riesgo propio del resultado final y variacion del modelo,
2026-07-28,13:30,Aston Villa vs Real Sociedad,,,Goles -1.5,TOTALS UNDER.1.5,TOTALS:UNDER_1_5,20.4%,0.204300,,,,,,,Sin cuota/EV,No encontrado en Betano,Baja,torneo actual,usa Poisson base con estadisticas de goles del torneo,un gol temprano o baja eficacia puede cambiar la lectura del mercado,
2026-07-28,13:30,Aston Villa vs Real Sociedad,,,Local goles -0.5,TEAM_TOTAL_HOME UNDER.0.5,TEAM_TOTAL_HOME:UNDER_0_5,16.5%,0.165400,,,,,,,Sin cuota/EV,No encontrado en Betano,Baja,torneo actual,usa Poisson base con estadisticas de goles del torneo,un gol temprano o baja eficacia puede cambiar la lectura del mercado,
2026-07-28,13:30,Aston Villa vs Real Sociedad,,,1T -0.5,FIRST_HALF_TOTALS UNDER.0.5,FIRST_HALF_TOTALS:UNDER_0_5,13.5%,0.135300,,,,,,,Sin cuota/EV,No encontrado en Betano,Baja,contexto premium torneo actual,usa promedios del contexto premium/API-Football,el primer tiempo puede tener ritmo bajo o rotaciones,
2026-07-28,13:30,Aston Villa vs Real Sociedad,,,Visita goles +2.5,TEAM_TOTAL_AWAY OVER.2.5,TEAM_TOTAL_AWAY:OVER_2_5,11.3%,0.113300,,,,,,,Sin cuota/EV,No encontrado en Betano,Baja,torneo actual,usa Poisson base con estadisticas de goles del torneo,un gol temprano o baja eficacia puede cambiar la lectura del mercado,
2026-07-28,13:45,Bromley vs Millwall,,,Local goles -2.5,TEAM_TOTAL_HOME UNDER.2.5,TEAM_TOTAL_HOME:UNDER_2_5,83.5%,0.834700,,,,,,,Sin cuota/EV,No encontrado en Betano,Alta,torneo actual,usa Poisson base con estadisticas de goles del torneo,un gol temprano o baja eficacia puede cambiar la lectura del mercado,
2026-07-28,13:45,Bromley vs Millwall,,,Visita goles +0.5,TEAM_TOTAL_AWAY OVER.0.5,TEAM_TOTAL_AWAY:OVER_0_5,81.9%,0.818700,,,,,,,Sin cuota/EV,No encontrado en Betano,Alta,torneo actual,usa Poisson base con estadisticas de goles del torneo,un gol temprano o baja eficacia puede cambiar la lectura del mercado,
2026-07-28,13:45,Bromley vs Millwall,,,Goles +1.5,TOTALS OVER.1.5,TOTALS:OVER_1_5,81.6%,0.815700,,,,,,,Sin cuota/EV,No encontrado en Betano,Alta,torneo actual,usa Poisson base con estadisticas de goles del torneo,un gol temprano o baja eficacia puede cambiar la lectura del mercado,
2026-07-28,13:45,Bromley vs Millwall,,,1T -1.5,FIRST_HALF_TOTALS UNDER.1.5,FIRST_HALF_TOTALS:UNDER_1_5,78.2%,0.781600,,,,,,,Sin cuota/EV,No encontrado en Betano,Alta,contexto premium torneo actual,usa promedios del contexto premium/API-Football,el primer tiempo puede tener ritmo bajo o rotaciones,
2026-07-28,13:45,Bromley vs Millwall,,,DOUBLE_CHANCE 12,DOUBLE_CHANCE 12,DOUBLE_CHANCE:12,76.5%,0.764700,,,,,,,Sin cuota/EV,No encontrado en Betano,Alta,torneo actual,usa Poisson base con estadisticas de goles del torneo,riesgo propio del resultado final y variacion del modelo,
2026-07-28,13:45,Bromley vs Millwall,,,Visita goles -2.5,TEAM_TOTAL_AWAY UNDER.2.5,TEAM_TOTAL_AWAY:UNDER_2_5,75.5%,0.755100,,,,,,,Sin cuota/EV,No encontrado en Betano,Alta,torneo actual,usa Poisson base con estadisticas de goles del torneo,un gol temprano o baja eficacia puede cambiar la lectura del mercado,
2026-07-28,13:45,Bromley vs Millwall,,,Local goles +0.5,TEAM_TOTAL_HOME OVER.0.5,TEAM_TOTAL_HOME:OVER_0_5,75.2%,0.752100,,,,,,,Sin cuota/EV,No encontrado en Betano,Alta,torneo actual,usa Poisson base con estadisticas de goles del torneo,un gol temprano o baja eficacia puede cambiar la lectura del mercado,
2026-07-28,13:45,Bromley vs Millwall,,,DOUBLE_CHANCE X2,DOUBLE_CHANCE X2,DOUBLE_CHANCE:X2,68.5%,0.685300,,,,,,,Sin cuota/EV,No encontrado en Betano,Media,torneo actual,usa Poisson base con estadisticas de goles del torneo,riesgo propio del resultado final y variacion del modelo,
2026-07-28,13:45,Bromley vs Millwall,,,Goles -3.5,TOTALS UNDER.3.5,TOTALS:UNDER_3_5,62.4%,0.624200,,,,,,,Sin cuota/EV,No encontrado en Betano,Media,torneo actual,usa Poisson base con estadisticas de goles del torneo,un gol temprano o baja eficacia puede cambiar la lectura del mercado,
2026-07-28,13:45,Bromley vs Millwall,,,BTTS sí,BTTS YES,BTTS:YES,61.6%,0.615800,,,,,,,Sin cuota/EV,No encontrado en Betano,Media,torneo actual,usa Poisson base con estadisticas de goles del torneo,un gol temprano o baja eficacia puede cambiar la lectura del mercado,
2026-07-28,13:45,Bromley vs Millwall,,,Goles +2.5,TOTALS OVER.2.5,TOTALS:OVER_2_5,60.0%,0.599500,,,,,,,Sin cuota/EV,No encontrado en Betano,Media,torneo actual,usa Poisson base con estadisticas de goles del torneo,un gol temprano o baja eficacia puede cambiar la lectura del mercado,
2026-07-28,13:45,Bromley vs Millwall,,,Local goles -1.5,TEAM_TOTAL_HOME UNDER.1.5,TEAM_TOTAL_HOME:UNDER_1_5,59.4%,0.593600,,,,,,,Sin cuota/EV,No encontrado en Betano,Media,torneo actual,usa Poisson base con estadisticas de goles del torneo,un gol temprano o baja eficacia puede cambiar la lectura del mercado,
2026-07-28,13:45,Bromley vs Millwall,,,DNB visita,DRAW_NO_BET AWAY,DRAW_NO_BET:AWAY,58.8%,0.588400,,,,,,,Sin cuota/EV,No encontrado en Betano,Media,torneo actual,usa Poisson base con estadisticas de goles del torneo,riesgo propio del resultado final y variacion del modelo,
2026-07-28,13:45,Bromley vs Millwall,,,1T +0.5,FIRST_HALF_TOTALS OVER.0.5,FIRST_HALF_TOTALS:OVER_0_5,58.3%,0.583100,,,,,,,Sin cuota/EV,No encontrado en Betano,Media,contexto premium torneo actual,usa promedios del contexto premium/API-Football,el primer tiempo puede tener ritmo bajo o rotaciones,
2026-07-28,13:45,Bromley vs Millwall,,,DOUBLE_CHANCE 1X,DOUBLE_CHANCE 1X,DOUBLE_CHANCE:1X,55.0%,0.550100,,,,,,,Sin cuota/EV,No encontrado en Betano,Media,torneo actual,usa Poisson base con estadisticas de goles del torneo,riesgo propio del resultado final y variacion del modelo,
2026-07-28,13:45,Bromley vs Millwall,,,Visita goles +1.5,TEAM_TOTAL_AWAY OVER.1.5,TEAM_TOTAL_AWAY:OVER_1_5,50.9%,0.509300,,,,,,,Sin cuota/EV,No encontrado en Betano,Baja,torneo actual,usa Poisson base con estadisticas de goles del torneo,un gol temprano o baja eficacia puede cambiar la lectura del mercado,
2026-07-28,13:45,Bromley vs Millwall,,,Visita goles -1.5,TEAM_TOTAL_AWAY UNDER.1.5,TEAM_TOTAL_AWAY:UNDER_1_5,49.1%,0.490700,,,,,,,Sin cuota/EV,No encontrado en Betano,Baja,torneo actual,usa Poisson base con estadisticas de goles del torneo,un gol temprano o baja eficacia puede cambiar la lectura del mercado,
2026-07-28,13:45,Bromley vs Millwall,,,Gana visita,1X2 AWAY,1X2:AWAY,45.0%,0.449900,,,,,,,Sin cuota/EV,No encontrado en Betano,Baja,torneo actual,usa Poisson base con estadisticas de goles del torneo,riesgo propio del resultado final y variacion del modelo,
2026-07-28,13:45,Bromley vs Millwall,,,1T -0.5,FIRST_HALF_TOTALS UNDER.0.5,FIRST_HALF_TOTALS:UNDER_0_5,41.7%,0.416900,,,,,,,Sin cuota/EV,No encontrado en Betano,Baja,contexto premium torneo actual,usa promedios del contexto premium/API-Football,el primer tiempo puede tener ritmo bajo o rotaciones,
2026-07-28,13:45,Bromley vs Millwall,,,DNB local,DRAW_NO_BET HOME,DRAW_NO_BET:HOME,41.2%,0.411600,,,,,,,Sin cuota/EV,No encontrado en Betano,Baja,torneo actual,usa Poisson base con estadisticas de goles del torneo,riesgo propio del resultado final y variacion del modelo,
2026-07-28,13:45,Bromley vs Millwall,,,Local goles +1.5,TEAM_TOTAL_HOME OVER.1.5,TEAM_TOTAL_HOME:OVER_1_5,40.6%,0.406400,,,,,,,Sin cuota/EV,No encontrado en Betano,Baja,torneo actual,usa Poisson base con estadisticas de goles del torneo,un gol temprano o baja eficacia puede cambiar la lectura del mercado,
2026-07-28,13:45,Bromley vs Millwall,,,Goles -2.5,TOTALS UNDER.2.5,TOTALS:UNDER_2_5,40.1%,0.400500,,,,,,,Sin cuota/EV,No encontrado en Betano,Baja,torneo actual,usa Poisson base con estadisticas de goles del torneo,un gol temprano o baja eficacia puede cambiar la lectura del mercado,
2026-07-28,13:45,Bromley vs Millwall,,,BTTS no,BTTS NO,BTTS:NO,38.4%,0.384200,,,,,,,Sin cuota/EV,No encontrado en Betano,Baja,torneo actual,usa Poisson base con estadisticas de goles del torneo,un gol temprano o baja eficacia puede cambiar la lectura del mercado,
2026-07-28,13:45,Bromley vs Millwall,,,Goles +3.5,TOTALS OVER.3.5,TOTALS:OVER_3_5,37.6%,0.375800,,,,,,,Sin cuota/EV,No encontrado en Betano,Baja,torneo actual,usa Poisson base con estadisticas de goles del torneo,un gol temprano o baja eficacia puede cambiar la lectura del mercado,
2026-07-28,13:45,Bromley vs Millwall,,,Gana local,1X2 HOME,1X2:HOME,31.5%,0.314700,,,,,,,Sin cuota/EV,No encontrado en Betano,Baja,torneo actual,usa Poisson base con estadisticas de goles del torneo,riesgo propio del resultado final y variacion del modelo,
2026-07-28,13:45,Bromley vs Millwall,,,Local goles -0.5,TEAM_TOTAL_HOME UNDER.0.5,TEAM_TOTAL_HOME:UNDER_0_5,24.8%,0.247900,,,,,,,Sin cuota/EV,No encontrado en Betano,Baja,torneo actual,usa Poisson base con estadisticas de goles del torneo,un gol temprano o baja eficacia puede cambiar la lectura del mercado,
2026-07-28,13:45,Bromley vs Millwall,,,Visita goles +2.5,TEAM_TOTAL_AWAY OVER.2.5,TEAM_TOTAL_AWAY:OVER_2_5,24.5%,0.244900,,,,,,,Sin cuota/EV,No encontrado en Betano,Baja,torneo actual,usa Poisson base con estadisticas de goles del torneo,un gol temprano o baja eficacia puede cambiar la lectura del mercado,
2026-07-28,13:45,Bromley vs Millwall,,,Empate,1X2 DRAW,1X2:DRAW,23.5%,0.235300,,,,,,,Sin cuota/EV,No encontrado en Betano,Baja,torneo actual,usa Poisson base con estadisticas de goles del torneo,riesgo propio del resultado final y variacion del modelo,
2026-07-28,13:45,Bromley vs Millwall,,,1T +1.5,FIRST_HALF_TOTALS OVER.1.5,FIRST_HALF_TOTALS:OVER_1_5,21.8%,0.218400,,,,,,,Sin cuota/EV,No encontrado en Betano,Baja,contexto premium torneo actual,usa promedios del contexto premium/API-Football,el primer tiempo puede tener ritmo bajo o rotaciones,
2026-07-28,13:45,Bromley vs Millwall,,,Goles -1.5,TOTALS UNDER.1.5,TOTALS:UNDER_1_5,18.4%,0.184300,,,,,,,Sin cuota/EV,No encontrado en Betano,Baja,torneo actual,usa Poisson base con estadisticas de goles del torneo,un gol temprano o baja eficacia puede cambiar la lectura del mercado,
2026-07-28,13:45,Bromley vs Millwall,,,Visita goles -0.5,TEAM_TOTAL_AWAY UNDER.0.5,TEAM_TOTAL_AWAY:UNDER_0_5,18.1%,0.181300,,,,,,,Sin cuota/EV,No encontrado en Betano,Baja,torneo actual,usa Poisson base con estadisticas de goles del torneo,un gol temprano o baja eficacia puede cambiar la lectura del mercado,
2026-07-28,13:45,Bromley vs Millwall,,,Local goles +2.5,TEAM_TOTAL_HOME OVER.2.5,TEAM_TOTAL_HOME:OVER_2_5,16.5%,0.165300,,,,,,,Sin cuota/EV,No encontrado en Betano,Baja,torneo actual,usa Poisson base con estadisticas de goles del torneo,un gol temprano o baja eficacia puede cambiar la lectura del mercado,
2026-07-28,13:45,Colchester vs Charlton,,,Visita goles -2.5,TEAM_TOTAL_AWAY UNDER.2.5,TEAM_TOTAL_AWAY:UNDER_2_5,94.1%,0.941200,,,,,,,Sin cuota/EV,No encontrado en Betano,Alta,torneo actual,usa Poisson base con estadisticas de goles del torneo,un gol temprano o baja eficacia puede cambiar la lectura del mercado,
2026-07-28,13:45,Colchester vs Charlton,,,Local goles +0.5,TEAM_TOTAL_HOME OVER.0.5,TEAM_TOTAL_HOME:OVER_0_5,83.6%,0.836100,,,,,,,Sin cuota/EV,No encontrado en Betano,Alta,torneo actual,usa Poisson base con estadisticas de goles del torneo,un gol temprano o baja eficacia puede cambiar la lectura del mercado,
2026-07-28,13:45,Colchester vs Charlton,,,DOUBLE_CHANCE 1X,DOUBLE_CHANCE 1X,DOUBLE_CHANCE:1X,82.2%,0.821800,,,,,,,Sin cuota/EV,No encontrado en Betano,Alta,torneo actual,usa Poisson base con estadisticas de goles del torneo,riesgo propio del resultado final y variacion del modelo,
2026-07-28,13:45,Colchester vs Charlton,,,Visita goles -1.5,TEAM_TOTAL_AWAY UNDER.1.5,TEAM_TOTAL_AWAY:UNDER_1_5,78.2%,0.781600,,,,,,,Sin cuota/EV,No encontrado en Betano,Alta,torneo actual,usa Poisson base con estadisticas de goles del torneo,un gol temprano o baja eficacia puede cambiar la lectura del mercado,
2026-07-28,13:45,Colchester vs Charlton,,,DOUBLE_CHANCE 12,DOUBLE_CHANCE 12,DOUBLE_CHANCE:12,77.2%,0.772500,,,,,,,Sin cuota/EV,No encontrado en Betano,Alta,torneo actual,usa Poisson base con estadisticas de goles del torneo,riesgo propio del resultado final y variacion del modelo,
2026-07-28,13:45,Colchester vs Charlton,,,DNB local,DRAW_NO_BET HOME,DRAW_NO_BET:HOME,76.9%,0.769400,,,,,,,Sin cuota/EV,No encontrado en Betano,Alta,torneo actual,usa Poisson base con estadisticas de goles del torneo,riesgo propio del resultado final y variacion del modelo,
2026-07-28,13:45,Colchester vs Charlton,,,Goles +1.5,TOTALS OVER.1.5,TOTALS:OVER_1_5,74.8%,0.748300,,,,,,,Sin cuota/EV,No encontrado en Betano,Alta,torneo actual,usa Poisson base con estadisticas de goles del torneo,un gol temprano o baja eficacia puede cambiar la lectura del mercado,
2026-07-28,13:45,Colchester vs Charlton,,,Local goles -2.5,TEAM_TOTAL_HOME UNDER.2.5,TEAM_TOTAL_HOME:UNDER_2_5,72.8%,0.728300,,,,,,,Sin cuota/EV,No encontrado en Betano,Alta,torneo actual,usa Poisson base con estadisticas de goles del torneo,un gol temprano o baja eficacia puede cambiar la lectura del mercado,
2026-07-28,13:45,Colchester vs Charlton,,,Goles -3.5,TOTALS UNDER.3.5,TOTALS:UNDER_3_5,71.8%,0.717700,,,,,,,Sin cuota/EV,No encontrado en Betano,Alta,torneo actual,usa Poisson base con estadisticas de goles del torneo,un gol temprano o baja eficacia puede cambiar la lectura del mercado,
2026-07-28,13:45,Colchester vs Charlton,,,1T -1.5,FIRST_HALF_TOTALS UNDER.1.5,FIRST_HALF_TOTALS:UNDER_1_5,69.0%,0.689900,,,,,,,Sin cuota/EV,No encontrado en Betano,Media,contexto premium torneo actual,usa promedios del contexto premium/API-Football,el primer tiempo puede tener ritmo bajo o rotaciones,
2026-07-28,13:45,Colchester vs Charlton,,,1T +0.5,FIRST_HALF_TOTALS OVER.0.5,FIRST_HALF_TOTALS:OVER_0_5,67.5%,0.675300,,,,,,,Sin cuota/EV,No encontrado en Betano,Media,contexto premium torneo actual,usa promedios del contexto premium/API-Football,el primer tiempo puede tener ritmo bajo o rotaciones,
2026-07-28,13:45,Colchester vs Charlton,,,Gana local,1X2 HOME,1X2:HOME,59.4%,0.594300,,,,,,,Sin cuota/EV,No encontrado en Betano,Media,torneo actual,usa Poisson base con estadisticas de goles del torneo,riesgo propio del resultado final y variacion del modelo,
2026-07-28,13:45,Colchester vs Charlton,,,Visita goles +0.5,TEAM_TOTAL_AWAY OVER.0.5,TEAM_TOTAL_AWAY:OVER_0_5,58.3%,0.583100,,,,,,,Sin cuota/EV,No encontrado en Betano,Media,torneo actual,usa Poisson base con estadisticas de goles del torneo,un gol temprano o baja eficacia puede cambiar la lectura del mercado,
2026-07-28,13:45,Colchester vs Charlton,,,Local goles +1.5,TEAM_TOTAL_HOME OVER.1.5,TEAM_TOTAL_HOME:OVER_1_5,54.0%,0.539700,,,,,,,Sin cuota/EV,No encontrado en Betano,Baja,torneo actual,usa Poisson base con estadisticas de goles del torneo,un gol temprano o baja eficacia puede cambiar la lectura del mercado,
2026-07-28,13:45,Colchester vs Charlton,,,BTTS no,BTTS NO,BTTS:NO,51.2%,0.512500,,,,,,,Sin cuota/EV,No encontrado en Betano,Baja,torneo actual,usa Poisson base con estadisticas de goles del torneo,un gol temprano o baja eficacia puede cambiar la lectura del mercado,
2026-07-28,13:45,Colchester vs Charlton,,,Goles +2.5,TOTALS OVER.2.5,TOTALS:OVER_2_5,50.2%,0.502300,,,,,,,Sin cuota/EV,No encontrado en Betano,Baja,torneo actual,usa Poisson base con estadisticas de goles del torneo,un gol temprano o baja eficacia puede cambiar la lectura del mercado,
2026-07-28,13:45,Colchester vs Charlton,,,Goles -2.5,TOTALS UNDER.2.5,TOTALS:UNDER_2_5,49.8%,0.497700,,,,,,,Sin cuota/EV,No encontrado en Betano,Baja,torneo actual,usa Poisson base con estadisticas de goles del torneo,un gol temprano o baja eficacia puede cambiar la lectura del mercado,
2026-07-28,13:45,Colchester vs Charlton,,,BTTS sí,BTTS YES,BTTS:YES,48.8%,0.487500,,,,,,,Sin cuota/EV,No encontrado en Betano,Baja,torneo actual,usa Poisson base con estadisticas de goles del torneo,un gol temprano o baja eficacia puede cambiar la lectura del mercado,
2026-07-28,13:45,Colchester vs Charlton,,,Local goles -1.5,TEAM_TOTAL_HOME UNDER.1.5,TEAM_TOTAL_HOME:UNDER_1_5,46.0%,0.460300,,,,,,,Sin cuota/EV,No encontrado en Betano,Baja,torneo actual,usa Poisson base con estadisticas de goles del torneo,un gol temprano o baja eficacia puede cambiar la lectura del mercado,
2026-07-28,13:45,Colchester vs Charlton,,,Visita goles -0.5,TEAM_TOTAL_AWAY UNDER.0.5,TEAM_TOTAL_AWAY:UNDER_0_5,41.7%,0.416900,,,,,,,Sin cuota/EV,No encontrado en Betano,Baja,torneo actual,usa Poisson base con estadisticas de goles del torneo,un gol temprano o baja eficacia puede cambiar la lectura del mercado,
2026-07-28,13:45,Colchester vs Charlton,,,DOUBLE_CHANCE X2,DOUBLE_CHANCE X2,DOUBLE_CHANCE:X2,40.6%,0.405700,,,,,,,Sin cuota/EV,No encontrado en Betano,Baja,torneo actual,usa Poisson base con estadisticas de goles del torneo,riesgo propio del resultado final y variacion del modelo,
2026-07-28,13:45,Colchester vs Charlton,,,1T -0.5,FIRST_HALF_TOTALS UNDER.0.5,FIRST_HALF_TOTALS:UNDER_0_5,32.5%,0.324700,,,,,,,Sin cuota/EV,No encontrado en Betano,Baja,contexto premium torneo actual,usa promedios del contexto premium/API-Football,el primer tiempo puede tener ritmo bajo o rotaciones,
2026-07-28,13:45,Colchester vs Charlton,,,1T +1.5,FIRST_HALF_TOTALS OVER.1.5,FIRST_HALF_TOTALS:OVER_1_5,31.0%,0.310100,,,,,,,Sin cuota/EV,No encontrado en Betano,Baja,contexto premium torneo actual,usa promedios del contexto premium/API-Football,el primer tiempo puede tener ritmo bajo o rotaciones,
2026-07-28,13:45,Colchester vs Charlton,,,Goles +3.5,TOTALS OVER.3.5,TOTALS:OVER_3_5,28.2%,0.282300,,,,,,,Sin cuota/EV,No encontrado en Betano,Baja,torneo actual,usa Poisson base con estadisticas de goles del torneo,un gol temprano o baja eficacia puede cambiar la lectura del mercado,
2026-07-28,13:45,Colchester vs Charlton,,,Local goles +2.5,TEAM_TOTAL_HOME OVER.2.5,TEAM_TOTAL_HOME:OVER_2_5,27.2%,0.271700,,,,,,,Sin cuota/EV,No encontrado en Betano,Baja,torneo actual,usa Poisson base con estadisticas de goles del torneo,un gol temprano o baja eficacia puede cambiar la lectura del mercado,
2026-07-28,13:45,Colchester vs Charlton,,,Goles -1.5,TOTALS UNDER.1.5,TOTALS:UNDER_1_5,25.2%,0.251700,,,,,,,Sin cuota/EV,No encontrado en Betano,Baja,torneo actual,usa Poisson base con estadisticas de goles del torneo,un gol temprano o baja eficacia puede cambiar la lectura del mercado,
2026-07-28,13:45,Colchester vs Charlton,,,DNB visita,DRAW_NO_BET AWAY,DRAW_NO_BET:AWAY,23.1%,0.230600,,,,,,,Sin cuota/EV,No encontrado en Betano,Baja,torneo actual,usa Poisson base con estadisticas de goles del torneo,riesgo propio del resultado final y variacion del modelo,
2026-07-28,13:45,Colchester vs Charlton,,,Empate,1X2 DRAW,1X2:DRAW,22.8%,0.227500,,,,,,,Sin cuota/EV,No encontrado en Betano,Baja,torneo actual,usa Poisson base con estadisticas de goles del torneo,riesgo propio del resultado final y variacion del modelo,
2026-07-28,13:45,Colchester vs Charlton,,,Visita goles +1.5,TEAM_TOTAL_AWAY OVER.1.5,TEAM_TOTAL_AWAY:OVER_1_5,21.8%,0.218400,,,,,,,Sin cuota/EV,No encontrado en Betano,Baja,torneo actual,usa Poisson base con estadisticas de goles del torneo,un gol temprano o baja eficacia puede cambiar la lectura del mercado,
2026-07-28,13:45,Colchester vs Charlton,,,Gana visita,1X2 AWAY,1X2:AWAY,17.8%,0.178200,,,,,,,Sin cuota/EV,No encontrado en Betano,Baja,torneo actual,usa Poisson base con estadisticas de goles del torneo,riesgo propio del resultado final y variacion del modelo,
2026-07-28,13:45,Colchester vs Charlton,,,Local goles -0.5,TEAM_TOTAL_HOME UNDER.0.5,TEAM_TOTAL_HOME:UNDER_0_5,16.4%,0.163900,,,,,,,Sin cuota/EV,No encontrado en Betano,Baja,torneo actual,usa Poisson base con estadisticas de goles del torneo,un gol temprano o baja eficacia puede cambiar la lectura del mercado,
2026-07-28,13:45,Colchester vs Charlton,,,Visita goles +2.5,TEAM_TOTAL_AWAY OVER.2.5,TEAM_TOTAL_AWAY:OVER_2_5,5.9%,0.058800,,,,,,,Sin cuota/EV,No encontrado en Betano,Baja,torneo actual,usa Poisson base con estadisticas de goles del torneo,un gol temprano o baja eficacia puede cambiar la lectura del mercado,
