fecha,hora,partido,bookmaker_api,bookmaker_betano,pick,market_original,key,probabilidad,prob_num,cuota_justa,cuota_api,ev_api,ev_api_num,dif_api_vs_justa,ratio_api_vs_justa,cuota_betano,ev_betano,ev_betano_num,dif_betano_vs_justa,ratio_betano_vs_justa,estado_api,estado_betano,perfil_pick,prioridad_mercado,score,score_num,alerta_valor,cobertura_betano,confianza,fuente,razon,riesgo,betano_url,modelo_base,fuente_local,partidos_local,goles_favor_local,goles_contra_local,ultimos_local,fuente_visita,partidos_visita,goles_favor_visita,goles_contra_visita,ultimos_visita
2026-10-07,17:30,Internacional vs Corinthians,,,Local tarjetas +0.5,CARDS_HOME OVER.0.5,CARDS_HOME:OVER_0_5,96.7%,0.966600,1.03,,,,,,,,,,,Sin cuota/EV,No encontrado en Betano,Solo modelo,2,99.66,99.663000,,Betano mapeado,Alta,contexto premium torneo actual,usa promedios del contexto premium/API-Football,depende mucho del arbitro y del contexto competitivo,https://www.betano.pe/cuotas-de-partido/internacional-rs-corinthians-sp/92517456/,torneo actual,torneo actual,28,30.0,36.0,2026-09-19 · Serie A · Sao Paulo 1-0 Internacional (P); 2026-09-12 · Serie A · Chapecoense-sc 1-2 Internacional (G); 2026-09-06 · Serie A · Internacional 2-3 Santos (P); 2026-08-30 · Serie A · Bahia 3-2 Internacional (P); 2026-08-22 · Serie A · Internacional 0-0 Atletico-MG (E),torneo actual,28,29.0,32.0,2026-09-20 · Serie A · Corinthians 1-3 Fluminense (P); 2026-09-13 · Serie A · Flamengo 2-1 Corinthians (P); 2026-09-06 · Serie A · Corinthians 1-2 Chapecoense-sc (P); 2026-08-30 · Serie A · Corinthians 0-1 Santos (P); 2026-08-23 · Serie A · Coritiba 2-1 Corinthians (P)
2026-10-07,17:30,Internacional vs Corinthians,,,SHOTS_TOTAL OVER.18.5,SHOTS_TOTAL OVER.18.5,SHOTS_TOTAL:OVER_18_5,92.8%,0.928000,1.08,,,,,,,,,,,Sin cuota/EV,No encontrado en Betano,Solo modelo,2,95.80,95.798000,,Betano mapeado,Alta,contexto premium torneo actual,usa promedios del contexto premium/API-Football,el volumen ofensivo puede variar por planteamiento y marcador temprano,https://www.betano.pe/cuotas-de-partido/internacional-rs-corinthians-sp/92517456/,torneo actual,torneo actual,28,30.0,36.0,2026-09-19 · Serie A · Sao Paulo 1-0 Internacional (P); 2026-09-12 · Serie A · Chapecoense-sc 1-2 Internacional (G); 2026-09-06 · Serie A · Internacional 2-3 Santos (P); 2026-08-30 · Serie A · Bahia 3-2 Internacional (P); 2026-08-22 · Serie A · Internacional 0-0 Atletico-MG (E),torneo actual,28,29.0,32.0,2026-09-20 · Serie A · Corinthians 1-3 Fluminense (P); 2026-09-13 · Serie A · Flamengo 2-1 Corinthians (P); 2026-09-06 · Serie A · Corinthians 1-2 Chapecoense-sc (P); 2026-08-30 · Serie A · Corinthians 0-1 Santos (P); 2026-08-23 · Serie A · Coritiba 2-1 Corinthians (P)
2026-10-07,17:30,Internacional vs Corinthians,,,Tarjetas total +2.5,CARDS_TOTALS OVER.2.5,CARDS_TOTALS:OVER_2_5,91.8%,0.917600,1.09,,,,,,,,,,,Sin cuota/EV,No encontrado en Betano,Solo modelo,3,99.76,99.761000,,Betano mapeado,Alta,contexto premium torneo actual,usa promedios del contexto premium/API-Football,depende mucho del arbitro y del contexto competitivo,https://www.betano.pe/cuotas-de-partido/internacional-rs-corinthians-sp/92517456/,torneo actual,torneo actual,28,30.0,36.0,2026-09-19 · Serie A · Sao Paulo 1-0 Internacional (P); 2026-09-12 · Serie A · Chapecoense-sc 1-2 Internacional (G); 2026-09-06 · Serie A · Internacional 2-3 Santos (P); 2026-08-30 · Serie A · Bahia 3-2 Internacional (P); 2026-08-22 · Serie A · Internacional 0-0 Atletico-MG (E),torneo actual,28,29.0,32.0,2026-09-20 · Serie A · Corinthians 1-3 Fluminense (P); 2026-09-13 · Serie A · Flamengo 2-1 Corinthians (P); 2026-09-06 · Serie A · Corinthians 1-2 Chapecoense-sc (P); 2026-08-30 · Serie A · Corinthians 0-1 Santos (P); 2026-08-23 · Serie A · Coritiba 2-1 Corinthians (P)
2026-10-07,17:30,Internacional vs Corinthians,,,Visita tarjetas +0.5,CARDS_AWAY OVER.0.5,CARDS_AWAY:OVER_0_5,88.9%,0.889200,1.12,,,,,,,,,,,Sin cuota/EV,No encontrado en Betano,Solo modelo,2,91.92,91.920000,,Betano mapeado,Alta,contexto premium torneo actual,usa promedios del contexto premium/API-Football,depende mucho del arbitro y del contexto competitivo,https://www.betano.pe/cuotas-de-partido/internacional-rs-corinthians-sp/92517456/,torneo actual,torneo actual,28,30.0,36.0,2026-09-19 · Serie A · Sao Paulo 1-0 Internacional (P); 2026-09-12 · Serie A · Chapecoense-sc 1-2 Internacional (G); 2026-09-06 · Serie A · Internacional 2-3 Santos (P); 2026-08-30 · Serie A · Bahia 3-2 Internacional (P); 2026-08-22 · Serie A · Internacional 0-0 Atletico-MG (E),torneo actual,28,29.0,32.0,2026-09-20 · Serie A · Corinthians 1-3 Fluminense (P); 2026-09-13 · Serie A · Flamengo 2-1 Corinthians (P); 2026-09-06 · Serie A · Corinthians 1-2 Chapecoense-sc (P); 2026-08-30 · Serie A · Corinthians 0-1 Santos (P); 2026-08-23 · Serie A · Coritiba 2-1 Corinthians (P)
2026-10-07,17:30,Internacional vs Corinthians,,,Visita goles -2.5,TEAM_TOTAL_AWAY UNDER.2.5,TEAM_TOTAL_AWAY:UNDER_2_5,88.8%,0.887900,1.13,,,,,,,,,,,Sin cuota/EV,No encontrado en Betano,Solo modelo,4,104.79,104.790000,,Betano mapeado,Alta,torneo actual,usa Poisson base con estadisticas de goles del torneo,un gol temprano o baja eficacia puede cambiar la lectura del mercado,https://www.betano.pe/cuotas-de-partido/internacional-rs-corinthians-sp/92517456/,torneo actual,torneo actual,28,30.0,36.0,2026-09-19 · Serie A · Sao Paulo 1-0 Internacional (P); 2026-09-12 · Serie A · Chapecoense-sc 1-2 Internacional (G); 2026-09-06 · Serie A · Internacional 2-3 Santos (P); 2026-08-30 · Serie A · Bahia 3-2 Internacional (P); 2026-08-22 · Serie A · Internacional 0-0 Atletico-MG (E),torneo actual,28,29.0,32.0,2026-09-20 · Serie A · Corinthians 1-3 Fluminense (P); 2026-09-13 · Serie A · Flamengo 2-1 Corinthians (P); 2026-09-06 · Serie A · Corinthians 1-2 Chapecoense-sc (P); 2026-08-30 · Serie A · Corinthians 0-1 Santos (P); 2026-08-23 · Serie A · Coritiba 2-1 Corinthians (P)
2026-10-07,17:30,Internacional vs Corinthians,,,Local goles -2.5,TEAM_TOTAL_HOME UNDER.2.5,TEAM_TOTAL_HOME:UNDER_2_5,88.0%,0.880400,1.14,,,,,,,,,,,Sin cuota/EV,No encontrado en Betano,Solo modelo,4,104.04,104.042000,,Betano mapeado,Alta,torneo actual,usa Poisson base con estadisticas de goles del torneo,un gol temprano o baja eficacia puede cambiar la lectura del mercado,https://www.betano.pe/cuotas-de-partido/internacional-rs-corinthians-sp/92517456/,torneo actual,torneo actual,28,30.0,36.0,2026-09-19 · Serie A · Sao Paulo 1-0 Internacional (P); 2026-09-12 · Serie A · Chapecoense-sc 1-2 Internacional (G); 2026-09-06 · Serie A · Internacional 2-3 Santos (P); 2026-08-30 · Serie A · Bahia 3-2 Internacional (P); 2026-08-22 · Serie A · Internacional 0-0 Atletico-MG (E),torneo actual,28,29.0,32.0,2026-09-20 · Serie A · Corinthians 1-3 Fluminense (P); 2026-09-13 · Serie A · Flamengo 2-1 Corinthians (P); 2026-09-06 · Serie A · Corinthians 1-2 Chapecoense-sc (P); 2026-08-30 · Serie A · Corinthians 0-1 Santos (P); 2026-08-23 · Serie A · Coritiba 2-1 Corinthians (P)
2026-10-07,17:30,Internacional vs Corinthians,,,Local tarjetas +1.5,CARDS_HOME OVER.1.5,CARDS_HOME:OVER_1_5,85.3%,0.853200,1.17,,,,,,,,,,,Sin cuota/EV,No encontrado en Betano,Solo modelo,2,88.32,88.316000,,Betano mapeado,Alta,contexto premium torneo actual,usa promedios del contexto premium/API-Football,depende mucho del arbitro y del contexto competitivo,https://www.betano.pe/cuotas-de-partido/internacional-rs-corinthians-sp/92517456/,torneo actual,torneo actual,28,30.0,36.0,2026-09-19 · Serie A · Sao Paulo 1-0 Internacional (P); 2026-09-12 · Serie A · Chapecoense-sc 1-2 Internacional (G); 2026-09-06 · Serie A · Internacional 2-3 Santos (P); 2026-08-30 · Serie A · Bahia 3-2 Internacional (P); 2026-08-22 · Serie A · Internacional 0-0 Atletico-MG (E),torneo actual,28,29.0,32.0,2026-09-20 · Serie A · Corinthians 1-3 Fluminense (P); 2026-09-13 · Serie A · Flamengo 2-1 Corinthians (P); 2026-09-06 · Serie A · Corinthians 1-2 Chapecoense-sc (P); 2026-08-30 · Serie A · Corinthians 0-1 Santos (P); 2026-08-23 · Serie A · Coritiba 2-1 Corinthians (P)
2026-10-07,17:30,Internacional vs Corinthians,,,SHOTS_TOTAL OVER.20.5,SHOTS_TOTAL OVER.20.5,SHOTS_TOTAL:OVER_20_5,84.8%,0.848300,1.18,,,,,,,,,,,Sin cuota/EV,No encontrado en Betano,Solo modelo,2,87.83,87.834000,,Betano mapeado,Alta,contexto premium torneo actual,usa promedios del contexto premium/API-Football,el volumen ofensivo puede variar por planteamiento y marcador temprano,https://www.betano.pe/cuotas-de-partido/internacional-rs-corinthians-sp/92517456/,torneo actual,torneo actual,28,30.0,36.0,2026-09-19 · Serie A · Sao Paulo 1-0 Internacional (P); 2026-09-12 · Serie A · Chapecoense-sc 1-2 Internacional (G); 2026-09-06 · Serie A · Internacional 2-3 Santos (P); 2026-08-30 · Serie A · Bahia 3-2 Internacional (P); 2026-08-22 · Serie A · Internacional 0-0 Atletico-MG (E),torneo actual,28,29.0,32.0,2026-09-20 · Serie A · Corinthians 1-3 Fluminense (P); 2026-09-13 · Serie A · Flamengo 2-1 Corinthians (P); 2026-09-06 · Serie A · Corinthians 1-2 Chapecoense-sc (P); 2026-08-30 · Serie A · Corinthians 0-1 Santos (P); 2026-08-23 · Serie A · Coritiba 2-1 Corinthians (P)
2026-10-07,17:30,Internacional vs Corinthians,,,Visita tarjetas -3.5,CARDS_AWAY UNDER.3.5,CARDS_AWAY:UNDER_3_5,81.9%,0.819400,1.22,,,,,,,,,,,Sin cuota/EV,No encontrado en Betano,Solo modelo,2,84.94,84.935000,,Betano mapeado,Alta,contexto premium torneo actual,usa promedios del contexto premium/API-Football,depende mucho del arbitro y del contexto competitivo,https://www.betano.pe/cuotas-de-partido/internacional-rs-corinthians-sp/92517456/,torneo actual,torneo actual,28,30.0,36.0,2026-09-19 · Serie A · Sao Paulo 1-0 Internacional (P); 2026-09-12 · Serie A · Chapecoense-sc 1-2 Internacional (G); 2026-09-06 · Serie A · Internacional 2-3 Santos (P); 2026-08-30 · Serie A · Bahia 3-2 Internacional (P); 2026-08-22 · Serie A · Internacional 0-0 Atletico-MG (E),torneo actual,28,29.0,32.0,2026-09-20 · Serie A · Corinthians 1-3 Fluminense (P); 2026-09-13 · Serie A · Flamengo 2-1 Corinthians (P); 2026-09-06 · Serie A · Corinthians 1-2 Chapecoense-sc (P); 2026-08-30 · Serie A · Corinthians 0-1 Santos (P); 2026-08-23 · Serie A · Coritiba 2-1 Corinthians (P)
2026-10-07,17:30,Internacional vs Corinthians,,,Corners total +7.5,CORNERS_TOTALS OVER.7.5,CORNERS_TOTALS:OVER_7_5,81.4%,0.813700,1.23,,,,,,,,,,,Sin cuota/EV,No encontrado en Betano,Solo modelo,6,111.37,111.367000,,Betano mapeado,Alta,contexto premium torneo actual,usa promedios del contexto premium/API-Football,el volumen ofensivo puede variar por planteamiento y marcador temprano,https://www.betano.pe/cuotas-de-partido/internacional-rs-corinthians-sp/92517456/,torneo actual,torneo actual,28,30.0,36.0,2026-09-19 · Serie A · Sao Paulo 1-0 Internacional (P); 2026-09-12 · Serie A · Chapecoense-sc 1-2 Internacional (G); 2026-09-06 · Serie A · Internacional 2-3 Santos (P); 2026-08-30 · Serie A · Bahia 3-2 Internacional (P); 2026-08-22 · Serie A · Internacional 0-0 Atletico-MG (E),torneo actual,28,29.0,32.0,2026-09-20 · Serie A · Corinthians 1-3 Fluminense (P); 2026-09-13 · Serie A · Flamengo 2-1 Corinthians (P); 2026-09-06 · Serie A · Corinthians 1-2 Chapecoense-sc (P); 2026-08-30 · Serie A · Corinthians 0-1 Santos (P); 2026-08-23 · Serie A · Coritiba 2-1 Corinthians (P)
2026-10-07,17:30,Internacional vs Corinthians,,,Tarjetas total +3.5,CARDS_TOTALS OVER.3.5,CARDS_TOTALS:OVER_3_5,80.9%,0.809400,1.24,,,,,,,,,,,Sin cuota/EV,No encontrado en Betano,Solo modelo,3,88.94,88.938000,,Betano mapeado,Alta,contexto premium torneo actual,usa promedios del contexto premium/API-Football,depende mucho del arbitro y del contexto competitivo,https://www.betano.pe/cuotas-de-partido/internacional-rs-corinthians-sp/92517456/,torneo actual,torneo actual,28,30.0,36.0,2026-09-19 · Serie A · Sao Paulo 1-0 Internacional (P); 2026-09-12 · Serie A · Chapecoense-sc 1-2 Internacional (G); 2026-09-06 · Serie A · Internacional 2-3 Santos (P); 2026-08-30 · Serie A · Bahia 3-2 Internacional (P); 2026-08-22 · Serie A · Internacional 0-0 Atletico-MG (E),torneo actual,28,29.0,32.0,2026-09-20 · Serie A · Corinthians 1-3 Fluminense (P); 2026-09-13 · Serie A · Flamengo 2-1 Corinthians (P); 2026-09-06 · Serie A · Corinthians 1-2 Chapecoense-sc (P); 2026-08-30 · Serie A · Corinthians 0-1 Santos (P); 2026-08-23 · Serie A · Coritiba 2-1 Corinthians (P)
2026-10-07,17:30,Internacional vs Corinthians,,,Visita corners +3.5,CORNERS_AWAY OVER.3.5,CORNERS_AWAY:OVER_3_5,79.8%,0.798300,1.25,,,,,,,,,,,Sin cuota/EV,No encontrado en Betano,Solo modelo,4,95.83,95.830000,,Betano mapeado,Alta,contexto premium torneo actual,usa promedios del contexto premium/API-Football,el volumen ofensivo puede variar por planteamiento y marcador temprano,https://www.betano.pe/cuotas-de-partido/internacional-rs-corinthians-sp/92517456/,torneo actual,torneo actual,28,30.0,36.0,2026-09-19 · Serie A · Sao Paulo 1-0 Internacional (P); 2026-09-12 · Serie A · Chapecoense-sc 1-2 Internacional (G); 2026-09-06 · Serie A · Internacional 2-3 Santos (P); 2026-08-30 · Serie A · Bahia 3-2 Internacional (P); 2026-08-22 · Serie A · Internacional 0-0 Atletico-MG (E),torneo actual,28,29.0,32.0,2026-09-20 · Serie A · Corinthians 1-3 Fluminense (P); 2026-09-13 · Serie A · Flamengo 2-1 Corinthians (P); 2026-09-06 · Serie A · Corinthians 1-2 Chapecoense-sc (P); 2026-08-30 · Serie A · Corinthians 0-1 Santos (P); 2026-08-23 · Serie A · Coritiba 2-1 Corinthians (P)
2026-10-07,17:30,Internacional vs Corinthians,William Hill,Betano,Goles -3.5,TOTALS UNDER.3.5,TOTALS:UNDER_3_5,78.8%,0.787800,1.27,1.03,-0.19,-0.188600,-0.24,0.81,1.28,0.01,0.008400,0.01,1.01,EV negativo,EV positivo Betano,Evitar,10,114.52,114.518000,Cuota por debajo de la cuota justa: valor limitado,Betano mapeado,Alta,torneo actual,usa Poisson base con estadisticas de goles del torneo,un gol temprano o baja eficacia puede cambiar la lectura del mercado,https://www.betano.pe/cuotas-de-partido/internacional-rs-corinthians-sp/92517456/,torneo actual,torneo actual,28,30.0,36.0,2026-09-19 · Serie A · Sao Paulo 1-0 Internacional (P); 2026-09-12 · Serie A · Chapecoense-sc 1-2 Internacional (G); 2026-09-06 · Serie A · Internacional 2-3 Santos (P); 2026-08-30 · Serie A · Bahia 3-2 Internacional (P); 2026-08-22 · Serie A · Internacional 0-0 Atletico-MG (E),torneo actual,28,29.0,32.0,2026-09-20 · Serie A · Corinthians 1-3 Fluminense (P); 2026-09-13 · Serie A · Flamengo 2-1 Corinthians (P); 2026-09-06 · Serie A · Corinthians 1-2 Chapecoense-sc (P); 2026-08-30 · Serie A · Corinthians 0-1 Santos (P); 2026-08-23 · Serie A · Coritiba 2-1 Corinthians (P)
2026-10-07,17:30,Internacional vs Corinthians,William Hill,Betano,1T +0.5,FIRST_HALF_TOTALS OVER.0.5,FIRST_HALF_TOTALS:OVER_0_5,77.7%,0.776900,1.29,1.40,0.09,0.087600,0.11,1.09,1.50,0.17,0.165400,0.21,1.17,EV positivo,EV positivo Betano,Valor,5,116.91,116.910000,,Betano mapeado,Alta,contexto premium torneo actual,usa promedios del contexto premium/API-Football,el primer tiempo puede tener ritmo bajo o rotaciones,https://www.betano.pe/cuotas-de-partido/internacional-rs-corinthians-sp/92517456/,torneo actual,torneo actual,28,30.0,36.0,2026-09-19 · Serie A · Sao Paulo 1-0 Internacional (P); 2026-09-12 · Serie A · Chapecoense-sc 1-2 Internacional (G); 2026-09-06 · Serie A · Internacional 2-3 Santos (P); 2026-08-30 · Serie A · Bahia 3-2 Internacional (P); 2026-08-22 · Serie A · Internacional 0-0 Atletico-MG (E),torneo actual,28,29.0,32.0,2026-09-20 · Serie A · Corinthians 1-3 Fluminense (P); 2026-09-13 · Serie A · Flamengo 2-1 Corinthians (P); 2026-09-06 · Serie A · Corinthians 1-2 Chapecoense-sc (P); 2026-08-30 · Serie A · Corinthians 0-1 Santos (P); 2026-08-23 · Serie A · Coritiba 2-1 Corinthians (P)
2026-10-07,17:30,Internacional vs Corinthians,,,Local corners -6.5,CORNERS_HOME UNDER.6.5,CORNERS_HOME:UNDER_6_5,77.7%,0.776700,1.29,,,,,,,,,,,Sin cuota/EV,No encontrado en Betano,Solo modelo,4,93.67,93.665000,,Betano mapeado,Alta,contexto premium torneo actual,usa promedios del contexto premium/API-Football,el volumen ofensivo puede variar por planteamiento y marcador temprano,https://www.betano.pe/cuotas-de-partido/internacional-rs-corinthians-sp/92517456/,torneo actual,torneo actual,28,30.0,36.0,2026-09-19 · Serie A · Sao Paulo 1-0 Internacional (P); 2026-09-12 · Serie A · Chapecoense-sc 1-2 Internacional (G); 2026-09-06 · Serie A · Internacional 2-3 Santos (P); 2026-08-30 · Serie A · Bahia 3-2 Internacional (P); 2026-08-22 · Serie A · Internacional 0-0 Atletico-MG (E),torneo actual,28,29.0,32.0,2026-09-20 · Serie A · Corinthians 1-3 Fluminense (P); 2026-09-13 · Serie A · Flamengo 2-1 Corinthians (P); 2026-09-06 · Serie A · Corinthians 1-2 Chapecoense-sc (P); 2026-08-30 · Serie A · Corinthians 0-1 Santos (P); 2026-08-23 · Serie A · Coritiba 2-1 Corinthians (P)
2026-10-07,17:30,Internacional vs Corinthians,,,SHOTS_TOTAL OVER.22.5,SHOTS_TOTAL OVER.22.5,SHOTS_TOTAL:OVER_22_5,73.0%,0.729500,1.37,,,,,,,,,,,Sin cuota/EV,No encontrado en Betano,Solo modelo,2,75.95,75.949000,,Betano mapeado,Alta,contexto premium torneo actual,usa promedios del contexto premium/API-Football,el volumen ofensivo puede variar por planteamiento y marcador temprano,https://www.betano.pe/cuotas-de-partido/internacional-rs-corinthians-sp/92517456/,torneo actual,torneo actual,28,30.0,36.0,2026-09-19 · Serie A · Sao Paulo 1-0 Internacional (P); 2026-09-12 · Serie A · Chapecoense-sc 1-2 Internacional (G); 2026-09-06 · Serie A · Internacional 2-3 Santos (P); 2026-08-30 · Serie A · Bahia 3-2 Internacional (P); 2026-08-22 · Serie A · Internacional 0-0 Atletico-MG (E),torneo actual,28,29.0,32.0,2026-09-20 · Serie A · Corinthians 1-3 Fluminense (P); 2026-09-13 · Serie A · Flamengo 2-1 Corinthians (P); 2026-09-06 · Serie A · Corinthians 1-2 Chapecoense-sc (P); 2026-08-30 · Serie A · Corinthians 0-1 Santos (P); 2026-08-23 · Serie A · Coritiba 2-1 Corinthians (P)
2026-10-07,17:30,Internacional vs Corinthians,,,SHOTS_ON_TARGET_TOTAL UNDER.9.5,SHOTS_ON_TARGET_TOTAL UNDER.9.5,SHOTS_ON_TARGET_TOTAL:UNDER_9_5,72.9%,0.729000,1.37,,,,,,,,,,,Sin cuota/EV,No encontrado en Betano,Solo modelo,2,75.89,75.895000,,Betano mapeado,Alta,contexto premium torneo actual,usa promedios del contexto premium/API-Football,el volumen ofensivo puede variar por planteamiento y marcador temprano,https://www.betano.pe/cuotas-de-partido/internacional-rs-corinthians-sp/92517456/,torneo actual,torneo actual,28,30.0,36.0,2026-09-19 · Serie A · Sao Paulo 1-0 Internacional (P); 2026-09-12 · Serie A · Chapecoense-sc 1-2 Internacional (G); 2026-09-06 · Serie A · Internacional 2-3 Santos (P); 2026-08-30 · Serie A · Bahia 3-2 Internacional (P); 2026-08-22 · Serie A · Internacional 0-0 Atletico-MG (E),torneo actual,28,29.0,32.0,2026-09-20 · Serie A · Corinthians 1-3 Fluminense (P); 2026-09-13 · Serie A · Flamengo 2-1 Corinthians (P); 2026-09-06 · Serie A · Corinthians 1-2 Chapecoense-sc (P); 2026-08-30 · Serie A · Corinthians 0-1 Santos (P); 2026-08-23 · Serie A · Coritiba 2-1 Corinthians (P)
2026-10-07,17:30,Internacional vs Corinthians,,,Local corners +3.5,CORNERS_HOME OVER.3.5,CORNERS_HOME:OVER_3_5,72.1%,0.720700,1.39,,,,,,,,,,,Sin cuota/EV,No encontrado en Betano,Solo modelo,4,88.07,88.066000,,Betano mapeado,Alta,contexto premium torneo actual,usa promedios del contexto premium/API-Football,el volumen ofensivo puede variar por planteamiento y marcador temprano,https://www.betano.pe/cuotas-de-partido/internacional-rs-corinthians-sp/92517456/,torneo actual,torneo actual,28,30.0,36.0,2026-09-19 · Serie A · Sao Paulo 1-0 Internacional (P); 2026-09-12 · Serie A · Chapecoense-sc 1-2 Internacional (G); 2026-09-06 · Serie A · Internacional 2-3 Santos (P); 2026-08-30 · Serie A · Bahia 3-2 Internacional (P); 2026-08-22 · Serie A · Internacional 0-0 Atletico-MG (E),torneo actual,28,29.0,32.0,2026-09-20 · Serie A · Corinthians 1-3 Fluminense (P); 2026-09-13 · Serie A · Flamengo 2-1 Corinthians (P); 2026-09-06 · Serie A · Corinthians 1-2 Chapecoense-sc (P); 2026-08-30 · Serie A · Corinthians 0-1 Santos (P); 2026-08-23 · Serie A · Coritiba 2-1 Corinthians (P)
2026-10-07,17:30,Internacional vs Corinthians,,,DOUBLE_CHANCE 12,DOUBLE_CHANCE 12,DOUBLE_CHANCE:12,72.0%,0.720400,1.39,,,,,,,,,,,Sin cuota/EV,No encontrado en Betano,Solo modelo,9,117.04,117.041000,,Betano mapeado,Alta,torneo actual,usa Poisson base con estadisticas de goles del torneo,riesgo propio del resultado final y variacion del modelo,https://www.betano.pe/cuotas-de-partido/internacional-rs-corinthians-sp/92517456/,torneo actual,torneo actual,28,30.0,36.0,2026-09-19 · Serie A · Sao Paulo 1-0 Internacional (P); 2026-09-12 · Serie A · Chapecoense-sc 1-2 Internacional (G); 2026-09-06 · Serie A · Internacional 2-3 Santos (P); 2026-08-30 · Serie A · Bahia 3-2 Internacional (P); 2026-08-22 · Serie A · Internacional 0-0 Atletico-MG (E),torneo actual,28,29.0,32.0,2026-09-20 · Serie A · Corinthians 1-3 Fluminense (P); 2026-09-13 · Serie A · Flamengo 2-1 Corinthians (P); 2026-09-06 · Serie A · Corinthians 1-2 Chapecoense-sc (P); 2026-08-30 · Serie A · Corinthians 0-1 Santos (P); 2026-08-23 · Serie A · Coritiba 2-1 Corinthians (P)
2026-10-07,17:30,Internacional vs Corinthians,,Betano,Corners total +8.5,CORNERS_TOTALS OVER.8.5,CORNERS_TOTALS:OVER_8_5,71.0%,0.710400,1.41,,,,,,1.50,0.07,0.065600,0.09,1.07,Sin cuota/EV,EV positivo Betano,Solo modelo,6,110.09,110.088000,,Betano mapeado,Alta,contexto premium torneo actual,usa promedios del contexto premium/API-Football,el volumen ofensivo puede variar por planteamiento y marcador temprano,https://www.betano.pe/cuotas-de-partido/internacional-rs-corinthians-sp/92517456/,torneo actual,torneo actual,28,30.0,36.0,2026-09-19 · Serie A · Sao Paulo 1-0 Internacional (P); 2026-09-12 · Serie A · Chapecoense-sc 1-2 Internacional (G); 2026-09-06 · Serie A · Internacional 2-3 Santos (P); 2026-08-30 · Serie A · Bahia 3-2 Internacional (P); 2026-08-22 · Serie A · Internacional 0-0 Atletico-MG (E),torneo actual,28,29.0,32.0,2026-09-20 · Serie A · Corinthians 1-3 Fluminense (P); 2026-09-13 · Serie A · Flamengo 2-1 Corinthians (P); 2026-09-06 · Serie A · Corinthians 1-2 Chapecoense-sc (P); 2026-08-30 · Serie A · Corinthians 0-1 Santos (P); 2026-08-23 · Serie A · Coritiba 2-1 Corinthians (P)
2026-10-07,17:30,Internacional vs Corinthians,,,Local goles +0.5,TEAM_TOTAL_HOME OVER.0.5,TEAM_TOTAL_HOME:OVER_0_5,69.8%,0.697500,1.43,,,,,,,,,,,Sin cuota/EV,No encontrado en Betano,Solo modelo,4,85.75,85.750000,,Betano mapeado,Media,torneo actual,usa Poisson base con estadisticas de goles del torneo,un gol temprano o baja eficacia puede cambiar la lectura del mercado,https://www.betano.pe/cuotas-de-partido/internacional-rs-corinthians-sp/92517456/,torneo actual,torneo actual,28,30.0,36.0,2026-09-19 · Serie A · Sao Paulo 1-0 Internacional (P); 2026-09-12 · Serie A · Chapecoense-sc 1-2 Internacional (G); 2026-09-06 · Serie A · Internacional 2-3 Santos (P); 2026-08-30 · Serie A · Bahia 3-2 Internacional (P); 2026-08-22 · Serie A · Internacional 0-0 Atletico-MG (E),torneo actual,28,29.0,32.0,2026-09-20 · Serie A · Corinthians 1-3 Fluminense (P); 2026-09-13 · Serie A · Flamengo 2-1 Corinthians (P); 2026-09-06 · Serie A · Corinthians 1-2 Chapecoense-sc (P); 2026-08-30 · Serie A · Corinthians 0-1 Santos (P); 2026-08-23 · Serie A · Coritiba 2-1 Corinthians (P)
2026-10-07,17:30,Internacional vs Corinthians,,,Visita goles +0.5,TEAM_TOTAL_AWAY OVER.0.5,TEAM_TOTAL_AWAY:OVER_0_5,68.7%,0.686700,1.46,,,,,,,,,,,Sin cuota/EV,No encontrado en Betano,Solo modelo,4,84.67,84.673000,,Betano mapeado,Media,torneo actual,usa Poisson base con estadisticas de goles del torneo,un gol temprano o baja eficacia puede cambiar la lectura del mercado,https://www.betano.pe/cuotas-de-partido/internacional-rs-corinthians-sp/92517456/,torneo actual,torneo actual,28,30.0,36.0,2026-09-19 · Serie A · Sao Paulo 1-0 Internacional (P); 2026-09-12 · Serie A · Chapecoense-sc 1-2 Internacional (G); 2026-09-06 · Serie A · Internacional 2-3 Santos (P); 2026-08-30 · Serie A · Bahia 3-2 Internacional (P); 2026-08-22 · Serie A · Internacional 0-0 Atletico-MG (E),torneo actual,28,29.0,32.0,2026-09-20 · Serie A · Corinthians 1-3 Fluminense (P); 2026-09-13 · Serie A · Flamengo 2-1 Corinthians (P); 2026-09-06 · Serie A · Corinthians 1-2 Chapecoense-sc (P); 2026-08-30 · Serie A · Corinthians 0-1 Santos (P); 2026-08-23 · Serie A · Coritiba 2-1 Corinthians (P)
2026-10-07,17:30,Internacional vs Corinthians,,,Visita corners -6.5,CORNERS_AWAY UNDER.6.5,CORNERS_AWAY:UNDER_6_5,68.6%,0.686000,1.46,,,,,,,,,,,Sin cuota/EV,No encontrado en Betano,Solo modelo,4,84.60,84.604000,,Betano mapeado,Media,contexto premium torneo actual,usa promedios del contexto premium/API-Football,el volumen ofensivo puede variar por planteamiento y marcador temprano,https://www.betano.pe/cuotas-de-partido/internacional-rs-corinthians-sp/92517456/,torneo actual,torneo actual,28,30.0,36.0,2026-09-19 · Serie A · Sao Paulo 1-0 Internacional (P); 2026-09-12 · Serie A · Chapecoense-sc 1-2 Internacional (G); 2026-09-06 · Serie A · Internacional 2-3 Santos (P); 2026-08-30 · Serie A · Bahia 3-2 Internacional (P); 2026-08-22 · Serie A · Internacional 0-0 Atletico-MG (E),torneo actual,28,29.0,32.0,2026-09-20 · Serie A · Corinthians 1-3 Fluminense (P); 2026-09-13 · Serie A · Flamengo 2-1 Corinthians (P); 2026-09-06 · Serie A · Corinthians 1-2 Chapecoense-sc (P); 2026-08-30 · Serie A · Corinthians 0-1 Santos (P); 2026-08-23 · Serie A · Coritiba 2-1 Corinthians (P)
2026-10-07,17:30,Internacional vs Corinthians,William Hill,Betano,Goles +1.5,TOTALS OVER.1.5,TOTALS:OVER_1_5,68.2%,0.681900,1.47,2.30,0.57,0.568500,0.83,1.57,1.38,-0.06,-0.059000,-0.09,0.94,EV positivo,EV negativo Betano,Valor,10,137.48,137.483000,,Betano mapeado,Media,torneo actual,usa Poisson base con estadisticas de goles del torneo,un gol temprano o baja eficacia puede cambiar la lectura del mercado,https://www.betano.pe/cuotas-de-partido/internacional-rs-corinthians-sp/92517456/,torneo actual,torneo actual,28,30.0,36.0,2026-09-19 · Serie A · Sao Paulo 1-0 Internacional (P); 2026-09-12 · Serie A · Chapecoense-sc 1-2 Internacional (G); 2026-09-06 · Serie A · Internacional 2-3 Santos (P); 2026-08-30 · Serie A · Bahia 3-2 Internacional (P); 2026-08-22 · Serie A · Internacional 0-0 Atletico-MG (E),torneo actual,28,29.0,32.0,2026-09-20 · Serie A · Corinthians 1-3 Fluminense (P); 2026-09-13 · Serie A · Flamengo 2-1 Corinthians (P); 2026-09-06 · Serie A · Corinthians 1-2 Chapecoense-sc (P); 2026-08-30 · Serie A · Corinthians 0-1 Santos (P); 2026-08-23 · Serie A · Coritiba 2-1 Corinthians (P)
2026-10-07,17:30,Internacional vs Corinthians,,,Visita goles -1.5,TEAM_TOTAL_AWAY UNDER.1.5,TEAM_TOTAL_AWAY:UNDER_1_5,67.7%,0.676900,1.48,,,,,,,,,,,Sin cuota/EV,No encontrado en Betano,Solo modelo,4,83.69,83.688000,,Betano mapeado,Media,torneo actual,usa Poisson base con estadisticas de goles del torneo,un gol temprano o baja eficacia puede cambiar la lectura del mercado,https://www.betano.pe/cuotas-de-partido/internacional-rs-corinthians-sp/92517456/,torneo actual,torneo actual,28,30.0,36.0,2026-09-19 · Serie A · Sao Paulo 1-0 Internacional (P); 2026-09-12 · Serie A · Chapecoense-sc 1-2 Internacional (G); 2026-09-06 · Serie A · Internacional 2-3 Santos (P); 2026-08-30 · Serie A · Bahia 3-2 Internacional (P); 2026-08-22 · Serie A · Internacional 0-0 Atletico-MG (E),torneo actual,28,29.0,32.0,2026-09-20 · Serie A · Corinthians 1-3 Fluminense (P); 2026-09-13 · Serie A · Flamengo 2-1 Corinthians (P); 2026-09-06 · Serie A · Corinthians 1-2 Chapecoense-sc (P); 2026-08-30 · Serie A · Corinthians 0-1 Santos (P); 2026-08-23 · Serie A · Coritiba 2-1 Corinthians (P)
2026-10-07,17:30,Internacional vs Corinthians,,,SHOTS_ON_TARGET_TOTAL OVER.6.5,SHOTS_ON_TARGET_TOTAL OVER.6.5,SHOTS_ON_TARGET_TOTAL:OVER_6_5,67.4%,0.674300,1.48,,,,,,,,,,,Sin cuota/EV,No encontrado en Betano,Solo modelo,2,70.43,70.426000,,Betano mapeado,Media,contexto premium torneo actual,usa promedios del contexto premium/API-Football,el volumen ofensivo puede variar por planteamiento y marcador temprano,https://www.betano.pe/cuotas-de-partido/internacional-rs-corinthians-sp/92517456/,torneo actual,torneo actual,28,30.0,36.0,2026-09-19 · Serie A · Sao Paulo 1-0 Internacional (P); 2026-09-12 · Serie A · Chapecoense-sc 1-2 Internacional (G); 2026-09-06 · Serie A · Internacional 2-3 Santos (P); 2026-08-30 · Serie A · Bahia 3-2 Internacional (P); 2026-08-22 · Serie A · Internacional 0-0 Atletico-MG (E),torneo actual,28,29.0,32.0,2026-09-20 · Serie A · Corinthians 1-3 Fluminense (P); 2026-09-13 · Serie A · Flamengo 2-1 Corinthians (P); 2026-09-06 · Serie A · Corinthians 1-2 Chapecoense-sc (P); 2026-08-30 · Serie A · Corinthians 0-1 Santos (P); 2026-08-23 · Serie A · Coritiba 2-1 Corinthians (P)
2026-10-07,17:30,Internacional vs Corinthians,,Betano,Tarjetas total -6.5,CARDS_TOTALS UNDER.6.5,CARDS_TOTALS:UNDER_6_5,67.0%,0.670300,1.49,,,,,,1.53,0.03,0.025600,0.04,1.03,Sin cuota/EV,EV positivo Betano,Solo modelo,3,83.44,83.436000,,Betano mapeado,Media,contexto premium torneo actual,usa promedios del contexto premium/API-Football,depende mucho del arbitro y del contexto competitivo,https://www.betano.pe/cuotas-de-partido/internacional-rs-corinthians-sp/92517456/,torneo actual,torneo actual,28,30.0,36.0,2026-09-19 · Serie A · Sao Paulo 1-0 Internacional (P); 2026-09-12 · Serie A · Chapecoense-sc 1-2 Internacional (G); 2026-09-06 · Serie A · Internacional 2-3 Santos (P); 2026-08-30 · Serie A · Bahia 3-2 Internacional (P); 2026-08-22 · Serie A · Internacional 0-0 Atletico-MG (E),torneo actual,28,29.0,32.0,2026-09-20 · Serie A · Corinthians 1-3 Fluminense (P); 2026-09-13 · Serie A · Flamengo 2-1 Corinthians (P); 2026-09-06 · Serie A · Corinthians 1-2 Chapecoense-sc (P); 2026-08-30 · Serie A · Corinthians 0-1 Santos (P); 2026-08-23 · Serie A · Coritiba 2-1 Corinthians (P)
2026-10-07,17:30,Internacional vs Corinthians,,,Local goles -1.5,TEAM_TOTAL_HOME UNDER.1.5,TEAM_TOTAL_HOME:UNDER_1_5,66.4%,0.664200,1.51,,,,,,,,,,,Sin cuota/EV,No encontrado en Betano,Solo modelo,4,82.42,82.418000,,Betano mapeado,Media,torneo actual,usa Poisson base con estadisticas de goles del torneo,un gol temprano o baja eficacia puede cambiar la lectura del mercado,https://www.betano.pe/cuotas-de-partido/internacional-rs-corinthians-sp/92517456/,torneo actual,torneo actual,28,30.0,36.0,2026-09-19 · Serie A · Sao Paulo 1-0 Internacional (P); 2026-09-12 · Serie A · Chapecoense-sc 1-2 Internacional (G); 2026-09-06 · Serie A · Internacional 2-3 Santos (P); 2026-08-30 · Serie A · Bahia 3-2 Internacional (P); 2026-08-22 · Serie A · Internacional 0-0 Atletico-MG (E),torneo actual,28,29.0,32.0,2026-09-20 · Serie A · Corinthians 1-3 Fluminense (P); 2026-09-13 · Serie A · Flamengo 2-1 Corinthians (P); 2026-09-06 · Serie A · Corinthians 1-2 Chapecoense-sc (P); 2026-08-30 · Serie A · Corinthians 0-1 Santos (P); 2026-08-23 · Serie A · Coritiba 2-1 Corinthians (P)
2026-10-07,17:30,Internacional vs Corinthians,,,Local tarjetas +2.5,CARDS_HOME OVER.2.5,CARDS_HOME:OVER_2_5,66.0%,0.660300,1.51,,,,,,,,,,,Sin cuota/EV,No encontrado en Betano,Solo modelo,2,69.03,69.026000,,Betano mapeado,Media,contexto premium torneo actual,usa promedios del contexto premium/API-Football,depende mucho del arbitro y del contexto competitivo,https://www.betano.pe/cuotas-de-partido/internacional-rs-corinthians-sp/92517456/,torneo actual,torneo actual,28,30.0,36.0,2026-09-19 · Serie A · Sao Paulo 1-0 Internacional (P); 2026-09-12 · Serie A · Chapecoense-sc 1-2 Internacional (G); 2026-09-06 · Serie A · Internacional 2-3 Santos (P); 2026-08-30 · Serie A · Bahia 3-2 Internacional (P); 2026-08-22 · Serie A · Internacional 0-0 Atletico-MG (E),torneo actual,28,29.0,32.0,2026-09-20 · Serie A · Corinthians 1-3 Fluminense (P); 2026-09-13 · Serie A · Flamengo 2-1 Corinthians (P); 2026-09-06 · Serie A · Corinthians 1-2 Chapecoense-sc (P); 2026-08-30 · Serie A · Corinthians 0-1 Santos (P); 2026-08-23 · Serie A · Coritiba 2-1 Corinthians (P)
2026-10-07,17:30,Internacional vs Corinthians,,Betano,Tarjetas total +4.5,CARDS_TOTALS OVER.4.5,CARDS_TOTALS:OVER_4_5,65.8%,0.657800,1.52,,,,,,1.44,-0.05,-0.052800,-0.08,0.95,Sin cuota/EV,EV negativo Betano,Solo modelo,3,80.94,80.940000,,Betano mapeado,Media,contexto premium torneo actual,usa promedios del contexto premium/API-Football,depende mucho del arbitro y del contexto competitivo,https://www.betano.pe/cuotas-de-partido/internacional-rs-corinthians-sp/92517456/,torneo actual,torneo actual,28,30.0,36.0,2026-09-19 · Serie A · Sao Paulo 1-0 Internacional (P); 2026-09-12 · Serie A · Chapecoense-sc 1-2 Internacional (G); 2026-09-06 · Serie A · Internacional 2-3 Santos (P); 2026-08-30 · Serie A · Bahia 3-2 Internacional (P); 2026-08-22 · Serie A · Internacional 0-0 Atletico-MG (E),torneo actual,28,29.0,32.0,2026-09-20 · Serie A · Corinthians 1-3 Fluminense (P); 2026-09-13 · Serie A · Flamengo 2-1 Corinthians (P); 2026-09-06 · Serie A · Corinthians 1-2 Chapecoense-sc (P); 2026-08-30 · Serie A · Corinthians 0-1 Santos (P); 2026-08-23 · Serie A · Coritiba 2-1 Corinthians (P)
2026-10-07,17:30,Internacional vs Corinthians,,,Corners total -11.5,CORNERS_TOTALS UNDER.11.5,CORNERS_TOTALS:UNDER_11_5,65.0%,0.650500,1.54,,,,,,,,,,,Sin cuota/EV,No encontrado en Betano,Solo modelo,6,95.05,95.049000,,Betano mapeado,Media,contexto premium torneo actual,usa promedios del contexto premium/API-Football,el volumen ofensivo puede variar por planteamiento y marcador temprano,https://www.betano.pe/cuotas-de-partido/internacional-rs-corinthians-sp/92517456/,torneo actual,torneo actual,28,30.0,36.0,2026-09-19 · Serie A · Sao Paulo 1-0 Internacional (P); 2026-09-12 · Serie A · Chapecoense-sc 1-2 Internacional (G); 2026-09-06 · Serie A · Internacional 2-3 Santos (P); 2026-08-30 · Serie A · Bahia 3-2 Internacional (P); 2026-08-22 · Serie A · Internacional 0-0 Atletico-MG (E),torneo actual,28,29.0,32.0,2026-09-20 · Serie A · Corinthians 1-3 Fluminense (P); 2026-09-13 · Serie A · Flamengo 2-1 Corinthians (P); 2026-09-06 · Serie A · Corinthians 1-2 Chapecoense-sc (P); 2026-08-30 · Serie A · Corinthians 0-1 Santos (P); 2026-08-23 · Serie A · Coritiba 2-1 Corinthians (P)
2026-10-07,17:30,Internacional vs Corinthians,,,DOUBLE_CHANCE 1X,DOUBLE_CHANCE 1X,DOUBLE_CHANCE:1X,64.8%,0.648300,1.54,,,,,,,,,,,Sin cuota/EV,No encontrado en Betano,Solo modelo,9,109.83,109.835000,,Betano mapeado,Media,torneo actual,usa Poisson base con estadisticas de goles del torneo,riesgo propio del resultado final y variacion del modelo,https://www.betano.pe/cuotas-de-partido/internacional-rs-corinthians-sp/92517456/,torneo actual,torneo actual,28,30.0,36.0,2026-09-19 · Serie A · Sao Paulo 1-0 Internacional (P); 2026-09-12 · Serie A · Chapecoense-sc 1-2 Internacional (G); 2026-09-06 · Serie A · Internacional 2-3 Santos (P); 2026-08-30 · Serie A · Bahia 3-2 Internacional (P); 2026-08-22 · Serie A · Internacional 0-0 Atletico-MG (E),torneo actual,28,29.0,32.0,2026-09-20 · Serie A · Corinthians 1-3 Fluminense (P); 2026-09-13 · Serie A · Flamengo 2-1 Corinthians (P); 2026-09-06 · Serie A · Corinthians 1-2 Chapecoense-sc (P); 2026-08-30 · Serie A · Corinthians 0-1 Santos (P); 2026-08-23 · Serie A · Coritiba 2-1 Corinthians (P)
2026-10-07,17:30,Internacional vs Corinthians,,,Visita tarjetas +1.5,CARDS_AWAY OVER.1.5,CARDS_AWAY:OVER_1_5,64.5%,0.645400,1.55,,,,,,,,,,,Sin cuota/EV,No encontrado en Betano,Solo modelo,2,67.54,67.543000,,Betano mapeado,Media,contexto premium torneo actual,usa promedios del contexto premium/API-Football,depende mucho del arbitro y del contexto competitivo,https://www.betano.pe/cuotas-de-partido/internacional-rs-corinthians-sp/92517456/,torneo actual,torneo actual,28,30.0,36.0,2026-09-19 · Serie A · Sao Paulo 1-0 Internacional (P); 2026-09-12 · Serie A · Chapecoense-sc 1-2 Internacional (G); 2026-09-06 · Serie A · Internacional 2-3 Santos (P); 2026-08-30 · Serie A · Bahia 3-2 Internacional (P); 2026-08-22 · Serie A · Internacional 0-0 Atletico-MG (E),torneo actual,28,29.0,32.0,2026-09-20 · Serie A · Corinthians 1-3 Fluminense (P); 2026-09-13 · Serie A · Flamengo 2-1 Corinthians (P); 2026-09-06 · Serie A · Corinthians 1-2 Chapecoense-sc (P); 2026-08-30 · Serie A · Corinthians 0-1 Santos (P); 2026-08-23 · Serie A · Coritiba 2-1 Corinthians (P)
2026-10-07,17:30,Internacional vs Corinthians,,,Visita corners +4.5,CORNERS_AWAY OVER.4.5,CORNERS_AWAY:OVER_4_5,64.2%,0.642500,1.56,,,,,,,,,,,Sin cuota/EV,No encontrado en Betano,Solo modelo,4,80.25,80.248000,,Betano mapeado,Media,contexto premium torneo actual,usa promedios del contexto premium/API-Football,el volumen ofensivo puede variar por planteamiento y marcador temprano,https://www.betano.pe/cuotas-de-partido/internacional-rs-corinthians-sp/92517456/,torneo actual,torneo actual,28,30.0,36.0,2026-09-19 · Serie A · Sao Paulo 1-0 Internacional (P); 2026-09-12 · Serie A · Chapecoense-sc 1-2 Internacional (G); 2026-09-06 · Serie A · Internacional 2-3 Santos (P); 2026-08-30 · Serie A · Bahia 3-2 Internacional (P); 2026-08-22 · Serie A · Internacional 0-0 Atletico-MG (E),torneo actual,28,29.0,32.0,2026-09-20 · Serie A · Corinthians 1-3 Fluminense (P); 2026-09-13 · Serie A · Flamengo 2-1 Corinthians (P); 2026-09-06 · Serie A · Corinthians 1-2 Chapecoense-sc (P); 2026-08-30 · Serie A · Corinthians 0-1 Santos (P); 2026-08-23 · Serie A · Coritiba 2-1 Corinthians (P)
2026-10-07,17:30,Internacional vs Corinthians,,,Local corners -5.5,CORNERS_HOME UNDER.5.5,CORNERS_HOME:UNDER_5_5,63.3%,0.633500,1.58,,,,,,,,,,,Sin cuota/EV,No encontrado en Betano,Solo modelo,4,79.35,79.350000,,Betano mapeado,Media,contexto premium torneo actual,usa promedios del contexto premium/API-Football,el volumen ofensivo puede variar por planteamiento y marcador temprano,https://www.betano.pe/cuotas-de-partido/internacional-rs-corinthians-sp/92517456/,torneo actual,torneo actual,28,30.0,36.0,2026-09-19 · Serie A · Sao Paulo 1-0 Internacional (P); 2026-09-12 · Serie A · Chapecoense-sc 1-2 Internacional (G); 2026-09-06 · Serie A · Internacional 2-3 Santos (P); 2026-08-30 · Serie A · Bahia 3-2 Internacional (P); 2026-08-22 · Serie A · Internacional 0-0 Atletico-MG (E),torneo actual,28,29.0,32.0,2026-09-20 · Serie A · Corinthians 1-3 Fluminense (P); 2026-09-13 · Serie A · Flamengo 2-1 Corinthians (P); 2026-09-06 · Serie A · Corinthians 1-2 Chapecoense-sc (P); 2026-08-30 · Serie A · Corinthians 0-1 Santos (P); 2026-08-23 · Serie A · Coritiba 2-1 Corinthians (P)
2026-10-07,17:30,Internacional vs Corinthians,,,DOUBLE_CHANCE X2,DOUBLE_CHANCE X2,DOUBLE_CHANCE:X2,63.1%,0.631200,1.58,,,,,,,,,,,Sin cuota/EV,No encontrado en Betano,Solo modelo,9,108.12,108.124000,,Betano mapeado,Media,torneo actual,usa Poisson base con estadisticas de goles del torneo,riesgo propio del resultado final y variacion del modelo,https://www.betano.pe/cuotas-de-partido/internacional-rs-corinthians-sp/92517456/,torneo actual,torneo actual,28,30.0,36.0,2026-09-19 · Serie A · Sao Paulo 1-0 Internacional (P); 2026-09-12 · Serie A · Chapecoense-sc 1-2 Internacional (G); 2026-09-06 · Serie A · Internacional 2-3 Santos (P); 2026-08-30 · Serie A · Bahia 3-2 Internacional (P); 2026-08-22 · Serie A · Internacional 0-0 Atletico-MG (E),torneo actual,28,29.0,32.0,2026-09-20 · Serie A · Corinthians 1-3 Fluminense (P); 2026-09-13 · Serie A · Flamengo 2-1 Corinthians (P); 2026-09-06 · Serie A · Corinthians 1-2 Chapecoense-sc (P); 2026-08-30 · Serie A · Corinthians 0-1 Santos (P); 2026-08-23 · Serie A · Coritiba 2-1 Corinthians (P)
2026-10-07,17:30,Internacional vs Corinthians,,,Visita tarjetas -2.5,CARDS_AWAY UNDER.2.5,CARDS_AWAY:UNDER_2_5,62.3%,0.622700,1.61,,,,,,,,,,,Sin cuota/EV,No encontrado en Betano,Solo modelo,2,65.27,65.271000,,Betano mapeado,Media,contexto premium torneo actual,usa promedios del contexto premium/API-Football,depende mucho del arbitro y del contexto competitivo,https://www.betano.pe/cuotas-de-partido/internacional-rs-corinthians-sp/92517456/,torneo actual,torneo actual,28,30.0,36.0,2026-09-19 · Serie A · Sao Paulo 1-0 Internacional (P); 2026-09-12 · Serie A · Chapecoense-sc 1-2 Internacional (G); 2026-09-06 · Serie A · Internacional 2-3 Santos (P); 2026-08-30 · Serie A · Bahia 3-2 Internacional (P); 2026-08-22 · Serie A · Internacional 0-0 Atletico-MG (E),torneo actual,28,29.0,32.0,2026-09-20 · Serie A · Corinthians 1-3 Fluminense (P); 2026-09-13 · Serie A · Flamengo 2-1 Corinthians (P); 2026-09-06 · Serie A · Corinthians 1-2 Chapecoense-sc (P); 2026-08-30 · Serie A · Corinthians 0-1 Santos (P); 2026-08-23 · Serie A · Coritiba 2-1 Corinthians (P)
2026-10-07,17:30,Internacional vs Corinthians,,,SHOTS_ON_TARGET_TOTAL UNDER.8.5,SHOTS_ON_TARGET_TOTAL UNDER.8.5,SHOTS_ON_TARGET_TOTAL:UNDER_8_5,60.7%,0.606500,1.65,,,,,,,,,,,Sin cuota/EV,No encontrado en Betano,Solo modelo,2,63.65,63.650000,,Betano mapeado,Media,contexto premium torneo actual,usa promedios del contexto premium/API-Football,el volumen ofensivo puede variar por planteamiento y marcador temprano,https://www.betano.pe/cuotas-de-partido/internacional-rs-corinthians-sp/92517456/,torneo actual,torneo actual,28,30.0,36.0,2026-09-19 · Serie A · Sao Paulo 1-0 Internacional (P); 2026-09-12 · Serie A · Chapecoense-sc 1-2 Internacional (G); 2026-09-06 · Serie A · Internacional 2-3 Santos (P); 2026-08-30 · Serie A · Bahia 3-2 Internacional (P); 2026-08-22 · Serie A · Internacional 0-0 Atletico-MG (E),torneo actual,28,29.0,32.0,2026-09-20 · Serie A · Corinthians 1-3 Fluminense (P); 2026-09-13 · Serie A · Flamengo 2-1 Corinthians (P); 2026-09-06 · Serie A · Corinthians 1-2 Chapecoense-sc (P); 2026-08-30 · Serie A · Corinthians 0-1 Santos (P); 2026-08-23 · Serie A · Coritiba 2-1 Corinthians (P)
2026-10-07,17:30,Internacional vs Corinthians,,Betano,Corners total +9.5,CORNERS_TOTALS OVER.9.5,CORNERS_TOTALS:OVER_9_5,59.1%,0.591000,1.69,,,,,,1.82,0.08,0.075600,0.13,1.08,Sin cuota/EV,EV positivo Betano,Solo modelo,6,98.31,98.311000,,Betano mapeado,Media,contexto premium torneo actual,usa promedios del contexto premium/API-Football,el volumen ofensivo puede variar por planteamiento y marcador temprano,https://www.betano.pe/cuotas-de-partido/internacional-rs-corinthians-sp/92517456/,torneo actual,torneo actual,28,30.0,36.0,2026-09-19 · Serie A · Sao Paulo 1-0 Internacional (P); 2026-09-12 · Serie A · Chapecoense-sc 1-2 Internacional (G); 2026-09-06 · Serie A · Internacional 2-3 Santos (P); 2026-08-30 · Serie A · Bahia 3-2 Internacional (P); 2026-08-22 · Serie A · Internacional 0-0 Atletico-MG (E),torneo actual,28,29.0,32.0,2026-09-20 · Serie A · Corinthians 1-3 Fluminense (P); 2026-09-13 · Serie A · Flamengo 2-1 Corinthians (P); 2026-09-06 · Serie A · Corinthians 1-2 Chapecoense-sc (P); 2026-08-30 · Serie A · Corinthians 0-1 Santos (P); 2026-08-23 · Serie A · Coritiba 2-1 Corinthians (P)
2026-10-07,17:30,Internacional vs Corinthians,,,SHOTS_TOTAL OVER.24.5,SHOTS_TOTAL OVER.24.5,SHOTS_TOTAL:OVER_24_5,58.1%,0.581300,1.72,,,,,,,,,,,Sin cuota/EV,No encontrado en Betano,Solo modelo,2,61.13,61.133000,,Betano mapeado,Media,contexto premium torneo actual,usa promedios del contexto premium/API-Football,el volumen ofensivo puede variar por planteamiento y marcador temprano,https://www.betano.pe/cuotas-de-partido/internacional-rs-corinthians-sp/92517456/,torneo actual,torneo actual,28,30.0,36.0,2026-09-19 · Serie A · Sao Paulo 1-0 Internacional (P); 2026-09-12 · Serie A · Chapecoense-sc 1-2 Internacional (G); 2026-09-06 · Serie A · Internacional 2-3 Santos (P); 2026-08-30 · Serie A · Bahia 3-2 Internacional (P); 2026-08-22 · Serie A · Internacional 0-0 Atletico-MG (E),torneo actual,28,29.0,32.0,2026-09-20 · Serie A · Corinthians 1-3 Fluminense (P); 2026-09-13 · Serie A · Flamengo 2-1 Corinthians (P); 2026-09-06 · Serie A · Corinthians 1-2 Chapecoense-sc (P); 2026-08-30 · Serie A · Corinthians 0-1 Santos (P); 2026-08-23 · Serie A · Coritiba 2-1 Corinthians (P)
2026-10-07,17:30,Internacional vs Corinthians,William Hill,Betano,Goles -2.5,TOTALS UNDER.2.5,TOTALS:UNDER_2_5,58.1%,0.581100,1.72,1.14,-0.34,-0.337500,-0.58,0.66,1.72,-0.00,-0.000500,-0.00,1.00,EV negativo,EV negativo Betano,Evitar,8,81.03,81.031000,Cuota por debajo de la cuota justa: valor limitado,Betano mapeado,Media,torneo actual,usa Poisson base con estadisticas de goles del torneo,un gol temprano o baja eficacia puede cambiar la lectura del mercado,https://www.betano.pe/cuotas-de-partido/internacional-rs-corinthians-sp/92517456/,torneo actual,torneo actual,28,30.0,36.0,2026-09-19 · Serie A · Sao Paulo 1-0 Internacional (P); 2026-09-12 · Serie A · Chapecoense-sc 1-2 Internacional (G); 2026-09-06 · Serie A · Internacional 2-3 Santos (P); 2026-08-30 · Serie A · Bahia 3-2 Internacional (P); 2026-08-22 · Serie A · Internacional 0-0 Atletico-MG (E),torneo actual,28,29.0,32.0,2026-09-20 · Serie A · Corinthians 1-3 Fluminense (P); 2026-09-13 · Serie A · Flamengo 2-1 Corinthians (P); 2026-09-06 · Serie A · Corinthians 1-2 Chapecoense-sc (P); 2026-08-30 · Serie A · Corinthians 0-1 Santos (P); 2026-08-23 · Serie A · Coritiba 2-1 Corinthians (P)
2026-10-07,17:30,Internacional vs Corinthians,,,SHOTS_TOTAL UNDER.26.5,SHOTS_TOTAL UNDER.26.5,SHOTS_TOTAL:UNDER_26_5,57.5%,0.575300,1.74,,,,,,,,,,,Sin cuota/EV,No encontrado en Betano,Solo modelo,2,60.53,60.529000,,Betano mapeado,Media,contexto premium torneo actual,usa promedios del contexto premium/API-Football,el volumen ofensivo puede variar por planteamiento y marcador temprano,https://www.betano.pe/cuotas-de-partido/internacional-rs-corinthians-sp/92517456/,torneo actual,torneo actual,28,30.0,36.0,2026-09-19 · Serie A · Sao Paulo 1-0 Internacional (P); 2026-09-12 · Serie A · Chapecoense-sc 1-2 Internacional (G); 2026-09-06 · Serie A · Internacional 2-3 Santos (P); 2026-08-30 · Serie A · Bahia 3-2 Internacional (P); 2026-08-22 · Serie A · Internacional 0-0 Atletico-MG (E),torneo actual,28,29.0,32.0,2026-09-20 · Serie A · Corinthians 1-3 Fluminense (P); 2026-09-13 · Serie A · Flamengo 2-1 Corinthians (P); 2026-09-06 · Serie A · Corinthians 1-2 Chapecoense-sc (P); 2026-08-30 · Serie A · Corinthians 0-1 Santos (P); 2026-08-23 · Serie A · Coritiba 2-1 Corinthians (P)
2026-10-07,17:30,Internacional vs Corinthians,,,Local tarjetas -3.5,CARDS_HOME UNDER.3.5,CARDS_HOME:UNDER_3_5,55.8%,0.558400,1.79,,,,,,,,,,,Sin cuota/EV,No encontrado en Betano,Solo modelo,2,58.84,58.836000,,Betano mapeado,Media,contexto premium torneo actual,usa promedios del contexto premium/API-Football,depende mucho del arbitro y del contexto competitivo,https://www.betano.pe/cuotas-de-partido/internacional-rs-corinthians-sp/92517456/,torneo actual,torneo actual,28,30.0,36.0,2026-09-19 · Serie A · Sao Paulo 1-0 Internacional (P); 2026-09-12 · Serie A · Chapecoense-sc 1-2 Internacional (G); 2026-09-06 · Serie A · Internacional 2-3 Santos (P); 2026-08-30 · Serie A · Bahia 3-2 Internacional (P); 2026-08-22 · Serie A · Internacional 0-0 Atletico-MG (E),torneo actual,28,29.0,32.0,2026-09-20 · Serie A · Corinthians 1-3 Fluminense (P); 2026-09-13 · Serie A · Flamengo 2-1 Corinthians (P); 2026-09-06 · Serie A · Corinthians 1-2 Chapecoense-sc (P); 2026-08-30 · Serie A · Corinthians 0-1 Santos (P); 2026-08-23 · Serie A · Coritiba 2-1 Corinthians (P)
2026-10-07,17:30,Internacional vs Corinthians,William Hill,Betano,1T -1.5,FIRST_HALF_TOTALS UNDER.1.5,FIRST_HALF_TOTALS:UNDER_1_5,55.8%,0.557800,1.79,1.36,-0.24,-0.241400,-0.43,0.76,1.36,-0.24,-0.241400,-0.43,0.76,EV negativo,EV negativo Betano,Evitar,5,61.58,61.576000,Cuota por debajo de la cuota justa: valor limitado,Betano mapeado,Media,contexto premium torneo actual,usa promedios del contexto premium/API-Football,el primer tiempo puede tener ritmo bajo o rotaciones,https://www.betano.pe/cuotas-de-partido/internacional-rs-corinthians-sp/92517456/,torneo actual,torneo actual,28,30.0,36.0,2026-09-19 · Serie A · Sao Paulo 1-0 Internacional (P); 2026-09-12 · Serie A · Chapecoense-sc 1-2 Internacional (G); 2026-09-06 · Serie A · Internacional 2-3 Santos (P); 2026-08-30 · Serie A · Bahia 3-2 Internacional (P); 2026-08-22 · Serie A · Internacional 0-0 Atletico-MG (E),torneo actual,28,29.0,32.0,2026-09-20 · Serie A · Corinthians 1-3 Fluminense (P); 2026-09-13 · Serie A · Flamengo 2-1 Corinthians (P); 2026-09-06 · Serie A · Corinthians 1-2 Chapecoense-sc (P); 2026-08-30 · Serie A · Corinthians 0-1 Santos (P); 2026-08-23 · Serie A · Coritiba 2-1 Corinthians (P)
2026-10-07,17:30,Internacional vs Corinthians,,,Local corners +4.5,CORNERS_HOME OVER.4.5,CORNERS_HOME:OVER_4_5,54.2%,0.541800,1.85,,,,,,,,,,,Sin cuota/EV,No encontrado en Betano,Solo modelo,4,70.18,70.179000,,Betano mapeado,Baja,contexto premium torneo actual,usa promedios del contexto premium/API-Football,el volumen ofensivo puede variar por planteamiento y marcador temprano,https://www.betano.pe/cuotas-de-partido/internacional-rs-corinthians-sp/92517456/,torneo actual,torneo actual,28,30.0,36.0,2026-09-19 · Serie A · Sao Paulo 1-0 Internacional (P); 2026-09-12 · Serie A · Chapecoense-sc 1-2 Internacional (G); 2026-09-06 · Serie A · Internacional 2-3 Santos (P); 2026-08-30 · Serie A · Bahia 3-2 Internacional (P); 2026-08-22 · Serie A · Internacional 0-0 Atletico-MG (E),torneo actual,28,29.0,32.0,2026-09-20 · Serie A · Corinthians 1-3 Fluminense (P); 2026-09-13 · Serie A · Flamengo 2-1 Corinthians (P); 2026-09-06 · Serie A · Corinthians 1-2 Chapecoense-sc (P); 2026-08-30 · Serie A · Corinthians 0-1 Santos (P); 2026-08-23 · Serie A · Coritiba 2-1 Corinthians (P)
2026-10-07,17:30,Internacional vs Corinthians,,Betano,Corners total -10.5,CORNERS_TOTALS UNDER.10.5,CORNERS_TOTALS:UNDER_10_5,53.3%,0.533100,1.88,,,,,,1.55,-0.17,-0.173700,-0.33,0.83,Sin cuota/EV,EV negativo Betano,Solo modelo,6,88.53,88.534000,,Betano mapeado,Baja,contexto premium torneo actual,usa promedios del contexto premium/API-Football,el volumen ofensivo puede variar por planteamiento y marcador temprano,https://www.betano.pe/cuotas-de-partido/internacional-rs-corinthians-sp/92517456/,torneo actual,torneo actual,28,30.0,36.0,2026-09-19 · Serie A · Sao Paulo 1-0 Internacional (P); 2026-09-12 · Serie A · Chapecoense-sc 1-2 Internacional (G); 2026-09-06 · Serie A · Internacional 2-3 Santos (P); 2026-08-30 · Serie A · Bahia 3-2 Internacional (P); 2026-08-22 · Serie A · Internacional 0-0 Atletico-MG (E),torneo actual,28,29.0,32.0,2026-09-20 · Serie A · Corinthians 1-3 Fluminense (P); 2026-09-13 · Serie A · Flamengo 2-1 Corinthians (P); 2026-09-06 · Serie A · Corinthians 1-2 Chapecoense-sc (P); 2026-08-30 · Serie A · Corinthians 0-1 Santos (P); 2026-08-23 · Serie A · Coritiba 2-1 Corinthians (P)
2026-10-07,17:30,Internacional vs Corinthians,,,SHOTS_ON_TARGET_TOTAL OVER.7.5,SHOTS_ON_TARGET_TOTAL OVER.7.5,SHOTS_ON_TARGET_TOTAL:OVER_7_5,53.3%,0.533000,1.88,,,,,,,,,,,Sin cuota/EV,No encontrado en Betano,Solo modelo,2,56.30,56.300000,,Betano mapeado,Baja,contexto premium torneo actual,usa promedios del contexto premium/API-Football,el volumen ofensivo puede variar por planteamiento y marcador temprano,https://www.betano.pe/cuotas-de-partido/internacional-rs-corinthians-sp/92517456/,torneo actual,torneo actual,28,30.0,36.0,2026-09-19 · Serie A · Sao Paulo 1-0 Internacional (P); 2026-09-12 · Serie A · Chapecoense-sc 1-2 Internacional (G); 2026-09-06 · Serie A · Internacional 2-3 Santos (P); 2026-08-30 · Serie A · Bahia 3-2 Internacional (P); 2026-08-22 · Serie A · Internacional 0-0 Atletico-MG (E),torneo actual,28,29.0,32.0,2026-09-20 · Serie A · Corinthians 1-3 Fluminense (P); 2026-09-13 · Serie A · Flamengo 2-1 Corinthians (P); 2026-09-06 · Serie A · Corinthians 1-2 Chapecoense-sc (P); 2026-08-30 · Serie A · Corinthians 0-1 Santos (P); 2026-08-23 · Serie A · Coritiba 2-1 Corinthians (P)
2026-10-07,17:30,Internacional vs Corinthians,,,Visita corners -5.5,CORNERS_AWAY UNDER.5.5,CORNERS_AWAY:UNDER_5_5,52.9%,0.528900,1.89,,,,,,,,,,,Sin cuota/EV,No encontrado en Betano,Solo modelo,4,68.89,68.892000,,Betano mapeado,Baja,contexto premium torneo actual,usa promedios del contexto premium/API-Football,el volumen ofensivo puede variar por planteamiento y marcador temprano,https://www.betano.pe/cuotas-de-partido/internacional-rs-corinthians-sp/92517456/,torneo actual,torneo actual,28,30.0,36.0,2026-09-19 · Serie A · Sao Paulo 1-0 Internacional (P); 2026-09-12 · Serie A · Chapecoense-sc 1-2 Internacional (G); 2026-09-06 · Serie A · Internacional 2-3 Santos (P); 2026-08-30 · Serie A · Bahia 3-2 Internacional (P); 2026-08-22 · Serie A · Internacional 0-0 Atletico-MG (E),torneo actual,28,29.0,32.0,2026-09-20 · Serie A · Corinthians 1-3 Fluminense (P); 2026-09-13 · Serie A · Flamengo 2-1 Corinthians (P); 2026-09-06 · Serie A · Corinthians 1-2 Chapecoense-sc (P); 2026-08-30 · Serie A · Corinthians 0-1 Santos (P); 2026-08-23 · Serie A · Coritiba 2-1 Corinthians (P)
2026-10-07,17:30,Internacional vs Corinthians,William Hill,Betano,BTTS no,BTTS NO,BTTS:NO,52.1%,0.521000,1.92,1.17,-0.39,-0.390400,-0.75,0.61,1.93,0.01,0.005500,0.01,1.01,EV negativo,EV positivo Betano,Evitar,8,74.16,74.160000,Cuota por debajo de la cuota justa: valor limitado,Betano mapeado,Baja,torneo actual,usa Poisson base con estadisticas de goles del torneo,un gol temprano o baja eficacia puede cambiar la lectura del mercado,https://www.betano.pe/cuotas-de-partido/internacional-rs-corinthians-sp/92517456/,torneo actual,torneo actual,28,30.0,36.0,2026-09-19 · Serie A · Sao Paulo 1-0 Internacional (P); 2026-09-12 · Serie A · Chapecoense-sc 1-2 Internacional (G); 2026-09-06 · Serie A · Internacional 2-3 Santos (P); 2026-08-30 · Serie A · Bahia 3-2 Internacional (P); 2026-08-22 · Serie A · Internacional 0-0 Atletico-MG (E),torneo actual,28,29.0,32.0,2026-09-20 · Serie A · Corinthians 1-3 Fluminense (P); 2026-09-13 · Serie A · Flamengo 2-1 Corinthians (P); 2026-09-06 · Serie A · Corinthians 1-2 Chapecoense-sc (P); 2026-08-30 · Serie A · Corinthians 0-1 Santos (P); 2026-08-23 · Serie A · Coritiba 2-1 Corinthians (P)
2026-10-07,17:30,Internacional vs Corinthians,,,DNB local,DRAW_NO_BET HOME,DRAW_NO_BET:HOME,51.2%,0.511900,1.95,,,,,,,,,,,Sin cuota/EV,No encontrado en Betano,Solo modelo,9,96.19,96.188000,,Betano mapeado,Baja,torneo actual,usa Poisson base con estadisticas de goles del torneo,riesgo propio del resultado final y variacion del modelo,https://www.betano.pe/cuotas-de-partido/internacional-rs-corinthians-sp/92517456/,torneo actual,torneo actual,28,30.0,36.0,2026-09-19 · Serie A · Sao Paulo 1-0 Internacional (P); 2026-09-12 · Serie A · Chapecoense-sc 1-2 Internacional (G); 2026-09-06 · Serie A · Internacional 2-3 Santos (P); 2026-08-30 · Serie A · Bahia 3-2 Internacional (P); 2026-08-22 · Serie A · Internacional 0-0 Atletico-MG (E),torneo actual,28,29.0,32.0,2026-09-20 · Serie A · Corinthians 1-3 Fluminense (P); 2026-09-13 · Serie A · Flamengo 2-1 Corinthians (P); 2026-09-06 · Serie A · Corinthians 1-2 Chapecoense-sc (P); 2026-08-30 · Serie A · Corinthians 0-1 Santos (P); 2026-08-23 · Serie A · Coritiba 2-1 Corinthians (P)
2026-10-07,17:30,Internacional vs Corinthians,,Betano,Tarjetas total -5.5,CARDS_TOTALS UNDER.5.5,CARDS_TOTALS:UNDER_5_5,51.2%,0.511900,1.95,,,,,,1.93,-0.01,-0.012000,-0.02,0.99,Sin cuota/EV,EV negativo Betano,Solo modelo,3,66.99,66.994000,,Betano mapeado,Baja,contexto premium torneo actual,usa promedios del contexto premium/API-Football,depende mucho del arbitro y del contexto competitivo,https://www.betano.pe/cuotas-de-partido/internacional-rs-corinthians-sp/92517456/,torneo actual,torneo actual,28,30.0,36.0,2026-09-19 · Serie A · Sao Paulo 1-0 Internacional (P); 2026-09-12 · Serie A · Chapecoense-sc 1-2 Internacional (G); 2026-09-06 · Serie A · Internacional 2-3 Santos (P); 2026-08-30 · Serie A · Bahia 3-2 Internacional (P); 2026-08-22 · Serie A · Internacional 0-0 Atletico-MG (E),torneo actual,28,29.0,32.0,2026-09-20 · Serie A · Corinthians 1-3 Fluminense (P); 2026-09-13 · Serie A · Flamengo 2-1 Corinthians (P); 2026-09-06 · Serie A · Corinthians 1-2 Chapecoense-sc (P); 2026-08-30 · Serie A · Corinthians 0-1 Santos (P); 2026-08-23 · Serie A · Coritiba 2-1 Corinthians (P)
2026-10-07,17:30,Internacional vs Corinthians,,Betano,Tarjetas total +5.5,CARDS_TOTALS OVER.5.5,CARDS_TOTALS:OVER_5_5,48.8%,0.488100,2.05,,,,,,1.80,-0.12,-0.121400,-0.25,0.88,Sin cuota/EV,EV negativo Betano,Solo modelo,3,62.87,62.872000,,Betano mapeado,Baja,contexto premium torneo actual,usa promedios del contexto premium/API-Football,depende mucho del arbitro y del contexto competitivo,https://www.betano.pe/cuotas-de-partido/internacional-rs-corinthians-sp/92517456/,torneo actual,torneo actual,28,30.0,36.0,2026-09-19 · Serie A · Sao Paulo 1-0 Internacional (P); 2026-09-12 · Serie A · Chapecoense-sc 1-2 Internacional (G); 2026-09-06 · Serie A · Internacional 2-3 Santos (P); 2026-08-30 · Serie A · Bahia 3-2 Internacional (P); 2026-08-22 · Serie A · Internacional 0-0 Atletico-MG (E),torneo actual,28,29.0,32.0,2026-09-20 · Serie A · Corinthians 1-3 Fluminense (P); 2026-09-13 · Serie A · Flamengo 2-1 Corinthians (P); 2026-09-06 · Serie A · Corinthians 1-2 Chapecoense-sc (P); 2026-08-30 · Serie A · Corinthians 0-1 Santos (P); 2026-08-23 · Serie A · Coritiba 2-1 Corinthians (P)
2026-10-07,17:30,Internacional vs Corinthians,,,DNB visita,DRAW_NO_BET AWAY,DRAW_NO_BET:AWAY,48.8%,0.488100,2.05,,,,,,,,,,,Sin cuota/EV,No encontrado en Betano,Solo modelo,9,93.81,93.812000,,Betano mapeado,Baja,torneo actual,usa Poisson base con estadisticas de goles del torneo,riesgo propio del resultado final y variacion del modelo,https://www.betano.pe/cuotas-de-partido/internacional-rs-corinthians-sp/92517456/,torneo actual,torneo actual,28,30.0,36.0,2026-09-19 · Serie A · Sao Paulo 1-0 Internacional (P); 2026-09-12 · Serie A · Chapecoense-sc 1-2 Internacional (G); 2026-09-06 · Serie A · Internacional 2-3 Santos (P); 2026-08-30 · Serie A · Bahia 3-2 Internacional (P); 2026-08-22 · Serie A · Internacional 0-0 Atletico-MG (E),torneo actual,28,29.0,32.0,2026-09-20 · Serie A · Corinthians 1-3 Fluminense (P); 2026-09-13 · Serie A · Flamengo 2-1 Corinthians (P); 2026-09-06 · Serie A · Corinthians 1-2 Chapecoense-sc (P); 2026-08-30 · Serie A · Corinthians 0-1 Santos (P); 2026-08-23 · Serie A · Coritiba 2-1 Corinthians (P)
2026-10-07,17:30,Internacional vs Corinthians,William Hill,Betano,BTTS sí,BTTS YES,BTTS:YES,47.9%,0.479000,2.09,4.80,1.30,1.299200,2.71,2.30,1.80,-0.14,-0.137800,-0.29,0.86,EV positivo,EV negativo Betano,Equilibrado,8,105.08,105.081000,Cuota API muy superior a la cuota justa: revisar manualmente antes de apostar,Betano mapeado,Baja,torneo actual,usa Poisson base con estadisticas de goles del torneo,un gol temprano o baja eficacia puede cambiar la lectura del mercado,https://www.betano.pe/cuotas-de-partido/internacional-rs-corinthians-sp/92517456/,torneo actual,torneo actual,28,30.0,36.0,2026-09-19 · Serie A · Sao Paulo 1-0 Internacional (P); 2026-09-12 · Serie A · Chapecoense-sc 1-2 Internacional (G); 2026-09-06 · Serie A · Internacional 2-3 Santos (P); 2026-08-30 · Serie A · Bahia 3-2 Internacional (P); 2026-08-22 · Serie A · Internacional 0-0 Atletico-MG (E),torneo actual,28,29.0,32.0,2026-09-20 · Serie A · Corinthians 1-3 Fluminense (P); 2026-09-13 · Serie A · Flamengo 2-1 Corinthians (P); 2026-09-06 · Serie A · Corinthians 1-2 Chapecoense-sc (P); 2026-08-30 · Serie A · Corinthians 0-1 Santos (P); 2026-08-23 · Serie A · Coritiba 2-1 Corinthians (P)
2026-10-07,17:30,Internacional vs Corinthians,,,Visita corners +5.5,CORNERS_AWAY OVER.5.5,CORNERS_AWAY:OVER_5_5,47.1%,0.471100,2.12,,,,,,,,,,,Sin cuota/EV,No encontrado en Betano,Solo modelo,4,63.11,63.108000,,Betano mapeado,Baja,contexto premium torneo actual,usa promedios del contexto premium/API-Football,el volumen ofensivo puede variar por planteamiento y marcador temprano,https://www.betano.pe/cuotas-de-partido/internacional-rs-corinthians-sp/92517456/,torneo actual,torneo actual,28,30.0,36.0,2026-09-19 · Serie A · Sao Paulo 1-0 Internacional (P); 2026-09-12 · Serie A · Chapecoense-sc 1-2 Internacional (G); 2026-09-06 · Serie A · Internacional 2-3 Santos (P); 2026-08-30 · Serie A · Bahia 3-2 Internacional (P); 2026-08-22 · Serie A · Internacional 0-0 Atletico-MG (E),torneo actual,28,29.0,32.0,2026-09-20 · Serie A · Corinthians 1-3 Fluminense (P); 2026-09-13 · Serie A · Flamengo 2-1 Corinthians (P); 2026-09-06 · Serie A · Corinthians 1-2 Chapecoense-sc (P); 2026-08-30 · Serie A · Corinthians 0-1 Santos (P); 2026-08-23 · Serie A · Coritiba 2-1 Corinthians (P)
2026-10-07,17:30,Internacional vs Corinthians,,,SHOTS_ON_TARGET_TOTAL UNDER.7.5,SHOTS_ON_TARGET_TOTAL UNDER.7.5,SHOTS_ON_TARGET_TOTAL:UNDER_7_5,46.7%,0.467000,2.14,,,,,,,,,,,Sin cuota/EV,No encontrado en Betano,Solo modelo,2,49.70,49.700000,,Betano mapeado,Baja,contexto premium torneo actual,usa promedios del contexto premium/API-Football,el volumen ofensivo puede variar por planteamiento y marcador temprano,https://www.betano.pe/cuotas-de-partido/internacional-rs-corinthians-sp/92517456/,torneo actual,torneo actual,28,30.0,36.0,2026-09-19 · Serie A · Sao Paulo 1-0 Internacional (P); 2026-09-12 · Serie A · Chapecoense-sc 1-2 Internacional (G); 2026-09-06 · Serie A · Internacional 2-3 Santos (P); 2026-08-30 · Serie A · Bahia 3-2 Internacional (P); 2026-08-22 · Serie A · Internacional 0-0 Atletico-MG (E),torneo actual,28,29.0,32.0,2026-09-20 · Serie A · Corinthians 1-3 Fluminense (P); 2026-09-13 · Serie A · Flamengo 2-1 Corinthians (P); 2026-09-06 · Serie A · Corinthians 1-2 Chapecoense-sc (P); 2026-08-30 · Serie A · Corinthians 0-1 Santos (P); 2026-08-23 · Serie A · Coritiba 2-1 Corinthians (P)
2026-10-07,17:30,Internacional vs Corinthians,,Betano,Corners total +10.5,CORNERS_TOTALS OVER.10.5,CORNERS_TOTALS:OVER_10_5,46.7%,0.466900,2.14,,,,,,2.35,0.10,0.097200,0.21,1.10,Sin cuota/EV,EV positivo Betano,Solo modelo,6,86.24,86.242000,,Betano mapeado,Baja,contexto premium torneo actual,usa promedios del contexto premium/API-Football,el volumen ofensivo puede variar por planteamiento y marcador temprano,https://www.betano.pe/cuotas-de-partido/internacional-rs-corinthians-sp/92517456/,torneo actual,torneo actual,28,30.0,36.0,2026-09-19 · Serie A · Sao Paulo 1-0 Internacional (P); 2026-09-12 · Serie A · Chapecoense-sc 1-2 Internacional (G); 2026-09-06 · Serie A · Internacional 2-3 Santos (P); 2026-08-30 · Serie A · Bahia 3-2 Internacional (P); 2026-08-22 · Serie A · Internacional 0-0 Atletico-MG (E),torneo actual,28,29.0,32.0,2026-09-20 · Serie A · Corinthians 1-3 Fluminense (P); 2026-09-13 · Serie A · Flamengo 2-1 Corinthians (P); 2026-09-06 · Serie A · Corinthians 1-2 Chapecoense-sc (P); 2026-08-30 · Serie A · Corinthians 0-1 Santos (P); 2026-08-23 · Serie A · Coritiba 2-1 Corinthians (P)
2026-10-07,17:30,Internacional vs Corinthians,,,Local corners -4.5,CORNERS_HOME UNDER.4.5,CORNERS_HOME:UNDER_4_5,45.8%,0.458200,2.18,,,,,,,,,,,Sin cuota/EV,No encontrado en Betano,Solo modelo,4,61.82,61.821000,,Betano mapeado,Baja,contexto premium torneo actual,usa promedios del contexto premium/API-Football,el volumen ofensivo puede variar por planteamiento y marcador temprano,https://www.betano.pe/cuotas-de-partido/internacional-rs-corinthians-sp/92517456/,torneo actual,torneo actual,28,30.0,36.0,2026-09-19 · Serie A · Sao Paulo 1-0 Internacional (P); 2026-09-12 · Serie A · Chapecoense-sc 1-2 Internacional (G); 2026-09-06 · Serie A · Internacional 2-3 Santos (P); 2026-08-30 · Serie A · Bahia 3-2 Internacional (P); 2026-08-22 · Serie A · Internacional 0-0 Atletico-MG (E),torneo actual,28,29.0,32.0,2026-09-20 · Serie A · Corinthians 1-3 Fluminense (P); 2026-09-13 · Serie A · Flamengo 2-1 Corinthians (P); 2026-09-06 · Serie A · Corinthians 1-2 Chapecoense-sc (P); 2026-08-30 · Serie A · Corinthians 0-1 Santos (P); 2026-08-23 · Serie A · Coritiba 2-1 Corinthians (P)
2026-10-07,17:30,Internacional vs Corinthians,William Hill,Betano,1T +1.5,FIRST_HALF_TOTALS OVER.1.5,FIRST_HALF_TOTALS:OVER_1_5,44.2%,0.442200,2.26,2.90,0.28,0.282300,0.64,1.28,3.10,0.37,0.370800,0.84,1.37,EV positivo,EV positivo Betano,Equilibrado,5,88.23,88.232000,,Betano mapeado,Baja,contexto premium torneo actual,usa promedios del contexto premium/API-Football,el primer tiempo puede tener ritmo bajo o rotaciones,https://www.betano.pe/cuotas-de-partido/internacional-rs-corinthians-sp/92517456/,torneo actual,torneo actual,28,30.0,36.0,2026-09-19 · Serie A · Sao Paulo 1-0 Internacional (P); 2026-09-12 · Serie A · Chapecoense-sc 1-2 Internacional (G); 2026-09-06 · Serie A · Internacional 2-3 Santos (P); 2026-08-30 · Serie A · Bahia 3-2 Internacional (P); 2026-08-22 · Serie A · Internacional 0-0 Atletico-MG (E),torneo actual,28,29.0,32.0,2026-09-20 · Serie A · Corinthians 1-3 Fluminense (P); 2026-09-13 · Serie A · Flamengo 2-1 Corinthians (P); 2026-09-06 · Serie A · Corinthians 1-2 Chapecoense-sc (P); 2026-08-30 · Serie A · Corinthians 0-1 Santos (P); 2026-08-23 · Serie A · Coritiba 2-1 Corinthians (P)
2026-10-07,17:30,Internacional vs Corinthians,,,Local tarjetas +3.5,CARDS_HOME OVER.3.5,CARDS_HOME:OVER_3_5,44.2%,0.441600,2.26,,,,,,,,,,,Sin cuota/EV,No encontrado en Betano,Solo modelo,2,47.16,47.164000,,Betano mapeado,Baja,contexto premium torneo actual,usa promedios del contexto premium/API-Football,depende mucho del arbitro y del contexto competitivo,https://www.betano.pe/cuotas-de-partido/internacional-rs-corinthians-sp/92517456/,torneo actual,torneo actual,28,30.0,36.0,2026-09-19 · Serie A · Sao Paulo 1-0 Internacional (P); 2026-09-12 · Serie A · Chapecoense-sc 1-2 Internacional (G); 2026-09-06 · Serie A · Internacional 2-3 Santos (P); 2026-08-30 · Serie A · Bahia 3-2 Internacional (P); 2026-08-22 · Serie A · Internacional 0-0 Atletico-MG (E),torneo actual,28,29.0,32.0,2026-09-20 · Serie A · Corinthians 1-3 Fluminense (P); 2026-09-13 · Serie A · Flamengo 2-1 Corinthians (P); 2026-09-06 · Serie A · Corinthians 1-2 Chapecoense-sc (P); 2026-08-30 · Serie A · Corinthians 0-1 Santos (P); 2026-08-23 · Serie A · Coritiba 2-1 Corinthians (P)
2026-10-07,17:30,Internacional vs Corinthians,,,SHOTS_TOTAL OVER.26.5,SHOTS_TOTAL OVER.26.5,SHOTS_TOTAL:OVER_26_5,42.5%,0.424700,2.35,,,,,,,,,,,Sin cuota/EV,No encontrado en Betano,Solo modelo,2,45.47,45.471000,,Betano mapeado,Baja,contexto premium torneo actual,usa promedios del contexto premium/API-Football,el volumen ofensivo puede variar por planteamiento y marcador temprano,https://www.betano.pe/cuotas-de-partido/internacional-rs-corinthians-sp/92517456/,torneo actual,torneo actual,28,30.0,36.0,2026-09-19 · Serie A · Sao Paulo 1-0 Internacional (P); 2026-09-12 · Serie A · Chapecoense-sc 1-2 Internacional (G); 2026-09-06 · Serie A · Internacional 2-3 Santos (P); 2026-08-30 · Serie A · Bahia 3-2 Internacional (P); 2026-08-22 · Serie A · Internacional 0-0 Atletico-MG (E),torneo actual,28,29.0,32.0,2026-09-20 · Serie A · Corinthians 1-3 Fluminense (P); 2026-09-13 · Serie A · Flamengo 2-1 Corinthians (P); 2026-09-06 · Serie A · Corinthians 1-2 Chapecoense-sc (P); 2026-08-30 · Serie A · Corinthians 0-1 Santos (P); 2026-08-23 · Serie A · Coritiba 2-1 Corinthians (P)
2026-10-07,17:30,Internacional vs Corinthians,William Hill,Betano,Goles +2.5,TOTALS OVER.2.5,TOTALS:OVER_2_5,41.9%,0.418900,2.39,5.00,1.09,1.094300,2.61,2.09,2.12,-0.11,-0.111900,-0.27,0.89,EV positivo,EV negativo Betano,Equilibrado,8,95.79,95.793000,Cuota API muy superior a la cuota justa: revisar manualmente antes de apostar,Betano mapeado,Baja,torneo actual,usa Poisson base con estadisticas de goles del torneo,un gol temprano o baja eficacia puede cambiar la lectura del mercado,https://www.betano.pe/cuotas-de-partido/internacional-rs-corinthians-sp/92517456/,torneo actual,torneo actual,28,30.0,36.0,2026-09-19 · Serie A · Sao Paulo 1-0 Internacional (P); 2026-09-12 · Serie A · Chapecoense-sc 1-2 Internacional (G); 2026-09-06 · Serie A · Internacional 2-3 Santos (P); 2026-08-30 · Serie A · Bahia 3-2 Internacional (P); 2026-08-22 · Serie A · Internacional 0-0 Atletico-MG (E),torneo actual,28,29.0,32.0,2026-09-20 · Serie A · Corinthians 1-3 Fluminense (P); 2026-09-13 · Serie A · Flamengo 2-1 Corinthians (P); 2026-09-06 · Serie A · Corinthians 1-2 Chapecoense-sc (P); 2026-08-30 · Serie A · Corinthians 0-1 Santos (P); 2026-08-23 · Serie A · Coritiba 2-1 Corinthians (P)
2026-10-07,17:30,Internacional vs Corinthians,,,SHOTS_TOTAL UNDER.24.5,SHOTS_TOTAL UNDER.24.5,SHOTS_TOTAL:UNDER_24_5,41.9%,0.418700,2.39,,,,,,,,,,,Sin cuota/EV,No encontrado en Betano,Solo modelo,2,44.87,44.867000,,Betano mapeado,Baja,contexto premium torneo actual,usa promedios del contexto premium/API-Football,el volumen ofensivo puede variar por planteamiento y marcador temprano,https://www.betano.pe/cuotas-de-partido/internacional-rs-corinthians-sp/92517456/,torneo actual,torneo actual,28,30.0,36.0,2026-09-19 · Serie A · Sao Paulo 1-0 Internacional (P); 2026-09-12 · Serie A · Chapecoense-sc 1-2 Internacional (G); 2026-09-06 · Serie A · Internacional 2-3 Santos (P); 2026-08-30 · Serie A · Bahia 3-2 Internacional (P); 2026-08-22 · Serie A · Internacional 0-0 Atletico-MG (E),torneo actual,28,29.0,32.0,2026-09-20 · Serie A · Corinthians 1-3 Fluminense (P); 2026-09-13 · Serie A · Flamengo 2-1 Corinthians (P); 2026-09-06 · Serie A · Corinthians 1-2 Chapecoense-sc (P); 2026-08-30 · Serie A · Corinthians 0-1 Santos (P); 2026-08-23 · Serie A · Coritiba 2-1 Corinthians (P)
2026-10-07,17:30,Internacional vs Corinthians,,Betano,Corners total -9.5,CORNERS_TOTALS UNDER.9.5,CORNERS_TOTALS:UNDER_9_5,40.9%,0.409000,2.44,,,,,,1.93,-0.21,-0.210600,-0.52,0.79,Sin cuota/EV,EV negativo Betano,Solo modelo,6,75.53,75.529000,,Betano mapeado,Baja,contexto premium torneo actual,usa promedios del contexto premium/API-Football,el volumen ofensivo puede variar por planteamiento y marcador temprano,https://www.betano.pe/cuotas-de-partido/internacional-rs-corinthians-sp/92517456/,torneo actual,torneo actual,28,30.0,36.0,2026-09-19 · Serie A · Sao Paulo 1-0 Internacional (P); 2026-09-12 · Serie A · Chapecoense-sc 1-2 Internacional (G); 2026-09-06 · Serie A · Internacional 2-3 Santos (P); 2026-08-30 · Serie A · Bahia 3-2 Internacional (P); 2026-08-22 · Serie A · Internacional 0-0 Atletico-MG (E),torneo actual,28,29.0,32.0,2026-09-20 · Serie A · Corinthians 1-3 Fluminense (P); 2026-09-13 · Serie A · Flamengo 2-1 Corinthians (P); 2026-09-06 · Serie A · Corinthians 1-2 Chapecoense-sc (P); 2026-08-30 · Serie A · Corinthians 0-1 Santos (P); 2026-08-23 · Serie A · Coritiba 2-1 Corinthians (P)
2026-10-07,17:30,Internacional vs Corinthians,,,SHOTS_ON_TARGET_TOTAL OVER.8.5,SHOTS_ON_TARGET_TOTAL OVER.8.5,SHOTS_ON_TARGET_TOTAL:OVER_8_5,39.4%,0.393500,2.54,,,,,,,,,,,Sin cuota/EV,No encontrado en Betano,Solo modelo,2,42.35,42.350000,,Betano mapeado,Baja,contexto premium torneo actual,usa promedios del contexto premium/API-Football,el volumen ofensivo puede variar por planteamiento y marcador temprano,https://www.betano.pe/cuotas-de-partido/internacional-rs-corinthians-sp/92517456/,torneo actual,torneo actual,28,30.0,36.0,2026-09-19 · Serie A · Sao Paulo 1-0 Internacional (P); 2026-09-12 · Serie A · Chapecoense-sc 1-2 Internacional (G); 2026-09-06 · Serie A · Internacional 2-3 Santos (P); 2026-08-30 · Serie A · Bahia 3-2 Internacional (P); 2026-08-22 · Serie A · Internacional 0-0 Atletico-MG (E),torneo actual,28,29.0,32.0,2026-09-20 · Serie A · Corinthians 1-3 Fluminense (P); 2026-09-13 · Serie A · Flamengo 2-1 Corinthians (P); 2026-09-06 · Serie A · Corinthians 1-2 Chapecoense-sc (P); 2026-08-30 · Serie A · Corinthians 0-1 Santos (P); 2026-08-23 · Serie A · Coritiba 2-1 Corinthians (P)
2026-10-07,17:30,Internacional vs Corinthians,,,Visita tarjetas +2.5,CARDS_AWAY OVER.2.5,CARDS_AWAY:OVER_2_5,37.7%,0.377300,2.65,,,,,,,,,,,Sin cuota/EV,No encontrado en Betano,Solo modelo,2,40.73,40.729000,,Betano mapeado,Baja,contexto premium torneo actual,usa promedios del contexto premium/API-Football,depende mucho del arbitro y del contexto competitivo,https://www.betano.pe/cuotas-de-partido/internacional-rs-corinthians-sp/92517456/,torneo actual,torneo actual,28,30.0,36.0,2026-09-19 · Serie A · Sao Paulo 1-0 Internacional (P); 2026-09-12 · Serie A · Chapecoense-sc 1-2 Internacional (G); 2026-09-06 · Serie A · Internacional 2-3 Santos (P); 2026-08-30 · Serie A · Bahia 3-2 Internacional (P); 2026-08-22 · Serie A · Internacional 0-0 Atletico-MG (E),torneo actual,28,29.0,32.0,2026-09-20 · Serie A · Corinthians 1-3 Fluminense (P); 2026-09-13 · Serie A · Flamengo 2-1 Corinthians (P); 2026-09-06 · Serie A · Corinthians 1-2 Chapecoense-sc (P); 2026-08-30 · Serie A · Corinthians 0-1 Santos (P); 2026-08-23 · Serie A · Coritiba 2-1 Corinthians (P)
2026-10-07,17:30,Internacional vs Corinthians,William Hill,Betano,Gana local,1X2 HOME,1X2:HOME,36.9%,0.368800,2.71,2.75,0.01,0.014100,0.04,1.01,2.30,-0.15,-0.151800,-0.41,0.85,EV negativo,EV negativo Betano,Equilibrado,7,77.70,77.701000,,Betano mapeado,Baja,torneo actual,usa Poisson base con estadisticas de goles del torneo,riesgo propio del resultado final y variacion del modelo,https://www.betano.pe/cuotas-de-partido/internacional-rs-corinthians-sp/92517456/,torneo actual,torneo actual,28,30.0,36.0,2026-09-19 · Serie A · Sao Paulo 1-0 Internacional (P); 2026-09-12 · Serie A · Chapecoense-sc 1-2 Internacional (G); 2026-09-06 · Serie A · Internacional 2-3 Santos (P); 2026-08-30 · Serie A · Bahia 3-2 Internacional (P); 2026-08-22 · Serie A · Internacional 0-0 Atletico-MG (E),torneo actual,28,29.0,32.0,2026-09-20 · Serie A · Corinthians 1-3 Fluminense (P); 2026-09-13 · Serie A · Flamengo 2-1 Corinthians (P); 2026-09-06 · Serie A · Corinthians 1-2 Chapecoense-sc (P); 2026-08-30 · Serie A · Corinthians 0-1 Santos (P); 2026-08-23 · Serie A · Coritiba 2-1 Corinthians (P)
2026-10-07,17:30,Internacional vs Corinthians,,,Local corners +5.5,CORNERS_HOME OVER.5.5,CORNERS_HOME:OVER_5_5,36.6%,0.366500,2.73,,,,,,,,,,,Sin cuota/EV,No encontrado en Betano,Solo modelo,4,52.65,52.650000,,Betano mapeado,Baja,contexto premium torneo actual,usa promedios del contexto premium/API-Football,el volumen ofensivo puede variar por planteamiento y marcador temprano,https://www.betano.pe/cuotas-de-partido/internacional-rs-corinthians-sp/92517456/,torneo actual,torneo actual,28,30.0,36.0,2026-09-19 · Serie A · Sao Paulo 1-0 Internacional (P); 2026-09-12 · Serie A · Chapecoense-sc 1-2 Internacional (G); 2026-09-06 · Serie A · Internacional 2-3 Santos (P); 2026-08-30 · Serie A · Bahia 3-2 Internacional (P); 2026-08-22 · Serie A · Internacional 0-0 Atletico-MG (E),torneo actual,28,29.0,32.0,2026-09-20 · Serie A · Corinthians 1-3 Fluminense (P); 2026-09-13 · Serie A · Flamengo 2-1 Corinthians (P); 2026-09-06 · Serie A · Corinthians 1-2 Chapecoense-sc (P); 2026-08-30 · Serie A · Corinthians 0-1 Santos (P); 2026-08-23 · Serie A · Coritiba 2-1 Corinthians (P)
2026-10-07,17:30,Internacional vs Corinthians,,,Visita corners -4.5,CORNERS_AWAY UNDER.4.5,CORNERS_AWAY:UNDER_4_5,35.8%,0.357500,2.80,,,,,,,,,,,Sin cuota/EV,No encontrado en Betano,Solo modelo,4,51.75,51.752000,,Betano mapeado,Baja,contexto premium torneo actual,usa promedios del contexto premium/API-Football,el volumen ofensivo puede variar por planteamiento y marcador temprano,https://www.betano.pe/cuotas-de-partido/internacional-rs-corinthians-sp/92517456/,torneo actual,torneo actual,28,30.0,36.0,2026-09-19 · Serie A · Sao Paulo 1-0 Internacional (P); 2026-09-12 · Serie A · Chapecoense-sc 1-2 Internacional (G); 2026-09-06 · Serie A · Internacional 2-3 Santos (P); 2026-08-30 · Serie A · Bahia 3-2 Internacional (P); 2026-08-22 · Serie A · Internacional 0-0 Atletico-MG (E),torneo actual,28,29.0,32.0,2026-09-20 · Serie A · Corinthians 1-3 Fluminense (P); 2026-09-13 · Serie A · Flamengo 2-1 Corinthians (P); 2026-09-06 · Serie A · Corinthians 1-2 Chapecoense-sc (P); 2026-08-30 · Serie A · Corinthians 0-1 Santos (P); 2026-08-23 · Serie A · Coritiba 2-1 Corinthians (P)
2026-10-07,17:30,Internacional vs Corinthians,,,Visita tarjetas -1.5,CARDS_AWAY UNDER.1.5,CARDS_AWAY:UNDER_1_5,35.5%,0.354600,2.82,,,,,,,,,,,Sin cuota/EV,No encontrado en Betano,Solo modelo,2,38.46,38.457000,,Betano mapeado,Baja,contexto premium torneo actual,usa promedios del contexto premium/API-Football,depende mucho del arbitro y del contexto competitivo,https://www.betano.pe/cuotas-de-partido/internacional-rs-corinthians-sp/92517456/,torneo actual,torneo actual,28,30.0,36.0,2026-09-19 · Serie A · Sao Paulo 1-0 Internacional (P); 2026-09-12 · Serie A · Chapecoense-sc 1-2 Internacional (G); 2026-09-06 · Serie A · Internacional 2-3 Santos (P); 2026-08-30 · Serie A · Bahia 3-2 Internacional (P); 2026-08-22 · Serie A · Internacional 0-0 Atletico-MG (E),torneo actual,28,29.0,32.0,2026-09-20 · Serie A · Corinthians 1-3 Fluminense (P); 2026-09-13 · Serie A · Flamengo 2-1 Corinthians (P); 2026-09-06 · Serie A · Corinthians 1-2 Chapecoense-sc (P); 2026-08-30 · Serie A · Corinthians 0-1 Santos (P); 2026-08-23 · Serie A · Coritiba 2-1 Corinthians (P)
2026-10-07,17:30,Internacional vs Corinthians,William Hill,Betano,Gana visita,1X2 AWAY,1X2:AWAY,35.2%,0.351700,2.84,3.70,0.30,0.301100,0.86,1.30,3.30,0.16,0.160600,0.46,1.16,EV positivo,EV positivo Betano,Equilibrado,7,86.16,86.155000,,Betano mapeado,Baja,torneo actual,usa Poisson base con estadisticas de goles del torneo,riesgo propio del resultado final y variacion del modelo,https://www.betano.pe/cuotas-de-partido/internacional-rs-corinthians-sp/92517456/,torneo actual,torneo actual,28,30.0,36.0,2026-09-19 · Serie A · Sao Paulo 1-0 Internacional (P); 2026-09-12 · Serie A · Chapecoense-sc 1-2 Internacional (G); 2026-09-06 · Serie A · Internacional 2-3 Santos (P); 2026-08-30 · Serie A · Bahia 3-2 Internacional (P); 2026-08-22 · Serie A · Internacional 0-0 Atletico-MG (E),torneo actual,28,29.0,32.0,2026-09-20 · Serie A · Corinthians 1-3 Fluminense (P); 2026-09-13 · Serie A · Flamengo 2-1 Corinthians (P); 2026-09-06 · Serie A · Corinthians 1-2 Chapecoense-sc (P); 2026-08-30 · Serie A · Corinthians 0-1 Santos (P); 2026-08-23 · Serie A · Coritiba 2-1 Corinthians (P)
2026-10-07,17:30,Internacional vs Corinthians,,,Corners total +11.5,CORNERS_TOTALS OVER.11.5,CORNERS_TOTALS:OVER_11_5,34.9%,0.349500,2.86,,,,,,,,,,,Sin cuota/EV,No encontrado en Betano,Solo modelo,6,64.95,64.951000,,Betano mapeado,Baja,contexto premium torneo actual,usa promedios del contexto premium/API-Football,el volumen ofensivo puede variar por planteamiento y marcador temprano,https://www.betano.pe/cuotas-de-partido/internacional-rs-corinthians-sp/92517456/,torneo actual,torneo actual,28,30.0,36.0,2026-09-19 · Serie A · Sao Paulo 1-0 Internacional (P); 2026-09-12 · Serie A · Chapecoense-sc 1-2 Internacional (G); 2026-09-06 · Serie A · Internacional 2-3 Santos (P); 2026-08-30 · Serie A · Bahia 3-2 Internacional (P); 2026-08-22 · Serie A · Internacional 0-0 Atletico-MG (E),torneo actual,28,29.0,32.0,2026-09-20 · Serie A · Corinthians 1-3 Fluminense (P); 2026-09-13 · Serie A · Flamengo 2-1 Corinthians (P); 2026-09-06 · Serie A · Corinthians 1-2 Chapecoense-sc (P); 2026-08-30 · Serie A · Corinthians 0-1 Santos (P); 2026-08-23 · Serie A · Coritiba 2-1 Corinthians (P)
2026-10-07,17:30,Internacional vs Corinthians,,Betano,Tarjetas total -4.5,CARDS_TOTALS UNDER.4.5,CARDS_TOTALS:UNDER_4_5,34.2%,0.342200,2.92,,,,,,2.67,-0.09,-0.086300,-0.25,0.91,Sin cuota/EV,EV negativo Betano,Solo modelo,3,48.83,48.834000,,Betano mapeado,Baja,contexto premium torneo actual,usa promedios del contexto premium/API-Football,depende mucho del arbitro y del contexto competitivo,https://www.betano.pe/cuotas-de-partido/internacional-rs-corinthians-sp/92517456/,torneo actual,torneo actual,28,30.0,36.0,2026-09-19 · Serie A · Sao Paulo 1-0 Internacional (P); 2026-09-12 · Serie A · Chapecoense-sc 1-2 Internacional (G); 2026-09-06 · Serie A · Internacional 2-3 Santos (P); 2026-08-30 · Serie A · Bahia 3-2 Internacional (P); 2026-08-22 · Serie A · Internacional 0-0 Atletico-MG (E),torneo actual,28,29.0,32.0,2026-09-20 · Serie A · Corinthians 1-3 Fluminense (P); 2026-09-13 · Serie A · Flamengo 2-1 Corinthians (P); 2026-09-06 · Serie A · Corinthians 1-2 Chapecoense-sc (P); 2026-08-30 · Serie A · Corinthians 0-1 Santos (P); 2026-08-23 · Serie A · Coritiba 2-1 Corinthians (P)
2026-10-07,17:30,Internacional vs Corinthians,,,Local tarjetas -2.5,CARDS_HOME UNDER.2.5,CARDS_HOME:UNDER_2_5,34.0%,0.339700,2.94,,,,,,,,,,,Sin cuota/EV,No encontrado en Betano,Solo modelo,2,36.97,36.974000,,Betano mapeado,Baja,contexto premium torneo actual,usa promedios del contexto premium/API-Football,depende mucho del arbitro y del contexto competitivo,https://www.betano.pe/cuotas-de-partido/internacional-rs-corinthians-sp/92517456/,torneo actual,torneo actual,28,30.0,36.0,2026-09-19 · Serie A · Sao Paulo 1-0 Internacional (P); 2026-09-12 · Serie A · Chapecoense-sc 1-2 Internacional (G); 2026-09-06 · Serie A · Internacional 2-3 Santos (P); 2026-08-30 · Serie A · Bahia 3-2 Internacional (P); 2026-08-22 · Serie A · Internacional 0-0 Atletico-MG (E),torneo actual,28,29.0,32.0,2026-09-20 · Serie A · Corinthians 1-3 Fluminense (P); 2026-09-13 · Serie A · Flamengo 2-1 Corinthians (P); 2026-09-06 · Serie A · Corinthians 1-2 Chapecoense-sc (P); 2026-08-30 · Serie A · Corinthians 0-1 Santos (P); 2026-08-23 · Serie A · Coritiba 2-1 Corinthians (P)
2026-10-07,17:30,Internacional vs Corinthians,,,Local goles +1.5,TEAM_TOTAL_HOME OVER.1.5,TEAM_TOTAL_HOME:OVER_1_5,33.6%,0.335800,2.98,,,,,,,,,,,Sin cuota/EV,No encontrado en Betano,Solo modelo,4,49.58,49.582000,,Betano mapeado,Baja,torneo actual,usa Poisson base con estadisticas de goles del torneo,un gol temprano o baja eficacia puede cambiar la lectura del mercado,https://www.betano.pe/cuotas-de-partido/internacional-rs-corinthians-sp/92517456/,torneo actual,torneo actual,28,30.0,36.0,2026-09-19 · Serie A · Sao Paulo 1-0 Internacional (P); 2026-09-12 · Serie A · Chapecoense-sc 1-2 Internacional (G); 2026-09-06 · Serie A · Internacional 2-3 Santos (P); 2026-08-30 · Serie A · Bahia 3-2 Internacional (P); 2026-08-22 · Serie A · Internacional 0-0 Atletico-MG (E),torneo actual,28,29.0,32.0,2026-09-20 · Serie A · Corinthians 1-3 Fluminense (P); 2026-09-13 · Serie A · Flamengo 2-1 Corinthians (P); 2026-09-06 · Serie A · Corinthians 1-2 Chapecoense-sc (P); 2026-08-30 · Serie A · Corinthians 0-1 Santos (P); 2026-08-23 · Serie A · Coritiba 2-1 Corinthians (P)
2026-10-07,17:30,Internacional vs Corinthians,,Betano,Tarjetas total +6.5,CARDS_TOTALS OVER.6.5,CARDS_TOTALS:OVER_6_5,33.0%,0.329700,3.03,,,,,,2.40,-0.21,-0.208700,-0.63,0.79,Sin cuota/EV,EV negativo Betano,Solo modelo,3,45.63,45.635000,,Betano mapeado,Baja,contexto premium torneo actual,usa promedios del contexto premium/API-Football,depende mucho del arbitro y del contexto competitivo,https://www.betano.pe/cuotas-de-partido/internacional-rs-corinthians-sp/92517456/,torneo actual,torneo actual,28,30.0,36.0,2026-09-19 · Serie A · Sao Paulo 1-0 Internacional (P); 2026-09-12 · Serie A · Chapecoense-sc 1-2 Internacional (G); 2026-09-06 · Serie A · Internacional 2-3 Santos (P); 2026-08-30 · Serie A · Bahia 3-2 Internacional (P); 2026-08-22 · Serie A · Internacional 0-0 Atletico-MG (E),torneo actual,28,29.0,32.0,2026-09-20 · Serie A · Corinthians 1-3 Fluminense (P); 2026-09-13 · Serie A · Flamengo 2-1 Corinthians (P); 2026-09-06 · Serie A · Corinthians 1-2 Chapecoense-sc (P); 2026-08-30 · Serie A · Corinthians 0-1 Santos (P); 2026-08-23 · Serie A · Coritiba 2-1 Corinthians (P)
2026-10-07,17:30,Internacional vs Corinthians,,,SHOTS_ON_TARGET_TOTAL UNDER.6.5,SHOTS_ON_TARGET_TOTAL UNDER.6.5,SHOTS_ON_TARGET_TOTAL:UNDER_6_5,32.6%,0.325700,3.07,,,,,,,,,,,Sin cuota/EV,No encontrado en Betano,Solo modelo,2,35.57,35.574000,,Betano mapeado,Baja,contexto premium torneo actual,usa promedios del contexto premium/API-Football,el volumen ofensivo puede variar por planteamiento y marcador temprano,https://www.betano.pe/cuotas-de-partido/internacional-rs-corinthians-sp/92517456/,torneo actual,torneo actual,28,30.0,36.0,2026-09-19 · Serie A · Sao Paulo 1-0 Internacional (P); 2026-09-12 · Serie A · Chapecoense-sc 1-2 Internacional (G); 2026-09-06 · Serie A · Internacional 2-3 Santos (P); 2026-08-30 · Serie A · Bahia 3-2 Internacional (P); 2026-08-22 · Serie A · Internacional 0-0 Atletico-MG (E),torneo actual,28,29.0,32.0,2026-09-20 · Serie A · Corinthians 1-3 Fluminense (P); 2026-09-13 · Serie A · Flamengo 2-1 Corinthians (P); 2026-09-06 · Serie A · Corinthians 1-2 Chapecoense-sc (P); 2026-08-30 · Serie A · Corinthians 0-1 Santos (P); 2026-08-23 · Serie A · Coritiba 2-1 Corinthians (P)
2026-10-07,17:30,Internacional vs Corinthians,,,Visita goles +1.5,TEAM_TOTAL_AWAY OVER.1.5,TEAM_TOTAL_AWAY:OVER_1_5,32.3%,0.323100,3.10,,,,,,,,,,,Sin cuota/EV,No encontrado en Betano,Solo modelo,4,48.31,48.312000,,Betano mapeado,Baja,torneo actual,usa Poisson base con estadisticas de goles del torneo,un gol temprano o baja eficacia puede cambiar la lectura del mercado,https://www.betano.pe/cuotas-de-partido/internacional-rs-corinthians-sp/92517456/,torneo actual,torneo actual,28,30.0,36.0,2026-09-19 · Serie A · Sao Paulo 1-0 Internacional (P); 2026-09-12 · Serie A · Chapecoense-sc 1-2 Internacional (G); 2026-09-06 · Serie A · Internacional 2-3 Santos (P); 2026-08-30 · Serie A · Bahia 3-2 Internacional (P); 2026-08-22 · Serie A · Internacional 0-0 Atletico-MG (E),torneo actual,28,29.0,32.0,2026-09-20 · Serie A · Corinthians 1-3 Fluminense (P); 2026-09-13 · Serie A · Flamengo 2-1 Corinthians (P); 2026-09-06 · Serie A · Corinthians 1-2 Chapecoense-sc (P); 2026-08-30 · Serie A · Corinthians 0-1 Santos (P); 2026-08-23 · Serie A · Coritiba 2-1 Corinthians (P)
2026-10-07,17:30,Internacional vs Corinthians,William Hill,Betano,Goles -1.5,TOTALS UNDER.1.5,TOTALS:UNDER_1_5,31.8%,0.318100,3.14,1.57,-0.50,-0.500700,-1.57,0.50,3.10,-0.01,-0.013900,-0.04,0.99,EV negativo,EV negativo Betano,Evitar,1,16.57,16.572000,Cuota por debajo de la cuota justa: valor limitado,Betano mapeado,Baja,torneo actual,usa Poisson base con estadisticas de goles del torneo,un gol temprano o baja eficacia puede cambiar la lectura del mercado,https://www.betano.pe/cuotas-de-partido/internacional-rs-corinthians-sp/92517456/,torneo actual,torneo actual,28,30.0,36.0,2026-09-19 · Serie A · Sao Paulo 1-0 Internacional (P); 2026-09-12 · Serie A · Chapecoense-sc 1-2 Internacional (G); 2026-09-06 · Serie A · Internacional 2-3 Santos (P); 2026-08-30 · Serie A · Bahia 3-2 Internacional (P); 2026-08-22 · Serie A · Internacional 0-0 Atletico-MG (E),torneo actual,28,29.0,32.0,2026-09-20 · Serie A · Corinthians 1-3 Fluminense (P); 2026-09-13 · Serie A · Flamengo 2-1 Corinthians (P); 2026-09-06 · Serie A · Corinthians 1-2 Chapecoense-sc (P); 2026-08-30 · Serie A · Corinthians 0-1 Santos (P); 2026-08-23 · Serie A · Coritiba 2-1 Corinthians (P)
2026-10-07,17:30,Internacional vs Corinthians,,,Visita corners +6.5,CORNERS_AWAY OVER.6.5,CORNERS_AWAY:OVER_6_5,31.4%,0.314000,3.19,,,,,,,,,,,Sin cuota/EV,No encontrado en Betano,Solo modelo,4,47.40,47.396000,,Betano mapeado,Baja,contexto premium torneo actual,usa promedios del contexto premium/API-Football,el volumen ofensivo puede variar por planteamiento y marcador temprano,https://www.betano.pe/cuotas-de-partido/internacional-rs-corinthians-sp/92517456/,torneo actual,torneo actual,28,30.0,36.0,2026-09-19 · Serie A · Sao Paulo 1-0 Internacional (P); 2026-09-12 · Serie A · Chapecoense-sc 1-2 Internacional (G); 2026-09-06 · Serie A · Internacional 2-3 Santos (P); 2026-08-30 · Serie A · Bahia 3-2 Internacional (P); 2026-08-22 · Serie A · Internacional 0-0 Atletico-MG (E),torneo actual,28,29.0,32.0,2026-09-20 · Serie A · Corinthians 1-3 Fluminense (P); 2026-09-13 · Serie A · Flamengo 2-1 Corinthians (P); 2026-09-06 · Serie A · Corinthians 1-2 Chapecoense-sc (P); 2026-08-30 · Serie A · Corinthians 0-1 Santos (P); 2026-08-23 · Serie A · Coritiba 2-1 Corinthians (P)
2026-10-07,17:30,Internacional vs Corinthians,,,Visita goles -0.5,TEAM_TOTAL_AWAY UNDER.0.5,TEAM_TOTAL_AWAY:UNDER_0_5,31.3%,0.313300,3.19,,,,,,,,,,,Sin cuota/EV,No encontrado en Betano,Solo modelo,4,47.33,47.327000,,Betano mapeado,Baja,torneo actual,usa Poisson base con estadisticas de goles del torneo,un gol temprano o baja eficacia puede cambiar la lectura del mercado,https://www.betano.pe/cuotas-de-partido/internacional-rs-corinthians-sp/92517456/,torneo actual,torneo actual,28,30.0,36.0,2026-09-19 · Serie A · Sao Paulo 1-0 Internacional (P); 2026-09-12 · Serie A · Chapecoense-sc 1-2 Internacional (G); 2026-09-06 · Serie A · Internacional 2-3 Santos (P); 2026-08-30 · Serie A · Bahia 3-2 Internacional (P); 2026-08-22 · Serie A · Internacional 0-0 Atletico-MG (E),torneo actual,28,29.0,32.0,2026-09-20 · Serie A · Corinthians 1-3 Fluminense (P); 2026-09-13 · Serie A · Flamengo 2-1 Corinthians (P); 2026-09-06 · Serie A · Corinthians 1-2 Chapecoense-sc (P); 2026-08-30 · Serie A · Corinthians 0-1 Santos (P); 2026-08-23 · Serie A · Coritiba 2-1 Corinthians (P)
2026-10-07,17:30,Internacional vs Corinthians,,,Local goles -0.5,TEAM_TOTAL_HOME UNDER.0.5,TEAM_TOTAL_HOME:UNDER_0_5,30.2%,0.302500,3.31,,,,,,,,,,,Sin cuota/EV,No encontrado en Betano,Solo modelo,4,46.25,46.250000,,Betano mapeado,Baja,torneo actual,usa Poisson base con estadisticas de goles del torneo,un gol temprano o baja eficacia puede cambiar la lectura del mercado,https://www.betano.pe/cuotas-de-partido/internacional-rs-corinthians-sp/92517456/,torneo actual,torneo actual,28,30.0,36.0,2026-09-19 · Serie A · Sao Paulo 1-0 Internacional (P); 2026-09-12 · Serie A · Chapecoense-sc 1-2 Internacional (G); 2026-09-06 · Serie A · Internacional 2-3 Santos (P); 2026-08-30 · Serie A · Bahia 3-2 Internacional (P); 2026-08-22 · Serie A · Internacional 0-0 Atletico-MG (E),torneo actual,28,29.0,32.0,2026-09-20 · Serie A · Corinthians 1-3 Fluminense (P); 2026-09-13 · Serie A · Flamengo 2-1 Corinthians (P); 2026-09-06 · Serie A · Corinthians 1-2 Chapecoense-sc (P); 2026-08-30 · Serie A · Corinthians 0-1 Santos (P); 2026-08-23 · Serie A · Coritiba 2-1 Corinthians (P)
2026-10-07,17:30,Internacional vs Corinthians,,Betano,Corners total -8.5,CORNERS_TOTALS UNDER.8.5,CORNERS_TOTALS:UNDER_8_5,29.0%,0.289600,3.45,,,,,,2.50,-0.28,-0.276000,-0.95,0.72,Sin cuota/EV,EV negativo Betano,Solo modelo,6,62.55,62.546000,,Betano mapeado,Baja,contexto premium torneo actual,usa promedios del contexto premium/API-Football,el volumen ofensivo puede variar por planteamiento y marcador temprano,https://www.betano.pe/cuotas-de-partido/internacional-rs-corinthians-sp/92517456/,torneo actual,torneo actual,28,30.0,36.0,2026-09-19 · Serie A · Sao Paulo 1-0 Internacional (P); 2026-09-12 · Serie A · Chapecoense-sc 1-2 Internacional (G); 2026-09-06 · Serie A · Internacional 2-3 Santos (P); 2026-08-30 · Serie A · Bahia 3-2 Internacional (P); 2026-08-22 · Serie A · Internacional 0-0 Atletico-MG (E),torneo actual,28,29.0,32.0,2026-09-20 · Serie A · Corinthians 1-3 Fluminense (P); 2026-09-13 · Serie A · Flamengo 2-1 Corinthians (P); 2026-09-06 · Serie A · Corinthians 1-2 Chapecoense-sc (P); 2026-08-30 · Serie A · Corinthians 0-1 Santos (P); 2026-08-23 · Serie A · Coritiba 2-1 Corinthians (P)
2026-10-07,17:30,Internacional vs Corinthians,William Hill,Betano,Empate,1X2 DRAW,1X2:DRAW,28.0%,0.279600,3.58,2.10,-0.41,-0.412900,-1.48,0.59,3.20,-0.11,-0.105300,-0.38,0.89,EV negativo,EV negativo Betano,Evitar,7,42.84,42.842000,Cuota por debajo de la cuota justa: valor limitado,Betano mapeado,Baja,torneo actual,usa Poisson base con estadisticas de goles del torneo,riesgo propio del resultado final y variacion del modelo,https://www.betano.pe/cuotas-de-partido/internacional-rs-corinthians-sp/92517456/,torneo actual,torneo actual,28,30.0,36.0,2026-09-19 · Serie A · Sao Paulo 1-0 Internacional (P); 2026-09-12 · Serie A · Chapecoense-sc 1-2 Internacional (G); 2026-09-06 · Serie A · Internacional 2-3 Santos (P); 2026-08-30 · Serie A · Bahia 3-2 Internacional (P); 2026-08-22 · Serie A · Internacional 0-0 Atletico-MG (E),torneo actual,28,29.0,32.0,2026-09-20 · Serie A · Corinthians 1-3 Fluminense (P); 2026-09-13 · Serie A · Flamengo 2-1 Corinthians (P); 2026-09-06 · Serie A · Corinthians 1-2 Chapecoense-sc (P); 2026-08-30 · Serie A · Corinthians 0-1 Santos (P); 2026-08-23 · Serie A · Coritiba 2-1 Corinthians (P)
2026-10-07,17:30,Internacional vs Corinthians,,,Local corners -3.5,CORNERS_HOME UNDER.3.5,CORNERS_HOME:UNDER_3_5,27.9%,0.279300,3.58,,,,,,,,,,,Sin cuota/EV,No encontrado en Betano,Solo modelo,4,43.93,43.934000,,Betano mapeado,Baja,contexto premium torneo actual,usa promedios del contexto premium/API-Football,el volumen ofensivo puede variar por planteamiento y marcador temprano,https://www.betano.pe/cuotas-de-partido/internacional-rs-corinthians-sp/92517456/,torneo actual,torneo actual,28,30.0,36.0,2026-09-19 · Serie A · Sao Paulo 1-0 Internacional (P); 2026-09-12 · Serie A · Chapecoense-sc 1-2 Internacional (G); 2026-09-06 · Serie A · Internacional 2-3 Santos (P); 2026-08-30 · Serie A · Bahia 3-2 Internacional (P); 2026-08-22 · Serie A · Internacional 0-0 Atletico-MG (E),torneo actual,28,29.0,32.0,2026-09-20 · Serie A · Corinthians 1-3 Fluminense (P); 2026-09-13 · Serie A · Flamengo 2-1 Corinthians (P); 2026-09-06 · Serie A · Corinthians 1-2 Chapecoense-sc (P); 2026-08-30 · Serie A · Corinthians 0-1 Santos (P); 2026-08-23 · Serie A · Coritiba 2-1 Corinthians (P)
2026-10-07,17:30,Internacional vs Corinthians,,,SHOTS_ON_TARGET_TOTAL OVER.9.5,SHOTS_ON_TARGET_TOTAL OVER.9.5,SHOTS_ON_TARGET_TOTAL:OVER_9_5,27.1%,0.271000,3.69,,,,,,,,,,,Sin cuota/EV,No encontrado en Betano,Solo modelo,2,30.11,30.105000,,Betano mapeado,Baja,contexto premium torneo actual,usa promedios del contexto premium/API-Football,el volumen ofensivo puede variar por planteamiento y marcador temprano,https://www.betano.pe/cuotas-de-partido/internacional-rs-corinthians-sp/92517456/,torneo actual,torneo actual,28,30.0,36.0,2026-09-19 · Serie A · Sao Paulo 1-0 Internacional (P); 2026-09-12 · Serie A · Chapecoense-sc 1-2 Internacional (G); 2026-09-06 · Serie A · Internacional 2-3 Santos (P); 2026-08-30 · Serie A · Bahia 3-2 Internacional (P); 2026-08-22 · Serie A · Internacional 0-0 Atletico-MG (E),torneo actual,28,29.0,32.0,2026-09-20 · Serie A · Corinthians 1-3 Fluminense (P); 2026-09-13 · Serie A · Flamengo 2-1 Corinthians (P); 2026-09-06 · Serie A · Corinthians 1-2 Chapecoense-sc (P); 2026-08-30 · Serie A · Corinthians 0-1 Santos (P); 2026-08-23 · Serie A · Coritiba 2-1 Corinthians (P)
2026-10-07,17:30,Internacional vs Corinthians,,,SHOTS_TOTAL UNDER.22.5,SHOTS_TOTAL UNDER.22.5,SHOTS_TOTAL:UNDER_22_5,27.1%,0.270500,3.70,,,,,,,,,,,Sin cuota/EV,No encontrado en Betano,Solo modelo,2,30.05,30.051000,,Betano mapeado,Baja,contexto premium torneo actual,usa promedios del contexto premium/API-Football,el volumen ofensivo puede variar por planteamiento y marcador temprano,https://www.betano.pe/cuotas-de-partido/internacional-rs-corinthians-sp/92517456/,torneo actual,torneo actual,28,30.0,36.0,2026-09-19 · Serie A · Sao Paulo 1-0 Internacional (P); 2026-09-12 · Serie A · Chapecoense-sc 1-2 Internacional (G); 2026-09-06 · Serie A · Internacional 2-3 Santos (P); 2026-08-30 · Serie A · Bahia 3-2 Internacional (P); 2026-08-22 · Serie A · Internacional 0-0 Atletico-MG (E),torneo actual,28,29.0,32.0,2026-09-20 · Serie A · Corinthians 1-3 Fluminense (P); 2026-09-13 · Serie A · Flamengo 2-1 Corinthians (P); 2026-09-06 · Serie A · Corinthians 1-2 Chapecoense-sc (P); 2026-08-30 · Serie A · Corinthians 0-1 Santos (P); 2026-08-23 · Serie A · Coritiba 2-1 Corinthians (P)
2026-10-07,17:30,Internacional vs Corinthians,,,Local corners +6.5,CORNERS_HOME OVER.6.5,CORNERS_HOME:OVER_6_5,22.3%,0.223300,4.48,,,,,,,,,,,Sin cuota/EV,No encontrado en Betano,Solo modelo,4,38.34,38.335000,,Betano mapeado,Baja,contexto premium torneo actual,usa promedios del contexto premium/API-Football,el volumen ofensivo puede variar por planteamiento y marcador temprano,https://www.betano.pe/cuotas-de-partido/internacional-rs-corinthians-sp/92517456/,torneo actual,torneo actual,28,30.0,36.0,2026-09-19 · Serie A · Sao Paulo 1-0 Internacional (P); 2026-09-12 · Serie A · Chapecoense-sc 1-2 Internacional (G); 2026-09-06 · Serie A · Internacional 2-3 Santos (P); 2026-08-30 · Serie A · Bahia 3-2 Internacional (P); 2026-08-22 · Serie A · Internacional 0-0 Atletico-MG (E),torneo actual,28,29.0,32.0,2026-09-20 · Serie A · Corinthians 1-3 Fluminense (P); 2026-09-13 · Serie A · Flamengo 2-1 Corinthians (P); 2026-09-06 · Serie A · Corinthians 1-2 Chapecoense-sc (P); 2026-08-30 · Serie A · Corinthians 0-1 Santos (P); 2026-08-23 · Serie A · Coritiba 2-1 Corinthians (P)
2026-10-07,17:30,Internacional vs Corinthians,William Hill,Betano,1T -0.5,FIRST_HALF_TOTALS UNDER.0.5,FIRST_HALF_TOTALS:UNDER_0_5,22.3%,0.223100,4.48,2.75,-0.39,-0.386400,-1.73,0.61,2.55,-0.43,-0.431100,-1.93,0.57,EV negativo,EV negativo Betano,Evitar,5,22.46,22.460000,Cuota por debajo de la cuota justa: valor limitado,Betano mapeado,Baja,contexto premium torneo actual,usa promedios del contexto premium/API-Football,el primer tiempo puede tener ritmo bajo o rotaciones,https://www.betano.pe/cuotas-de-partido/internacional-rs-corinthians-sp/92517456/,torneo actual,torneo actual,28,30.0,36.0,2026-09-19 · Serie A · Sao Paulo 1-0 Internacional (P); 2026-09-12 · Serie A · Chapecoense-sc 1-2 Internacional (G); 2026-09-06 · Serie A · Internacional 2-3 Santos (P); 2026-08-30 · Serie A · Bahia 3-2 Internacional (P); 2026-08-22 · Serie A · Internacional 0-0 Atletico-MG (E),torneo actual,28,29.0,32.0,2026-09-20 · Serie A · Corinthians 1-3 Fluminense (P); 2026-09-13 · Serie A · Flamengo 2-1 Corinthians (P); 2026-09-06 · Serie A · Corinthians 1-2 Chapecoense-sc (P); 2026-08-30 · Serie A · Corinthians 0-1 Santos (P); 2026-08-23 · Serie A · Coritiba 2-1 Corinthians (P)
2026-10-07,17:30,Internacional vs Corinthians,William Hill,Betano,Goles +3.5,TOTALS OVER.3.5,TOTALS:OVER_3_5,21.2%,0.212200,4.71,13.00,1.76,1.758800,8.29,2.76,3.70,-0.21,-0.214900,-1.01,0.79,EV positivo,EV negativo Betano,Equilibrado,1,42.78,42.783000,Cuota API muy superior a la cuota justa: revisar manualmente antes de apostar,Betano mapeado,Baja,torneo actual,usa Poisson base con estadisticas de goles del torneo,un gol temprano o baja eficacia puede cambiar la lectura del mercado,https://www.betano.pe/cuotas-de-partido/internacional-rs-corinthians-sp/92517456/,torneo actual,torneo actual,28,30.0,36.0,2026-09-19 · Serie A · Sao Paulo 1-0 Internacional (P); 2026-09-12 · Serie A · Chapecoense-sc 1-2 Internacional (G); 2026-09-06 · Serie A · Internacional 2-3 Santos (P); 2026-08-30 · Serie A · Bahia 3-2 Internacional (P); 2026-08-22 · Serie A · Internacional 0-0 Atletico-MG (E),torneo actual,28,29.0,32.0,2026-09-20 · Serie A · Corinthians 1-3 Fluminense (P); 2026-09-13 · Serie A · Flamengo 2-1 Corinthians (P); 2026-09-06 · Serie A · Corinthians 1-2 Chapecoense-sc (P); 2026-08-30 · Serie A · Corinthians 0-1 Santos (P); 2026-08-23 · Serie A · Coritiba 2-1 Corinthians (P)
2026-10-07,17:30,Internacional vs Corinthians,,,Visita corners -3.5,CORNERS_AWAY UNDER.3.5,CORNERS_AWAY:UNDER_3_5,20.2%,0.201700,4.96,,,,,,,,,,,Sin cuota/EV,No encontrado en Betano,Solo modelo,4,36.17,36.170000,,Betano mapeado,Baja,contexto premium torneo actual,usa promedios del contexto premium/API-Football,el volumen ofensivo puede variar por planteamiento y marcador temprano,https://www.betano.pe/cuotas-de-partido/internacional-rs-corinthians-sp/92517456/,torneo actual,torneo actual,28,30.0,36.0,2026-09-19 · Serie A · Sao Paulo 1-0 Internacional (P); 2026-09-12 · Serie A · Chapecoense-sc 1-2 Internacional (G); 2026-09-06 · Serie A · Internacional 2-3 Santos (P); 2026-08-30 · Serie A · Bahia 3-2 Internacional (P); 2026-08-22 · Serie A · Internacional 0-0 Atletico-MG (E),torneo actual,28,29.0,32.0,2026-09-20 · Serie A · Corinthians 1-3 Fluminense (P); 2026-09-13 · Serie A · Flamengo 2-1 Corinthians (P); 2026-09-06 · Serie A · Corinthians 1-2 Chapecoense-sc (P); 2026-08-30 · Serie A · Corinthians 0-1 Santos (P); 2026-08-23 · Serie A · Coritiba 2-1 Corinthians (P)
2026-10-07,17:30,Internacional vs Corinthians,,,Tarjetas total -3.5,CARDS_TOTALS UNDER.3.5,CARDS_TOTALS:UNDER_3_5,19.1%,0.190600,5.25,,,,,,,,,,,Sin cuota/EV,No encontrado en Betano,Solo modelo,3,27.06,27.062000,,Betano mapeado,Baja,contexto premium torneo actual,usa promedios del contexto premium/API-Football,depende mucho del arbitro y del contexto competitivo,https://www.betano.pe/cuotas-de-partido/internacional-rs-corinthians-sp/92517456/,torneo actual,torneo actual,28,30.0,36.0,2026-09-19 · Serie A · Sao Paulo 1-0 Internacional (P); 2026-09-12 · Serie A · Chapecoense-sc 1-2 Internacional (G); 2026-09-06 · Serie A · Internacional 2-3 Santos (P); 2026-08-30 · Serie A · Bahia 3-2 Internacional (P); 2026-08-22 · Serie A · Internacional 0-0 Atletico-MG (E),torneo actual,28,29.0,32.0,2026-09-20 · Serie A · Corinthians 1-3 Fluminense (P); 2026-09-13 · Serie A · Flamengo 2-1 Corinthians (P); 2026-09-06 · Serie A · Corinthians 1-2 Chapecoense-sc (P); 2026-08-30 · Serie A · Corinthians 0-1 Santos (P); 2026-08-23 · Serie A · Coritiba 2-1 Corinthians (P)
2026-10-07,17:30,Internacional vs Corinthians,,,Corners total -7.5,CORNERS_TOTALS UNDER.7.5,CORNERS_TOTALS:UNDER_7_5,18.6%,0.186300,5.37,,,,,,,,,,,Sin cuota/EV,No encontrado en Betano,Solo modelo,6,48.63,48.633000,,Betano mapeado,Baja,contexto premium torneo actual,usa promedios del contexto premium/API-Football,el volumen ofensivo puede variar por planteamiento y marcador temprano,https://www.betano.pe/cuotas-de-partido/internacional-rs-corinthians-sp/92517456/,torneo actual,torneo actual,28,30.0,36.0,2026-09-19 · Serie A · Sao Paulo 1-0 Internacional (P); 2026-09-12 · Serie A · Chapecoense-sc 1-2 Internacional (G); 2026-09-06 · Serie A · Internacional 2-3 Santos (P); 2026-08-30 · Serie A · Bahia 3-2 Internacional (P); 2026-08-22 · Serie A · Internacional 0-0 Atletico-MG (E),torneo actual,28,29.0,32.0,2026-09-20 · Serie A · Corinthians 1-3 Fluminense (P); 2026-09-13 · Serie A · Flamengo 2-1 Corinthians (P); 2026-09-06 · Serie A · Corinthians 1-2 Chapecoense-sc (P); 2026-08-30 · Serie A · Corinthians 0-1 Santos (P); 2026-08-23 · Serie A · Coritiba 2-1 Corinthians (P)
2026-10-07,17:30,Internacional vs Corinthians,,,Visita tarjetas +3.5,CARDS_AWAY OVER.3.5,CARDS_AWAY:OVER_3_5,18.1%,0.180600,5.54,,,,,,,,,,,Sin cuota/EV,No encontrado en Betano,Solo modelo,2,21.07,21.065000,,Betano mapeado,Baja,contexto premium torneo actual,usa promedios del contexto premium/API-Football,depende mucho del arbitro y del contexto competitivo,https://www.betano.pe/cuotas-de-partido/internacional-rs-corinthians-sp/92517456/,torneo actual,torneo actual,28,30.0,36.0,2026-09-19 · Serie A · Sao Paulo 1-0 Internacional (P); 2026-09-12 · Serie A · Chapecoense-sc 1-2 Internacional (G); 2026-09-06 · Serie A · Internacional 2-3 Santos (P); 2026-08-30 · Serie A · Bahia 3-2 Internacional (P); 2026-08-22 · Serie A · Internacional 0-0 Atletico-MG (E),torneo actual,28,29.0,32.0,2026-09-20 · Serie A · Corinthians 1-3 Fluminense (P); 2026-09-13 · Serie A · Flamengo 2-1 Corinthians (P); 2026-09-06 · Serie A · Corinthians 1-2 Chapecoense-sc (P); 2026-08-30 · Serie A · Corinthians 0-1 Santos (P); 2026-08-23 · Serie A · Coritiba 2-1 Corinthians (P)
2026-10-07,17:30,Internacional vs Corinthians,,,SHOTS_TOTAL UNDER.20.5,SHOTS_TOTAL UNDER.20.5,SHOTS_TOTAL:UNDER_20_5,15.2%,0.151700,6.59,,,,,,,,,,,Sin cuota/EV,No encontrado en Betano,Solo modelo,2,18.17,18.166000,,Betano mapeado,Baja,contexto premium torneo actual,usa promedios del contexto premium/API-Football,el volumen ofensivo puede variar por planteamiento y marcador temprano,https://www.betano.pe/cuotas-de-partido/internacional-rs-corinthians-sp/92517456/,torneo actual,torneo actual,28,30.0,36.0,2026-09-19 · Serie A · Sao Paulo 1-0 Internacional (P); 2026-09-12 · Serie A · Chapecoense-sc 1-2 Internacional (G); 2026-09-06 · Serie A · Internacional 2-3 Santos (P); 2026-08-30 · Serie A · Bahia 3-2 Internacional (P); 2026-08-22 · Serie A · Internacional 0-0 Atletico-MG (E),torneo actual,28,29.0,32.0,2026-09-20 · Serie A · Corinthians 1-3 Fluminense (P); 2026-09-13 · Serie A · Flamengo 2-1 Corinthians (P); 2026-09-06 · Serie A · Corinthians 1-2 Chapecoense-sc (P); 2026-08-30 · Serie A · Corinthians 0-1 Santos (P); 2026-08-23 · Serie A · Coritiba 2-1 Corinthians (P)
2026-10-07,17:30,Internacional vs Corinthians,,,Local tarjetas -1.5,CARDS_HOME UNDER.1.5,CARDS_HOME:UNDER_1_5,14.7%,0.146800,6.81,,,,,,,,,,,Sin cuota/EV,No encontrado en Betano,Solo modelo,2,17.68,17.684000,,Betano mapeado,Baja,contexto premium torneo actual,usa promedios del contexto premium/API-Football,depende mucho del arbitro y del contexto competitivo,https://www.betano.pe/cuotas-de-partido/internacional-rs-corinthians-sp/92517456/,torneo actual,torneo actual,28,30.0,36.0,2026-09-19 · Serie A · Sao Paulo 1-0 Internacional (P); 2026-09-12 · Serie A · Chapecoense-sc 1-2 Internacional (G); 2026-09-06 · Serie A · Internacional 2-3 Santos (P); 2026-08-30 · Serie A · Bahia 3-2 Internacional (P); 2026-08-22 · Serie A · Internacional 0-0 Atletico-MG (E),torneo actual,28,29.0,32.0,2026-09-20 · Serie A · Corinthians 1-3 Fluminense (P); 2026-09-13 · Serie A · Flamengo 2-1 Corinthians (P); 2026-09-06 · Serie A · Corinthians 1-2 Chapecoense-sc (P); 2026-08-30 · Serie A · Corinthians 0-1 Santos (P); 2026-08-23 · Serie A · Coritiba 2-1 Corinthians (P)
2026-10-07,17:30,Internacional vs Corinthians,,,Local goles +2.5,TEAM_TOTAL_HOME OVER.2.5,TEAM_TOTAL_HOME:OVER_2_5,12.0%,0.119600,8.36,,,,,,,,,,,Sin cuota/EV,No encontrado en Betano,Solo modelo,4,27.96,27.958000,,Betano mapeado,Baja,torneo actual,usa Poisson base con estadisticas de goles del torneo,un gol temprano o baja eficacia puede cambiar la lectura del mercado,https://www.betano.pe/cuotas-de-partido/internacional-rs-corinthians-sp/92517456/,torneo actual,torneo actual,28,30.0,36.0,2026-09-19 · Serie A · Sao Paulo 1-0 Internacional (P); 2026-09-12 · Serie A · Chapecoense-sc 1-2 Internacional (G); 2026-09-06 · Serie A · Internacional 2-3 Santos (P); 2026-08-30 · Serie A · Bahia 3-2 Internacional (P); 2026-08-22 · Serie A · Internacional 0-0 Atletico-MG (E),torneo actual,28,29.0,32.0,2026-09-20 · Serie A · Corinthians 1-3 Fluminense (P); 2026-09-13 · Serie A · Flamengo 2-1 Corinthians (P); 2026-09-06 · Serie A · Corinthians 1-2 Chapecoense-sc (P); 2026-08-30 · Serie A · Corinthians 0-1 Santos (P); 2026-08-23 · Serie A · Coritiba 2-1 Corinthians (P)
2026-10-07,17:30,Internacional vs Corinthians,,,Visita goles +2.5,TEAM_TOTAL_AWAY OVER.2.5,TEAM_TOTAL_AWAY:OVER_2_5,11.2%,0.112100,8.92,,,,,,,,,,,Sin cuota/EV,No encontrado en Betano,Solo modelo,4,27.21,27.210000,,Betano mapeado,Baja,torneo actual,usa Poisson base con estadisticas de goles del torneo,un gol temprano o baja eficacia puede cambiar la lectura del mercado,https://www.betano.pe/cuotas-de-partido/internacional-rs-corinthians-sp/92517456/,torneo actual,torneo actual,28,30.0,36.0,2026-09-19 · Serie A · Sao Paulo 1-0 Internacional (P); 2026-09-12 · Serie A · Chapecoense-sc 1-2 Internacional (G); 2026-09-06 · Serie A · Internacional 2-3 Santos (P); 2026-08-30 · Serie A · Bahia 3-2 Internacional (P); 2026-08-22 · Serie A · Internacional 0-0 Atletico-MG (E),torneo actual,28,29.0,32.0,2026-09-20 · Serie A · Corinthians 1-3 Fluminense (P); 2026-09-13 · Serie A · Flamengo 2-1 Corinthians (P); 2026-09-06 · Serie A · Corinthians 1-2 Chapecoense-sc (P); 2026-08-30 · Serie A · Corinthians 0-1 Santos (P); 2026-08-23 · Serie A · Coritiba 2-1 Corinthians (P)
2026-10-07,17:30,Internacional vs Corinthians,,,Visita tarjetas -0.5,CARDS_AWAY UNDER.0.5,CARDS_AWAY:UNDER_0_5,11.1%,0.110800,9.03,,,,,,,,,,,Sin cuota/EV,No encontrado en Betano,Solo modelo,2,14.08,14.080000,,Betano mapeado,Baja,contexto premium torneo actual,usa promedios del contexto premium/API-Football,depende mucho del arbitro y del contexto competitivo,https://www.betano.pe/cuotas-de-partido/internacional-rs-corinthians-sp/92517456/,torneo actual,torneo actual,28,30.0,36.0,2026-09-19 · Serie A · Sao Paulo 1-0 Internacional (P); 2026-09-12 · Serie A · Chapecoense-sc 1-2 Internacional (G); 2026-09-06 · Serie A · Internacional 2-3 Santos (P); 2026-08-30 · Serie A · Bahia 3-2 Internacional (P); 2026-08-22 · Serie A · Internacional 0-0 Atletico-MG (E),torneo actual,28,29.0,32.0,2026-09-20 · Serie A · Corinthians 1-3 Fluminense (P); 2026-09-13 · Serie A · Flamengo 2-1 Corinthians (P); 2026-09-06 · Serie A · Corinthians 1-2 Chapecoense-sc (P); 2026-08-30 · Serie A · Corinthians 0-1 Santos (P); 2026-08-23 · Serie A · Coritiba 2-1 Corinthians (P)
2026-10-07,17:30,Internacional vs Corinthians,,,Tarjetas total -2.5,CARDS_TOTALS UNDER.2.5,CARDS_TOTALS:UNDER_2_5,8.2%,0.082400,12.14,,,,,,,,,,,Sin cuota/EV,No encontrado en Betano,Solo modelo,3,16.24,16.239000,,Betano mapeado,Baja,contexto premium torneo actual,usa promedios del contexto premium/API-Football,depende mucho del arbitro y del contexto competitivo,https://www.betano.pe/cuotas-de-partido/internacional-rs-corinthians-sp/92517456/,torneo actual,torneo actual,28,30.0,36.0,2026-09-19 · Serie A · Sao Paulo 1-0 Internacional (P); 2026-09-12 · Serie A · Chapecoense-sc 1-2 Internacional (G); 2026-09-06 · Serie A · Internacional 2-3 Santos (P); 2026-08-30 · Serie A · Bahia 3-2 Internacional (P); 2026-08-22 · Serie A · Internacional 0-0 Atletico-MG (E),torneo actual,28,29.0,32.0,2026-09-20 · Serie A · Corinthians 1-3 Fluminense (P); 2026-09-13 · Serie A · Flamengo 2-1 Corinthians (P); 2026-09-06 · Serie A · Corinthians 1-2 Chapecoense-sc (P); 2026-08-30 · Serie A · Corinthians 0-1 Santos (P); 2026-08-23 · Serie A · Coritiba 2-1 Corinthians (P)
2026-10-07,17:30,Internacional vs Corinthians,,,SHOTS_TOTAL UNDER.18.5,SHOTS_TOTAL UNDER.18.5,SHOTS_TOTAL:UNDER_18_5,7.2%,0.072000,13.88,,,,,,,,,,,Sin cuota/EV,No encontrado en Betano,Solo modelo,2,10.20,10.202000,,Betano mapeado,Baja,contexto premium torneo actual,usa promedios del contexto premium/API-Football,el volumen ofensivo puede variar por planteamiento y marcador temprano,https://www.betano.pe/cuotas-de-partido/internacional-rs-corinthians-sp/92517456/,torneo actual,torneo actual,28,30.0,36.0,2026-09-19 · Serie A · Sao Paulo 1-0 Internacional (P); 2026-09-12 · Serie A · Chapecoense-sc 1-2 Internacional (G); 2026-09-06 · Serie A · Internacional 2-3 Santos (P); 2026-08-30 · Serie A · Bahia 3-2 Internacional (P); 2026-08-22 · Serie A · Internacional 0-0 Atletico-MG (E),torneo actual,28,29.0,32.0,2026-09-20 · Serie A · Corinthians 1-3 Fluminense (P); 2026-09-13 · Serie A · Flamengo 2-1 Corinthians (P); 2026-09-06 · Serie A · Corinthians 1-2 Chapecoense-sc (P); 2026-08-30 · Serie A · Corinthians 0-1 Santos (P); 2026-08-23 · Serie A · Coritiba 2-1 Corinthians (P)
2026-10-07,17:30,Internacional vs Corinthians,,,Local tarjetas -0.5,CARDS_HOME UNDER.0.5,CARDS_HOME:UNDER_0_5,3.3%,0.033400,29.96,,,,,,,,,,,Sin cuota/EV,No encontrado en Betano,Solo modelo,2,6.34,6.337000,,Betano mapeado,Baja,contexto premium torneo actual,usa promedios del contexto premium/API-Football,depende mucho del arbitro y del contexto competitivo,https://www.betano.pe/cuotas-de-partido/internacional-rs-corinthians-sp/92517456/,torneo actual,torneo actual,28,30.0,36.0,2026-09-19 · Serie A · Sao Paulo 1-0 Internacional (P); 2026-09-12 · Serie A · Chapecoense-sc 1-2 Internacional (G); 2026-09-06 · Serie A · Internacional 2-3 Santos (P); 2026-08-30 · Serie A · Bahia 3-2 Internacional (P); 2026-08-22 · Serie A · Internacional 0-0 Atletico-MG (E),torneo actual,28,29.0,32.0,2026-09-20 · Serie A · Corinthians 1-3 Fluminense (P); 2026-09-13 · Serie A · Flamengo 2-1 Corinthians (P); 2026-09-06 · Serie A · Corinthians 1-2 Chapecoense-sc (P); 2026-08-30 · Serie A · Corinthians 0-1 Santos (P); 2026-08-23 · Serie A · Coritiba 2-1 Corinthians (P)
2026-10-07,17:30,RB Bragantino vs Mirassol,,,SHOTS_TOTAL OVER.18.5,SHOTS_TOTAL OVER.18.5,SHOTS_TOTAL:OVER_18_5,98.3%,0.983200,1.02,,,,,,,,,,,Sin cuota/EV,No encontrado en Betano,Solo modelo,2,101.32,101.323000,,Betano no expuesto,Alta,contexto premium torneo actual,usa promedios del contexto premium/API-Football,el volumen ofensivo puede variar por planteamiento y marcador temprano,,torneo actual,torneo actual,28,33.0,32.0,2026-10-03 · Serie A · Atletico-MG 1-0 RB Bragantino (P); 2026-09-20 · Serie A · Flamengo 2-1 RB Bragantino (P); 2026-09-12 · Serie A · Botafogo 1-1 RB Bragantino (E); 2026-09-05 · Serie A · RB Bragantino 2-3 Bahia (P); 2026-08-29 · Serie A · Sao Paulo 2-1 RB Bragantino (P),torneo actual,28,33.0,42.0,2026-09-19 · Serie A · Mirassol 2-0 Botafogo (G); 2026-09-13 · Serie A · Mirassol 2-2 Vitoria (E); 2026-09-06 · Serie A · Coritiba 1-2 Mirassol (G); 2026-09-02 · Serie A · Flamengo 2-0 Mirassol (P); 2026-08-30 · Serie A · Mirassol 1-1 Palmeiras (E)
2026-10-07,17:30,RB Bragantino vs Mirassol,,,SHOTS_TOTAL OVER.20.5,SHOTS_TOTAL OVER.20.5,SHOTS_TOTAL:OVER_20_5,95.6%,0.955800,1.05,,,,,,,,,,,Sin cuota/EV,No encontrado en Betano,Solo modelo,2,98.58,98.582000,,Betano no expuesto,Alta,contexto premium torneo actual,usa promedios del contexto premium/API-Football,el volumen ofensivo puede variar por planteamiento y marcador temprano,,torneo actual,torneo actual,28,33.0,32.0,2026-10-03 · Serie A · Atletico-MG 1-0 RB Bragantino (P); 2026-09-20 · Serie A · Flamengo 2-1 RB Bragantino (P); 2026-09-12 · Serie A · Botafogo 1-1 RB Bragantino (E); 2026-09-05 · Serie A · RB Bragantino 2-3 Bahia (P); 2026-08-29 · Serie A · Sao Paulo 2-1 RB Bragantino (P),torneo actual,28,33.0,42.0,2026-09-19 · Serie A · Mirassol 2-0 Botafogo (G); 2026-09-13 · Serie A · Mirassol 2-2 Vitoria (E); 2026-09-06 · Serie A · Coritiba 1-2 Mirassol (G); 2026-09-02 · Serie A · Flamengo 2-0 Mirassol (P); 2026-08-30 · Serie A · Mirassol 1-1 Palmeiras (E)
2026-10-07,17:30,RB Bragantino vs Mirassol,,,SHOTS_ON_TARGET_TOTAL OVER.6.5,SHOTS_ON_TARGET_TOTAL OVER.6.5,SHOTS_ON_TARGET_TOTAL:OVER_6_5,92.9%,0.929200,1.08,,,,,,,,,,,Sin cuota/EV,No encontrado en Betano,Solo modelo,2,95.92,95.924000,,Betano no expuesto,Alta,contexto premium torneo actual,usa promedios del contexto premium/API-Football,el volumen ofensivo puede variar por planteamiento y marcador temprano,,torneo actual,torneo actual,28,33.0,32.0,2026-10-03 · Serie A · Atletico-MG 1-0 RB Bragantino (P); 2026-09-20 · Serie A · Flamengo 2-1 RB Bragantino (P); 2026-09-12 · Serie A · Botafogo 1-1 RB Bragantino (E); 2026-09-05 · Serie A · RB Bragantino 2-3 Bahia (P); 2026-08-29 · Serie A · Sao Paulo 2-1 RB Bragantino (P),torneo actual,28,33.0,42.0,2026-09-19 · Serie A · Mirassol 2-0 Botafogo (G); 2026-09-13 · Serie A · Mirassol 2-2 Vitoria (E); 2026-09-06 · Serie A · Coritiba 1-2 Mirassol (G); 2026-09-02 · Serie A · Flamengo 2-0 Mirassol (P); 2026-08-30 · Serie A · Mirassol 1-1 Palmeiras (E)
2026-10-07,17:30,RB Bragantino vs Mirassol,,,Visita tarjetas +0.5,CARDS_AWAY OVER.0.5,CARDS_AWAY:OVER_0_5,92.6%,0.925700,1.08,,,,,,,,,,,Sin cuota/EV,No encontrado en Betano,Solo modelo,2,95.57,95.573000,,Betano no expuesto,Alta,contexto premium torneo actual,usa promedios del contexto premium/API-Football,depende mucho del arbitro y del contexto competitivo,,torneo actual,torneo actual,28,33.0,32.0,2026-10-03 · Serie A · Atletico-MG 1-0 RB Bragantino (P); 2026-09-20 · Serie A · Flamengo 2-1 RB Bragantino (P); 2026-09-12 · Serie A · Botafogo 1-1 RB Bragantino (E); 2026-09-05 · Serie A · RB Bragantino 2-3 Bahia (P); 2026-08-29 · Serie A · Sao Paulo 2-1 RB Bragantino (P),torneo actual,28,33.0,42.0,2026-09-19 · Serie A · Mirassol 2-0 Botafogo (G); 2026-09-13 · Serie A · Mirassol 2-2 Vitoria (E); 2026-09-06 · Serie A · Coritiba 1-2 Mirassol (G); 2026-09-02 · Serie A · Flamengo 2-0 Mirassol (P); 2026-08-30 · Serie A · Mirassol 1-1 Palmeiras (E)
2026-10-07,17:30,RB Bragantino vs Mirassol,,,Corners total +7.5,CORNERS_TOTALS OVER.7.5,CORNERS_TOTALS:OVER_7_5,92.3%,0.922800,1.08,,,,,,,,,,,Sin cuota/EV,No encontrado en Betano,Solo modelo,6,122.28,122.281000,,Betano no expuesto,Alta,contexto premium torneo actual,usa promedios del contexto premium/API-Football,el volumen ofensivo puede variar por planteamiento y marcador temprano,,torneo actual,torneo actual,28,33.0,32.0,2026-10-03 · Serie A · Atletico-MG 1-0 RB Bragantino (P); 2026-09-20 · Serie A · Flamengo 2-1 RB Bragantino (P); 2026-09-12 · Serie A · Botafogo 1-1 RB Bragantino (E); 2026-09-05 · Serie A · RB Bragantino 2-3 Bahia (P); 2026-08-29 · Serie A · Sao Paulo 2-1 RB Bragantino (P),torneo actual,28,33.0,42.0,2026-09-19 · Serie A · Mirassol 2-0 Botafogo (G); 2026-09-13 · Serie A · Mirassol 2-2 Vitoria (E); 2026-09-06 · Serie A · Coritiba 1-2 Mirassol (G); 2026-09-02 · Serie A · Flamengo 2-0 Mirassol (P); 2026-08-30 · Serie A · Mirassol 1-1 Palmeiras (E)
2026-10-07,17:30,RB Bragantino vs Mirassol,,,SHOTS_TOTAL OVER.22.5,SHOTS_TOTAL OVER.22.5,SHOTS_TOTAL:OVER_22_5,90.2%,0.902500,1.11,,,,,,,,,,,Sin cuota/EV,No encontrado en Betano,Solo modelo,2,93.25,93.246000,,Betano no expuesto,Alta,contexto premium torneo actual,usa promedios del contexto premium/API-Football,el volumen ofensivo puede variar por planteamiento y marcador temprano,,torneo actual,torneo actual,28,33.0,32.0,2026-10-03 · Serie A · Atletico-MG 1-0 RB Bragantino (P); 2026-09-20 · Serie A · Flamengo 2-1 RB Bragantino (P); 2026-09-12 · Serie A · Botafogo 1-1 RB Bragantino (E); 2026-09-05 · Serie A · RB Bragantino 2-3 Bahia (P); 2026-08-29 · Serie A · Sao Paulo 2-1 RB Bragantino (P),torneo actual,28,33.0,42.0,2026-09-19 · Serie A · Mirassol 2-0 Botafogo (G); 2026-09-13 · Serie A · Mirassol 2-2 Vitoria (E); 2026-09-06 · Serie A · Coritiba 1-2 Mirassol (G); 2026-09-02 · Serie A · Flamengo 2-0 Mirassol (P); 2026-08-30 · Serie A · Mirassol 1-1 Palmeiras (E)
2026-10-07,17:30,RB Bragantino vs Mirassol,,,Local tarjetas +0.5,CARDS_HOME OVER.0.5,CARDS_HOME:OVER_0_5,88.9%,0.889200,1.12,,,,,,,,,,,Sin cuota/EV,No encontrado en Betano,Solo modelo,2,91.92,91.920000,,Betano no expuesto,Alta,contexto premium torneo actual,usa promedios del contexto premium/API-Football,depende mucho del arbitro y del contexto competitivo,,torneo actual,torneo actual,28,33.0,32.0,2026-10-03 · Serie A · Atletico-MG 1-0 RB Bragantino (P); 2026-09-20 · Serie A · Flamengo 2-1 RB Bragantino (P); 2026-09-12 · Serie A · Botafogo 1-1 RB Bragantino (E); 2026-09-05 · Serie A · RB Bragantino 2-3 Bahia (P); 2026-08-29 · Serie A · Sao Paulo 2-1 RB Bragantino (P),torneo actual,28,33.0,42.0,2026-09-19 · Serie A · Mirassol 2-0 Botafogo (G); 2026-09-13 · Serie A · Mirassol 2-2 Vitoria (E); 2026-09-06 · Serie A · Coritiba 1-2 Mirassol (G); 2026-09-02 · Serie A · Flamengo 2-0 Mirassol (P); 2026-08-30 · Serie A · Mirassol 1-1 Palmeiras (E)
2026-10-07,17:30,RB Bragantino vs Mirassol,,,Visita goles -2.5,TEAM_TOTAL_AWAY UNDER.2.5,TEAM_TOTAL_AWAY:UNDER_2_5,88.8%,0.887900,1.13,,,,,,,,,,,Sin cuota/EV,No encontrado en Betano,Solo modelo,4,104.79,104.790000,,Betano no expuesto,Alta,torneo actual,usa Poisson base con estadisticas de goles del torneo,un gol temprano o baja eficacia puede cambiar la lectura del mercado,,torneo actual,torneo actual,28,33.0,32.0,2026-10-03 · Serie A · Atletico-MG 1-0 RB Bragantino (P); 2026-09-20 · Serie A · Flamengo 2-1 RB Bragantino (P); 2026-09-12 · Serie A · Botafogo 1-1 RB Bragantino (E); 2026-09-05 · Serie A · RB Bragantino 2-3 Bahia (P); 2026-08-29 · Serie A · Sao Paulo 2-1 RB Bragantino (P),torneo actual,28,33.0,42.0,2026-09-19 · Serie A · Mirassol 2-0 Botafogo (G); 2026-09-13 · Serie A · Mirassol 2-2 Vitoria (E); 2026-09-06 · Serie A · Coritiba 1-2 Mirassol (G); 2026-09-02 · Serie A · Flamengo 2-0 Mirassol (P); 2026-08-30 · Serie A · Mirassol 1-1 Palmeiras (E)
2026-10-07,17:30,RB Bragantino vs Mirassol,,,SHOTS_ON_TARGET_TOTAL OVER.7.5,SHOTS_ON_TARGET_TOTAL OVER.7.5,SHOTS_ON_TARGET_TOTAL:OVER_7_5,86.9%,0.869300,1.15,,,,,,,,,,,Sin cuota/EV,No encontrado en Betano,Solo modelo,2,89.93,89.926000,,Betano no expuesto,Alta,contexto premium torneo actual,usa promedios del contexto premium/API-Football,el volumen ofensivo puede variar por planteamiento y marcador temprano,,torneo actual,torneo actual,28,33.0,32.0,2026-10-03 · Serie A · Atletico-MG 1-0 RB Bragantino (P); 2026-09-20 · Serie A · Flamengo 2-1 RB Bragantino (P); 2026-09-12 · Serie A · Botafogo 1-1 RB Bragantino (E); 2026-09-05 · Serie A · RB Bragantino 2-3 Bahia (P); 2026-08-29 · Serie A · Sao Paulo 2-1 RB Bragantino (P),torneo actual,28,33.0,42.0,2026-09-19 · Serie A · Mirassol 2-0 Botafogo (G); 2026-09-13 · Serie A · Mirassol 2-2 Vitoria (E); 2026-09-06 · Serie A · Coritiba 1-2 Mirassol (G); 2026-09-02 · Serie A · Flamengo 2-0 Mirassol (P); 2026-08-30 · Serie A · Mirassol 1-1 Palmeiras (E)
2026-10-07,17:30,RB Bragantino vs Mirassol,,,Local corners +3.5,CORNERS_HOME OVER.3.5,CORNERS_HOME:OVER_3_5,86.6%,0.865800,1.16,,,,,,,,,,,Sin cuota/EV,No encontrado en Betano,Solo modelo,4,102.58,102.577000,,Betano no expuesto,Alta,contexto premium torneo actual,usa promedios del contexto premium/API-Football,el volumen ofensivo puede variar por planteamiento y marcador temprano,,torneo actual,torneo actual,28,33.0,32.0,2026-10-03 · Serie A · Atletico-MG 1-0 RB Bragantino (P); 2026-09-20 · Serie A · Flamengo 2-1 RB Bragantino (P); 2026-09-12 · Serie A · Botafogo 1-1 RB Bragantino (E); 2026-09-05 · Serie A · RB Bragantino 2-3 Bahia (P); 2026-08-29 · Serie A · Sao Paulo 2-1 RB Bragantino (P),torneo actual,28,33.0,42.0,2026-09-19 · Serie A · Mirassol 2-0 Botafogo (G); 2026-09-13 · Serie A · Mirassol 2-2 Vitoria (E); 2026-09-06 · Serie A · Coritiba 1-2 Mirassol (G); 2026-09-02 · Serie A · Flamengo 2-0 Mirassol (P); 2026-08-30 · Serie A · Mirassol 1-1 Palmeiras (E)
2026-10-07,17:30,RB Bragantino vs Mirassol,,,Corners total +8.5,CORNERS_TOTALS OVER.8.5,CORNERS_TOTALS:OVER_8_5,86.4%,0.863700,1.16,,,,,,,,,,,Sin cuota/EV,No encontrado en Betano,Solo modelo,6,116.37,116.366000,,Betano no expuesto,Alta,contexto premium torneo actual,usa promedios del contexto premium/API-Football,el volumen ofensivo puede variar por planteamiento y marcador temprano,,torneo actual,torneo actual,28,33.0,32.0,2026-10-03 · Serie A · Atletico-MG 1-0 RB Bragantino (P); 2026-09-20 · Serie A · Flamengo 2-1 RB Bragantino (P); 2026-09-12 · Serie A · Botafogo 1-1 RB Bragantino (E); 2026-09-05 · Serie A · RB Bragantino 2-3 Bahia (P); 2026-08-29 · Serie A · Sao Paulo 2-1 RB Bragantino (P),torneo actual,28,33.0,42.0,2026-09-19 · Serie A · Mirassol 2-0 Botafogo (G); 2026-09-13 · Serie A · Mirassol 2-2 Vitoria (E); 2026-09-06 · Serie A · Coritiba 1-2 Mirassol (G); 2026-09-02 · Serie A · Flamengo 2-0 Mirassol (P); 2026-08-30 · Serie A · Mirassol 1-1 Palmeiras (E)
2026-10-07,17:30,RB Bragantino vs Mirassol,,,Visita corners +3.5,CORNERS_AWAY OVER.3.5,CORNERS_AWAY:OVER_3_5,85.8%,0.857500,1.17,,,,,,,,,,,Sin cuota/EV,No encontrado en Betano,Solo modelo,4,101.75,101.750000,,Betano no expuesto,Alta,contexto premium torneo actual,usa promedios del contexto premium/API-Football,el volumen ofensivo puede variar por planteamiento y marcador temprano,,torneo actual,torneo actual,28,33.0,32.0,2026-10-03 · Serie A · Atletico-MG 1-0 RB Bragantino (P); 2026-09-20 · Serie A · Flamengo 2-1 RB Bragantino (P); 2026-09-12 · Serie A · Botafogo 1-1 RB Bragantino (E); 2026-09-05 · Serie A · RB Bragantino 2-3 Bahia (P); 2026-08-29 · Serie A · Sao Paulo 2-1 RB Bragantino (P),torneo actual,28,33.0,42.0,2026-09-19 · Serie A · Mirassol 2-0 Botafogo (G); 2026-09-13 · Serie A · Mirassol 2-2 Vitoria (E); 2026-09-06 · Serie A · Coritiba 1-2 Mirassol (G); 2026-09-02 · Serie A · Flamengo 2-0 Mirassol (P); 2026-08-30 · Serie A · Mirassol 1-1 Palmeiras (E)
2026-10-07,17:30,RB Bragantino vs Mirassol,,,Tarjetas total +2.5,CARDS_TOTALS OVER.2.5,CARDS_TOTALS:OVER_2_5,85.8%,0.857500,1.17,,,,,,,,,,,Sin cuota/EV,No encontrado en Betano,Solo modelo,3,93.75,93.746000,,Betano no expuesto,Alta,contexto premium torneo actual,usa promedios del contexto premium/API-Football,depende mucho del arbitro y del contexto competitivo,,torneo actual,torneo actual,28,33.0,32.0,2026-10-03 · Serie A · Atletico-MG 1-0 RB Bragantino (P); 2026-09-20 · Serie A · Flamengo 2-1 RB Bragantino (P); 2026-09-12 · Serie A · Botafogo 1-1 RB Bragantino (E); 2026-09-05 · Serie A · RB Bragantino 2-3 Bahia (P); 2026-08-29 · Serie A · Sao Paulo 2-1 RB Bragantino (P),torneo actual,28,33.0,42.0,2026-09-19 · Serie A · Mirassol 2-0 Botafogo (G); 2026-09-13 · Serie A · Mirassol 2-2 Vitoria (E); 2026-09-06 · Serie A · Coritiba 1-2 Mirassol (G); 2026-09-02 · Serie A · Flamengo 2-0 Mirassol (P); 2026-08-30 · Serie A · Mirassol 1-1 Palmeiras (E)
2026-10-07,17:30,RB Bragantino vs Mirassol,,,Local goles -2.5,TEAM_TOTAL_HOME UNDER.2.5,TEAM_TOTAL_HOME:UNDER_2_5,82.2%,0.822200,1.22,,,,,,,,,,,Sin cuota/EV,No encontrado en Betano,Solo modelo,4,98.22,98.219000,,Betano no expuesto,Alta,torneo actual,usa Poisson base con estadisticas de goles del torneo,un gol temprano o baja eficacia puede cambiar la lectura del mercado,,torneo actual,torneo actual,28,33.0,32.0,2026-10-03 · Serie A · Atletico-MG 1-0 RB Bragantino (P); 2026-09-20 · Serie A · Flamengo 2-1 RB Bragantino (P); 2026-09-12 · Serie A · Botafogo 1-1 RB Bragantino (E); 2026-09-05 · Serie A · RB Bragantino 2-3 Bahia (P); 2026-08-29 · Serie A · Sao Paulo 2-1 RB Bragantino (P),torneo actual,28,33.0,42.0,2026-09-19 · Serie A · Mirassol 2-0 Botafogo (G); 2026-09-13 · Serie A · Mirassol 2-2 Vitoria (E); 2026-09-06 · Serie A · Coritiba 1-2 Mirassol (G); 2026-09-02 · Serie A · Flamengo 2-0 Mirassol (P); 2026-08-30 · Serie A · Mirassol 1-1 Palmeiras (E)
2026-10-07,17:30,RB Bragantino vs Mirassol,,,Local tarjetas -3.5,CARDS_HOME UNDER.3.5,CARDS_HOME:UNDER_3_5,81.9%,0.819400,1.22,,,,,,,,,,,Sin cuota/EV,No encontrado en Betano,Solo modelo,2,84.94,84.935000,,Betano no expuesto,Alta,contexto premium torneo actual,usa promedios del contexto premium/API-Football,depende mucho del arbitro y del contexto competitivo,,torneo actual,torneo actual,28,33.0,32.0,2026-10-03 · Serie A · Atletico-MG 1-0 RB Bragantino (P); 2026-09-20 · Serie A · Flamengo 2-1 RB Bragantino (P); 2026-09-12 · Serie A · Botafogo 1-1 RB Bragantino (E); 2026-09-05 · Serie A · RB Bragantino 2-3 Bahia (P); 2026-08-29 · Serie A · Sao Paulo 2-1 RB Bragantino (P),torneo actual,28,33.0,42.0,2026-09-19 · Serie A · Mirassol 2-0 Botafogo (G); 2026-09-13 · Serie A · Mirassol 2-2 Vitoria (E); 2026-09-06 · Serie A · Coritiba 1-2 Mirassol (G); 2026-09-02 · Serie A · Flamengo 2-0 Mirassol (P); 2026-08-30 · Serie A · Mirassol 1-1 Palmeiras (E)
2026-10-07,17:30,RB Bragantino vs Mirassol,,,SHOTS_TOTAL OVER.24.5,SHOTS_TOTAL OVER.24.5,SHOTS_TOTAL:OVER_24_5,81.6%,0.815600,1.23,,,,,,,,,,,Sin cuota/EV,No encontrado en Betano,Solo modelo,2,84.56,84.565000,,Betano no expuesto,Alta,contexto premium torneo actual,usa promedios del contexto premium/API-Football,el volumen ofensivo puede variar por planteamiento y marcador temprano,,torneo actual,torneo actual,28,33.0,32.0,2026-10-03 · Serie A · Atletico-MG 1-0 RB Bragantino (P); 2026-09-20 · Serie A · Flamengo 2-1 RB Bragantino (P); 2026-09-12 · Serie A · Botafogo 1-1 RB Bragantino (E); 2026-09-05 · Serie A · RB Bragantino 2-3 Bahia (P); 2026-08-29 · Serie A · Sao Paulo 2-1 RB Bragantino (P),torneo actual,28,33.0,42.0,2026-09-19 · Serie A · Mirassol 2-0 Botafogo (G); 2026-09-13 · Serie A · Mirassol 2-2 Vitoria (E); 2026-09-06 · Serie A · Coritiba 1-2 Mirassol (G); 2026-09-02 · Serie A · Flamengo 2-0 Mirassol (P); 2026-08-30 · Serie A · Mirassol 1-1 Palmeiras (E)
2026-10-07,17:30,RB Bragantino vs Mirassol,,,Tarjetas total -6.5,CARDS_TOTALS UNDER.6.5,CARDS_TOTALS:UNDER_6_5,79.1%,0.790800,1.26,,,,,,,,,,,Sin cuota/EV,No encontrado en Betano,Solo modelo,3,87.08,87.080000,,Betano no expuesto,Alta,contexto premium torneo actual,usa promedios del contexto premium/API-Football,depende mucho del arbitro y del contexto competitivo,,torneo actual,torneo actual,28,33.0,32.0,2026-10-03 · Serie A · Atletico-MG 1-0 RB Bragantino (P); 2026-09-20 · Serie A · Flamengo 2-1 RB Bragantino (P); 2026-09-12 · Serie A · Botafogo 1-1 RB Bragantino (E); 2026-09-05 · Serie A · RB Bragantino 2-3 Bahia (P); 2026-08-29 · Serie A · Sao Paulo 2-1 RB Bragantino (P),torneo actual,28,33.0,42.0,2026-09-19 · Serie A · Mirassol 2-0 Botafogo (G); 2026-09-13 · Serie A · Mirassol 2-2 Vitoria (E); 2026-09-06 · Serie A · Coritiba 1-2 Mirassol (G); 2026-09-02 · Serie A · Flamengo 2-0 Mirassol (P); 2026-08-30 · Serie A · Mirassol 1-1 Palmeiras (E)
2026-10-07,17:30,RB Bragantino vs Mirassol,,,SHOTS_ON_TARGET_TOTAL OVER.8.5,SHOTS_ON_TARGET_TOTAL OVER.8.5,SHOTS_ON_TARGET_TOTAL:OVER_8_5,78.5%,0.785300,1.27,,,,,,,,,,,Sin cuota/EV,No encontrado en Betano,Solo modelo,2,81.53,81.529000,,Betano no expuesto,Alta,contexto premium torneo actual,usa promedios del contexto premium/API-Football,el volumen ofensivo puede variar por planteamiento y marcador temprano,,torneo actual,torneo actual,28,33.0,32.0,2026-10-03 · Serie A · Atletico-MG 1-0 RB Bragantino (P); 2026-09-20 · Serie A · Flamengo 2-1 RB Bragantino (P); 2026-09-12 · Serie A · Botafogo 1-1 RB Bragantino (E); 2026-09-05 · Serie A · RB Bragantino 2-3 Bahia (P); 2026-08-29 · Serie A · Sao Paulo 2-1 RB Bragantino (P),torneo actual,28,33.0,42.0,2026-09-19 · Serie A · Mirassol 2-0 Botafogo (G); 2026-09-13 · Serie A · Mirassol 2-2 Vitoria (E); 2026-09-06 · Serie A · Coritiba 1-2 Mirassol (G); 2026-09-02 · Serie A · Flamengo 2-0 Mirassol (P); 2026-08-30 · Serie A · Mirassol 1-1 Palmeiras (E)
2026-10-07,17:30,RB Bragantino vs Mirassol,,,Corners total +9.5,CORNERS_TOTALS OVER.9.5,CORNERS_TOTALS:OVER_9_5,78.3%,0.782800,1.28,,,,,,,,,,,Sin cuota/EV,No encontrado en Betano,Solo modelo,6,108.28,108.284000,,Betano no expuesto,Alta,contexto premium torneo actual,usa promedios del contexto premium/API-Football,el volumen ofensivo puede variar por planteamiento y marcador temprano,,torneo actual,torneo actual,28,33.0,32.0,2026-10-03 · Serie A · Atletico-MG 1-0 RB Bragantino (P); 2026-09-20 · Serie A · Flamengo 2-1 RB Bragantino (P); 2026-09-12 · Serie A · Botafogo 1-1 RB Bragantino (E); 2026-09-05 · Serie A · RB Bragantino 2-3 Bahia (P); 2026-08-29 · Serie A · Sao Paulo 2-1 RB Bragantino (P),torneo actual,28,33.0,42.0,2026-09-19 · Serie A · Mirassol 2-0 Botafogo (G); 2026-09-13 · Serie A · Mirassol 2-2 Vitoria (E); 2026-09-06 · Serie A · Coritiba 1-2 Mirassol (G); 2026-09-02 · Serie A · Flamengo 2-0 Mirassol (P); 2026-08-30 · Serie A · Mirassol 1-1 Palmeiras (E)
2026-10-07,17:30,RB Bragantino vs Mirassol,William Hill,,1T +0.5,FIRST_HALF_TOTALS OVER.0.5,FIRST_HALF_TOTALS:OVER_0_5,77.7%,0.776900,1.29,1.30,0.01,0.009900,0.01,1.01,,,,,,EV negativo,No encontrado en Betano,Equilibrado,5,102.87,102.866000,,Betano no expuesto,Alta,contexto premium torneo actual,usa promedios del contexto premium/API-Football,el primer tiempo puede tener ritmo bajo o rotaciones,,torneo actual,torneo actual,28,33.0,32.0,2026-10-03 · Serie A · Atletico-MG 1-0 RB Bragantino (P); 2026-09-20 · Serie A · Flamengo 2-1 RB Bragantino (P); 2026-09-12 · Serie A · Botafogo 1-1 RB Bragantino (E); 2026-09-05 · Serie A · RB Bragantino 2-3 Bahia (P); 2026-08-29 · Serie A · Sao Paulo 2-1 RB Bragantino (P),torneo actual,28,33.0,42.0,2026-09-19 · Serie A · Mirassol 2-0 Botafogo (G); 2026-09-13 · Serie A · Mirassol 2-2 Vitoria (E); 2026-09-06 · Serie A · Coritiba 1-2 Mirassol (G); 2026-09-02 · Serie A · Flamengo 2-0 Mirassol (P); 2026-08-30 · Serie A · Mirassol 1-1 Palmeiras (E)
2026-10-07,17:30,RB Bragantino vs Mirassol,,,Local goles +0.5,TEAM_TOTAL_HOME OVER.0.5,TEAM_TOTAL_HOME:OVER_0_5,76.5%,0.764600,1.31,,,,,,,,,,,Sin cuota/EV,No encontrado en Betano,Solo modelo,4,92.46,92.457000,,Betano no expuesto,Alta,torneo actual,usa Poisson base con estadisticas de goles del torneo,un gol temprano o baja eficacia puede cambiar la lectura del mercado,,torneo actual,torneo actual,28,33.0,32.0,2026-10-03 · Serie A · Atletico-MG 1-0 RB Bragantino (P); 2026-09-20 · Serie A · Flamengo 2-1 RB Bragantino (P); 2026-09-12 · Serie A · Botafogo 1-1 RB Bragantino (E); 2026-09-05 · Serie A · RB Bragantino 2-3 Bahia (P); 2026-08-29 · Serie A · Sao Paulo 2-1 RB Bragantino (P),torneo actual,28,33.0,42.0,2026-09-19 · Serie A · Mirassol 2-0 Botafogo (G); 2026-09-13 · Serie A · Mirassol 2-2 Vitoria (E); 2026-09-06 · Serie A · Coritiba 1-2 Mirassol (G); 2026-09-02 · Serie A · Flamengo 2-0 Mirassol (P); 2026-08-30 · Serie A · Mirassol 1-1 Palmeiras (E)
2026-10-07,17:30,RB Bragantino vs Mirassol,,,Local corners +4.5,CORNERS_HOME OVER.4.5,CORNERS_HOME:OVER_4_5,74.1%,0.740800,1.35,,,,,,,,,,,Sin cuota/EV,No encontrado en Betano,Solo modelo,4,90.08,90.082000,,Betano no expuesto,Alta,contexto premium torneo actual,usa promedios del contexto premium/API-Football,el volumen ofensivo puede variar por planteamiento y marcador temprano,,torneo actual,torneo actual,28,33.0,32.0,2026-10-03 · Serie A · Atletico-MG 1-0 RB Bragantino (P); 2026-09-20 · Serie A · Flamengo 2-1 RB Bragantino (P); 2026-09-12 · Serie A · Botafogo 1-1 RB Bragantino (E); 2026-09-05 · Serie A · RB Bragantino 2-3 Bahia (P); 2026-08-29 · Serie A · Sao Paulo 2-1 RB Bragantino (P),torneo actual,28,33.0,42.0,2026-09-19 · Serie A · Mirassol 2-0 Botafogo (G); 2026-09-13 · Serie A · Mirassol 2-2 Vitoria (E); 2026-09-06 · Serie A · Coritiba 1-2 Mirassol (G); 2026-09-02 · Serie A · Flamengo 2-0 Mirassol (P); 2026-08-30 · Serie A · Mirassol 1-1 Palmeiras (E)
2026-10-07,17:30,RB Bragantino vs Mirassol,,,DOUBLE_CHANCE 12,DOUBLE_CHANCE 12,DOUBLE_CHANCE:12,74.0%,0.739700,1.35,,,,,,,,,,,Sin cuota/EV,No encontrado en Betano,Solo modelo,9,118.97,118.969000,,Betano no expuesto,Alta,torneo actual,usa Poisson base con estadisticas de goles del torneo,riesgo propio del resultado final y variacion del modelo,,torneo actual,torneo actual,28,33.0,32.0,2026-10-03 · Serie A · Atletico-MG 1-0 RB Bragantino (P); 2026-09-20 · Serie A · Flamengo 2-1 RB Bragantino (P); 2026-09-12 · Serie A · Botafogo 1-1 RB Bragantino (E); 2026-09-05 · Serie A · RB Bragantino 2-3 Bahia (P); 2026-08-29 · Serie A · Sao Paulo 2-1 RB Bragantino (P),torneo actual,28,33.0,42.0,2026-09-19 · Serie A · Mirassol 2-0 Botafogo (G); 2026-09-13 · Serie A · Mirassol 2-2 Vitoria (E); 2026-09-06 · Serie A · Coritiba 1-2 Mirassol (G); 2026-09-02 · Serie A · Flamengo 2-0 Mirassol (P); 2026-08-30 · Serie A · Mirassol 1-1 Palmeiras (E)
2026-10-07,17:30,RB Bragantino vs Mirassol,,,Visita tarjetas -3.5,CARDS_AWAY UNDER.3.5,CARDS_AWAY:UNDER_3_5,73.6%,0.736000,1.36,,,,,,,,,,,Sin cuota/EV,No encontrado en Betano,Solo modelo,2,76.60,76.600000,,Betano no expuesto,Alta,contexto premium torneo actual,usa promedios del contexto premium/API-Football,depende mucho del arbitro y del contexto competitivo,,torneo actual,torneo actual,28,33.0,32.0,2026-10-03 · Serie A · Atletico-MG 1-0 RB Bragantino (P); 2026-09-20 · Serie A · Flamengo 2-1 RB Bragantino (P); 2026-09-12 · Serie A · Botafogo 1-1 RB Bragantino (E); 2026-09-05 · Serie A · RB Bragantino 2-3 Bahia (P); 2026-08-29 · Serie A · Sao Paulo 2-1 RB Bragantino (P),torneo actual,28,33.0,42.0,2026-09-19 · Serie A · Mirassol 2-0 Botafogo (G); 2026-09-13 · Serie A · Mirassol 2-2 Vitoria (E); 2026-09-06 · Serie A · Coritiba 1-2 Mirassol (G); 2026-09-02 · Serie A · Flamengo 2-0 Mirassol (P); 2026-08-30 · Serie A · Mirassol 1-1 Palmeiras (E)
2026-10-07,17:30,RB Bragantino vs Mirassol,William Hill,,Goles -3.5,TOTALS UNDER.3.5,TOTALS:UNDER_3_5,73.5%,0.734500,1.36,1.05,-0.23,-0.228800,-0.31,0.77,,,,,,EV negativo,No encontrado en Betano,Evitar,10,100.33,100.329000,Cuota por debajo de la cuota justa: valor limitado,Betano no expuesto,Alta,torneo actual,usa Poisson base con estadisticas de goles del torneo,un gol temprano o baja eficacia puede cambiar la lectura del mercado,,torneo actual,torneo actual,28,33.0,32.0,2026-10-03 · Serie A · Atletico-MG 1-0 RB Bragantino (P); 2026-09-20 · Serie A · Flamengo 2-1 RB Bragantino (P); 2026-09-12 · Serie A · Botafogo 1-1 RB Bragantino (E); 2026-09-05 · Serie A · RB Bragantino 2-3 Bahia (P); 2026-08-29 · Serie A · Sao Paulo 2-1 RB Bragantino (P),torneo actual,28,33.0,42.0,2026-09-19 · Serie A · Mirassol 2-0 Botafogo (G); 2026-09-13 · Serie A · Mirassol 2-2 Vitoria (E); 2026-09-06 · Serie A · Coritiba 1-2 Mirassol (G); 2026-09-02 · Serie A · Flamengo 2-0 Mirassol (P); 2026-08-30 · Serie A · Mirassol 1-1 Palmeiras (E)
2026-10-07,17:30,RB Bragantino vs Mirassol,William Hill,,Goles +1.5,TOTALS OVER.1.5,TOTALS:OVER_1_5,73.4%,0.734000,1.36,2.05,0.50,0.504600,0.69,1.50,,,,,,EV positivo,No encontrado en Betano,Seguro,10,137.48,137.480000,,Betano no expuesto,Alta,torneo actual,usa Poisson base con estadisticas de goles del torneo,un gol temprano o baja eficacia puede cambiar la lectura del mercado,,torneo actual,torneo actual,28,33.0,32.0,2026-10-03 · Serie A · Atletico-MG 1-0 RB Bragantino (P); 2026-09-20 · Serie A · Flamengo 2-1 RB Bragantino (P); 2026-09-12 · Serie A · Botafogo 1-1 RB Bragantino (E); 2026-09-05 · Serie A · RB Bragantino 2-3 Bahia (P); 2026-08-29 · Serie A · Sao Paulo 2-1 RB Bragantino (P),torneo actual,28,33.0,42.0,2026-09-19 · Serie A · Mirassol 2-0 Botafogo (G); 2026-09-13 · Serie A · Mirassol 2-2 Vitoria (E); 2026-09-06 · Serie A · Coritiba 1-2 Mirassol (G); 2026-09-02 · Serie A · Flamengo 2-0 Mirassol (P); 2026-08-30 · Serie A · Mirassol 1-1 Palmeiras (E)
2026-10-07,17:30,RB Bragantino vs Mirassol,,,Visita tarjetas +1.5,CARDS_AWAY OVER.1.5,CARDS_AWAY:OVER_1_5,73.3%,0.732600,1.36,,,,,,,,,,,Sin cuota/EV,No encontrado en Betano,Solo modelo,2,76.26,76.262000,,Betano no expuesto,Alta,contexto premium torneo actual,usa promedios del contexto premium/API-Football,depende mucho del arbitro y del contexto competitivo,,torneo actual,torneo actual,28,33.0,32.0,2026-10-03 · Serie A · Atletico-MG 1-0 RB Bragantino (P); 2026-09-20 · Serie A · Flamengo 2-1 RB Bragantino (P); 2026-09-12 · Serie A · Botafogo 1-1 RB Bragantino (E); 2026-09-05 · Serie A · RB Bragantino 2-3 Bahia (P); 2026-08-29 · Serie A · Sao Paulo 2-1 RB Bragantino (P),torneo actual,28,33.0,42.0,2026-09-19 · Serie A · Mirassol 2-0 Botafogo (G); 2026-09-13 · Serie A · Mirassol 2-2 Vitoria (E); 2026-09-06 · Serie A · Coritiba 1-2 Mirassol (G); 2026-09-02 · Serie A · Flamengo 2-0 Mirassol (P); 2026-08-30 · Serie A · Mirassol 1-1 Palmeiras (E)
2026-10-07,17:30,RB Bragantino vs Mirassol,,,Visita corners +4.5,CORNERS_AWAY OVER.4.5,CORNERS_AWAY:OVER_4_5,72.8%,0.728100,1.37,,,,,,,,,,,Sin cuota/EV,No encontrado en Betano,Solo modelo,4,88.81,88.811000,,Betano no expuesto,Alta,contexto premium torneo actual,usa promedios del contexto premium/API-Football,el volumen ofensivo puede variar por planteamiento y marcador temprano,,torneo actual,torneo actual,28,33.0,32.0,2026-10-03 · Serie A · Atletico-MG 1-0 RB Bragantino (P); 2026-09-20 · Serie A · Flamengo 2-1 RB Bragantino (P); 2026-09-12 · Serie A · Botafogo 1-1 RB Bragantino (E); 2026-09-05 · Serie A · RB Bragantino 2-3 Bahia (P); 2026-08-29 · Serie A · Sao Paulo 2-1 RB Bragantino (P),torneo actual,28,33.0,42.0,2026-09-19 · Serie A · Mirassol 2-0 Botafogo (G); 2026-09-13 · Serie A · Mirassol 2-2 Vitoria (E); 2026-09-06 · Serie A · Coritiba 1-2 Mirassol (G); 2026-09-02 · Serie A · Flamengo 2-0 Mirassol (P); 2026-08-30 · Serie A · Mirassol 1-1 Palmeiras (E)
2026-10-07,17:30,RB Bragantino vs Mirassol,,,Tarjetas total +3.5,CARDS_TOTALS OVER.3.5,CARDS_TOTALS:OVER_3_5,70.6%,0.705800,1.42,,,,,,,,,,,Sin cuota/EV,No encontrado en Betano,Solo modelo,3,78.58,78.577000,,Betano no expuesto,Alta,contexto premium torneo actual,usa promedios del contexto premium/API-Football,depende mucho del arbitro y del contexto competitivo,,torneo actual,torneo actual,28,33.0,32.0,2026-10-03 · Serie A · Atletico-MG 1-0 RB Bragantino (P); 2026-09-20 · Serie A · Flamengo 2-1 RB Bragantino (P); 2026-09-12 · Serie A · Botafogo 1-1 RB Bragantino (E); 2026-09-05 · Serie A · RB Bragantino 2-3 Bahia (P); 2026-08-29 · Serie A · Sao Paulo 2-1 RB Bragantino (P),torneo actual,28,33.0,42.0,2026-09-19 · Serie A · Mirassol 2-0 Botafogo (G); 2026-09-13 · Serie A · Mirassol 2-2 Vitoria (E); 2026-09-06 · Serie A · Coritiba 1-2 Mirassol (G); 2026-09-02 · Serie A · Flamengo 2-0 Mirassol (P); 2026-08-30 · Serie A · Mirassol 1-1 Palmeiras (E)
2026-10-07,17:30,RB Bragantino vs Mirassol,,,DOUBLE_CHANCE 1X,DOUBLE_CHANCE 1X,DOUBLE_CHANCE:1X,69.7%,0.696800,1.44,,,,,,,,,,,Sin cuota/EV,No encontrado en Betano,Solo modelo,9,114.68,114.677000,,Betano no expuesto,Media,torneo actual,usa Poisson base con estadisticas de goles del torneo,riesgo propio del resultado final y variacion del modelo,,torneo actual,torneo actual,28,33.0,32.0,2026-10-03 · Serie A · Atletico-MG 1-0 RB Bragantino (P); 2026-09-20 · Serie A · Flamengo 2-1 RB Bragantino (P); 2026-09-12 · Serie A · Botafogo 1-1 RB Bragantino (E); 2026-09-05 · Serie A · RB Bragantino 2-3 Bahia (P); 2026-08-29 · Serie A · Sao Paulo 2-1 RB Bragantino (P),torneo actual,28,33.0,42.0,2026-09-19 · Serie A · Mirassol 2-0 Botafogo (G); 2026-09-13 · Serie A · Mirassol 2-2 Vitoria (E); 2026-09-06 · Serie A · Coritiba 1-2 Mirassol (G); 2026-09-02 · Serie A · Flamengo 2-0 Mirassol (P); 2026-08-30 · Serie A · Mirassol 1-1 Palmeiras (E)
2026-10-07,17:30,RB Bragantino vs Mirassol,,,SHOTS_TOTAL OVER.26.5,SHOTS_TOTAL OVER.26.5,SHOTS_TOTAL:OVER_26_5,69.6%,0.695900,1.44,,,,,,,,,,,Sin cuota/EV,No encontrado en Betano,Solo modelo,2,72.59,72.589000,,Betano no expuesto,Media,contexto premium torneo actual,usa promedios del contexto premium/API-Football,el volumen ofensivo puede variar por planteamiento y marcador temprano,,torneo actual,torneo actual,28,33.0,32.0,2026-10-03 · Serie A · Atletico-MG 1-0 RB Bragantino (P); 2026-09-20 · Serie A · Flamengo 2-1 RB Bragantino (P); 2026-09-12 · Serie A · Botafogo 1-1 RB Bragantino (E); 2026-09-05 · Serie A · RB Bragantino 2-3 Bahia (P); 2026-08-29 · Serie A · Sao Paulo 2-1 RB Bragantino (P),torneo actual,28,33.0,42.0,2026-09-19 · Serie A · Mirassol 2-0 Botafogo (G); 2026-09-13 · Serie A · Mirassol 2-2 Vitoria (E); 2026-09-06 · Serie A · Coritiba 1-2 Mirassol (G); 2026-09-02 · Serie A · Flamengo 2-0 Mirassol (P); 2026-08-30 · Serie A · Mirassol 1-1 Palmeiras (E)
2026-10-07,17:30,RB Bragantino vs Mirassol,,,Visita goles +0.5,TEAM_TOTAL_AWAY OVER.0.5,TEAM_TOTAL_AWAY:OVER_0_5,68.7%,0.686700,1.46,,,,,,,,,,,Sin cuota/EV,No encontrado en Betano,Solo modelo,4,84.67,84.672000,,Betano no expuesto,Media,torneo actual,usa Poisson base con estadisticas de goles del torneo,un gol temprano o baja eficacia puede cambiar la lectura del mercado,,torneo actual,torneo actual,28,33.0,32.0,2026-10-03 · Serie A · Atletico-MG 1-0 RB Bragantino (P); 2026-09-20 · Serie A · Flamengo 2-1 RB Bragantino (P); 2026-09-12 · Serie A · Botafogo 1-1 RB Bragantino (E); 2026-09-05 · Serie A · RB Bragantino 2-3 Bahia (P); 2026-08-29 · Serie A · Sao Paulo 2-1 RB Bragantino (P),torneo actual,28,33.0,42.0,2026-09-19 · Serie A · Mirassol 2-0 Botafogo (G); 2026-09-13 · Serie A · Mirassol 2-2 Vitoria (E); 2026-09-06 · Serie A · Coritiba 1-2 Mirassol (G); 2026-09-02 · Serie A · Flamengo 2-0 Mirassol (P); 2026-08-30 · Serie A · Mirassol 1-1 Palmeiras (E)
2026-10-07,17:30,RB Bragantino vs Mirassol,,,Corners total +10.5,CORNERS_TOTALS OVER.10.5,CORNERS_TOTALS:OVER_10_5,68.3%,0.683400,1.46,,,,,,,,,,,Sin cuota/EV,No encontrado en Betano,Solo modelo,6,98.34,98.342000,,Betano no expuesto,Media,contexto premium torneo actual,usa promedios del contexto premium/API-Football,el volumen ofensivo puede variar por planteamiento y marcador temprano,,torneo actual,torneo actual,28,33.0,32.0,2026-10-03 · Serie A · Atletico-MG 1-0 RB Bragantino (P); 2026-09-20 · Serie A · Flamengo 2-1 RB Bragantino (P); 2026-09-12 · Serie A · Botafogo 1-1 RB Bragantino (E); 2026-09-05 · Serie A · RB Bragantino 2-3 Bahia (P); 2026-08-29 · Serie A · Sao Paulo 2-1 RB Bragantino (P),torneo actual,28,33.0,42.0,2026-09-19 · Serie A · Mirassol 2-0 Botafogo (G); 2026-09-13 · Serie A · Mirassol 2-2 Vitoria (E); 2026-09-06 · Serie A · Coritiba 1-2 Mirassol (G); 2026-09-02 · Serie A · Flamengo 2-0 Mirassol (P); 2026-08-30 · Serie A · Mirassol 1-1 Palmeiras (E)
2026-10-07,17:30,RB Bragantino vs Mirassol,,,SHOTS_ON_TARGET_TOTAL OVER.9.5,SHOTS_ON_TARGET_TOTAL OVER.9.5,SHOTS_ON_TARGET_TOTAL:OVER_9_5,68.1%,0.680800,1.47,,,,,,,,,,,Sin cuota/EV,No encontrado en Betano,Solo modelo,2,71.08,71.079000,,Betano no expuesto,Media,contexto premium torneo actual,usa promedios del contexto premium/API-Football,el volumen ofensivo puede variar por planteamiento y marcador temprano,,torneo actual,torneo actual,28,33.0,32.0,2026-10-03 · Serie A · Atletico-MG 1-0 RB Bragantino (P); 2026-09-20 · Serie A · Flamengo 2-1 RB Bragantino (P); 2026-09-12 · Serie A · Botafogo 1-1 RB Bragantino (E); 2026-09-05 · Serie A · RB Bragantino 2-3 Bahia (P); 2026-08-29 · Serie A · Sao Paulo 2-1 RB Bragantino (P),torneo actual,28,33.0,42.0,2026-09-19 · Serie A · Mirassol 2-0 Botafogo (G); 2026-09-13 · Serie A · Mirassol 2-2 Vitoria (E); 2026-09-06 · Serie A · Coritiba 1-2 Mirassol (G); 2026-09-02 · Serie A · Flamengo 2-0 Mirassol (P); 2026-08-30 · Serie A · Mirassol 1-1 Palmeiras (E)
2026-10-07,17:30,RB Bragantino vs Mirassol,,,Visita goles -1.5,TEAM_TOTAL_AWAY UNDER.1.5,TEAM_TOTAL_AWAY:UNDER_1_5,67.7%,0.676900,1.48,,,,,,,,,,,Sin cuota/EV,No encontrado en Betano,Solo modelo,4,83.69,83.688000,,Betano no expuesto,Media,torneo actual,usa Poisson base con estadisticas de goles del torneo,un gol temprano o baja eficacia puede cambiar la lectura del mercado,,torneo actual,torneo actual,28,33.0,32.0,2026-10-03 · Serie A · Atletico-MG 1-0 RB Bragantino (P); 2026-09-20 · Serie A · Flamengo 2-1 RB Bragantino (P); 2026-09-12 · Serie A · Botafogo 1-1 RB Bragantino (E); 2026-09-05 · Serie A · RB Bragantino 2-3 Bahia (P); 2026-08-29 · Serie A · Sao Paulo 2-1 RB Bragantino (P),torneo actual,28,33.0,42.0,2026-09-19 · Serie A · Mirassol 2-0 Botafogo (G); 2026-09-13 · Serie A · Mirassol 2-2 Vitoria (E); 2026-09-06 · Serie A · Coritiba 1-2 Mirassol (G); 2026-09-02 · Serie A · Flamengo 2-0 Mirassol (P); 2026-08-30 · Serie A · Mirassol 1-1 Palmeiras (E)
2026-10-07,17:30,RB Bragantino vs Mirassol,,,Tarjetas total -5.5,CARDS_TOTALS UNDER.5.5,CARDS_TOTALS:UNDER_5_5,65.1%,0.651000,1.54,,,,,,,,,,,Sin cuota/EV,No encontrado en Betano,Solo modelo,3,73.10,73.101000,,Betano no expuesto,Media,contexto premium torneo actual,usa promedios del contexto premium/API-Football,depende mucho del arbitro y del contexto competitivo,,torneo actual,torneo actual,28,33.0,32.0,2026-10-03 · Serie A · Atletico-MG 1-0 RB Bragantino (P); 2026-09-20 · Serie A · Flamengo 2-1 RB Bragantino (P); 2026-09-12 · Serie A · Botafogo 1-1 RB Bragantino (E); 2026-09-05 · Serie A · RB Bragantino 2-3 Bahia (P); 2026-08-29 · Serie A · Sao Paulo 2-1 RB Bragantino (P),torneo actual,28,33.0,42.0,2026-09-19 · Serie A · Mirassol 2-0 Botafogo (G); 2026-09-13 · Serie A · Mirassol 2-2 Vitoria (E); 2026-09-06 · Serie A · Coritiba 1-2 Mirassol (G); 2026-09-02 · Serie A · Flamengo 2-0 Mirassol (P); 2026-08-30 · Serie A · Mirassol 1-1 Palmeiras (E)
2026-10-07,17:30,RB Bragantino vs Mirassol,,,Local tarjetas +1.5,CARDS_HOME OVER.1.5,CARDS_HOME:OVER_1_5,64.5%,0.645400,1.55,,,,,,,,,,,Sin cuota/EV,No encontrado en Betano,Solo modelo,2,67.54,67.543000,,Betano no expuesto,Media,contexto premium torneo actual,usa promedios del contexto premium/API-Football,depende mucho del arbitro y del contexto competitivo,,torneo actual,torneo actual,28,33.0,32.0,2026-10-03 · Serie A · Atletico-MG 1-0 RB Bragantino (P); 2026-09-20 · Serie A · Flamengo 2-1 RB Bragantino (P); 2026-09-12 · Serie A · Botafogo 1-1 RB Bragantino (E); 2026-09-05 · Serie A · RB Bragantino 2-3 Bahia (P); 2026-08-29 · Serie A · Sao Paulo 2-1 RB Bragantino (P),torneo actual,28,33.0,42.0,2026-09-19 · Serie A · Mirassol 2-0 Botafogo (G); 2026-09-13 · Serie A · Mirassol 2-2 Vitoria (E); 2026-09-06 · Serie A · Coritiba 1-2 Mirassol (G); 2026-09-02 · Serie A · Flamengo 2-0 Mirassol (P); 2026-08-30 · Serie A · Mirassol 1-1 Palmeiras (E)
2026-10-07,17:30,RB Bragantino vs Mirassol,,,Local tarjetas -2.5,CARDS_HOME UNDER.2.5,CARDS_HOME:UNDER_2_5,62.3%,0.622700,1.61,,,,,,,,,,,Sin cuota/EV,No encontrado en Betano,Solo modelo,2,65.27,65.271000,,Betano no expuesto,Media,contexto premium torneo actual,usa promedios del contexto premium/API-Football,depende mucho del arbitro y del contexto competitivo,,torneo actual,torneo actual,28,33.0,32.0,2026-10-03 · Serie A · Atletico-MG 1-0 RB Bragantino (P); 2026-09-20 · Serie A · Flamengo 2-1 RB Bragantino (P); 2026-09-12 · Serie A · Botafogo 1-1 RB Bragantino (E); 2026-09-05 · Serie A · RB Bragantino 2-3 Bahia (P); 2026-08-29 · Serie A · Sao Paulo 2-1 RB Bragantino (P),torneo actual,28,33.0,42.0,2026-09-19 · Serie A · Mirassol 2-0 Botafogo (G); 2026-09-13 · Serie A · Mirassol 2-2 Vitoria (E); 2026-09-06 · Serie A · Coritiba 1-2 Mirassol (G); 2026-09-02 · Serie A · Flamengo 2-0 Mirassol (P); 2026-08-30 · Serie A · Mirassol 1-1 Palmeiras (E)
2026-10-07,17:30,RB Bragantino vs Mirassol,,,Visita corners -6.5,CORNERS_AWAY UNDER.6.5,CORNERS_AWAY:UNDER_6_5,59.0%,0.590200,1.69,,,,,,,,,,,Sin cuota/EV,No encontrado en Betano,Solo modelo,4,75.02,75.024000,,Betano no expuesto,Media,contexto premium torneo actual,usa promedios del contexto premium/API-Football,el volumen ofensivo puede variar por planteamiento y marcador temprano,,torneo actual,torneo actual,28,33.0,32.0,2026-10-03 · Serie A · Atletico-MG 1-0 RB Bragantino (P); 2026-09-20 · Serie A · Flamengo 2-1 RB Bragantino (P); 2026-09-12 · Serie A · Botafogo 1-1 RB Bragantino (E); 2026-09-05 · Serie A · RB Bragantino 2-3 Bahia (P); 2026-08-29 · Serie A · Sao Paulo 2-1 RB Bragantino (P),torneo actual,28,33.0,42.0,2026-09-19 · Serie A · Mirassol 2-0 Botafogo (G); 2026-09-13 · Serie A · Mirassol 2-2 Vitoria (E); 2026-09-06 · Serie A · Coritiba 1-2 Mirassol (G); 2026-09-02 · Serie A · Flamengo 2-0 Mirassol (P); 2026-08-30 · Serie A · Mirassol 1-1 Palmeiras (E)
2026-10-07,17:30,RB Bragantino vs Mirassol,,,DNB local,DRAW_NO_BET HOME,DRAW_NO_BET:HOME,59.0%,0.590100,1.70,,,,,,,,,,,Sin cuota/EV,No encontrado en Betano,Solo modelo,9,104.01,104.006000,,Betano no expuesto,Media,torneo actual,usa Poisson base con estadisticas de goles del torneo,riesgo propio del resultado final y variacion del modelo,,torneo actual,torneo actual,28,33.0,32.0,2026-10-03 · Serie A · Atletico-MG 1-0 RB Bragantino (P); 2026-09-20 · Serie A · Flamengo 2-1 RB Bragantino (P); 2026-09-12 · Serie A · Botafogo 1-1 RB Bragantino (E); 2026-09-05 · Serie A · RB Bragantino 2-3 Bahia (P); 2026-08-29 · Serie A · Sao Paulo 2-1 RB Bragantino (P),torneo actual,28,33.0,42.0,2026-09-19 · Serie A · Mirassol 2-0 Botafogo (G); 2026-09-13 · Serie A · Mirassol 2-2 Vitoria (E); 2026-09-06 · Serie A · Coritiba 1-2 Mirassol (G); 2026-09-02 · Serie A · Flamengo 2-0 Mirassol (P); 2026-08-30 · Serie A · Mirassol 1-1 Palmeiras (E)
2026-10-07,17:30,RB Bragantino vs Mirassol,,,Local corners +5.5,CORNERS_HOME OVER.5.5,CORNERS_HOME:OVER_5_5,58.6%,0.585900,1.71,,,,,,,,,,,Sin cuota/EV,No encontrado en Betano,Solo modelo,4,74.59,74.589000,,Betano no expuesto,Media,contexto premium torneo actual,usa promedios del contexto premium/API-Football,el volumen ofensivo puede variar por planteamiento y marcador temprano,,torneo actual,torneo actual,28,33.0,32.0,2026-10-03 · Serie A · Atletico-MG 1-0 RB Bragantino (P); 2026-09-20 · Serie A · Flamengo 2-1 RB Bragantino (P); 2026-09-12 · Serie A · Botafogo 1-1 RB Bragantino (E); 2026-09-05 · Serie A · RB Bragantino 2-3 Bahia (P); 2026-08-29 · Serie A · Sao Paulo 2-1 RB Bragantino (P),torneo actual,28,33.0,42.0,2026-09-19 · Serie A · Mirassol 2-0 Botafogo (G); 2026-09-13 · Serie A · Mirassol 2-2 Vitoria (E); 2026-09-06 · Serie A · Coritiba 1-2 Mirassol (G); 2026-09-02 · Serie A · Flamengo 2-0 Mirassol (P); 2026-08-30 · Serie A · Mirassol 1-1 Palmeiras (E)
2026-10-07,17:30,RB Bragantino vs Mirassol,,,Local goles -1.5,TEAM_TOTAL_HOME UNDER.1.5,TEAM_TOTAL_HOME:UNDER_1_5,57.6%,0.575900,1.74,,,,,,,,,,,Sin cuota/EV,No encontrado en Betano,Solo modelo,4,73.59,73.594000,,Betano no expuesto,Media,torneo actual,usa Poisson base con estadisticas de goles del torneo,un gol temprano o baja eficacia puede cambiar la lectura del mercado,,torneo actual,torneo actual,28,33.0,32.0,2026-10-03 · Serie A · Atletico-MG 1-0 RB Bragantino (P); 2026-09-20 · Serie A · Flamengo 2-1 RB Bragantino (P); 2026-09-12 · Serie A · Botafogo 1-1 RB Bragantino (E); 2026-09-05 · Serie A · RB Bragantino 2-3 Bahia (P); 2026-08-29 · Serie A · Sao Paulo 2-1 RB Bragantino (P),torneo actual,28,33.0,42.0,2026-09-19 · Serie A · Mirassol 2-0 Botafogo (G); 2026-09-13 · Serie A · Mirassol 2-2 Vitoria (E); 2026-09-06 · Serie A · Coritiba 1-2 Mirassol (G); 2026-09-02 · Serie A · Flamengo 2-0 Mirassol (P); 2026-08-30 · Serie A · Mirassol 1-1 Palmeiras (E)
2026-10-07,17:30,RB Bragantino vs Mirassol,,,Local corners -6.5,CORNERS_HOME UNDER.6.5,CORNERS_HOME:UNDER_6_5,57.4%,0.574200,1.74,,,,,,,,,,,Sin cuota/EV,No encontrado en Betano,Solo modelo,4,73.42,73.421000,,Betano no expuesto,Media,contexto premium torneo actual,usa promedios del contexto premium/API-Football,el volumen ofensivo puede variar por planteamiento y marcador temprano,,torneo actual,torneo actual,28,33.0,32.0,2026-10-03 · Serie A · Atletico-MG 1-0 RB Bragantino (P); 2026-09-20 · Serie A · Flamengo 2-1 RB Bragantino (P); 2026-09-12 · Serie A · Botafogo 1-1 RB Bragantino (E); 2026-09-05 · Serie A · RB Bragantino 2-3 Bahia (P); 2026-08-29 · Serie A · Sao Paulo 2-1 RB Bragantino (P),torneo actual,28,33.0,42.0,2026-09-19 · Serie A · Mirassol 2-0 Botafogo (G); 2026-09-13 · Serie A · Mirassol 2-2 Vitoria (E); 2026-09-06 · Serie A · Coritiba 1-2 Mirassol (G); 2026-09-02 · Serie A · Flamengo 2-0 Mirassol (P); 2026-08-30 · Serie A · Mirassol 1-1 Palmeiras (E)
2026-10-07,17:30,RB Bragantino vs Mirassol,,,Corners total +11.5,CORNERS_TOTALS OVER.11.5,CORNERS_TOTALS:OVER_11_5,57.2%,0.572200,1.75,,,,,,,,,,,Sin cuota/EV,No encontrado en Betano,Solo modelo,6,87.22,87.225000,,Betano no expuesto,Media,contexto premium torneo actual,usa promedios del contexto premium/API-Football,el volumen ofensivo puede variar por planteamiento y marcador temprano,,torneo actual,torneo actual,28,33.0,32.0,2026-10-03 · Serie A · Atletico-MG 1-0 RB Bragantino (P); 2026-09-20 · Serie A · Flamengo 2-1 RB Bragantino (P); 2026-09-12 · Serie A · Botafogo 1-1 RB Bragantino (E); 2026-09-05 · Serie A · RB Bragantino 2-3 Bahia (P); 2026-08-29 · Serie A · Sao Paulo 2-1 RB Bragantino (P),torneo actual,28,33.0,42.0,2026-09-19 · Serie A · Mirassol 2-0 Botafogo (G); 2026-09-13 · Serie A · Mirassol 2-2 Vitoria (E); 2026-09-06 · Serie A · Coritiba 1-2 Mirassol (G); 2026-09-02 · Serie A · Flamengo 2-0 Mirassol (P); 2026-08-30 · Serie A · Mirassol 1-1 Palmeiras (E)
2026-10-07,17:30,RB Bragantino vs Mirassol,,,Visita corners +5.5,CORNERS_AWAY OVER.5.5,CORNERS_AWAY:OVER_5_5,57.0%,0.570200,1.75,,,,,,,,,,,Sin cuota/EV,No encontrado en Betano,Solo modelo,4,73.03,73.025000,,Betano no expuesto,Media,contexto premium torneo actual,usa promedios del contexto premium/API-Football,el volumen ofensivo puede variar por planteamiento y marcador temprano,,torneo actual,torneo actual,28,33.0,32.0,2026-10-03 · Serie A · Atletico-MG 1-0 RB Bragantino (P); 2026-09-20 · Serie A · Flamengo 2-1 RB Bragantino (P); 2026-09-12 · Serie A · Botafogo 1-1 RB Bragantino (E); 2026-09-05 · Serie A · RB Bragantino 2-3 Bahia (P); 2026-08-29 · Serie A · Sao Paulo 2-1 RB Bragantino (P),torneo actual,28,33.0,42.0,2026-09-19 · Serie A · Mirassol 2-0 Botafogo (G); 2026-09-13 · Serie A · Mirassol 2-2 Vitoria (E); 2026-09-06 · Serie A · Coritiba 1-2 Mirassol (G); 2026-09-02 · Serie A · Flamengo 2-0 Mirassol (P); 2026-08-30 · Serie A · Mirassol 1-1 Palmeiras (E)
2026-10-07,17:30,RB Bragantino vs Mirassol,,,DOUBLE_CHANCE X2,DOUBLE_CHANCE X2,DOUBLE_CHANCE:X2,56.4%,0.563500,1.77,,,,,,,,,,,Sin cuota/EV,No encontrado en Betano,Solo modelo,9,101.35,101.354000,,Betano no expuesto,Media,torneo actual,usa Poisson base con estadisticas de goles del torneo,riesgo propio del resultado final y variacion del modelo,,torneo actual,torneo actual,28,33.0,32.0,2026-10-03 · Serie A · Atletico-MG 1-0 RB Bragantino (P); 2026-09-20 · Serie A · Flamengo 2-1 RB Bragantino (P); 2026-09-12 · Serie A · Botafogo 1-1 RB Bragantino (E); 2026-09-05 · Serie A · RB Bragantino 2-3 Bahia (P); 2026-08-29 · Serie A · Sao Paulo 2-1 RB Bragantino (P),torneo actual,28,33.0,42.0,2026-09-19 · Serie A · Mirassol 2-0 Botafogo (G); 2026-09-13 · Serie A · Mirassol 2-2 Vitoria (E); 2026-09-06 · Serie A · Coritiba 1-2 Mirassol (G); 2026-09-02 · Serie A · Flamengo 2-0 Mirassol (P); 2026-08-30 · Serie A · Mirassol 1-1 Palmeiras (E)
2026-10-07,17:30,RB Bragantino vs Mirassol,William Hill,,1T -1.5,FIRST_HALF_TOTALS UNDER.1.5,FIRST_HALF_TOTALS:UNDER_1_5,55.8%,0.557800,1.79,1.50,-0.16,-0.163300,-0.29,0.84,,,,,,EV negativo,No encontrado en Betano,Evitar,5,58.84,58.844000,Cuota por debajo de la cuota justa: valor limitado,Betano no expuesto,Media,contexto premium torneo actual,usa promedios del contexto premium/API-Football,el primer tiempo puede tener ritmo bajo o rotaciones,,torneo actual,torneo actual,28,33.0,32.0,2026-10-03 · Serie A · Atletico-MG 1-0 RB Bragantino (P); 2026-09-20 · Serie A · Flamengo 2-1 RB Bragantino (P); 2026-09-12 · Serie A · Botafogo 1-1 RB Bragantino (E); 2026-09-05 · Serie A · RB Bragantino 2-3 Bahia (P); 2026-08-29 · Serie A · Sao Paulo 2-1 RB Bragantino (P),torneo actual,28,33.0,42.0,2026-09-19 · Serie A · Mirassol 2-0 Botafogo (G); 2026-09-13 · Serie A · Mirassol 2-2 Vitoria (E); 2026-09-06 · Serie A · Coritiba 1-2 Mirassol (G); 2026-09-02 · Serie A · Flamengo 2-0 Mirassol (P); 2026-08-30 · Serie A · Mirassol 1-1 Palmeiras (E)
2026-10-07,17:30,RB Bragantino vs Mirassol,William Hill,,BTTS sí,BTTS YES,BTTS:YES,52.5%,0.525100,1.91,4.00,1.10,1.100200,2.10,2.10,,,,,,EV positivo,No encontrado en Betano,Valor,8,102.31,102.310000,Cuota API muy superior a la cuota justa: revisar manualmente antes de apostar,Betano no expuesto,Baja,torneo actual,usa Poisson base con estadisticas de goles del torneo,un gol temprano o baja eficacia puede cambiar la lectura del mercado,,torneo actual,torneo actual,28,33.0,32.0,2026-10-03 · Serie A · Atletico-MG 1-0 RB Bragantino (P); 2026-09-20 · Serie A · Flamengo 2-1 RB Bragantino (P); 2026-09-12 · Serie A · Botafogo 1-1 RB Bragantino (E); 2026-09-05 · Serie A · RB Bragantino 2-3 Bahia (P); 2026-08-29 · Serie A · Sao Paulo 2-1 RB Bragantino (P),torneo actual,28,33.0,42.0,2026-09-19 · Serie A · Mirassol 2-0 Botafogo (G); 2026-09-13 · Serie A · Mirassol 2-2 Vitoria (E); 2026-09-06 · Serie A · Coritiba 1-2 Mirassol (G); 2026-09-02 · Serie A · Flamengo 2-0 Mirassol (P); 2026-08-30 · Serie A · Mirassol 1-1 Palmeiras (E)
2026-10-07,17:30,RB Bragantino vs Mirassol,,,Tarjetas total +4.5,CARDS_TOTALS OVER.4.5,CARDS_TOTALS:OVER_4_5,52.4%,0.523700,1.91,,,,,,,,,,,Sin cuota/EV,No encontrado en Betano,Solo modelo,3,60.37,60.374000,,Betano no expuesto,Baja,contexto premium torneo actual,usa promedios del contexto premium/API-Football,depende mucho del arbitro y del contexto competitivo,,torneo actual,torneo actual,28,33.0,32.0,2026-10-03 · Serie A · Atletico-MG 1-0 RB Bragantino (P); 2026-09-20 · Serie A · Flamengo 2-1 RB Bragantino (P); 2026-09-12 · Serie A · Botafogo 1-1 RB Bragantino (E); 2026-09-05 · Serie A · RB Bragantino 2-3 Bahia (P); 2026-08-29 · Serie A · Sao Paulo 2-1 RB Bragantino (P),torneo actual,28,33.0,42.0,2026-09-19 · Serie A · Mirassol 2-0 Botafogo (G); 2026-09-13 · Serie A · Mirassol 2-2 Vitoria (E); 2026-09-06 · Serie A · Coritiba 1-2 Mirassol (G); 2026-09-02 · Serie A · Flamengo 2-0 Mirassol (P); 2026-08-30 · Serie A · Mirassol 1-1 Palmeiras (E)
2026-10-07,17:30,RB Bragantino vs Mirassol,,,Visita tarjetas -2.5,CARDS_AWAY UNDER.2.5,CARDS_AWAY:UNDER_2_5,51.8%,0.518400,1.93,,,,,,,,,,,Sin cuota/EV,No encontrado en Betano,Solo modelo,2,54.84,54.843000,,Betano no expuesto,Baja,contexto premium torneo actual,usa promedios del contexto premium/API-Football,depende mucho del arbitro y del contexto competitivo,,torneo actual,torneo actual,28,33.0,32.0,2026-10-03 · Serie A · Atletico-MG 1-0 RB Bragantino (P); 2026-09-20 · Serie A · Flamengo 2-1 RB Bragantino (P); 2026-09-12 · Serie A · Botafogo 1-1 RB Bragantino (E); 2026-09-05 · Serie A · RB Bragantino 2-3 Bahia (P); 2026-08-29 · Serie A · Sao Paulo 2-1 RB Bragantino (P),torneo actual,28,33.0,42.0,2026-09-19 · Serie A · Mirassol 2-0 Botafogo (G); 2026-09-13 · Serie A · Mirassol 2-2 Vitoria (E); 2026-09-06 · Serie A · Coritiba 1-2 Mirassol (G); 2026-09-02 · Serie A · Flamengo 2-0 Mirassol (P); 2026-08-30 · Serie A · Mirassol 1-1 Palmeiras (E)
2026-10-07,17:30,RB Bragantino vs Mirassol,William Hill,,Goles -2.5,TOTALS UNDER.2.5,TOTALS:UNDER_2_5,51.7%,0.516700,1.94,1.20,-0.38,-0.380000,-0.74,0.62,,,,,,EV negativo,No encontrado en Betano,Evitar,8,65.83,65.826000,Cuota por debajo de la cuota justa: valor limitado,Betano no expuesto,Baja,torneo actual,usa Poisson base con estadisticas de goles del torneo,un gol temprano o baja eficacia puede cambiar la lectura del mercado,,torneo actual,torneo actual,28,33.0,32.0,2026-10-03 · Serie A · Atletico-MG 1-0 RB Bragantino (P); 2026-09-20 · Serie A · Flamengo 2-1 RB Bragantino (P); 2026-09-12 · Serie A · Botafogo 1-1 RB Bragantino (E); 2026-09-05 · Serie A · RB Bragantino 2-3 Bahia (P); 2026-08-29 · Serie A · Sao Paulo 2-1 RB Bragantino (P),torneo actual,28,33.0,42.0,2026-09-19 · Serie A · Mirassol 2-0 Botafogo (G); 2026-09-13 · Serie A · Mirassol 2-2 Vitoria (E); 2026-09-06 · Serie A · Coritiba 1-2 Mirassol (G); 2026-09-02 · Serie A · Flamengo 2-0 Mirassol (P); 2026-08-30 · Serie A · Mirassol 1-1 Palmeiras (E)
2026-10-07,17:30,RB Bragantino vs Mirassol,William Hill,,Goles +2.5,TOTALS OVER.2.5,TOTALS:OVER_2_5,48.3%,0.483300,2.07,4.00,0.93,0.933300,1.93,1.93,,,,,,EV positivo,No encontrado en Betano,Equilibrado,8,93.13,93.134000,Cuota API muy superior a la cuota justa: revisar manualmente antes de apostar,Betano no expuesto,Baja,torneo actual,usa Poisson base con estadisticas de goles del torneo,un gol temprano o baja eficacia puede cambiar la lectura del mercado,,torneo actual,torneo actual,28,33.0,32.0,2026-10-03 · Serie A · Atletico-MG 1-0 RB Bragantino (P); 2026-09-20 · Serie A · Flamengo 2-1 RB Bragantino (P); 2026-09-12 · Serie A · Botafogo 1-1 RB Bragantino (E); 2026-09-05 · Serie A · RB Bragantino 2-3 Bahia (P); 2026-08-29 · Serie A · Sao Paulo 2-1 RB Bragantino (P),torneo actual,28,33.0,42.0,2026-09-19 · Serie A · Mirassol 2-0 Botafogo (G); 2026-09-13 · Serie A · Mirassol 2-2 Vitoria (E); 2026-09-06 · Serie A · Coritiba 1-2 Mirassol (G); 2026-09-02 · Serie A · Flamengo 2-0 Mirassol (P); 2026-08-30 · Serie A · Mirassol 1-1 Palmeiras (E)
2026-10-07,17:30,RB Bragantino vs Mirassol,,,Visita tarjetas +2.5,CARDS_AWAY OVER.2.5,CARDS_AWAY:OVER_2_5,48.2%,0.481600,2.08,,,,,,,,,,,Sin cuota/EV,No encontrado en Betano,Solo modelo,2,51.16,51.157000,,Betano no expuesto,Baja,contexto premium torneo actual,usa promedios del contexto premium/API-Football,depende mucho del arbitro y del contexto competitivo,,torneo actual,torneo actual,28,33.0,32.0,2026-10-03 · Serie A · Atletico-MG 1-0 RB Bragantino (P); 2026-09-20 · Serie A · Flamengo 2-1 RB Bragantino (P); 2026-09-12 · Serie A · Botafogo 1-1 RB Bragantino (E); 2026-09-05 · Serie A · RB Bragantino 2-3 Bahia (P); 2026-08-29 · Serie A · Sao Paulo 2-1 RB Bragantino (P),torneo actual,28,33.0,42.0,2026-09-19 · Serie A · Mirassol 2-0 Botafogo (G); 2026-09-13 · Serie A · Mirassol 2-2 Vitoria (E); 2026-09-06 · Serie A · Coritiba 1-2 Mirassol (G); 2026-09-02 · Serie A · Flamengo 2-0 Mirassol (P); 2026-08-30 · Serie A · Mirassol 1-1 Palmeiras (E)
2026-10-07,17:30,RB Bragantino vs Mirassol,,,Tarjetas total -4.5,CARDS_TOTALS UNDER.4.5,CARDS_TOTALS:UNDER_4_5,47.6%,0.476300,2.10,,,,,,,,,,,Sin cuota/EV,No encontrado en Betano,Solo modelo,3,55.63,55.626000,,Betano no expuesto,Baja,contexto premium torneo actual,usa promedios del contexto premium/API-Football,depende mucho del arbitro y del contexto competitivo,,torneo actual,torneo actual,28,33.0,32.0,2026-10-03 · Serie A · Atletico-MG 1-0 RB Bragantino (P); 2026-09-20 · Serie A · Flamengo 2-1 RB Bragantino (P); 2026-09-12 · Serie A · Botafogo 1-1 RB Bragantino (E); 2026-09-05 · Serie A · RB Bragantino 2-3 Bahia (P); 2026-08-29 · Serie A · Sao Paulo 2-1 RB Bragantino (P),torneo actual,28,33.0,42.0,2026-09-19 · Serie A · Mirassol 2-0 Botafogo (G); 2026-09-13 · Serie A · Mirassol 2-2 Vitoria (E); 2026-09-06 · Serie A · Coritiba 1-2 Mirassol (G); 2026-09-02 · Serie A · Flamengo 2-0 Mirassol (P); 2026-08-30 · Serie A · Mirassol 1-1 Palmeiras (E)
2026-10-07,17:30,RB Bragantino vs Mirassol,William Hill,,BTTS no,BTTS NO,BTTS:NO,47.5%,0.474900,2.11,1.22,-0.42,-0.420600,-0.89,0.58,,,,,,EV negativo,No encontrado en Betano,Evitar,8,60.92,60.924000,Cuota por debajo de la cuota justa: valor limitado,Betano no expuesto,Baja,torneo actual,usa Poisson base con estadisticas de goles del torneo,un gol temprano o baja eficacia puede cambiar la lectura del mercado,,torneo actual,torneo actual,28,33.0,32.0,2026-10-03 · Serie A · Atletico-MG 1-0 RB Bragantino (P); 2026-09-20 · Serie A · Flamengo 2-1 RB Bragantino (P); 2026-09-12 · Serie A · Botafogo 1-1 RB Bragantino (E); 2026-09-05 · Serie A · RB Bragantino 2-3 Bahia (P); 2026-08-29 · Serie A · Sao Paulo 2-1 RB Bragantino (P),torneo actual,28,33.0,42.0,2026-09-19 · Serie A · Mirassol 2-0 Botafogo (G); 2026-09-13 · Serie A · Mirassol 2-2 Vitoria (E); 2026-09-06 · Serie A · Coritiba 1-2 Mirassol (G); 2026-09-02 · Serie A · Flamengo 2-0 Mirassol (P); 2026-08-30 · Serie A · Mirassol 1-1 Palmeiras (E)
2026-10-07,17:30,RB Bragantino vs Mirassol,William Hill,,1T +1.5,FIRST_HALF_TOTALS OVER.1.5,FIRST_HALF_TOTALS:OVER_1_5,44.2%,0.442200,2.26,2.40,0.06,0.061200,0.14,1.06,,,,,,EV positivo,No encontrado en Betano,Equilibrado,5,70.32,70.319000,,Betano no expuesto,Baja,contexto premium torneo actual,usa promedios del contexto premium/API-Football,el primer tiempo puede tener ritmo bajo o rotaciones,,torneo actual,torneo actual,28,33.0,32.0,2026-10-03 · Serie A · Atletico-MG 1-0 RB Bragantino (P); 2026-09-20 · Serie A · Flamengo 2-1 RB Bragantino (P); 2026-09-12 · Serie A · Botafogo 1-1 RB Bragantino (E); 2026-09-05 · Serie A · RB Bragantino 2-3 Bahia (P); 2026-08-29 · Serie A · Sao Paulo 2-1 RB Bragantino (P),torneo actual,28,33.0,42.0,2026-09-19 · Serie A · Mirassol 2-0 Botafogo (G); 2026-09-13 · Serie A · Mirassol 2-2 Vitoria (E); 2026-09-06 · Serie A · Coritiba 1-2 Mirassol (G); 2026-09-02 · Serie A · Flamengo 2-0 Mirassol (P); 2026-08-30 · Serie A · Mirassol 1-1 Palmeiras (E)
2026-10-07,17:30,RB Bragantino vs Mirassol,William Hill,,Gana local,1X2 HOME,1X2:HOME,43.6%,0.436500,2.29,2.30,0.00,0.003900,0.01,1.00,,,,,,EV negativo,No encontrado en Betano,Equilibrado,7,78.72,78.716000,,Betano no expuesto,Baja,torneo actual,usa Poisson base con estadisticas de goles del torneo,riesgo propio del resultado final y variacion del modelo,,torneo actual,torneo actual,28,33.0,32.0,2026-10-03 · Serie A · Atletico-MG 1-0 RB Bragantino (P); 2026-09-20 · Serie A · Flamengo 2-1 RB Bragantino (P); 2026-09-12 · Serie A · Botafogo 1-1 RB Bragantino (E); 2026-09-05 · Serie A · RB Bragantino 2-3 Bahia (P); 2026-08-29 · Serie A · Sao Paulo 2-1 RB Bragantino (P),torneo actual,28,33.0,42.0,2026-09-19 · Serie A · Mirassol 2-0 Botafogo (G); 2026-09-13 · Serie A · Mirassol 2-2 Vitoria (E); 2026-09-06 · Serie A · Coritiba 1-2 Mirassol (G); 2026-09-02 · Serie A · Flamengo 2-0 Mirassol (P); 2026-08-30 · Serie A · Mirassol 1-1 Palmeiras (E)
2026-10-07,17:30,RB Bragantino vs Mirassol,,,Visita corners -5.5,CORNERS_AWAY UNDER.5.5,CORNERS_AWAY:UNDER_5_5,43.0%,0.429800,2.33,,,,,,,,,,,Sin cuota/EV,No encontrado en Betano,Solo modelo,4,58.98,58.975000,,Betano no expuesto,Baja,contexto premium torneo actual,usa promedios del contexto premium/API-Football,el volumen ofensivo puede variar por planteamiento y marcador temprano,,torneo actual,torneo actual,28,33.0,32.0,2026-10-03 · Serie A · Atletico-MG 1-0 RB Bragantino (P); 2026-09-20 · Serie A · Flamengo 2-1 RB Bragantino (P); 2026-09-12 · Serie A · Botafogo 1-1 RB Bragantino (E); 2026-09-05 · Serie A · RB Bragantino 2-3 Bahia (P); 2026-08-29 · Serie A · Sao Paulo 2-1 RB Bragantino (P),torneo actual,28,33.0,42.0,2026-09-19 · Serie A · Mirassol 2-0 Botafogo (G); 2026-09-13 · Serie A · Mirassol 2-2 Vitoria (E); 2026-09-06 · Serie A · Coritiba 1-2 Mirassol (G); 2026-09-02 · Serie A · Flamengo 2-0 Mirassol (P); 2026-08-30 · Serie A · Mirassol 1-1 Palmeiras (E)
2026-10-07,17:30,RB Bragantino vs Mirassol,,,Corners total -11.5,CORNERS_TOTALS UNDER.11.5,CORNERS_TOTALS:UNDER_11_5,42.8%,0.427800,2.34,,,,,,,,,,,Sin cuota/EV,No encontrado en Betano,Solo modelo,6,72.78,72.775000,,Betano no expuesto,Baja,contexto premium torneo actual,usa promedios del contexto premium/API-Football,el volumen ofensivo puede variar por planteamiento y marcador temprano,,torneo actual,torneo actual,28,33.0,32.0,2026-10-03 · Serie A · Atletico-MG 1-0 RB Bragantino (P); 2026-09-20 · Serie A · Flamengo 2-1 RB Bragantino (P); 2026-09-12 · Serie A · Botafogo 1-1 RB Bragantino (E); 2026-09-05 · Serie A · RB Bragantino 2-3 Bahia (P); 2026-08-29 · Serie A · Sao Paulo 2-1 RB Bragantino (P),torneo actual,28,33.0,42.0,2026-09-19 · Serie A · Mirassol 2-0 Botafogo (G); 2026-09-13 · Serie A · Mirassol 2-2 Vitoria (E); 2026-09-06 · Serie A · Coritiba 1-2 Mirassol (G); 2026-09-02 · Serie A · Flamengo 2-0 Mirassol (P); 2026-08-30 · Serie A · Mirassol 1-1 Palmeiras (E)
2026-10-07,17:30,RB Bragantino vs Mirassol,,,Local corners +6.5,CORNERS_HOME OVER.6.5,CORNERS_HOME:OVER_6_5,42.6%,0.425800,2.35,,,,,,,,,,,Sin cuota/EV,No encontrado en Betano,Solo modelo,4,58.58,58.579000,,Betano no expuesto,Baja,contexto premium torneo actual,usa promedios del contexto premium/API-Football,el volumen ofensivo puede variar por planteamiento y marcador temprano,,torneo actual,torneo actual,28,33.0,32.0,2026-10-03 · Serie A · Atletico-MG 1-0 RB Bragantino (P); 2026-09-20 · Serie A · Flamengo 2-1 RB Bragantino (P); 2026-09-12 · Serie A · Botafogo 1-1 RB Bragantino (E); 2026-09-05 · Serie A · RB Bragantino 2-3 Bahia (P); 2026-08-29 · Serie A · Sao Paulo 2-1 RB Bragantino (P),torneo actual,28,33.0,42.0,2026-09-19 · Serie A · Mirassol 2-0 Botafogo (G); 2026-09-13 · Serie A · Mirassol 2-2 Vitoria (E); 2026-09-06 · Serie A · Coritiba 1-2 Mirassol (G); 2026-09-02 · Serie A · Flamengo 2-0 Mirassol (P); 2026-08-30 · Serie A · Mirassol 1-1 Palmeiras (E)
2026-10-07,17:30,RB Bragantino vs Mirassol,,,Local goles +1.5,TEAM_TOTAL_HOME OVER.1.5,TEAM_TOTAL_HOME:OVER_1_5,42.4%,0.424100,2.36,,,,,,,,,,,Sin cuota/EV,No encontrado en Betano,Solo modelo,4,58.41,58.406000,,Betano no expuesto,Baja,torneo actual,usa Poisson base con estadisticas de goles del torneo,un gol temprano o baja eficacia puede cambiar la lectura del mercado,,torneo actual,torneo actual,28,33.0,32.0,2026-10-03 · Serie A · Atletico-MG 1-0 RB Bragantino (P); 2026-09-20 · Serie A · Flamengo 2-1 RB Bragantino (P); 2026-09-12 · Serie A · Botafogo 1-1 RB Bragantino (E); 2026-09-05 · Serie A · RB Bragantino 2-3 Bahia (P); 2026-08-29 · Serie A · Sao Paulo 2-1 RB Bragantino (P),torneo actual,28,33.0,42.0,2026-09-19 · Serie A · Mirassol 2-0 Botafogo (G); 2026-09-13 · Serie A · Mirassol 2-2 Vitoria (E); 2026-09-06 · Serie A · Coritiba 1-2 Mirassol (G); 2026-09-02 · Serie A · Flamengo 2-0 Mirassol (P); 2026-08-30 · Serie A · Mirassol 1-1 Palmeiras (E)
2026-10-07,17:30,RB Bragantino vs Mirassol,,,Local corners -5.5,CORNERS_HOME UNDER.5.5,CORNERS_HOME:UNDER_5_5,41.4%,0.414100,2.42,,,,,,,,,,,Sin cuota/EV,No encontrado en Betano,Solo modelo,4,57.41,57.411000,,Betano no expuesto,Baja,contexto premium torneo actual,usa promedios del contexto premium/API-Football,el volumen ofensivo puede variar por planteamiento y marcador temprano,,torneo actual,torneo actual,28,33.0,32.0,2026-10-03 · Serie A · Atletico-MG 1-0 RB Bragantino (P); 2026-09-20 · Serie A · Flamengo 2-1 RB Bragantino (P); 2026-09-12 · Serie A · Botafogo 1-1 RB Bragantino (E); 2026-09-05 · Serie A · RB Bragantino 2-3 Bahia (P); 2026-08-29 · Serie A · Sao Paulo 2-1 RB Bragantino (P),torneo actual,28,33.0,42.0,2026-09-19 · Serie A · Mirassol 2-0 Botafogo (G); 2026-09-13 · Serie A · Mirassol 2-2 Vitoria (E); 2026-09-06 · Serie A · Coritiba 1-2 Mirassol (G); 2026-09-02 · Serie A · Flamengo 2-0 Mirassol (P); 2026-08-30 · Serie A · Mirassol 1-1 Palmeiras (E)
2026-10-07,17:30,RB Bragantino vs Mirassol,,,DNB visita,DRAW_NO_BET AWAY,DRAW_NO_BET:AWAY,41.0%,0.409900,2.44,,,,,,,,,,,Sin cuota/EV,No encontrado en Betano,Solo modelo,9,85.99,85.994000,,Betano no expuesto,Baja,torneo actual,usa Poisson base con estadisticas de goles del torneo,riesgo propio del resultado final y variacion del modelo,,torneo actual,torneo actual,28,33.0,32.0,2026-10-03 · Serie A · Atletico-MG 1-0 RB Bragantino (P); 2026-09-20 · Serie A · Flamengo 2-1 RB Bragantino (P); 2026-09-12 · Serie A · Botafogo 1-1 RB Bragantino (E); 2026-09-05 · Serie A · RB Bragantino 2-3 Bahia (P); 2026-08-29 · Serie A · Sao Paulo 2-1 RB Bragantino (P),torneo actual,28,33.0,42.0,2026-09-19 · Serie A · Mirassol 2-0 Botafogo (G); 2026-09-13 · Serie A · Mirassol 2-2 Vitoria (E); 2026-09-06 · Serie A · Coritiba 1-2 Mirassol (G); 2026-09-02 · Serie A · Flamengo 2-0 Mirassol (P); 2026-08-30 · Serie A · Mirassol 1-1 Palmeiras (E)
2026-10-07,17:30,RB Bragantino vs Mirassol,,,Visita corners +6.5,CORNERS_AWAY OVER.6.5,CORNERS_AWAY:OVER_6_5,41.0%,0.409800,2.44,,,,,,,,,,,Sin cuota/EV,No encontrado en Betano,Solo modelo,4,56.98,56.976000,,Betano no expuesto,Baja,contexto premium torneo actual,usa promedios del contexto premium/API-Football,el volumen ofensivo puede variar por planteamiento y marcador temprano,,torneo actual,torneo actual,28,33.0,32.0,2026-10-03 · Serie A · Atletico-MG 1-0 RB Bragantino (P); 2026-09-20 · Serie A · Flamengo 2-1 RB Bragantino (P); 2026-09-12 · Serie A · Botafogo 1-1 RB Bragantino (E); 2026-09-05 · Serie A · RB Bragantino 2-3 Bahia (P); 2026-08-29 · Serie A · Sao Paulo 2-1 RB Bragantino (P),torneo actual,28,33.0,42.0,2026-09-19 · Serie A · Mirassol 2-0 Botafogo (G); 2026-09-13 · Serie A · Mirassol 2-2 Vitoria (E); 2026-09-06 · Serie A · Coritiba 1-2 Mirassol (G); 2026-09-02 · Serie A · Flamengo 2-0 Mirassol (P); 2026-08-30 · Serie A · Mirassol 1-1 Palmeiras (E)
2026-10-07,17:30,RB Bragantino vs Mirassol,,,Local tarjetas +2.5,CARDS_HOME OVER.2.5,CARDS_HOME:OVER_2_5,37.7%,0.377300,2.65,,,,,,,,,,,Sin cuota/EV,No encontrado en Betano,Solo modelo,2,40.73,40.729000,,Betano no expuesto,Baja,contexto premium torneo actual,usa promedios del contexto premium/API-Football,depende mucho del arbitro y del contexto competitivo,,torneo actual,torneo actual,28,33.0,32.0,2026-10-03 · Serie A · Atletico-MG 1-0 RB Bragantino (P); 2026-09-20 · Serie A · Flamengo 2-1 RB Bragantino (P); 2026-09-12 · Serie A · Botafogo 1-1 RB Bragantino (E); 2026-09-05 · Serie A · RB Bragantino 2-3 Bahia (P); 2026-08-29 · Serie A · Sao Paulo 2-1 RB Bragantino (P),torneo actual,28,33.0,42.0,2026-09-19 · Serie A · Mirassol 2-0 Botafogo (G); 2026-09-13 · Serie A · Mirassol 2-2 Vitoria (E); 2026-09-06 · Serie A · Coritiba 1-2 Mirassol (G); 2026-09-02 · Serie A · Flamengo 2-0 Mirassol (P); 2026-08-30 · Serie A · Mirassol 1-1 Palmeiras (E)
2026-10-07,17:30,RB Bragantino vs Mirassol,,,Local tarjetas -1.5,CARDS_HOME UNDER.1.5,CARDS_HOME:UNDER_1_5,35.5%,0.354600,2.82,,,,,,,,,,,Sin cuota/EV,No encontrado en Betano,Solo modelo,2,38.46,38.457000,,Betano no expuesto,Baja,contexto premium torneo actual,usa promedios del contexto premium/API-Football,depende mucho del arbitro y del contexto competitivo,,torneo actual,torneo actual,28,33.0,32.0,2026-10-03 · Serie A · Atletico-MG 1-0 RB Bragantino (P); 2026-09-20 · Serie A · Flamengo 2-1 RB Bragantino (P); 2026-09-12 · Serie A · Botafogo 1-1 RB Bragantino (E); 2026-09-05 · Serie A · RB Bragantino 2-3 Bahia (P); 2026-08-29 · Serie A · Sao Paulo 2-1 RB Bragantino (P),torneo actual,28,33.0,42.0,2026-09-19 · Serie A · Mirassol 2-0 Botafogo (G); 2026-09-13 · Serie A · Mirassol 2-2 Vitoria (E); 2026-09-06 · Serie A · Coritiba 1-2 Mirassol (G); 2026-09-02 · Serie A · Flamengo 2-0 Mirassol (P); 2026-08-30 · Serie A · Mirassol 1-1 Palmeiras (E)
2026-10-07,17:30,RB Bragantino vs Mirassol,,,Tarjetas total +5.5,CARDS_TOTALS OVER.5.5,CARDS_TOTALS:OVER_5_5,34.9%,0.349000,2.87,,,,,,,,,,,Sin cuota/EV,No encontrado en Betano,Solo modelo,3,42.90,42.899000,,Betano no expuesto,Baja,contexto premium torneo actual,usa promedios del contexto premium/API-Football,depende mucho del arbitro y del contexto competitivo,,torneo actual,torneo actual,28,33.0,32.0,2026-10-03 · Serie A · Atletico-MG 1-0 RB Bragantino (P); 2026-09-20 · Serie A · Flamengo 2-1 RB Bragantino (P); 2026-09-12 · Serie A · Botafogo 1-1 RB Bragantino (E); 2026-09-05 · Serie A · RB Bragantino 2-3 Bahia (P); 2026-08-29 · Serie A · Sao Paulo 2-1 RB Bragantino (P),torneo actual,28,33.0,42.0,2026-09-19 · Serie A · Mirassol 2-0 Botafogo (G); 2026-09-13 · Serie A · Mirassol 2-2 Vitoria (E); 2026-09-06 · Serie A · Coritiba 1-2 Mirassol (G); 2026-09-02 · Serie A · Flamengo 2-0 Mirassol (P); 2026-08-30 · Serie A · Mirassol 1-1 Palmeiras (E)
2026-10-07,17:30,RB Bragantino vs Mirassol,,,Visita goles +1.5,TEAM_TOTAL_AWAY OVER.1.5,TEAM_TOTAL_AWAY:OVER_1_5,32.3%,0.323100,3.10,,,,,,,,,,,Sin cuota/EV,No encontrado en Betano,Solo modelo,4,48.31,48.312000,,Betano no expuesto,Baja,torneo actual,usa Poisson base con estadisticas de goles del torneo,un gol temprano o baja eficacia puede cambiar la lectura del mercado,,torneo actual,torneo actual,28,33.0,32.0,2026-10-03 · Serie A · Atletico-MG 1-0 RB Bragantino (P); 2026-09-20 · Serie A · Flamengo 2-1 RB Bragantino (P); 2026-09-12 · Serie A · Botafogo 1-1 RB Bragantino (E); 2026-09-05 · Serie A · RB Bragantino 2-3 Bahia (P); 2026-08-29 · Serie A · Sao Paulo 2-1 RB Bragantino (P),torneo actual,28,33.0,42.0,2026-09-19 · Serie A · Mirassol 2-0 Botafogo (G); 2026-09-13 · Serie A · Mirassol 2-2 Vitoria (E); 2026-09-06 · Serie A · Coritiba 1-2 Mirassol (G); 2026-09-02 · Serie A · Flamengo 2-0 Mirassol (P); 2026-08-30 · Serie A · Mirassol 1-1 Palmeiras (E)
2026-10-07,17:30,RB Bragantino vs Mirassol,,,SHOTS_ON_TARGET_TOTAL UNDER.9.5,SHOTS_ON_TARGET_TOTAL UNDER.9.5,SHOTS_ON_TARGET_TOTAL:UNDER_9_5,31.9%,0.319200,3.13,,,,,,,,,,,Sin cuota/EV,No encontrado en Betano,Solo modelo,2,34.92,34.921000,,Betano no expuesto,Baja,contexto premium torneo actual,usa promedios del contexto premium/API-Football,el volumen ofensivo puede variar por planteamiento y marcador temprano,,torneo actual,torneo actual,28,33.0,32.0,2026-10-03 · Serie A · Atletico-MG 1-0 RB Bragantino (P); 2026-09-20 · Serie A · Flamengo 2-1 RB Bragantino (P); 2026-09-12 · Serie A · Botafogo 1-1 RB Bragantino (E); 2026-09-05 · Serie A · RB Bragantino 2-3 Bahia (P); 2026-08-29 · Serie A · Sao Paulo 2-1 RB Bragantino (P),torneo actual,28,33.0,42.0,2026-09-19 · Serie A · Mirassol 2-0 Botafogo (G); 2026-09-13 · Serie A · Mirassol 2-2 Vitoria (E); 2026-09-06 · Serie A · Coritiba 1-2 Mirassol (G); 2026-09-02 · Serie A · Flamengo 2-0 Mirassol (P); 2026-08-30 · Serie A · Mirassol 1-1 Palmeiras (E)
2026-10-07,17:30,RB Bragantino vs Mirassol,,,Corners total -10.5,CORNERS_TOTALS UNDER.10.5,CORNERS_TOTALS:UNDER_10_5,31.7%,0.316600,3.16,,,,,,,,,,,Sin cuota/EV,No encontrado en Betano,Solo modelo,6,61.66,61.658000,,Betano no expuesto,Baja,contexto premium torneo actual,usa promedios del contexto premium/API-Football,el volumen ofensivo puede variar por planteamiento y marcador temprano,,torneo actual,torneo actual,28,33.0,32.0,2026-10-03 · Serie A · Atletico-MG 1-0 RB Bragantino (P); 2026-09-20 · Serie A · Flamengo 2-1 RB Bragantino (P); 2026-09-12 · Serie A · Botafogo 1-1 RB Bragantino (E); 2026-09-05 · Serie A · RB Bragantino 2-3 Bahia (P); 2026-08-29 · Serie A · Sao Paulo 2-1 RB Bragantino (P),torneo actual,28,33.0,42.0,2026-09-19 · Serie A · Mirassol 2-0 Botafogo (G); 2026-09-13 · Serie A · Mirassol 2-2 Vitoria (E); 2026-09-06 · Serie A · Coritiba 1-2 Mirassol (G); 2026-09-02 · Serie A · Flamengo 2-0 Mirassol (P); 2026-08-30 · Serie A · Mirassol 1-1 Palmeiras (E)
2026-10-07,17:30,RB Bragantino vs Mirassol,,,Visita goles -0.5,TEAM_TOTAL_AWAY UNDER.0.5,TEAM_TOTAL_AWAY:UNDER_0_5,31.3%,0.313300,3.19,,,,,,,,,,,Sin cuota/EV,No encontrado en Betano,Solo modelo,4,47.33,47.328000,,Betano no expuesto,Baja,torneo actual,usa Poisson base con estadisticas de goles del torneo,un gol temprano o baja eficacia puede cambiar la lectura del mercado,,torneo actual,torneo actual,28,33.0,32.0,2026-10-03 · Serie A · Atletico-MG 1-0 RB Bragantino (P); 2026-09-20 · Serie A · Flamengo 2-1 RB Bragantino (P); 2026-09-12 · Serie A · Botafogo 1-1 RB Bragantino (E); 2026-09-05 · Serie A · RB Bragantino 2-3 Bahia (P); 2026-08-29 · Serie A · Sao Paulo 2-1 RB Bragantino (P),torneo actual,28,33.0,42.0,2026-09-19 · Serie A · Mirassol 2-0 Botafogo (G); 2026-09-13 · Serie A · Mirassol 2-2 Vitoria (E); 2026-09-06 · Serie A · Coritiba 1-2 Mirassol (G); 2026-09-02 · Serie A · Flamengo 2-0 Mirassol (P); 2026-08-30 · Serie A · Mirassol 1-1 Palmeiras (E)
2026-10-07,17:30,RB Bragantino vs Mirassol,,,SHOTS_TOTAL UNDER.26.5,SHOTS_TOTAL UNDER.26.5,SHOTS_TOTAL:UNDER_26_5,30.4%,0.304100,3.29,,,,,,,,,,,Sin cuota/EV,No encontrado en Betano,Solo modelo,2,33.41,33.411000,,Betano no expuesto,Baja,contexto premium torneo actual,usa promedios del contexto premium/API-Football,el volumen ofensivo puede variar por planteamiento y marcador temprano,,torneo actual,torneo actual,28,33.0,32.0,2026-10-03 · Serie A · Atletico-MG 1-0 RB Bragantino (P); 2026-09-20 · Serie A · Flamengo 2-1 RB Bragantino (P); 2026-09-12 · Serie A · Botafogo 1-1 RB Bragantino (E); 2026-09-05 · Serie A · RB Bragantino 2-3 Bahia (P); 2026-08-29 · Serie A · Sao Paulo 2-1 RB Bragantino (P),torneo actual,28,33.0,42.0,2026-09-19 · Serie A · Mirassol 2-0 Botafogo (G); 2026-09-13 · Serie A · Mirassol 2-2 Vitoria (E); 2026-09-06 · Serie A · Coritiba 1-2 Mirassol (G); 2026-09-02 · Serie A · Flamengo 2-0 Mirassol (P); 2026-08-30 · Serie A · Mirassol 1-1 Palmeiras (E)
2026-10-07,17:30,RB Bragantino vs Mirassol,William Hill,,Gana visita,1X2 AWAY,1X2:AWAY,30.3%,0.303200,3.30,4.20,0.27,0.273500,0.90,1.27,,,,,,EV positivo,No encontrado en Betano,Equilibrado,7,70.25,70.246000,,Betano no expuesto,Baja,torneo actual,usa Poisson base con estadisticas de goles del torneo,riesgo propio del resultado final y variacion del modelo,,torneo actual,torneo actual,28,33.0,32.0,2026-10-03 · Serie A · Atletico-MG 1-0 RB Bragantino (P); 2026-09-20 · Serie A · Flamengo 2-1 RB Bragantino (P); 2026-09-12 · Serie A · Botafogo 1-1 RB Bragantino (E); 2026-09-05 · Serie A · RB Bragantino 2-3 Bahia (P); 2026-08-29 · Serie A · Sao Paulo 2-1 RB Bragantino (P),torneo actual,28,33.0,42.0,2026-09-19 · Serie A · Mirassol 2-0 Botafogo (G); 2026-09-13 · Serie A · Mirassol 2-2 Vitoria (E); 2026-09-06 · Serie A · Coritiba 1-2 Mirassol (G); 2026-09-02 · Serie A · Flamengo 2-0 Mirassol (P); 2026-08-30 · Serie A · Mirassol 1-1 Palmeiras (E)
2026-10-07,17:30,RB Bragantino vs Mirassol,,,Tarjetas total -3.5,CARDS_TOTALS UNDER.3.5,CARDS_TOTALS:UNDER_3_5,29.4%,0.294200,3.40,,,,,,,,,,,Sin cuota/EV,No encontrado en Betano,Solo modelo,3,37.42,37.423000,,Betano no expuesto,Baja,contexto premium torneo actual,usa promedios del contexto premium/API-Football,depende mucho del arbitro y del contexto competitivo,,torneo actual,torneo actual,28,33.0,32.0,2026-10-03 · Serie A · Atletico-MG 1-0 RB Bragantino (P); 2026-09-20 · Serie A · Flamengo 2-1 RB Bragantino (P); 2026-09-12 · Serie A · Botafogo 1-1 RB Bragantino (E); 2026-09-05 · Serie A · RB Bragantino 2-3 Bahia (P); 2026-08-29 · Serie A · Sao Paulo 2-1 RB Bragantino (P),torneo actual,28,33.0,42.0,2026-09-19 · Serie A · Mirassol 2-0 Botafogo (G); 2026-09-13 · Serie A · Mirassol 2-2 Vitoria (E); 2026-09-06 · Serie A · Coritiba 1-2 Mirassol (G); 2026-09-02 · Serie A · Flamengo 2-0 Mirassol (P); 2026-08-30 · Serie A · Mirassol 1-1 Palmeiras (E)
2026-10-07,17:30,RB Bragantino vs Mirassol,,,Visita corners -4.5,CORNERS_AWAY UNDER.4.5,CORNERS_AWAY:UNDER_4_5,27.2%,0.271900,3.68,,,,,,,,,,,Sin cuota/EV,No encontrado en Betano,Solo modelo,4,43.19,43.189000,,Betano no expuesto,Baja,contexto premium torneo actual,usa promedios del contexto premium/API-Football,el volumen ofensivo puede variar por planteamiento y marcador temprano,,torneo actual,torneo actual,28,33.0,32.0,2026-10-03 · Serie A · Atletico-MG 1-0 RB Bragantino (P); 2026-09-20 · Serie A · Flamengo 2-1 RB Bragantino (P); 2026-09-12 · Serie A · Botafogo 1-1 RB Bragantino (E); 2026-09-05 · Serie A · RB Bragantino 2-3 Bahia (P); 2026-08-29 · Serie A · Sao Paulo 2-1 RB Bragantino (P),torneo actual,28,33.0,42.0,2026-09-19 · Serie A · Mirassol 2-0 Botafogo (G); 2026-09-13 · Serie A · Mirassol 2-2 Vitoria (E); 2026-09-06 · Serie A · Coritiba 1-2 Mirassol (G); 2026-09-02 · Serie A · Flamengo 2-0 Mirassol (P); 2026-08-30 · Serie A · Mirassol 1-1 Palmeiras (E)
2026-10-07,17:30,RB Bragantino vs Mirassol,,,Visita tarjetas -1.5,CARDS_AWAY UNDER.1.5,CARDS_AWAY:UNDER_1_5,26.7%,0.267400,3.74,,,,,,,,,,,Sin cuota/EV,No encontrado en Betano,Solo modelo,2,29.74,29.738000,,Betano no expuesto,Baja,contexto premium torneo actual,usa promedios del contexto premium/API-Football,depende mucho del arbitro y del contexto competitivo,,torneo actual,torneo actual,28,33.0,32.0,2026-10-03 · Serie A · Atletico-MG 1-0 RB Bragantino (P); 2026-09-20 · Serie A · Flamengo 2-1 RB Bragantino (P); 2026-09-12 · Serie A · Botafogo 1-1 RB Bragantino (E); 2026-09-05 · Serie A · RB Bragantino 2-3 Bahia (P); 2026-08-29 · Serie A · Sao Paulo 2-1 RB Bragantino (P),torneo actual,28,33.0,42.0,2026-09-19 · Serie A · Mirassol 2-0 Botafogo (G); 2026-09-13 · Serie A · Mirassol 2-2 Vitoria (E); 2026-09-06 · Serie A · Coritiba 1-2 Mirassol (G); 2026-09-02 · Serie A · Flamengo 2-0 Mirassol (P); 2026-08-30 · Serie A · Mirassol 1-1 Palmeiras (E)
2026-10-07,17:30,RB Bragantino vs Mirassol,William Hill,,Goles -1.5,TOTALS UNDER.1.5,TOTALS:UNDER_1_5,26.6%,0.266000,3.76,1.70,-0.55,-0.547700,-2.06,0.45,,,,,,EV negativo,No encontrado en Betano,Evitar,1,2.74,2.744000,Cuota por debajo de la cuota justa: valor limitado,Betano no expuesto,Baja,torneo actual,usa Poisson base con estadisticas de goles del torneo,un gol temprano o baja eficacia puede cambiar la lectura del mercado,,torneo actual,torneo actual,28,33.0,32.0,2026-10-03 · Serie A · Atletico-MG 1-0 RB Bragantino (P); 2026-09-20 · Serie A · Flamengo 2-1 RB Bragantino (P); 2026-09-12 · Serie A · Botafogo 1-1 RB Bragantino (E); 2026-09-05 · Serie A · RB Bragantino 2-3 Bahia (P); 2026-08-29 · Serie A · Sao Paulo 2-1 RB Bragantino (P),torneo actual,28,33.0,42.0,2026-09-19 · Serie A · Mirassol 2-0 Botafogo (G); 2026-09-13 · Serie A · Mirassol 2-2 Vitoria (E); 2026-09-06 · Serie A · Coritiba 1-2 Mirassol (G); 2026-09-02 · Serie A · Flamengo 2-0 Mirassol (P); 2026-08-30 · Serie A · Mirassol 1-1 Palmeiras (E)
2026-10-07,17:30,RB Bragantino vs Mirassol,William Hill,,Goles +3.5,TOTALS OVER.3.5,TOTALS:OVER_3_5,26.6%,0.265500,3.77,10.00,1.66,1.655300,6.23,2.66,,,,,,EV positivo,No encontrado en Betano,Equilibrado,1,43.55,43.553000,Cuota API muy superior a la cuota justa: revisar manualmente antes de apostar,Betano no expuesto,Baja,torneo actual,usa Poisson base con estadisticas de goles del torneo,un gol temprano o baja eficacia puede cambiar la lectura del mercado,,torneo actual,torneo actual,28,33.0,32.0,2026-10-03 · Serie A · Atletico-MG 1-0 RB Bragantino (P); 2026-09-20 · Serie A · Flamengo 2-1 RB Bragantino (P); 2026-09-12 · Serie A · Botafogo 1-1 RB Bragantino (E); 2026-09-05 · Serie A · RB Bragantino 2-3 Bahia (P); 2026-08-29 · Serie A · Sao Paulo 2-1 RB Bragantino (P),torneo actual,28,33.0,42.0,2026-09-19 · Serie A · Mirassol 2-0 Botafogo (G); 2026-09-13 · Serie A · Mirassol 2-2 Vitoria (E); 2026-09-06 · Serie A · Coritiba 1-2 Mirassol (G); 2026-09-02 · Serie A · Flamengo 2-0 Mirassol (P); 2026-08-30 · Serie A · Mirassol 1-1 Palmeiras (E)
2026-10-07,17:30,RB Bragantino vs Mirassol,,,Visita tarjetas +3.5,CARDS_AWAY OVER.3.5,CARDS_AWAY:OVER_3_5,26.4%,0.264000,3.79,,,,,,,,,,,Sin cuota/EV,No encontrado en Betano,Solo modelo,2,29.40,29.400000,,Betano no expuesto,Baja,contexto premium torneo actual,usa promedios del contexto premium/API-Football,depende mucho del arbitro y del contexto competitivo,,torneo actual,torneo actual,28,33.0,32.0,2026-10-03 · Serie A · Atletico-MG 1-0 RB Bragantino (P); 2026-09-20 · Serie A · Flamengo 2-1 RB Bragantino (P); 2026-09-12 · Serie A · Botafogo 1-1 RB Bragantino (E); 2026-09-05 · Serie A · RB Bragantino 2-3 Bahia (P); 2026-08-29 · Serie A · Sao Paulo 2-1 RB Bragantino (P),torneo actual,28,33.0,42.0,2026-09-19 · Serie A · Mirassol 2-0 Botafogo (G); 2026-09-13 · Serie A · Mirassol 2-2 Vitoria (E); 2026-09-06 · Serie A · Coritiba 1-2 Mirassol (G); 2026-09-02 · Serie A · Flamengo 2-0 Mirassol (P); 2026-08-30 · Serie A · Mirassol 1-1 Palmeiras (E)
2026-10-07,17:30,RB Bragantino vs Mirassol,William Hill,,Empate,1X2 DRAW,1X2:DRAW,26.0%,0.260300,3.84,2.25,-0.41,-0.414300,-1.59,0.59,,,,,,EV negativo,No encontrado en Betano,Evitar,7,34.57,34.573000,Cuota por debajo de la cuota justa: valor limitado,Betano no expuesto,Baja,torneo actual,usa Poisson base con estadisticas de goles del torneo,riesgo propio del resultado final y variacion del modelo,,torneo actual,torneo actual,28,33.0,32.0,2026-10-03 · Serie A · Atletico-MG 1-0 RB Bragantino (P); 2026-09-20 · Serie A · Flamengo 2-1 RB Bragantino (P); 2026-09-12 · Serie A · Botafogo 1-1 RB Bragantino (E); 2026-09-05 · Serie A · RB Bragantino 2-3 Bahia (P); 2026-08-29 · Serie A · Sao Paulo 2-1 RB Bragantino (P),torneo actual,28,33.0,42.0,2026-09-19 · Serie A · Mirassol 2-0 Botafogo (G); 2026-09-13 · Serie A · Mirassol 2-2 Vitoria (E); 2026-09-06 · Serie A · Coritiba 1-2 Mirassol (G); 2026-09-02 · Serie A · Flamengo 2-0 Mirassol (P); 2026-08-30 · Serie A · Mirassol 1-1 Palmeiras (E)
2026-10-07,17:30,RB Bragantino vs Mirassol,,,Local corners -4.5,CORNERS_HOME UNDER.4.5,CORNERS_HOME:UNDER_4_5,25.9%,0.259200,3.86,,,,,,,,,,,Sin cuota/EV,No encontrado en Betano,Solo modelo,4,41.92,41.918000,,Betano no expuesto,Baja,contexto premium torneo actual,usa promedios del contexto premium/API-Football,el volumen ofensivo puede variar por planteamiento y marcador temprano,,torneo actual,torneo actual,28,33.0,32.0,2026-10-03 · Serie A · Atletico-MG 1-0 RB Bragantino (P); 2026-09-20 · Serie A · Flamengo 2-1 RB Bragantino (P); 2026-09-12 · Serie A · Botafogo 1-1 RB Bragantino (E); 2026-09-05 · Serie A · RB Bragantino 2-3 Bahia (P); 2026-08-29 · Serie A · Sao Paulo 2-1 RB Bragantino (P),torneo actual,28,33.0,42.0,2026-09-19 · Serie A · Mirassol 2-0 Botafogo (G); 2026-09-13 · Serie A · Mirassol 2-2 Vitoria (E); 2026-09-06 · Serie A · Coritiba 1-2 Mirassol (G); 2026-09-02 · Serie A · Flamengo 2-0 Mirassol (P); 2026-08-30 · Serie A · Mirassol 1-1 Palmeiras (E)
2026-10-07,17:30,RB Bragantino vs Mirassol,,,Local goles -0.5,TEAM_TOTAL_HOME UNDER.0.5,TEAM_TOTAL_HOME:UNDER_0_5,23.5%,0.235400,4.25,,,,,,,,,,,Sin cuota/EV,No encontrado en Betano,Solo modelo,4,39.54,39.543000,,Betano no expuesto,Baja,torneo actual,usa Poisson base con estadisticas de goles del torneo,un gol temprano o baja eficacia puede cambiar la lectura del mercado,,torneo actual,torneo actual,28,33.0,32.0,2026-10-03 · Serie A · Atletico-MG 1-0 RB Bragantino (P); 2026-09-20 · Serie A · Flamengo 2-1 RB Bragantino (P); 2026-09-12 · Serie A · Botafogo 1-1 RB Bragantino (E); 2026-09-05 · Serie A · RB Bragantino 2-3 Bahia (P); 2026-08-29 · Serie A · Sao Paulo 2-1 RB Bragantino (P),torneo actual,28,33.0,42.0,2026-09-19 · Serie A · Mirassol 2-0 Botafogo (G); 2026-09-13 · Serie A · Mirassol 2-2 Vitoria (E); 2026-09-06 · Serie A · Coritiba 1-2 Mirassol (G); 2026-09-02 · Serie A · Flamengo 2-0 Mirassol (P); 2026-08-30 · Serie A · Mirassol 1-1 Palmeiras (E)
2026-10-07,17:30,RB Bragantino vs Mirassol,William Hill,,1T -0.5,FIRST_HALF_TOTALS UNDER.0.5,FIRST_HALF_TOTALS:UNDER_0_5,22.3%,0.223100,4.48,3.30,-0.26,-0.263700,-1.18,0.74,,,,,,EV negativo,No encontrado en Betano,Evitar,5,23.57,23.567000,Cuota por debajo de la cuota justa: valor limitado,Betano no expuesto,Baja,contexto premium torneo actual,usa promedios del contexto premium/API-Football,el primer tiempo puede tener ritmo bajo o rotaciones,,torneo actual,torneo actual,28,33.0,32.0,2026-10-03 · Serie A · Atletico-MG 1-0 RB Bragantino (P); 2026-09-20 · Serie A · Flamengo 2-1 RB Bragantino (P); 2026-09-12 · Serie A · Botafogo 1-1 RB Bragantino (E); 2026-09-05 · Serie A · RB Bragantino 2-3 Bahia (P); 2026-08-29 · Serie A · Sao Paulo 2-1 RB Bragantino (P),torneo actual,28,33.0,42.0,2026-09-19 · Serie A · Mirassol 2-0 Botafogo (G); 2026-09-13 · Serie A · Mirassol 2-2 Vitoria (E); 2026-09-06 · Serie A · Coritiba 1-2 Mirassol (G); 2026-09-02 · Serie A · Flamengo 2-0 Mirassol (P); 2026-08-30 · Serie A · Mirassol 1-1 Palmeiras (E)
2026-10-07,17:30,RB Bragantino vs Mirassol,,,Corners total -9.5,CORNERS_TOTALS UNDER.9.5,CORNERS_TOTALS:UNDER_9_5,21.7%,0.217200,4.61,,,,,,,,,,,Sin cuota/EV,No encontrado en Betano,Solo modelo,6,51.72,51.716000,,Betano no expuesto,Baja,contexto premium torneo actual,usa promedios del contexto premium/API-Football,el volumen ofensivo puede variar por planteamiento y marcador temprano,,torneo actual,torneo actual,28,33.0,32.0,2026-10-03 · Serie A · Atletico-MG 1-0 RB Bragantino (P); 2026-09-20 · Serie A · Flamengo 2-1 RB Bragantino (P); 2026-09-12 · Serie A · Botafogo 1-1 RB Bragantino (E); 2026-09-05 · Serie A · RB Bragantino 2-3 Bahia (P); 2026-08-29 · Serie A · Sao Paulo 2-1 RB Bragantino (P),torneo actual,28,33.0,42.0,2026-09-19 · Serie A · Mirassol 2-0 Botafogo (G); 2026-09-13 · Serie A · Mirassol 2-2 Vitoria (E); 2026-09-06 · Serie A · Coritiba 1-2 Mirassol (G); 2026-09-02 · Serie A · Flamengo 2-0 Mirassol (P); 2026-08-30 · Serie A · Mirassol 1-1 Palmeiras (E)
2026-10-07,17:30,RB Bragantino vs Mirassol,,,SHOTS_ON_TARGET_TOTAL UNDER.8.5,SHOTS_ON_TARGET_TOTAL UNDER.8.5,SHOTS_ON_TARGET_TOTAL:UNDER_8_5,21.5%,0.214700,4.66,,,,,,,,,,,Sin cuota/EV,No encontrado en Betano,Solo modelo,2,24.47,24.471000,,Betano no expuesto,Baja,contexto premium torneo actual,usa promedios del contexto premium/API-Football,el volumen ofensivo puede variar por planteamiento y marcador temprano,,torneo actual,torneo actual,28,33.0,32.0,2026-10-03 · Serie A · Atletico-MG 1-0 RB Bragantino (P); 2026-09-20 · Serie A · Flamengo 2-1 RB Bragantino (P); 2026-09-12 · Serie A · Botafogo 1-1 RB Bragantino (E); 2026-09-05 · Serie A · RB Bragantino 2-3 Bahia (P); 2026-08-29 · Serie A · Sao Paulo 2-1 RB Bragantino (P),torneo actual,28,33.0,42.0,2026-09-19 · Serie A · Mirassol 2-0 Botafogo (G); 2026-09-13 · Serie A · Mirassol 2-2 Vitoria (E); 2026-09-06 · Serie A · Coritiba 1-2 Mirassol (G); 2026-09-02 · Serie A · Flamengo 2-0 Mirassol (P); 2026-08-30 · Serie A · Mirassol 1-1 Palmeiras (E)
2026-10-07,17:30,RB Bragantino vs Mirassol,,,Tarjetas total +6.5,CARDS_TOTALS OVER.6.5,CARDS_TOTALS:OVER_6_5,20.9%,0.209200,4.78,,,,,,,,,,,Sin cuota/EV,No encontrado en Betano,Solo modelo,3,28.92,28.920000,,Betano no expuesto,Baja,contexto premium torneo actual,usa promedios del contexto premium/API-Football,depende mucho del arbitro y del contexto competitivo,,torneo actual,torneo actual,28,33.0,32.0,2026-10-03 · Serie A · Atletico-MG 1-0 RB Bragantino (P); 2026-09-20 · Serie A · Flamengo 2-1 RB Bragantino (P); 2026-09-12 · Serie A · Botafogo 1-1 RB Bragantino (E); 2026-09-05 · Serie A · RB Bragantino 2-3 Bahia (P); 2026-08-29 · Serie A · Sao Paulo 2-1 RB Bragantino (P),torneo actual,28,33.0,42.0,2026-09-19 · Serie A · Mirassol 2-0 Botafogo (G); 2026-09-13 · Serie A · Mirassol 2-2 Vitoria (E); 2026-09-06 · Serie A · Coritiba 1-2 Mirassol (G); 2026-09-02 · Serie A · Flamengo 2-0 Mirassol (P); 2026-08-30 · Serie A · Mirassol 1-1 Palmeiras (E)
2026-10-07,17:30,RB Bragantino vs Mirassol,,,SHOTS_TOTAL UNDER.24.5,SHOTS_TOTAL UNDER.24.5,SHOTS_TOTAL:UNDER_24_5,18.4%,0.184400,5.42,,,,,,,,,,,Sin cuota/EV,No encontrado en Betano,Solo modelo,2,21.43,21.435000,,Betano no expuesto,Baja,contexto premium torneo actual,usa promedios del contexto premium/API-Football,el volumen ofensivo puede variar por planteamiento y marcador temprano,,torneo actual,torneo actual,28,33.0,32.0,2026-10-03 · Serie A · Atletico-MG 1-0 RB Bragantino (P); 2026-09-20 · Serie A · Flamengo 2-1 RB Bragantino (P); 2026-09-12 · Serie A · Botafogo 1-1 RB Bragantino (E); 2026-09-05 · Serie A · RB Bragantino 2-3 Bahia (P); 2026-08-29 · Serie A · Sao Paulo 2-1 RB Bragantino (P),torneo actual,28,33.0,42.0,2026-09-19 · Serie A · Mirassol 2-0 Botafogo (G); 2026-09-13 · Serie A · Mirassol 2-2 Vitoria (E); 2026-09-06 · Serie A · Coritiba 1-2 Mirassol (G); 2026-09-02 · Serie A · Flamengo 2-0 Mirassol (P); 2026-08-30 · Serie A · Mirassol 1-1 Palmeiras (E)
2026-10-07,17:30,RB Bragantino vs Mirassol,,,Local tarjetas +3.5,CARDS_HOME OVER.3.5,CARDS_HOME:OVER_3_5,18.1%,0.180600,5.54,,,,,,,,,,,Sin cuota/EV,No encontrado en Betano,Solo modelo,2,21.07,21.065000,,Betano no expuesto,Baja,contexto premium torneo actual,usa promedios del contexto premium/API-Football,depende mucho del arbitro y del contexto competitivo,,torneo actual,torneo actual,28,33.0,32.0,2026-10-03 · Serie A · Atletico-MG 1-0 RB Bragantino (P); 2026-09-20 · Serie A · Flamengo 2-1 RB Bragantino (P); 2026-09-12 · Serie A · Botafogo 1-1 RB Bragantino (E); 2026-09-05 · Serie A · RB Bragantino 2-3 Bahia (P); 2026-08-29 · Serie A · Sao Paulo 2-1 RB Bragantino (P),torneo actual,28,33.0,42.0,2026-09-19 · Serie A · Mirassol 2-0 Botafogo (G); 2026-09-13 · Serie A · Mirassol 2-2 Vitoria (E); 2026-09-06 · Serie A · Coritiba 1-2 Mirassol (G); 2026-09-02 · Serie A · Flamengo 2-0 Mirassol (P); 2026-08-30 · Serie A · Mirassol 1-1 Palmeiras (E)
2026-10-07,17:30,RB Bragantino vs Mirassol,,,Local goles +2.5,TEAM_TOTAL_HOME OVER.2.5,TEAM_TOTAL_HOME:OVER_2_5,17.8%,0.177800,5.62,,,,,,,,,,,Sin cuota/EV,No encontrado en Betano,Solo modelo,4,33.78,33.781000,,Betano no expuesto,Baja,torneo actual,usa Poisson base con estadisticas de goles del torneo,un gol temprano o baja eficacia puede cambiar la lectura del mercado,,torneo actual,torneo actual,28,33.0,32.0,2026-10-03 · Serie A · Atletico-MG 1-0 RB Bragantino (P); 2026-09-20 · Serie A · Flamengo 2-1 RB Bragantino (P); 2026-09-12 · Serie A · Botafogo 1-1 RB Bragantino (E); 2026-09-05 · Serie A · RB Bragantino 2-3 Bahia (P); 2026-08-29 · Serie A · Sao Paulo 2-1 RB Bragantino (P),torneo actual,28,33.0,42.0,2026-09-19 · Serie A · Mirassol 2-0 Botafogo (G); 2026-09-13 · Serie A · Mirassol 2-2 Vitoria (E); 2026-09-06 · Serie A · Coritiba 1-2 Mirassol (G); 2026-09-02 · Serie A · Flamengo 2-0 Mirassol (P); 2026-08-30 · Serie A · Mirassol 1-1 Palmeiras (E)
2026-10-07,17:30,RB Bragantino vs Mirassol,,,Tarjetas total -2.5,CARDS_TOTALS UNDER.2.5,CARDS_TOTALS:UNDER_2_5,14.2%,0.142500,7.02,,,,,,,,,,,Sin cuota/EV,No encontrado en Betano,Solo modelo,3,22.25,22.254000,,Betano no expuesto,Baja,contexto premium torneo actual,usa promedios del contexto premium/API-Football,depende mucho del arbitro y del contexto competitivo,,torneo actual,torneo actual,28,33.0,32.0,2026-10-03 · Serie A · Atletico-MG 1-0 RB Bragantino (P); 2026-09-20 · Serie A · Flamengo 2-1 RB Bragantino (P); 2026-09-12 · Serie A · Botafogo 1-1 RB Bragantino (E); 2026-09-05 · Serie A · RB Bragantino 2-3 Bahia (P); 2026-08-29 · Serie A · Sao Paulo 2-1 RB Bragantino (P),torneo actual,28,33.0,42.0,2026-09-19 · Serie A · Mirassol 2-0 Botafogo (G); 2026-09-13 · Serie A · Mirassol 2-2 Vitoria (E); 2026-09-06 · Serie A · Coritiba 1-2 Mirassol (G); 2026-09-02 · Serie A · Flamengo 2-0 Mirassol (P); 2026-08-30 · Serie A · Mirassol 1-1 Palmeiras (E)
2026-10-07,17:30,RB Bragantino vs Mirassol,,,Visita corners -3.5,CORNERS_AWAY UNDER.3.5,CORNERS_AWAY:UNDER_3_5,14.2%,0.142500,7.02,,,,,,,,,,,Sin cuota/EV,No encontrado en Betano,Solo modelo,4,30.25,30.250000,,Betano no expuesto,Baja,contexto premium torneo actual,usa promedios del contexto premium/API-Football,el volumen ofensivo puede variar por planteamiento y marcador temprano,,torneo actual,torneo actual,28,33.0,32.0,2026-10-03 · Serie A · Atletico-MG 1-0 RB Bragantino (P); 2026-09-20 · Serie A · Flamengo 2-1 RB Bragantino (P); 2026-09-12 · Serie A · Botafogo 1-1 RB Bragantino (E); 2026-09-05 · Serie A · RB Bragantino 2-3 Bahia (P); 2026-08-29 · Serie A · Sao Paulo 2-1 RB Bragantino (P),torneo actual,28,33.0,42.0,2026-09-19 · Serie A · Mirassol 2-0 Botafogo (G); 2026-09-13 · Serie A · Mirassol 2-2 Vitoria (E); 2026-09-06 · Serie A · Coritiba 1-2 Mirassol (G); 2026-09-02 · Serie A · Flamengo 2-0 Mirassol (P); 2026-08-30 · Serie A · Mirassol 1-1 Palmeiras (E)
2026-10-07,17:30,RB Bragantino vs Mirassol,,,Corners total -8.5,CORNERS_TOTALS UNDER.8.5,CORNERS_TOTALS:UNDER_8_5,13.6%,0.136300,7.33,,,,,,,,,,,Sin cuota/EV,No encontrado en Betano,Solo modelo,6,43.63,43.634000,,Betano no expuesto,Baja,contexto premium torneo actual,usa promedios del contexto premium/API-Football,el volumen ofensivo puede variar por planteamiento y marcador temprano,,torneo actual,torneo actual,28,33.0,32.0,2026-10-03 · Serie A · Atletico-MG 1-0 RB Bragantino (P); 2026-09-20 · Serie A · Flamengo 2-1 RB Bragantino (P); 2026-09-12 · Serie A · Botafogo 1-1 RB Bragantino (E); 2026-09-05 · Serie A · RB Bragantino 2-3 Bahia (P); 2026-08-29 · Serie A · Sao Paulo 2-1 RB Bragantino (P),torneo actual,28,33.0,42.0,2026-09-19 · Serie A · Mirassol 2-0 Botafogo (G); 2026-09-13 · Serie A · Mirassol 2-2 Vitoria (E); 2026-09-06 · Serie A · Coritiba 1-2 Mirassol (G); 2026-09-02 · Serie A · Flamengo 2-0 Mirassol (P); 2026-08-30 · Serie A · Mirassol 1-1 Palmeiras (E)
2026-10-07,17:30,RB Bragantino vs Mirassol,,,Local corners -3.5,CORNERS_HOME UNDER.3.5,CORNERS_HOME:UNDER_3_5,13.4%,0.134200,7.45,,,,,,,,,,,Sin cuota/EV,No encontrado en Betano,Solo modelo,4,29.42,29.423000,,Betano no expuesto,Baja,contexto premium torneo actual,usa promedios del contexto premium/API-Football,el volumen ofensivo puede variar por planteamiento y marcador temprano,,torneo actual,torneo actual,28,33.0,32.0,2026-10-03 · Serie A · Atletico-MG 1-0 RB Bragantino (P); 2026-09-20 · Serie A · Flamengo 2-1 RB Bragantino (P); 2026-09-12 · Serie A · Botafogo 1-1 RB Bragantino (E); 2026-09-05 · Serie A · RB Bragantino 2-3 Bahia (P); 2026-08-29 · Serie A · Sao Paulo 2-1 RB Bragantino (P),torneo actual,28,33.0,42.0,2026-09-19 · Serie A · Mirassol 2-0 Botafogo (G); 2026-09-13 · Serie A · Mirassol 2-2 Vitoria (E); 2026-09-06 · Serie A · Coritiba 1-2 Mirassol (G); 2026-09-02 · Serie A · Flamengo 2-0 Mirassol (P); 2026-08-30 · Serie A · Mirassol 1-1 Palmeiras (E)
2026-10-07,17:30,RB Bragantino vs Mirassol,,,SHOTS_ON_TARGET_TOTAL UNDER.7.5,SHOTS_ON_TARGET_TOTAL UNDER.7.5,SHOTS_ON_TARGET_TOTAL:UNDER_7_5,13.1%,0.130700,7.65,,,,,,,,,,,Sin cuota/EV,No encontrado en Betano,Solo modelo,2,16.07,16.074000,,Betano no expuesto,Baja,contexto premium torneo actual,usa promedios del contexto premium/API-Football,el volumen ofensivo puede variar por planteamiento y marcador temprano,,torneo actual,torneo actual,28,33.0,32.0,2026-10-03 · Serie A · Atletico-MG 1-0 RB Bragantino (P); 2026-09-20 · Serie A · Flamengo 2-1 RB Bragantino (P); 2026-09-12 · Serie A · Botafogo 1-1 RB Bragantino (E); 2026-09-05 · Serie A · RB Bragantino 2-3 Bahia (P); 2026-08-29 · Serie A · Sao Paulo 2-1 RB Bragantino (P),torneo actual,28,33.0,42.0,2026-09-19 · Serie A · Mirassol 2-0 Botafogo (G); 2026-09-13 · Serie A · Mirassol 2-2 Vitoria (E); 2026-09-06 · Serie A · Coritiba 1-2 Mirassol (G); 2026-09-02 · Serie A · Flamengo 2-0 Mirassol (P); 2026-08-30 · Serie A · Mirassol 1-1 Palmeiras (E)
2026-10-07,17:30,RB Bragantino vs Mirassol,,,Visita goles +2.5,TEAM_TOTAL_AWAY OVER.2.5,TEAM_TOTAL_AWAY:OVER_2_5,11.2%,0.112100,8.92,,,,,,,,,,,Sin cuota/EV,No encontrado en Betano,Solo modelo,4,27.21,27.210000,,Betano no expuesto,Baja,torneo actual,usa Poisson base con estadisticas de goles del torneo,un gol temprano o baja eficacia puede cambiar la lectura del mercado,,torneo actual,torneo actual,28,33.0,32.0,2026-10-03 · Serie A · Atletico-MG 1-0 RB Bragantino (P); 2026-09-20 · Serie A · Flamengo 2-1 RB Bragantino (P); 2026-09-12 · Serie A · Botafogo 1-1 RB Bragantino (E); 2026-09-05 · Serie A · RB Bragantino 2-3 Bahia (P); 2026-08-29 · Serie A · Sao Paulo 2-1 RB Bragantino (P),torneo actual,28,33.0,42.0,2026-09-19 · Serie A · Mirassol 2-0 Botafogo (G); 2026-09-13 · Serie A · Mirassol 2-2 Vitoria (E); 2026-09-06 · Serie A · Coritiba 1-2 Mirassol (G); 2026-09-02 · Serie A · Flamengo 2-0 Mirassol (P); 2026-08-30 · Serie A · Mirassol 1-1 Palmeiras (E)
2026-10-07,17:30,RB Bragantino vs Mirassol,,,Local tarjetas -0.5,CARDS_HOME UNDER.0.5,CARDS_HOME:UNDER_0_5,11.1%,0.110800,9.03,,,,,,,,,,,Sin cuota/EV,No encontrado en Betano,Solo modelo,2,14.08,14.080000,,Betano no expuesto,Baja,contexto premium torneo actual,usa promedios del contexto premium/API-Football,depende mucho del arbitro y del contexto competitivo,,torneo actual,torneo actual,28,33.0,32.0,2026-10-03 · Serie A · Atletico-MG 1-0 RB Bragantino (P); 2026-09-20 · Serie A · Flamengo 2-1 RB Bragantino (P); 2026-09-12 · Serie A · Botafogo 1-1 RB Bragantino (E); 2026-09-05 · Serie A · RB Bragantino 2-3 Bahia (P); 2026-08-29 · Serie A · Sao Paulo 2-1 RB Bragantino (P),torneo actual,28,33.0,42.0,2026-09-19 · Serie A · Mirassol 2-0 Botafogo (G); 2026-09-13 · Serie A · Mirassol 2-2 Vitoria (E); 2026-09-06 · Serie A · Coritiba 1-2 Mirassol (G); 2026-09-02 · Serie A · Flamengo 2-0 Mirassol (P); 2026-08-30 · Serie A · Mirassol 1-1 Palmeiras (E)
2026-10-07,17:30,RB Bragantino vs Mirassol,,,SHOTS_TOTAL UNDER.22.5,SHOTS_TOTAL UNDER.22.5,SHOTS_TOTAL:UNDER_22_5,9.8%,0.097500,10.25,,,,,,,,,,,Sin cuota/EV,No encontrado en Betano,Solo modelo,2,12.75,12.754000,,Betano no expuesto,Baja,contexto premium torneo actual,usa promedios del contexto premium/API-Football,el volumen ofensivo puede variar por planteamiento y marcador temprano,,torneo actual,torneo actual,28,33.0,32.0,2026-10-03 · Serie A · Atletico-MG 1-0 RB Bragantino (P); 2026-09-20 · Serie A · Flamengo 2-1 RB Bragantino (P); 2026-09-12 · Serie A · Botafogo 1-1 RB Bragantino (E); 2026-09-05 · Serie A · RB Bragantino 2-3 Bahia (P); 2026-08-29 · Serie A · Sao Paulo 2-1 RB Bragantino (P),torneo actual,28,33.0,42.0,2026-09-19 · Serie A · Mirassol 2-0 Botafogo (G); 2026-09-13 · Serie A · Mirassol 2-2 Vitoria (E); 2026-09-06 · Serie A · Coritiba 1-2 Mirassol (G); 2026-09-02 · Serie A · Flamengo 2-0 Mirassol (P); 2026-08-30 · Serie A · Mirassol 1-1 Palmeiras (E)
2026-10-07,17:30,RB Bragantino vs Mirassol,,,Corners total -7.5,CORNERS_TOTALS UNDER.7.5,CORNERS_TOTALS:UNDER_7_5,7.7%,0.077200,12.95,,,,,,,,,,,Sin cuota/EV,No encontrado en Betano,Solo modelo,6,37.72,37.719000,,Betano no expuesto,Baja,contexto premium torneo actual,usa promedios del contexto premium/API-Football,el volumen ofensivo puede variar por planteamiento y marcador temprano,,torneo actual,torneo actual,28,33.0,32.0,2026-10-03 · Serie A · Atletico-MG 1-0 RB Bragantino (P); 2026-09-20 · Serie A · Flamengo 2-1 RB Bragantino (P); 2026-09-12 · Serie A · Botafogo 1-1 RB Bragantino (E); 2026-09-05 · Serie A · RB Bragantino 2-3 Bahia (P); 2026-08-29 · Serie A · Sao Paulo 2-1 RB Bragantino (P),torneo actual,28,33.0,42.0,2026-09-19 · Serie A · Mirassol 2-0 Botafogo (G); 2026-09-13 · Serie A · Mirassol 2-2 Vitoria (E); 2026-09-06 · Serie A · Coritiba 1-2 Mirassol (G); 2026-09-02 · Serie A · Flamengo 2-0 Mirassol (P); 2026-08-30 · Serie A · Mirassol 1-1 Palmeiras (E)
2026-10-07,17:30,RB Bragantino vs Mirassol,,,Visita tarjetas -0.5,CARDS_AWAY UNDER.0.5,CARDS_AWAY:UNDER_0_5,7.4%,0.074300,13.46,,,,,,,,,,,Sin cuota/EV,No encontrado en Betano,Solo modelo,2,10.43,10.427000,,Betano no expuesto,Baja,contexto premium torneo actual,usa promedios del contexto premium/API-Football,depende mucho del arbitro y del contexto competitivo,,torneo actual,torneo actual,28,33.0,32.0,2026-10-03 · Serie A · Atletico-MG 1-0 RB Bragantino (P); 2026-09-20 · Serie A · Flamengo 2-1 RB Bragantino (P); 2026-09-12 · Serie A · Botafogo 1-1 RB Bragantino (E); 2026-09-05 · Serie A · RB Bragantino 2-3 Bahia (P); 2026-08-29 · Serie A · Sao Paulo 2-1 RB Bragantino (P),torneo actual,28,33.0,42.0,2026-09-19 · Serie A · Mirassol 2-0 Botafogo (G); 2026-09-13 · Serie A · Mirassol 2-2 Vitoria (E); 2026-09-06 · Serie A · Coritiba 1-2 Mirassol (G); 2026-09-02 · Serie A · Flamengo 2-0 Mirassol (P); 2026-08-30 · Serie A · Mirassol 1-1 Palmeiras (E)
2026-10-07,17:30,RB Bragantino vs Mirassol,,,SHOTS_ON_TARGET_TOTAL UNDER.6.5,SHOTS_ON_TARGET_TOTAL UNDER.6.5,SHOTS_ON_TARGET_TOTAL:UNDER_6_5,7.1%,0.070800,14.13,,,,,,,,,,,Sin cuota/EV,No encontrado en Betano,Solo modelo,2,10.08,10.076000,,Betano no expuesto,Baja,contexto premium torneo actual,usa promedios del contexto premium/API-Football,el volumen ofensivo puede variar por planteamiento y marcador temprano,,torneo actual,torneo actual,28,33.0,32.0,2026-10-03 · Serie A · Atletico-MG 1-0 RB Bragantino (P); 2026-09-20 · Serie A · Flamengo 2-1 RB Bragantino (P); 2026-09-12 · Serie A · Botafogo 1-1 RB Bragantino (E); 2026-09-05 · Serie A · RB Bragantino 2-3 Bahia (P); 2026-08-29 · Serie A · Sao Paulo 2-1 RB Bragantino (P),torneo actual,28,33.0,42.0,2026-09-19 · Serie A · Mirassol 2-0 Botafogo (G); 2026-09-13 · Serie A · Mirassol 2-2 Vitoria (E); 2026-09-06 · Serie A · Coritiba 1-2 Mirassol (G); 2026-09-02 · Serie A · Flamengo 2-0 Mirassol (P); 2026-08-30 · Serie A · Mirassol 1-1 Palmeiras (E)
2026-10-07,17:30,RB Bragantino vs Mirassol,,,SHOTS_TOTAL UNDER.20.5,SHOTS_TOTAL UNDER.20.5,SHOTS_TOTAL:UNDER_20_5,4.4%,0.044200,22.64,,,,,,,,,,,Sin cuota/EV,No encontrado en Betano,Solo modelo,2,7.42,7.418000,,Betano no expuesto,Baja,contexto premium torneo actual,usa promedios del contexto premium/API-Football,el volumen ofensivo puede variar por planteamiento y marcador temprano,,torneo actual,torneo actual,28,33.0,32.0,2026-10-03 · Serie A · Atletico-MG 1-0 RB Bragantino (P); 2026-09-20 · Serie A · Flamengo 2-1 RB Bragantino (P); 2026-09-12 · Serie A · Botafogo 1-1 RB Bragantino (E); 2026-09-05 · Serie A · RB Bragantino 2-3 Bahia (P); 2026-08-29 · Serie A · Sao Paulo 2-1 RB Bragantino (P),torneo actual,28,33.0,42.0,2026-09-19 · Serie A · Mirassol 2-0 Botafogo (G); 2026-09-13 · Serie A · Mirassol 2-2 Vitoria (E); 2026-09-06 · Serie A · Coritiba 1-2 Mirassol (G); 2026-09-02 · Serie A · Flamengo 2-0 Mirassol (P); 2026-08-30 · Serie A · Mirassol 1-1 Palmeiras (E)
2026-10-07,17:30,RB Bragantino vs Mirassol,,,SHOTS_TOTAL UNDER.18.5,SHOTS_TOTAL UNDER.18.5,SHOTS_TOTAL:UNDER_18_5,1.7%,0.016800,59.64,,,,,,,,,,,Sin cuota/EV,No encontrado en Betano,Solo modelo,2,4.68,4.677000,,Betano no expuesto,Baja,contexto premium torneo actual,usa promedios del contexto premium/API-Football,el volumen ofensivo puede variar por planteamiento y marcador temprano,,torneo actual,torneo actual,28,33.0,32.0,2026-10-03 · Serie A · Atletico-MG 1-0 RB Bragantino (P); 2026-09-20 · Serie A · Flamengo 2-1 RB Bragantino (P); 2026-09-12 · Serie A · Botafogo 1-1 RB Bragantino (E); 2026-09-05 · Serie A · RB Bragantino 2-3 Bahia (P); 2026-08-29 · Serie A · Sao Paulo 2-1 RB Bragantino (P),torneo actual,28,33.0,42.0,2026-09-19 · Serie A · Mirassol 2-0 Botafogo (G); 2026-09-13 · Serie A · Mirassol 2-2 Vitoria (E); 2026-09-06 · Serie A · Coritiba 1-2 Mirassol (G); 2026-09-02 · Serie A · Flamengo 2-0 Mirassol (P); 2026-08-30 · Serie A · Mirassol 1-1 Palmeiras (E)
2026-10-07,17:30,Remo vs Gremio,,,SHOTS_TOTAL OVER.18.5,SHOTS_TOTAL OVER.18.5,SHOTS_TOTAL:OVER_18_5,99.5%,0.995300,1.00,,,,,,,,,,,Sin cuota/EV,No encontrado en Betano,Solo modelo,2,102.53,102.525000,,Betano mapeado,Alta,contexto premium torneo actual,usa promedios del contexto premium/API-Football,el volumen ofensivo puede variar por planteamiento y marcador temprano,https://www.betano.pe/cuotas-de-partido/remo-pa-gremio-rs/92517504/,torneo actual,torneo actual,28,32.0,47.0,2026-09-19 · Serie A · Remo 1-2 Santos (P); 2026-09-14 · Serie A · Bahia 2-1 Remo (P); 2026-09-06 · Serie A · Remo 0-1 Flamengo (P); 2026-08-31 · Serie A · Remo 2-3 Coritiba (P); 2026-08-22 · Serie A · Fluminense 2-1 Remo (P),torneo actual,28,30.0,38.0,2026-09-20 · Serie A · Gremio 0-0 Palmeiras (E); 2026-09-16 · Serie A · Botafogo 3-2 Gremio (P); 2026-09-12 · Serie A · Gremio 1-2 Vasco DA Gama (P); 2026-09-07 · Serie A · Vitoria 1-0 Gremio (P); 2026-08-30 · Serie A · Gremio 3-1 Chapecoense-sc (G)
2026-10-07,17:30,Remo vs Gremio,,,SHOTS_TOTAL OVER.20.5,SHOTS_TOTAL OVER.20.5,SHOTS_TOTAL:OVER_20_5,98.5%,0.985300,1.01,,,,,,,,,,,Sin cuota/EV,No encontrado en Betano,Solo modelo,2,101.53,101.533000,,Betano mapeado,Alta,contexto premium torneo actual,usa promedios del contexto premium/API-Football,el volumen ofensivo puede variar por planteamiento y marcador temprano,https://www.betano.pe/cuotas-de-partido/remo-pa-gremio-rs/92517504/,torneo actual,torneo actual,28,32.0,47.0,2026-09-19 · Serie A · Remo 1-2 Santos (P); 2026-09-14 · Serie A · Bahia 2-1 Remo (P); 2026-09-06 · Serie A · Remo 0-1 Flamengo (P); 2026-08-31 · Serie A · Remo 2-3 Coritiba (P); 2026-08-22 · Serie A · Fluminense 2-1 Remo (P),torneo actual,28,30.0,38.0,2026-09-20 · Serie A · Gremio 0-0 Palmeiras (E); 2026-09-16 · Serie A · Botafogo 3-2 Gremio (P); 2026-09-12 · Serie A · Gremio 1-2 Vasco DA Gama (P); 2026-09-07 · Serie A · Vitoria 1-0 Gremio (P); 2026-08-30 · Serie A · Gremio 3-1 Chapecoense-sc (G)
2026-10-07,17:30,Remo vs Gremio,,,Visita tarjetas +0.5,CARDS_AWAY OVER.0.5,CARDS_AWAY:OVER_0_5,96.7%,0.966600,1.03,,,,,,,,,,,Sin cuota/EV,No encontrado en Betano,Solo modelo,2,99.66,99.663000,,Betano mapeado,Alta,contexto premium torneo actual,usa promedios del contexto premium/API-Football,depende mucho del arbitro y del contexto competitivo,https://www.betano.pe/cuotas-de-partido/remo-pa-gremio-rs/92517504/,torneo actual,torneo actual,28,32.0,47.0,2026-09-19 · Serie A · Remo 1-2 Santos (P); 2026-09-14 · Serie A · Bahia 2-1 Remo (P); 2026-09-06 · Serie A · Remo 0-1 Flamengo (P); 2026-08-31 · Serie A · Remo 2-3 Coritiba (P); 2026-08-22 · Serie A · Fluminense 2-1 Remo (P),torneo actual,28,30.0,38.0,2026-09-20 · Serie A · Gremio 0-0 Palmeiras (E); 2026-09-16 · Serie A · Botafogo 3-2 Gremio (P); 2026-09-12 · Serie A · Gremio 1-2 Vasco DA Gama (P); 2026-09-07 · Serie A · Vitoria 1-0 Gremio (P); 2026-08-30 · Serie A · Gremio 3-1 Chapecoense-sc (G)
2026-10-07,17:30,Remo vs Gremio,,,SHOTS_TOTAL OVER.22.5,SHOTS_TOTAL OVER.22.5,SHOTS_TOTAL:OVER_22_5,96.2%,0.962200,1.04,,,,,,,,,,,Sin cuota/EV,No encontrado en Betano,Solo modelo,2,99.22,99.221000,,Betano mapeado,Alta,contexto premium torneo actual,usa promedios del contexto premium/API-Football,el volumen ofensivo puede variar por planteamiento y marcador temprano,https://www.betano.pe/cuotas-de-partido/remo-pa-gremio-rs/92517504/,torneo actual,torneo actual,28,32.0,47.0,2026-09-19 · Serie A · Remo 1-2 Santos (P); 2026-09-14 · Serie A · Bahia 2-1 Remo (P); 2026-09-06 · Serie A · Remo 0-1 Flamengo (P); 2026-08-31 · Serie A · Remo 2-3 Coritiba (P); 2026-08-22 · Serie A · Fluminense 2-1 Remo (P),torneo actual,28,30.0,38.0,2026-09-20 · Serie A · Gremio 0-0 Palmeiras (E); 2026-09-16 · Serie A · Botafogo 3-2 Gremio (P); 2026-09-12 · Serie A · Gremio 1-2 Vasco DA Gama (P); 2026-09-07 · Serie A · Vitoria 1-0 Gremio (P); 2026-08-30 · Serie A · Gremio 3-1 Chapecoense-sc (G)
2026-10-07,17:30,Remo vs Gremio,,,SHOTS_TOTAL OVER.24.5,SHOTS_TOTAL OVER.24.5,SHOTS_TOTAL:OVER_24_5,91.7%,0.917200,1.09,,,,,,,,,,,Sin cuota/EV,No encontrado en Betano,Solo modelo,2,94.72,94.719000,,Betano mapeado,Alta,contexto premium torneo actual,usa promedios del contexto premium/API-Football,el volumen ofensivo puede variar por planteamiento y marcador temprano,https://www.betano.pe/cuotas-de-partido/remo-pa-gremio-rs/92517504/,torneo actual,torneo actual,28,32.0,47.0,2026-09-19 · Serie A · Remo 1-2 Santos (P); 2026-09-14 · Serie A · Bahia 2-1 Remo (P); 2026-09-06 · Serie A · Remo 0-1 Flamengo (P); 2026-08-31 · Serie A · Remo 2-3 Coritiba (P); 2026-08-22 · Serie A · Fluminense 2-1 Remo (P),torneo actual,28,30.0,38.0,2026-09-20 · Serie A · Gremio 0-0 Palmeiras (E); 2026-09-16 · Serie A · Botafogo 3-2 Gremio (P); 2026-09-12 · Serie A · Gremio 1-2 Vasco DA Gama (P); 2026-09-07 · Serie A · Vitoria 1-0 Gremio (P); 2026-08-30 · Serie A · Gremio 3-1 Chapecoense-sc (G)
2026-10-07,17:30,Remo vs Gremio,,,SHOTS_ON_TARGET_TOTAL OVER.6.5,SHOTS_ON_TARGET_TOTAL OVER.6.5,SHOTS_ON_TARGET_TOTAL:OVER_6_5,90.8%,0.908200,1.10,,,,,,,,,,,Sin cuota/EV,No encontrado en Betano,Solo modelo,2,93.82,93.819000,,Betano mapeado,Alta,contexto premium torneo actual,usa promedios del contexto premium/API-Football,el volumen ofensivo puede variar por planteamiento y marcador temprano,https://www.betano.pe/cuotas-de-partido/remo-pa-gremio-rs/92517504/,torneo actual,torneo actual,28,32.0,47.0,2026-09-19 · Serie A · Remo 1-2 Santos (P); 2026-09-14 · Serie A · Bahia 2-1 Remo (P); 2026-09-06 · Serie A · Remo 0-1 Flamengo (P); 2026-08-31 · Serie A · Remo 2-3 Coritiba (P); 2026-08-22 · Serie A · Fluminense 2-1 Remo (P),torneo actual,28,30.0,38.0,2026-09-20 · Serie A · Gremio 0-0 Palmeiras (E); 2026-09-16 · Serie A · Botafogo 3-2 Gremio (P); 2026-09-12 · Serie A · Gremio 1-2 Vasco DA Gama (P); 2026-09-07 · Serie A · Vitoria 1-0 Gremio (P); 2026-08-30 · Serie A · Gremio 3-1 Chapecoense-sc (G)
2026-10-07,17:30,Remo vs Gremio,,,Tarjetas total +2.5,CARDS_TOTALS OVER.2.5,CARDS_TOTALS:OVER_2_5,90.5%,0.905200,1.10,,,,,,,,,,,Sin cuota/EV,No encontrado en Betano,Solo modelo,3,98.52,98.524000,,Betano mapeado,Alta,contexto premium torneo actual,usa promedios del contexto premium/API-Football,depende mucho del arbitro y del contexto competitivo,https://www.betano.pe/cuotas-de-partido/remo-pa-gremio-rs/92517504/,torneo actual,torneo actual,28,32.0,47.0,2026-09-19 · Serie A · Remo 1-2 Santos (P); 2026-09-14 · Serie A · Bahia 2-1 Remo (P); 2026-09-06 · Serie A · Remo 0-1 Flamengo (P); 2026-08-31 · Serie A · Remo 2-3 Coritiba (P); 2026-08-22 · Serie A · Fluminense 2-1 Remo (P),torneo actual,28,30.0,38.0,2026-09-20 · Serie A · Gremio 0-0 Palmeiras (E); 2026-09-16 · Serie A · Botafogo 3-2 Gremio (P); 2026-09-12 · Serie A · Gremio 1-2 Vasco DA Gama (P); 2026-09-07 · Serie A · Vitoria 1-0 Gremio (P); 2026-08-30 · Serie A · Gremio 3-1 Chapecoense-sc (G)
2026-10-07,17:30,Remo vs Gremio,,,Local tarjetas +0.5,CARDS_HOME OVER.0.5,CARDS_HOME:OVER_0_5,86.5%,0.864700,1.16,,,,,,,,,,,Sin cuota/EV,No encontrado en Betano,Solo modelo,2,89.47,89.466000,,Betano mapeado,Alta,contexto premium torneo actual,usa promedios del contexto premium/API-Football,depende mucho del arbitro y del contexto competitivo,https://www.betano.pe/cuotas-de-partido/remo-pa-gremio-rs/92517504/,torneo actual,torneo actual,28,32.0,47.0,2026-09-19 · Serie A · Remo 1-2 Santos (P); 2026-09-14 · Serie A · Bahia 2-1 Remo (P); 2026-09-06 · Serie A · Remo 0-1 Flamengo (P); 2026-08-31 · Serie A · Remo 2-3 Coritiba (P); 2026-08-22 · Serie A · Fluminense 2-1 Remo (P),torneo actual,28,30.0,38.0,2026-09-20 · Serie A · Gremio 0-0 Palmeiras (E); 2026-09-16 · Serie A · Botafogo 3-2 Gremio (P); 2026-09-12 · Serie A · Gremio 1-2 Vasco DA Gama (P); 2026-09-07 · Serie A · Vitoria 1-0 Gremio (P); 2026-08-30 · Serie A · Gremio 3-1 Chapecoense-sc (G)
2026-10-07,17:30,Remo vs Gremio,,,Local tarjetas -3.5,CARDS_HOME UNDER.3.5,CARDS_HOME:UNDER_3_5,85.7%,0.857100,1.17,,,,,,,,,,,Sin cuota/EV,No encontrado en Betano,Solo modelo,2,88.71,88.712000,,Betano mapeado,Alta,contexto premium torneo actual,usa promedios del contexto premium/API-Football,depende mucho del arbitro y del contexto competitivo,https://www.betano.pe/cuotas-de-partido/remo-pa-gremio-rs/92517504/,torneo actual,torneo actual,28,32.0,47.0,2026-09-19 · Serie A · Remo 1-2 Santos (P); 2026-09-14 · Serie A · Bahia 2-1 Remo (P); 2026-09-06 · Serie A · Remo 0-1 Flamengo (P); 2026-08-31 · Serie A · Remo 2-3 Coritiba (P); 2026-08-22 · Serie A · Fluminense 2-1 Remo (P),torneo actual,28,30.0,38.0,2026-09-20 · Serie A · Gremio 0-0 Palmeiras (E); 2026-09-16 · Serie A · Botafogo 3-2 Gremio (P); 2026-09-12 · Serie A · Gremio 1-2 Vasco DA Gama (P); 2026-09-07 · Serie A · Vitoria 1-0 Gremio (P); 2026-08-30 · Serie A · Gremio 3-1 Chapecoense-sc (G)
2026-10-07,17:30,Remo vs Gremio,,,Visita tarjetas +1.5,CARDS_AWAY OVER.1.5,CARDS_AWAY:OVER_1_5,85.3%,0.853200,1.17,,,,,,,,,,,Sin cuota/EV,No encontrado en Betano,Solo modelo,2,88.32,88.316000,,Betano mapeado,Alta,contexto premium torneo actual,usa promedios del contexto premium/API-Football,depende mucho del arbitro y del contexto competitivo,https://www.betano.pe/cuotas-de-partido/remo-pa-gremio-rs/92517504/,torneo actual,torneo actual,28,32.0,47.0,2026-09-19 · Serie A · Remo 1-2 Santos (P); 2026-09-14 · Serie A · Bahia 2-1 Remo (P); 2026-09-06 · Serie A · Remo 0-1 Flamengo (P); 2026-08-31 · Serie A · Remo 2-3 Coritiba (P); 2026-08-22 · Serie A · Fluminense 2-1 Remo (P),torneo actual,28,30.0,38.0,2026-09-20 · Serie A · Gremio 0-0 Palmeiras (E); 2026-09-16 · Serie A · Botafogo 3-2 Gremio (P); 2026-09-12 · Serie A · Gremio 1-2 Vasco DA Gama (P); 2026-09-07 · Serie A · Vitoria 1-0 Gremio (P); 2026-08-30 · Serie A · Gremio 3-1 Chapecoense-sc (G)
2026-10-07,17:30,Remo vs Gremio,,,Local goles -2.5,TEAM_TOTAL_HOME UNDER.2.5,TEAM_TOTAL_HOME:UNDER_2_5,84.5%,0.845500,1.18,,,,,,,,,,,Sin cuota/EV,No encontrado en Betano,Solo modelo,4,100.55,100.546000,,Betano mapeado,Alta,torneo actual,usa Poisson base con estadisticas de goles del torneo,un gol temprano o baja eficacia puede cambiar la lectura del mercado,https://www.betano.pe/cuotas-de-partido/remo-pa-gremio-rs/92517504/,torneo actual,torneo actual,28,32.0,47.0,2026-09-19 · Serie A · Remo 1-2 Santos (P); 2026-09-14 · Serie A · Bahia 2-1 Remo (P); 2026-09-06 · Serie A · Remo 0-1 Flamengo (P); 2026-08-31 · Serie A · Remo 2-3 Coritiba (P); 2026-08-22 · Serie A · Fluminense 2-1 Remo (P),torneo actual,28,30.0,38.0,2026-09-20 · Serie A · Gremio 0-0 Palmeiras (E); 2026-09-16 · Serie A · Botafogo 3-2 Gremio (P); 2026-09-12 · Serie A · Gremio 1-2 Vasco DA Gama (P); 2026-09-07 · Serie A · Vitoria 1-0 Gremio (P); 2026-08-30 · Serie A · Gremio 3-1 Chapecoense-sc (G)
2026-10-07,17:30,Remo vs Gremio,,,Corners total +7.5,CORNERS_TOTALS OVER.7.5,CORNERS_TOTALS:OVER_7_5,84.3%,0.843400,1.19,,,,,,,,,,,Sin cuota/EV,No encontrado en Betano,Solo modelo,6,114.34,114.342000,,Betano mapeado,Alta,contexto premium torneo actual,usa promedios del contexto premium/API-Football,el volumen ofensivo puede variar por planteamiento y marcador temprano,https://www.betano.pe/cuotas-de-partido/remo-pa-gremio-rs/92517504/,torneo actual,torneo actual,28,32.0,47.0,2026-09-19 · Serie A · Remo 1-2 Santos (P); 2026-09-14 · Serie A · Bahia 2-1 Remo (P); 2026-09-06 · Serie A · Remo 0-1 Flamengo (P); 2026-08-31 · Serie A · Remo 2-3 Coritiba (P); 2026-08-22 · Serie A · Fluminense 2-1 Remo (P),torneo actual,28,30.0,38.0,2026-09-20 · Serie A · Gremio 0-0 Palmeiras (E); 2026-09-16 · Serie A · Botafogo 3-2 Gremio (P); 2026-09-12 · Serie A · Gremio 1-2 Vasco DA Gama (P); 2026-09-07 · Serie A · Vitoria 1-0 Gremio (P); 2026-08-30 · Serie A · Gremio 3-1 Chapecoense-sc (G)
2026-10-07,17:30,Remo vs Gremio,,,SHOTS_TOTAL OVER.26.5,SHOTS_TOTAL OVER.26.5,SHOTS_TOTAL:OVER_26_5,84.3%,0.842800,1.19,,,,,,,,,,,Sin cuota/EV,No encontrado en Betano,Solo modelo,2,87.28,87.282000,,Betano mapeado,Alta,contexto premium torneo actual,usa promedios del contexto premium/API-Football,el volumen ofensivo puede variar por planteamiento y marcador temprano,https://www.betano.pe/cuotas-de-partido/remo-pa-gremio-rs/92517504/,torneo actual,torneo actual,28,32.0,47.0,2026-09-19 · Serie A · Remo 1-2 Santos (P); 2026-09-14 · Serie A · Bahia 2-1 Remo (P); 2026-09-06 · Serie A · Remo 0-1 Flamengo (P); 2026-08-31 · Serie A · Remo 2-3 Coritiba (P); 2026-08-22 · Serie A · Fluminense 2-1 Remo (P),torneo actual,28,30.0,38.0,2026-09-20 · Serie A · Gremio 0-0 Palmeiras (E); 2026-09-16 · Serie A · Botafogo 3-2 Gremio (P); 2026-09-12 · Serie A · Gremio 1-2 Vasco DA Gama (P); 2026-09-07 · Serie A · Vitoria 1-0 Gremio (P); 2026-08-30 · Serie A · Gremio 3-1 Chapecoense-sc (G)
2026-10-07,17:30,Remo vs Gremio,,,Local corners +3.5,CORNERS_HOME OVER.3.5,CORNERS_HOME:OVER_3_5,84.0%,0.839600,1.19,,,,,,,,,,,Sin cuota/EV,No encontrado en Betano,Solo modelo,4,99.97,99.965000,,Betano mapeado,Alta,contexto premium torneo actual,usa promedios del contexto premium/API-Football,el volumen ofensivo puede variar por planteamiento y marcador temprano,https://www.betano.pe/cuotas-de-partido/remo-pa-gremio-rs/92517504/,torneo actual,torneo actual,28,32.0,47.0,2026-09-19 · Serie A · Remo 1-2 Santos (P); 2026-09-14 · Serie A · Bahia 2-1 Remo (P); 2026-09-06 · Serie A · Remo 0-1 Flamengo (P); 2026-08-31 · Serie A · Remo 2-3 Coritiba (P); 2026-08-22 · Serie A · Fluminense 2-1 Remo (P),torneo actual,28,30.0,38.0,2026-09-20 · Serie A · Gremio 0-0 Palmeiras (E); 2026-09-16 · Serie A · Botafogo 3-2 Gremio (P); 2026-09-12 · Serie A · Gremio 1-2 Vasco DA Gama (P); 2026-09-07 · Serie A · Vitoria 1-0 Gremio (P); 2026-08-30 · Serie A · Gremio 3-1 Chapecoense-sc (G)
2026-10-07,17:30,Remo vs Gremio,,,Visita goles -2.5,TEAM_TOTAL_AWAY UNDER.2.5,TEAM_TOTAL_AWAY:UNDER_2_5,84.0%,0.839500,1.19,,,,,,,,,,,Sin cuota/EV,No encontrado en Betano,Solo modelo,4,99.95,99.952000,,Betano mapeado,Alta,torneo actual,usa Poisson base con estadisticas de goles del torneo,un gol temprano o baja eficacia puede cambiar la lectura del mercado,https://www.betano.pe/cuotas-de-partido/remo-pa-gremio-rs/92517504/,torneo actual,torneo actual,28,32.0,47.0,2026-09-19 · Serie A · Remo 1-2 Santos (P); 2026-09-14 · Serie A · Bahia 2-1 Remo (P); 2026-09-06 · Serie A · Remo 0-1 Flamengo (P); 2026-08-31 · Serie A · Remo 2-3 Coritiba (P); 2026-08-22 · Serie A · Fluminense 2-1 Remo (P),torneo actual,28,30.0,38.0,2026-09-20 · Serie A · Gremio 0-0 Palmeiras (E); 2026-09-16 · Serie A · Botafogo 3-2 Gremio (P); 2026-09-12 · Serie A · Gremio 1-2 Vasco DA Gama (P); 2026-09-07 · Serie A · Vitoria 1-0 Gremio (P); 2026-08-30 · Serie A · Gremio 3-1 Chapecoense-sc (G)
2026-10-07,17:30,Remo vs Gremio,,,SHOTS_ON_TARGET_TOTAL OVER.7.5,SHOTS_ON_TARGET_TOTAL OVER.7.5,SHOTS_ON_TARGET_TOTAL:OVER_7_5,83.6%,0.836400,1.20,,,,,,,,,,,Sin cuota/EV,No encontrado en Betano,Solo modelo,2,86.64,86.636000,,Betano mapeado,Alta,contexto premium torneo actual,usa promedios del contexto premium/API-Football,el volumen ofensivo puede variar por planteamiento y marcador temprano,https://www.betano.pe/cuotas-de-partido/remo-pa-gremio-rs/92517504/,torneo actual,torneo actual,28,32.0,47.0,2026-09-19 · Serie A · Remo 1-2 Santos (P); 2026-09-14 · Serie A · Bahia 2-1 Remo (P); 2026-09-06 · Serie A · Remo 0-1 Flamengo (P); 2026-08-31 · Serie A · Remo 2-3 Coritiba (P); 2026-08-22 · Serie A · Fluminense 2-1 Remo (P),torneo actual,28,30.0,38.0,2026-09-20 · Serie A · Gremio 0-0 Palmeiras (E); 2026-09-16 · Serie A · Botafogo 3-2 Gremio (P); 2026-09-12 · Serie A · Gremio 1-2 Vasco DA Gama (P); 2026-09-07 · Serie A · Vitoria 1-0 Gremio (P); 2026-08-30 · Serie A · Gremio 3-1 Chapecoense-sc (G)
2026-10-07,17:30,Remo vs Gremio,William Hill,Betano,1T -1.5,FIRST_HALF_TOTALS UNDER.1.5,FIRST_HALF_TOTALS:UNDER_1_5,80.9%,0.808800,1.24,1.40,0.13,0.132300,0.16,1.13,1.45,0.17,0.172800,0.21,1.17,EV positivo,EV positivo Betano,Valor,5,121.03,121.026000,,Betano mapeado,Alta,contexto premium torneo actual,usa promedios del contexto premium/API-Football,el primer tiempo puede tener ritmo bajo o rotaciones,https://www.betano.pe/cuotas-de-partido/remo-pa-gremio-rs/92517504/,torneo actual,torneo actual,28,32.0,47.0,2026-09-19 · Serie A · Remo 1-2 Santos (P); 2026-09-14 · Serie A · Bahia 2-1 Remo (P); 2026-09-06 · Serie A · Remo 0-1 Flamengo (P); 2026-08-31 · Serie A · Remo 2-3 Coritiba (P); 2026-08-22 · Serie A · Fluminense 2-1 Remo (P),torneo actual,28,30.0,38.0,2026-09-20 · Serie A · Gremio 0-0 Palmeiras (E); 2026-09-16 · Serie A · Botafogo 3-2 Gremio (P); 2026-09-12 · Serie A · Gremio 1-2 Vasco DA Gama (P); 2026-09-07 · Serie A · Vitoria 1-0 Gremio (P); 2026-08-30 · Serie A · Gremio 3-1 Chapecoense-sc (G)
2026-10-07,17:30,Remo vs Gremio,,,Tarjetas total +3.5,CARDS_TOTALS OVER.3.5,CARDS_TOTALS:OVER_3_5,78.7%,0.786700,1.27,,,,,,,,,,,Sin cuota/EV,No encontrado en Betano,Solo modelo,3,86.67,86.671000,,Betano mapeado,Alta,contexto premium torneo actual,usa promedios del contexto premium/API-Football,depende mucho del arbitro y del contexto competitivo,https://www.betano.pe/cuotas-de-partido/remo-pa-gremio-rs/92517504/,torneo actual,torneo actual,28,32.0,47.0,2026-09-19 · Serie A · Remo 1-2 Santos (P); 2026-09-14 · Serie A · Bahia 2-1 Remo (P); 2026-09-06 · Serie A · Remo 0-1 Flamengo (P); 2026-08-31 · Serie A · Remo 2-3 Coritiba (P); 2026-08-22 · Serie A · Fluminense 2-1 Remo (P),torneo actual,28,30.0,38.0,2026-09-20 · Serie A · Gremio 0-0 Palmeiras (E); 2026-09-16 · Serie A · Botafogo 3-2 Gremio (P); 2026-09-12 · Serie A · Gremio 1-2 Vasco DA Gama (P); 2026-09-07 · Serie A · Vitoria 1-0 Gremio (P); 2026-08-30 · Serie A · Gremio 3-1 Chapecoense-sc (G)
2026-10-07,17:30,Remo vs Gremio,,,Visita corners -6.5,CORNERS_AWAY UNDER.6.5,CORNERS_AWAY:UNDER_6_5,77.7%,0.776700,1.29,,,,,,,,,,,Sin cuota/EV,No encontrado en Betano,Solo modelo,4,93.67,93.665000,,Betano mapeado,Alta,contexto premium torneo actual,usa promedios del contexto premium/API-Football,el volumen ofensivo puede variar por planteamiento y marcador temprano,https://www.betano.pe/cuotas-de-partido/remo-pa-gremio-rs/92517504/,torneo actual,torneo actual,28,32.0,47.0,2026-09-19 · Serie A · Remo 1-2 Santos (P); 2026-09-14 · Serie A · Bahia 2-1 Remo (P); 2026-09-06 · Serie A · Remo 0-1 Flamengo (P); 2026-08-31 · Serie A · Remo 2-3 Coritiba (P); 2026-08-22 · Serie A · Fluminense 2-1 Remo (P),torneo actual,28,30.0,38.0,2026-09-20 · Serie A · Gremio 0-0 Palmeiras (E); 2026-09-16 · Serie A · Botafogo 3-2 Gremio (P); 2026-09-12 · Serie A · Gremio 1-2 Vasco DA Gama (P); 2026-09-07 · Serie A · Vitoria 1-0 Gremio (P); 2026-08-30 · Serie A · Gremio 3-1 Chapecoense-sc (G)
2026-10-07,17:30,Remo vs Gremio,William Hill,Betano,Goles +1.5,TOTALS OVER.1.5,TOTALS:OVER_1_5,75.6%,0.755800,1.32,2.05,0.55,0.549400,0.73,1.55,1.30,-0.02,-0.017500,-0.02,0.98,EV positivo,EV negativo Betano,Seguro,10,148.19,148.191000,,Betano mapeado,Alta,torneo actual,usa Poisson base con estadisticas de goles del torneo,un gol temprano o baja eficacia puede cambiar la lectura del mercado,https://www.betano.pe/cuotas-de-partido/remo-pa-gremio-rs/92517504/,torneo actual,torneo actual,28,32.0,47.0,2026-09-19 · Serie A · Remo 1-2 Santos (P); 2026-09-14 · Serie A · Bahia 2-1 Remo (P); 2026-09-06 · Serie A · Remo 0-1 Flamengo (P); 2026-08-31 · Serie A · Remo 2-3 Coritiba (P); 2026-08-22 · Serie A · Fluminense 2-1 Remo (P),torneo actual,28,30.0,38.0,2026-09-20 · Serie A · Gremio 0-0 Palmeiras (E); 2026-09-16 · Serie A · Botafogo 3-2 Gremio (P); 2026-09-12 · Serie A · Gremio 1-2 Vasco DA Gama (P); 2026-09-07 · Serie A · Vitoria 1-0 Gremio (P); 2026-08-30 · Serie A · Gremio 3-1 Chapecoense-sc (G)
2026-10-07,17:30,Remo vs Gremio,,,Corners total +8.5,CORNERS_TOTALS OVER.8.5,CORNERS_TOTALS:OVER_8_5,75.0%,0.749800,1.33,,,,,,,,,,,Sin cuota/EV,No encontrado en Betano,Solo modelo,6,104.98,104.977000,,Betano mapeado,Alta,contexto premium torneo actual,usa promedios del contexto premium/API-Football,el volumen ofensivo puede variar por planteamiento y marcador temprano,https://www.betano.pe/cuotas-de-partido/remo-pa-gremio-rs/92517504/,torneo actual,torneo actual,28,32.0,47.0,2026-09-19 · Serie A · Remo 1-2 Santos (P); 2026-09-14 · Serie A · Bahia 2-1 Remo (P); 2026-09-06 · Serie A · Remo 0-1 Flamengo (P); 2026-08-31 · Serie A · Remo 2-3 Coritiba (P); 2026-08-22 · Serie A · Fluminense 2-1 Remo (P),torneo actual,28,30.0,38.0,2026-09-20 · Serie A · Gremio 0-0 Palmeiras (E); 2026-09-16 · Serie A · Botafogo 3-2 Gremio (P); 2026-09-12 · Serie A · Gremio 1-2 Vasco DA Gama (P); 2026-09-07 · Serie A · Vitoria 1-0 Gremio (P); 2026-08-30 · Serie A · Gremio 3-1 Chapecoense-sc (G)
2026-10-07,17:30,Remo vs Gremio,,,Visita goles +0.5,TEAM_TOTAL_AWAY OVER.0.5,TEAM_TOTAL_AWAY:OVER_0_5,74.7%,0.747100,1.34,,,,,,,,,,,Sin cuota/EV,No encontrado en Betano,Solo modelo,4,90.71,90.714000,,Betano mapeado,Alta,torneo actual,usa Poisson base con estadisticas de goles del torneo,un gol temprano o baja eficacia puede cambiar la lectura del mercado,https://www.betano.pe/cuotas-de-partido/remo-pa-gremio-rs/92517504/,torneo actual,torneo actual,28,32.0,47.0,2026-09-19 · Serie A · Remo 1-2 Santos (P); 2026-09-14 · Serie A · Bahia 2-1 Remo (P); 2026-09-06 · Serie A · Remo 0-1 Flamengo (P); 2026-08-31 · Serie A · Remo 2-3 Coritiba (P); 2026-08-22 · Serie A · Fluminense 2-1 Remo (P),torneo actual,28,30.0,38.0,2026-09-20 · Serie A · Gremio 0-0 Palmeiras (E); 2026-09-16 · Serie A · Botafogo 3-2 Gremio (P); 2026-09-12 · Serie A · Gremio 1-2 Vasco DA Gama (P); 2026-09-07 · Serie A · Vitoria 1-0 Gremio (P); 2026-08-30 · Serie A · Gremio 3-1 Chapecoense-sc (G)
2026-10-07,17:30,Remo vs Gremio,,,DOUBLE_CHANCE 12,DOUBLE_CHANCE 12,DOUBLE_CHANCE:12,74.3%,0.743200,1.35,,,,,,,,,,,Sin cuota/EV,No encontrado en Betano,Solo modelo,9,119.32,119.321000,,Betano mapeado,Alta,torneo actual,usa Poisson base con estadisticas de goles del torneo,riesgo propio del resultado final y variacion del modelo,https://www.betano.pe/cuotas-de-partido/remo-pa-gremio-rs/92517504/,torneo actual,torneo actual,28,32.0,47.0,2026-09-19 · Serie A · Remo 1-2 Santos (P); 2026-09-14 · Serie A · Bahia 2-1 Remo (P); 2026-09-06 · Serie A · Remo 0-1 Flamengo (P); 2026-08-31 · Serie A · Remo 2-3 Coritiba (P); 2026-08-22 · Serie A · Fluminense 2-1 Remo (P),torneo actual,28,30.0,38.0,2026-09-20 · Serie A · Gremio 0-0 Palmeiras (E); 2026-09-16 · Serie A · Botafogo 3-2 Gremio (P); 2026-09-12 · Serie A · Gremio 1-2 Vasco DA Gama (P); 2026-09-07 · Serie A · Vitoria 1-0 Gremio (P); 2026-08-30 · Serie A · Gremio 3-1 Chapecoense-sc (G)
2026-10-07,17:30,Remo vs Gremio,,,Local goles +0.5,TEAM_TOTAL_HOME OVER.0.5,TEAM_TOTAL_HOME:OVER_0_5,74.1%,0.740700,1.35,,,,,,,,,,,Sin cuota/EV,No encontrado en Betano,Solo modelo,4,90.07,90.074000,,Betano mapeado,Alta,torneo actual,usa Poisson base con estadisticas de goles del torneo,un gol temprano o baja eficacia puede cambiar la lectura del mercado,https://www.betano.pe/cuotas-de-partido/remo-pa-gremio-rs/92517504/,torneo actual,torneo actual,28,32.0,47.0,2026-09-19 · Serie A · Remo 1-2 Santos (P); 2026-09-14 · Serie A · Bahia 2-1 Remo (P); 2026-09-06 · Serie A · Remo 0-1 Flamengo (P); 2026-08-31 · Serie A · Remo 2-3 Coritiba (P); 2026-08-22 · Serie A · Fluminense 2-1 Remo (P),torneo actual,28,30.0,38.0,2026-09-20 · Serie A · Gremio 0-0 Palmeiras (E); 2026-09-16 · Serie A · Botafogo 3-2 Gremio (P); 2026-09-12 · Serie A · Gremio 1-2 Vasco DA Gama (P); 2026-09-07 · Serie A · Vitoria 1-0 Gremio (P); 2026-08-30 · Serie A · Gremio 3-1 Chapecoense-sc (G)
2026-10-07,17:30,Remo vs Gremio,,,SHOTS_ON_TARGET_TOTAL OVER.8.5,SHOTS_ON_TARGET_TOTAL OVER.8.5,SHOTS_ON_TARGET_TOTAL:OVER_8_5,74.0%,0.740300,1.35,,,,,,,,,,,Sin cuota/EV,No encontrado en Betano,Solo modelo,2,77.03,77.029000,,Betano mapeado,Alta,contexto premium torneo actual,usa promedios del contexto premium/API-Football,el volumen ofensivo puede variar por planteamiento y marcador temprano,https://www.betano.pe/cuotas-de-partido/remo-pa-gremio-rs/92517504/,torneo actual,torneo actual,28,32.0,47.0,2026-09-19 · Serie A · Remo 1-2 Santos (P); 2026-09-14 · Serie A · Bahia 2-1 Remo (P); 2026-09-06 · Serie A · Remo 0-1 Flamengo (P); 2026-08-31 · Serie A · Remo 2-3 Coritiba (P); 2026-08-22 · Serie A · Fluminense 2-1 Remo (P),torneo actual,28,30.0,38.0,2026-09-20 · Serie A · Gremio 0-0 Palmeiras (E); 2026-09-16 · Serie A · Botafogo 3-2 Gremio (P); 2026-09-12 · Serie A · Gremio 1-2 Vasco DA Gama (P); 2026-09-07 · Serie A · Vitoria 1-0 Gremio (P); 2026-08-30 · Serie A · Gremio 3-1 Chapecoense-sc (G)
2026-10-07,17:30,Remo vs Gremio,,,Visita corners +3.5,CORNERS_AWAY OVER.3.5,CORNERS_AWAY:OVER_3_5,72.1%,0.720700,1.39,,,,,,,,,,,Sin cuota/EV,No encontrado en Betano,Solo modelo,4,88.07,88.066000,,Betano mapeado,Alta,contexto premium torneo actual,usa promedios del contexto premium/API-Football,el volumen ofensivo puede variar por planteamiento y marcador temprano,https://www.betano.pe/cuotas-de-partido/remo-pa-gremio-rs/92517504/,torneo actual,torneo actual,28,32.0,47.0,2026-09-19 · Serie A · Remo 1-2 Santos (P); 2026-09-14 · Serie A · Bahia 2-1 Remo (P); 2026-09-06 · Serie A · Remo 0-1 Flamengo (P); 2026-08-31 · Serie A · Remo 2-3 Coritiba (P); 2026-08-22 · Serie A · Fluminense 2-1 Remo (P),torneo actual,28,30.0,38.0,2026-09-20 · Serie A · Gremio 0-0 Palmeiras (E); 2026-09-16 · Serie A · Botafogo 3-2 Gremio (P); 2026-09-12 · Serie A · Gremio 1-2 Vasco DA Gama (P); 2026-09-07 · Serie A · Vitoria 1-0 Gremio (P); 2026-08-30 · Serie A · Gremio 3-1 Chapecoense-sc (G)
2026-10-07,17:30,Remo vs Gremio,William Hill,Betano,Goles -3.5,TOTALS UNDER.3.5,TOTALS:UNDER_3_5,70.9%,0.708600,1.41,1.04,-0.26,-0.263100,-0.37,0.74,1.36,-0.04,-0.036300,-0.05,0.96,EV negativo,EV negativo Betano,Evitar,10,104.54,104.544000,Cuota por debajo de la cuota justa: valor limitado,Betano mapeado,Alta,torneo actual,usa Poisson base con estadisticas de goles del torneo,un gol temprano o baja eficacia puede cambiar la lectura del mercado,https://www.betano.pe/cuotas-de-partido/remo-pa-gremio-rs/92517504/,torneo actual,torneo actual,28,32.0,47.0,2026-09-19 · Serie A · Remo 1-2 Santos (P); 2026-09-14 · Serie A · Bahia 2-1 Remo (P); 2026-09-06 · Serie A · Remo 0-1 Flamengo (P); 2026-08-31 · Serie A · Remo 2-3 Coritiba (P); 2026-08-22 · Serie A · Fluminense 2-1 Remo (P),torneo actual,28,30.0,38.0,2026-09-20 · Serie A · Gremio 0-0 Palmeiras (E); 2026-09-16 · Serie A · Botafogo 3-2 Gremio (P); 2026-09-12 · Serie A · Gremio 1-2 Vasco DA Gama (P); 2026-09-07 · Serie A · Vitoria 1-0 Gremio (P); 2026-08-30 · Serie A · Gremio 3-1 Chapecoense-sc (G)
2026-10-07,17:30,Remo vs Gremio,,Betano,Tarjetas total -6.5,CARDS_TOTALS UNDER.6.5,CARDS_TOTALS:UNDER_6_5,70.2%,0.701700,1.43,,,,,,1.47,0.03,0.031500,0.04,1.03,Sin cuota/EV,EV positivo Betano,Solo modelo,3,86.67,86.671000,,Betano mapeado,Alta,contexto premium torneo actual,usa promedios del contexto premium/API-Football,depende mucho del arbitro y del contexto competitivo,https://www.betano.pe/cuotas-de-partido/remo-pa-gremio-rs/92517504/,torneo actual,torneo actual,28,32.0,47.0,2026-09-19 · Serie A · Remo 1-2 Santos (P); 2026-09-14 · Serie A · Bahia 2-1 Remo (P); 2026-09-06 · Serie A · Remo 0-1 Flamengo (P); 2026-08-31 · Serie A · Remo 2-3 Coritiba (P); 2026-08-22 · Serie A · Fluminense 2-1 Remo (P),torneo actual,28,30.0,38.0,2026-09-20 · Serie A · Gremio 0-0 Palmeiras (E); 2026-09-16 · Serie A · Botafogo 3-2 Gremio (P); 2026-09-12 · Serie A · Gremio 1-2 Vasco DA Gama (P); 2026-09-07 · Serie A · Vitoria 1-0 Gremio (P); 2026-08-30 · Serie A · Gremio 3-1 Chapecoense-sc (G)
2026-10-07,17:30,Remo vs Gremio,,,Local corners +4.5,CORNERS_HOME OVER.4.5,CORNERS_HOME:OVER_4_5,70.1%,0.701300,1.43,,,,,,,,,,,Sin cuota/EV,No encontrado en Betano,Solo modelo,4,86.13,86.134000,,Betano mapeado,Alta,contexto premium torneo actual,usa promedios del contexto premium/API-Football,el volumen ofensivo puede variar por planteamiento y marcador temprano,https://www.betano.pe/cuotas-de-partido/remo-pa-gremio-rs/92517504/,torneo actual,torneo actual,28,32.0,47.0,2026-09-19 · Serie A · Remo 1-2 Santos (P); 2026-09-14 · Serie A · Bahia 2-1 Remo (P); 2026-09-06 · Serie A · Remo 0-1 Flamengo (P); 2026-08-31 · Serie A · Remo 2-3 Coritiba (P); 2026-08-22 · Serie A · Fluminense 2-1 Remo (P),torneo actual,28,30.0,38.0,2026-09-20 · Serie A · Gremio 0-0 Palmeiras (E); 2026-09-16 · Serie A · Botafogo 3-2 Gremio (P); 2026-09-12 · Serie A · Gremio 1-2 Vasco DA Gama (P); 2026-09-07 · Serie A · Vitoria 1-0 Gremio (P); 2026-08-30 · Serie A · Gremio 3-1 Chapecoense-sc (G)
2026-10-07,17:30,Remo vs Gremio,,,Local tarjetas -2.5,CARDS_HOME UNDER.2.5,CARDS_HOME:UNDER_2_5,67.7%,0.676700,1.48,,,,,,,,,,,Sin cuota/EV,No encontrado en Betano,Solo modelo,2,70.67,70.668000,,Betano mapeado,Media,contexto premium torneo actual,usa promedios del contexto premium/API-Football,depende mucho del arbitro y del contexto competitivo,https://www.betano.pe/cuotas-de-partido/remo-pa-gremio-rs/92517504/,torneo actual,torneo actual,28,32.0,47.0,2026-09-19 · Serie A · Remo 1-2 Santos (P); 2026-09-14 · Serie A · Bahia 2-1 Remo (P); 2026-09-06 · Serie A · Remo 0-1 Flamengo (P); 2026-08-31 · Serie A · Remo 2-3 Coritiba (P); 2026-08-22 · Serie A · Fluminense 2-1 Remo (P),torneo actual,28,30.0,38.0,2026-09-20 · Serie A · Gremio 0-0 Palmeiras (E); 2026-09-16 · Serie A · Botafogo 3-2 Gremio (P); 2026-09-12 · Serie A · Gremio 1-2 Vasco DA Gama (P); 2026-09-07 · Serie A · Vitoria 1-0 Gremio (P); 2026-08-30 · Serie A · Gremio 3-1 Chapecoense-sc (G)
2026-10-07,17:30,Remo vs Gremio,,,Visita tarjetas +2.5,CARDS_AWAY OVER.2.5,CARDS_AWAY:OVER_2_5,66.0%,0.660300,1.51,,,,,,,,,,,Sin cuota/EV,No encontrado en Betano,Solo modelo,2,69.03,69.026000,,Betano mapeado,Media,contexto premium torneo actual,usa promedios del contexto premium/API-Football,depende mucho del arbitro y del contexto competitivo,https://www.betano.pe/cuotas-de-partido/remo-pa-gremio-rs/92517504/,torneo actual,torneo actual,28,32.0,47.0,2026-09-19 · Serie A · Remo 1-2 Santos (P); 2026-09-14 · Serie A · Bahia 2-1 Remo (P); 2026-09-06 · Serie A · Remo 0-1 Flamengo (P); 2026-08-31 · Serie A · Remo 2-3 Coritiba (P); 2026-08-22 · Serie A · Fluminense 2-1 Remo (P),torneo actual,28,30.0,38.0,2026-09-20 · Serie A · Gremio 0-0 Palmeiras (E); 2026-09-16 · Serie A · Botafogo 3-2 Gremio (P); 2026-09-12 · Serie A · Gremio 1-2 Vasco DA Gama (P); 2026-09-07 · Serie A · Vitoria 1-0 Gremio (P); 2026-08-30 · Serie A · Gremio 3-1 Chapecoense-sc (G)
2026-10-07,17:30,Remo vs Gremio,,Betano,Corners total +9.5,CORNERS_TOTALS OVER.9.5,CORNERS_TOTALS:OVER_9_5,63.7%,0.637400,1.57,,,,,,1.42,-0.09,-0.094900,-0.15,0.91,Sin cuota/EV,EV negativo Betano,Solo modelo,6,100.22,100.222000,,Betano mapeado,Media,contexto premium torneo actual,usa promedios del contexto premium/API-Football,el volumen ofensivo puede variar por planteamiento y marcador temprano,https://www.betano.pe/cuotas-de-partido/remo-pa-gremio-rs/92517504/,torneo actual,torneo actual,28,32.0,47.0,2026-09-19 · Serie A · Remo 1-2 Santos (P); 2026-09-14 · Serie A · Bahia 2-1 Remo (P); 2026-09-06 · Serie A · Remo 0-1 Flamengo (P); 2026-08-31 · Serie A · Remo 2-3 Coritiba (P); 2026-08-22 · Serie A · Fluminense 2-1 Remo (P),torneo actual,28,30.0,38.0,2026-09-20 · Serie A · Gremio 0-0 Palmeiras (E); 2026-09-16 · Serie A · Botafogo 3-2 Gremio (P); 2026-09-12 · Serie A · Gremio 1-2 Vasco DA Gama (P); 2026-09-07 · Serie A · Vitoria 1-0 Gremio (P); 2026-08-30 · Serie A · Gremio 3-1 Chapecoense-sc (G)
2026-10-07,17:30,Remo vs Gremio,,,DOUBLE_CHANCE X2,DOUBLE_CHANCE X2,DOUBLE_CHANCE:X2,63.4%,0.634100,1.58,,,,,,,,,,,Sin cuota/EV,No encontrado en Betano,Solo modelo,9,108.41,108.413000,,Betano mapeado,Media,torneo actual,usa Poisson base con estadisticas de goles del torneo,riesgo propio del resultado final y variacion del modelo,https://www.betano.pe/cuotas-de-partido/remo-pa-gremio-rs/92517504/,torneo actual,torneo actual,28,32.0,47.0,2026-09-19 · Serie A · Remo 1-2 Santos (P); 2026-09-14 · Serie A · Bahia 2-1 Remo (P); 2026-09-06 · Serie A · Remo 0-1 Flamengo (P); 2026-08-31 · Serie A · Remo 2-3 Coritiba (P); 2026-08-22 · Serie A · Fluminense 2-1 Remo (P),torneo actual,28,30.0,38.0,2026-09-20 · Serie A · Gremio 0-0 Palmeiras (E); 2026-09-16 · Serie A · Botafogo 3-2 Gremio (P); 2026-09-12 · Serie A · Gremio 1-2 Vasco DA Gama (P); 2026-09-07 · Serie A · Vitoria 1-0 Gremio (P); 2026-08-30 · Serie A · Gremio 3-1 Chapecoense-sc (G)
2026-10-07,17:30,Remo vs Gremio,,,Visita corners -5.5,CORNERS_AWAY UNDER.5.5,CORNERS_AWAY:UNDER_5_5,63.3%,0.633500,1.58,,,,,,,,,,,Sin cuota/EV,No encontrado en Betano,Solo modelo,4,79.35,79.350000,,Betano mapeado,Media,contexto premium torneo actual,usa promedios del contexto premium/API-Football,el volumen ofensivo puede variar por planteamiento y marcador temprano,https://www.betano.pe/cuotas-de-partido/remo-pa-gremio-rs/92517504/,torneo actual,torneo actual,28,32.0,47.0,2026-09-19 · Serie A · Remo 1-2 Santos (P); 2026-09-14 · Serie A · Bahia 2-1 Remo (P); 2026-09-06 · Serie A · Remo 0-1 Flamengo (P); 2026-08-31 · Serie A · Remo 2-3 Coritiba (P); 2026-08-22 · Serie A · Fluminense 2-1 Remo (P),torneo actual,28,30.0,38.0,2026-09-20 · Serie A · Gremio 0-0 Palmeiras (E); 2026-09-16 · Serie A · Botafogo 3-2 Gremio (P); 2026-09-12 · Serie A · Gremio 1-2 Vasco DA Gama (P); 2026-09-07 · Serie A · Vitoria 1-0 Gremio (P); 2026-08-30 · Serie A · Gremio 3-1 Chapecoense-sc (G)
2026-10-07,17:30,Remo vs Gremio,,Betano,Tarjetas total +4.5,CARDS_TOTALS OVER.4.5,CARDS_TOTALS:OVER_4_5,62.7%,0.626700,1.60,,,,,,1.47,-0.08,-0.078800,-0.13,0.92,Sin cuota/EV,EV negativo Betano,Solo modelo,3,77.41,77.408000,,Betano mapeado,Media,contexto premium torneo actual,usa promedios del contexto premium/API-Football,depende mucho del arbitro y del contexto competitivo,https://www.betano.pe/cuotas-de-partido/remo-pa-gremio-rs/92517504/,torneo actual,torneo actual,28,32.0,47.0,2026-09-19 · Serie A · Remo 1-2 Santos (P); 2026-09-14 · Serie A · Bahia 2-1 Remo (P); 2026-09-06 · Serie A · Remo 0-1 Flamengo (P); 2026-08-31 · Serie A · Remo 2-3 Coritiba (P); 2026-08-22 · Serie A · Fluminense 2-1 Remo (P),torneo actual,28,30.0,38.0,2026-09-20 · Serie A · Gremio 0-0 Palmeiras (E); 2026-09-16 · Serie A · Botafogo 3-2 Gremio (P); 2026-09-12 · Serie A · Gremio 1-2 Vasco DA Gama (P); 2026-09-07 · Serie A · Vitoria 1-0 Gremio (P); 2026-08-30 · Serie A · Gremio 3-1 Chapecoense-sc (G)
2026-10-07,17:30,Remo vs Gremio,,,SHOTS_ON_TARGET_TOTAL OVER.9.5,SHOTS_ON_TARGET_TOTAL OVER.9.5,SHOTS_ON_TARGET_TOTAL:OVER_9_5,62.6%,0.626100,1.60,,,,,,,,,,,Sin cuota/EV,No encontrado en Betano,Solo modelo,2,65.61,65.607000,,Betano mapeado,Media,contexto premium torneo actual,usa promedios del contexto premium/API-Football,el volumen ofensivo puede variar por planteamiento y marcador temprano,https://www.betano.pe/cuotas-de-partido/remo-pa-gremio-rs/92517504/,torneo actual,torneo actual,28,32.0,47.0,2026-09-19 · Serie A · Remo 1-2 Santos (P); 2026-09-14 · Serie A · Bahia 2-1 Remo (P); 2026-09-06 · Serie A · Remo 0-1 Flamengo (P); 2026-08-31 · Serie A · Remo 2-3 Coritiba (P); 2026-08-22 · Serie A · Fluminense 2-1 Remo (P),torneo actual,28,30.0,38.0,2026-09-20 · Serie A · Gremio 0-0 Palmeiras (E); 2026-09-16 · Serie A · Botafogo 3-2 Gremio (P); 2026-09-12 · Serie A · Gremio 1-2 Vasco DA Gama (P); 2026-09-07 · Serie A · Vitoria 1-0 Gremio (P); 2026-08-30 · Serie A · Gremio 3-1 Chapecoense-sc (G)
2026-10-07,17:30,Remo vs Gremio,,,DOUBLE_CHANCE 1X,DOUBLE_CHANCE 1X,DOUBLE_CHANCE:1X,62.3%,0.622700,1.61,,,,,,,,,,,Sin cuota/EV,No encontrado en Betano,Solo modelo,9,107.27,107.266000,,Betano mapeado,Media,torneo actual,usa Poisson base con estadisticas de goles del torneo,riesgo propio del resultado final y variacion del modelo,https://www.betano.pe/cuotas-de-partido/remo-pa-gremio-rs/92517504/,torneo actual,torneo actual,28,32.0,47.0,2026-09-19 · Serie A · Remo 1-2 Santos (P); 2026-09-14 · Serie A · Bahia 2-1 Remo (P); 2026-09-06 · Serie A · Remo 0-1 Flamengo (P); 2026-08-31 · Serie A · Remo 2-3 Coritiba (P); 2026-08-22 · Serie A · Fluminense 2-1 Remo (P),torneo actual,28,30.0,38.0,2026-09-20 · Serie A · Gremio 0-0 Palmeiras (E); 2026-09-16 · Serie A · Botafogo 3-2 Gremio (P); 2026-09-12 · Serie A · Gremio 1-2 Vasco DA Gama (P); 2026-09-07 · Serie A · Vitoria 1-0 Gremio (P); 2026-08-30 · Serie A · Gremio 3-1 Chapecoense-sc (G)
2026-10-07,17:30,Remo vs Gremio,,,Local corners -6.5,CORNERS_HOME UNDER.6.5,CORNERS_HOME:UNDER_6_5,62.2%,0.622400,1.61,,,,,,,,,,,Sin cuota/EV,No encontrado en Betano,Solo modelo,4,78.24,78.236000,,Betano mapeado,Media,contexto premium torneo actual,usa promedios del contexto premium/API-Football,el volumen ofensivo puede variar por planteamiento y marcador temprano,https://www.betano.pe/cuotas-de-partido/remo-pa-gremio-rs/92517504/,torneo actual,torneo actual,28,32.0,47.0,2026-09-19 · Serie A · Remo 1-2 Santos (P); 2026-09-14 · Serie A · Bahia 2-1 Remo (P); 2026-09-06 · Serie A · Remo 0-1 Flamengo (P); 2026-08-31 · Serie A · Remo 2-3 Coritiba (P); 2026-08-22 · Serie A · Fluminense 2-1 Remo (P),torneo actual,28,30.0,38.0,2026-09-20 · Serie A · Gremio 0-0 Palmeiras (E); 2026-09-16 · Serie A · Botafogo 3-2 Gremio (P); 2026-09-12 · Serie A · Gremio 1-2 Vasco DA Gama (P); 2026-09-07 · Serie A · Vitoria 1-0 Gremio (P); 2026-08-30 · Serie A · Gremio 3-1 Chapecoense-sc (G)
2026-10-07,17:30,Remo vs Gremio,,,Local goles -1.5,TEAM_TOTAL_HOME UNDER.1.5,TEAM_TOTAL_HOME:UNDER_1_5,60.9%,0.609200,1.64,,,,,,,,,,,Sin cuota/EV,No encontrado en Betano,Solo modelo,4,76.92,76.923000,,Betano mapeado,Media,torneo actual,usa Poisson base con estadisticas de goles del torneo,un gol temprano o baja eficacia puede cambiar la lectura del mercado,https://www.betano.pe/cuotas-de-partido/remo-pa-gremio-rs/92517504/,torneo actual,torneo actual,28,32.0,47.0,2026-09-19 · Serie A · Remo 1-2 Santos (P); 2026-09-14 · Serie A · Bahia 2-1 Remo (P); 2026-09-06 · Serie A · Remo 0-1 Flamengo (P); 2026-08-31 · Serie A · Remo 2-3 Coritiba (P); 2026-08-22 · Serie A · Fluminense 2-1 Remo (P),torneo actual,28,30.0,38.0,2026-09-20 · Serie A · Gremio 0-0 Palmeiras (E); 2026-09-16 · Serie A · Botafogo 3-2 Gremio (P); 2026-09-12 · Serie A · Gremio 1-2 Vasco DA Gama (P); 2026-09-07 · Serie A · Vitoria 1-0 Gremio (P); 2026-08-30 · Serie A · Gremio 3-1 Chapecoense-sc (G)
2026-10-07,17:30,Remo vs Gremio,,Betano,Corners total -11.5,CORNERS_TOTALS UNDER.11.5,CORNERS_TOTALS:UNDER_11_5,60.3%,0.603100,1.66,,,,,,1.67,0.01,0.007200,0.01,1.01,Sin cuota/EV,EV positivo Betano,Solo modelo,6,98.43,98.428000,,Betano mapeado,Media,contexto premium torneo actual,usa promedios del contexto premium/API-Football,el volumen ofensivo puede variar por planteamiento y marcador temprano,https://www.betano.pe/cuotas-de-partido/remo-pa-gremio-rs/92517504/,torneo actual,torneo actual,28,32.0,47.0,2026-09-19 · Serie A · Remo 1-2 Santos (P); 2026-09-14 · Serie A · Bahia 2-1 Remo (P); 2026-09-06 · Serie A · Remo 0-1 Flamengo (P); 2026-08-31 · Serie A · Remo 2-3 Coritiba (P); 2026-08-22 · Serie A · Fluminense 2-1 Remo (P),torneo actual,28,30.0,38.0,2026-09-20 · Serie A · Gremio 0-0 Palmeiras (E); 2026-09-16 · Serie A · Botafogo 3-2 Gremio (P); 2026-09-12 · Serie A · Gremio 1-2 Vasco DA Gama (P); 2026-09-07 · Serie A · Vitoria 1-0 Gremio (P); 2026-08-30 · Serie A · Gremio 3-1 Chapecoense-sc (G)
2026-10-07,17:30,Remo vs Gremio,,,Visita goles -1.5,TEAM_TOTAL_AWAY UNDER.1.5,TEAM_TOTAL_AWAY:UNDER_1_5,60.1%,0.600500,1.67,,,,,,,,,,,Sin cuota/EV,No encontrado en Betano,Solo modelo,4,76.05,76.051000,,Betano mapeado,Media,torneo actual,usa Poisson base con estadisticas de goles del torneo,un gol temprano o baja eficacia puede cambiar la lectura del mercado,https://www.betano.pe/cuotas-de-partido/remo-pa-gremio-rs/92517504/,torneo actual,torneo actual,28,32.0,47.0,2026-09-19 · Serie A · Remo 1-2 Santos (P); 2026-09-14 · Serie A · Bahia 2-1 Remo (P); 2026-09-06 · Serie A · Remo 0-1 Flamengo (P); 2026-08-31 · Serie A · Remo 2-3 Coritiba (P); 2026-08-22 · Serie A · Fluminense 2-1 Remo (P),torneo actual,28,30.0,38.0,2026-09-20 · Serie A · Gremio 0-0 Palmeiras (E); 2026-09-16 · Serie A · Botafogo 3-2 Gremio (P); 2026-09-12 · Serie A · Gremio 1-2 Vasco DA Gama (P); 2026-09-07 · Serie A · Vitoria 1-0 Gremio (P); 2026-08-30 · Serie A · Gremio 3-1 Chapecoense-sc (G)
2026-10-07,17:30,Remo vs Gremio,,,Local tarjetas +1.5,CARDS_HOME OVER.1.5,CARDS_HOME:OVER_1_5,59.4%,0.594000,1.68,,,,,,,,,,,Sin cuota/EV,No encontrado en Betano,Solo modelo,2,62.40,62.399000,,Betano mapeado,Media,contexto premium torneo actual,usa promedios del contexto premium/API-Football,depende mucho del arbitro y del contexto competitivo,https://www.betano.pe/cuotas-de-partido/remo-pa-gremio-rs/92517504/,torneo actual,torneo actual,28,32.0,47.0,2026-09-19 · Serie A · Remo 1-2 Santos (P); 2026-09-14 · Serie A · Bahia 2-1 Remo (P); 2026-09-06 · Serie A · Remo 0-1 Flamengo (P); 2026-08-31 · Serie A · Remo 2-3 Coritiba (P); 2026-08-22 · Serie A · Fluminense 2-1 Remo (P),torneo actual,28,30.0,38.0,2026-09-20 · Serie A · Gremio 0-0 Palmeiras (E); 2026-09-16 · Serie A · Botafogo 3-2 Gremio (P); 2026-09-12 · Serie A · Gremio 1-2 Vasco DA Gama (P); 2026-09-07 · Serie A · Vitoria 1-0 Gremio (P); 2026-08-30 · Serie A · Gremio 3-1 Chapecoense-sc (G)
2026-10-07,17:30,Remo vs Gremio,,,Visita tarjetas -3.5,CARDS_AWAY UNDER.3.5,CARDS_AWAY:UNDER_3_5,55.8%,0.558400,1.79,,,,,,,,,,,Sin cuota/EV,No encontrado en Betano,Solo modelo,2,58.84,58.836000,,Betano mapeado,Media,contexto premium torneo actual,usa promedios del contexto premium/API-Football,depende mucho del arbitro y del contexto competitivo,https://www.betano.pe/cuotas-de-partido/remo-pa-gremio-rs/92517504/,torneo actual,torneo actual,28,32.0,47.0,2026-09-19 · Serie A · Remo 1-2 Santos (P); 2026-09-14 · Serie A · Bahia 2-1 Remo (P); 2026-09-06 · Serie A · Remo 0-1 Flamengo (P); 2026-08-31 · Serie A · Remo 2-3 Coritiba (P); 2026-08-22 · Serie A · Fluminense 2-1 Remo (P),torneo actual,28,30.0,38.0,2026-09-20 · Serie A · Gremio 0-0 Palmeiras (E); 2026-09-16 · Serie A · Botafogo 3-2 Gremio (P); 2026-09-12 · Serie A · Gremio 1-2 Vasco DA Gama (P); 2026-09-07 · Serie A · Vitoria 1-0 Gremio (P); 2026-08-30 · Serie A · Gremio 3-1 Chapecoense-sc (G)
2026-10-07,17:30,Remo vs Gremio,William Hill,Betano,BTTS sí,BTTS YES,BTTS:YES,55.3%,0.553400,1.81,4.20,1.32,1.324500,2.39,2.32,1.67,-0.08,-0.075800,-0.14,0.92,EV positivo,EV negativo Betano,Valor,8,115.97,115.972000,Cuota API muy superior a la cuota justa: revisar manualmente antes de apostar,Betano mapeado,Media,torneo actual,usa Poisson base con estadisticas de goles del torneo,un gol temprano o baja eficacia puede cambiar la lectura del mercado,https://www.betano.pe/cuotas-de-partido/remo-pa-gremio-rs/92517504/,torneo actual,torneo actual,28,32.0,47.0,2026-09-19 · Serie A · Remo 1-2 Santos (P); 2026-09-14 · Serie A · Bahia 2-1 Remo (P); 2026-09-06 · Serie A · Remo 0-1 Flamengo (P); 2026-08-31 · Serie A · Remo 2-3 Coritiba (P); 2026-08-22 · Serie A · Fluminense 2-1 Remo (P),torneo actual,28,30.0,38.0,2026-09-20 · Serie A · Gremio 0-0 Palmeiras (E); 2026-09-16 · Serie A · Botafogo 3-2 Gremio (P); 2026-09-12 · Serie A · Gremio 1-2 Vasco DA Gama (P); 2026-09-07 · Serie A · Vitoria 1-0 Gremio (P); 2026-08-30 · Serie A · Gremio 3-1 Chapecoense-sc (G)
2026-10-07,17:30,Remo vs Gremio,William Hill,Betano,1T +0.5,FIRST_HALF_TOTALS OVER.0.5,FIRST_HALF_TOTALS:OVER_0_5,55.1%,0.550700,1.82,1.35,-0.26,-0.256600,-0.47,0.74,1.40,-0.23,-0.229000,-0.42,0.77,EV negativo,EV negativo Betano,Evitar,5,60.78,60.784000,Cuota por debajo de la cuota justa: valor limitado,Betano mapeado,Media,contexto premium torneo actual,usa promedios del contexto premium/API-Football,el primer tiempo puede tener ritmo bajo o rotaciones,https://www.betano.pe/cuotas-de-partido/remo-pa-gremio-rs/92517504/,torneo actual,torneo actual,28,32.0,47.0,2026-09-19 · Serie A · Remo 1-2 Santos (P); 2026-09-14 · Serie A · Bahia 2-1 Remo (P); 2026-09-06 · Serie A · Remo 0-1 Flamengo (P); 2026-08-31 · Serie A · Remo 2-3 Coritiba (P); 2026-08-22 · Serie A · Fluminense 2-1 Remo (P),torneo actual,28,30.0,38.0,2026-09-20 · Serie A · Gremio 0-0 Palmeiras (E); 2026-09-16 · Serie A · Botafogo 3-2 Gremio (P); 2026-09-12 · Serie A · Gremio 1-2 Vasco DA Gama (P); 2026-09-07 · Serie A · Vitoria 1-0 Gremio (P); 2026-08-30 · Serie A · Gremio 3-1 Chapecoense-sc (G)
2026-10-07,17:30,Remo vs Gremio,,Betano,Tarjetas total -5.5,CARDS_TOTALS UNDER.5.5,CARDS_TOTALS:UNDER_5_5,54.6%,0.546100,1.83,,,,,,1.85,0.01,0.010300,0.02,1.01,Sin cuota/EV,EV positivo Betano,Solo modelo,3,70.78,70.778000,,Betano mapeado,Baja,contexto premium torneo actual,usa promedios del contexto premium/API-Football,depende mucho del arbitro y del contexto competitivo,https://www.betano.pe/cuotas-de-partido/remo-pa-gremio-rs/92517504/,torneo actual,torneo actual,28,32.0,47.0,2026-09-19 · Serie A · Remo 1-2 Santos (P); 2026-09-14 · Serie A · Bahia 2-1 Remo (P); 2026-09-06 · Serie A · Remo 0-1 Flamengo (P); 2026-08-31 · Serie A · Remo 2-3 Coritiba (P); 2026-08-22 · Serie A · Fluminense 2-1 Remo (P),torneo actual,28,30.0,38.0,2026-09-20 · Serie A · Gremio 0-0 Palmeiras (E); 2026-09-16 · Serie A · Botafogo 3-2 Gremio (P); 2026-09-12 · Serie A · Gremio 1-2 Vasco DA Gama (P); 2026-09-07 · Serie A · Vitoria 1-0 Gremio (P); 2026-08-30 · Serie A · Gremio 3-1 Chapecoense-sc (G)
2026-10-07,17:30,Remo vs Gremio,,,Visita corners +4.5,CORNERS_AWAY OVER.4.5,CORNERS_AWAY:OVER_4_5,54.2%,0.541800,1.85,,,,,,,,,,,Sin cuota/EV,No encontrado en Betano,Solo modelo,4,70.18,70.179000,,Betano mapeado,Baja,contexto premium torneo actual,usa promedios del contexto premium/API-Football,el volumen ofensivo puede variar por planteamiento y marcador temprano,https://www.betano.pe/cuotas-de-partido/remo-pa-gremio-rs/92517504/,torneo actual,torneo actual,28,32.0,47.0,2026-09-19 · Serie A · Remo 1-2 Santos (P); 2026-09-14 · Serie A · Bahia 2-1 Remo (P); 2026-09-06 · Serie A · Remo 0-1 Flamengo (P); 2026-08-31 · Serie A · Remo 2-3 Coritiba (P); 2026-08-22 · Serie A · Fluminense 2-1 Remo (P),torneo actual,28,30.0,38.0,2026-09-20 · Serie A · Gremio 0-0 Palmeiras (E); 2026-09-16 · Serie A · Botafogo 3-2 Gremio (P); 2026-09-12 · Serie A · Gremio 1-2 Vasco DA Gama (P); 2026-09-07 · Serie A · Vitoria 1-0 Gremio (P); 2026-08-30 · Serie A · Gremio 3-1 Chapecoense-sc (G)
2026-10-07,17:30,Remo vs Gremio,,,Local corners +5.5,CORNERS_HOME OVER.5.5,CORNERS_HOME:OVER_5_5,53.8%,0.538100,1.86,,,,,,,,,,,Sin cuota/EV,No encontrado en Betano,Solo modelo,4,69.81,69.813000,,Betano mapeado,Baja,contexto premium torneo actual,usa promedios del contexto premium/API-Football,el volumen ofensivo puede variar por planteamiento y marcador temprano,https://www.betano.pe/cuotas-de-partido/remo-pa-gremio-rs/92517504/,torneo actual,torneo actual,28,32.0,47.0,2026-09-19 · Serie A · Remo 1-2 Santos (P); 2026-09-14 · Serie A · Bahia 2-1 Remo (P); 2026-09-06 · Serie A · Remo 0-1 Flamengo (P); 2026-08-31 · Serie A · Remo 2-3 Coritiba (P); 2026-08-22 · Serie A · Fluminense 2-1 Remo (P),torneo actual,28,30.0,38.0,2026-09-20 · Serie A · Gremio 0-0 Palmeiras (E); 2026-09-16 · Serie A · Botafogo 3-2 Gremio (P); 2026-09-12 · Serie A · Gremio 1-2 Vasco DA Gama (P); 2026-09-07 · Serie A · Vitoria 1-0 Gremio (P); 2026-08-30 · Serie A · Gremio 3-1 Chapecoense-sc (G)
2026-10-07,17:30,Remo vs Gremio,,Betano,Corners total +10.5,CORNERS_TOTALS OVER.10.5,CORNERS_TOTALS:OVER_10_5,51.6%,0.516000,1.94,,,,,,1.70,-0.12,-0.122800,-0.24,0.88,Sin cuota/EV,EV negativo Betano,Solo modelo,6,87.64,87.638000,,Betano mapeado,Baja,contexto premium torneo actual,usa promedios del contexto premium/API-Football,el volumen ofensivo puede variar por planteamiento y marcador temprano,https://www.betano.pe/cuotas-de-partido/remo-pa-gremio-rs/92517504/,torneo actual,torneo actual,28,32.0,47.0,2026-09-19 · Serie A · Remo 1-2 Santos (P); 2026-09-14 · Serie A · Bahia 2-1 Remo (P); 2026-09-06 · Serie A · Remo 0-1 Flamengo (P); 2026-08-31 · Serie A · Remo 2-3 Coritiba (P); 2026-08-22 · Serie A · Fluminense 2-1 Remo (P),torneo actual,28,30.0,38.0,2026-09-20 · Serie A · Gremio 0-0 Palmeiras (E); 2026-09-16 · Serie A · Botafogo 3-2 Gremio (P); 2026-09-12 · Serie A · Gremio 1-2 Vasco DA Gama (P); 2026-09-07 · Serie A · Vitoria 1-0 Gremio (P); 2026-08-30 · Serie A · Gremio 3-1 Chapecoense-sc (G)
2026-10-07,17:30,Remo vs Gremio,William Hill,Betano,Goles +2.5,TOTALS OVER.2.5,TOTALS:OVER_2_5,51.2%,0.512500,1.95,4.50,1.31,1.306000,2.55,2.31,1.90,-0.03,-0.026300,-0.05,0.97,EV positivo,EV negativo Betano,Valor,8,112.33,112.333000,Cuota API muy superior a la cuota justa: revisar manualmente antes de apostar,Betano mapeado,Baja,torneo actual,usa Poisson base con estadisticas de goles del torneo,un gol temprano o baja eficacia puede cambiar la lectura del mercado,https://www.betano.pe/cuotas-de-partido/remo-pa-gremio-rs/92517504/,torneo actual,torneo actual,28,32.0,47.0,2026-09-19 · Serie A · Remo 1-2 Santos (P); 2026-09-14 · Serie A · Bahia 2-1 Remo (P); 2026-09-06 · Serie A · Remo 0-1 Flamengo (P); 2026-08-31 · Serie A · Remo 2-3 Coritiba (P); 2026-08-22 · Serie A · Fluminense 2-1 Remo (P),torneo actual,28,30.0,38.0,2026-09-20 · Serie A · Gremio 0-0 Palmeiras (E); 2026-09-16 · Serie A · Botafogo 3-2 Gremio (P); 2026-09-12 · Serie A · Gremio 1-2 Vasco DA Gama (P); 2026-09-07 · Serie A · Vitoria 1-0 Gremio (P); 2026-08-30 · Serie A · Gremio 3-1 Chapecoense-sc (G)
2026-10-07,17:30,Remo vs Gremio,,,DNB visita,DRAW_NO_BET AWAY,DRAW_NO_BET:AWAY,50.8%,0.507700,1.97,,,,,,,,,,,Sin cuota/EV,No encontrado en Betano,Solo modelo,9,95.77,95.772000,,Betano mapeado,Baja,torneo actual,usa Poisson base con estadisticas de goles del torneo,riesgo propio del resultado final y variacion del modelo,https://www.betano.pe/cuotas-de-partido/remo-pa-gremio-rs/92517504/,torneo actual,torneo actual,28,32.0,47.0,2026-09-19 · Serie A · Remo 1-2 Santos (P); 2026-09-14 · Serie A · Bahia 2-1 Remo (P); 2026-09-06 · Serie A · Remo 0-1 Flamengo (P); 2026-08-31 · Serie A · Remo 2-3 Coritiba (P); 2026-08-22 · Serie A · Fluminense 2-1 Remo (P),torneo actual,28,30.0,38.0,2026-09-20 · Serie A · Gremio 0-0 Palmeiras (E); 2026-09-16 · Serie A · Botafogo 3-2 Gremio (P); 2026-09-12 · Serie A · Gremio 1-2 Vasco DA Gama (P); 2026-09-07 · Serie A · Vitoria 1-0 Gremio (P); 2026-08-30 · Serie A · Gremio 3-1 Chapecoense-sc (G)
2026-10-07,17:30,Remo vs Gremio,,,DNB local,DRAW_NO_BET HOME,DRAW_NO_BET:HOME,49.2%,0.492300,2.03,,,,,,,,,,,Sin cuota/EV,No encontrado en Betano,Solo modelo,9,94.23,94.228000,,Betano mapeado,Baja,torneo actual,usa Poisson base con estadisticas de goles del torneo,riesgo propio del resultado final y variacion del modelo,https://www.betano.pe/cuotas-de-partido/remo-pa-gremio-rs/92517504/,torneo actual,torneo actual,28,32.0,47.0,2026-09-19 · Serie A · Remo 1-2 Santos (P); 2026-09-14 · Serie A · Bahia 2-1 Remo (P); 2026-09-06 · Serie A · Remo 0-1 Flamengo (P); 2026-08-31 · Serie A · Remo 2-3 Coritiba (P); 2026-08-22 · Serie A · Fluminense 2-1 Remo (P),torneo actual,28,30.0,38.0,2026-09-20 · Serie A · Gremio 0-0 Palmeiras (E); 2026-09-16 · Serie A · Botafogo 3-2 Gremio (P); 2026-09-12 · Serie A · Gremio 1-2 Vasco DA Gama (P); 2026-09-07 · Serie A · Vitoria 1-0 Gremio (P); 2026-08-30 · Serie A · Gremio 3-1 Chapecoense-sc (G)
2026-10-07,17:30,Remo vs Gremio,William Hill,Betano,Goles -2.5,TOTALS UNDER.2.5,TOTALS:UNDER_2_5,48.8%,0.487500,2.05,1.18,-0.42,-0.424700,-0.87,0.58,1.91,-0.07,-0.068900,-0.14,0.93,EV negativo,EV negativo Betano,Evitar,8,69.01,69.008000,Cuota por debajo de la cuota justa: valor limitado,Betano mapeado,Baja,torneo actual,usa Poisson base con estadisticas de goles del torneo,un gol temprano o baja eficacia puede cambiar la lectura del mercado,https://www.betano.pe/cuotas-de-partido/remo-pa-gremio-rs/92517504/,torneo actual,torneo actual,28,32.0,47.0,2026-09-19 · Serie A · Remo 1-2 Santos (P); 2026-09-14 · Serie A · Bahia 2-1 Remo (P); 2026-09-06 · Serie A · Remo 0-1 Flamengo (P); 2026-08-31 · Serie A · Remo 2-3 Coritiba (P); 2026-08-22 · Serie A · Fluminense 2-1 Remo (P),torneo actual,28,30.0,38.0,2026-09-20 · Serie A · Gremio 0-0 Palmeiras (E); 2026-09-16 · Serie A · Botafogo 3-2 Gremio (P); 2026-09-12 · Serie A · Gremio 1-2 Vasco DA Gama (P); 2026-09-07 · Serie A · Vitoria 1-0 Gremio (P); 2026-08-30 · Serie A · Gremio 3-1 Chapecoense-sc (G)
2026-10-07,17:30,Remo vs Gremio,,Betano,Corners total -10.5,CORNERS_TOTALS UNDER.10.5,CORNERS_TOTALS:UNDER_10_5,48.4%,0.484000,2.07,,,,,,2.07,0.00,0.001900,0.00,1.00,Sin cuota/EV,EV positivo Betano,Solo modelo,6,86.43,86.427000,,Betano mapeado,Baja,contexto premium torneo actual,usa promedios del contexto premium/API-Football,el volumen ofensivo puede variar por planteamiento y marcador temprano,https://www.betano.pe/cuotas-de-partido/remo-pa-gremio-rs/92517504/,torneo actual,torneo actual,28,32.0,47.0,2026-09-19 · Serie A · Remo 1-2 Santos (P); 2026-09-14 · Serie A · Bahia 2-1 Remo (P); 2026-09-06 · Serie A · Remo 0-1 Flamengo (P); 2026-08-31 · Serie A · Remo 2-3 Coritiba (P); 2026-08-22 · Serie A · Fluminense 2-1 Remo (P),torneo actual,28,30.0,38.0,2026-09-20 · Serie A · Gremio 0-0 Palmeiras (E); 2026-09-16 · Serie A · Botafogo 3-2 Gremio (P); 2026-09-12 · Serie A · Gremio 1-2 Vasco DA Gama (P); 2026-09-07 · Serie A · Vitoria 1-0 Gremio (P); 2026-08-30 · Serie A · Gremio 3-1 Chapecoense-sc (G)
2026-10-07,17:30,Remo vs Gremio,,,Local corners -5.5,CORNERS_HOME UNDER.5.5,CORNERS_HOME:UNDER_5_5,46.2%,0.461900,2.17,,,,,,,,,,,Sin cuota/EV,No encontrado en Betano,Solo modelo,4,62.19,62.187000,,Betano mapeado,Baja,contexto premium torneo actual,usa promedios del contexto premium/API-Football,el volumen ofensivo puede variar por planteamiento y marcador temprano,https://www.betano.pe/cuotas-de-partido/remo-pa-gremio-rs/92517504/,torneo actual,torneo actual,28,32.0,47.0,2026-09-19 · Serie A · Remo 1-2 Santos (P); 2026-09-14 · Serie A · Bahia 2-1 Remo (P); 2026-09-06 · Serie A · Remo 0-1 Flamengo (P); 2026-08-31 · Serie A · Remo 2-3 Coritiba (P); 2026-08-22 · Serie A · Fluminense 2-1 Remo (P),torneo actual,28,30.0,38.0,2026-09-20 · Serie A · Gremio 0-0 Palmeiras (E); 2026-09-16 · Serie A · Botafogo 3-2 Gremio (P); 2026-09-12 · Serie A · Gremio 1-2 Vasco DA Gama (P); 2026-09-07 · Serie A · Vitoria 1-0 Gremio (P); 2026-08-30 · Serie A · Gremio 3-1 Chapecoense-sc (G)
2026-10-07,17:30,Remo vs Gremio,,,Visita corners -4.5,CORNERS_AWAY UNDER.4.5,CORNERS_AWAY:UNDER_4_5,45.8%,0.458200,2.18,,,,,,,,,,,Sin cuota/EV,No encontrado en Betano,Solo modelo,4,61.82,61.821000,,Betano mapeado,Baja,contexto premium torneo actual,usa promedios del contexto premium/API-Football,el volumen ofensivo puede variar por planteamiento y marcador temprano,https://www.betano.pe/cuotas-de-partido/remo-pa-gremio-rs/92517504/,torneo actual,torneo actual,28,32.0,47.0,2026-09-19 · Serie A · Remo 1-2 Santos (P); 2026-09-14 · Serie A · Bahia 2-1 Remo (P); 2026-09-06 · Serie A · Remo 0-1 Flamengo (P); 2026-08-31 · Serie A · Remo 2-3 Coritiba (P); 2026-08-22 · Serie A · Fluminense 2-1 Remo (P),torneo actual,28,30.0,38.0,2026-09-20 · Serie A · Gremio 0-0 Palmeiras (E); 2026-09-16 · Serie A · Botafogo 3-2 Gremio (P); 2026-09-12 · Serie A · Gremio 1-2 Vasco DA Gama (P); 2026-09-07 · Serie A · Vitoria 1-0 Gremio (P); 2026-08-30 · Serie A · Gremio 3-1 Chapecoense-sc (G)
2026-10-07,17:30,Remo vs Gremio,,Betano,Tarjetas total +5.5,CARDS_TOTALS OVER.5.5,CARDS_TOTALS:OVER_5_5,45.4%,0.453900,2.20,,,,,,1.90,-0.14,-0.137600,-0.30,0.86,Sin cuota/EV,EV negativo Betano,Solo modelo,3,59.19,59.185000,,Betano mapeado,Baja,contexto premium torneo actual,usa promedios del contexto premium/API-Football,depende mucho del arbitro y del contexto competitivo,https://www.betano.pe/cuotas-de-partido/remo-pa-gremio-rs/92517504/,torneo actual,torneo actual,28,32.0,47.0,2026-09-19 · Serie A · Remo 1-2 Santos (P); 2026-09-14 · Serie A · Bahia 2-1 Remo (P); 2026-09-06 · Serie A · Remo 0-1 Flamengo (P); 2026-08-31 · Serie A · Remo 2-3 Coritiba (P); 2026-08-22 · Serie A · Fluminense 2-1 Remo (P),torneo actual,28,30.0,38.0,2026-09-20 · Serie A · Gremio 0-0 Palmeiras (E); 2026-09-16 · Serie A · Botafogo 3-2 Gremio (P); 2026-09-12 · Serie A · Gremio 1-2 Vasco DA Gama (P); 2026-09-07 · Serie A · Vitoria 1-0 Gremio (P); 2026-08-30 · Serie A · Gremio 3-1 Chapecoense-sc (G)
2026-10-07,17:30,Remo vs Gremio,William Hill,Betano,1T -0.5,FIRST_HALF_TOTALS UNDER.0.5,FIRST_HALF_TOTALS:UNDER_0_5,44.9%,0.449300,2.23,3.00,0.35,0.348000,0.77,1.35,2.87,0.29,0.289500,0.64,1.29,EV positivo,EV positivo Betano,Equilibrado,5,88.83,88.829000,,Betano mapeado,Baja,contexto premium torneo actual,usa promedios del contexto premium/API-Football,el primer tiempo puede tener ritmo bajo o rotaciones,https://www.betano.pe/cuotas-de-partido/remo-pa-gremio-rs/92517504/,torneo actual,torneo actual,28,32.0,47.0,2026-09-19 · Serie A · Remo 1-2 Santos (P); 2026-09-14 · Serie A · Bahia 2-1 Remo (P); 2026-09-06 · Serie A · Remo 0-1 Flamengo (P); 2026-08-31 · Serie A · Remo 2-3 Coritiba (P); 2026-08-22 · Serie A · Fluminense 2-1 Remo (P),torneo actual,28,30.0,38.0,2026-09-20 · Serie A · Gremio 0-0 Palmeiras (E); 2026-09-16 · Serie A · Botafogo 3-2 Gremio (P); 2026-09-12 · Serie A · Gremio 1-2 Vasco DA Gama (P); 2026-09-07 · Serie A · Vitoria 1-0 Gremio (P); 2026-08-30 · Serie A · Gremio 3-1 Chapecoense-sc (G)
2026-10-07,17:30,Remo vs Gremio,William Hill,Betano,BTTS no,BTTS NO,BTTS:NO,44.7%,0.446600,2.24,1.20,-0.46,-0.464100,-1.04,0.54,2.10,-0.06,-0.062100,-0.14,0.94,EV negativo,EV negativo Betano,Evitar,8,64.31,64.307000,Cuota por debajo de la cuota justa: valor limitado,Betano mapeado,Baja,torneo actual,usa Poisson base con estadisticas de goles del torneo,un gol temprano o baja eficacia puede cambiar la lectura del mercado,https://www.betano.pe/cuotas-de-partido/remo-pa-gremio-rs/92517504/,torneo actual,torneo actual,28,32.0,47.0,2026-09-19 · Serie A · Remo 1-2 Santos (P); 2026-09-14 · Serie A · Bahia 2-1 Remo (P); 2026-09-06 · Serie A · Remo 0-1 Flamengo (P); 2026-08-31 · Serie A · Remo 2-3 Coritiba (P); 2026-08-22 · Serie A · Fluminense 2-1 Remo (P),torneo actual,28,30.0,38.0,2026-09-20 · Serie A · Gremio 0-0 Palmeiras (E); 2026-09-16 · Serie A · Botafogo 3-2 Gremio (P); 2026-09-12 · Serie A · Gremio 1-2 Vasco DA Gama (P); 2026-09-07 · Serie A · Vitoria 1-0 Gremio (P); 2026-08-30 · Serie A · Gremio 3-1 Chapecoense-sc (G)
2026-10-07,17:30,Remo vs Gremio,,,Visita tarjetas +3.5,CARDS_AWAY OVER.3.5,CARDS_AWAY:OVER_3_5,44.2%,0.441600,2.26,,,,,,,,,,,Sin cuota/EV,No encontrado en Betano,Solo modelo,2,47.16,47.164000,,Betano mapeado,Baja,contexto premium torneo actual,usa promedios del contexto premium/API-Football,depende mucho del arbitro y del contexto competitivo,https://www.betano.pe/cuotas-de-partido/remo-pa-gremio-rs/92517504/,torneo actual,torneo actual,28,32.0,47.0,2026-09-19 · Serie A · Remo 1-2 Santos (P); 2026-09-14 · Serie A · Bahia 2-1 Remo (P); 2026-09-06 · Serie A · Remo 0-1 Flamengo (P); 2026-08-31 · Serie A · Remo 2-3 Coritiba (P); 2026-08-22 · Serie A · Fluminense 2-1 Remo (P),torneo actual,28,30.0,38.0,2026-09-20 · Serie A · Gremio 0-0 Palmeiras (E); 2026-09-16 · Serie A · Botafogo 3-2 Gremio (P); 2026-09-12 · Serie A · Gremio 1-2 Vasco DA Gama (P); 2026-09-07 · Serie A · Vitoria 1-0 Gremio (P); 2026-08-30 · Serie A · Gremio 3-1 Chapecoense-sc (G)
2026-10-07,17:30,Remo vs Gremio,,,Local tarjetas -1.5,CARDS_HOME UNDER.1.5,CARDS_HOME:UNDER_1_5,40.6%,0.406000,2.46,,,,,,,,,,,Sin cuota/EV,No encontrado en Betano,Solo modelo,2,43.60,43.601000,,Betano mapeado,Baja,contexto premium torneo actual,usa promedios del contexto premium/API-Football,depende mucho del arbitro y del contexto competitivo,https://www.betano.pe/cuotas-de-partido/remo-pa-gremio-rs/92517504/,torneo actual,torneo actual,28,32.0,47.0,2026-09-19 · Serie A · Remo 1-2 Santos (P); 2026-09-14 · Serie A · Bahia 2-1 Remo (P); 2026-09-06 · Serie A · Remo 0-1 Flamengo (P); 2026-08-31 · Serie A · Remo 2-3 Coritiba (P); 2026-08-22 · Serie A · Fluminense 2-1 Remo (P),torneo actual,28,30.0,38.0,2026-09-20 · Serie A · Gremio 0-0 Palmeiras (E); 2026-09-16 · Serie A · Botafogo 3-2 Gremio (P); 2026-09-12 · Serie A · Gremio 1-2 Vasco DA Gama (P); 2026-09-07 · Serie A · Vitoria 1-0 Gremio (P); 2026-08-30 · Serie A · Gremio 3-1 Chapecoense-sc (G)
2026-10-07,17:30,Remo vs Gremio,,,Visita goles +1.5,TEAM_TOTAL_AWAY OVER.1.5,TEAM_TOTAL_AWAY:OVER_1_5,40.0%,0.399500,2.50,,,,,,,,,,,Sin cuota/EV,No encontrado en Betano,Solo modelo,4,55.95,55.949000,,Betano mapeado,Baja,torneo actual,usa Poisson base con estadisticas de goles del torneo,un gol temprano o baja eficacia puede cambiar la lectura del mercado,https://www.betano.pe/cuotas-de-partido/remo-pa-gremio-rs/92517504/,torneo actual,torneo actual,28,32.0,47.0,2026-09-19 · Serie A · Remo 1-2 Santos (P); 2026-09-14 · Serie A · Bahia 2-1 Remo (P); 2026-09-06 · Serie A · Remo 0-1 Flamengo (P); 2026-08-31 · Serie A · Remo 2-3 Coritiba (P); 2026-08-22 · Serie A · Fluminense 2-1 Remo (P),torneo actual,28,30.0,38.0,2026-09-20 · Serie A · Gremio 0-0 Palmeiras (E); 2026-09-16 · Serie A · Botafogo 3-2 Gremio (P); 2026-09-12 · Serie A · Gremio 1-2 Vasco DA Gama (P); 2026-09-07 · Serie A · Vitoria 1-0 Gremio (P); 2026-08-30 · Serie A · Gremio 3-1 Chapecoense-sc (G)
2026-10-07,17:30,Remo vs Gremio,,Betano,Corners total +11.5,CORNERS_TOTALS OVER.11.5,CORNERS_TOTALS:OVER_11_5,39.7%,0.396900,2.52,,,,,,2.12,-0.16,-0.158600,-0.40,0.84,Sin cuota/EV,EV negativo Betano,Solo modelo,6,75.15,75.149000,,Betano mapeado,Baja,contexto premium torneo actual,usa promedios del contexto premium/API-Football,el volumen ofensivo puede variar por planteamiento y marcador temprano,https://www.betano.pe/cuotas-de-partido/remo-pa-gremio-rs/92517504/,torneo actual,torneo actual,28,32.0,47.0,2026-09-19 · Serie A · Remo 1-2 Santos (P); 2026-09-14 · Serie A · Bahia 2-1 Remo (P); 2026-09-06 · Serie A · Remo 0-1 Flamengo (P); 2026-08-31 · Serie A · Remo 2-3 Coritiba (P); 2026-08-22 · Serie A · Fluminense 2-1 Remo (P),torneo actual,28,30.0,38.0,2026-09-20 · Serie A · Gremio 0-0 Palmeiras (E); 2026-09-16 · Serie A · Botafogo 3-2 Gremio (P); 2026-09-12 · Serie A · Gremio 1-2 Vasco DA Gama (P); 2026-09-07 · Serie A · Vitoria 1-0 Gremio (P); 2026-08-30 · Serie A · Gremio 3-1 Chapecoense-sc (G)
2026-10-07,17:30,Remo vs Gremio,,,Local goles +1.5,TEAM_TOTAL_HOME OVER.1.5,TEAM_TOTAL_HOME:OVER_1_5,39.1%,0.390800,2.56,,,,,,,,,,,Sin cuota/EV,No encontrado en Betano,Solo modelo,4,55.08,55.077000,,Betano mapeado,Baja,torneo actual,usa Poisson base con estadisticas de goles del torneo,un gol temprano o baja eficacia puede cambiar la lectura del mercado,https://www.betano.pe/cuotas-de-partido/remo-pa-gremio-rs/92517504/,torneo actual,torneo actual,28,32.0,47.0,2026-09-19 · Serie A · Remo 1-2 Santos (P); 2026-09-14 · Serie A · Bahia 2-1 Remo (P); 2026-09-06 · Serie A · Remo 0-1 Flamengo (P); 2026-08-31 · Serie A · Remo 2-3 Coritiba (P); 2026-08-22 · Serie A · Fluminense 2-1 Remo (P),torneo actual,28,30.0,38.0,2026-09-20 · Serie A · Gremio 0-0 Palmeiras (E); 2026-09-16 · Serie A · Botafogo 3-2 Gremio (P); 2026-09-12 · Serie A · Gremio 1-2 Vasco DA Gama (P); 2026-09-07 · Serie A · Vitoria 1-0 Gremio (P); 2026-08-30 · Serie A · Gremio 3-1 Chapecoense-sc (G)
2026-10-07,17:30,Remo vs Gremio,,,Local corners +6.5,CORNERS_HOME OVER.6.5,CORNERS_HOME:OVER_6_5,37.8%,0.377600,2.65,,,,,,,,,,,Sin cuota/EV,No encontrado en Betano,Solo modelo,4,53.76,53.764000,,Betano mapeado,Baja,contexto premium torneo actual,usa promedios del contexto premium/API-Football,el volumen ofensivo puede variar por planteamiento y marcador temprano,https://www.betano.pe/cuotas-de-partido/remo-pa-gremio-rs/92517504/,torneo actual,torneo actual,28,32.0,47.0,2026-09-19 · Serie A · Remo 1-2 Santos (P); 2026-09-14 · Serie A · Bahia 2-1 Remo (P); 2026-09-06 · Serie A · Remo 0-1 Flamengo (P); 2026-08-31 · Serie A · Remo 2-3 Coritiba (P); 2026-08-22 · Serie A · Fluminense 2-1 Remo (P),torneo actual,28,30.0,38.0,2026-09-20 · Serie A · Gremio 0-0 Palmeiras (E); 2026-09-16 · Serie A · Botafogo 3-2 Gremio (P); 2026-09-12 · Serie A · Gremio 1-2 Vasco DA Gama (P); 2026-09-07 · Serie A · Vitoria 1-0 Gremio (P); 2026-08-30 · Serie A · Gremio 3-1 Chapecoense-sc (G)
2026-10-07,17:30,Remo vs Gremio,William Hill,Betano,Gana visita,1X2 AWAY,1X2:AWAY,37.7%,0.377300,2.65,3.50,0.32,0.320700,0.85,1.32,3.05,0.15,0.150800,0.40,1.15,EV positivo,EV positivo Betano,Equilibrado,7,88.92,88.920000,,Betano mapeado,Baja,torneo actual,usa Poisson base con estadisticas de goles del torneo,riesgo propio del resultado final y variacion del modelo,https://www.betano.pe/cuotas-de-partido/remo-pa-gremio-rs/92517504/,torneo actual,torneo actual,28,32.0,47.0,2026-09-19 · Serie A · Remo 1-2 Santos (P); 2026-09-14 · Serie A · Bahia 2-1 Remo (P); 2026-09-06 · Serie A · Remo 0-1 Flamengo (P); 2026-08-31 · Serie A · Remo 2-3 Coritiba (P); 2026-08-22 · Serie A · Fluminense 2-1 Remo (P),torneo actual,28,30.0,38.0,2026-09-20 · Serie A · Gremio 0-0 Palmeiras (E); 2026-09-16 · Serie A · Botafogo 3-2 Gremio (P); 2026-09-12 · Serie A · Gremio 1-2 Vasco DA Gama (P); 2026-09-07 · Serie A · Vitoria 1-0 Gremio (P); 2026-08-30 · Serie A · Gremio 3-1 Chapecoense-sc (G)
2026-10-07,17:30,Remo vs Gremio,,,SHOTS_ON_TARGET_TOTAL UNDER.9.5,SHOTS_ON_TARGET_TOTAL UNDER.9.5,SHOTS_ON_TARGET_TOTAL:UNDER_9_5,37.4%,0.373900,2.67,,,,,,,,,,,Sin cuota/EV,No encontrado en Betano,Solo modelo,2,40.39,40.393000,,Betano mapeado,Baja,contexto premium torneo actual,usa promedios del contexto premium/API-Football,el volumen ofensivo puede variar por planteamiento y marcador temprano,https://www.betano.pe/cuotas-de-partido/remo-pa-gremio-rs/92517504/,torneo actual,torneo actual,28,32.0,47.0,2026-09-19 · Serie A · Remo 1-2 Santos (P); 2026-09-14 · Serie A · Bahia 2-1 Remo (P); 2026-09-06 · Serie A · Remo 0-1 Flamengo (P); 2026-08-31 · Serie A · Remo 2-3 Coritiba (P); 2026-08-22 · Serie A · Fluminense 2-1 Remo (P),torneo actual,28,30.0,38.0,2026-09-20 · Serie A · Gremio 0-0 Palmeiras (E); 2026-09-16 · Serie A · Botafogo 3-2 Gremio (P); 2026-09-12 · Serie A · Gremio 1-2 Vasco DA Gama (P); 2026-09-07 · Serie A · Vitoria 1-0 Gremio (P); 2026-08-30 · Serie A · Gremio 3-1 Chapecoense-sc (G)
2026-10-07,17:30,Remo vs Gremio,,Betano,Tarjetas total -4.5,CARDS_TOTALS UNDER.4.5,CARDS_TOTALS:UNDER_4_5,37.3%,0.373300,2.68,,,,,,2.55,-0.05,-0.048100,-0.13,0.95,Sin cuota/EV,EV negativo Betano,Solo modelo,3,52.56,52.561000,,Betano mapeado,Baja,contexto premium torneo actual,usa promedios del contexto premium/API-Football,depende mucho del arbitro y del contexto competitivo,https://www.betano.pe/cuotas-de-partido/remo-pa-gremio-rs/92517504/,torneo actual,torneo actual,28,32.0,47.0,2026-09-19 · Serie A · Remo 1-2 Santos (P); 2026-09-14 · Serie A · Bahia 2-1 Remo (P); 2026-09-06 · Serie A · Remo 0-1 Flamengo (P); 2026-08-31 · Serie A · Remo 2-3 Coritiba (P); 2026-08-22 · Serie A · Fluminense 2-1 Remo (P),torneo actual,28,30.0,38.0,2026-09-20 · Serie A · Gremio 0-0 Palmeiras (E); 2026-09-16 · Serie A · Botafogo 3-2 Gremio (P); 2026-09-12 · Serie A · Gremio 1-2 Vasco DA Gama (P); 2026-09-07 · Serie A · Vitoria 1-0 Gremio (P); 2026-08-30 · Serie A · Gremio 3-1 Chapecoense-sc (G)
2026-10-07,17:30,Remo vs Gremio,,,Visita corners +5.5,CORNERS_AWAY OVER.5.5,CORNERS_AWAY:OVER_5_5,36.6%,0.366500,2.73,,,,,,,,,,,Sin cuota/EV,No encontrado en Betano,Solo modelo,4,52.65,52.650000,,Betano mapeado,Baja,contexto premium torneo actual,usa promedios del contexto premium/API-Football,el volumen ofensivo puede variar por planteamiento y marcador temprano,https://www.betano.pe/cuotas-de-partido/remo-pa-gremio-rs/92517504/,torneo actual,torneo actual,28,32.0,47.0,2026-09-19 · Serie A · Remo 1-2 Santos (P); 2026-09-14 · Serie A · Bahia 2-1 Remo (P); 2026-09-06 · Serie A · Remo 0-1 Flamengo (P); 2026-08-31 · Serie A · Remo 2-3 Coritiba (P); 2026-08-22 · Serie A · Fluminense 2-1 Remo (P),torneo actual,28,30.0,38.0,2026-09-20 · Serie A · Gremio 0-0 Palmeiras (E); 2026-09-16 · Serie A · Botafogo 3-2 Gremio (P); 2026-09-12 · Serie A · Gremio 1-2 Vasco DA Gama (P); 2026-09-07 · Serie A · Vitoria 1-0 Gremio (P); 2026-08-30 · Serie A · Gremio 3-1 Chapecoense-sc (G)
2026-10-07,17:30,Remo vs Gremio,William Hill,Betano,Gana local,1X2 HOME,1X2:HOME,36.6%,0.365900,2.73,2.70,-0.01,-0.012200,-0.03,0.99,2.35,-0.14,-0.140100,-0.38,0.86,EV negativo,EV negativo Betano,Equilibrado,7,77.13,77.126000,,Betano mapeado,Baja,torneo actual,usa Poisson base con estadisticas de goles del torneo,riesgo propio del resultado final y variacion del modelo,https://www.betano.pe/cuotas-de-partido/remo-pa-gremio-rs/92517504/,torneo actual,torneo actual,28,32.0,47.0,2026-09-19 · Serie A · Remo 1-2 Santos (P); 2026-09-14 · Serie A · Bahia 2-1 Remo (P); 2026-09-06 · Serie A · Remo 0-1 Flamengo (P); 2026-08-31 · Serie A · Remo 2-3 Coritiba (P); 2026-08-22 · Serie A · Fluminense 2-1 Remo (P),torneo actual,28,30.0,38.0,2026-09-20 · Serie A · Gremio 0-0 Palmeiras (E); 2026-09-16 · Serie A · Botafogo 3-2 Gremio (P); 2026-09-12 · Serie A · Gremio 1-2 Vasco DA Gama (P); 2026-09-07 · Serie A · Vitoria 1-0 Gremio (P); 2026-08-30 · Serie A · Gremio 3-1 Chapecoense-sc (G)
2026-10-07,17:30,Remo vs Gremio,,Betano,Corners total -9.5,CORNERS_TOTALS UNDER.9.5,CORNERS_TOTALS:UNDER_9_5,36.3%,0.362600,2.76,,,,,,2.75,-0.00,-0.002900,-0.01,1.00,Sin cuota/EV,EV negativo Betano,Solo modelo,6,74.21,74.214000,,Betano mapeado,Baja,contexto premium torneo actual,usa promedios del contexto premium/API-Football,el volumen ofensivo puede variar por planteamiento y marcador temprano,https://www.betano.pe/cuotas-de-partido/remo-pa-gremio-rs/92517504/,torneo actual,torneo actual,28,32.0,47.0,2026-09-19 · Serie A · Remo 1-2 Santos (P); 2026-09-14 · Serie A · Bahia 2-1 Remo (P); 2026-09-06 · Serie A · Remo 0-1 Flamengo (P); 2026-08-31 · Serie A · Remo 2-3 Coritiba (P); 2026-08-22 · Serie A · Fluminense 2-1 Remo (P),torneo actual,28,30.0,38.0,2026-09-20 · Serie A · Gremio 0-0 Palmeiras (E); 2026-09-16 · Serie A · Botafogo 3-2 Gremio (P); 2026-09-12 · Serie A · Gremio 1-2 Vasco DA Gama (P); 2026-09-07 · Serie A · Vitoria 1-0 Gremio (P); 2026-08-30 · Serie A · Gremio 3-1 Chapecoense-sc (G)
2026-10-07,17:30,Remo vs Gremio,,,Visita tarjetas -2.5,CARDS_AWAY UNDER.2.5,CARDS_AWAY:UNDER_2_5,34.0%,0.339700,2.94,,,,,,,,,,,Sin cuota/EV,No encontrado en Betano,Solo modelo,2,36.97,36.974000,,Betano mapeado,Baja,contexto premium torneo actual,usa promedios del contexto premium/API-Football,depende mucho del arbitro y del contexto competitivo,https://www.betano.pe/cuotas-de-partido/remo-pa-gremio-rs/92517504/,torneo actual,torneo actual,28,32.0,47.0,2026-09-19 · Serie A · Remo 1-2 Santos (P); 2026-09-14 · Serie A · Bahia 2-1 Remo (P); 2026-09-06 · Serie A · Remo 0-1 Flamengo (P); 2026-08-31 · Serie A · Remo 2-3 Coritiba (P); 2026-08-22 · Serie A · Fluminense 2-1 Remo (P),torneo actual,28,30.0,38.0,2026-09-20 · Serie A · Gremio 0-0 Palmeiras (E); 2026-09-16 · Serie A · Botafogo 3-2 Gremio (P); 2026-09-12 · Serie A · Gremio 1-2 Vasco DA Gama (P); 2026-09-07 · Serie A · Vitoria 1-0 Gremio (P); 2026-08-30 · Serie A · Gremio 3-1 Chapecoense-sc (G)
2026-10-07,17:30,Remo vs Gremio,,,Local tarjetas +2.5,CARDS_HOME OVER.2.5,CARDS_HOME:OVER_2_5,32.3%,0.323300,3.09,,,,,,,,,,,Sin cuota/EV,No encontrado en Betano,Solo modelo,2,35.33,35.332000,,Betano mapeado,Baja,contexto premium torneo actual,usa promedios del contexto premium/API-Football,depende mucho del arbitro y del contexto competitivo,https://www.betano.pe/cuotas-de-partido/remo-pa-gremio-rs/92517504/,torneo actual,torneo actual,28,32.0,47.0,2026-09-19 · Serie A · Remo 1-2 Santos (P); 2026-09-14 · Serie A · Bahia 2-1 Remo (P); 2026-09-06 · Serie A · Remo 0-1 Flamengo (P); 2026-08-31 · Serie A · Remo 2-3 Coritiba (P); 2026-08-22 · Serie A · Fluminense 2-1 Remo (P),torneo actual,28,30.0,38.0,2026-09-20 · Serie A · Gremio 0-0 Palmeiras (E); 2026-09-16 · Serie A · Botafogo 3-2 Gremio (P); 2026-09-12 · Serie A · Gremio 1-2 Vasco DA Gama (P); 2026-09-07 · Serie A · Vitoria 1-0 Gremio (P); 2026-08-30 · Serie A · Gremio 3-1 Chapecoense-sc (G)
2026-10-07,17:30,Remo vs Gremio,,,Local corners -4.5,CORNERS_HOME UNDER.4.5,CORNERS_HOME:UNDER_4_5,29.9%,0.298700,3.35,,,,,,,,,,,Sin cuota/EV,No encontrado en Betano,Solo modelo,4,45.87,45.866000,,Betano mapeado,Baja,contexto premium torneo actual,usa promedios del contexto premium/API-Football,el volumen ofensivo puede variar por planteamiento y marcador temprano,https://www.betano.pe/cuotas-de-partido/remo-pa-gremio-rs/92517504/,torneo actual,torneo actual,28,32.0,47.0,2026-09-19 · Serie A · Remo 1-2 Santos (P); 2026-09-14 · Serie A · Bahia 2-1 Remo (P); 2026-09-06 · Serie A · Remo 0-1 Flamengo (P); 2026-08-31 · Serie A · Remo 2-3 Coritiba (P); 2026-08-22 · Serie A · Fluminense 2-1 Remo (P),torneo actual,28,30.0,38.0,2026-09-20 · Serie A · Gremio 0-0 Palmeiras (E); 2026-09-16 · Serie A · Botafogo 3-2 Gremio (P); 2026-09-12 · Serie A · Gremio 1-2 Vasco DA Gama (P); 2026-09-07 · Serie A · Vitoria 1-0 Gremio (P); 2026-08-30 · Serie A · Gremio 3-1 Chapecoense-sc (G)
2026-10-07,17:30,Remo vs Gremio,,Betano,Tarjetas total +6.5,CARDS_TOTALS OVER.6.5,CARDS_TOTALS:OVER_6_5,29.8%,0.298300,3.35,,,,,,2.55,-0.24,-0.239300,-0.80,0.76,Sin cuota/EV,EV negativo Betano,Solo modelo,3,42.00,42.004000,,Betano mapeado,Baja,contexto premium torneo actual,usa promedios del contexto premium/API-Football,depende mucho del arbitro y del contexto competitivo,https://www.betano.pe/cuotas-de-partido/remo-pa-gremio-rs/92517504/,torneo actual,torneo actual,28,32.0,47.0,2026-09-19 · Serie A · Remo 1-2 Santos (P); 2026-09-14 · Serie A · Bahia 2-1 Remo (P); 2026-09-06 · Serie A · Remo 0-1 Flamengo (P); 2026-08-31 · Serie A · Remo 2-3 Coritiba (P); 2026-08-22 · Serie A · Fluminense 2-1 Remo (P),torneo actual,28,30.0,38.0,2026-09-20 · Serie A · Gremio 0-0 Palmeiras (E); 2026-09-16 · Serie A · Botafogo 3-2 Gremio (P); 2026-09-12 · Serie A · Gremio 1-2 Vasco DA Gama (P); 2026-09-07 · Serie A · Vitoria 1-0 Gremio (P); 2026-08-30 · Serie A · Gremio 3-1 Chapecoense-sc (G)
2026-10-07,17:30,Remo vs Gremio,William Hill,Betano,Goles +3.5,TOTALS OVER.3.5,TOTALS:OVER_3_5,29.1%,0.291400,3.43,11.00,2.21,2.205400,7.57,3.21,3.15,-0.08,-0.082100,-0.28,0.92,EV positivo,EV negativo Betano,Equilibrado,1,52.83,52.826000,Cuota API muy superior a la cuota justa: revisar manualmente antes de apostar,Betano mapeado,Baja,torneo actual,usa Poisson base con estadisticas de goles del torneo,un gol temprano o baja eficacia puede cambiar la lectura del mercado,https://www.betano.pe/cuotas-de-partido/remo-pa-gremio-rs/92517504/,torneo actual,torneo actual,28,32.0,47.0,2026-09-19 · Serie A · Remo 1-2 Santos (P); 2026-09-14 · Serie A · Bahia 2-1 Remo (P); 2026-09-06 · Serie A · Remo 0-1 Flamengo (P); 2026-08-31 · Serie A · Remo 2-3 Coritiba (P); 2026-08-22 · Serie A · Fluminense 2-1 Remo (P),torneo actual,28,30.0,38.0,2026-09-20 · Serie A · Gremio 0-0 Palmeiras (E); 2026-09-16 · Serie A · Botafogo 3-2 Gremio (P); 2026-09-12 · Serie A · Gremio 1-2 Vasco DA Gama (P); 2026-09-07 · Serie A · Vitoria 1-0 Gremio (P); 2026-08-30 · Serie A · Gremio 3-1 Chapecoense-sc (G)
2026-10-07,17:30,Remo vs Gremio,,,Visita corners -3.5,CORNERS_AWAY UNDER.3.5,CORNERS_AWAY:UNDER_3_5,27.9%,0.279300,3.58,,,,,,,,,,,Sin cuota/EV,No encontrado en Betano,Solo modelo,4,43.93,43.934000,,Betano mapeado,Baja,contexto premium torneo actual,usa promedios del contexto premium/API-Football,el volumen ofensivo puede variar por planteamiento y marcador temprano,https://www.betano.pe/cuotas-de-partido/remo-pa-gremio-rs/92517504/,torneo actual,torneo actual,28,32.0,47.0,2026-09-19 · Serie A · Remo 1-2 Santos (P); 2026-09-14 · Serie A · Bahia 2-1 Remo (P); 2026-09-06 · Serie A · Remo 0-1 Flamengo (P); 2026-08-31 · Serie A · Remo 2-3 Coritiba (P); 2026-08-22 · Serie A · Fluminense 2-1 Remo (P),torneo actual,28,30.0,38.0,2026-09-20 · Serie A · Gremio 0-0 Palmeiras (E); 2026-09-16 · Serie A · Botafogo 3-2 Gremio (P); 2026-09-12 · Serie A · Gremio 1-2 Vasco DA Gama (P); 2026-09-07 · Serie A · Vitoria 1-0 Gremio (P); 2026-08-30 · Serie A · Gremio 3-1 Chapecoense-sc (G)
2026-10-07,17:30,Remo vs Gremio,,,SHOTS_ON_TARGET_TOTAL UNDER.8.5,SHOTS_ON_TARGET_TOTAL UNDER.8.5,SHOTS_ON_TARGET_TOTAL:UNDER_8_5,26.0%,0.259700,3.85,,,,,,,,,,,Sin cuota/EV,No encontrado en Betano,Solo modelo,2,28.97,28.971000,,Betano mapeado,Baja,contexto premium torneo actual,usa promedios del contexto premium/API-Football,el volumen ofensivo puede variar por planteamiento y marcador temprano,https://www.betano.pe/cuotas-de-partido/remo-pa-gremio-rs/92517504/,torneo actual,torneo actual,28,32.0,47.0,2026-09-19 · Serie A · Remo 1-2 Santos (P); 2026-09-14 · Serie A · Bahia 2-1 Remo (P); 2026-09-06 · Serie A · Remo 0-1 Flamengo (P); 2026-08-31 · Serie A · Remo 2-3 Coritiba (P); 2026-08-22 · Serie A · Fluminense 2-1 Remo (P),torneo actual,28,30.0,38.0,2026-09-20 · Serie A · Gremio 0-0 Palmeiras (E); 2026-09-16 · Serie A · Botafogo 3-2 Gremio (P); 2026-09-12 · Serie A · Gremio 1-2 Vasco DA Gama (P); 2026-09-07 · Serie A · Vitoria 1-0 Gremio (P); 2026-08-30 · Serie A · Gremio 3-1 Chapecoense-sc (G)
2026-10-07,17:30,Remo vs Gremio,,,Local goles -0.5,TEAM_TOTAL_HOME UNDER.0.5,TEAM_TOTAL_HOME:UNDER_0_5,25.9%,0.259300,3.86,,,,,,,,,,,Sin cuota/EV,No encontrado en Betano,Solo modelo,4,41.93,41.926000,,Betano mapeado,Baja,torneo actual,usa Poisson base con estadisticas de goles del torneo,un gol temprano o baja eficacia puede cambiar la lectura del mercado,https://www.betano.pe/cuotas-de-partido/remo-pa-gremio-rs/92517504/,torneo actual,torneo actual,28,32.0,47.0,2026-09-19 · Serie A · Remo 1-2 Santos (P); 2026-09-14 · Serie A · Bahia 2-1 Remo (P); 2026-09-06 · Serie A · Remo 0-1 Flamengo (P); 2026-08-31 · Serie A · Remo 2-3 Coritiba (P); 2026-08-22 · Serie A · Fluminense 2-1 Remo (P),torneo actual,28,30.0,38.0,2026-09-20 · Serie A · Gremio 0-0 Palmeiras (E); 2026-09-16 · Serie A · Botafogo 3-2 Gremio (P); 2026-09-12 · Serie A · Gremio 1-2 Vasco DA Gama (P); 2026-09-07 · Serie A · Vitoria 1-0 Gremio (P); 2026-08-30 · Serie A · Gremio 3-1 Chapecoense-sc (G)
2026-10-07,17:30,Remo vs Gremio,William Hill,Betano,Empate,1X2 DRAW,1X2:DRAW,25.7%,0.256800,3.89,2.20,-0.44,-0.435100,-1.69,0.56,3.40,-0.13,-0.126900,-0.49,0.87,EV negativo,EV negativo Betano,Evitar,7,39.82,39.818000,Cuota por debajo de la cuota justa: valor limitado,Betano mapeado,Baja,torneo actual,usa Poisson base con estadisticas de goles del torneo,riesgo propio del resultado final y variacion del modelo,https://www.betano.pe/cuotas-de-partido/remo-pa-gremio-rs/92517504/,torneo actual,torneo actual,28,32.0,47.0,2026-09-19 · Serie A · Remo 1-2 Santos (P); 2026-09-14 · Serie A · Bahia 2-1 Remo (P); 2026-09-06 · Serie A · Remo 0-1 Flamengo (P); 2026-08-31 · Serie A · Remo 2-3 Coritiba (P); 2026-08-22 · Serie A · Fluminense 2-1 Remo (P),torneo actual,28,30.0,38.0,2026-09-20 · Serie A · Gremio 0-0 Palmeiras (E); 2026-09-16 · Serie A · Botafogo 3-2 Gremio (P); 2026-09-12 · Serie A · Gremio 1-2 Vasco DA Gama (P); 2026-09-07 · Serie A · Vitoria 1-0 Gremio (P); 2026-08-30 · Serie A · Gremio 3-1 Chapecoense-sc (G)
2026-10-07,17:30,Remo vs Gremio,,,Visita goles -0.5,TEAM_TOTAL_AWAY UNDER.0.5,TEAM_TOTAL_AWAY:UNDER_0_5,25.3%,0.252900,3.96,,,,,,,,,,,Sin cuota/EV,No encontrado en Betano,Solo modelo,4,41.29,41.286000,,Betano mapeado,Baja,torneo actual,usa Poisson base con estadisticas de goles del torneo,un gol temprano o baja eficacia puede cambiar la lectura del mercado,https://www.betano.pe/cuotas-de-partido/remo-pa-gremio-rs/92517504/,torneo actual,torneo actual,28,32.0,47.0,2026-09-19 · Serie A · Remo 1-2 Santos (P); 2026-09-14 · Serie A · Bahia 2-1 Remo (P); 2026-09-06 · Serie A · Remo 0-1 Flamengo (P); 2026-08-31 · Serie A · Remo 2-3 Coritiba (P); 2026-08-22 · Serie A · Fluminense 2-1 Remo (P),torneo actual,28,30.0,38.0,2026-09-20 · Serie A · Gremio 0-0 Palmeiras (E); 2026-09-16 · Serie A · Botafogo 3-2 Gremio (P); 2026-09-12 · Serie A · Gremio 1-2 Vasco DA Gama (P); 2026-09-07 · Serie A · Vitoria 1-0 Gremio (P); 2026-08-30 · Serie A · Gremio 3-1 Chapecoense-sc (G)
2026-10-07,17:30,Remo vs Gremio,,,Corners total -8.5,CORNERS_TOTALS UNDER.8.5,CORNERS_TOTALS:UNDER_8_5,25.0%,0.250200,4.00,,,,,,,,,,,Sin cuota/EV,No encontrado en Betano,Solo modelo,6,55.02,55.023000,,Betano mapeado,Baja,contexto premium torneo actual,usa promedios del contexto premium/API-Football,el volumen ofensivo puede variar por planteamiento y marcador temprano,https://www.betano.pe/cuotas-de-partido/remo-pa-gremio-rs/92517504/,torneo actual,torneo actual,28,32.0,47.0,2026-09-19 · Serie A · Remo 1-2 Santos (P); 2026-09-14 · Serie A · Bahia 2-1 Remo (P); 2026-09-06 · Serie A · Remo 0-1 Flamengo (P); 2026-08-31 · Serie A · Remo 2-3 Coritiba (P); 2026-08-22 · Serie A · Fluminense 2-1 Remo (P),torneo actual,28,30.0,38.0,2026-09-20 · Serie A · Gremio 0-0 Palmeiras (E); 2026-09-16 · Serie A · Botafogo 3-2 Gremio (P); 2026-09-12 · Serie A · Gremio 1-2 Vasco DA Gama (P); 2026-09-07 · Serie A · Vitoria 1-0 Gremio (P); 2026-08-30 · Serie A · Gremio 3-1 Chapecoense-sc (G)
2026-10-07,17:30,Remo vs Gremio,William Hill,Betano,Goles -1.5,TOTALS UNDER.1.5,TOTALS:UNDER_1_5,24.4%,0.244200,4.09,1.67,-0.59,-0.592200,-2.43,0.41,3.55,-0.13,-0.133100,-0.55,0.87,EV negativo,EV negativo Betano,Evitar,1,5.63,5.629000,Cuota por debajo de la cuota justa: valor limitado,Betano mapeado,Baja,torneo actual,usa Poisson base con estadisticas de goles del torneo,un gol temprano o baja eficacia puede cambiar la lectura del mercado,https://www.betano.pe/cuotas-de-partido/remo-pa-gremio-rs/92517504/,torneo actual,torneo actual,28,32.0,47.0,2026-09-19 · Serie A · Remo 1-2 Santos (P); 2026-09-14 · Serie A · Bahia 2-1 Remo (P); 2026-09-06 · Serie A · Remo 0-1 Flamengo (P); 2026-08-31 · Serie A · Remo 2-3 Coritiba (P); 2026-08-22 · Serie A · Fluminense 2-1 Remo (P),torneo actual,28,30.0,38.0,2026-09-20 · Serie A · Gremio 0-0 Palmeiras (E); 2026-09-16 · Serie A · Botafogo 3-2 Gremio (P); 2026-09-12 · Serie A · Gremio 1-2 Vasco DA Gama (P); 2026-09-07 · Serie A · Vitoria 1-0 Gremio (P); 2026-08-30 · Serie A · Gremio 3-1 Chapecoense-sc (G)
2026-10-07,17:30,Remo vs Gremio,,,Visita corners +6.5,CORNERS_AWAY OVER.6.5,CORNERS_AWAY:OVER_6_5,22.3%,0.223300,4.48,,,,,,,,,,,Sin cuota/EV,No encontrado en Betano,Solo modelo,4,38.34,38.335000,,Betano mapeado,Baja,contexto premium torneo actual,usa promedios del contexto premium/API-Football,el volumen ofensivo puede variar por planteamiento y marcador temprano,https://www.betano.pe/cuotas-de-partido/remo-pa-gremio-rs/92517504/,torneo actual,torneo actual,28,32.0,47.0,2026-09-19 · Serie A · Remo 1-2 Santos (P); 2026-09-14 · Serie A · Bahia 2-1 Remo (P); 2026-09-06 · Serie A · Remo 0-1 Flamengo (P); 2026-08-31 · Serie A · Remo 2-3 Coritiba (P); 2026-08-22 · Serie A · Fluminense 2-1 Remo (P),torneo actual,28,30.0,38.0,2026-09-20 · Serie A · Gremio 0-0 Palmeiras (E); 2026-09-16 · Serie A · Botafogo 3-2 Gremio (P); 2026-09-12 · Serie A · Gremio 1-2 Vasco DA Gama (P); 2026-09-07 · Serie A · Vitoria 1-0 Gremio (P); 2026-08-30 · Serie A · Gremio 3-1 Chapecoense-sc (G)
2026-10-07,17:30,Remo vs Gremio,,,Tarjetas total -3.5,CARDS_TOTALS UNDER.3.5,CARDS_TOTALS:UNDER_3_5,21.3%,0.213300,4.69,,,,,,,,,,,Sin cuota/EV,No encontrado en Betano,Solo modelo,3,29.33,29.329000,,Betano mapeado,Baja,contexto premium torneo actual,usa promedios del contexto premium/API-Football,depende mucho del arbitro y del contexto competitivo,https://www.betano.pe/cuotas-de-partido/remo-pa-gremio-rs/92517504/,torneo actual,torneo actual,28,32.0,47.0,2026-09-19 · Serie A · Remo 1-2 Santos (P); 2026-09-14 · Serie A · Bahia 2-1 Remo (P); 2026-09-06 · Serie A · Remo 0-1 Flamengo (P); 2026-08-31 · Serie A · Remo 2-3 Coritiba (P); 2026-08-22 · Serie A · Fluminense 2-1 Remo (P),torneo actual,28,30.0,38.0,2026-09-20 · Serie A · Gremio 0-0 Palmeiras (E); 2026-09-16 · Serie A · Botafogo 3-2 Gremio (P); 2026-09-12 · Serie A · Gremio 1-2 Vasco DA Gama (P); 2026-09-07 · Serie A · Vitoria 1-0 Gremio (P); 2026-08-30 · Serie A · Gremio 3-1 Chapecoense-sc (G)
2026-10-07,17:30,Remo vs Gremio,William Hill,Betano,1T +1.5,FIRST_HALF_TOTALS OVER.1.5,FIRST_HALF_TOTALS:OVER_1_5,19.1%,0.191200,5.23,2.62,-0.50,-0.499000,-2.61,0.50,2.70,-0.48,-0.483800,-2.53,0.52,EV negativo,EV negativo Betano,Evitar,5,16.40,16.397000,Cuota por debajo de la cuota justa: valor limitado,Betano mapeado,Baja,contexto premium torneo actual,usa promedios del contexto premium/API-Football,el primer tiempo puede tener ritmo bajo o rotaciones,https://www.betano.pe/cuotas-de-partido/remo-pa-gremio-rs/92517504/,torneo actual,torneo actual,28,32.0,47.0,2026-09-19 · Serie A · Remo 1-2 Santos (P); 2026-09-14 · Serie A · Bahia 2-1 Remo (P); 2026-09-06 · Serie A · Remo 0-1 Flamengo (P); 2026-08-31 · Serie A · Remo 2-3 Coritiba (P); 2026-08-22 · Serie A · Fluminense 2-1 Remo (P),torneo actual,28,30.0,38.0,2026-09-20 · Serie A · Gremio 0-0 Palmeiras (E); 2026-09-16 · Serie A · Botafogo 3-2 Gremio (P); 2026-09-12 · Serie A · Gremio 1-2 Vasco DA Gama (P); 2026-09-07 · Serie A · Vitoria 1-0 Gremio (P); 2026-08-30 · Serie A · Gremio 3-1 Chapecoense-sc (G)
2026-10-07,17:30,Remo vs Gremio,,,SHOTS_ON_TARGET_TOTAL UNDER.7.5,SHOTS_ON_TARGET_TOTAL UNDER.7.5,SHOTS_ON_TARGET_TOTAL:UNDER_7_5,16.4%,0.163600,6.11,,,,,,,,,,,Sin cuota/EV,No encontrado en Betano,Solo modelo,2,19.36,19.364000,,Betano mapeado,Baja,contexto premium torneo actual,usa promedios del contexto premium/API-Football,el volumen ofensivo puede variar por planteamiento y marcador temprano,https://www.betano.pe/cuotas-de-partido/remo-pa-gremio-rs/92517504/,torneo actual,torneo actual,28,32.0,47.0,2026-09-19 · Serie A · Remo 1-2 Santos (P); 2026-09-14 · Serie A · Bahia 2-1 Remo (P); 2026-09-06 · Serie A · Remo 0-1 Flamengo (P); 2026-08-31 · Serie A · Remo 2-3 Coritiba (P); 2026-08-22 · Serie A · Fluminense 2-1 Remo (P),torneo actual,28,30.0,38.0,2026-09-20 · Serie A · Gremio 0-0 Palmeiras (E); 2026-09-16 · Serie A · Botafogo 3-2 Gremio (P); 2026-09-12 · Serie A · Gremio 1-2 Vasco DA Gama (P); 2026-09-07 · Serie A · Vitoria 1-0 Gremio (P); 2026-08-30 · Serie A · Gremio 3-1 Chapecoense-sc (G)
2026-10-07,17:30,Remo vs Gremio,,,Visita goles +2.5,TEAM_TOTAL_AWAY OVER.2.5,TEAM_TOTAL_AWAY:OVER_2_5,16.1%,0.160500,6.23,,,,,,,,,,,Sin cuota/EV,No encontrado en Betano,Solo modelo,4,32.05,32.048000,,Betano mapeado,Baja,torneo actual,usa Poisson base con estadisticas de goles del torneo,un gol temprano o baja eficacia puede cambiar la lectura del mercado,https://www.betano.pe/cuotas-de-partido/remo-pa-gremio-rs/92517504/,torneo actual,torneo actual,28,32.0,47.0,2026-09-19 · Serie A · Remo 1-2 Santos (P); 2026-09-14 · Serie A · Bahia 2-1 Remo (P); 2026-09-06 · Serie A · Remo 0-1 Flamengo (P); 2026-08-31 · Serie A · Remo 2-3 Coritiba (P); 2026-08-22 · Serie A · Fluminense 2-1 Remo (P),torneo actual,28,30.0,38.0,2026-09-20 · Serie A · Gremio 0-0 Palmeiras (E); 2026-09-16 · Serie A · Botafogo 3-2 Gremio (P); 2026-09-12 · Serie A · Gremio 1-2 Vasco DA Gama (P); 2026-09-07 · Serie A · Vitoria 1-0 Gremio (P); 2026-08-30 · Serie A · Gremio 3-1 Chapecoense-sc (G)
2026-10-07,17:30,Remo vs Gremio,,,Local corners -3.5,CORNERS_HOME UNDER.3.5,CORNERS_HOME:UNDER_3_5,16.0%,0.160400,6.24,,,,,,,,,,,Sin cuota/EV,No encontrado en Betano,Solo modelo,4,32.03,32.035000,,Betano mapeado,Baja,contexto premium torneo actual,usa promedios del contexto premium/API-Football,el volumen ofensivo puede variar por planteamiento y marcador temprano,https://www.betano.pe/cuotas-de-partido/remo-pa-gremio-rs/92517504/,torneo actual,torneo actual,28,32.0,47.0,2026-09-19 · Serie A · Remo 1-2 Santos (P); 2026-09-14 · Serie A · Bahia 2-1 Remo (P); 2026-09-06 · Serie A · Remo 0-1 Flamengo (P); 2026-08-31 · Serie A · Remo 2-3 Coritiba (P); 2026-08-22 · Serie A · Fluminense 2-1 Remo (P),torneo actual,28,30.0,38.0,2026-09-20 · Serie A · Gremio 0-0 Palmeiras (E); 2026-09-16 · Serie A · Botafogo 3-2 Gremio (P); 2026-09-12 · Serie A · Gremio 1-2 Vasco DA Gama (P); 2026-09-07 · Serie A · Vitoria 1-0 Gremio (P); 2026-08-30 · Serie A · Gremio 3-1 Chapecoense-sc (G)
2026-10-07,17:30,Remo vs Gremio,,,SHOTS_TOTAL UNDER.26.5,SHOTS_TOTAL UNDER.26.5,SHOTS_TOTAL:UNDER_26_5,15.7%,0.157200,6.36,,,,,,,,,,,Sin cuota/EV,No encontrado en Betano,Solo modelo,2,18.72,18.718000,,Betano mapeado,Baja,contexto premium torneo actual,usa promedios del contexto premium/API-Football,el volumen ofensivo puede variar por planteamiento y marcador temprano,https://www.betano.pe/cuotas-de-partido/remo-pa-gremio-rs/92517504/,torneo actual,torneo actual,28,32.0,47.0,2026-09-19 · Serie A · Remo 1-2 Santos (P); 2026-09-14 · Serie A · Bahia 2-1 Remo (P); 2026-09-06 · Serie A · Remo 0-1 Flamengo (P); 2026-08-31 · Serie A · Remo 2-3 Coritiba (P); 2026-08-22 · Serie A · Fluminense 2-1 Remo (P),torneo actual,28,30.0,38.0,2026-09-20 · Serie A · Gremio 0-0 Palmeiras (E); 2026-09-16 · Serie A · Botafogo 3-2 Gremio (P); 2026-09-12 · Serie A · Gremio 1-2 Vasco DA Gama (P); 2026-09-07 · Serie A · Vitoria 1-0 Gremio (P); 2026-08-30 · Serie A · Gremio 3-1 Chapecoense-sc (G)
2026-10-07,17:30,Remo vs Gremio,,,Corners total -7.5,CORNERS_TOTALS UNDER.7.5,CORNERS_TOTALS:UNDER_7_5,15.7%,0.156600,6.39,,,,,,,,,,,Sin cuota/EV,No encontrado en Betano,Solo modelo,6,45.66,45.658000,,Betano mapeado,Baja,contexto premium torneo actual,usa promedios del contexto premium/API-Football,el volumen ofensivo puede variar por planteamiento y marcador temprano,https://www.betano.pe/cuotas-de-partido/remo-pa-gremio-rs/92517504/,torneo actual,torneo actual,28,32.0,47.0,2026-09-19 · Serie A · Remo 1-2 Santos (P); 2026-09-14 · Serie A · Bahia 2-1 Remo (P); 2026-09-06 · Serie A · Remo 0-1 Flamengo (P); 2026-08-31 · Serie A · Remo 2-3 Coritiba (P); 2026-08-22 · Serie A · Fluminense 2-1 Remo (P),torneo actual,28,30.0,38.0,2026-09-20 · Serie A · Gremio 0-0 Palmeiras (E); 2026-09-16 · Serie A · Botafogo 3-2 Gremio (P); 2026-09-12 · Serie A · Gremio 1-2 Vasco DA Gama (P); 2026-09-07 · Serie A · Vitoria 1-0 Gremio (P); 2026-08-30 · Serie A · Gremio 3-1 Chapecoense-sc (G)
2026-10-07,17:30,Remo vs Gremio,,,Local goles +2.5,TEAM_TOTAL_HOME OVER.2.5,TEAM_TOTAL_HOME:OVER_2_5,15.4%,0.154500,6.47,,,,,,,,,,,Sin cuota/EV,No encontrado en Betano,Solo modelo,4,31.45,31.454000,,Betano mapeado,Baja,torneo actual,usa Poisson base con estadisticas de goles del torneo,un gol temprano o baja eficacia puede cambiar la lectura del mercado,https://www.betano.pe/cuotas-de-partido/remo-pa-gremio-rs/92517504/,torneo actual,torneo actual,28,32.0,47.0,2026-09-19 · Serie A · Remo 1-2 Santos (P); 2026-09-14 · Serie A · Bahia 2-1 Remo (P); 2026-09-06 · Serie A · Remo 0-1 Flamengo (P); 2026-08-31 · Serie A · Remo 2-3 Coritiba (P); 2026-08-22 · Serie A · Fluminense 2-1 Remo (P),torneo actual,28,30.0,38.0,2026-09-20 · Serie A · Gremio 0-0 Palmeiras (E); 2026-09-16 · Serie A · Botafogo 3-2 Gremio (P); 2026-09-12 · Serie A · Gremio 1-2 Vasco DA Gama (P); 2026-09-07 · Serie A · Vitoria 1-0 Gremio (P); 2026-08-30 · Serie A · Gremio 3-1 Chapecoense-sc (G)
2026-10-07,17:30,Remo vs Gremio,,,Visita tarjetas -1.5,CARDS_AWAY UNDER.1.5,CARDS_AWAY:UNDER_1_5,14.7%,0.146800,6.81,,,,,,,,,,,Sin cuota/EV,No encontrado en Betano,Solo modelo,2,17.68,17.684000,,Betano mapeado,Baja,contexto premium torneo actual,usa promedios del contexto premium/API-Football,depende mucho del arbitro y del contexto competitivo,https://www.betano.pe/cuotas-de-partido/remo-pa-gremio-rs/92517504/,torneo actual,torneo actual,28,32.0,47.0,2026-09-19 · Serie A · Remo 1-2 Santos (P); 2026-09-14 · Serie A · Bahia 2-1 Remo (P); 2026-09-06 · Serie A · Remo 0-1 Flamengo (P); 2026-08-31 · Serie A · Remo 2-3 Coritiba (P); 2026-08-22 · Serie A · Fluminense 2-1 Remo (P),torneo actual,28,30.0,38.0,2026-09-20 · Serie A · Gremio 0-0 Palmeiras (E); 2026-09-16 · Serie A · Botafogo 3-2 Gremio (P); 2026-09-12 · Serie A · Gremio 1-2 Vasco DA Gama (P); 2026-09-07 · Serie A · Vitoria 1-0 Gremio (P); 2026-08-30 · Serie A · Gremio 3-1 Chapecoense-sc (G)
2026-10-07,17:30,Remo vs Gremio,,,Local tarjetas +3.5,CARDS_HOME OVER.3.5,CARDS_HOME:OVER_3_5,14.3%,0.142900,7.00,,,,,,,,,,,Sin cuota/EV,No encontrado en Betano,Solo modelo,2,17.29,17.288000,,Betano mapeado,Baja,contexto premium torneo actual,usa promedios del contexto premium/API-Football,depende mucho del arbitro y del contexto competitivo,https://www.betano.pe/cuotas-de-partido/remo-pa-gremio-rs/92517504/,torneo actual,torneo actual,28,32.0,47.0,2026-09-19 · Serie A · Remo 1-2 Santos (P); 2026-09-14 · Serie A · Bahia 2-1 Remo (P); 2026-09-06 · Serie A · Remo 0-1 Flamengo (P); 2026-08-31 · Serie A · Remo 2-3 Coritiba (P); 2026-08-22 · Serie A · Fluminense 2-1 Remo (P),torneo actual,28,30.0,38.0,2026-09-20 · Serie A · Gremio 0-0 Palmeiras (E); 2026-09-16 · Serie A · Botafogo 3-2 Gremio (P); 2026-09-12 · Serie A · Gremio 1-2 Vasco DA Gama (P); 2026-09-07 · Serie A · Vitoria 1-0 Gremio (P); 2026-08-30 · Serie A · Gremio 3-1 Chapecoense-sc (G)
2026-10-07,17:30,Remo vs Gremio,,,Local tarjetas -0.5,CARDS_HOME UNDER.0.5,CARDS_HOME:UNDER_0_5,13.5%,0.135300,7.39,,,,,,,,,,,Sin cuota/EV,No encontrado en Betano,Solo modelo,2,16.53,16.534000,,Betano mapeado,Baja,contexto premium torneo actual,usa promedios del contexto premium/API-Football,depende mucho del arbitro y del contexto competitivo,https://www.betano.pe/cuotas-de-partido/remo-pa-gremio-rs/92517504/,torneo actual,torneo actual,28,32.0,47.0,2026-09-19 · Serie A · Remo 1-2 Santos (P); 2026-09-14 · Serie A · Bahia 2-1 Remo (P); 2026-09-06 · Serie A · Remo 0-1 Flamengo (P); 2026-08-31 · Serie A · Remo 2-3 Coritiba (P); 2026-08-22 · Serie A · Fluminense 2-1 Remo (P),torneo actual,28,30.0,38.0,2026-09-20 · Serie A · Gremio 0-0 Palmeiras (E); 2026-09-16 · Serie A · Botafogo 3-2 Gremio (P); 2026-09-12 · Serie A · Gremio 1-2 Vasco DA Gama (P); 2026-09-07 · Serie A · Vitoria 1-0 Gremio (P); 2026-08-30 · Serie A · Gremio 3-1 Chapecoense-sc (G)
2026-10-07,17:30,Remo vs Gremio,,,Tarjetas total -2.5,CARDS_TOTALS UNDER.2.5,CARDS_TOTALS:UNDER_2_5,9.5%,0.094800,10.55,,,,,,,,,,,Sin cuota/EV,No encontrado en Betano,Solo modelo,3,17.48,17.476000,,Betano mapeado,Baja,contexto premium torneo actual,usa promedios del contexto premium/API-Football,depende mucho del arbitro y del contexto competitivo,https://www.betano.pe/cuotas-de-partido/remo-pa-gremio-rs/92517504/,torneo actual,torneo actual,28,32.0,47.0,2026-09-19 · Serie A · Remo 1-2 Santos (P); 2026-09-14 · Serie A · Bahia 2-1 Remo (P); 2026-09-06 · Serie A · Remo 0-1 Flamengo (P); 2026-08-31 · Serie A · Remo 2-3 Coritiba (P); 2026-08-22 · Serie A · Fluminense 2-1 Remo (P),torneo actual,28,30.0,38.0,2026-09-20 · Serie A · Gremio 0-0 Palmeiras (E); 2026-09-16 · Serie A · Botafogo 3-2 Gremio (P); 2026-09-12 · Serie A · Gremio 1-2 Vasco DA Gama (P); 2026-09-07 · Serie A · Vitoria 1-0 Gremio (P); 2026-08-30 · Serie A · Gremio 3-1 Chapecoense-sc (G)
2026-10-07,17:30,Remo vs Gremio,,,SHOTS_ON_TARGET_TOTAL UNDER.6.5,SHOTS_ON_TARGET_TOTAL UNDER.6.5,SHOTS_ON_TARGET_TOTAL:UNDER_6_5,9.2%,0.091800,10.89,,,,,,,,,,,Sin cuota/EV,No encontrado en Betano,Solo modelo,2,12.18,12.181000,,Betano mapeado,Baja,contexto premium torneo actual,usa promedios del contexto premium/API-Football,el volumen ofensivo puede variar por planteamiento y marcador temprano,https://www.betano.pe/cuotas-de-partido/remo-pa-gremio-rs/92517504/,torneo actual,torneo actual,28,32.0,47.0,2026-09-19 · Serie A · Remo 1-2 Santos (P); 2026-09-14 · Serie A · Bahia 2-1 Remo (P); 2026-09-06 · Serie A · Remo 0-1 Flamengo (P); 2026-08-31 · Serie A · Remo 2-3 Coritiba (P); 2026-08-22 · Serie A · Fluminense 2-1 Remo (P),torneo actual,28,30.0,38.0,2026-09-20 · Serie A · Gremio 0-0 Palmeiras (E); 2026-09-16 · Serie A · Botafogo 3-2 Gremio (P); 2026-09-12 · Serie A · Gremio 1-2 Vasco DA Gama (P); 2026-09-07 · Serie A · Vitoria 1-0 Gremio (P); 2026-08-30 · Serie A · Gremio 3-1 Chapecoense-sc (G)
2026-10-07,17:30,Remo vs Gremio,,,SHOTS_TOTAL UNDER.24.5,SHOTS_TOTAL UNDER.24.5,SHOTS_TOTAL:UNDER_24_5,8.3%,0.082800,12.08,,,,,,,,,,,Sin cuota/EV,No encontrado en Betano,Solo modelo,2,11.28,11.281000,,Betano mapeado,Baja,contexto premium torneo actual,usa promedios del contexto premium/API-Football,el volumen ofensivo puede variar por planteamiento y marcador temprano,https://www.betano.pe/cuotas-de-partido/remo-pa-gremio-rs/92517504/,torneo actual,torneo actual,28,32.0,47.0,2026-09-19 · Serie A · Remo 1-2 Santos (P); 2026-09-14 · Serie A · Bahia 2-1 Remo (P); 2026-09-06 · Serie A · Remo 0-1 Flamengo (P); 2026-08-31 · Serie A · Remo 2-3 Coritiba (P); 2026-08-22 · Serie A · Fluminense 2-1 Remo (P),torneo actual,28,30.0,38.0,2026-09-20 · Serie A · Gremio 0-0 Palmeiras (E); 2026-09-16 · Serie A · Botafogo 3-2 Gremio (P); 2026-09-12 · Serie A · Gremio 1-2 Vasco DA Gama (P); 2026-09-07 · Serie A · Vitoria 1-0 Gremio (P); 2026-08-30 · Serie A · Gremio 3-1 Chapecoense-sc (G)
2026-10-07,17:30,Remo vs Gremio,,,SHOTS_TOTAL UNDER.22.5,SHOTS_TOTAL UNDER.22.5,SHOTS_TOTAL:UNDER_22_5,3.8%,0.037800,26.46,,,,,,,,,,,Sin cuota/EV,No encontrado en Betano,Solo modelo,2,6.78,6.779000,,Betano mapeado,Baja,contexto premium torneo actual,usa promedios del contexto premium/API-Football,el volumen ofensivo puede variar por planteamiento y marcador temprano,https://www.betano.pe/cuotas-de-partido/remo-pa-gremio-rs/92517504/,torneo actual,torneo actual,28,32.0,47.0,2026-09-19 · Serie A · Remo 1-2 Santos (P); 2026-09-14 · Serie A · Bahia 2-1 Remo (P); 2026-09-06 · Serie A · Remo 0-1 Flamengo (P); 2026-08-31 · Serie A · Remo 2-3 Coritiba (P); 2026-08-22 · Serie A · Fluminense 2-1 Remo (P),torneo actual,28,30.0,38.0,2026-09-20 · Serie A · Gremio 0-0 Palmeiras (E); 2026-09-16 · Serie A · Botafogo 3-2 Gremio (P); 2026-09-12 · Serie A · Gremio 1-2 Vasco DA Gama (P); 2026-09-07 · Serie A · Vitoria 1-0 Gremio (P); 2026-08-30 · Serie A · Gremio 3-1 Chapecoense-sc (G)
2026-10-07,17:30,Remo vs Gremio,,,Visita tarjetas -0.5,CARDS_AWAY UNDER.0.5,CARDS_AWAY:UNDER_0_5,3.3%,0.033400,29.96,,,,,,,,,,,Sin cuota/EV,No encontrado en Betano,Solo modelo,2,6.34,6.337000,,Betano mapeado,Baja,contexto premium torneo actual,usa promedios del contexto premium/API-Football,depende mucho del arbitro y del contexto competitivo,https://www.betano.pe/cuotas-de-partido/remo-pa-gremio-rs/92517504/,torneo actual,torneo actual,28,32.0,47.0,2026-09-19 · Serie A · Remo 1-2 Santos (P); 2026-09-14 · Serie A · Bahia 2-1 Remo (P); 2026-09-06 · Serie A · Remo 0-1 Flamengo (P); 2026-08-31 · Serie A · Remo 2-3 Coritiba (P); 2026-08-22 · Serie A · Fluminense 2-1 Remo (P),torneo actual,28,30.0,38.0,2026-09-20 · Serie A · Gremio 0-0 Palmeiras (E); 2026-09-16 · Serie A · Botafogo 3-2 Gremio (P); 2026-09-12 · Serie A · Gremio 1-2 Vasco DA Gama (P); 2026-09-07 · Serie A · Vitoria 1-0 Gremio (P); 2026-08-30 · Serie A · Gremio 3-1 Chapecoense-sc (G)
2026-10-07,17:30,Remo vs Gremio,,,SHOTS_TOTAL UNDER.20.5,SHOTS_TOTAL UNDER.20.5,SHOTS_TOTAL:UNDER_20_5,1.5%,0.014700,68.17,,,,,,,,,,,Sin cuota/EV,No encontrado en Betano,Solo modelo,2,4.47,4.467000,,Betano mapeado,Baja,contexto premium torneo actual,usa promedios del contexto premium/API-Football,el volumen ofensivo puede variar por planteamiento y marcador temprano,https://www.betano.pe/cuotas-de-partido/remo-pa-gremio-rs/92517504/,torneo actual,torneo actual,28,32.0,47.0,2026-09-19 · Serie A · Remo 1-2 Santos (P); 2026-09-14 · Serie A · Bahia 2-1 Remo (P); 2026-09-06 · Serie A · Remo 0-1 Flamengo (P); 2026-08-31 · Serie A · Remo 2-3 Coritiba (P); 2026-08-22 · Serie A · Fluminense 2-1 Remo (P),torneo actual,28,30.0,38.0,2026-09-20 · Serie A · Gremio 0-0 Palmeiras (E); 2026-09-16 · Serie A · Botafogo 3-2 Gremio (P); 2026-09-12 · Serie A · Gremio 1-2 Vasco DA Gama (P); 2026-09-07 · Serie A · Vitoria 1-0 Gremio (P); 2026-08-30 · Serie A · Gremio 3-1 Chapecoense-sc (G)
2026-10-07,17:30,Remo vs Gremio,,,SHOTS_TOTAL UNDER.18.5,SHOTS_TOTAL UNDER.18.5,SHOTS_TOTAL:UNDER_18_5,0.5%,0.004700,210.58,,,,,,,,,,,Sin cuota/EV,No encontrado en Betano,Solo modelo,2,3.48,3.475000,,Betano mapeado,Baja,contexto premium torneo actual,usa promedios del contexto premium/API-Football,el volumen ofensivo puede variar por planteamiento y marcador temprano,https://www.betano.pe/cuotas-de-partido/remo-pa-gremio-rs/92517504/,torneo actual,torneo actual,28,32.0,47.0,2026-09-19 · Serie A · Remo 1-2 Santos (P); 2026-09-14 · Serie A · Bahia 2-1 Remo (P); 2026-09-06 · Serie A · Remo 0-1 Flamengo (P); 2026-08-31 · Serie A · Remo 2-3 Coritiba (P); 2026-08-22 · Serie A · Fluminense 2-1 Remo (P),torneo actual,28,30.0,38.0,2026-09-20 · Serie A · Gremio 0-0 Palmeiras (E); 2026-09-16 · Serie A · Botafogo 3-2 Gremio (P); 2026-09-12 · Serie A · Gremio 1-2 Vasco DA Gama (P); 2026-09-07 · Serie A · Vitoria 1-0 Gremio (P); 2026-08-30 · Serie A · Gremio 3-1 Chapecoense-sc (G)
2026-10-07,18:00,Vitoria vs Chapecoense-sc,,,SHOTS_TOTAL OVER.18.5,SHOTS_TOTAL OVER.18.5,SHOTS_TOTAL:OVER_18_5,99.6%,0.996300,1.00,,,,,,,,,,,Sin cuota/EV,No encontrado en Betano,Solo modelo,2,102.63,102.626000,,Betano mapeado,Alta,contexto premium torneo actual,usa promedios del contexto premium/API-Football,el volumen ofensivo puede variar por planteamiento y marcador temprano,https://www.betano.pe/cuotas-de-partido/vitoria-ba-chapecoense-sc/92517471/,torneo actual,torneo actual,28,28.0,42.0,2026-09-20 · Serie A · Vitoria 1-3 Cruzeiro (P); 2026-09-13 · Serie A · Mirassol 2-2 Vitoria (E); 2026-09-07 · Serie A · Vitoria 1-0 Gremio (G); 2026-08-29 · Serie A · Atletico-MG 2-1 Vitoria (P); 2026-08-23 · Serie A · Vitoria 0-2 Bahia (P),torneo actual,27,29.0,53.0,2026-09-19 · Serie A · Atletico-MG 1-1 Chapecoense-sc (E); 2026-09-12 · Serie A · Chapecoense-sc 1-2 Internacional (P); 2026-09-06 · Serie A · Corinthians 1-2 Chapecoense-sc (G); 2026-08-30 · Serie A · Gremio 3-1 Chapecoense-sc (P); 2026-08-23 · Serie A · Chapecoense-sc 1-0 Sao Paulo (G)
2026-10-07,18:00,Vitoria vs Chapecoense-sc,,,SHOTS_TOTAL OVER.20.5,SHOTS_TOTAL OVER.20.5,SHOTS_TOTAL:OVER_20_5,98.8%,0.988100,1.01,,,,,,,,,,,Sin cuota/EV,No encontrado en Betano,Solo modelo,2,101.81,101.812000,,Betano mapeado,Alta,contexto premium torneo actual,usa promedios del contexto premium/API-Football,el volumen ofensivo puede variar por planteamiento y marcador temprano,https://www.betano.pe/cuotas-de-partido/vitoria-ba-chapecoense-sc/92517471/,torneo actual,torneo actual,28,28.0,42.0,2026-09-20 · Serie A · Vitoria 1-3 Cruzeiro (P); 2026-09-13 · Serie A · Mirassol 2-2 Vitoria (E); 2026-09-07 · Serie A · Vitoria 1-0 Gremio (G); 2026-08-29 · Serie A · Atletico-MG 2-1 Vitoria (P); 2026-08-23 · Serie A · Vitoria 0-2 Bahia (P),torneo actual,27,29.0,53.0,2026-09-19 · Serie A · Atletico-MG 1-1 Chapecoense-sc (E); 2026-09-12 · Serie A · Chapecoense-sc 1-2 Internacional (P); 2026-09-06 · Serie A · Corinthians 1-2 Chapecoense-sc (G); 2026-08-30 · Serie A · Gremio 3-1 Chapecoense-sc (P); 2026-08-23 · Serie A · Chapecoense-sc 1-0 Sao Paulo (G)
2026-10-07,18:00,Vitoria vs Chapecoense-sc,,,SHOTS_TOTAL OVER.22.5,SHOTS_TOTAL OVER.22.5,SHOTS_TOTAL:OVER_22_5,96.9%,0.968600,1.03,,,,,,,,,,,Sin cuota/EV,No encontrado en Betano,Solo modelo,2,99.86,99.856000,,Betano mapeado,Alta,contexto premium torneo actual,usa promedios del contexto premium/API-Football,el volumen ofensivo puede variar por planteamiento y marcador temprano,https://www.betano.pe/cuotas-de-partido/vitoria-ba-chapecoense-sc/92517471/,torneo actual,torneo actual,28,28.0,42.0,2026-09-20 · Serie A · Vitoria 1-3 Cruzeiro (P); 2026-09-13 · Serie A · Mirassol 2-2 Vitoria (E); 2026-09-07 · Serie A · Vitoria 1-0 Gremio (G); 2026-08-29 · Serie A · Atletico-MG 2-1 Vitoria (P); 2026-08-23 · Serie A · Vitoria 0-2 Bahia (P),torneo actual,27,29.0,53.0,2026-09-19 · Serie A · Atletico-MG 1-1 Chapecoense-sc (E); 2026-09-12 · Serie A · Chapecoense-sc 1-2 Internacional (P); 2026-09-06 · Serie A · Corinthians 1-2 Chapecoense-sc (G); 2026-08-30 · Serie A · Gremio 3-1 Chapecoense-sc (P); 2026-08-23 · Serie A · Chapecoense-sc 1-0 Sao Paulo (G)
2026-10-07,18:00,Vitoria vs Chapecoense-sc,,,Visita tarjetas +0.5,CARDS_AWAY OVER.0.5,CARDS_AWAY:OVER_0_5,95.0%,0.950200,1.05,,,,,,,,,,,Sin cuota/EV,No encontrado en Betano,Solo modelo,2,98.02,98.021000,,Betano mapeado,Alta,contexto premium torneo actual,usa promedios del contexto premium/API-Football,depende mucho del arbitro y del contexto competitivo,https://www.betano.pe/cuotas-de-partido/vitoria-ba-chapecoense-sc/92517471/,torneo actual,torneo actual,28,28.0,42.0,2026-09-20 · Serie A · Vitoria 1-3 Cruzeiro (P); 2026-09-13 · Serie A · Mirassol 2-2 Vitoria (E); 2026-09-07 · Serie A · Vitoria 1-0 Gremio (G); 2026-08-29 · Serie A · Atletico-MG 2-1 Vitoria (P); 2026-08-23 · Serie A · Vitoria 0-2 Bahia (P),torneo actual,27,29.0,53.0,2026-09-19 · Serie A · Atletico-MG 1-1 Chapecoense-sc (E); 2026-09-12 · Serie A · Chapecoense-sc 1-2 Internacional (P); 2026-09-06 · Serie A · Corinthians 1-2 Chapecoense-sc (G); 2026-08-30 · Serie A · Gremio 3-1 Chapecoense-sc (P); 2026-08-23 · Serie A · Chapecoense-sc 1-0 Sao Paulo (G)
2026-10-07,18:00,Vitoria vs Chapecoense-sc,,,SHOTS_TOTAL OVER.24.5,SHOTS_TOTAL OVER.24.5,SHOTS_TOTAL:OVER_24_5,92.9%,0.929300,1.08,,,,,,,,,,,Sin cuota/EV,No encontrado en Betano,Solo modelo,2,95.93,95.929000,,Betano mapeado,Alta,contexto premium torneo actual,usa promedios del contexto premium/API-Football,el volumen ofensivo puede variar por planteamiento y marcador temprano,https://www.betano.pe/cuotas-de-partido/vitoria-ba-chapecoense-sc/92517471/,torneo actual,torneo actual,28,28.0,42.0,2026-09-20 · Serie A · Vitoria 1-3 Cruzeiro (P); 2026-09-13 · Serie A · Mirassol 2-2 Vitoria (E); 2026-09-07 · Serie A · Vitoria 1-0 Gremio (G); 2026-08-29 · Serie A · Atletico-MG 2-1 Vitoria (P); 2026-08-23 · Serie A · Vitoria 0-2 Bahia (P),torneo actual,27,29.0,53.0,2026-09-19 · Serie A · Atletico-MG 1-1 Chapecoense-sc (E); 2026-09-12 · Serie A · Chapecoense-sc 1-2 Internacional (P); 2026-09-06 · Serie A · Corinthians 1-2 Chapecoense-sc (G); 2026-08-30 · Serie A · Gremio 3-1 Chapecoense-sc (P); 2026-08-23 · Serie A · Chapecoense-sc 1-0 Sao Paulo (G)
2026-10-07,18:00,Vitoria vs Chapecoense-sc,,,SHOTS_ON_TARGET_TOTAL OVER.6.5,SHOTS_ON_TARGET_TOTAL OVER.6.5,SHOTS_ON_TARGET_TOTAL:OVER_6_5,91.3%,0.912800,1.10,,,,,,,,,,,Sin cuota/EV,No encontrado en Betano,Solo modelo,2,94.28,94.278000,,Betano mapeado,Alta,contexto premium torneo actual,usa promedios del contexto premium/API-Football,el volumen ofensivo puede variar por planteamiento y marcador temprano,https://www.betano.pe/cuotas-de-partido/vitoria-ba-chapecoense-sc/92517471/,torneo actual,torneo actual,28,28.0,42.0,2026-09-20 · Serie A · Vitoria 1-3 Cruzeiro (P); 2026-09-13 · Serie A · Mirassol 2-2 Vitoria (E); 2026-09-07 · Serie A · Vitoria 1-0 Gremio (G); 2026-08-29 · Serie A · Atletico-MG 2-1 Vitoria (P); 2026-08-23 · Serie A · Vitoria 0-2 Bahia (P),torneo actual,27,29.0,53.0,2026-09-19 · Serie A · Atletico-MG 1-1 Chapecoense-sc (E); 2026-09-12 · Serie A · Chapecoense-sc 1-2 Internacional (P); 2026-09-06 · Serie A · Corinthians 1-2 Chapecoense-sc (G); 2026-08-30 · Serie A · Gremio 3-1 Chapecoense-sc (P); 2026-08-23 · Serie A · Chapecoense-sc 1-0 Sao Paulo (G)
2026-10-07,18:00,Vitoria vs Chapecoense-sc,,,Local tarjetas +0.5,CARDS_HOME OVER.0.5,CARDS_HOME:OVER_0_5,90.9%,0.909300,1.10,,,,,,,,,,,Sin cuota/EV,No encontrado en Betano,Solo modelo,2,93.93,93.928000,,Betano mapeado,Alta,contexto premium torneo actual,usa promedios del contexto premium/API-Football,depende mucho del arbitro y del contexto competitivo,https://www.betano.pe/cuotas-de-partido/vitoria-ba-chapecoense-sc/92517471/,torneo actual,torneo actual,28,28.0,42.0,2026-09-20 · Serie A · Vitoria 1-3 Cruzeiro (P); 2026-09-13 · Serie A · Mirassol 2-2 Vitoria (E); 2026-09-07 · Serie A · Vitoria 1-0 Gremio (G); 2026-08-29 · Serie A · Atletico-MG 2-1 Vitoria (P); 2026-08-23 · Serie A · Vitoria 0-2 Bahia (P),torneo actual,27,29.0,53.0,2026-09-19 · Serie A · Atletico-MG 1-1 Chapecoense-sc (E); 2026-09-12 · Serie A · Chapecoense-sc 1-2 Internacional (P); 2026-09-06 · Serie A · Corinthians 1-2 Chapecoense-sc (G); 2026-08-30 · Serie A · Gremio 3-1 Chapecoense-sc (P); 2026-08-23 · Serie A · Chapecoense-sc 1-0 Sao Paulo (G)
2026-10-07,18:00,Vitoria vs Chapecoense-sc,,,Tarjetas total +2.5,CARDS_TOTALS OVER.2.5,CARDS_TOTALS:OVER_2_5,90.5%,0.905200,1.10,,,,,,,,,,,Sin cuota/EV,No encontrado en Betano,Solo modelo,3,98.52,98.524000,,Betano mapeado,Alta,contexto premium torneo actual,usa promedios del contexto premium/API-Football,depende mucho del arbitro y del contexto competitivo,https://www.betano.pe/cuotas-de-partido/vitoria-ba-chapecoense-sc/92517471/,torneo actual,torneo actual,28,28.0,42.0,2026-09-20 · Serie A · Vitoria 1-3 Cruzeiro (P); 2026-09-13 · Serie A · Mirassol 2-2 Vitoria (E); 2026-09-07 · Serie A · Vitoria 1-0 Gremio (G); 2026-08-29 · Serie A · Atletico-MG 2-1 Vitoria (P); 2026-08-23 · Serie A · Vitoria 0-2 Bahia (P),torneo actual,27,29.0,53.0,2026-09-19 · Serie A · Atletico-MG 1-1 Chapecoense-sc (E); 2026-09-12 · Serie A · Chapecoense-sc 1-2 Internacional (P); 2026-09-06 · Serie A · Corinthians 1-2 Chapecoense-sc (G); 2026-08-30 · Serie A · Gremio 3-1 Chapecoense-sc (P); 2026-08-23 · Serie A · Chapecoense-sc 1-0 Sao Paulo (G)
2026-10-07,18:00,Vitoria vs Chapecoense-sc,,,SHOTS_TOTAL OVER.26.5,SHOTS_TOTAL OVER.26.5,SHOTS_TOTAL:OVER_26_5,86.2%,0.862400,1.16,,,,,,,,,,,Sin cuota/EV,No encontrado en Betano,Solo modelo,2,89.24,89.241000,,Betano mapeado,Alta,contexto premium torneo actual,usa promedios del contexto premium/API-Football,el volumen ofensivo puede variar por planteamiento y marcador temprano,https://www.betano.pe/cuotas-de-partido/vitoria-ba-chapecoense-sc/92517471/,torneo actual,torneo actual,28,28.0,42.0,2026-09-20 · Serie A · Vitoria 1-3 Cruzeiro (P); 2026-09-13 · Serie A · Mirassol 2-2 Vitoria (E); 2026-09-07 · Serie A · Vitoria 1-0 Gremio (G); 2026-08-29 · Serie A · Atletico-MG 2-1 Vitoria (P); 2026-08-23 · Serie A · Vitoria 0-2 Bahia (P),torneo actual,27,29.0,53.0,2026-09-19 · Serie A · Atletico-MG 1-1 Chapecoense-sc (E); 2026-09-12 · Serie A · Chapecoense-sc 1-2 Internacional (P); 2026-09-06 · Serie A · Corinthians 1-2 Chapecoense-sc (G); 2026-08-30 · Serie A · Gremio 3-1 Chapecoense-sc (P); 2026-08-23 · Serie A · Chapecoense-sc 1-0 Sao Paulo (G)
2026-10-07,18:00,Vitoria vs Chapecoense-sc,,,Visita goles -2.5,TEAM_TOTAL_AWAY UNDER.2.5,TEAM_TOTAL_AWAY:UNDER_2_5,86.0%,0.860100,1.16,,,,,,,,,,,Sin cuota/EV,No encontrado en Betano,Solo modelo,4,102.01,102.010000,,Betano mapeado,Alta,torneo actual,usa Poisson base con estadisticas de goles del torneo,un gol temprano o baja eficacia puede cambiar la lectura del mercado,https://www.betano.pe/cuotas-de-partido/vitoria-ba-chapecoense-sc/92517471/,torneo actual,torneo actual,28,28.0,42.0,2026-09-20 · Serie A · Vitoria 1-3 Cruzeiro (P); 2026-09-13 · Serie A · Mirassol 2-2 Vitoria (E); 2026-09-07 · Serie A · Vitoria 1-0 Gremio (G); 2026-08-29 · Serie A · Atletico-MG 2-1 Vitoria (P); 2026-08-23 · Serie A · Vitoria 0-2 Bahia (P),torneo actual,27,29.0,53.0,2026-09-19 · Serie A · Atletico-MG 1-1 Chapecoense-sc (E); 2026-09-12 · Serie A · Chapecoense-sc 1-2 Internacional (P); 2026-09-06 · Serie A · Corinthians 1-2 Chapecoense-sc (G); 2026-08-30 · Serie A · Gremio 3-1 Chapecoense-sc (P); 2026-08-23 · Serie A · Chapecoense-sc 1-0 Sao Paulo (G)
2026-10-07,18:00,Vitoria vs Chapecoense-sc,,,SHOTS_ON_TARGET_TOTAL OVER.7.5,SHOTS_ON_TARGET_TOTAL OVER.7.5,SHOTS_ON_TARGET_TOTAL:OVER_7_5,84.3%,0.843400,1.19,,,,,,,,,,,Sin cuota/EV,No encontrado en Betano,Solo modelo,2,87.34,87.342000,,Betano mapeado,Alta,contexto premium torneo actual,usa promedios del contexto premium/API-Football,el volumen ofensivo puede variar por planteamiento y marcador temprano,https://www.betano.pe/cuotas-de-partido/vitoria-ba-chapecoense-sc/92517471/,torneo actual,torneo actual,28,28.0,42.0,2026-09-20 · Serie A · Vitoria 1-3 Cruzeiro (P); 2026-09-13 · Serie A · Mirassol 2-2 Vitoria (E); 2026-09-07 · Serie A · Vitoria 1-0 Gremio (G); 2026-08-29 · Serie A · Atletico-MG 2-1 Vitoria (P); 2026-08-23 · Serie A · Vitoria 0-2 Bahia (P),torneo actual,27,29.0,53.0,2026-09-19 · Serie A · Atletico-MG 1-1 Chapecoense-sc (E); 2026-09-12 · Serie A · Chapecoense-sc 1-2 Internacional (P); 2026-09-06 · Serie A · Corinthians 1-2 Chapecoense-sc (G); 2026-08-30 · Serie A · Gremio 3-1 Chapecoense-sc (P); 2026-08-23 · Serie A · Chapecoense-sc 1-0 Sao Paulo (G)
2026-10-07,18:00,Vitoria vs Chapecoense-sc,,,Corners total +7.5,CORNERS_TOTALS OVER.7.5,CORNERS_TOTALS:OVER_7_5,81.4%,0.813700,1.23,,,,,,,,,,,Sin cuota/EV,No encontrado en Betano,Solo modelo,6,111.37,111.367000,,Betano mapeado,Alta,contexto premium torneo actual,usa promedios del contexto premium/API-Football,el volumen ofensivo puede variar por planteamiento y marcador temprano,https://www.betano.pe/cuotas-de-partido/vitoria-ba-chapecoense-sc/92517471/,torneo actual,torneo actual,28,28.0,42.0,2026-09-20 · Serie A · Vitoria 1-3 Cruzeiro (P); 2026-09-13 · Serie A · Mirassol 2-2 Vitoria (E); 2026-09-07 · Serie A · Vitoria 1-0 Gremio (G); 2026-08-29 · Serie A · Atletico-MG 2-1 Vitoria (P); 2026-08-23 · Serie A · Vitoria 0-2 Bahia (P),torneo actual,27,29.0,53.0,2026-09-19 · Serie A · Atletico-MG 1-1 Chapecoense-sc (E); 2026-09-12 · Serie A · Chapecoense-sc 1-2 Internacional (P); 2026-09-06 · Serie A · Corinthians 1-2 Chapecoense-sc (G); 2026-08-30 · Serie A · Gremio 3-1 Chapecoense-sc (P); 2026-08-23 · Serie A · Chapecoense-sc 1-0 Sao Paulo (G)
2026-10-07,18:00,Vitoria vs Chapecoense-sc,,,Local corners +3.5,CORNERS_HOME OVER.3.5,CORNERS_HOME:OVER_3_5,80.9%,0.809400,1.24,,,,,,,,,,,Sin cuota/EV,No encontrado en Betano,Solo modelo,4,96.94,96.938000,,Betano mapeado,Alta,contexto premium torneo actual,usa promedios del contexto premium/API-Football,el volumen ofensivo puede variar por planteamiento y marcador temprano,https://www.betano.pe/cuotas-de-partido/vitoria-ba-chapecoense-sc/92517471/,torneo actual,torneo actual,28,28.0,42.0,2026-09-20 · Serie A · Vitoria 1-3 Cruzeiro (P); 2026-09-13 · Serie A · Mirassol 2-2 Vitoria (E); 2026-09-07 · Serie A · Vitoria 1-0 Gremio (G); 2026-08-29 · Serie A · Atletico-MG 2-1 Vitoria (P); 2026-08-23 · Serie A · Vitoria 0-2 Bahia (P),torneo actual,27,29.0,53.0,2026-09-19 · Serie A · Atletico-MG 1-1 Chapecoense-sc (E); 2026-09-12 · Serie A · Chapecoense-sc 1-2 Internacional (P); 2026-09-06 · Serie A · Corinthians 1-2 Chapecoense-sc (G); 2026-08-30 · Serie A · Gremio 3-1 Chapecoense-sc (P); 2026-08-23 · Serie A · Chapecoense-sc 1-0 Sao Paulo (G)
2026-10-07,18:00,Vitoria vs Chapecoense-sc,,,Visita tarjetas +1.5,CARDS_AWAY OVER.1.5,CARDS_AWAY:OVER_1_5,80.1%,0.800900,1.25,,,,,,,,,,,Sin cuota/EV,No encontrado en Betano,Solo modelo,2,83.08,83.085000,,Betano mapeado,Alta,contexto premium torneo actual,usa promedios del contexto premium/API-Football,depende mucho del arbitro y del contexto competitivo,https://www.betano.pe/cuotas-de-partido/vitoria-ba-chapecoense-sc/92517471/,torneo actual,torneo actual,28,28.0,42.0,2026-09-20 · Serie A · Vitoria 1-3 Cruzeiro (P); 2026-09-13 · Serie A · Mirassol 2-2 Vitoria (E); 2026-09-07 · Serie A · Vitoria 1-0 Gremio (G); 2026-08-29 · Serie A · Atletico-MG 2-1 Vitoria (P); 2026-08-23 · Serie A · Vitoria 0-2 Bahia (P),torneo actual,27,29.0,53.0,2026-09-19 · Serie A · Atletico-MG 1-1 Chapecoense-sc (E); 2026-09-12 · Serie A · Chapecoense-sc 1-2 Internacional (P); 2026-09-06 · Serie A · Corinthians 1-2 Chapecoense-sc (G); 2026-08-30 · Serie A · Gremio 3-1 Chapecoense-sc (P); 2026-08-23 · Serie A · Chapecoense-sc 1-0 Sao Paulo (G)
2026-10-07,18:00,Vitoria vs Chapecoense-sc,,,Local goles +0.5,TEAM_TOTAL_HOME OVER.0.5,TEAM_TOTAL_HOME:OVER_0_5,79.8%,0.798100,1.25,,,,,,,,,,,Sin cuota/EV,No encontrado en Betano,Solo modelo,4,95.81,95.805000,,Betano mapeado,Alta,torneo actual,usa Poisson base con estadisticas de goles del torneo,un gol temprano o baja eficacia puede cambiar la lectura del mercado,https://www.betano.pe/cuotas-de-partido/vitoria-ba-chapecoense-sc/92517471/,torneo actual,torneo actual,28,28.0,42.0,2026-09-20 · Serie A · Vitoria 1-3 Cruzeiro (P); 2026-09-13 · Serie A · Mirassol 2-2 Vitoria (E); 2026-09-07 · Serie A · Vitoria 1-0 Gremio (G); 2026-08-29 · Serie A · Atletico-MG 2-1 Vitoria (P); 2026-08-23 · Serie A · Vitoria 0-2 Bahia (P),torneo actual,27,29.0,53.0,2026-09-19 · Serie A · Atletico-MG 1-1 Chapecoense-sc (E); 2026-09-12 · Serie A · Chapecoense-sc 1-2 Internacional (P); 2026-09-06 · Serie A · Corinthians 1-2 Chapecoense-sc (G); 2026-08-30 · Serie A · Gremio 3-1 Chapecoense-sc (P); 2026-08-23 · Serie A · Chapecoense-sc 1-0 Sao Paulo (G)
2026-10-07,18:00,Vitoria vs Chapecoense-sc,,,Visita corners -6.5,CORNERS_AWAY UNDER.6.5,CORNERS_AWAY:UNDER_6_5,79.1%,0.790800,1.26,,,,,,,,,,,Sin cuota/EV,No encontrado en Betano,Solo modelo,4,95.08,95.080000,,Betano mapeado,Alta,contexto premium torneo actual,usa promedios del contexto premium/API-Football,el volumen ofensivo puede variar por planteamiento y marcador temprano,https://www.betano.pe/cuotas-de-partido/vitoria-ba-chapecoense-sc/92517471/,torneo actual,torneo actual,28,28.0,42.0,2026-09-20 · Serie A · Vitoria 1-3 Cruzeiro (P); 2026-09-13 · Serie A · Mirassol 2-2 Vitoria (E); 2026-09-07 · Serie A · Vitoria 1-0 Gremio (G); 2026-08-29 · Serie A · Atletico-MG 2-1 Vitoria (P); 2026-08-23 · Serie A · Vitoria 0-2 Bahia (P),torneo actual,27,29.0,53.0,2026-09-19 · Serie A · Atletico-MG 1-1 Chapecoense-sc (E); 2026-09-12 · Serie A · Chapecoense-sc 1-2 Internacional (P); 2026-09-06 · Serie A · Corinthians 1-2 Chapecoense-sc (G); 2026-08-30 · Serie A · Gremio 3-1 Chapecoense-sc (P); 2026-08-23 · Serie A · Chapecoense-sc 1-0 Sao Paulo (G)
2026-10-07,18:00,Vitoria vs Chapecoense-sc,,Betano,Tarjetas total +3.5,CARDS_TOTALS OVER.3.5,CARDS_TOTALS:OVER_3_5,78.7%,0.786700,1.27,,,,,,1.38,0.09,0.085600,0.11,1.09,Sin cuota/EV,EV positivo Betano,Solo modelo,3,96.04,96.041000,,Betano mapeado,Alta,contexto premium torneo actual,usa promedios del contexto premium/API-Football,depende mucho del arbitro y del contexto competitivo,https://www.betano.pe/cuotas-de-partido/vitoria-ba-chapecoense-sc/92517471/,torneo actual,torneo actual,28,28.0,42.0,2026-09-20 · Serie A · Vitoria 1-3 Cruzeiro (P); 2026-09-13 · Serie A · Mirassol 2-2 Vitoria (E); 2026-09-07 · Serie A · Vitoria 1-0 Gremio (G); 2026-08-29 · Serie A · Atletico-MG 2-1 Vitoria (P); 2026-08-23 · Serie A · Vitoria 0-2 Bahia (P),torneo actual,27,29.0,53.0,2026-09-19 · Serie A · Atletico-MG 1-1 Chapecoense-sc (E); 2026-09-12 · Serie A · Chapecoense-sc 1-2 Internacional (P); 2026-09-06 · Serie A · Corinthians 1-2 Chapecoense-sc (G); 2026-08-30 · Serie A · Gremio 3-1 Chapecoense-sc (P); 2026-08-23 · Serie A · Chapecoense-sc 1-0 Sao Paulo (G)
2026-10-07,18:00,Vitoria vs Chapecoense-sc,,,Local goles -2.5,TEAM_TOTAL_HOME UNDER.2.5,TEAM_TOTAL_HOME:UNDER_2_5,78.3%,0.783400,1.28,,,,,,,,,,,Sin cuota/EV,No encontrado en Betano,Solo modelo,4,94.34,94.341000,,Betano mapeado,Alta,torneo actual,usa Poisson base con estadisticas de goles del torneo,un gol temprano o baja eficacia puede cambiar la lectura del mercado,https://www.betano.pe/cuotas-de-partido/vitoria-ba-chapecoense-sc/92517471/,torneo actual,torneo actual,28,28.0,42.0,2026-09-20 · Serie A · Vitoria 1-3 Cruzeiro (P); 2026-09-13 · Serie A · Mirassol 2-2 Vitoria (E); 2026-09-07 · Serie A · Vitoria 1-0 Gremio (G); 2026-08-29 · Serie A · Atletico-MG 2-1 Vitoria (P); 2026-08-23 · Serie A · Vitoria 0-2 Bahia (P),torneo actual,27,29.0,53.0,2026-09-19 · Serie A · Atletico-MG 1-1 Chapecoense-sc (E); 2026-09-12 · Serie A · Chapecoense-sc 1-2 Internacional (P); 2026-09-06 · Serie A · Corinthians 1-2 Chapecoense-sc (G); 2026-08-30 · Serie A · Gremio 3-1 Chapecoense-sc (P); 2026-08-23 · Serie A · Chapecoense-sc 1-0 Sao Paulo (G)
2026-10-07,18:00,Vitoria vs Chapecoense-sc,William Hill,Betano,Goles +1.5,TOTALS OVER.1.5,TOTALS:OVER_1_5,78.3%,0.783300,1.28,2.15,0.68,0.684000,0.87,1.68,1.30,0.02,0.018300,0.02,1.02,EV positivo,EV positivo Betano,Seguro,10,153.93,153.934000,,Betano mapeado,Alta,torneo actual,usa Poisson base con estadisticas de goles del torneo,un gol temprano o baja eficacia puede cambiar la lectura del mercado,https://www.betano.pe/cuotas-de-partido/vitoria-ba-chapecoense-sc/92517471/,torneo actual,torneo actual,28,28.0,42.0,2026-09-20 · Serie A · Vitoria 1-3 Cruzeiro (P); 2026-09-13 · Serie A · Mirassol 2-2 Vitoria (E); 2026-09-07 · Serie A · Vitoria 1-0 Gremio (G); 2026-08-29 · Serie A · Atletico-MG 2-1 Vitoria (P); 2026-08-23 · Serie A · Vitoria 0-2 Bahia (P),torneo actual,27,29.0,53.0,2026-09-19 · Serie A · Atletico-MG 1-1 Chapecoense-sc (E); 2026-09-12 · Serie A · Chapecoense-sc 1-2 Internacional (P); 2026-09-06 · Serie A · Corinthians 1-2 Chapecoense-sc (G); 2026-08-30 · Serie A · Gremio 3-1 Chapecoense-sc (P); 2026-08-23 · Serie A · Chapecoense-sc 1-0 Sao Paulo (G)
2026-10-07,18:00,Vitoria vs Chapecoense-sc,,,Local tarjetas -3.5,CARDS_HOME UNDER.3.5,CARDS_HOME:UNDER_3_5,77.9%,0.778700,1.28,,,,,,,,,,,Sin cuota/EV,No encontrado en Betano,Solo modelo,2,80.87,80.872000,,Betano mapeado,Alta,contexto premium torneo actual,usa promedios del contexto premium/API-Football,depende mucho del arbitro y del contexto competitivo,https://www.betano.pe/cuotas-de-partido/vitoria-ba-chapecoense-sc/92517471/,torneo actual,torneo actual,28,28.0,42.0,2026-09-20 · Serie A · Vitoria 1-3 Cruzeiro (P); 2026-09-13 · Serie A · Mirassol 2-2 Vitoria (E); 2026-09-07 · Serie A · Vitoria 1-0 Gremio (G); 2026-08-29 · Serie A · Atletico-MG 2-1 Vitoria (P); 2026-08-23 · Serie A · Vitoria 0-2 Bahia (P),torneo actual,27,29.0,53.0,2026-09-19 · Serie A · Atletico-MG 1-1 Chapecoense-sc (E); 2026-09-12 · Serie A · Chapecoense-sc 1-2 Internacional (P); 2026-09-06 · Serie A · Corinthians 1-2 Chapecoense-sc (G); 2026-08-30 · Serie A · Gremio 3-1 Chapecoense-sc (P); 2026-08-23 · Serie A · Chapecoense-sc 1-0 Sao Paulo (G)
2026-10-07,18:00,Vitoria vs Chapecoense-sc,,,DOUBLE_CHANCE 12,DOUBLE_CHANCE 12,DOUBLE_CHANCE:12,75.5%,0.755000,1.32,,,,,,,,,,,Sin cuota/EV,No encontrado en Betano,Solo modelo,9,120.50,120.495000,,Betano mapeado,Alta,torneo actual,usa Poisson base con estadisticas de goles del torneo,riesgo propio del resultado final y variacion del modelo,https://www.betano.pe/cuotas-de-partido/vitoria-ba-chapecoense-sc/92517471/,torneo actual,torneo actual,28,28.0,42.0,2026-09-20 · Serie A · Vitoria 1-3 Cruzeiro (P); 2026-09-13 · Serie A · Mirassol 2-2 Vitoria (E); 2026-09-07 · Serie A · Vitoria 1-0 Gremio (G); 2026-08-29 · Serie A · Atletico-MG 2-1 Vitoria (P); 2026-08-23 · Serie A · Vitoria 0-2 Bahia (P),torneo actual,27,29.0,53.0,2026-09-19 · Serie A · Atletico-MG 1-1 Chapecoense-sc (E); 2026-09-12 · Serie A · Chapecoense-sc 1-2 Internacional (P); 2026-09-06 · Serie A · Corinthians 1-2 Chapecoense-sc (G); 2026-08-30 · Serie A · Gremio 3-1 Chapecoense-sc (P); 2026-08-23 · Serie A · Chapecoense-sc 1-0 Sao Paulo (G)
2026-10-07,18:00,Vitoria vs Chapecoense-sc,,,SHOTS_ON_TARGET_TOTAL OVER.8.5,SHOTS_ON_TARGET_TOTAL OVER.8.5,SHOTS_ON_TARGET_TOTAL:OVER_8_5,75.0%,0.749800,1.33,,,,,,,,,,,Sin cuota/EV,No encontrado en Betano,Solo modelo,2,77.98,77.977000,,Betano mapeado,Alta,contexto premium torneo actual,usa promedios del contexto premium/API-Football,el volumen ofensivo puede variar por planteamiento y marcador temprano,https://www.betano.pe/cuotas-de-partido/vitoria-ba-chapecoense-sc/92517471/,torneo actual,torneo actual,28,28.0,42.0,2026-09-20 · Serie A · Vitoria 1-3 Cruzeiro (P); 2026-09-13 · Serie A · Mirassol 2-2 Vitoria (E); 2026-09-07 · Serie A · Vitoria 1-0 Gremio (G); 2026-08-29 · Serie A · Atletico-MG 2-1 Vitoria (P); 2026-08-23 · Serie A · Vitoria 0-2 Bahia (P),torneo actual,27,29.0,53.0,2026-09-19 · Serie A · Atletico-MG 1-1 Chapecoense-sc (E); 2026-09-12 · Serie A · Chapecoense-sc 1-2 Internacional (P); 2026-09-06 · Serie A · Corinthians 1-2 Chapecoense-sc (G); 2026-08-30 · Serie A · Gremio 3-1 Chapecoense-sc (P); 2026-08-23 · Serie A · Chapecoense-sc 1-0 Sao Paulo (G)
2026-10-07,18:00,Vitoria vs Chapecoense-sc,William Hill,Betano,1T +0.5,FIRST_HALF_TOTALS OVER.0.5,FIRST_HALF_TOTALS:OVER_0_5,72.8%,0.727500,1.38,1.35,-0.02,-0.017900,-0.02,0.98,1.42,0.03,0.033100,0.04,1.03,EV negativo,EV positivo Betano,Equilibrado,5,105.95,105.954000,,Betano mapeado,Alta,contexto premium torneo actual,usa promedios del contexto premium/API-Football,el primer tiempo puede tener ritmo bajo o rotaciones,https://www.betano.pe/cuotas-de-partido/vitoria-ba-chapecoense-sc/92517471/,torneo actual,torneo actual,28,28.0,42.0,2026-09-20 · Serie A · Vitoria 1-3 Cruzeiro (P); 2026-09-13 · Serie A · Mirassol 2-2 Vitoria (E); 2026-09-07 · Serie A · Vitoria 1-0 Gremio (G); 2026-08-29 · Serie A · Atletico-MG 2-1 Vitoria (P); 2026-08-23 · Serie A · Vitoria 0-2 Bahia (P),torneo actual,27,29.0,53.0,2026-09-19 · Serie A · Atletico-MG 1-1 Chapecoense-sc (E); 2026-09-12 · Serie A · Chapecoense-sc 1-2 Internacional (P); 2026-09-06 · Serie A · Corinthians 1-2 Chapecoense-sc (G); 2026-08-30 · Serie A · Gremio 3-1 Chapecoense-sc (P); 2026-08-23 · Serie A · Chapecoense-sc 1-0 Sao Paulo (G)
2026-10-07,18:00,Vitoria vs Chapecoense-sc,,,Visita goles +0.5,TEAM_TOTAL_AWAY OVER.0.5,TEAM_TOTAL_AWAY:OVER_0_5,72.4%,0.723900,1.38,,,,,,,,,,,Sin cuota/EV,No encontrado en Betano,Solo modelo,4,88.39,88.387000,,Betano mapeado,Alta,torneo actual,usa Poisson base con estadisticas de goles del torneo,un gol temprano o baja eficacia puede cambiar la lectura del mercado,https://www.betano.pe/cuotas-de-partido/vitoria-ba-chapecoense-sc/92517471/,torneo actual,torneo actual,28,28.0,42.0,2026-09-20 · Serie A · Vitoria 1-3 Cruzeiro (P); 2026-09-13 · Serie A · Mirassol 2-2 Vitoria (E); 2026-09-07 · Serie A · Vitoria 1-0 Gremio (G); 2026-08-29 · Serie A · Atletico-MG 2-1 Vitoria (P); 2026-08-23 · Serie A · Vitoria 0-2 Bahia (P),torneo actual,27,29.0,53.0,2026-09-19 · Serie A · Atletico-MG 1-1 Chapecoense-sc (E); 2026-09-12 · Serie A · Chapecoense-sc 1-2 Internacional (P); 2026-09-06 · Serie A · Corinthians 1-2 Chapecoense-sc (G); 2026-08-30 · Serie A · Gremio 3-1 Chapecoense-sc (P); 2026-08-23 · Serie A · Chapecoense-sc 1-0 Sao Paulo (G)
2026-10-07,18:00,Vitoria vs Chapecoense-sc,,,Corners total +8.5,CORNERS_TOTALS OVER.8.5,CORNERS_TOTALS:OVER_8_5,71.0%,0.710400,1.41,,,,,,,,,,,Sin cuota/EV,No encontrado en Betano,Solo modelo,6,101.04,101.038000,,Betano mapeado,Alta,contexto premium torneo actual,usa promedios del contexto premium/API-Football,el volumen ofensivo puede variar por planteamiento y marcador temprano,https://www.betano.pe/cuotas-de-partido/vitoria-ba-chapecoense-sc/92517471/,torneo actual,torneo actual,28,28.0,42.0,2026-09-20 · Serie A · Vitoria 1-3 Cruzeiro (P); 2026-09-13 · Serie A · Mirassol 2-2 Vitoria (E); 2026-09-07 · Serie A · Vitoria 1-0 Gremio (G); 2026-08-29 · Serie A · Atletico-MG 2-1 Vitoria (P); 2026-08-23 · Serie A · Vitoria 0-2 Bahia (P),torneo actual,27,29.0,53.0,2026-09-19 · Serie A · Atletico-MG 1-1 Chapecoense-sc (E); 2026-09-12 · Serie A · Chapecoense-sc 1-2 Internacional (P); 2026-09-06 · Serie A · Corinthians 1-2 Chapecoense-sc (G); 2026-08-30 · Serie A · Gremio 3-1 Chapecoense-sc (P); 2026-08-23 · Serie A · Chapecoense-sc 1-0 Sao Paulo (G)
2026-10-07,18:00,Vitoria vs Chapecoense-sc,,,Visita corners +3.5,CORNERS_AWAY OVER.3.5,CORNERS_AWAY:OVER_3_5,70.6%,0.705800,1.42,,,,,,,,,,,Sin cuota/EV,No encontrado en Betano,Solo modelo,4,86.58,86.577000,,Betano mapeado,Alta,contexto premium torneo actual,usa promedios del contexto premium/API-Football,el volumen ofensivo puede variar por planteamiento y marcador temprano,https://www.betano.pe/cuotas-de-partido/vitoria-ba-chapecoense-sc/92517471/,torneo actual,torneo actual,28,28.0,42.0,2026-09-20 · Serie A · Vitoria 1-3 Cruzeiro (P); 2026-09-13 · Serie A · Mirassol 2-2 Vitoria (E); 2026-09-07 · Serie A · Vitoria 1-0 Gremio (G); 2026-08-29 · Serie A · Atletico-MG 2-1 Vitoria (P); 2026-08-23 · Serie A · Vitoria 0-2 Bahia (P),torneo actual,27,29.0,53.0,2026-09-19 · Serie A · Atletico-MG 1-1 Chapecoense-sc (E); 2026-09-12 · Serie A · Chapecoense-sc 1-2 Internacional (P); 2026-09-06 · Serie A · Corinthians 1-2 Chapecoense-sc (G); 2026-08-30 · Serie A · Gremio 3-1 Chapecoense-sc (P); 2026-08-23 · Serie A · Chapecoense-sc 1-0 Sao Paulo (G)
2026-10-07,18:00,Vitoria vs Chapecoense-sc,,,Tarjetas total -6.5,CARDS_TOTALS UNDER.6.5,CARDS_TOTALS:UNDER_6_5,70.2%,0.701700,1.43,,,,,,,,,,,Sin cuota/EV,No encontrado en Betano,Solo modelo,3,78.17,78.167000,,Betano mapeado,Alta,contexto premium torneo actual,usa promedios del contexto premium/API-Football,depende mucho del arbitro y del contexto competitivo,https://www.betano.pe/cuotas-de-partido/vitoria-ba-chapecoense-sc/92517471/,torneo actual,torneo actual,28,28.0,42.0,2026-09-20 · Serie A · Vitoria 1-3 Cruzeiro (P); 2026-09-13 · Serie A · Mirassol 2-2 Vitoria (E); 2026-09-07 · Serie A · Vitoria 1-0 Gremio (G); 2026-08-29 · Serie A · Atletico-MG 2-1 Vitoria (P); 2026-08-23 · Serie A · Vitoria 0-2 Bahia (P),torneo actual,27,29.0,53.0,2026-09-19 · Serie A · Atletico-MG 1-1 Chapecoense-sc (E); 2026-09-12 · Serie A · Chapecoense-sc 1-2 Internacional (P); 2026-09-06 · Serie A · Corinthians 1-2 Chapecoense-sc (G); 2026-08-30 · Serie A · Gremio 3-1 Chapecoense-sc (P); 2026-08-23 · Serie A · Chapecoense-sc 1-0 Sao Paulo (G)
2026-10-07,18:00,Vitoria vs Chapecoense-sc,,,DOUBLE_CHANCE 1X,DOUBLE_CHANCE 1X,DOUBLE_CHANCE:1X,69.2%,0.692200,1.45,,,,,,,,,,,Sin cuota/EV,No encontrado en Betano,Solo modelo,9,114.22,114.225000,,Betano mapeado,Media,torneo actual,usa Poisson base con estadisticas de goles del torneo,riesgo propio del resultado final y variacion del modelo,https://www.betano.pe/cuotas-de-partido/vitoria-ba-chapecoense-sc/92517471/,torneo actual,torneo actual,28,28.0,42.0,2026-09-20 · Serie A · Vitoria 1-3 Cruzeiro (P); 2026-09-13 · Serie A · Mirassol 2-2 Vitoria (E); 2026-09-07 · Serie A · Vitoria 1-0 Gremio (G); 2026-08-29 · Serie A · Atletico-MG 2-1 Vitoria (P); 2026-08-23 · Serie A · Vitoria 0-2 Bahia (P),torneo actual,27,29.0,53.0,2026-09-19 · Serie A · Atletico-MG 1-1 Chapecoense-sc (E); 2026-09-12 · Serie A · Chapecoense-sc 1-2 Internacional (P); 2026-09-06 · Serie A · Corinthians 1-2 Chapecoense-sc (G); 2026-08-30 · Serie A · Gremio 3-1 Chapecoense-sc (P); 2026-08-23 · Serie A · Chapecoense-sc 1-0 Sao Paulo (G)
2026-10-07,18:00,Vitoria vs Chapecoense-sc,,,Local tarjetas +1.5,CARDS_HOME OVER.1.5,CARDS_HOME:OVER_1_5,69.2%,0.691600,1.45,,,,,,,,,,,Sin cuota/EV,No encontrado en Betano,Solo modelo,2,72.16,72.156000,,Betano mapeado,Media,contexto premium torneo actual,usa promedios del contexto premium/API-Football,depende mucho del arbitro y del contexto competitivo,https://www.betano.pe/cuotas-de-partido/vitoria-ba-chapecoense-sc/92517471/,torneo actual,torneo actual,28,28.0,42.0,2026-09-20 · Serie A · Vitoria 1-3 Cruzeiro (P); 2026-09-13 · Serie A · Mirassol 2-2 Vitoria (E); 2026-09-07 · Serie A · Vitoria 1-0 Gremio (G); 2026-08-29 · Serie A · Atletico-MG 2-1 Vitoria (P); 2026-08-23 · Serie A · Vitoria 0-2 Bahia (P),torneo actual,27,29.0,53.0,2026-09-19 · Serie A · Atletico-MG 1-1 Chapecoense-sc (E); 2026-09-12 · Serie A · Chapecoense-sc 1-2 Internacional (P); 2026-09-06 · Serie A · Corinthians 1-2 Chapecoense-sc (G); 2026-08-30 · Serie A · Gremio 3-1 Chapecoense-sc (P); 2026-08-23 · Serie A · Chapecoense-sc 1-0 Sao Paulo (G)
2026-10-07,18:00,Vitoria vs Chapecoense-sc,William Hill,Betano,Goles -3.5,TOTALS UNDER.3.5,TOTALS:UNDER_3_5,67.3%,0.672600,1.49,1.04,-0.30,-0.300500,-0.45,0.70,1.36,-0.09,-0.085300,-0.13,0.91,EV negativo,EV negativo Betano,Evitar,10,99.48,99.483000,Cuota por debajo de la cuota justa: valor limitado,Betano mapeado,Media,torneo actual,usa Poisson base con estadisticas de goles del torneo,un gol temprano o baja eficacia puede cambiar la lectura del mercado,https://www.betano.pe/cuotas-de-partido/vitoria-ba-chapecoense-sc/92517471/,torneo actual,torneo actual,28,28.0,42.0,2026-09-20 · Serie A · Vitoria 1-3 Cruzeiro (P); 2026-09-13 · Serie A · Mirassol 2-2 Vitoria (E); 2026-09-07 · Serie A · Vitoria 1-0 Gremio (G); 2026-08-29 · Serie A · Atletico-MG 2-1 Vitoria (P); 2026-08-23 · Serie A · Vitoria 0-2 Bahia (P),torneo actual,27,29.0,53.0,2026-09-19 · Serie A · Atletico-MG 1-1 Chapecoense-sc (E); 2026-09-12 · Serie A · Chapecoense-sc 1-2 Internacional (P); 2026-09-06 · Serie A · Corinthians 1-2 Chapecoense-sc (G); 2026-08-30 · Serie A · Gremio 3-1 Chapecoense-sc (P); 2026-08-23 · Serie A · Chapecoense-sc 1-0 Sao Paulo (G)
2026-10-07,18:00,Vitoria vs Chapecoense-sc,,,Local corners -6.5,CORNERS_HOME UNDER.6.5,CORNERS_HOME:UNDER_6_5,67.0%,0.670300,1.49,,,,,,,,,,,Sin cuota/EV,No encontrado en Betano,Solo modelo,4,83.03,83.026000,,Betano mapeado,Media,contexto premium torneo actual,usa promedios del contexto premium/API-Football,el volumen ofensivo puede variar por planteamiento y marcador temprano,https://www.betano.pe/cuotas-de-partido/vitoria-ba-chapecoense-sc/92517471/,torneo actual,torneo actual,28,28.0,42.0,2026-09-20 · Serie A · Vitoria 1-3 Cruzeiro (P); 2026-09-13 · Serie A · Mirassol 2-2 Vitoria (E); 2026-09-07 · Serie A · Vitoria 1-0 Gremio (G); 2026-08-29 · Serie A · Atletico-MG 2-1 Vitoria (P); 2026-08-23 · Serie A · Vitoria 0-2 Bahia (P),torneo actual,27,29.0,53.0,2026-09-19 · Serie A · Atletico-MG 1-1 Chapecoense-sc (E); 2026-09-12 · Serie A · Chapecoense-sc 1-2 Internacional (P); 2026-09-06 · Serie A · Corinthians 1-2 Chapecoense-sc (G); 2026-08-30 · Serie A · Gremio 3-1 Chapecoense-sc (P); 2026-08-23 · Serie A · Chapecoense-sc 1-0 Sao Paulo (G)
2026-10-07,18:00,Vitoria vs Chapecoense-sc,,,Local corners +4.5,CORNERS_HOME OVER.4.5,CORNERS_HOME:OVER_4_5,65.8%,0.657800,1.52,,,,,,,,,,,Sin cuota/EV,No encontrado en Betano,Solo modelo,4,81.78,81.785000,,Betano mapeado,Media,contexto premium torneo actual,usa promedios del contexto premium/API-Football,el volumen ofensivo puede variar por planteamiento y marcador temprano,https://www.betano.pe/cuotas-de-partido/vitoria-ba-chapecoense-sc/92517471/,torneo actual,torneo actual,28,28.0,42.0,2026-09-20 · Serie A · Vitoria 1-3 Cruzeiro (P); 2026-09-13 · Serie A · Mirassol 2-2 Vitoria (E); 2026-09-07 · Serie A · Vitoria 1-0 Gremio (G); 2026-08-29 · Serie A · Atletico-MG 2-1 Vitoria (P); 2026-08-23 · Serie A · Vitoria 0-2 Bahia (P),torneo actual,27,29.0,53.0,2026-09-19 · Serie A · Atletico-MG 1-1 Chapecoense-sc (E); 2026-09-12 · Serie A · Chapecoense-sc 1-2 Internacional (P); 2026-09-06 · Serie A · Corinthians 1-2 Chapecoense-sc (G); 2026-08-30 · Serie A · Gremio 3-1 Chapecoense-sc (P); 2026-08-23 · Serie A · Chapecoense-sc 1-0 Sao Paulo (G)
2026-10-07,18:00,Vitoria vs Chapecoense-sc,,,Visita corners -5.5,CORNERS_AWAY UNDER.5.5,CORNERS_AWAY:UNDER_5_5,65.1%,0.651000,1.54,,,,,,,,,,,Sin cuota/EV,No encontrado en Betano,Solo modelo,4,81.10,81.101000,,Betano mapeado,Media,contexto premium torneo actual,usa promedios del contexto premium/API-Football,el volumen ofensivo puede variar por planteamiento y marcador temprano,https://www.betano.pe/cuotas-de-partido/vitoria-ba-chapecoense-sc/92517471/,torneo actual,torneo actual,28,28.0,42.0,2026-09-20 · Serie A · Vitoria 1-3 Cruzeiro (P); 2026-09-13 · Serie A · Mirassol 2-2 Vitoria (E); 2026-09-07 · Serie A · Vitoria 1-0 Gremio (G); 2026-08-29 · Serie A · Atletico-MG 2-1 Vitoria (P); 2026-08-23 · Serie A · Vitoria 0-2 Bahia (P),torneo actual,27,29.0,53.0,2026-09-19 · Serie A · Atletico-MG 1-1 Chapecoense-sc (E); 2026-09-12 · Serie A · Chapecoense-sc 1-2 Internacional (P); 2026-09-06 · Serie A · Corinthians 1-2 Chapecoense-sc (G); 2026-08-30 · Serie A · Gremio 3-1 Chapecoense-sc (P); 2026-08-23 · Serie A · Chapecoense-sc 1-0 Sao Paulo (G)
2026-10-07,18:00,Vitoria vs Chapecoense-sc,,Betano,Corners total -11.5,CORNERS_TOTALS UNDER.11.5,CORNERS_TOTALS:UNDER_11_5,65.0%,0.650500,1.54,,,,,,1.53,-0.00,-0.004700,-0.01,1.00,Sin cuota/EV,EV negativo Betano,Solo modelo,6,102.97,102.974000,,Betano mapeado,Media,contexto premium torneo actual,usa promedios del contexto premium/API-Football,el volumen ofensivo puede variar por planteamiento y marcador temprano,https://www.betano.pe/cuotas-de-partido/vitoria-ba-chapecoense-sc/92517471/,torneo actual,torneo actual,28,28.0,42.0,2026-09-20 · Serie A · Vitoria 1-3 Cruzeiro (P); 2026-09-13 · Serie A · Mirassol 2-2 Vitoria (E); 2026-09-07 · Serie A · Vitoria 1-0 Gremio (G); 2026-08-29 · Serie A · Atletico-MG 2-1 Vitoria (P); 2026-08-23 · Serie A · Vitoria 0-2 Bahia (P),torneo actual,27,29.0,53.0,2026-09-19 · Serie A · Atletico-MG 1-1 Chapecoense-sc (E); 2026-09-12 · Serie A · Chapecoense-sc 1-2 Internacional (P); 2026-09-06 · Serie A · Corinthians 1-2 Chapecoense-sc (G); 2026-08-30 · Serie A · Gremio 3-1 Chapecoense-sc (P); 2026-08-23 · Serie A · Chapecoense-sc 1-0 Sao Paulo (G)
2026-10-07,18:00,Vitoria vs Chapecoense-sc,,,Visita tarjetas -3.5,CARDS_AWAY UNDER.3.5,CARDS_AWAY:UNDER_3_5,64.7%,0.647200,1.54,,,,,,,,,,,Sin cuota/EV,No encontrado en Betano,Solo modelo,2,67.72,67.723000,,Betano mapeado,Media,contexto premium torneo actual,usa promedios del contexto premium/API-Football,depende mucho del arbitro y del contexto competitivo,https://www.betano.pe/cuotas-de-partido/vitoria-ba-chapecoense-sc/92517471/,torneo actual,torneo actual,28,28.0,42.0,2026-09-20 · Serie A · Vitoria 1-3 Cruzeiro (P); 2026-09-13 · Serie A · Mirassol 2-2 Vitoria (E); 2026-09-07 · Serie A · Vitoria 1-0 Gremio (G); 2026-08-29 · Serie A · Atletico-MG 2-1 Vitoria (P); 2026-08-23 · Serie A · Vitoria 0-2 Bahia (P),torneo actual,27,29.0,53.0,2026-09-19 · Serie A · Atletico-MG 1-1 Chapecoense-sc (E); 2026-09-12 · Serie A · Chapecoense-sc 1-2 Internacional (P); 2026-09-06 · Serie A · Corinthians 1-2 Chapecoense-sc (G); 2026-08-30 · Serie A · Gremio 3-1 Chapecoense-sc (P); 2026-08-23 · Serie A · Chapecoense-sc 1-0 Sao Paulo (G)
2026-10-07,18:00,Vitoria vs Chapecoense-sc,,,SHOTS_ON_TARGET_TOTAL OVER.9.5,SHOTS_ON_TARGET_TOTAL OVER.9.5,SHOTS_ON_TARGET_TOTAL:OVER_9_5,63.7%,0.637400,1.57,,,,,,,,,,,Sin cuota/EV,No encontrado en Betano,Solo modelo,2,66.74,66.740000,,Betano mapeado,Media,contexto premium torneo actual,usa promedios del contexto premium/API-Football,el volumen ofensivo puede variar por planteamiento y marcador temprano,https://www.betano.pe/cuotas-de-partido/vitoria-ba-chapecoense-sc/92517471/,torneo actual,torneo actual,28,28.0,42.0,2026-09-20 · Serie A · Vitoria 1-3 Cruzeiro (P); 2026-09-13 · Serie A · Mirassol 2-2 Vitoria (E); 2026-09-07 · Serie A · Vitoria 1-0 Gremio (G); 2026-08-29 · Serie A · Atletico-MG 2-1 Vitoria (P); 2026-08-23 · Serie A · Vitoria 0-2 Bahia (P),torneo actual,27,29.0,53.0,2026-09-19 · Serie A · Atletico-MG 1-1 Chapecoense-sc (E); 2026-09-12 · Serie A · Chapecoense-sc 1-2 Internacional (P); 2026-09-06 · Serie A · Corinthians 1-2 Chapecoense-sc (G); 2026-08-30 · Serie A · Gremio 3-1 Chapecoense-sc (P); 2026-08-23 · Serie A · Chapecoense-sc 1-0 Sao Paulo (G)
2026-10-07,18:00,Vitoria vs Chapecoense-sc,,,Visita goles -1.5,TEAM_TOTAL_AWAY UNDER.1.5,TEAM_TOTAL_AWAY:UNDER_1_5,63.1%,0.631400,1.58,,,,,,,,,,,Sin cuota/EV,No encontrado en Betano,Solo modelo,4,79.14,79.145000,,Betano mapeado,Media,torneo actual,usa Poisson base con estadisticas de goles del torneo,un gol temprano o baja eficacia puede cambiar la lectura del mercado,https://www.betano.pe/cuotas-de-partido/vitoria-ba-chapecoense-sc/92517471/,torneo actual,torneo actual,28,28.0,42.0,2026-09-20 · Serie A · Vitoria 1-3 Cruzeiro (P); 2026-09-13 · Serie A · Mirassol 2-2 Vitoria (E); 2026-09-07 · Serie A · Vitoria 1-0 Gremio (G); 2026-08-29 · Serie A · Atletico-MG 2-1 Vitoria (P); 2026-08-23 · Serie A · Vitoria 0-2 Bahia (P),torneo actual,27,29.0,53.0,2026-09-19 · Serie A · Atletico-MG 1-1 Chapecoense-sc (E); 2026-09-12 · Serie A · Chapecoense-sc 1-2 Internacional (P); 2026-09-06 · Serie A · Corinthians 1-2 Chapecoense-sc (G); 2026-08-30 · Serie A · Gremio 3-1 Chapecoense-sc (P); 2026-08-23 · Serie A · Chapecoense-sc 1-0 Sao Paulo (G)
2026-10-07,18:00,Vitoria vs Chapecoense-sc,William Hill,Betano,1T -1.5,FIRST_HALF_TOTALS UNDER.1.5,FIRST_HALF_TOTALS:UNDER_1_5,62.7%,0.626800,1.59,1.40,-0.12,-0.122400,-0.20,0.88,1.42,-0.11,-0.109900,-0.17,0.89,EV negativo,EV negativo Betano,Evitar,5,76.72,76.720000,,Betano mapeado,Media,contexto premium torneo actual,usa promedios del contexto premium/API-Football,el primer tiempo puede tener ritmo bajo o rotaciones,https://www.betano.pe/cuotas-de-partido/vitoria-ba-chapecoense-sc/92517471/,torneo actual,torneo actual,28,28.0,42.0,2026-09-20 · Serie A · Vitoria 1-3 Cruzeiro (P); 2026-09-13 · Serie A · Mirassol 2-2 Vitoria (E); 2026-09-07 · Serie A · Vitoria 1-0 Gremio (G); 2026-08-29 · Serie A · Atletico-MG 2-1 Vitoria (P); 2026-08-23 · Serie A · Vitoria 0-2 Bahia (P),torneo actual,27,29.0,53.0,2026-09-19 · Serie A · Atletico-MG 1-1 Chapecoense-sc (E); 2026-09-12 · Serie A · Chapecoense-sc 1-2 Internacional (P); 2026-09-06 · Serie A · Corinthians 1-2 Chapecoense-sc (G); 2026-08-30 · Serie A · Gremio 3-1 Chapecoense-sc (P); 2026-08-23 · Serie A · Chapecoense-sc 1-0 Sao Paulo (G)
2026-10-07,18:00,Vitoria vs Chapecoense-sc,,Betano,Tarjetas total +4.5,CARDS_TOTALS OVER.4.5,CARDS_TOTALS:OVER_4_5,62.7%,0.626700,1.60,,,,,,1.75,0.10,0.096700,0.15,1.10,Sin cuota/EV,EV positivo Betano,Solo modelo,3,80.22,80.216000,,Betano mapeado,Media,contexto premium torneo actual,usa promedios del contexto premium/API-Football,depende mucho del arbitro y del contexto competitivo,https://www.betano.pe/cuotas-de-partido/vitoria-ba-chapecoense-sc/92517471/,torneo actual,torneo actual,28,28.0,42.0,2026-09-20 · Serie A · Vitoria 1-3 Cruzeiro (P); 2026-09-13 · Serie A · Mirassol 2-2 Vitoria (E); 2026-09-07 · Serie A · Vitoria 1-0 Gremio (G); 2026-08-29 · Serie A · Atletico-MG 2-1 Vitoria (P); 2026-08-23 · Serie A · Vitoria 0-2 Bahia (P),torneo actual,27,29.0,53.0,2026-09-19 · Serie A · Atletico-MG 1-1 Chapecoense-sc (E); 2026-09-12 · Serie A · Chapecoense-sc 1-2 Internacional (P); 2026-09-06 · Serie A · Corinthians 1-2 Chapecoense-sc (G); 2026-08-30 · Serie A · Gremio 3-1 Chapecoense-sc (P); 2026-08-23 · Serie A · Chapecoense-sc 1-0 Sao Paulo (G)
2026-10-07,18:00,Vitoria vs Chapecoense-sc,,,DNB local,DRAW_NO_BET HOME,DRAW_NO_BET:HOME,59.2%,0.592400,1.69,,,,,,,,,,,Sin cuota/EV,No encontrado en Betano,Solo modelo,9,104.24,104.236000,,Betano mapeado,Media,torneo actual,usa Poisson base con estadisticas de goles del torneo,riesgo propio del resultado final y variacion del modelo,https://www.betano.pe/cuotas-de-partido/vitoria-ba-chapecoense-sc/92517471/,torneo actual,torneo actual,28,28.0,42.0,2026-09-20 · Serie A · Vitoria 1-3 Cruzeiro (P); 2026-09-13 · Serie A · Mirassol 2-2 Vitoria (E); 2026-09-07 · Serie A · Vitoria 1-0 Gremio (G); 2026-08-29 · Serie A · Atletico-MG 2-1 Vitoria (P); 2026-08-23 · Serie A · Vitoria 0-2 Bahia (P),torneo actual,27,29.0,53.0,2026-09-19 · Serie A · Atletico-MG 1-1 Chapecoense-sc (E); 2026-09-12 · Serie A · Chapecoense-sc 1-2 Internacional (P); 2026-09-06 · Serie A · Corinthians 1-2 Chapecoense-sc (G); 2026-08-30 · Serie A · Gremio 3-1 Chapecoense-sc (P); 2026-08-23 · Serie A · Chapecoense-sc 1-0 Sao Paulo (G)
2026-10-07,18:00,Vitoria vs Chapecoense-sc,,Betano,Corners total +9.5,CORNERS_TOTALS OVER.9.5,CORNERS_TOTALS:OVER_9_5,59.1%,0.591000,1.69,,,,,,1.52,-0.10,-0.101700,-0.17,0.90,Sin cuota/EV,EV negativo Betano,Solo modelo,6,95.47,95.474000,,Betano mapeado,Media,contexto premium torneo actual,usa promedios del contexto premium/API-Football,el volumen ofensivo puede variar por planteamiento y marcador temprano,https://www.betano.pe/cuotas-de-partido/vitoria-ba-chapecoense-sc/92517471/,torneo actual,torneo actual,28,28.0,42.0,2026-09-20 · Serie A · Vitoria 1-3 Cruzeiro (P); 2026-09-13 · Serie A · Mirassol 2-2 Vitoria (E); 2026-09-07 · Serie A · Vitoria 1-0 Gremio (G); 2026-08-29 · Serie A · Atletico-MG 2-1 Vitoria (P); 2026-08-23 · Serie A · Vitoria 0-2 Bahia (P),torneo actual,27,29.0,53.0,2026-09-19 · Serie A · Atletico-MG 1-1 Chapecoense-sc (E); 2026-09-12 · Serie A · Chapecoense-sc 1-2 Internacional (P); 2026-09-06 · Serie A · Corinthians 1-2 Chapecoense-sc (G); 2026-08-30 · Serie A · Gremio 3-1 Chapecoense-sc (P); 2026-08-23 · Serie A · Chapecoense-sc 1-0 Sao Paulo (G)
2026-10-07,18:00,Vitoria vs Chapecoense-sc,William Hill,Betano,BTTS sí,BTTS YES,BTTS:YES,57.8%,0.577700,1.73,4.50,1.60,1.599700,2.77,2.60,1.85,0.07,0.068700,0.12,1.07,EV positivo,EV positivo Betano,Valor,8,120.87,120.871000,Cuota API muy superior a la cuota justa: revisar manualmente antes de apostar,Betano mapeado,Media,torneo actual,usa Poisson base con estadisticas de goles del torneo,un gol temprano o baja eficacia puede cambiar la lectura del mercado,https://www.betano.pe/cuotas-de-partido/vitoria-ba-chapecoense-sc/92517471/,torneo actual,torneo actual,28,28.0,42.0,2026-09-20 · Serie A · Vitoria 1-3 Cruzeiro (P); 2026-09-13 · Serie A · Mirassol 2-2 Vitoria (E); 2026-09-07 · Serie A · Vitoria 1-0 Gremio (G); 2026-08-29 · Serie A · Atletico-MG 2-1 Vitoria (P); 2026-08-23 · Serie A · Vitoria 0-2 Bahia (P),torneo actual,27,29.0,53.0,2026-09-19 · Serie A · Atletico-MG 1-1 Chapecoense-sc (E); 2026-09-12 · Serie A · Chapecoense-sc 1-2 Internacional (P); 2026-09-06 · Serie A · Corinthians 1-2 Chapecoense-sc (G); 2026-08-30 · Serie A · Gremio 3-1 Chapecoense-sc (P); 2026-08-23 · Serie A · Chapecoense-sc 1-0 Sao Paulo (G)
2026-10-07,18:00,Vitoria vs Chapecoense-sc,,,Visita tarjetas +2.5,CARDS_AWAY OVER.2.5,CARDS_AWAY:OVER_2_5,57.7%,0.576800,1.73,,,,,,,,,,,Sin cuota/EV,No encontrado en Betano,Solo modelo,2,60.68,60.681000,,Betano mapeado,Media,contexto premium torneo actual,usa promedios del contexto premium/API-Football,depende mucho del arbitro y del contexto competitivo,https://www.betano.pe/cuotas-de-partido/vitoria-ba-chapecoense-sc/92517471/,torneo actual,torneo actual,28,28.0,42.0,2026-09-20 · Serie A · Vitoria 1-3 Cruzeiro (P); 2026-09-13 · Serie A · Mirassol 2-2 Vitoria (E); 2026-09-07 · Serie A · Vitoria 1-0 Gremio (G); 2026-08-29 · Serie A · Atletico-MG 2-1 Vitoria (P); 2026-08-23 · Serie A · Vitoria 0-2 Bahia (P),torneo actual,27,29.0,53.0,2026-09-19 · Serie A · Atletico-MG 1-1 Chapecoense-sc (E); 2026-09-12 · Serie A · Chapecoense-sc 1-2 Internacional (P); 2026-09-06 · Serie A · Corinthians 1-2 Chapecoense-sc (G); 2026-08-30 · Serie A · Gremio 3-1 Chapecoense-sc (P); 2026-08-23 · Serie A · Chapecoense-sc 1-0 Sao Paulo (G)
2026-10-07,18:00,Vitoria vs Chapecoense-sc,,,Local tarjetas -2.5,CARDS_HOME UNDER.2.5,CARDS_HOME:UNDER_2_5,57.0%,0.569700,1.75,,,,,,,,,,,Sin cuota/EV,No encontrado en Betano,Solo modelo,2,59.97,59.971000,,Betano mapeado,Media,contexto premium torneo actual,usa promedios del contexto premium/API-Football,depende mucho del arbitro y del contexto competitivo,https://www.betano.pe/cuotas-de-partido/vitoria-ba-chapecoense-sc/92517471/,torneo actual,torneo actual,28,28.0,42.0,2026-09-20 · Serie A · Vitoria 1-3 Cruzeiro (P); 2026-09-13 · Serie A · Mirassol 2-2 Vitoria (E); 2026-09-07 · Serie A · Vitoria 1-0 Gremio (G); 2026-08-29 · Serie A · Atletico-MG 2-1 Vitoria (P); 2026-08-23 · Serie A · Vitoria 0-2 Bahia (P),torneo actual,27,29.0,53.0,2026-09-19 · Serie A · Atletico-MG 1-1 Chapecoense-sc (E); 2026-09-12 · Serie A · Chapecoense-sc 1-2 Internacional (P); 2026-09-06 · Serie A · Corinthians 1-2 Chapecoense-sc (G); 2026-08-30 · Serie A · Gremio 3-1 Chapecoense-sc (P); 2026-08-23 · Serie A · Chapecoense-sc 1-0 Sao Paulo (G)
2026-10-07,18:00,Vitoria vs Chapecoense-sc,,,DOUBLE_CHANCE X2,DOUBLE_CHANCE X2,DOUBLE_CHANCE:X2,55.3%,0.552800,1.81,,,,,,,,,,,Sin cuota/EV,No encontrado en Betano,Solo modelo,9,100.28,100.280000,,Betano mapeado,Media,torneo actual,usa Poisson base con estadisticas de goles del torneo,riesgo propio del resultado final y variacion del modelo,https://www.betano.pe/cuotas-de-partido/vitoria-ba-chapecoense-sc/92517471/,torneo actual,torneo actual,28,28.0,42.0,2026-09-20 · Serie A · Vitoria 1-3 Cruzeiro (P); 2026-09-13 · Serie A · Mirassol 2-2 Vitoria (E); 2026-09-07 · Serie A · Vitoria 1-0 Gremio (G); 2026-08-29 · Serie A · Atletico-MG 2-1 Vitoria (P); 2026-08-23 · Serie A · Vitoria 0-2 Bahia (P),torneo actual,27,29.0,53.0,2026-09-19 · Serie A · Atletico-MG 1-1 Chapecoense-sc (E); 2026-09-12 · Serie A · Chapecoense-sc 1-2 Internacional (P); 2026-09-06 · Serie A · Corinthians 1-2 Chapecoense-sc (G); 2026-08-30 · Serie A · Gremio 3-1 Chapecoense-sc (P); 2026-08-23 · Serie A · Chapecoense-sc 1-0 Sao Paulo (G)
2026-10-07,18:00,Vitoria vs Chapecoense-sc,William Hill,Betano,Goles +2.5,TOTALS OVER.2.5,TOTALS:OVER_2_5,55.1%,0.551000,1.81,4.75,1.62,1.617100,2.94,2.62,1.90,0.05,0.046900,0.09,1.05,EV positivo,EV positivo Betano,Valor,8,117.85,117.848000,Cuota API muy superior a la cuota justa: revisar manualmente antes de apostar,Betano mapeado,Media,torneo actual,usa Poisson base con estadisticas de goles del torneo,un gol temprano o baja eficacia puede cambiar la lectura del mercado,https://www.betano.pe/cuotas-de-partido/vitoria-ba-chapecoense-sc/92517471/,torneo actual,torneo actual,28,28.0,42.0,2026-09-20 · Serie A · Vitoria 1-3 Cruzeiro (P); 2026-09-13 · Serie A · Mirassol 2-2 Vitoria (E); 2026-09-07 · Serie A · Vitoria 1-0 Gremio (G); 2026-08-29 · Serie A · Atletico-MG 2-1 Vitoria (P); 2026-08-23 · Serie A · Vitoria 0-2 Bahia (P),torneo actual,27,29.0,53.0,2026-09-19 · Serie A · Atletico-MG 1-1 Chapecoense-sc (E); 2026-09-12 · Serie A · Chapecoense-sc 1-2 Internacional (P); 2026-09-06 · Serie A · Corinthians 1-2 Chapecoense-sc (G); 2026-08-30 · Serie A · Gremio 3-1 Chapecoense-sc (P); 2026-08-23 · Serie A · Chapecoense-sc 1-0 Sao Paulo (G)
2026-10-07,18:00,Vitoria vs Chapecoense-sc,,Betano,Tarjetas total -5.5,CARDS_TOTALS UNDER.5.5,CARDS_TOTALS:UNDER_5_5,54.6%,0.546100,1.83,,,,,,1.55,-0.15,-0.153500,-0.28,0.85,Sin cuota/EV,EV negativo Betano,Solo modelo,3,68.16,68.157000,,Betano mapeado,Baja,contexto premium torneo actual,usa promedios del contexto premium/API-Football,depende mucho del arbitro y del contexto competitivo,https://www.betano.pe/cuotas-de-partido/vitoria-ba-chapecoense-sc/92517471/,torneo actual,torneo actual,28,28.0,42.0,2026-09-20 · Serie A · Vitoria 1-3 Cruzeiro (P); 2026-09-13 · Serie A · Mirassol 2-2 Vitoria (E); 2026-09-07 · Serie A · Vitoria 1-0 Gremio (G); 2026-08-29 · Serie A · Atletico-MG 2-1 Vitoria (P); 2026-08-23 · Serie A · Vitoria 0-2 Bahia (P),torneo actual,27,29.0,53.0,2026-09-19 · Serie A · Atletico-MG 1-1 Chapecoense-sc (E); 2026-09-12 · Serie A · Chapecoense-sc 1-2 Internacional (P); 2026-09-06 · Serie A · Corinthians 1-2 Chapecoense-sc (G); 2026-08-30 · Serie A · Gremio 3-1 Chapecoense-sc (P); 2026-08-23 · Serie A · Chapecoense-sc 1-0 Sao Paulo (G)
2026-10-07,18:00,Vitoria vs Chapecoense-sc,,Betano,Corners total -10.5,CORNERS_TOTALS UNDER.10.5,CORNERS_TOTALS:UNDER_10_5,53.3%,0.533100,1.88,,,,,,1.87,-0.00,-0.003100,-0.01,1.00,Sin cuota/EV,EV negativo Betano,Solo modelo,6,91.26,91.263000,,Betano mapeado,Baja,contexto premium torneo actual,usa promedios del contexto premium/API-Football,el volumen ofensivo puede variar por planteamiento y marcador temprano,https://www.betano.pe/cuotas-de-partido/vitoria-ba-chapecoense-sc/92517471/,torneo actual,torneo actual,28,28.0,42.0,2026-09-20 · Serie A · Vitoria 1-3 Cruzeiro (P); 2026-09-13 · Serie A · Mirassol 2-2 Vitoria (E); 2026-09-07 · Serie A · Vitoria 1-0 Gremio (G); 2026-08-29 · Serie A · Atletico-MG 2-1 Vitoria (P); 2026-08-23 · Serie A · Vitoria 0-2 Bahia (P),torneo actual,27,29.0,53.0,2026-09-19 · Serie A · Atletico-MG 1-1 Chapecoense-sc (E); 2026-09-12 · Serie A · Chapecoense-sc 1-2 Internacional (P); 2026-09-06 · Serie A · Corinthians 1-2 Chapecoense-sc (G); 2026-08-30 · Serie A · Gremio 3-1 Chapecoense-sc (P); 2026-08-23 · Serie A · Chapecoense-sc 1-0 Sao Paulo (G)
2026-10-07,18:00,Vitoria vs Chapecoense-sc,,,Local goles -1.5,TEAM_TOTAL_HOME UNDER.1.5,TEAM_TOTAL_HOME:UNDER_1_5,52.5%,0.525000,1.91,,,,,,,,,,,Sin cuota/EV,No encontrado en Betano,Solo modelo,4,68.50,68.498000,,Betano mapeado,Baja,torneo actual,usa Poisson base con estadisticas de goles del torneo,un gol temprano o baja eficacia puede cambiar la lectura del mercado,https://www.betano.pe/cuotas-de-partido/vitoria-ba-chapecoense-sc/92517471/,torneo actual,torneo actual,28,28.0,42.0,2026-09-20 · Serie A · Vitoria 1-3 Cruzeiro (P); 2026-09-13 · Serie A · Mirassol 2-2 Vitoria (E); 2026-09-07 · Serie A · Vitoria 1-0 Gremio (G); 2026-08-29 · Serie A · Atletico-MG 2-1 Vitoria (P); 2026-08-23 · Serie A · Vitoria 0-2 Bahia (P),torneo actual,27,29.0,53.0,2026-09-19 · Serie A · Atletico-MG 1-1 Chapecoense-sc (E); 2026-09-12 · Serie A · Chapecoense-sc 1-2 Internacional (P); 2026-09-06 · Serie A · Corinthians 1-2 Chapecoense-sc (G); 2026-08-30 · Serie A · Gremio 3-1 Chapecoense-sc (P); 2026-08-23 · Serie A · Chapecoense-sc 1-0 Sao Paulo (G)
2026-10-07,18:00,Vitoria vs Chapecoense-sc,,,Visita corners +4.5,CORNERS_AWAY OVER.4.5,CORNERS_AWAY:OVER_4_5,52.4%,0.523700,1.91,,,,,,,,,,,Sin cuota/EV,No encontrado en Betano,Solo modelo,4,68.37,68.374000,,Betano mapeado,Baja,contexto premium torneo actual,usa promedios del contexto premium/API-Football,el volumen ofensivo puede variar por planteamiento y marcador temprano,https://www.betano.pe/cuotas-de-partido/vitoria-ba-chapecoense-sc/92517471/,torneo actual,torneo actual,28,28.0,42.0,2026-09-20 · Serie A · Vitoria 1-3 Cruzeiro (P); 2026-09-13 · Serie A · Mirassol 2-2 Vitoria (E); 2026-09-07 · Serie A · Vitoria 1-0 Gremio (G); 2026-08-29 · Serie A · Atletico-MG 2-1 Vitoria (P); 2026-08-23 · Serie A · Vitoria 0-2 Bahia (P),torneo actual,27,29.0,53.0,2026-09-19 · Serie A · Atletico-MG 1-1 Chapecoense-sc (E); 2026-09-12 · Serie A · Chapecoense-sc 1-2 Internacional (P); 2026-09-06 · Serie A · Corinthians 1-2 Chapecoense-sc (G); 2026-08-30 · Serie A · Gremio 3-1 Chapecoense-sc (P); 2026-08-23 · Serie A · Chapecoense-sc 1-0 Sao Paulo (G)
2026-10-07,18:00,Vitoria vs Chapecoense-sc,,,Local corners -5.5,CORNERS_HOME UNDER.5.5,CORNERS_HOME:UNDER_5_5,51.2%,0.511900,1.95,,,,,,,,,,,Sin cuota/EV,No encontrado en Betano,Solo modelo,4,67.19,67.186000,,Betano mapeado,Baja,contexto premium torneo actual,usa promedios del contexto premium/API-Football,el volumen ofensivo puede variar por planteamiento y marcador temprano,https://www.betano.pe/cuotas-de-partido/vitoria-ba-chapecoense-sc/92517471/,torneo actual,torneo actual,28,28.0,42.0,2026-09-20 · Serie A · Vitoria 1-3 Cruzeiro (P); 2026-09-13 · Serie A · Mirassol 2-2 Vitoria (E); 2026-09-07 · Serie A · Vitoria 1-0 Gremio (G); 2026-08-29 · Serie A · Atletico-MG 2-1 Vitoria (P); 2026-08-23 · Serie A · Vitoria 0-2 Bahia (P),torneo actual,27,29.0,53.0,2026-09-19 · Serie A · Atletico-MG 1-1 Chapecoense-sc (E); 2026-09-12 · Serie A · Chapecoense-sc 1-2 Internacional (P); 2026-09-06 · Serie A · Corinthians 1-2 Chapecoense-sc (G); 2026-08-30 · Serie A · Gremio 3-1 Chapecoense-sc (P); 2026-08-23 · Serie A · Chapecoense-sc 1-0 Sao Paulo (G)
2026-10-07,18:00,Vitoria vs Chapecoense-sc,,,Local corners +5.5,CORNERS_HOME OVER.5.5,CORNERS_HOME:OVER_5_5,48.8%,0.488100,2.05,,,,,,,,,,,Sin cuota/EV,No encontrado en Betano,Solo modelo,4,64.81,64.814000,,Betano mapeado,Baja,contexto premium torneo actual,usa promedios del contexto premium/API-Football,el volumen ofensivo puede variar por planteamiento y marcador temprano,https://www.betano.pe/cuotas-de-partido/vitoria-ba-chapecoense-sc/92517471/,torneo actual,torneo actual,28,28.0,42.0,2026-09-20 · Serie A · Vitoria 1-3 Cruzeiro (P); 2026-09-13 · Serie A · Mirassol 2-2 Vitoria (E); 2026-09-07 · Serie A · Vitoria 1-0 Gremio (G); 2026-08-29 · Serie A · Atletico-MG 2-1 Vitoria (P); 2026-08-23 · Serie A · Vitoria 0-2 Bahia (P),torneo actual,27,29.0,53.0,2026-09-19 · Serie A · Atletico-MG 1-1 Chapecoense-sc (E); 2026-09-12 · Serie A · Chapecoense-sc 1-2 Internacional (P); 2026-09-06 · Serie A · Corinthians 1-2 Chapecoense-sc (G); 2026-08-30 · Serie A · Gremio 3-1 Chapecoense-sc (P); 2026-08-23 · Serie A · Chapecoense-sc 1-0 Sao Paulo (G)
2026-10-07,18:00,Vitoria vs Chapecoense-sc,,,Visita corners -4.5,CORNERS_AWAY UNDER.4.5,CORNERS_AWAY:UNDER_4_5,47.6%,0.476300,2.10,,,,,,,,,,,Sin cuota/EV,No encontrado en Betano,Solo modelo,4,63.63,63.626000,,Betano mapeado,Baja,contexto premium torneo actual,usa promedios del contexto premium/API-Football,el volumen ofensivo puede variar por planteamiento y marcador temprano,https://www.betano.pe/cuotas-de-partido/vitoria-ba-chapecoense-sc/92517471/,torneo actual,torneo actual,28,28.0,42.0,2026-09-20 · Serie A · Vitoria 1-3 Cruzeiro (P); 2026-09-13 · Serie A · Mirassol 2-2 Vitoria (E); 2026-09-07 · Serie A · Vitoria 1-0 Gremio (G); 2026-08-29 · Serie A · Atletico-MG 2-1 Vitoria (P); 2026-08-23 · Serie A · Vitoria 0-2 Bahia (P),torneo actual,27,29.0,53.0,2026-09-19 · Serie A · Atletico-MG 1-1 Chapecoense-sc (E); 2026-09-12 · Serie A · Chapecoense-sc 1-2 Internacional (P); 2026-09-06 · Serie A · Corinthians 1-2 Chapecoense-sc (G); 2026-08-30 · Serie A · Gremio 3-1 Chapecoense-sc (P); 2026-08-23 · Serie A · Chapecoense-sc 1-0 Sao Paulo (G)
2026-10-07,18:00,Vitoria vs Chapecoense-sc,,,Local goles +1.5,TEAM_TOTAL_HOME OVER.1.5,TEAM_TOTAL_HOME:OVER_1_5,47.5%,0.475000,2.10,,,,,,,,,,,Sin cuota/EV,No encontrado en Betano,Solo modelo,4,63.50,63.502000,,Betano mapeado,Baja,torneo actual,usa Poisson base con estadisticas de goles del torneo,un gol temprano o baja eficacia puede cambiar la lectura del mercado,https://www.betano.pe/cuotas-de-partido/vitoria-ba-chapecoense-sc/92517471/,torneo actual,torneo actual,28,28.0,42.0,2026-09-20 · Serie A · Vitoria 1-3 Cruzeiro (P); 2026-09-13 · Serie A · Mirassol 2-2 Vitoria (E); 2026-09-07 · Serie A · Vitoria 1-0 Gremio (G); 2026-08-29 · Serie A · Atletico-MG 2-1 Vitoria (P); 2026-08-23 · Serie A · Vitoria 0-2 Bahia (P),torneo actual,27,29.0,53.0,2026-09-19 · Serie A · Atletico-MG 1-1 Chapecoense-sc (E); 2026-09-12 · Serie A · Chapecoense-sc 1-2 Internacional (P); 2026-09-06 · Serie A · Corinthians 1-2 Chapecoense-sc (G); 2026-08-30 · Serie A · Gremio 3-1 Chapecoense-sc (P); 2026-08-23 · Serie A · Chapecoense-sc 1-0 Sao Paulo (G)
2026-10-07,18:00,Vitoria vs Chapecoense-sc,,Betano,Corners total +10.5,CORNERS_TOTALS OVER.10.5,CORNERS_TOTALS:OVER_10_5,46.7%,0.466900,2.14,,,,,,1.88,-0.12,-0.122200,-0.26,0.88,Sin cuota/EV,EV negativo Betano,Solo modelo,6,82.73,82.732000,,Betano mapeado,Baja,contexto premium torneo actual,usa promedios del contexto premium/API-Football,el volumen ofensivo puede variar por planteamiento y marcador temprano,https://www.betano.pe/cuotas-de-partido/vitoria-ba-chapecoense-sc/92517471/,torneo actual,torneo actual,28,28.0,42.0,2026-09-20 · Serie A · Vitoria 1-3 Cruzeiro (P); 2026-09-13 · Serie A · Mirassol 2-2 Vitoria (E); 2026-09-07 · Serie A · Vitoria 1-0 Gremio (G); 2026-08-29 · Serie A · Atletico-MG 2-1 Vitoria (P); 2026-08-23 · Serie A · Vitoria 0-2 Bahia (P),torneo actual,27,29.0,53.0,2026-09-19 · Serie A · Atletico-MG 1-1 Chapecoense-sc (E); 2026-09-12 · Serie A · Chapecoense-sc 1-2 Internacional (P); 2026-09-06 · Serie A · Corinthians 1-2 Chapecoense-sc (G); 2026-08-30 · Serie A · Gremio 3-1 Chapecoense-sc (P); 2026-08-23 · Serie A · Chapecoense-sc 1-0 Sao Paulo (G)
2026-10-07,18:00,Vitoria vs Chapecoense-sc,,Betano,Tarjetas total +5.5,CARDS_TOTALS OVER.5.5,CARDS_TOTALS:OVER_5_5,45.4%,0.453900,2.20,,,,,,2.37,0.08,0.075700,0.17,1.08,Sin cuota/EV,EV positivo Betano,Solo modelo,3,62.60,62.598000,,Betano mapeado,Baja,contexto premium torneo actual,usa promedios del contexto premium/API-Football,depende mucho del arbitro y del contexto competitivo,https://www.betano.pe/cuotas-de-partido/vitoria-ba-chapecoense-sc/92517471/,torneo actual,torneo actual,28,28.0,42.0,2026-09-20 · Serie A · Vitoria 1-3 Cruzeiro (P); 2026-09-13 · Serie A · Mirassol 2-2 Vitoria (E); 2026-09-07 · Serie A · Vitoria 1-0 Gremio (G); 2026-08-29 · Serie A · Atletico-MG 2-1 Vitoria (P); 2026-08-23 · Serie A · Vitoria 0-2 Bahia (P),torneo actual,27,29.0,53.0,2026-09-19 · Serie A · Atletico-MG 1-1 Chapecoense-sc (E); 2026-09-12 · Serie A · Chapecoense-sc 1-2 Internacional (P); 2026-09-06 · Serie A · Corinthians 1-2 Chapecoense-sc (G); 2026-08-30 · Serie A · Gremio 3-1 Chapecoense-sc (P); 2026-08-23 · Serie A · Chapecoense-sc 1-0 Sao Paulo (G)
2026-10-07,18:00,Vitoria vs Chapecoense-sc,William Hill,Betano,Goles -2.5,TOTALS UNDER.2.5,TOTALS:UNDER_2_5,44.9%,0.449000,2.23,1.17,-0.47,-0.474600,-1.06,0.53,1.91,-0.14,-0.142400,-0.32,0.86,EV negativo,EV negativo Betano,Evitar,8,63.08,63.081000,Cuota por debajo de la cuota justa: valor limitado,Betano mapeado,Baja,torneo actual,usa Poisson base con estadisticas de goles del torneo,un gol temprano o baja eficacia puede cambiar la lectura del mercado,https://www.betano.pe/cuotas-de-partido/vitoria-ba-chapecoense-sc/92517471/,torneo actual,torneo actual,28,28.0,42.0,2026-09-20 · Serie A · Vitoria 1-3 Cruzeiro (P); 2026-09-13 · Serie A · Mirassol 2-2 Vitoria (E); 2026-09-07 · Serie A · Vitoria 1-0 Gremio (G); 2026-08-29 · Serie A · Atletico-MG 2-1 Vitoria (P); 2026-08-23 · Serie A · Vitoria 0-2 Bahia (P),torneo actual,27,29.0,53.0,2026-09-19 · Serie A · Atletico-MG 1-1 Chapecoense-sc (E); 2026-09-12 · Serie A · Chapecoense-sc 1-2 Internacional (P); 2026-09-06 · Serie A · Corinthians 1-2 Chapecoense-sc (G); 2026-08-30 · Serie A · Gremio 3-1 Chapecoense-sc (P); 2026-08-23 · Serie A · Chapecoense-sc 1-0 Sao Paulo (G)
2026-10-07,18:00,Vitoria vs Chapecoense-sc,William Hill,Betano,Gana local,1X2 HOME,1X2:HOME,44.7%,0.447200,2.24,2.15,-0.04,-0.038500,-0.09,0.96,1.72,-0.23,-0.230800,-0.52,0.77,EV negativo,EV negativo Betano,Equilibrado,7,83.33,83.334000,,Betano mapeado,Baja,torneo actual,usa Poisson base con estadisticas de goles del torneo,riesgo propio del resultado final y variacion del modelo,https://www.betano.pe/cuotas-de-partido/vitoria-ba-chapecoense-sc/92517471/,torneo actual,torneo actual,28,28.0,42.0,2026-09-20 · Serie A · Vitoria 1-3 Cruzeiro (P); 2026-09-13 · Serie A · Mirassol 2-2 Vitoria (E); 2026-09-07 · Serie A · Vitoria 1-0 Gremio (G); 2026-08-29 · Serie A · Atletico-MG 2-1 Vitoria (P); 2026-08-23 · Serie A · Vitoria 0-2 Bahia (P),torneo actual,27,29.0,53.0,2026-09-19 · Serie A · Atletico-MG 1-1 Chapecoense-sc (E); 2026-09-12 · Serie A · Chapecoense-sc 1-2 Internacional (P); 2026-09-06 · Serie A · Corinthians 1-2 Chapecoense-sc (G); 2026-08-30 · Serie A · Gremio 3-1 Chapecoense-sc (P); 2026-08-23 · Serie A · Chapecoense-sc 1-0 Sao Paulo (G)
2026-10-07,18:00,Vitoria vs Chapecoense-sc,,,Local tarjetas +2.5,CARDS_HOME OVER.2.5,CARDS_HOME:OVER_2_5,43.0%,0.430300,2.32,,,,,,,,,,,Sin cuota/EV,No encontrado en Betano,Solo modelo,2,46.03,46.029000,,Betano mapeado,Baja,contexto premium torneo actual,usa promedios del contexto premium/API-Football,depende mucho del arbitro y del contexto competitivo,https://www.betano.pe/cuotas-de-partido/vitoria-ba-chapecoense-sc/92517471/,torneo actual,torneo actual,28,28.0,42.0,2026-09-20 · Serie A · Vitoria 1-3 Cruzeiro (P); 2026-09-13 · Serie A · Mirassol 2-2 Vitoria (E); 2026-09-07 · Serie A · Vitoria 1-0 Gremio (G); 2026-08-29 · Serie A · Atletico-MG 2-1 Vitoria (P); 2026-08-23 · Serie A · Vitoria 0-2 Bahia (P),torneo actual,27,29.0,53.0,2026-09-19 · Serie A · Atletico-MG 1-1 Chapecoense-sc (E); 2026-09-12 · Serie A · Chapecoense-sc 1-2 Internacional (P); 2026-09-06 · Serie A · Corinthians 1-2 Chapecoense-sc (G); 2026-08-30 · Serie A · Gremio 3-1 Chapecoense-sc (P); 2026-08-23 · Serie A · Chapecoense-sc 1-0 Sao Paulo (G)
2026-10-07,18:00,Vitoria vs Chapecoense-sc,,,Visita tarjetas -2.5,CARDS_AWAY UNDER.2.5,CARDS_AWAY:UNDER_2_5,42.3%,0.423200,2.36,,,,,,,,,,,Sin cuota/EV,No encontrado en Betano,Solo modelo,2,45.32,45.319000,,Betano mapeado,Baja,contexto premium torneo actual,usa promedios del contexto premium/API-Football,depende mucho del arbitro y del contexto competitivo,https://www.betano.pe/cuotas-de-partido/vitoria-ba-chapecoense-sc/92517471/,torneo actual,torneo actual,28,28.0,42.0,2026-09-20 · Serie A · Vitoria 1-3 Cruzeiro (P); 2026-09-13 · Serie A · Mirassol 2-2 Vitoria (E); 2026-09-07 · Serie A · Vitoria 1-0 Gremio (G); 2026-08-29 · Serie A · Atletico-MG 2-1 Vitoria (P); 2026-08-23 · Serie A · Vitoria 0-2 Bahia (P),torneo actual,27,29.0,53.0,2026-09-19 · Serie A · Atletico-MG 1-1 Chapecoense-sc (E); 2026-09-12 · Serie A · Chapecoense-sc 1-2 Internacional (P); 2026-09-06 · Serie A · Corinthians 1-2 Chapecoense-sc (G); 2026-08-30 · Serie A · Gremio 3-1 Chapecoense-sc (P); 2026-08-23 · Serie A · Chapecoense-sc 1-0 Sao Paulo (G)
2026-10-07,18:00,Vitoria vs Chapecoense-sc,William Hill,Betano,BTTS no,BTTS NO,BTTS:NO,42.2%,0.422300,2.37,1.18,-0.50,-0.501700,-1.19,0.50,1.90,-0.20,-0.197600,-0.47,0.80,EV negativo,EV negativo Betano,Evitar,8,59.04,59.036000,Cuota por debajo de la cuota justa: valor limitado,Betano mapeado,Baja,torneo actual,usa Poisson base con estadisticas de goles del torneo,un gol temprano o baja eficacia puede cambiar la lectura del mercado,https://www.betano.pe/cuotas-de-partido/vitoria-ba-chapecoense-sc/92517471/,torneo actual,torneo actual,28,28.0,42.0,2026-09-20 · Serie A · Vitoria 1-3 Cruzeiro (P); 2026-09-13 · Serie A · Mirassol 2-2 Vitoria (E); 2026-09-07 · Serie A · Vitoria 1-0 Gremio (G); 2026-08-29 · Serie A · Atletico-MG 2-1 Vitoria (P); 2026-08-23 · Serie A · Vitoria 0-2 Bahia (P),torneo actual,27,29.0,53.0,2026-09-19 · Serie A · Atletico-MG 1-1 Chapecoense-sc (E); 2026-09-12 · Serie A · Chapecoense-sc 1-2 Internacional (P); 2026-09-06 · Serie A · Corinthians 1-2 Chapecoense-sc (G); 2026-08-30 · Serie A · Gremio 3-1 Chapecoense-sc (P); 2026-08-23 · Serie A · Chapecoense-sc 1-0 Sao Paulo (G)
2026-10-07,18:00,Vitoria vs Chapecoense-sc,,Betano,Corners total -9.5,CORNERS_TOTALS UNDER.9.5,CORNERS_TOTALS:UNDER_9_5,40.9%,0.409000,2.44,,,,,,2.42,-0.01,-0.010200,-0.03,0.99,Sin cuota/EV,EV negativo Betano,Solo modelo,6,78.74,78.736000,,Betano mapeado,Baja,contexto premium torneo actual,usa promedios del contexto premium/API-Football,el volumen ofensivo puede variar por planteamiento y marcador temprano,https://www.betano.pe/cuotas-de-partido/vitoria-ba-chapecoense-sc/92517471/,torneo actual,torneo actual,28,28.0,42.0,2026-09-20 · Serie A · Vitoria 1-3 Cruzeiro (P); 2026-09-13 · Serie A · Mirassol 2-2 Vitoria (E); 2026-09-07 · Serie A · Vitoria 1-0 Gremio (G); 2026-08-29 · Serie A · Atletico-MG 2-1 Vitoria (P); 2026-08-23 · Serie A · Vitoria 0-2 Bahia (P),torneo actual,27,29.0,53.0,2026-09-19 · Serie A · Atletico-MG 1-1 Chapecoense-sc (E); 2026-09-12 · Serie A · Chapecoense-sc 1-2 Internacional (P); 2026-09-06 · Serie A · Corinthians 1-2 Chapecoense-sc (G); 2026-08-30 · Serie A · Gremio 3-1 Chapecoense-sc (P); 2026-08-23 · Serie A · Chapecoense-sc 1-0 Sao Paulo (G)
2026-10-07,18:00,Vitoria vs Chapecoense-sc,,Betano,DNB visita,DRAW_NO_BET AWAY,DRAW_NO_BET:AWAY,40.8%,0.407600,2.45,,,,,,3.35,0.37,0.365500,0.90,1.37,Sin cuota/EV,EV positivo Betano,Solo modelo,9,99.61,99.612000,,Betano mapeado,Baja,torneo actual,usa Poisson base con estadisticas de goles del torneo,riesgo propio del resultado final y variacion del modelo,https://www.betano.pe/cuotas-de-partido/vitoria-ba-chapecoense-sc/92517471/,torneo actual,torneo actual,28,28.0,42.0,2026-09-20 · Serie A · Vitoria 1-3 Cruzeiro (P); 2026-09-13 · Serie A · Mirassol 2-2 Vitoria (E); 2026-09-07 · Serie A · Vitoria 1-0 Gremio (G); 2026-08-29 · Serie A · Atletico-MG 2-1 Vitoria (P); 2026-08-23 · Serie A · Vitoria 0-2 Bahia (P),torneo actual,27,29.0,53.0,2026-09-19 · Serie A · Atletico-MG 1-1 Chapecoense-sc (E); 2026-09-12 · Serie A · Chapecoense-sc 1-2 Internacional (P); 2026-09-06 · Serie A · Corinthians 1-2 Chapecoense-sc (G); 2026-08-30 · Serie A · Gremio 3-1 Chapecoense-sc (P); 2026-08-23 · Serie A · Chapecoense-sc 1-0 Sao Paulo (G)
2026-10-07,18:00,Vitoria vs Chapecoense-sc,,Betano,Tarjetas total -4.5,CARDS_TOTALS UNDER.4.5,CARDS_TOTALS:UNDER_4_5,37.3%,0.373300,2.68,,,,,,2.00,-0.25,-0.253400,-0.68,0.75,Sin cuota/EV,EV negativo Betano,Solo modelo,3,49.28,49.277000,,Betano mapeado,Baja,contexto premium torneo actual,usa promedios del contexto premium/API-Football,depende mucho del arbitro y del contexto competitivo,https://www.betano.pe/cuotas-de-partido/vitoria-ba-chapecoense-sc/92517471/,torneo actual,torneo actual,28,28.0,42.0,2026-09-20 · Serie A · Vitoria 1-3 Cruzeiro (P); 2026-09-13 · Serie A · Mirassol 2-2 Vitoria (E); 2026-09-07 · Serie A · Vitoria 1-0 Gremio (G); 2026-08-29 · Serie A · Atletico-MG 2-1 Vitoria (P); 2026-08-23 · Serie A · Vitoria 0-2 Bahia (P),torneo actual,27,29.0,53.0,2026-09-19 · Serie A · Atletico-MG 1-1 Chapecoense-sc (E); 2026-09-12 · Serie A · Chapecoense-sc 1-2 Internacional (P); 2026-09-06 · Serie A · Corinthians 1-2 Chapecoense-sc (G); 2026-08-30 · Serie A · Gremio 3-1 Chapecoense-sc (P); 2026-08-23 · Serie A · Chapecoense-sc 1-0 Sao Paulo (G)
2026-10-07,18:00,Vitoria vs Chapecoense-sc,William Hill,Betano,1T +1.5,FIRST_HALF_TOTALS OVER.1.5,FIRST_HALF_TOTALS:OVER_1_5,37.3%,0.373200,2.68,2.62,-0.02,-0.022300,-0.06,0.98,2.80,0.04,0.045000,0.12,1.04,EV negativo,EV positivo Betano,Equilibrado,5,70.64,70.637000,,Betano mapeado,Baja,contexto premium torneo actual,usa promedios del contexto premium/API-Football,el primer tiempo puede tener ritmo bajo o rotaciones,https://www.betano.pe/cuotas-de-partido/vitoria-ba-chapecoense-sc/92517471/,torneo actual,torneo actual,28,28.0,42.0,2026-09-20 · Serie A · Vitoria 1-3 Cruzeiro (P); 2026-09-13 · Serie A · Mirassol 2-2 Vitoria (E); 2026-09-07 · Serie A · Vitoria 1-0 Gremio (G); 2026-08-29 · Serie A · Atletico-MG 2-1 Vitoria (P); 2026-08-23 · Serie A · Vitoria 0-2 Bahia (P),torneo actual,27,29.0,53.0,2026-09-19 · Serie A · Atletico-MG 1-1 Chapecoense-sc (E); 2026-09-12 · Serie A · Chapecoense-sc 1-2 Internacional (P); 2026-09-06 · Serie A · Corinthians 1-2 Chapecoense-sc (G); 2026-08-30 · Serie A · Gremio 3-1 Chapecoense-sc (P); 2026-08-23 · Serie A · Chapecoense-sc 1-0 Sao Paulo (G)
2026-10-07,18:00,Vitoria vs Chapecoense-sc,,,Visita goles +1.5,TEAM_TOTAL_AWAY OVER.1.5,TEAM_TOTAL_AWAY:OVER_1_5,36.9%,0.368600,2.71,,,,,,,,,,,Sin cuota/EV,No encontrado en Betano,Solo modelo,4,52.85,52.855000,,Betano mapeado,Baja,torneo actual,usa Poisson base con estadisticas de goles del torneo,un gol temprano o baja eficacia puede cambiar la lectura del mercado,https://www.betano.pe/cuotas-de-partido/vitoria-ba-chapecoense-sc/92517471/,torneo actual,torneo actual,28,28.0,42.0,2026-09-20 · Serie A · Vitoria 1-3 Cruzeiro (P); 2026-09-13 · Serie A · Mirassol 2-2 Vitoria (E); 2026-09-07 · Serie A · Vitoria 1-0 Gremio (G); 2026-08-29 · Serie A · Atletico-MG 2-1 Vitoria (P); 2026-08-23 · Serie A · Vitoria 0-2 Bahia (P),torneo actual,27,29.0,53.0,2026-09-19 · Serie A · Atletico-MG 1-1 Chapecoense-sc (E); 2026-09-12 · Serie A · Chapecoense-sc 1-2 Internacional (P); 2026-09-06 · Serie A · Corinthians 1-2 Chapecoense-sc (G); 2026-08-30 · Serie A · Gremio 3-1 Chapecoense-sc (P); 2026-08-23 · Serie A · Chapecoense-sc 1-0 Sao Paulo (G)
2026-10-07,18:00,Vitoria vs Chapecoense-sc,,,SHOTS_ON_TARGET_TOTAL UNDER.9.5,SHOTS_ON_TARGET_TOTAL UNDER.9.5,SHOTS_ON_TARGET_TOTAL:UNDER_9_5,36.3%,0.362600,2.76,,,,,,,,,,,Sin cuota/EV,No encontrado en Betano,Solo modelo,2,39.26,39.260000,,Betano mapeado,Baja,contexto premium torneo actual,usa promedios del contexto premium/API-Football,el volumen ofensivo puede variar por planteamiento y marcador temprano,https://www.betano.pe/cuotas-de-partido/vitoria-ba-chapecoense-sc/92517471/,torneo actual,torneo actual,28,28.0,42.0,2026-09-20 · Serie A · Vitoria 1-3 Cruzeiro (P); 2026-09-13 · Serie A · Mirassol 2-2 Vitoria (E); 2026-09-07 · Serie A · Vitoria 1-0 Gremio (G); 2026-08-29 · Serie A · Atletico-MG 2-1 Vitoria (P); 2026-08-23 · Serie A · Vitoria 0-2 Bahia (P),torneo actual,27,29.0,53.0,2026-09-19 · Serie A · Atletico-MG 1-1 Chapecoense-sc (E); 2026-09-12 · Serie A · Chapecoense-sc 1-2 Internacional (P); 2026-09-06 · Serie A · Corinthians 1-2 Chapecoense-sc (G); 2026-08-30 · Serie A · Gremio 3-1 Chapecoense-sc (P); 2026-08-23 · Serie A · Chapecoense-sc 1-0 Sao Paulo (G)
2026-10-07,18:00,Vitoria vs Chapecoense-sc,,,Visita tarjetas +3.5,CARDS_AWAY OVER.3.5,CARDS_AWAY:OVER_3_5,35.3%,0.352800,2.83,,,,,,,,,,,Sin cuota/EV,No encontrado en Betano,Solo modelo,2,38.28,38.277000,,Betano mapeado,Baja,contexto premium torneo actual,usa promedios del contexto premium/API-Football,depende mucho del arbitro y del contexto competitivo,https://www.betano.pe/cuotas-de-partido/vitoria-ba-chapecoense-sc/92517471/,torneo actual,torneo actual,28,28.0,42.0,2026-09-20 · Serie A · Vitoria 1-3 Cruzeiro (P); 2026-09-13 · Serie A · Mirassol 2-2 Vitoria (E); 2026-09-07 · Serie A · Vitoria 1-0 Gremio (G); 2026-08-29 · Serie A · Atletico-MG 2-1 Vitoria (P); 2026-08-23 · Serie A · Vitoria 0-2 Bahia (P),torneo actual,27,29.0,53.0,2026-09-19 · Serie A · Atletico-MG 1-1 Chapecoense-sc (E); 2026-09-12 · Serie A · Chapecoense-sc 1-2 Internacional (P); 2026-09-06 · Serie A · Corinthians 1-2 Chapecoense-sc (G); 2026-08-30 · Serie A · Gremio 3-1 Chapecoense-sc (P); 2026-08-23 · Serie A · Chapecoense-sc 1-0 Sao Paulo (G)
2026-10-07,18:00,Vitoria vs Chapecoense-sc,,Betano,Corners total +11.5,CORNERS_TOTALS OVER.11.5,CORNERS_TOTALS:OVER_11_5,34.9%,0.349500,2.86,,,,,,2.42,-0.15,-0.154200,-0.44,0.85,Sin cuota/EV,EV negativo Betano,Solo modelo,6,70.48,70.484000,,Betano mapeado,Baja,contexto premium torneo actual,usa promedios del contexto premium/API-Football,el volumen ofensivo puede variar por planteamiento y marcador temprano,https://www.betano.pe/cuotas-de-partido/vitoria-ba-chapecoense-sc/92517471/,torneo actual,torneo actual,28,28.0,42.0,2026-09-20 · Serie A · Vitoria 1-3 Cruzeiro (P); 2026-09-13 · Serie A · Mirassol 2-2 Vitoria (E); 2026-09-07 · Serie A · Vitoria 1-0 Gremio (G); 2026-08-29 · Serie A · Atletico-MG 2-1 Vitoria (P); 2026-08-23 · Serie A · Vitoria 0-2 Bahia (P),torneo actual,27,29.0,53.0,2026-09-19 · Serie A · Atletico-MG 1-1 Chapecoense-sc (E); 2026-09-12 · Serie A · Chapecoense-sc 1-2 Internacional (P); 2026-09-06 · Serie A · Corinthians 1-2 Chapecoense-sc (G); 2026-08-30 · Serie A · Gremio 3-1 Chapecoense-sc (P); 2026-08-23 · Serie A · Chapecoense-sc 1-0 Sao Paulo (G)
2026-10-07,18:00,Vitoria vs Chapecoense-sc,,,Visita corners +5.5,CORNERS_AWAY OVER.5.5,CORNERS_AWAY:OVER_5_5,34.9%,0.349000,2.87,,,,,,,,,,,Sin cuota/EV,No encontrado en Betano,Solo modelo,4,50.90,50.899000,,Betano mapeado,Baja,contexto premium torneo actual,usa promedios del contexto premium/API-Football,el volumen ofensivo puede variar por planteamiento y marcador temprano,https://www.betano.pe/cuotas-de-partido/vitoria-ba-chapecoense-sc/92517471/,torneo actual,torneo actual,28,28.0,42.0,2026-09-20 · Serie A · Vitoria 1-3 Cruzeiro (P); 2026-09-13 · Serie A · Mirassol 2-2 Vitoria (E); 2026-09-07 · Serie A · Vitoria 1-0 Gremio (G); 2026-08-29 · Serie A · Atletico-MG 2-1 Vitoria (P); 2026-08-23 · Serie A · Vitoria 0-2 Bahia (P),torneo actual,27,29.0,53.0,2026-09-19 · Serie A · Atletico-MG 1-1 Chapecoense-sc (E); 2026-09-12 · Serie A · Chapecoense-sc 1-2 Internacional (P); 2026-09-06 · Serie A · Corinthians 1-2 Chapecoense-sc (G); 2026-08-30 · Serie A · Gremio 3-1 Chapecoense-sc (P); 2026-08-23 · Serie A · Chapecoense-sc 1-0 Sao Paulo (G)
2026-10-07,18:00,Vitoria vs Chapecoense-sc,,,Local corners -4.5,CORNERS_HOME UNDER.4.5,CORNERS_HOME:UNDER_4_5,34.2%,0.342200,2.92,,,,,,,,,,,Sin cuota/EV,No encontrado en Betano,Solo modelo,4,50.22,50.215000,,Betano mapeado,Baja,contexto premium torneo actual,usa promedios del contexto premium/API-Football,el volumen ofensivo puede variar por planteamiento y marcador temprano,https://www.betano.pe/cuotas-de-partido/vitoria-ba-chapecoense-sc/92517471/,torneo actual,torneo actual,28,28.0,42.0,2026-09-20 · Serie A · Vitoria 1-3 Cruzeiro (P); 2026-09-13 · Serie A · Mirassol 2-2 Vitoria (E); 2026-09-07 · Serie A · Vitoria 1-0 Gremio (G); 2026-08-29 · Serie A · Atletico-MG 2-1 Vitoria (P); 2026-08-23 · Serie A · Vitoria 0-2 Bahia (P),torneo actual,27,29.0,53.0,2026-09-19 · Serie A · Atletico-MG 1-1 Chapecoense-sc (E); 2026-09-12 · Serie A · Chapecoense-sc 1-2 Internacional (P); 2026-09-06 · Serie A · Corinthians 1-2 Chapecoense-sc (G); 2026-08-30 · Serie A · Gremio 3-1 Chapecoense-sc (P); 2026-08-23 · Serie A · Chapecoense-sc 1-0 Sao Paulo (G)
2026-10-07,18:00,Vitoria vs Chapecoense-sc,,,Local corners +6.5,CORNERS_HOME OVER.6.5,CORNERS_HOME:OVER_6_5,33.0%,0.329700,3.03,,,,,,,,,,,Sin cuota/EV,No encontrado en Betano,Solo modelo,4,48.97,48.974000,,Betano mapeado,Baja,contexto premium torneo actual,usa promedios del contexto premium/API-Football,el volumen ofensivo puede variar por planteamiento y marcador temprano,https://www.betano.pe/cuotas-de-partido/vitoria-ba-chapecoense-sc/92517471/,torneo actual,torneo actual,28,28.0,42.0,2026-09-20 · Serie A · Vitoria 1-3 Cruzeiro (P); 2026-09-13 · Serie A · Mirassol 2-2 Vitoria (E); 2026-09-07 · Serie A · Vitoria 1-0 Gremio (G); 2026-08-29 · Serie A · Atletico-MG 2-1 Vitoria (P); 2026-08-23 · Serie A · Vitoria 0-2 Bahia (P),torneo actual,27,29.0,53.0,2026-09-19 · Serie A · Atletico-MG 1-1 Chapecoense-sc (E); 2026-09-12 · Serie A · Chapecoense-sc 1-2 Internacional (P); 2026-09-06 · Serie A · Corinthians 1-2 Chapecoense-sc (G); 2026-08-30 · Serie A · Gremio 3-1 Chapecoense-sc (P); 2026-08-23 · Serie A · Chapecoense-sc 1-0 Sao Paulo (G)
2026-10-07,18:00,Vitoria vs Chapecoense-sc,William Hill,Betano,Goles +3.5,TOTALS OVER.3.5,TOTALS:OVER_3_5,32.7%,0.327400,3.05,12.00,2.93,2.929100,8.95,3.93,3.20,0.05,0.047700,0.15,1.05,EV positivo,EV positivo Betano,Equilibrado,1,58.51,58.505000,Cuota API muy superior a la cuota justa: revisar manualmente antes de apostar,Betano mapeado,Baja,torneo actual,usa Poisson base con estadisticas de goles del torneo,un gol temprano o baja eficacia puede cambiar la lectura del mercado,https://www.betano.pe/cuotas-de-partido/vitoria-ba-chapecoense-sc/92517471/,torneo actual,torneo actual,28,28.0,42.0,2026-09-20 · Serie A · Vitoria 1-3 Cruzeiro (P); 2026-09-13 · Serie A · Mirassol 2-2 Vitoria (E); 2026-09-07 · Serie A · Vitoria 1-0 Gremio (G); 2026-08-29 · Serie A · Atletico-MG 2-1 Vitoria (P); 2026-08-23 · Serie A · Vitoria 0-2 Bahia (P),torneo actual,27,29.0,53.0,2026-09-19 · Serie A · Atletico-MG 1-1 Chapecoense-sc (E); 2026-09-12 · Serie A · Chapecoense-sc 1-2 Internacional (P); 2026-09-06 · Serie A · Corinthians 1-2 Chapecoense-sc (G); 2026-08-30 · Serie A · Gremio 3-1 Chapecoense-sc (P); 2026-08-23 · Serie A · Chapecoense-sc 1-0 Sao Paulo (G)
2026-10-07,18:00,Vitoria vs Chapecoense-sc,,,Local tarjetas -1.5,CARDS_HOME UNDER.1.5,CARDS_HOME:UNDER_1_5,30.8%,0.308400,3.24,,,,,,,,,,,Sin cuota/EV,No encontrado en Betano,Solo modelo,2,33.84,33.844000,,Betano mapeado,Baja,contexto premium torneo actual,usa promedios del contexto premium/API-Football,depende mucho del arbitro y del contexto competitivo,https://www.betano.pe/cuotas-de-partido/vitoria-ba-chapecoense-sc/92517471/,torneo actual,torneo actual,28,28.0,42.0,2026-09-20 · Serie A · Vitoria 1-3 Cruzeiro (P); 2026-09-13 · Serie A · Mirassol 2-2 Vitoria (E); 2026-09-07 · Serie A · Vitoria 1-0 Gremio (G); 2026-08-29 · Serie A · Atletico-MG 2-1 Vitoria (P); 2026-08-23 · Serie A · Vitoria 0-2 Bahia (P),torneo actual,27,29.0,53.0,2026-09-19 · Serie A · Atletico-MG 1-1 Chapecoense-sc (E); 2026-09-12 · Serie A · Chapecoense-sc 1-2 Internacional (P); 2026-09-06 · Serie A · Corinthians 1-2 Chapecoense-sc (G); 2026-08-30 · Serie A · Gremio 3-1 Chapecoense-sc (P); 2026-08-23 · Serie A · Chapecoense-sc 1-0 Sao Paulo (G)
2026-10-07,18:00,Vitoria vs Chapecoense-sc,William Hill,Betano,Gana visita,1X2 AWAY,1X2:AWAY,30.8%,0.307800,3.25,4.80,0.48,0.477200,1.55,1.48,4.75,0.46,0.462100,1.50,1.46,EV positivo,EV positivo Betano,Equilibrado,7,89.76,89.759000,,Betano mapeado,Baja,torneo actual,usa Poisson base con estadisticas de goles del torneo,riesgo propio del resultado final y variacion del modelo,https://www.betano.pe/cuotas-de-partido/vitoria-ba-chapecoense-sc/92517471/,torneo actual,torneo actual,28,28.0,42.0,2026-09-20 · Serie A · Vitoria 1-3 Cruzeiro (P); 2026-09-13 · Serie A · Mirassol 2-2 Vitoria (E); 2026-09-07 · Serie A · Vitoria 1-0 Gremio (G); 2026-08-29 · Serie A · Atletico-MG 2-1 Vitoria (P); 2026-08-23 · Serie A · Vitoria 0-2 Bahia (P),torneo actual,27,29.0,53.0,2026-09-19 · Serie A · Atletico-MG 1-1 Chapecoense-sc (E); 2026-09-12 · Serie A · Chapecoense-sc 1-2 Internacional (P); 2026-09-06 · Serie A · Corinthians 1-2 Chapecoense-sc (G); 2026-08-30 · Serie A · Gremio 3-1 Chapecoense-sc (P); 2026-08-23 · Serie A · Chapecoense-sc 1-0 Sao Paulo (G)
2026-10-07,18:00,Vitoria vs Chapecoense-sc,,,Tarjetas total +6.5,CARDS_TOTALS OVER.6.5,CARDS_TOTALS:OVER_6_5,29.8%,0.298300,3.35,,,,,,,,,,,Sin cuota/EV,No encontrado en Betano,Solo modelo,3,37.83,37.833000,,Betano mapeado,Baja,contexto premium torneo actual,usa promedios del contexto premium/API-Football,depende mucho del arbitro y del contexto competitivo,https://www.betano.pe/cuotas-de-partido/vitoria-ba-chapecoense-sc/92517471/,torneo actual,torneo actual,28,28.0,42.0,2026-09-20 · Serie A · Vitoria 1-3 Cruzeiro (P); 2026-09-13 · Serie A · Mirassol 2-2 Vitoria (E); 2026-09-07 · Serie A · Vitoria 1-0 Gremio (G); 2026-08-29 · Serie A · Atletico-MG 2-1 Vitoria (P); 2026-08-23 · Serie A · Vitoria 0-2 Bahia (P),torneo actual,27,29.0,53.0,2026-09-19 · Serie A · Atletico-MG 1-1 Chapecoense-sc (E); 2026-09-12 · Serie A · Chapecoense-sc 1-2 Internacional (P); 2026-09-06 · Serie A · Corinthians 1-2 Chapecoense-sc (G); 2026-08-30 · Serie A · Gremio 3-1 Chapecoense-sc (P); 2026-08-23 · Serie A · Chapecoense-sc 1-0 Sao Paulo (G)
2026-10-07,18:00,Vitoria vs Chapecoense-sc,,,Visita corners -3.5,CORNERS_AWAY UNDER.3.5,CORNERS_AWAY:UNDER_3_5,29.4%,0.294200,3.40,,,,,,,,,,,Sin cuota/EV,No encontrado en Betano,Solo modelo,4,45.42,45.423000,,Betano mapeado,Baja,contexto premium torneo actual,usa promedios del contexto premium/API-Football,el volumen ofensivo puede variar por planteamiento y marcador temprano,https://www.betano.pe/cuotas-de-partido/vitoria-ba-chapecoense-sc/92517471/,torneo actual,torneo actual,28,28.0,42.0,2026-09-20 · Serie A · Vitoria 1-3 Cruzeiro (P); 2026-09-13 · Serie A · Mirassol 2-2 Vitoria (E); 2026-09-07 · Serie A · Vitoria 1-0 Gremio (G); 2026-08-29 · Serie A · Atletico-MG 2-1 Vitoria (P); 2026-08-23 · Serie A · Vitoria 0-2 Bahia (P),torneo actual,27,29.0,53.0,2026-09-19 · Serie A · Atletico-MG 1-1 Chapecoense-sc (E); 2026-09-12 · Serie A · Chapecoense-sc 1-2 Internacional (P); 2026-09-06 · Serie A · Corinthians 1-2 Chapecoense-sc (G); 2026-08-30 · Serie A · Gremio 3-1 Chapecoense-sc (P); 2026-08-23 · Serie A · Chapecoense-sc 1-0 Sao Paulo (G)
2026-10-07,18:00,Vitoria vs Chapecoense-sc,,,Corners total -8.5,CORNERS_TOTALS UNDER.8.5,CORNERS_TOTALS:UNDER_8_5,29.0%,0.289600,3.45,,,,,,,,,,,Sin cuota/EV,No encontrado en Betano,Solo modelo,6,58.96,58.962000,,Betano mapeado,Baja,contexto premium torneo actual,usa promedios del contexto premium/API-Football,el volumen ofensivo puede variar por planteamiento y marcador temprano,https://www.betano.pe/cuotas-de-partido/vitoria-ba-chapecoense-sc/92517471/,torneo actual,torneo actual,28,28.0,42.0,2026-09-20 · Serie A · Vitoria 1-3 Cruzeiro (P); 2026-09-13 · Serie A · Mirassol 2-2 Vitoria (E); 2026-09-07 · Serie A · Vitoria 1-0 Gremio (G); 2026-08-29 · Serie A · Atletico-MG 2-1 Vitoria (P); 2026-08-23 · Serie A · Vitoria 0-2 Bahia (P),torneo actual,27,29.0,53.0,2026-09-19 · Serie A · Atletico-MG 1-1 Chapecoense-sc (E); 2026-09-12 · Serie A · Chapecoense-sc 1-2 Internacional (P); 2026-09-06 · Serie A · Corinthians 1-2 Chapecoense-sc (G); 2026-08-30 · Serie A · Gremio 3-1 Chapecoense-sc (P); 2026-08-23 · Serie A · Chapecoense-sc 1-0 Sao Paulo (G)
2026-10-07,18:00,Vitoria vs Chapecoense-sc,,,Visita goles -0.5,TEAM_TOTAL_AWAY UNDER.0.5,TEAM_TOTAL_AWAY:UNDER_0_5,27.6%,0.276100,3.62,,,,,,,,,,,Sin cuota/EV,No encontrado en Betano,Solo modelo,4,43.61,43.613000,,Betano mapeado,Baja,torneo actual,usa Poisson base con estadisticas de goles del torneo,un gol temprano o baja eficacia puede cambiar la lectura del mercado,https://www.betano.pe/cuotas-de-partido/vitoria-ba-chapecoense-sc/92517471/,torneo actual,torneo actual,28,28.0,42.0,2026-09-20 · Serie A · Vitoria 1-3 Cruzeiro (P); 2026-09-13 · Serie A · Mirassol 2-2 Vitoria (E); 2026-09-07 · Serie A · Vitoria 1-0 Gremio (G); 2026-08-29 · Serie A · Atletico-MG 2-1 Vitoria (P); 2026-08-23 · Serie A · Vitoria 0-2 Bahia (P),torneo actual,27,29.0,53.0,2026-09-19 · Serie A · Atletico-MG 1-1 Chapecoense-sc (E); 2026-09-12 · Serie A · Chapecoense-sc 1-2 Internacional (P); 2026-09-06 · Serie A · Corinthians 1-2 Chapecoense-sc (G); 2026-08-30 · Serie A · Gremio 3-1 Chapecoense-sc (P); 2026-08-23 · Serie A · Chapecoense-sc 1-0 Sao Paulo (G)
2026-10-07,18:00,Vitoria vs Chapecoense-sc,William Hill,Betano,1T -0.5,FIRST_HALF_TOTALS UNDER.0.5,FIRST_HALF_TOTALS:UNDER_0_5,27.3%,0.272500,3.67,3.00,-0.18,-0.182400,-0.67,0.82,2.82,-0.23,-0.231600,-0.85,0.77,EV negativo,EV negativo Betano,Evitar,5,34.26,34.264000,Cuota por debajo de la cuota justa: valor limitado,Betano mapeado,Baja,contexto premium torneo actual,usa promedios del contexto premium/API-Football,el primer tiempo puede tener ritmo bajo o rotaciones,https://www.betano.pe/cuotas-de-partido/vitoria-ba-chapecoense-sc/92517471/,torneo actual,torneo actual,28,28.0,42.0,2026-09-20 · Serie A · Vitoria 1-3 Cruzeiro (P); 2026-09-13 · Serie A · Mirassol 2-2 Vitoria (E); 2026-09-07 · Serie A · Vitoria 1-0 Gremio (G); 2026-08-29 · Serie A · Atletico-MG 2-1 Vitoria (P); 2026-08-23 · Serie A · Vitoria 0-2 Bahia (P),torneo actual,27,29.0,53.0,2026-09-19 · Serie A · Atletico-MG 1-1 Chapecoense-sc (E); 2026-09-12 · Serie A · Chapecoense-sc 1-2 Internacional (P); 2026-09-06 · Serie A · Corinthians 1-2 Chapecoense-sc (G); 2026-08-30 · Serie A · Gremio 3-1 Chapecoense-sc (P); 2026-08-23 · Serie A · Chapecoense-sc 1-0 Sao Paulo (G)
2026-10-07,18:00,Vitoria vs Chapecoense-sc,,,SHOTS_ON_TARGET_TOTAL UNDER.8.5,SHOTS_ON_TARGET_TOTAL UNDER.8.5,SHOTS_ON_TARGET_TOTAL:UNDER_8_5,25.0%,0.250200,4.00,,,,,,,,,,,Sin cuota/EV,No encontrado en Betano,Solo modelo,2,28.02,28.023000,,Betano mapeado,Baja,contexto premium torneo actual,usa promedios del contexto premium/API-Football,el volumen ofensivo puede variar por planteamiento y marcador temprano,https://www.betano.pe/cuotas-de-partido/vitoria-ba-chapecoense-sc/92517471/,torneo actual,torneo actual,28,28.0,42.0,2026-09-20 · Serie A · Vitoria 1-3 Cruzeiro (P); 2026-09-13 · Serie A · Mirassol 2-2 Vitoria (E); 2026-09-07 · Serie A · Vitoria 1-0 Gremio (G); 2026-08-29 · Serie A · Atletico-MG 2-1 Vitoria (P); 2026-08-23 · Serie A · Vitoria 0-2 Bahia (P),torneo actual,27,29.0,53.0,2026-09-19 · Serie A · Atletico-MG 1-1 Chapecoense-sc (E); 2026-09-12 · Serie A · Chapecoense-sc 1-2 Internacional (P); 2026-09-06 · Serie A · Corinthians 1-2 Chapecoense-sc (G); 2026-08-30 · Serie A · Gremio 3-1 Chapecoense-sc (P); 2026-08-23 · Serie A · Chapecoense-sc 1-0 Sao Paulo (G)
2026-10-07,18:00,Vitoria vs Chapecoense-sc,William Hill,Betano,Empate,1X2 DRAW,1X2:DRAW,24.5%,0.245000,4.08,2.25,-0.45,-0.448600,-1.83,0.55,3.90,-0.04,-0.044500,-0.18,0.96,EV negativo,EV negativo Betano,Evitar,7,39.72,39.717000,Cuota por debajo de la cuota justa: valor limitado,Betano mapeado,Baja,torneo actual,usa Poisson base con estadisticas de goles del torneo,riesgo propio del resultado final y variacion del modelo,https://www.betano.pe/cuotas-de-partido/vitoria-ba-chapecoense-sc/92517471/,torneo actual,torneo actual,28,28.0,42.0,2026-09-20 · Serie A · Vitoria 1-3 Cruzeiro (P); 2026-09-13 · Serie A · Mirassol 2-2 Vitoria (E); 2026-09-07 · Serie A · Vitoria 1-0 Gremio (G); 2026-08-29 · Serie A · Atletico-MG 2-1 Vitoria (P); 2026-08-23 · Serie A · Vitoria 0-2 Bahia (P),torneo actual,27,29.0,53.0,2026-09-19 · Serie A · Atletico-MG 1-1 Chapecoense-sc (E); 2026-09-12 · Serie A · Chapecoense-sc 1-2 Internacional (P); 2026-09-06 · Serie A · Corinthians 1-2 Chapecoense-sc (G); 2026-08-30 · Serie A · Gremio 3-1 Chapecoense-sc (P); 2026-08-23 · Serie A · Chapecoense-sc 1-0 Sao Paulo (G)
2026-10-07,18:00,Vitoria vs Chapecoense-sc,,,Local tarjetas +3.5,CARDS_HOME OVER.3.5,CARDS_HOME:OVER_3_5,22.1%,0.221300,4.52,,,,,,,,,,,Sin cuota/EV,No encontrado en Betano,Solo modelo,2,25.13,25.128000,,Betano mapeado,Baja,contexto premium torneo actual,usa promedios del contexto premium/API-Football,depende mucho del arbitro y del contexto competitivo,https://www.betano.pe/cuotas-de-partido/vitoria-ba-chapecoense-sc/92517471/,torneo actual,torneo actual,28,28.0,42.0,2026-09-20 · Serie A · Vitoria 1-3 Cruzeiro (P); 2026-09-13 · Serie A · Mirassol 2-2 Vitoria (E); 2026-09-07 · Serie A · Vitoria 1-0 Gremio (G); 2026-08-29 · Serie A · Atletico-MG 2-1 Vitoria (P); 2026-08-23 · Serie A · Vitoria 0-2 Bahia (P),torneo actual,27,29.0,53.0,2026-09-19 · Serie A · Atletico-MG 1-1 Chapecoense-sc (E); 2026-09-12 · Serie A · Chapecoense-sc 1-2 Internacional (P); 2026-09-06 · Serie A · Corinthians 1-2 Chapecoense-sc (G); 2026-08-30 · Serie A · Gremio 3-1 Chapecoense-sc (P); 2026-08-23 · Serie A · Chapecoense-sc 1-0 Sao Paulo (G)
2026-10-07,18:00,Vitoria vs Chapecoense-sc,William Hill,Betano,Goles -1.5,TOTALS UNDER.1.5,TOTALS:UNDER_1_5,21.7%,0.216700,4.61,1.65,-0.64,-0.642400,-2.96,0.36,3.55,-0.23,-0.230700,-1.06,0.77,EV negativo,EV negativo Betano,Evitar,1,0.42,0.418000,Cuota por debajo de la cuota justa: valor limitado,Betano mapeado,Baja,torneo actual,usa Poisson base con estadisticas de goles del torneo,un gol temprano o baja eficacia puede cambiar la lectura del mercado,https://www.betano.pe/cuotas-de-partido/vitoria-ba-chapecoense-sc/92517471/,torneo actual,torneo actual,28,28.0,42.0,2026-09-20 · Serie A · Vitoria 1-3 Cruzeiro (P); 2026-09-13 · Serie A · Mirassol 2-2 Vitoria (E); 2026-09-07 · Serie A · Vitoria 1-0 Gremio (G); 2026-08-29 · Serie A · Atletico-MG 2-1 Vitoria (P); 2026-08-23 · Serie A · Vitoria 0-2 Bahia (P),torneo actual,27,29.0,53.0,2026-09-19 · Serie A · Atletico-MG 1-1 Chapecoense-sc (E); 2026-09-12 · Serie A · Chapecoense-sc 1-2 Internacional (P); 2026-09-06 · Serie A · Corinthians 1-2 Chapecoense-sc (G); 2026-08-30 · Serie A · Gremio 3-1 Chapecoense-sc (P); 2026-08-23 · Serie A · Chapecoense-sc 1-0 Sao Paulo (G)
2026-10-07,18:00,Vitoria vs Chapecoense-sc,,,Local goles +2.5,TEAM_TOTAL_HOME OVER.2.5,TEAM_TOTAL_HOME:OVER_2_5,21.7%,0.216600,4.62,,,,,,,,,,,Sin cuota/EV,No encontrado en Betano,Solo modelo,4,37.66,37.659000,,Betano mapeado,Baja,torneo actual,usa Poisson base con estadisticas de goles del torneo,un gol temprano o baja eficacia puede cambiar la lectura del mercado,https://www.betano.pe/cuotas-de-partido/vitoria-ba-chapecoense-sc/92517471/,torneo actual,torneo actual,28,28.0,42.0,2026-09-20 · Serie A · Vitoria 1-3 Cruzeiro (P); 2026-09-13 · Serie A · Mirassol 2-2 Vitoria (E); 2026-09-07 · Serie A · Vitoria 1-0 Gremio (G); 2026-08-29 · Serie A · Atletico-MG 2-1 Vitoria (P); 2026-08-23 · Serie A · Vitoria 0-2 Bahia (P),torneo actual,27,29.0,53.0,2026-09-19 · Serie A · Atletico-MG 1-1 Chapecoense-sc (E); 2026-09-12 · Serie A · Chapecoense-sc 1-2 Internacional (P); 2026-09-06 · Serie A · Corinthians 1-2 Chapecoense-sc (G); 2026-08-30 · Serie A · Gremio 3-1 Chapecoense-sc (P); 2026-08-23 · Serie A · Chapecoense-sc 1-0 Sao Paulo (G)
2026-10-07,18:00,Vitoria vs Chapecoense-sc,,Betano,Tarjetas total -3.5,CARDS_TOTALS UNDER.3.5,CARDS_TOTALS:UNDER_3_5,21.3%,0.213300,4.69,,,,,,2.90,-0.38,-0.381400,-1.79,0.62,Sin cuota/EV,EV negativo Betano,Solo modelo,3,31.23,31.227000,,Betano mapeado,Baja,contexto premium torneo actual,usa promedios del contexto premium/API-Football,depende mucho del arbitro y del contexto competitivo,https://www.betano.pe/cuotas-de-partido/vitoria-ba-chapecoense-sc/92517471/,torneo actual,torneo actual,28,28.0,42.0,2026-09-20 · Serie A · Vitoria 1-3 Cruzeiro (P); 2026-09-13 · Serie A · Mirassol 2-2 Vitoria (E); 2026-09-07 · Serie A · Vitoria 1-0 Gremio (G); 2026-08-29 · Serie A · Atletico-MG 2-1 Vitoria (P); 2026-08-23 · Serie A · Vitoria 0-2 Bahia (P),torneo actual,27,29.0,53.0,2026-09-19 · Serie A · Atletico-MG 1-1 Chapecoense-sc (E); 2026-09-12 · Serie A · Chapecoense-sc 1-2 Internacional (P); 2026-09-06 · Serie A · Corinthians 1-2 Chapecoense-sc (G); 2026-08-30 · Serie A · Gremio 3-1 Chapecoense-sc (P); 2026-08-23 · Serie A · Chapecoense-sc 1-0 Sao Paulo (G)
2026-10-07,18:00,Vitoria vs Chapecoense-sc,,,Visita corners +6.5,CORNERS_AWAY OVER.6.5,CORNERS_AWAY:OVER_6_5,20.9%,0.209200,4.78,,,,,,,,,,,Sin cuota/EV,No encontrado en Betano,Solo modelo,4,36.92,36.920000,,Betano mapeado,Baja,contexto premium torneo actual,usa promedios del contexto premium/API-Football,el volumen ofensivo puede variar por planteamiento y marcador temprano,https://www.betano.pe/cuotas-de-partido/vitoria-ba-chapecoense-sc/92517471/,torneo actual,torneo actual,28,28.0,42.0,2026-09-20 · Serie A · Vitoria 1-3 Cruzeiro (P); 2026-09-13 · Serie A · Mirassol 2-2 Vitoria (E); 2026-09-07 · Serie A · Vitoria 1-0 Gremio (G); 2026-08-29 · Serie A · Atletico-MG 2-1 Vitoria (P); 2026-08-23 · Serie A · Vitoria 0-2 Bahia (P),torneo actual,27,29.0,53.0,2026-09-19 · Serie A · Atletico-MG 1-1 Chapecoense-sc (E); 2026-09-12 · Serie A · Chapecoense-sc 1-2 Internacional (P); 2026-09-06 · Serie A · Corinthians 1-2 Chapecoense-sc (G); 2026-08-30 · Serie A · Gremio 3-1 Chapecoense-sc (P); 2026-08-23 · Serie A · Chapecoense-sc 1-0 Sao Paulo (G)
2026-10-07,18:00,Vitoria vs Chapecoense-sc,,,Local goles -0.5,TEAM_TOTAL_HOME UNDER.0.5,TEAM_TOTAL_HOME:UNDER_0_5,20.2%,0.201900,4.95,,,,,,,,,,,Sin cuota/EV,No encontrado en Betano,Solo modelo,4,36.20,36.195000,,Betano mapeado,Baja,torneo actual,usa Poisson base con estadisticas de goles del torneo,un gol temprano o baja eficacia puede cambiar la lectura del mercado,https://www.betano.pe/cuotas-de-partido/vitoria-ba-chapecoense-sc/92517471/,torneo actual,torneo actual,28,28.0,42.0,2026-09-20 · Serie A · Vitoria 1-3 Cruzeiro (P); 2026-09-13 · Serie A · Mirassol 2-2 Vitoria (E); 2026-09-07 · Serie A · Vitoria 1-0 Gremio (G); 2026-08-29 · Serie A · Atletico-MG 2-1 Vitoria (P); 2026-08-23 · Serie A · Vitoria 0-2 Bahia (P),torneo actual,27,29.0,53.0,2026-09-19 · Serie A · Atletico-MG 1-1 Chapecoense-sc (E); 2026-09-12 · Serie A · Chapecoense-sc 1-2 Internacional (P); 2026-09-06 · Serie A · Corinthians 1-2 Chapecoense-sc (G); 2026-08-30 · Serie A · Gremio 3-1 Chapecoense-sc (P); 2026-08-23 · Serie A · Chapecoense-sc 1-0 Sao Paulo (G)
2026-10-07,18:00,Vitoria vs Chapecoense-sc,,,Visita tarjetas -1.5,CARDS_AWAY UNDER.1.5,CARDS_AWAY:UNDER_1_5,19.9%,0.199100,5.02,,,,,,,,,,,Sin cuota/EV,No encontrado en Betano,Solo modelo,2,22.91,22.915000,,Betano mapeado,Baja,contexto premium torneo actual,usa promedios del contexto premium/API-Football,depende mucho del arbitro y del contexto competitivo,https://www.betano.pe/cuotas-de-partido/vitoria-ba-chapecoense-sc/92517471/,torneo actual,torneo actual,28,28.0,42.0,2026-09-20 · Serie A · Vitoria 1-3 Cruzeiro (P); 2026-09-13 · Serie A · Mirassol 2-2 Vitoria (E); 2026-09-07 · Serie A · Vitoria 1-0 Gremio (G); 2026-08-29 · Serie A · Atletico-MG 2-1 Vitoria (P); 2026-08-23 · Serie A · Vitoria 0-2 Bahia (P),torneo actual,27,29.0,53.0,2026-09-19 · Serie A · Atletico-MG 1-1 Chapecoense-sc (E); 2026-09-12 · Serie A · Chapecoense-sc 1-2 Internacional (P); 2026-09-06 · Serie A · Corinthians 1-2 Chapecoense-sc (G); 2026-08-30 · Serie A · Gremio 3-1 Chapecoense-sc (P); 2026-08-23 · Serie A · Chapecoense-sc 1-0 Sao Paulo (G)
2026-10-07,18:00,Vitoria vs Chapecoense-sc,,,Local corners -3.5,CORNERS_HOME UNDER.3.5,CORNERS_HOME:UNDER_3_5,19.1%,0.190600,5.25,,,,,,,,,,,Sin cuota/EV,No encontrado en Betano,Solo modelo,4,35.06,35.062000,,Betano mapeado,Baja,contexto premium torneo actual,usa promedios del contexto premium/API-Football,el volumen ofensivo puede variar por planteamiento y marcador temprano,https://www.betano.pe/cuotas-de-partido/vitoria-ba-chapecoense-sc/92517471/,torneo actual,torneo actual,28,28.0,42.0,2026-09-20 · Serie A · Vitoria 1-3 Cruzeiro (P); 2026-09-13 · Serie A · Mirassol 2-2 Vitoria (E); 2026-09-07 · Serie A · Vitoria 1-0 Gremio (G); 2026-08-29 · Serie A · Atletico-MG 2-1 Vitoria (P); 2026-08-23 · Serie A · Vitoria 0-2 Bahia (P),torneo actual,27,29.0,53.0,2026-09-19 · Serie A · Atletico-MG 1-1 Chapecoense-sc (E); 2026-09-12 · Serie A · Chapecoense-sc 1-2 Internacional (P); 2026-09-06 · Serie A · Corinthians 1-2 Chapecoense-sc (G); 2026-08-30 · Serie A · Gremio 3-1 Chapecoense-sc (P); 2026-08-23 · Serie A · Chapecoense-sc 1-0 Sao Paulo (G)
2026-10-07,18:00,Vitoria vs Chapecoense-sc,,,Corners total -7.5,CORNERS_TOTALS UNDER.7.5,CORNERS_TOTALS:UNDER_7_5,18.6%,0.186300,5.37,,,,,,,,,,,Sin cuota/EV,No encontrado en Betano,Solo modelo,6,48.63,48.633000,,Betano mapeado,Baja,contexto premium torneo actual,usa promedios del contexto premium/API-Football,el volumen ofensivo puede variar por planteamiento y marcador temprano,https://www.betano.pe/cuotas-de-partido/vitoria-ba-chapecoense-sc/92517471/,torneo actual,torneo actual,28,28.0,42.0,2026-09-20 · Serie A · Vitoria 1-3 Cruzeiro (P); 2026-09-13 · Serie A · Mirassol 2-2 Vitoria (E); 2026-09-07 · Serie A · Vitoria 1-0 Gremio (G); 2026-08-29 · Serie A · Atletico-MG 2-1 Vitoria (P); 2026-08-23 · Serie A · Vitoria 0-2 Bahia (P),torneo actual,27,29.0,53.0,2026-09-19 · Serie A · Atletico-MG 1-1 Chapecoense-sc (E); 2026-09-12 · Serie A · Chapecoense-sc 1-2 Internacional (P); 2026-09-06 · Serie A · Corinthians 1-2 Chapecoense-sc (G); 2026-08-30 · Serie A · Gremio 3-1 Chapecoense-sc (P); 2026-08-23 · Serie A · Chapecoense-sc 1-0 Sao Paulo (G)
2026-10-07,18:00,Vitoria vs Chapecoense-sc,,,SHOTS_ON_TARGET_TOTAL UNDER.7.5,SHOTS_ON_TARGET_TOTAL UNDER.7.5,SHOTS_ON_TARGET_TOTAL:UNDER_7_5,15.7%,0.156600,6.39,,,,,,,,,,,Sin cuota/EV,No encontrado en Betano,Solo modelo,2,18.66,18.658000,,Betano mapeado,Baja,contexto premium torneo actual,usa promedios del contexto premium/API-Football,el volumen ofensivo puede variar por planteamiento y marcador temprano,https://www.betano.pe/cuotas-de-partido/vitoria-ba-chapecoense-sc/92517471/,torneo actual,torneo actual,28,28.0,42.0,2026-09-20 · Serie A · Vitoria 1-3 Cruzeiro (P); 2026-09-13 · Serie A · Mirassol 2-2 Vitoria (E); 2026-09-07 · Serie A · Vitoria 1-0 Gremio (G); 2026-08-29 · Serie A · Atletico-MG 2-1 Vitoria (P); 2026-08-23 · Serie A · Vitoria 0-2 Bahia (P),torneo actual,27,29.0,53.0,2026-09-19 · Serie A · Atletico-MG 1-1 Chapecoense-sc (E); 2026-09-12 · Serie A · Chapecoense-sc 1-2 Internacional (P); 2026-09-06 · Serie A · Corinthians 1-2 Chapecoense-sc (G); 2026-08-30 · Serie A · Gremio 3-1 Chapecoense-sc (P); 2026-08-23 · Serie A · Chapecoense-sc 1-0 Sao Paulo (G)
2026-10-07,18:00,Vitoria vs Chapecoense-sc,,,Visita goles +2.5,TEAM_TOTAL_AWAY OVER.2.5,TEAM_TOTAL_AWAY:OVER_2_5,14.0%,0.139900,7.15,,,,,,,,,,,Sin cuota/EV,No encontrado en Betano,Solo modelo,4,29.99,29.990000,,Betano mapeado,Baja,torneo actual,usa Poisson base con estadisticas de goles del torneo,un gol temprano o baja eficacia puede cambiar la lectura del mercado,https://www.betano.pe/cuotas-de-partido/vitoria-ba-chapecoense-sc/92517471/,torneo actual,torneo actual,28,28.0,42.0,2026-09-20 · Serie A · Vitoria 1-3 Cruzeiro (P); 2026-09-13 · Serie A · Mirassol 2-2 Vitoria (E); 2026-09-07 · Serie A · Vitoria 1-0 Gremio (G); 2026-08-29 · Serie A · Atletico-MG 2-1 Vitoria (P); 2026-08-23 · Serie A · Vitoria 0-2 Bahia (P),torneo actual,27,29.0,53.0,2026-09-19 · Serie A · Atletico-MG 1-1 Chapecoense-sc (E); 2026-09-12 · Serie A · Chapecoense-sc 1-2 Internacional (P); 2026-09-06 · Serie A · Corinthians 1-2 Chapecoense-sc (G); 2026-08-30 · Serie A · Gremio 3-1 Chapecoense-sc (P); 2026-08-23 · Serie A · Chapecoense-sc 1-0 Sao Paulo (G)
2026-10-07,18:00,Vitoria vs Chapecoense-sc,,,SHOTS_TOTAL UNDER.26.5,SHOTS_TOTAL UNDER.26.5,SHOTS_TOTAL:UNDER_26_5,13.8%,0.137600,7.27,,,,,,,,,,,Sin cuota/EV,No encontrado en Betano,Solo modelo,2,16.76,16.759000,,Betano mapeado,Baja,contexto premium torneo actual,usa promedios del contexto premium/API-Football,el volumen ofensivo puede variar por planteamiento y marcador temprano,https://www.betano.pe/cuotas-de-partido/vitoria-ba-chapecoense-sc/92517471/,torneo actual,torneo actual,28,28.0,42.0,2026-09-20 · Serie A · Vitoria 1-3 Cruzeiro (P); 2026-09-13 · Serie A · Mirassol 2-2 Vitoria (E); 2026-09-07 · Serie A · Vitoria 1-0 Gremio (G); 2026-08-29 · Serie A · Atletico-MG 2-1 Vitoria (P); 2026-08-23 · Serie A · Vitoria 0-2 Bahia (P),torneo actual,27,29.0,53.0,2026-09-19 · Serie A · Atletico-MG 1-1 Chapecoense-sc (E); 2026-09-12 · Serie A · Chapecoense-sc 1-2 Internacional (P); 2026-09-06 · Serie A · Corinthians 1-2 Chapecoense-sc (G); 2026-08-30 · Serie A · Gremio 3-1 Chapecoense-sc (P); 2026-08-23 · Serie A · Chapecoense-sc 1-0 Sao Paulo (G)
2026-10-07,18:00,Vitoria vs Chapecoense-sc,,,Tarjetas total -2.5,CARDS_TOTALS UNDER.2.5,CARDS_TOTALS:UNDER_2_5,9.5%,0.094800,10.55,,,,,,,,,,,Sin cuota/EV,No encontrado en Betano,Solo modelo,3,17.48,17.476000,,Betano mapeado,Baja,contexto premium torneo actual,usa promedios del contexto premium/API-Football,depende mucho del arbitro y del contexto competitivo,https://www.betano.pe/cuotas-de-partido/vitoria-ba-chapecoense-sc/92517471/,torneo actual,torneo actual,28,28.0,42.0,2026-09-20 · Serie A · Vitoria 1-3 Cruzeiro (P); 2026-09-13 · Serie A · Mirassol 2-2 Vitoria (E); 2026-09-07 · Serie A · Vitoria 1-0 Gremio (G); 2026-08-29 · Serie A · Atletico-MG 2-1 Vitoria (P); 2026-08-23 · Serie A · Vitoria 0-2 Bahia (P),torneo actual,27,29.0,53.0,2026-09-19 · Serie A · Atletico-MG 1-1 Chapecoense-sc (E); 2026-09-12 · Serie A · Chapecoense-sc 1-2 Internacional (P); 2026-09-06 · Serie A · Corinthians 1-2 Chapecoense-sc (G); 2026-08-30 · Serie A · Gremio 3-1 Chapecoense-sc (P); 2026-08-23 · Serie A · Chapecoense-sc 1-0 Sao Paulo (G)
2026-10-07,18:00,Vitoria vs Chapecoense-sc,,,Local tarjetas -0.5,CARDS_HOME UNDER.0.5,CARDS_HOME:UNDER_0_5,9.1%,0.090700,11.02,,,,,,,,,,,Sin cuota/EV,No encontrado en Betano,Solo modelo,2,12.07,12.072000,,Betano mapeado,Baja,contexto premium torneo actual,usa promedios del contexto premium/API-Football,depende mucho del arbitro y del contexto competitivo,https://www.betano.pe/cuotas-de-partido/vitoria-ba-chapecoense-sc/92517471/,torneo actual,torneo actual,28,28.0,42.0,2026-09-20 · Serie A · Vitoria 1-3 Cruzeiro (P); 2026-09-13 · Serie A · Mirassol 2-2 Vitoria (E); 2026-09-07 · Serie A · Vitoria 1-0 Gremio (G); 2026-08-29 · Serie A · Atletico-MG 2-1 Vitoria (P); 2026-08-23 · Serie A · Vitoria 0-2 Bahia (P),torneo actual,27,29.0,53.0,2026-09-19 · Serie A · Atletico-MG 1-1 Chapecoense-sc (E); 2026-09-12 · Serie A · Chapecoense-sc 1-2 Internacional (P); 2026-09-06 · Serie A · Corinthians 1-2 Chapecoense-sc (G); 2026-08-30 · Serie A · Gremio 3-1 Chapecoense-sc (P); 2026-08-23 · Serie A · Chapecoense-sc 1-0 Sao Paulo (G)
2026-10-07,18:00,Vitoria vs Chapecoense-sc,,,SHOTS_ON_TARGET_TOTAL UNDER.6.5,SHOTS_ON_TARGET_TOTAL UNDER.6.5,SHOTS_ON_TARGET_TOTAL:UNDER_6_5,8.7%,0.087200,11.47,,,,,,,,,,,Sin cuota/EV,No encontrado en Betano,Solo modelo,2,11.72,11.722000,,Betano mapeado,Baja,contexto premium torneo actual,usa promedios del contexto premium/API-Football,el volumen ofensivo puede variar por planteamiento y marcador temprano,https://www.betano.pe/cuotas-de-partido/vitoria-ba-chapecoense-sc/92517471/,torneo actual,torneo actual,28,28.0,42.0,2026-09-20 · Serie A · Vitoria 1-3 Cruzeiro (P); 2026-09-13 · Serie A · Mirassol 2-2 Vitoria (E); 2026-09-07 · Serie A · Vitoria 1-0 Gremio (G); 2026-08-29 · Serie A · Atletico-MG 2-1 Vitoria (P); 2026-08-23 · Serie A · Vitoria 0-2 Bahia (P),torneo actual,27,29.0,53.0,2026-09-19 · Serie A · Atletico-MG 1-1 Chapecoense-sc (E); 2026-09-12 · Serie A · Chapecoense-sc 1-2 Internacional (P); 2026-09-06 · Serie A · Corinthians 1-2 Chapecoense-sc (G); 2026-08-30 · Serie A · Gremio 3-1 Chapecoense-sc (P); 2026-08-23 · Serie A · Chapecoense-sc 1-0 Sao Paulo (G)
2026-10-07,18:00,Vitoria vs Chapecoense-sc,,,SHOTS_TOTAL UNDER.24.5,SHOTS_TOTAL UNDER.24.5,SHOTS_TOTAL:UNDER_24_5,7.1%,0.070700,14.14,,,,,,,,,,,Sin cuota/EV,No encontrado en Betano,Solo modelo,2,10.07,10.071000,,Betano mapeado,Baja,contexto premium torneo actual,usa promedios del contexto premium/API-Football,el volumen ofensivo puede variar por planteamiento y marcador temprano,https://www.betano.pe/cuotas-de-partido/vitoria-ba-chapecoense-sc/92517471/,torneo actual,torneo actual,28,28.0,42.0,2026-09-20 · Serie A · Vitoria 1-3 Cruzeiro (P); 2026-09-13 · Serie A · Mirassol 2-2 Vitoria (E); 2026-09-07 · Serie A · Vitoria 1-0 Gremio (G); 2026-08-29 · Serie A · Atletico-MG 2-1 Vitoria (P); 2026-08-23 · Serie A · Vitoria 0-2 Bahia (P),torneo actual,27,29.0,53.0,2026-09-19 · Serie A · Atletico-MG 1-1 Chapecoense-sc (E); 2026-09-12 · Serie A · Chapecoense-sc 1-2 Internacional (P); 2026-09-06 · Serie A · Corinthians 1-2 Chapecoense-sc (G); 2026-08-30 · Serie A · Gremio 3-1 Chapecoense-sc (P); 2026-08-23 · Serie A · Chapecoense-sc 1-0 Sao Paulo (G)
2026-10-07,18:00,Vitoria vs Chapecoense-sc,,,Visita tarjetas -0.5,CARDS_AWAY UNDER.0.5,CARDS_AWAY:UNDER_0_5,5.0%,0.049800,20.09,,,,,,,,,,,Sin cuota/EV,No encontrado en Betano,Solo modelo,2,7.98,7.979000,,Betano mapeado,Baja,contexto premium torneo actual,usa promedios del contexto premium/API-Football,depende mucho del arbitro y del contexto competitivo,https://www.betano.pe/cuotas-de-partido/vitoria-ba-chapecoense-sc/92517471/,torneo actual,torneo actual,28,28.0,42.0,2026-09-20 · Serie A · Vitoria 1-3 Cruzeiro (P); 2026-09-13 · Serie A · Mirassol 2-2 Vitoria (E); 2026-09-07 · Serie A · Vitoria 1-0 Gremio (G); 2026-08-29 · Serie A · Atletico-MG 2-1 Vitoria (P); 2026-08-23 · Serie A · Vitoria 0-2 Bahia (P),torneo actual,27,29.0,53.0,2026-09-19 · Serie A · Atletico-MG 1-1 Chapecoense-sc (E); 2026-09-12 · Serie A · Chapecoense-sc 1-2 Internacional (P); 2026-09-06 · Serie A · Corinthians 1-2 Chapecoense-sc (G); 2026-08-30 · Serie A · Gremio 3-1 Chapecoense-sc (P); 2026-08-23 · Serie A · Chapecoense-sc 1-0 Sao Paulo (G)
2026-10-07,18:00,Vitoria vs Chapecoense-sc,,,SHOTS_TOTAL UNDER.22.5,SHOTS_TOTAL UNDER.22.5,SHOTS_TOTAL:UNDER_22_5,3.1%,0.031400,31.81,,,,,,,,,,,Sin cuota/EV,No encontrado en Betano,Solo modelo,2,6.14,6.144000,,Betano mapeado,Baja,contexto premium torneo actual,usa promedios del contexto premium/API-Football,el volumen ofensivo puede variar por planteamiento y marcador temprano,https://www.betano.pe/cuotas-de-partido/vitoria-ba-chapecoense-sc/92517471/,torneo actual,torneo actual,28,28.0,42.0,2026-09-20 · Serie A · Vitoria 1-3 Cruzeiro (P); 2026-09-13 · Serie A · Mirassol 2-2 Vitoria (E); 2026-09-07 · Serie A · Vitoria 1-0 Gremio (G); 2026-08-29 · Serie A · Atletico-MG 2-1 Vitoria (P); 2026-08-23 · Serie A · Vitoria 0-2 Bahia (P),torneo actual,27,29.0,53.0,2026-09-19 · Serie A · Atletico-MG 1-1 Chapecoense-sc (E); 2026-09-12 · Serie A · Chapecoense-sc 1-2 Internacional (P); 2026-09-06 · Serie A · Corinthians 1-2 Chapecoense-sc (G); 2026-08-30 · Serie A · Gremio 3-1 Chapecoense-sc (P); 2026-08-23 · Serie A · Chapecoense-sc 1-0 Sao Paulo (G)
2026-10-07,18:00,Vitoria vs Chapecoense-sc,,,SHOTS_TOTAL UNDER.20.5,SHOTS_TOTAL UNDER.20.5,SHOTS_TOTAL:UNDER_20_5,1.2%,0.011900,84.15,,,,,,,,,,,Sin cuota/EV,No encontrado en Betano,Solo modelo,2,4.19,4.188000,,Betano mapeado,Baja,contexto premium torneo actual,usa promedios del contexto premium/API-Football,el volumen ofensivo puede variar por planteamiento y marcador temprano,https://www.betano.pe/cuotas-de-partido/vitoria-ba-chapecoense-sc/92517471/,torneo actual,torneo actual,28,28.0,42.0,2026-09-20 · Serie A · Vitoria 1-3 Cruzeiro (P); 2026-09-13 · Serie A · Mirassol 2-2 Vitoria (E); 2026-09-07 · Serie A · Vitoria 1-0 Gremio (G); 2026-08-29 · Serie A · Atletico-MG 2-1 Vitoria (P); 2026-08-23 · Serie A · Vitoria 0-2 Bahia (P),torneo actual,27,29.0,53.0,2026-09-19 · Serie A · Atletico-MG 1-1 Chapecoense-sc (E); 2026-09-12 · Serie A · Chapecoense-sc 1-2 Internacional (P); 2026-09-06 · Serie A · Corinthians 1-2 Chapecoense-sc (G); 2026-08-30 · Serie A · Gremio 3-1 Chapecoense-sc (P); 2026-08-23 · Serie A · Chapecoense-sc 1-0 Sao Paulo (G)
2026-10-07,18:00,Vitoria vs Chapecoense-sc,,,SHOTS_TOTAL UNDER.18.5,SHOTS_TOTAL UNDER.18.5,SHOTS_TOTAL:UNDER_18_5,0.4%,0.003700,267.15,,,,,,,,,,,Sin cuota/EV,No encontrado en Betano,Solo modelo,2,3.37,3.374000,,Betano mapeado,Baja,contexto premium torneo actual,usa promedios del contexto premium/API-Football,el volumen ofensivo puede variar por planteamiento y marcador temprano,https://www.betano.pe/cuotas-de-partido/vitoria-ba-chapecoense-sc/92517471/,torneo actual,torneo actual,28,28.0,42.0,2026-09-20 · Serie A · Vitoria 1-3 Cruzeiro (P); 2026-09-13 · Serie A · Mirassol 2-2 Vitoria (E); 2026-09-07 · Serie A · Vitoria 1-0 Gremio (G); 2026-08-29 · Serie A · Atletico-MG 2-1 Vitoria (P); 2026-08-23 · Serie A · Vitoria 0-2 Bahia (P),torneo actual,27,29.0,53.0,2026-09-19 · Serie A · Atletico-MG 1-1 Chapecoense-sc (E); 2026-09-12 · Serie A · Chapecoense-sc 1-2 Internacional (P); 2026-09-06 · Serie A · Corinthians 1-2 Chapecoense-sc (G); 2026-08-30 · Serie A · Gremio 3-1 Chapecoense-sc (P); 2026-08-23 · Serie A · Chapecoense-sc 1-0 Sao Paulo (G)
2026-10-07,18:30,Botafogo vs Vasco DA Gama,,,SHOTS_TOTAL OVER.18.5,SHOTS_TOTAL OVER.18.5,SHOTS_TOTAL:OVER_18_5,98.0%,0.980100,1.02,,,,,,,,,,,Sin cuota/EV,No encontrado en Betano,Solo modelo,2,101.01,101.013000,,Betano mapeado,Alta,contexto premium torneo actual,usa promedios del contexto premium/API-Football,el volumen ofensivo puede variar por planteamiento y marcador temprano,https://www.betano.pe/cuotas-de-partido/botafogo-rj-vasco-da-gama-rj/92533669/,torneo actual,torneo actual,28,41.0,45.0,2026-09-19 · Serie A · Mirassol 2-0 Botafogo (P); 2026-09-16 · Serie A · Botafogo 3-2 Gremio (G); 2026-09-12 · Serie A · Botafogo 1-1 RB Bragantino (E); 2026-09-06 · Serie A · Botafogo 0-0 Palmeiras (E); 2026-08-30 · Serie A · Flamengo 3-0 Botafogo (P),torneo actual,27,34.0,41.0,2026-09-19 · Serie A · Vasco DA Gama 5-0 Coritiba (G); 2026-09-12 · Serie A · Gremio 1-2 Vasco DA Gama (G); 2026-09-05 · Serie A · Fluminense 1-0 Vasco DA Gama (P); 2026-08-29 · Serie A · Vasco DA Gama 3-1 Cruzeiro (G); 2026-08-23 · Serie A · Palmeiras 4-1 Vasco DA Gama (P)
2026-10-07,18:30,Botafogo vs Vasco DA Gama,,,SHOTS_TOTAL OVER.20.5,SHOTS_TOTAL OVER.20.5,SHOTS_TOTAL:OVER_20_5,94.9%,0.948900,1.05,,,,,,,,,,,Sin cuota/EV,No encontrado en Betano,Solo modelo,2,97.89,97.886000,,Betano mapeado,Alta,contexto premium torneo actual,usa promedios del contexto premium/API-Football,el volumen ofensivo puede variar por planteamiento y marcador temprano,https://www.betano.pe/cuotas-de-partido/botafogo-rj-vasco-da-gama-rj/92533669/,torneo actual,torneo actual,28,41.0,45.0,2026-09-19 · Serie A · Mirassol 2-0 Botafogo (P); 2026-09-16 · Serie A · Botafogo 3-2 Gremio (G); 2026-09-12 · Serie A · Botafogo 1-1 RB Bragantino (E); 2026-09-06 · Serie A · Botafogo 0-0 Palmeiras (E); 2026-08-30 · Serie A · Flamengo 3-0 Botafogo (P),torneo actual,27,34.0,41.0,2026-09-19 · Serie A · Vasco DA Gama 5-0 Coritiba (G); 2026-09-12 · Serie A · Gremio 1-2 Vasco DA Gama (G); 2026-09-05 · Serie A · Fluminense 1-0 Vasco DA Gama (P); 2026-08-29 · Serie A · Vasco DA Gama 3-1 Cruzeiro (G); 2026-08-23 · Serie A · Palmeiras 4-1 Vasco DA Gama (P)
2026-10-07,18:30,Botafogo vs Vasco DA Gama,,,Visita tarjetas +0.5,CARDS_AWAY OVER.0.5,CARDS_AWAY:OVER_0_5,92.6%,0.925700,1.08,,,,,,,,,,,Sin cuota/EV,No encontrado en Betano,Solo modelo,2,95.57,95.573000,,Betano mapeado,Alta,contexto premium torneo actual,usa promedios del contexto premium/API-Football,depende mucho del arbitro y del contexto competitivo,https://www.betano.pe/cuotas-de-partido/botafogo-rj-vasco-da-gama-rj/92533669/,torneo actual,torneo actual,28,41.0,45.0,2026-09-19 · Serie A · Mirassol 2-0 Botafogo (P); 2026-09-16 · Serie A · Botafogo 3-2 Gremio (G); 2026-09-12 · Serie A · Botafogo 1-1 RB Bragantino (E); 2026-09-06 · Serie A · Botafogo 0-0 Palmeiras (E); 2026-08-30 · Serie A · Flamengo 3-0 Botafogo (P),torneo actual,27,34.0,41.0,2026-09-19 · Serie A · Vasco DA Gama 5-0 Coritiba (G); 2026-09-12 · Serie A · Gremio 1-2 Vasco DA Gama (G); 2026-09-05 · Serie A · Fluminense 1-0 Vasco DA Gama (P); 2026-08-29 · Serie A · Vasco DA Gama 3-1 Cruzeiro (G); 2026-08-23 · Serie A · Palmeiras 4-1 Vasco DA Gama (P)
2026-10-07,18:30,Botafogo vs Vasco DA Gama,,,SHOTS_ON_TARGET_TOTAL OVER.6.5,SHOTS_ON_TARGET_TOTAL OVER.6.5,SHOTS_ON_TARGET_TOTAL:OVER_6_5,91.7%,0.917200,1.09,,,,,,,,,,,Sin cuota/EV,No encontrado en Betano,Solo modelo,2,94.72,94.718000,,Betano mapeado,Alta,contexto premium torneo actual,usa promedios del contexto premium/API-Football,el volumen ofensivo puede variar por planteamiento y marcador temprano,https://www.betano.pe/cuotas-de-partido/botafogo-rj-vasco-da-gama-rj/92533669/,torneo actual,torneo actual,28,41.0,45.0,2026-09-19 · Serie A · Mirassol 2-0 Botafogo (P); 2026-09-16 · Serie A · Botafogo 3-2 Gremio (G); 2026-09-12 · Serie A · Botafogo 1-1 RB Bragantino (E); 2026-09-06 · Serie A · Botafogo 0-0 Palmeiras (E); 2026-08-30 · Serie A · Flamengo 3-0 Botafogo (P),torneo actual,27,34.0,41.0,2026-09-19 · Serie A · Vasco DA Gama 5-0 Coritiba (G); 2026-09-12 · Serie A · Gremio 1-2 Vasco DA Gama (G); 2026-09-05 · Serie A · Fluminense 1-0 Vasco DA Gama (P); 2026-08-29 · Serie A · Vasco DA Gama 3-1 Cruzeiro (G); 2026-08-23 · Serie A · Palmeiras 4-1 Vasco DA Gama (P)
2026-10-07,18:30,Botafogo vs Vasco DA Gama,,,Local corners -6.5,CORNERS_HOME UNDER.6.5,CORNERS_HOME:UNDER_6_5,90.9%,0.909100,1.10,,,,,,,,,,,Sin cuota/EV,No encontrado en Betano,Solo modelo,4,106.91,106.911000,,Betano mapeado,Alta,contexto premium torneo actual,usa promedios del contexto premium/API-Football,el volumen ofensivo puede variar por planteamiento y marcador temprano,https://www.betano.pe/cuotas-de-partido/botafogo-rj-vasco-da-gama-rj/92533669/,torneo actual,torneo actual,28,41.0,45.0,2026-09-19 · Serie A · Mirassol 2-0 Botafogo (P); 2026-09-16 · Serie A · Botafogo 3-2 Gremio (G); 2026-09-12 · Serie A · Botafogo 1-1 RB Bragantino (E); 2026-09-06 · Serie A · Botafogo 0-0 Palmeiras (E); 2026-08-30 · Serie A · Flamengo 3-0 Botafogo (P),torneo actual,27,34.0,41.0,2026-09-19 · Serie A · Vasco DA Gama 5-0 Coritiba (G); 2026-09-12 · Serie A · Gremio 1-2 Vasco DA Gama (G); 2026-09-05 · Serie A · Fluminense 1-0 Vasco DA Gama (P); 2026-08-29 · Serie A · Vasco DA Gama 3-1 Cruzeiro (G); 2026-08-23 · Serie A · Palmeiras 4-1 Vasco DA Gama (P)
2026-10-07,18:30,Botafogo vs Vasco DA Gama,,,SHOTS_TOTAL OVER.22.5,SHOTS_TOTAL OVER.22.5,SHOTS_TOTAL:OVER_22_5,89.0%,0.889600,1.12,,,,,,,,,,,Sin cuota/EV,No encontrado en Betano,Solo modelo,2,91.96,91.962000,,Betano mapeado,Alta,contexto premium torneo actual,usa promedios del contexto premium/API-Football,el volumen ofensivo puede variar por planteamiento y marcador temprano,https://www.betano.pe/cuotas-de-partido/botafogo-rj-vasco-da-gama-rj/92533669/,torneo actual,torneo actual,28,41.0,45.0,2026-09-19 · Serie A · Mirassol 2-0 Botafogo (P); 2026-09-16 · Serie A · Botafogo 3-2 Gremio (G); 2026-09-12 · Serie A · Botafogo 1-1 RB Bragantino (E); 2026-09-06 · Serie A · Botafogo 0-0 Palmeiras (E); 2026-08-30 · Serie A · Flamengo 3-0 Botafogo (P),torneo actual,27,34.0,41.0,2026-09-19 · Serie A · Vasco DA Gama 5-0 Coritiba (G); 2026-09-12 · Serie A · Gremio 1-2 Vasco DA Gama (G); 2026-09-05 · Serie A · Fluminense 1-0 Vasco DA Gama (P); 2026-08-29 · Serie A · Vasco DA Gama 3-1 Cruzeiro (G); 2026-08-23 · Serie A · Palmeiras 4-1 Vasco DA Gama (P)
2026-10-07,18:30,Botafogo vs Vasco DA Gama,,,Local tarjetas +0.5,CARDS_HOME OVER.0.5,CARDS_HOME:OVER_0_5,86.5%,0.864700,1.16,,,,,,,,,,,Sin cuota/EV,No encontrado en Betano,Solo modelo,2,89.47,89.466000,,Betano mapeado,Alta,contexto premium torneo actual,usa promedios del contexto premium/API-Football,depende mucho del arbitro y del contexto competitivo,https://www.betano.pe/cuotas-de-partido/botafogo-rj-vasco-da-gama-rj/92533669/,torneo actual,torneo actual,28,41.0,45.0,2026-09-19 · Serie A · Mirassol 2-0 Botafogo (P); 2026-09-16 · Serie A · Botafogo 3-2 Gremio (G); 2026-09-12 · Serie A · Botafogo 1-1 RB Bragantino (E); 2026-09-06 · Serie A · Botafogo 0-0 Palmeiras (E); 2026-08-30 · Serie A · Flamengo 3-0 Botafogo (P),torneo actual,27,34.0,41.0,2026-09-19 · Serie A · Vasco DA Gama 5-0 Coritiba (G); 2026-09-12 · Serie A · Gremio 1-2 Vasco DA Gama (G); 2026-09-05 · Serie A · Fluminense 1-0 Vasco DA Gama (P); 2026-08-29 · Serie A · Vasco DA Gama 3-1 Cruzeiro (G); 2026-08-23 · Serie A · Palmeiras 4-1 Vasco DA Gama (P)
2026-10-07,18:30,Botafogo vs Vasco DA Gama,,,Local tarjetas -3.5,CARDS_HOME UNDER.3.5,CARDS_HOME:UNDER_3_5,85.7%,0.857100,1.17,,,,,,,,,,,Sin cuota/EV,No encontrado en Betano,Solo modelo,2,88.71,88.712000,,Betano mapeado,Alta,contexto premium torneo actual,usa promedios del contexto premium/API-Football,depende mucho del arbitro y del contexto competitivo,https://www.betano.pe/cuotas-de-partido/botafogo-rj-vasco-da-gama-rj/92533669/,torneo actual,torneo actual,28,41.0,45.0,2026-09-19 · Serie A · Mirassol 2-0 Botafogo (P); 2026-09-16 · Serie A · Botafogo 3-2 Gremio (G); 2026-09-12 · Serie A · Botafogo 1-1 RB Bragantino (E); 2026-09-06 · Serie A · Botafogo 0-0 Palmeiras (E); 2026-08-30 · Serie A · Flamengo 3-0 Botafogo (P),torneo actual,27,34.0,41.0,2026-09-19 · Serie A · Vasco DA Gama 5-0 Coritiba (G); 2026-09-12 · Serie A · Gremio 1-2 Vasco DA Gama (G); 2026-09-05 · Serie A · Fluminense 1-0 Vasco DA Gama (P); 2026-08-29 · Serie A · Vasco DA Gama 3-1 Cruzeiro (G); 2026-08-23 · Serie A · Palmeiras 4-1 Vasco DA Gama (P)
2026-10-07,18:30,Botafogo vs Vasco DA Gama,,,SHOTS_ON_TARGET_TOTAL OVER.7.5,SHOTS_ON_TARGET_TOTAL OVER.7.5,SHOTS_ON_TARGET_TOTAL:OVER_7_5,85.0%,0.850200,1.18,,,,,,,,,,,Sin cuota/EV,No encontrado en Betano,Solo modelo,2,88.02,88.023000,,Betano mapeado,Alta,contexto premium torneo actual,usa promedios del contexto premium/API-Football,el volumen ofensivo puede variar por planteamiento y marcador temprano,https://www.betano.pe/cuotas-de-partido/botafogo-rj-vasco-da-gama-rj/92533669/,torneo actual,torneo actual,28,41.0,45.0,2026-09-19 · Serie A · Mirassol 2-0 Botafogo (P); 2026-09-16 · Serie A · Botafogo 3-2 Gremio (G); 2026-09-12 · Serie A · Botafogo 1-1 RB Bragantino (E); 2026-09-06 · Serie A · Botafogo 0-0 Palmeiras (E); 2026-08-30 · Serie A · Flamengo 3-0 Botafogo (P),torneo actual,27,34.0,41.0,2026-09-19 · Serie A · Vasco DA Gama 5-0 Coritiba (G); 2026-09-12 · Serie A · Gremio 1-2 Vasco DA Gama (G); 2026-09-05 · Serie A · Fluminense 1-0 Vasco DA Gama (P); 2026-08-29 · Serie A · Vasco DA Gama 3-1 Cruzeiro (G); 2026-08-23 · Serie A · Palmeiras 4-1 Vasco DA Gama (P)
2026-10-07,18:30,Botafogo vs Vasco DA Gama,,,Visita corners +3.5,CORNERS_AWAY OVER.3.5,CORNERS_AWAY:OVER_3_5,84.9%,0.848800,1.18,,,,,,,,,,,Sin cuota/EV,No encontrado en Betano,Solo modelo,4,100.88,100.880000,,Betano mapeado,Alta,contexto premium torneo actual,usa promedios del contexto premium/API-Football,el volumen ofensivo puede variar por planteamiento y marcador temprano,https://www.betano.pe/cuotas-de-partido/botafogo-rj-vasco-da-gama-rj/92533669/,torneo actual,torneo actual,28,41.0,45.0,2026-09-19 · Serie A · Mirassol 2-0 Botafogo (P); 2026-09-16 · Serie A · Botafogo 3-2 Gremio (G); 2026-09-12 · Serie A · Botafogo 1-1 RB Bragantino (E); 2026-09-06 · Serie A · Botafogo 0-0 Palmeiras (E); 2026-08-30 · Serie A · Flamengo 3-0 Botafogo (P),torneo actual,27,34.0,41.0,2026-09-19 · Serie A · Vasco DA Gama 5-0 Coritiba (G); 2026-09-12 · Serie A · Gremio 1-2 Vasco DA Gama (G); 2026-09-05 · Serie A · Fluminense 1-0 Vasco DA Gama (P); 2026-08-29 · Serie A · Vasco DA Gama 3-1 Cruzeiro (G); 2026-08-23 · Serie A · Palmeiras 4-1 Vasco DA Gama (P)
2026-10-07,18:30,Botafogo vs Vasco DA Gama,,,Tarjetas total +2.5,CARDS_TOTALS OVER.2.5,CARDS_TOTALS:OVER_2_5,83.7%,0.837400,1.19,,,,,,,,,,,Sin cuota/EV,No encontrado en Betano,Solo modelo,3,91.74,91.736000,,Betano mapeado,Alta,contexto premium torneo actual,usa promedios del contexto premium/API-Football,depende mucho del arbitro y del contexto competitivo,https://www.betano.pe/cuotas-de-partido/botafogo-rj-vasco-da-gama-rj/92533669/,torneo actual,torneo actual,28,41.0,45.0,2026-09-19 · Serie A · Mirassol 2-0 Botafogo (P); 2026-09-16 · Serie A · Botafogo 3-2 Gremio (G); 2026-09-12 · Serie A · Botafogo 1-1 RB Bragantino (E); 2026-09-06 · Serie A · Botafogo 0-0 Palmeiras (E); 2026-08-30 · Serie A · Flamengo 3-0 Botafogo (P),torneo actual,27,34.0,41.0,2026-09-19 · Serie A · Vasco DA Gama 5-0 Coritiba (G); 2026-09-12 · Serie A · Gremio 1-2 Vasco DA Gama (G); 2026-09-05 · Serie A · Fluminense 1-0 Vasco DA Gama (P); 2026-08-29 · Serie A · Vasco DA Gama 3-1 Cruzeiro (G); 2026-08-23 · Serie A · Palmeiras 4-1 Vasco DA Gama (P)
2026-10-07,18:30,Botafogo vs Vasco DA Gama,,,Visita goles -2.5,TEAM_TOTAL_AWAY UNDER.2.5,TEAM_TOTAL_AWAY:UNDER_2_5,82.5%,0.825400,1.21,,,,,,,,,,,Sin cuota/EV,No encontrado en Betano,Solo modelo,4,98.55,98.545000,,Betano mapeado,Alta,torneo actual,usa Poisson base con estadisticas de goles del torneo,un gol temprano o baja eficacia puede cambiar la lectura del mercado,https://www.betano.pe/cuotas-de-partido/botafogo-rj-vasco-da-gama-rj/92533669/,torneo actual,torneo actual,28,41.0,45.0,2026-09-19 · Serie A · Mirassol 2-0 Botafogo (P); 2026-09-16 · Serie A · Botafogo 3-2 Gremio (G); 2026-09-12 · Serie A · Botafogo 1-1 RB Bragantino (E); 2026-09-06 · Serie A · Botafogo 0-0 Palmeiras (E); 2026-08-30 · Serie A · Flamengo 3-0 Botafogo (P),torneo actual,27,34.0,41.0,2026-09-19 · Serie A · Vasco DA Gama 5-0 Coritiba (G); 2026-09-12 · Serie A · Gremio 1-2 Vasco DA Gama (G); 2026-09-05 · Serie A · Fluminense 1-0 Vasco DA Gama (P); 2026-08-29 · Serie A · Vasco DA Gama 3-1 Cruzeiro (G); 2026-08-23 · Serie A · Palmeiras 4-1 Vasco DA Gama (P)
2026-10-07,18:30,Botafogo vs Vasco DA Gama,,Betano,Tarjetas total -6.5,CARDS_TOTALS UNDER.6.5,CARDS_TOTALS:UNDER_6_5,81.8%,0.818000,1.22,,,,,,1.50,0.23,0.227000,0.28,1.23,Sin cuota/EV,EV positivo Betano,Solo modelo,3,101.44,101.435000,,Betano mapeado,Alta,contexto premium torneo actual,usa promedios del contexto premium/API-Football,depende mucho del arbitro y del contexto competitivo,https://www.betano.pe/cuotas-de-partido/botafogo-rj-vasco-da-gama-rj/92533669/,torneo actual,torneo actual,28,41.0,45.0,2026-09-19 · Serie A · Mirassol 2-0 Botafogo (P); 2026-09-16 · Serie A · Botafogo 3-2 Gremio (G); 2026-09-12 · Serie A · Botafogo 1-1 RB Bragantino (E); 2026-09-06 · Serie A · Botafogo 0-0 Palmeiras (E); 2026-08-30 · Serie A · Flamengo 3-0 Botafogo (P),torneo actual,27,34.0,41.0,2026-09-19 · Serie A · Vasco DA Gama 5-0 Coritiba (G); 2026-09-12 · Serie A · Gremio 1-2 Vasco DA Gama (G); 2026-09-05 · Serie A · Fluminense 1-0 Vasco DA Gama (P); 2026-08-29 · Serie A · Vasco DA Gama 3-1 Cruzeiro (G); 2026-08-23 · Serie A · Palmeiras 4-1 Vasco DA Gama (P)
2026-10-07,18:30,Botafogo vs Vasco DA Gama,,,Local corners -5.5,CORNERS_HOME UNDER.5.5,CORNERS_HOME:UNDER_5_5,81.6%,0.815600,1.23,,,,,,,,,,,Sin cuota/EV,No encontrado en Betano,Solo modelo,4,97.56,97.556000,,Betano mapeado,Alta,contexto premium torneo actual,usa promedios del contexto premium/API-Football,el volumen ofensivo puede variar por planteamiento y marcador temprano,https://www.betano.pe/cuotas-de-partido/botafogo-rj-vasco-da-gama-rj/92533669/,torneo actual,torneo actual,28,41.0,45.0,2026-09-19 · Serie A · Mirassol 2-0 Botafogo (P); 2026-09-16 · Serie A · Botafogo 3-2 Gremio (G); 2026-09-12 · Serie A · Botafogo 1-1 RB Bragantino (E); 2026-09-06 · Serie A · Botafogo 0-0 Palmeiras (E); 2026-08-30 · Serie A · Flamengo 3-0 Botafogo (P),torneo actual,27,34.0,41.0,2026-09-19 · Serie A · Vasco DA Gama 5-0 Coritiba (G); 2026-09-12 · Serie A · Gremio 1-2 Vasco DA Gama (G); 2026-09-05 · Serie A · Fluminense 1-0 Vasco DA Gama (P); 2026-08-29 · Serie A · Vasco DA Gama 3-1 Cruzeiro (G); 2026-08-23 · Serie A · Palmeiras 4-1 Vasco DA Gama (P)
2026-10-07,18:30,Botafogo vs Vasco DA Gama,William Hill,Betano,Goles +1.5,TOTALS OVER.1.5,TOTALS:OVER_1_5,80.7%,0.807200,1.24,1.95,0.57,0.574100,0.71,1.57,1.26,0.02,0.017100,0.02,1.02,EV positivo,EV positivo Betano,Seguro,10,154.33,154.333000,,Betano mapeado,Alta,torneo actual,usa Poisson base con estadisticas de goles del torneo,un gol temprano o baja eficacia puede cambiar la lectura del mercado,https://www.betano.pe/cuotas-de-partido/botafogo-rj-vasco-da-gama-rj/92533669/,torneo actual,torneo actual,28,41.0,45.0,2026-09-19 · Serie A · Mirassol 2-0 Botafogo (P); 2026-09-16 · Serie A · Botafogo 3-2 Gremio (G); 2026-09-12 · Serie A · Botafogo 1-1 RB Bragantino (E); 2026-09-06 · Serie A · Botafogo 0-0 Palmeiras (E); 2026-08-30 · Serie A · Flamengo 3-0 Botafogo (P),torneo actual,27,34.0,41.0,2026-09-19 · Serie A · Vasco DA Gama 5-0 Coritiba (G); 2026-09-12 · Serie A · Gremio 1-2 Vasco DA Gama (G); 2026-09-05 · Serie A · Fluminense 1-0 Vasco DA Gama (P); 2026-08-29 · Serie A · Vasco DA Gama 3-1 Cruzeiro (G); 2026-08-23 · Serie A · Palmeiras 4-1 Vasco DA Gama (P)
2026-10-07,18:30,Botafogo vs Vasco DA Gama,,Betano,Local goles +0.5,TEAM_TOTAL_HOME OVER.0.5,TEAM_TOTAL_HOME:OVER_0_5,80.0%,0.800200,1.25,,,,,,1.28,0.02,0.024300,0.03,1.02,Sin cuota/EV,EV positivo Betano,Solo modelo,4,104.41,104.408000,,Betano mapeado,Alta,torneo actual,usa Poisson base con estadisticas de goles del torneo,un gol temprano o baja eficacia puede cambiar la lectura del mercado,https://www.betano.pe/cuotas-de-partido/botafogo-rj-vasco-da-gama-rj/92533669/,torneo actual,torneo actual,28,41.0,45.0,2026-09-19 · Serie A · Mirassol 2-0 Botafogo (P); 2026-09-16 · Serie A · Botafogo 3-2 Gremio (G); 2026-09-12 · Serie A · Botafogo 1-1 RB Bragantino (E); 2026-09-06 · Serie A · Botafogo 0-0 Palmeiras (E); 2026-08-30 · Serie A · Flamengo 3-0 Botafogo (P),torneo actual,27,34.0,41.0,2026-09-19 · Serie A · Vasco DA Gama 5-0 Coritiba (G); 2026-09-12 · Serie A · Gremio 1-2 Vasco DA Gama (G); 2026-09-05 · Serie A · Fluminense 1-0 Vasco DA Gama (P); 2026-08-29 · Serie A · Vasco DA Gama 3-1 Cruzeiro (G); 2026-08-23 · Serie A · Palmeiras 4-1 Vasco DA Gama (P)
2026-10-07,18:30,Botafogo vs Vasco DA Gama,,,SHOTS_TOTAL OVER.24.5,SHOTS_TOTAL OVER.24.5,SHOTS_TOTAL:OVER_24_5,79.6%,0.795800,1.26,,,,,,,,,,,Sin cuota/EV,No encontrado en Betano,Solo modelo,2,82.58,82.583000,,Betano mapeado,Alta,contexto premium torneo actual,usa promedios del contexto premium/API-Football,el volumen ofensivo puede variar por planteamiento y marcador temprano,https://www.betano.pe/cuotas-de-partido/botafogo-rj-vasco-da-gama-rj/92533669/,torneo actual,torneo actual,28,41.0,45.0,2026-09-19 · Serie A · Mirassol 2-0 Botafogo (P); 2026-09-16 · Serie A · Botafogo 3-2 Gremio (G); 2026-09-12 · Serie A · Botafogo 1-1 RB Bragantino (E); 2026-09-06 · Serie A · Botafogo 0-0 Palmeiras (E); 2026-08-30 · Serie A · Flamengo 3-0 Botafogo (P),torneo actual,27,34.0,41.0,2026-09-19 · Serie A · Vasco DA Gama 5-0 Coritiba (G); 2026-09-12 · Serie A · Gremio 1-2 Vasco DA Gama (G); 2026-09-05 · Serie A · Fluminense 1-0 Vasco DA Gama (P); 2026-08-29 · Serie A · Vasco DA Gama 3-1 Cruzeiro (G); 2026-08-23 · Serie A · Palmeiras 4-1 Vasco DA Gama (P)
2026-10-07,18:30,Botafogo vs Vasco DA Gama,,Betano,Local goles -2.5,TEAM_TOTAL_HOME UNDER.2.5,TEAM_TOTAL_HOME:UNDER_2_5,78.1%,0.780600,1.28,,,,,,1.16,-0.09,-0.094500,-0.12,0.91,Sin cuota/EV,EV negativo Betano,Solo modelo,4,100.55,100.552000,,Betano mapeado,Alta,torneo actual,usa Poisson base con estadisticas de goles del torneo,un gol temprano o baja eficacia puede cambiar la lectura del mercado,https://www.betano.pe/cuotas-de-partido/botafogo-rj-vasco-da-gama-rj/92533669/,torneo actual,torneo actual,28,41.0,45.0,2026-09-19 · Serie A · Mirassol 2-0 Botafogo (P); 2026-09-16 · Serie A · Botafogo 3-2 Gremio (G); 2026-09-12 · Serie A · Botafogo 1-1 RB Bragantino (E); 2026-09-06 · Serie A · Botafogo 0-0 Palmeiras (E); 2026-08-30 · Serie A · Flamengo 3-0 Botafogo (P),torneo actual,27,34.0,41.0,2026-09-19 · Serie A · Vasco DA Gama 5-0 Coritiba (G); 2026-09-12 · Serie A · Gremio 1-2 Vasco DA Gama (G); 2026-09-05 · Serie A · Fluminense 1-0 Vasco DA Gama (P); 2026-08-29 · Serie A · Vasco DA Gama 3-1 Cruzeiro (G); 2026-08-23 · Serie A · Palmeiras 4-1 Vasco DA Gama (P)
2026-10-07,18:30,Botafogo vs Vasco DA Gama,,,Visita goles +0.5,TEAM_TOTAL_AWAY OVER.0.5,TEAM_TOTAL_AWAY:OVER_0_5,76.1%,0.761400,1.31,,,,,,,,,,,Sin cuota/EV,No encontrado en Betano,Solo modelo,4,92.14,92.140000,,Betano mapeado,Alta,torneo actual,usa Poisson base con estadisticas de goles del torneo,un gol temprano o baja eficacia puede cambiar la lectura del mercado,https://www.betano.pe/cuotas-de-partido/botafogo-rj-vasco-da-gama-rj/92533669/,torneo actual,torneo actual,28,41.0,45.0,2026-09-19 · Serie A · Mirassol 2-0 Botafogo (P); 2026-09-16 · Serie A · Botafogo 3-2 Gremio (G); 2026-09-12 · Serie A · Botafogo 1-1 RB Bragantino (E); 2026-09-06 · Serie A · Botafogo 0-0 Palmeiras (E); 2026-08-30 · Serie A · Flamengo 3-0 Botafogo (P),torneo actual,27,34.0,41.0,2026-09-19 · Serie A · Vasco DA Gama 5-0 Coritiba (G); 2026-09-12 · Serie A · Gremio 1-2 Vasco DA Gama (G); 2026-09-05 · Serie A · Fluminense 1-0 Vasco DA Gama (P); 2026-08-29 · Serie A · Vasco DA Gama 3-1 Cruzeiro (G); 2026-08-23 · Serie A · Palmeiras 4-1 Vasco DA Gama (P)
2026-10-07,18:30,Botafogo vs Vasco DA Gama,,,Corners total +7.5,CORNERS_TOTALS OVER.7.5,CORNERS_TOTALS:OVER_7_5,76.1%,0.761200,1.31,,,,,,,,,,,Sin cuota/EV,No encontrado en Betano,Solo modelo,6,106.12,106.122000,,Betano mapeado,Alta,contexto premium torneo actual,usa promedios del contexto premium/API-Football,el volumen ofensivo puede variar por planteamiento y marcador temprano,https://www.betano.pe/cuotas-de-partido/botafogo-rj-vasco-da-gama-rj/92533669/,torneo actual,torneo actual,28,41.0,45.0,2026-09-19 · Serie A · Mirassol 2-0 Botafogo (P); 2026-09-16 · Serie A · Botafogo 3-2 Gremio (G); 2026-09-12 · Serie A · Botafogo 1-1 RB Bragantino (E); 2026-09-06 · Serie A · Botafogo 0-0 Palmeiras (E); 2026-08-30 · Serie A · Flamengo 3-0 Botafogo (P),torneo actual,27,34.0,41.0,2026-09-19 · Serie A · Vasco DA Gama 5-0 Coritiba (G); 2026-09-12 · Serie A · Gremio 1-2 Vasco DA Gama (G); 2026-09-05 · Serie A · Fluminense 1-0 Vasco DA Gama (P); 2026-08-29 · Serie A · Vasco DA Gama 3-1 Cruzeiro (G); 2026-08-23 · Serie A · Palmeiras 4-1 Vasco DA Gama (P)
2026-10-07,18:30,Botafogo vs Vasco DA Gama,,,DOUBLE_CHANCE 12,DOUBLE_CHANCE 12,DOUBLE_CHANCE:12,76.0%,0.760000,1.32,,,,,,,,,,,Sin cuota/EV,No encontrado en Betano,Solo modelo,9,121.00,121.000000,,Betano mapeado,Alta,torneo actual,usa Poisson base con estadisticas de goles del torneo,riesgo propio del resultado final y variacion del modelo,https://www.betano.pe/cuotas-de-partido/botafogo-rj-vasco-da-gama-rj/92533669/,torneo actual,torneo actual,28,41.0,45.0,2026-09-19 · Serie A · Mirassol 2-0 Botafogo (P); 2026-09-16 · Serie A · Botafogo 3-2 Gremio (G); 2026-09-12 · Serie A · Botafogo 1-1 RB Bragantino (E); 2026-09-06 · Serie A · Botafogo 0-0 Palmeiras (E); 2026-08-30 · Serie A · Flamengo 3-0 Botafogo (P),torneo actual,27,34.0,41.0,2026-09-19 · Serie A · Vasco DA Gama 5-0 Coritiba (G); 2026-09-12 · Serie A · Gremio 1-2 Vasco DA Gama (G); 2026-09-05 · Serie A · Fluminense 1-0 Vasco DA Gama (P); 2026-08-29 · Serie A · Vasco DA Gama 3-1 Cruzeiro (G); 2026-08-23 · Serie A · Palmeiras 4-1 Vasco DA Gama (P)
2026-10-07,18:30,Botafogo vs Vasco DA Gama,,,SHOTS_ON_TARGET_TOTAL OVER.8.5,SHOTS_ON_TARGET_TOTAL OVER.8.5,SHOTS_ON_TARGET_TOTAL:OVER_8_5,75.9%,0.759000,1.32,,,,,,,,,,,Sin cuota/EV,No encontrado en Betano,Solo modelo,2,78.90,78.901000,,Betano mapeado,Alta,contexto premium torneo actual,usa promedios del contexto premium/API-Football,el volumen ofensivo puede variar por planteamiento y marcador temprano,https://www.betano.pe/cuotas-de-partido/botafogo-rj-vasco-da-gama-rj/92533669/,torneo actual,torneo actual,28,41.0,45.0,2026-09-19 · Serie A · Mirassol 2-0 Botafogo (P); 2026-09-16 · Serie A · Botafogo 3-2 Gremio (G); 2026-09-12 · Serie A · Botafogo 1-1 RB Bragantino (E); 2026-09-06 · Serie A · Botafogo 0-0 Palmeiras (E); 2026-08-30 · Serie A · Flamengo 3-0 Botafogo (P),torneo actual,27,34.0,41.0,2026-09-19 · Serie A · Vasco DA Gama 5-0 Coritiba (G); 2026-09-12 · Serie A · Gremio 1-2 Vasco DA Gama (G); 2026-09-05 · Serie A · Fluminense 1-0 Vasco DA Gama (P); 2026-08-29 · Serie A · Vasco DA Gama 3-1 Cruzeiro (G); 2026-08-23 · Serie A · Palmeiras 4-1 Vasco DA Gama (P)
2026-10-07,18:30,Botafogo vs Vasco DA Gama,,,Visita tarjetas -3.5,CARDS_AWAY UNDER.3.5,CARDS_AWAY:UNDER_3_5,73.6%,0.736000,1.36,,,,,,,,,,,Sin cuota/EV,No encontrado en Betano,Solo modelo,2,76.60,76.600000,,Betano mapeado,Alta,contexto premium torneo actual,usa promedios del contexto premium/API-Football,depende mucho del arbitro y del contexto competitivo,https://www.betano.pe/cuotas-de-partido/botafogo-rj-vasco-da-gama-rj/92533669/,torneo actual,torneo actual,28,41.0,45.0,2026-09-19 · Serie A · Mirassol 2-0 Botafogo (P); 2026-09-16 · Serie A · Botafogo 3-2 Gremio (G); 2026-09-12 · Serie A · Botafogo 1-1 RB Bragantino (E); 2026-09-06 · Serie A · Botafogo 0-0 Palmeiras (E); 2026-08-30 · Serie A · Flamengo 3-0 Botafogo (P),torneo actual,27,34.0,41.0,2026-09-19 · Serie A · Vasco DA Gama 5-0 Coritiba (G); 2026-09-12 · Serie A · Gremio 1-2 Vasco DA Gama (G); 2026-09-05 · Serie A · Fluminense 1-0 Vasco DA Gama (P); 2026-08-29 · Serie A · Vasco DA Gama 3-1 Cruzeiro (G); 2026-08-23 · Serie A · Palmeiras 4-1 Vasco DA Gama (P)
2026-10-07,18:30,Botafogo vs Vasco DA Gama,William Hill,Betano,1T -1.5,FIRST_HALF_TOTALS UNDER.1.5,FIRST_HALF_TOTALS:UNDER_1_5,73.6%,0.735800,1.36,1.44,0.06,0.059500,0.08,1.06,1.50,0.10,0.103700,0.14,1.10,EV positivo,EV positivo Betano,Equilibrado,5,109.31,109.306000,,Betano mapeado,Alta,contexto premium torneo actual,usa promedios del contexto premium/API-Football,el primer tiempo puede tener ritmo bajo o rotaciones,https://www.betano.pe/cuotas-de-partido/botafogo-rj-vasco-da-gama-rj/92533669/,torneo actual,torneo actual,28,41.0,45.0,2026-09-19 · Serie A · Mirassol 2-0 Botafogo (P); 2026-09-16 · Serie A · Botafogo 3-2 Gremio (G); 2026-09-12 · Serie A · Botafogo 1-1 RB Bragantino (E); 2026-09-06 · Serie A · Botafogo 0-0 Palmeiras (E); 2026-08-30 · Serie A · Flamengo 3-0 Botafogo (P),torneo actual,27,34.0,41.0,2026-09-19 · Serie A · Vasco DA Gama 5-0 Coritiba (G); 2026-09-12 · Serie A · Gremio 1-2 Vasco DA Gama (G); 2026-09-05 · Serie A · Fluminense 1-0 Vasco DA Gama (P); 2026-08-29 · Serie A · Vasco DA Gama 3-1 Cruzeiro (G); 2026-08-23 · Serie A · Palmeiras 4-1 Vasco DA Gama (P)
2026-10-07,18:30,Botafogo vs Vasco DA Gama,,,Visita tarjetas +1.5,CARDS_AWAY OVER.1.5,CARDS_AWAY:OVER_1_5,73.3%,0.732600,1.36,,,,,,,,,,,Sin cuota/EV,No encontrado en Betano,Solo modelo,2,76.26,76.262000,,Betano mapeado,Alta,contexto premium torneo actual,usa promedios del contexto premium/API-Football,depende mucho del arbitro y del contexto competitivo,https://www.betano.pe/cuotas-de-partido/botafogo-rj-vasco-da-gama-rj/92533669/,torneo actual,torneo actual,28,41.0,45.0,2026-09-19 · Serie A · Mirassol 2-0 Botafogo (P); 2026-09-16 · Serie A · Botafogo 3-2 Gremio (G); 2026-09-12 · Serie A · Botafogo 1-1 RB Bragantino (E); 2026-09-06 · Serie A · Botafogo 0-0 Palmeiras (E); 2026-08-30 · Serie A · Flamengo 3-0 Botafogo (P),torneo actual,27,34.0,41.0,2026-09-19 · Serie A · Vasco DA Gama 5-0 Coritiba (G); 2026-09-12 · Serie A · Gremio 1-2 Vasco DA Gama (G); 2026-09-05 · Serie A · Fluminense 1-0 Vasco DA Gama (P); 2026-08-29 · Serie A · Vasco DA Gama 3-1 Cruzeiro (G); 2026-08-23 · Serie A · Palmeiras 4-1 Vasco DA Gama (P)
2026-10-07,18:30,Botafogo vs Vasco DA Gama,,Betano,Corners total -11.5,CORNERS_TOTALS UNDER.11.5,CORNERS_TOTALS:UNDER_11_5,71.9%,0.719300,1.39,,,,,,1.50,0.08,0.079000,0.11,1.08,Sin cuota/EV,EV positivo Betano,Solo modelo,6,111.19,111.192000,,Betano mapeado,Alta,contexto premium torneo actual,usa promedios del contexto premium/API-Football,el volumen ofensivo puede variar por planteamiento y marcador temprano,https://www.betano.pe/cuotas-de-partido/botafogo-rj-vasco-da-gama-rj/92533669/,torneo actual,torneo actual,28,41.0,45.0,2026-09-19 · Serie A · Mirassol 2-0 Botafogo (P); 2026-09-16 · Serie A · Botafogo 3-2 Gremio (G); 2026-09-12 · Serie A · Botafogo 1-1 RB Bragantino (E); 2026-09-06 · Serie A · Botafogo 0-0 Palmeiras (E); 2026-08-30 · Serie A · Flamengo 3-0 Botafogo (P),torneo actual,27,34.0,41.0,2026-09-19 · Serie A · Vasco DA Gama 5-0 Coritiba (G); 2026-09-12 · Serie A · Gremio 1-2 Vasco DA Gama (G); 2026-09-05 · Serie A · Fluminense 1-0 Vasco DA Gama (P); 2026-08-29 · Serie A · Vasco DA Gama 3-1 Cruzeiro (G); 2026-08-23 · Serie A · Palmeiras 4-1 Vasco DA Gama (P)
2026-10-07,18:30,Botafogo vs Vasco DA Gama,,,Visita corners +4.5,CORNERS_AWAY OVER.4.5,CORNERS_AWAY:OVER_4_5,71.5%,0.714900,1.40,,,,,,,,,,,Sin cuota/EV,No encontrado en Betano,Solo modelo,4,87.49,87.494000,,Betano mapeado,Alta,contexto premium torneo actual,usa promedios del contexto premium/API-Football,el volumen ofensivo puede variar por planteamiento y marcador temprano,https://www.betano.pe/cuotas-de-partido/botafogo-rj-vasco-da-gama-rj/92533669/,torneo actual,torneo actual,28,41.0,45.0,2026-09-19 · Serie A · Mirassol 2-0 Botafogo (P); 2026-09-16 · Serie A · Botafogo 3-2 Gremio (G); 2026-09-12 · Serie A · Botafogo 1-1 RB Bragantino (E); 2026-09-06 · Serie A · Botafogo 0-0 Palmeiras (E); 2026-08-30 · Serie A · Flamengo 3-0 Botafogo (P),torneo actual,27,34.0,41.0,2026-09-19 · Serie A · Vasco DA Gama 5-0 Coritiba (G); 2026-09-12 · Serie A · Gremio 1-2 Vasco DA Gama (G); 2026-09-05 · Serie A · Fluminense 1-0 Vasco DA Gama (P); 2026-08-29 · Serie A · Vasco DA Gama 3-1 Cruzeiro (G); 2026-08-23 · Serie A · Palmeiras 4-1 Vasco DA Gama (P)
2026-10-07,18:30,Botafogo vs Vasco DA Gama,,Betano,Tarjetas total -5.5,CARDS_TOTALS UNDER.5.5,CARDS_TOTALS:UNDER_5_5,68.6%,0.685800,1.46,,,,,,1.90,0.30,0.303000,0.44,1.30,Sin cuota/EV,EV positivo Betano,Solo modelo,3,89.42,89.424000,,Betano mapeado,Media,contexto premium torneo actual,usa promedios del contexto premium/API-Football,depende mucho del arbitro y del contexto competitivo,https://www.betano.pe/cuotas-de-partido/botafogo-rj-vasco-da-gama-rj/92533669/,torneo actual,torneo actual,28,41.0,45.0,2026-09-19 · Serie A · Mirassol 2-0 Botafogo (P); 2026-09-16 · Serie A · Botafogo 3-2 Gremio (G); 2026-09-12 · Serie A · Botafogo 1-1 RB Bragantino (E); 2026-09-06 · Serie A · Botafogo 0-0 Palmeiras (E); 2026-08-30 · Serie A · Flamengo 3-0 Botafogo (P),torneo actual,27,34.0,41.0,2026-09-19 · Serie A · Vasco DA Gama 5-0 Coritiba (G); 2026-09-12 · Serie A · Gremio 1-2 Vasco DA Gama (G); 2026-09-05 · Serie A · Fluminense 1-0 Vasco DA Gama (P); 2026-08-29 · Serie A · Vasco DA Gama 3-1 Cruzeiro (G); 2026-08-23 · Serie A · Palmeiras 4-1 Vasco DA Gama (P)
2026-10-07,18:30,Botafogo vs Vasco DA Gama,,,Local tarjetas -2.5,CARDS_HOME UNDER.2.5,CARDS_HOME:UNDER_2_5,67.7%,0.676700,1.48,,,,,,,,,,,Sin cuota/EV,No encontrado en Betano,Solo modelo,2,70.67,70.668000,,Betano mapeado,Media,contexto premium torneo actual,usa promedios del contexto premium/API-Football,depende mucho del arbitro y del contexto competitivo,https://www.betano.pe/cuotas-de-partido/botafogo-rj-vasco-da-gama-rj/92533669/,torneo actual,torneo actual,28,41.0,45.0,2026-09-19 · Serie A · Mirassol 2-0 Botafogo (P); 2026-09-16 · Serie A · Botafogo 3-2 Gremio (G); 2026-09-12 · Serie A · Botafogo 1-1 RB Bragantino (E); 2026-09-06 · Serie A · Botafogo 0-0 Palmeiras (E); 2026-08-30 · Serie A · Flamengo 3-0 Botafogo (P),torneo actual,27,34.0,41.0,2026-09-19 · Serie A · Vasco DA Gama 5-0 Coritiba (G); 2026-09-12 · Serie A · Gremio 1-2 Vasco DA Gama (G); 2026-09-05 · Serie A · Fluminense 1-0 Vasco DA Gama (P); 2026-08-29 · Serie A · Vasco DA Gama 3-1 Cruzeiro (G); 2026-08-23 · Serie A · Palmeiras 4-1 Vasco DA Gama (P)
2026-10-07,18:30,Botafogo vs Vasco DA Gama,,,Tarjetas total +3.5,CARDS_TOTALS OVER.3.5,CARDS_TOTALS:OVER_3_5,67.4%,0.674300,1.48,,,,,,,,,,,Sin cuota/EV,No encontrado en Betano,Solo modelo,3,75.43,75.429000,,Betano mapeado,Media,contexto premium torneo actual,usa promedios del contexto premium/API-Football,depende mucho del arbitro y del contexto competitivo,https://www.betano.pe/cuotas-de-partido/botafogo-rj-vasco-da-gama-rj/92533669/,torneo actual,torneo actual,28,41.0,45.0,2026-09-19 · Serie A · Mirassol 2-0 Botafogo (P); 2026-09-16 · Serie A · Botafogo 3-2 Gremio (G); 2026-09-12 · Serie A · Botafogo 1-1 RB Bragantino (E); 2026-09-06 · Serie A · Botafogo 0-0 Palmeiras (E); 2026-08-30 · Serie A · Flamengo 3-0 Botafogo (P),torneo actual,27,34.0,41.0,2026-09-19 · Serie A · Vasco DA Gama 5-0 Coritiba (G); 2026-09-12 · Serie A · Gremio 1-2 Vasco DA Gama (G); 2026-09-05 · Serie A · Fluminense 1-0 Vasco DA Gama (P); 2026-08-29 · Serie A · Vasco DA Gama 3-1 Cruzeiro (G); 2026-08-23 · Serie A · Palmeiras 4-1 Vasco DA Gama (P)
2026-10-07,18:30,Botafogo vs Vasco DA Gama,,,SHOTS_TOTAL OVER.26.5,SHOTS_TOTAL OVER.26.5,SHOTS_TOTAL:OVER_26_5,67.0%,0.669900,1.49,,,,,,,,,,,Sin cuota/EV,No encontrado en Betano,Solo modelo,2,69.99,69.989000,,Betano mapeado,Media,contexto premium torneo actual,usa promedios del contexto premium/API-Football,el volumen ofensivo puede variar por planteamiento y marcador temprano,https://www.betano.pe/cuotas-de-partido/botafogo-rj-vasco-da-gama-rj/92533669/,torneo actual,torneo actual,28,41.0,45.0,2026-09-19 · Serie A · Mirassol 2-0 Botafogo (P); 2026-09-16 · Serie A · Botafogo 3-2 Gremio (G); 2026-09-12 · Serie A · Botafogo 1-1 RB Bragantino (E); 2026-09-06 · Serie A · Botafogo 0-0 Palmeiras (E); 2026-08-30 · Serie A · Flamengo 3-0 Botafogo (P),torneo actual,27,34.0,41.0,2026-09-19 · Serie A · Vasco DA Gama 5-0 Coritiba (G); 2026-09-12 · Serie A · Gremio 1-2 Vasco DA Gama (G); 2026-09-05 · Serie A · Fluminense 1-0 Vasco DA Gama (P); 2026-08-29 · Serie A · Vasco DA Gama 3-1 Cruzeiro (G); 2026-08-23 · Serie A · Palmeiras 4-1 Vasco DA Gama (P)
2026-10-07,18:30,Botafogo vs Vasco DA Gama,,,Local corners -4.5,CORNERS_HOME UNDER.4.5,CORNERS_HOME:UNDER_4_5,66.8%,0.667800,1.50,,,,,,,,,,,Sin cuota/EV,No encontrado en Betano,Solo modelo,4,82.78,82.784000,,Betano mapeado,Media,contexto premium torneo actual,usa promedios del contexto premium/API-Football,el volumen ofensivo puede variar por planteamiento y marcador temprano,https://www.betano.pe/cuotas-de-partido/botafogo-rj-vasco-da-gama-rj/92533669/,torneo actual,torneo actual,28,41.0,45.0,2026-09-19 · Serie A · Mirassol 2-0 Botafogo (P); 2026-09-16 · Serie A · Botafogo 3-2 Gremio (G); 2026-09-12 · Serie A · Botafogo 1-1 RB Bragantino (E); 2026-09-06 · Serie A · Botafogo 0-0 Palmeiras (E); 2026-08-30 · Serie A · Flamengo 3-0 Botafogo (P),torneo actual,27,34.0,41.0,2026-09-19 · Serie A · Vasco DA Gama 5-0 Coritiba (G); 2026-09-12 · Serie A · Gremio 1-2 Vasco DA Gama (G); 2026-09-05 · Serie A · Fluminense 1-0 Vasco DA Gama (P); 2026-08-29 · Serie A · Vasco DA Gama 3-1 Cruzeiro (G); 2026-08-23 · Serie A · Palmeiras 4-1 Vasco DA Gama (P)
2026-10-07,18:30,Botafogo vs Vasco DA Gama,,,DOUBLE_CHANCE 1X,DOUBLE_CHANCE 1X,DOUBLE_CHANCE:1X,65.9%,0.658700,1.52,,,,,,,,,,,Sin cuota/EV,No encontrado en Betano,Solo modelo,9,110.87,110.873000,,Betano mapeado,Media,torneo actual,usa Poisson base con estadisticas de goles del torneo,riesgo propio del resultado final y variacion del modelo,https://www.betano.pe/cuotas-de-partido/botafogo-rj-vasco-da-gama-rj/92533669/,torneo actual,torneo actual,28,41.0,45.0,2026-09-19 · Serie A · Mirassol 2-0 Botafogo (P); 2026-09-16 · Serie A · Botafogo 3-2 Gremio (G); 2026-09-12 · Serie A · Botafogo 1-1 RB Bragantino (E); 2026-09-06 · Serie A · Botafogo 0-0 Palmeiras (E); 2026-08-30 · Serie A · Flamengo 3-0 Botafogo (P),torneo actual,27,34.0,41.0,2026-09-19 · Serie A · Vasco DA Gama 5-0 Coritiba (G); 2026-09-12 · Serie A · Gremio 1-2 Vasco DA Gama (G); 2026-09-05 · Serie A · Fluminense 1-0 Vasco DA Gama (P); 2026-08-29 · Serie A · Vasco DA Gama 3-1 Cruzeiro (G); 2026-08-23 · Serie A · Palmeiras 4-1 Vasco DA Gama (P)
2026-10-07,18:30,Botafogo vs Vasco DA Gama,,,SHOTS_ON_TARGET_TOTAL OVER.9.5,SHOTS_ON_TARGET_TOTAL OVER.9.5,SHOTS_ON_TARGET_TOTAL:OVER_9_5,64.8%,0.648500,1.54,,,,,,,,,,,Sin cuota/EV,No encontrado en Betano,Solo modelo,2,67.85,67.854000,,Betano mapeado,Media,contexto premium torneo actual,usa promedios del contexto premium/API-Football,el volumen ofensivo puede variar por planteamiento y marcador temprano,https://www.betano.pe/cuotas-de-partido/botafogo-rj-vasco-da-gama-rj/92533669/,torneo actual,torneo actual,28,41.0,45.0,2026-09-19 · Serie A · Mirassol 2-0 Botafogo (P); 2026-09-16 · Serie A · Botafogo 3-2 Gremio (G); 2026-09-12 · Serie A · Botafogo 1-1 RB Bragantino (E); 2026-09-06 · Serie A · Botafogo 0-0 Palmeiras (E); 2026-08-30 · Serie A · Flamengo 3-0 Botafogo (P),torneo actual,27,34.0,41.0,2026-09-19 · Serie A · Vasco DA Gama 5-0 Coritiba (G); 2026-09-12 · Serie A · Gremio 1-2 Vasco DA Gama (G); 2026-09-05 · Serie A · Fluminense 1-0 Vasco DA Gama (P); 2026-08-29 · Serie A · Vasco DA Gama 3-1 Cruzeiro (G); 2026-08-23 · Serie A · Palmeiras 4-1 Vasco DA Gama (P)
2026-10-07,18:30,Botafogo vs Vasco DA Gama,,,Corners total +8.5,CORNERS_TOTALS OVER.8.5,CORNERS_TOTALS:OVER_8_5,64.4%,0.644200,1.55,,,,,,,,,,,Sin cuota/EV,No encontrado en Betano,Solo modelo,6,94.42,94.422000,,Betano mapeado,Media,contexto premium torneo actual,usa promedios del contexto premium/API-Football,el volumen ofensivo puede variar por planteamiento y marcador temprano,https://www.betano.pe/cuotas-de-partido/botafogo-rj-vasco-da-gama-rj/92533669/,torneo actual,torneo actual,28,41.0,45.0,2026-09-19 · Serie A · Mirassol 2-0 Botafogo (P); 2026-09-16 · Serie A · Botafogo 3-2 Gremio (G); 2026-09-12 · Serie A · Botafogo 1-1 RB Bragantino (E); 2026-09-06 · Serie A · Botafogo 0-0 Palmeiras (E); 2026-08-30 · Serie A · Flamengo 3-0 Botafogo (P),torneo actual,27,34.0,41.0,2026-09-19 · Serie A · Vasco DA Gama 5-0 Coritiba (G); 2026-09-12 · Serie A · Gremio 1-2 Vasco DA Gama (G); 2026-09-05 · Serie A · Fluminense 1-0 Vasco DA Gama (P); 2026-08-29 · Serie A · Vasco DA Gama 3-1 Cruzeiro (G); 2026-08-23 · Serie A · Palmeiras 4-1 Vasco DA Gama (P)
2026-10-07,18:30,Botafogo vs Vasco DA Gama,William Hill,Betano,Goles -3.5,TOTALS UNDER.3.5,TOTALS:UNDER_3_5,63.7%,0.637500,1.57,1.05,-0.33,-0.330700,-0.52,0.67,1.42,-0.09,-0.094800,-0.15,0.91,EV negativo,EV negativo Betano,Evitar,10,95.28,95.277000,Cuota por debajo de la cuota justa: valor limitado,Betano mapeado,Media,torneo actual,usa Poisson base con estadisticas de goles del torneo,un gol temprano o baja eficacia puede cambiar la lectura del mercado,https://www.betano.pe/cuotas-de-partido/botafogo-rj-vasco-da-gama-rj/92533669/,torneo actual,torneo actual,28,41.0,45.0,2026-09-19 · Serie A · Mirassol 2-0 Botafogo (P); 2026-09-16 · Serie A · Botafogo 3-2 Gremio (G); 2026-09-12 · Serie A · Botafogo 1-1 RB Bragantino (E); 2026-09-06 · Serie A · Botafogo 0-0 Palmeiras (E); 2026-08-30 · Serie A · Flamengo 3-0 Botafogo (P),torneo actual,27,34.0,41.0,2026-09-19 · Serie A · Vasco DA Gama 5-0 Coritiba (G); 2026-09-12 · Serie A · Gremio 1-2 Vasco DA Gama (G); 2026-09-05 · Serie A · Fluminense 1-0 Vasco DA Gama (P); 2026-08-29 · Serie A · Vasco DA Gama 3-1 Cruzeiro (G); 2026-08-23 · Serie A · Palmeiras 4-1 Vasco DA Gama (P)
2026-10-07,18:30,Botafogo vs Vasco DA Gama,William Hill,Betano,1T +0.5,FIRST_HALF_TOTALS OVER.0.5,FIRST_HALF_TOTALS:OVER_0_5,63.2%,0.632100,1.58,1.30,-0.18,-0.178200,-0.28,0.82,1.37,-0.13,-0.134000,-0.21,0.87,EV negativo,EV negativo Betano,Evitar,5,71.86,71.860000,Cuota por debajo de la cuota justa: valor limitado,Betano mapeado,Media,contexto premium torneo actual,usa promedios del contexto premium/API-Football,el primer tiempo puede tener ritmo bajo o rotaciones,https://www.betano.pe/cuotas-de-partido/botafogo-rj-vasco-da-gama-rj/92533669/,torneo actual,torneo actual,28,41.0,45.0,2026-09-19 · Serie A · Mirassol 2-0 Botafogo (P); 2026-09-16 · Serie A · Botafogo 3-2 Gremio (G); 2026-09-12 · Serie A · Botafogo 1-1 RB Bragantino (E); 2026-09-06 · Serie A · Botafogo 0-0 Palmeiras (E); 2026-08-30 · Serie A · Flamengo 3-0 Botafogo (P),torneo actual,27,34.0,41.0,2026-09-19 · Serie A · Vasco DA Gama 5-0 Coritiba (G); 2026-09-12 · Serie A · Gremio 1-2 Vasco DA Gama (G); 2026-09-05 · Serie A · Fluminense 1-0 Vasco DA Gama (P); 2026-08-29 · Serie A · Vasco DA Gama 3-1 Cruzeiro (G); 2026-08-23 · Serie A · Palmeiras 4-1 Vasco DA Gama (P)
2026-10-07,18:30,Botafogo vs Vasco DA Gama,William Hill,Betano,BTTS sí,BTTS YES,BTTS:YES,60.9%,0.609300,1.64,4.00,1.44,1.437200,2.36,2.44,1.60,-0.03,-0.025100,-0.04,0.97,EV positivo,EV negativo Betano,Valor,8,122.53,122.529000,Cuota API muy superior a la cuota justa: revisar manualmente antes de apostar,Betano mapeado,Media,torneo actual,usa Poisson base con estadisticas de goles del torneo,un gol temprano o baja eficacia puede cambiar la lectura del mercado,https://www.betano.pe/cuotas-de-partido/botafogo-rj-vasco-da-gama-rj/92533669/,torneo actual,torneo actual,28,41.0,45.0,2026-09-19 · Serie A · Mirassol 2-0 Botafogo (P); 2026-09-16 · Serie A · Botafogo 3-2 Gremio (G); 2026-09-12 · Serie A · Botafogo 1-1 RB Bragantino (E); 2026-09-06 · Serie A · Botafogo 0-0 Palmeiras (E); 2026-08-30 · Serie A · Flamengo 3-0 Botafogo (P),torneo actual,27,34.0,41.0,2026-09-19 · Serie A · Vasco DA Gama 5-0 Coritiba (G); 2026-09-12 · Serie A · Gremio 1-2 Vasco DA Gama (G); 2026-09-05 · Serie A · Fluminense 1-0 Vasco DA Gama (P); 2026-08-29 · Serie A · Vasco DA Gama 3-1 Cruzeiro (G); 2026-08-23 · Serie A · Palmeiras 4-1 Vasco DA Gama (P)
2026-10-07,18:30,Botafogo vs Vasco DA Gama,,Betano,Corners total -10.5,CORNERS_TOTALS UNDER.10.5,CORNERS_TOTALS:UNDER_10_5,60.8%,0.608000,1.65,,,,,,1.82,0.11,0.106600,0.17,1.11,Sin cuota/EV,EV positivo Betano,Solo modelo,6,100.51,100.510000,,Betano mapeado,Media,contexto premium torneo actual,usa promedios del contexto premium/API-Football,el volumen ofensivo puede variar por planteamiento y marcador temprano,https://www.betano.pe/cuotas-de-partido/botafogo-rj-vasco-da-gama-rj/92533669/,torneo actual,torneo actual,28,41.0,45.0,2026-09-19 · Serie A · Mirassol 2-0 Botafogo (P); 2026-09-16 · Serie A · Botafogo 3-2 Gremio (G); 2026-09-12 · Serie A · Botafogo 1-1 RB Bragantino (E); 2026-09-06 · Serie A · Botafogo 0-0 Palmeiras (E); 2026-08-30 · Serie A · Flamengo 3-0 Botafogo (P),torneo actual,27,34.0,41.0,2026-09-19 · Serie A · Vasco DA Gama 5-0 Coritiba (G); 2026-09-12 · Serie A · Gremio 1-2 Vasco DA Gama (G); 2026-09-05 · Serie A · Fluminense 1-0 Vasco DA Gama (P); 2026-08-29 · Serie A · Vasco DA Gama 3-1 Cruzeiro (G); 2026-08-23 · Serie A · Palmeiras 4-1 Vasco DA Gama (P)
2026-10-07,18:30,Botafogo vs Vasco DA Gama,,,Visita corners -6.5,CORNERS_AWAY UNDER.6.5,CORNERS_AWAY:UNDER_6_5,60.6%,0.606300,1.65,,,,,,,,,,,Sin cuota/EV,No encontrado en Betano,Solo modelo,4,76.63,76.630000,,Betano mapeado,Media,contexto premium torneo actual,usa promedios del contexto premium/API-Football,el volumen ofensivo puede variar por planteamiento y marcador temprano,https://www.betano.pe/cuotas-de-partido/botafogo-rj-vasco-da-gama-rj/92533669/,torneo actual,torneo actual,28,41.0,45.0,2026-09-19 · Serie A · Mirassol 2-0 Botafogo (P); 2026-09-16 · Serie A · Botafogo 3-2 Gremio (G); 2026-09-12 · Serie A · Botafogo 1-1 RB Bragantino (E); 2026-09-06 · Serie A · Botafogo 0-0 Palmeiras (E); 2026-08-30 · Serie A · Flamengo 3-0 Botafogo (P),torneo actual,27,34.0,41.0,2026-09-19 · Serie A · Vasco DA Gama 5-0 Coritiba (G); 2026-09-12 · Serie A · Gremio 1-2 Vasco DA Gama (G); 2026-09-05 · Serie A · Fluminense 1-0 Vasco DA Gama (P); 2026-08-29 · Serie A · Vasco DA Gama 3-1 Cruzeiro (G); 2026-08-23 · Serie A · Palmeiras 4-1 Vasco DA Gama (P)
2026-10-07,18:30,Botafogo vs Vasco DA Gama,,,Local tarjetas +1.5,CARDS_HOME OVER.1.5,CARDS_HOME:OVER_1_5,59.4%,0.594000,1.68,,,,,,,,,,,Sin cuota/EV,No encontrado en Betano,Solo modelo,2,62.40,62.399000,,Betano mapeado,Media,contexto premium torneo actual,usa promedios del contexto premium/API-Football,depende mucho del arbitro y del contexto competitivo,https://www.betano.pe/cuotas-de-partido/botafogo-rj-vasco-da-gama-rj/92533669/,torneo actual,torneo actual,28,41.0,45.0,2026-09-19 · Serie A · Mirassol 2-0 Botafogo (P); 2026-09-16 · Serie A · Botafogo 3-2 Gremio (G); 2026-09-12 · Serie A · Botafogo 1-1 RB Bragantino (E); 2026-09-06 · Serie A · Botafogo 0-0 Palmeiras (E); 2026-08-30 · Serie A · Flamengo 3-0 Botafogo (P),torneo actual,27,34.0,41.0,2026-09-19 · Serie A · Vasco DA Gama 5-0 Coritiba (G); 2026-09-12 · Serie A · Gremio 1-2 Vasco DA Gama (G); 2026-09-05 · Serie A · Fluminense 1-0 Vasco DA Gama (P); 2026-08-29 · Serie A · Vasco DA Gama 3-1 Cruzeiro (G); 2026-08-23 · Serie A · Palmeiras 4-1 Vasco DA Gama (P)
2026-10-07,18:30,Botafogo vs Vasco DA Gama,William Hill,Betano,Goles +2.5,TOTALS OVER.2.5,TOTALS:OVER_2_5,58.7%,0.586500,1.71,4.20,1.46,1.463300,2.50,2.46,1.78,0.04,0.044000,0.07,1.04,EV positivo,EV positivo Betano,Valor,8,121.36,121.355000,Cuota API muy superior a la cuota justa: revisar manualmente antes de apostar,Betano mapeado,Media,torneo actual,usa Poisson base con estadisticas de goles del torneo,un gol temprano o baja eficacia puede cambiar la lectura del mercado,https://www.betano.pe/cuotas-de-partido/botafogo-rj-vasco-da-gama-rj/92533669/,torneo actual,torneo actual,28,41.0,45.0,2026-09-19 · Serie A · Mirassol 2-0 Botafogo (P); 2026-09-16 · Serie A · Botafogo 3-2 Gremio (G); 2026-09-12 · Serie A · Botafogo 1-1 RB Bragantino (E); 2026-09-06 · Serie A · Botafogo 0-0 Palmeiras (E); 2026-08-30 · Serie A · Flamengo 3-0 Botafogo (P),torneo actual,27,34.0,41.0,2026-09-19 · Serie A · Vasco DA Gama 5-0 Coritiba (G); 2026-09-12 · Serie A · Gremio 1-2 Vasco DA Gama (G); 2026-09-05 · Serie A · Fluminense 1-0 Vasco DA Gama (P); 2026-08-29 · Serie A · Vasco DA Gama 3-1 Cruzeiro (G); 2026-08-23 · Serie A · Palmeiras 4-1 Vasco DA Gama (P)
2026-10-07,18:30,Botafogo vs Vasco DA Gama,,,DOUBLE_CHANCE X2,DOUBLE_CHANCE X2,DOUBLE_CHANCE:X2,58.1%,0.581300,1.72,,,,,,,,,,,Sin cuota/EV,No encontrado en Betano,Solo modelo,9,103.13,103.128000,,Betano mapeado,Media,torneo actual,usa Poisson base con estadisticas de goles del torneo,riesgo propio del resultado final y variacion del modelo,https://www.betano.pe/cuotas-de-partido/botafogo-rj-vasco-da-gama-rj/92533669/,torneo actual,torneo actual,28,41.0,45.0,2026-09-19 · Serie A · Mirassol 2-0 Botafogo (P); 2026-09-16 · Serie A · Botafogo 3-2 Gremio (G); 2026-09-12 · Serie A · Botafogo 1-1 RB Bragantino (E); 2026-09-06 · Serie A · Botafogo 0-0 Palmeiras (E); 2026-08-30 · Serie A · Flamengo 3-0 Botafogo (P),torneo actual,27,34.0,41.0,2026-09-19 · Serie A · Vasco DA Gama 5-0 Coritiba (G); 2026-09-12 · Serie A · Gremio 1-2 Vasco DA Gama (G); 2026-09-05 · Serie A · Fluminense 1-0 Vasco DA Gama (P); 2026-08-29 · Serie A · Vasco DA Gama 3-1 Cruzeiro (G); 2026-08-23 · Serie A · Palmeiras 4-1 Vasco DA Gama (P)
2026-10-07,18:30,Botafogo vs Vasco DA Gama,,,Visita goles -1.5,TEAM_TOTAL_AWAY UNDER.1.5,TEAM_TOTAL_AWAY:UNDER_1_5,58.1%,0.580500,1.72,,,,,,,,,,,Sin cuota/EV,No encontrado en Betano,Solo modelo,4,74.05,74.047000,,Betano mapeado,Media,torneo actual,usa Poisson base con estadisticas de goles del torneo,un gol temprano o baja eficacia puede cambiar la lectura del mercado,https://www.betano.pe/cuotas-de-partido/botafogo-rj-vasco-da-gama-rj/92533669/,torneo actual,torneo actual,28,41.0,45.0,2026-09-19 · Serie A · Mirassol 2-0 Botafogo (P); 2026-09-16 · Serie A · Botafogo 3-2 Gremio (G); 2026-09-12 · Serie A · Botafogo 1-1 RB Bragantino (E); 2026-09-06 · Serie A · Botafogo 0-0 Palmeiras (E); 2026-08-30 · Serie A · Flamengo 3-0 Botafogo (P),torneo actual,27,34.0,41.0,2026-09-19 · Serie A · Vasco DA Gama 5-0 Coritiba (G); 2026-09-12 · Serie A · Gremio 1-2 Vasco DA Gama (G); 2026-09-05 · Serie A · Fluminense 1-0 Vasco DA Gama (P); 2026-08-29 · Serie A · Vasco DA Gama 3-1 Cruzeiro (G); 2026-08-23 · Serie A · Palmeiras 4-1 Vasco DA Gama (P)
2026-10-07,18:30,Botafogo vs Vasco DA Gama,,,Visita corners +5.5,CORNERS_AWAY OVER.5.5,CORNERS_AWAY:OVER_5_5,55.4%,0.554300,1.80,,,,,,,,,,,Sin cuota/EV,No encontrado en Betano,Solo modelo,4,71.43,71.432000,,Betano mapeado,Media,contexto premium torneo actual,usa promedios del contexto premium/API-Football,el volumen ofensivo puede variar por planteamiento y marcador temprano,https://www.betano.pe/cuotas-de-partido/botafogo-rj-vasco-da-gama-rj/92533669/,torneo actual,torneo actual,28,41.0,45.0,2026-09-19 · Serie A · Mirassol 2-0 Botafogo (P); 2026-09-16 · Serie A · Botafogo 3-2 Gremio (G); 2026-09-12 · Serie A · Botafogo 1-1 RB Bragantino (E); 2026-09-06 · Serie A · Botafogo 0-0 Palmeiras (E); 2026-08-30 · Serie A · Flamengo 3-0 Botafogo (P),torneo actual,27,34.0,41.0,2026-09-19 · Serie A · Vasco DA Gama 5-0 Coritiba (G); 2026-09-12 · Serie A · Gremio 1-2 Vasco DA Gama (G); 2026-09-05 · Serie A · Fluminense 1-0 Vasco DA Gama (P); 2026-08-29 · Serie A · Vasco DA Gama 3-1 Cruzeiro (G); 2026-08-23 · Serie A · Palmeiras 4-1 Vasco DA Gama (P)
2026-10-07,18:30,Botafogo vs Vasco DA Gama,,Betano,DNB local,DRAW_NO_BET HOME,DRAW_NO_BET:HOME,55.1%,0.551000,1.81,,,,,,1.95,0.07,0.074500,0.14,1.07,Sin cuota/EV,EV positivo Betano,Solo modelo,9,109.29,109.287000,,Betano mapeado,Media,torneo actual,usa Poisson base con estadisticas de goles del torneo,riesgo propio del resultado final y variacion del modelo,https://www.betano.pe/cuotas-de-partido/botafogo-rj-vasco-da-gama-rj/92533669/,torneo actual,torneo actual,28,41.0,45.0,2026-09-19 · Serie A · Mirassol 2-0 Botafogo (P); 2026-09-16 · Serie A · Botafogo 3-2 Gremio (G); 2026-09-12 · Serie A · Botafogo 1-1 RB Bragantino (E); 2026-09-06 · Serie A · Botafogo 0-0 Palmeiras (E); 2026-08-30 · Serie A · Flamengo 3-0 Botafogo (P),torneo actual,27,34.0,41.0,2026-09-19 · Serie A · Vasco DA Gama 5-0 Coritiba (G); 2026-09-12 · Serie A · Gremio 1-2 Vasco DA Gama (G); 2026-09-05 · Serie A · Fluminense 1-0 Vasco DA Gama (P); 2026-08-29 · Serie A · Vasco DA Gama 3-1 Cruzeiro (G); 2026-08-23 · Serie A · Palmeiras 4-1 Vasco DA Gama (P)
2026-10-07,18:30,Botafogo vs Vasco DA Gama,,,Local corners +3.5,CORNERS_HOME OVER.3.5,CORNERS_HOME:OVER_3_5,52.6%,0.526500,1.90,,,,,,,,,,,Sin cuota/EV,No encontrado en Betano,Solo modelo,4,68.65,68.652000,,Betano mapeado,Baja,contexto premium torneo actual,usa promedios del contexto premium/API-Football,el volumen ofensivo puede variar por planteamiento y marcador temprano,https://www.betano.pe/cuotas-de-partido/botafogo-rj-vasco-da-gama-rj/92533669/,torneo actual,torneo actual,28,41.0,45.0,2026-09-19 · Serie A · Mirassol 2-0 Botafogo (P); 2026-09-16 · Serie A · Botafogo 3-2 Gremio (G); 2026-09-12 · Serie A · Botafogo 1-1 RB Bragantino (E); 2026-09-06 · Serie A · Botafogo 0-0 Palmeiras (E); 2026-08-30 · Serie A · Flamengo 3-0 Botafogo (P),torneo actual,27,34.0,41.0,2026-09-19 · Serie A · Vasco DA Gama 5-0 Coritiba (G); 2026-09-12 · Serie A · Gremio 1-2 Vasco DA Gama (G); 2026-09-05 · Serie A · Fluminense 1-0 Vasco DA Gama (P); 2026-08-29 · Serie A · Vasco DA Gama 3-1 Cruzeiro (G); 2026-08-23 · Serie A · Palmeiras 4-1 Vasco DA Gama (P)
2026-10-07,18:30,Botafogo vs Vasco DA Gama,,Betano,Local goles -1.5,TEAM_TOTAL_HOME UNDER.1.5,TEAM_TOTAL_HOME:UNDER_1_5,52.1%,0.521500,1.92,,,,,,1.60,-0.17,-0.165600,-0.32,0.83,Sin cuota/EV,EV negativo Betano,Solo modelo,4,73.50,73.503000,,Betano mapeado,Baja,torneo actual,usa Poisson base con estadisticas de goles del torneo,un gol temprano o baja eficacia puede cambiar la lectura del mercado,https://www.betano.pe/cuotas-de-partido/botafogo-rj-vasco-da-gama-rj/92533669/,torneo actual,torneo actual,28,41.0,45.0,2026-09-19 · Serie A · Mirassol 2-0 Botafogo (P); 2026-09-16 · Serie A · Botafogo 3-2 Gremio (G); 2026-09-12 · Serie A · Botafogo 1-1 RB Bragantino (E); 2026-09-06 · Serie A · Botafogo 0-0 Palmeiras (E); 2026-08-30 · Serie A · Flamengo 3-0 Botafogo (P),torneo actual,27,34.0,41.0,2026-09-19 · Serie A · Vasco DA Gama 5-0 Coritiba (G); 2026-09-12 · Serie A · Gremio 1-2 Vasco DA Gama (G); 2026-09-05 · Serie A · Fluminense 1-0 Vasco DA Gama (P); 2026-08-29 · Serie A · Vasco DA Gama 3-1 Cruzeiro (G); 2026-08-23 · Serie A · Palmeiras 4-1 Vasco DA Gama (P)
2026-10-07,18:30,Botafogo vs Vasco DA Gama,,,Visita tarjetas -2.5,CARDS_AWAY UNDER.2.5,CARDS_AWAY:UNDER_2_5,51.8%,0.518400,1.93,,,,,,,,,,,Sin cuota/EV,No encontrado en Betano,Solo modelo,2,54.84,54.843000,,Betano mapeado,Baja,contexto premium torneo actual,usa promedios del contexto premium/API-Football,depende mucho del arbitro y del contexto competitivo,https://www.betano.pe/cuotas-de-partido/botafogo-rj-vasco-da-gama-rj/92533669/,torneo actual,torneo actual,28,41.0,45.0,2026-09-19 · Serie A · Mirassol 2-0 Botafogo (P); 2026-09-16 · Serie A · Botafogo 3-2 Gremio (G); 2026-09-12 · Serie A · Botafogo 1-1 RB Bragantino (E); 2026-09-06 · Serie A · Botafogo 0-0 Palmeiras (E); 2026-08-30 · Serie A · Flamengo 3-0 Botafogo (P),torneo actual,27,34.0,41.0,2026-09-19 · Serie A · Vasco DA Gama 5-0 Coritiba (G); 2026-09-12 · Serie A · Gremio 1-2 Vasco DA Gama (G); 2026-09-05 · Serie A · Fluminense 1-0 Vasco DA Gama (P); 2026-08-29 · Serie A · Vasco DA Gama 3-1 Cruzeiro (G); 2026-08-23 · Serie A · Palmeiras 4-1 Vasco DA Gama (P)
2026-10-07,18:30,Botafogo vs Vasco DA Gama,,Betano,Corners total +9.5,CORNERS_TOTALS OVER.9.5,CORNERS_TOTALS:OVER_9_5,51.7%,0.516800,1.94,,,,,,1.55,-0.20,-0.199000,-0.39,0.80,Sin cuota/EV,EV negativo Betano,Solo modelo,6,86.50,86.497000,,Betano mapeado,Baja,contexto premium torneo actual,usa promedios del contexto premium/API-Football,el volumen ofensivo puede variar por planteamiento y marcador temprano,https://www.betano.pe/cuotas-de-partido/botafogo-rj-vasco-da-gama-rj/92533669/,torneo actual,torneo actual,28,41.0,45.0,2026-09-19 · Serie A · Mirassol 2-0 Botafogo (P); 2026-09-16 · Serie A · Botafogo 3-2 Gremio (G); 2026-09-12 · Serie A · Botafogo 1-1 RB Bragantino (E); 2026-09-06 · Serie A · Botafogo 0-0 Palmeiras (E); 2026-08-30 · Serie A · Flamengo 3-0 Botafogo (P),torneo actual,27,34.0,41.0,2026-09-19 · Serie A · Vasco DA Gama 5-0 Coritiba (G); 2026-09-12 · Serie A · Gremio 1-2 Vasco DA Gama (G); 2026-09-05 · Serie A · Fluminense 1-0 Vasco DA Gama (P); 2026-08-29 · Serie A · Vasco DA Gama 3-1 Cruzeiro (G); 2026-08-23 · Serie A · Palmeiras 4-1 Vasco DA Gama (P)
2026-10-07,18:30,Botafogo vs Vasco DA Gama,,Betano,Tarjetas total -4.5,CARDS_TOTALS UNDER.4.5,CARDS_TOTALS:UNDER_4_5,51.3%,0.513200,1.95,,,,,,2.57,0.32,0.318900,0.62,1.32,Sin cuota/EV,EV positivo Betano,Solo modelo,3,72.42,72.425000,,Betano mapeado,Baja,contexto premium torneo actual,usa promedios del contexto premium/API-Football,depende mucho del arbitro y del contexto competitivo,https://www.betano.pe/cuotas-de-partido/botafogo-rj-vasco-da-gama-rj/92533669/,torneo actual,torneo actual,28,41.0,45.0,2026-09-19 · Serie A · Mirassol 2-0 Botafogo (P); 2026-09-16 · Serie A · Botafogo 3-2 Gremio (G); 2026-09-12 · Serie A · Botafogo 1-1 RB Bragantino (E); 2026-09-06 · Serie A · Botafogo 0-0 Palmeiras (E); 2026-08-30 · Serie A · Flamengo 3-0 Botafogo (P),torneo actual,27,34.0,41.0,2026-09-19 · Serie A · Vasco DA Gama 5-0 Coritiba (G); 2026-09-12 · Serie A · Gremio 1-2 Vasco DA Gama (G); 2026-09-05 · Serie A · Fluminense 1-0 Vasco DA Gama (P); 2026-08-29 · Serie A · Vasco DA Gama 3-1 Cruzeiro (G); 2026-08-23 · Serie A · Palmeiras 4-1 Vasco DA Gama (P)
2026-10-07,18:30,Botafogo vs Vasco DA Gama,,Betano,Tarjetas total +4.5,CARDS_TOTALS OVER.4.5,CARDS_TOTALS:OVER_4_5,48.7%,0.486800,2.05,,,,,,1.47,-0.28,-0.284400,-0.58,0.72,Sin cuota/EV,EV negativo Betano,Solo modelo,3,60.13,60.127000,,Betano mapeado,Baja,contexto premium torneo actual,usa promedios del contexto premium/API-Football,depende mucho del arbitro y del contexto competitivo,https://www.betano.pe/cuotas-de-partido/botafogo-rj-vasco-da-gama-rj/92533669/,torneo actual,torneo actual,28,41.0,45.0,2026-09-19 · Serie A · Mirassol 2-0 Botafogo (P); 2026-09-16 · Serie A · Botafogo 3-2 Gremio (G); 2026-09-12 · Serie A · Botafogo 1-1 RB Bragantino (E); 2026-09-06 · Serie A · Botafogo 0-0 Palmeiras (E); 2026-08-30 · Serie A · Flamengo 3-0 Botafogo (P),torneo actual,27,34.0,41.0,2026-09-19 · Serie A · Vasco DA Gama 5-0 Coritiba (G); 2026-09-12 · Serie A · Gremio 1-2 Vasco DA Gama (G); 2026-09-05 · Serie A · Fluminense 1-0 Vasco DA Gama (P); 2026-08-29 · Serie A · Vasco DA Gama 3-1 Cruzeiro (G); 2026-08-23 · Serie A · Palmeiras 4-1 Vasco DA Gama (P)
2026-10-07,18:30,Botafogo vs Vasco DA Gama,,Betano,Corners total -9.5,CORNERS_TOTALS UNDER.9.5,CORNERS_TOTALS:UNDER_9_5,48.3%,0.483200,2.07,,,,,,2.35,0.14,0.135500,0.28,1.14,Sin cuota/EV,EV positivo Betano,Solo modelo,6,88.49,88.487000,,Betano mapeado,Baja,contexto premium torneo actual,usa promedios del contexto premium/API-Football,el volumen ofensivo puede variar por planteamiento y marcador temprano,https://www.betano.pe/cuotas-de-partido/botafogo-rj-vasco-da-gama-rj/92533669/,torneo actual,torneo actual,28,41.0,45.0,2026-09-19 · Serie A · Mirassol 2-0 Botafogo (P); 2026-09-16 · Serie A · Botafogo 3-2 Gremio (G); 2026-09-12 · Serie A · Botafogo 1-1 RB Bragantino (E); 2026-09-06 · Serie A · Botafogo 0-0 Palmeiras (E); 2026-08-30 · Serie A · Flamengo 3-0 Botafogo (P),torneo actual,27,34.0,41.0,2026-09-19 · Serie A · Vasco DA Gama 5-0 Coritiba (G); 2026-09-12 · Serie A · Gremio 1-2 Vasco DA Gama (G); 2026-09-05 · Serie A · Fluminense 1-0 Vasco DA Gama (P); 2026-08-29 · Serie A · Vasco DA Gama 3-1 Cruzeiro (G); 2026-08-23 · Serie A · Palmeiras 4-1 Vasco DA Gama (P)
2026-10-07,18:30,Botafogo vs Vasco DA Gama,,,Visita tarjetas +2.5,CARDS_AWAY OVER.2.5,CARDS_AWAY:OVER_2_5,48.2%,0.481600,2.08,,,,,,,,,,,Sin cuota/EV,No encontrado en Betano,Solo modelo,2,51.16,51.157000,,Betano mapeado,Baja,contexto premium torneo actual,usa promedios del contexto premium/API-Football,depende mucho del arbitro y del contexto competitivo,https://www.betano.pe/cuotas-de-partido/botafogo-rj-vasco-da-gama-rj/92533669/,torneo actual,torneo actual,28,41.0,45.0,2026-09-19 · Serie A · Mirassol 2-0 Botafogo (P); 2026-09-16 · Serie A · Botafogo 3-2 Gremio (G); 2026-09-12 · Serie A · Botafogo 1-1 RB Bragantino (E); 2026-09-06 · Serie A · Botafogo 0-0 Palmeiras (E); 2026-08-30 · Serie A · Flamengo 3-0 Botafogo (P),torneo actual,27,34.0,41.0,2026-09-19 · Serie A · Vasco DA Gama 5-0 Coritiba (G); 2026-09-12 · Serie A · Gremio 1-2 Vasco DA Gama (G); 2026-09-05 · Serie A · Fluminense 1-0 Vasco DA Gama (P); 2026-08-29 · Serie A · Vasco DA Gama 3-1 Cruzeiro (G); 2026-08-23 · Serie A · Palmeiras 4-1 Vasco DA Gama (P)
2026-10-07,18:30,Botafogo vs Vasco DA Gama,,Betano,Local goles +1.5,TEAM_TOTAL_HOME OVER.1.5,TEAM_TOTAL_HOME:OVER_1_5,47.9%,0.478500,2.09,,,,,,2.27,0.09,0.086200,0.18,1.09,Sin cuota/EV,EV positivo Betano,Solo modelo,4,73.23,73.226000,,Betano mapeado,Baja,torneo actual,usa Poisson base con estadisticas de goles del torneo,un gol temprano o baja eficacia puede cambiar la lectura del mercado,https://www.betano.pe/cuotas-de-partido/botafogo-rj-vasco-da-gama-rj/92533669/,torneo actual,torneo actual,28,41.0,45.0,2026-09-19 · Serie A · Mirassol 2-0 Botafogo (P); 2026-09-16 · Serie A · Botafogo 3-2 Gremio (G); 2026-09-12 · Serie A · Botafogo 1-1 RB Bragantino (E); 2026-09-06 · Serie A · Botafogo 0-0 Palmeiras (E); 2026-08-30 · Serie A · Flamengo 3-0 Botafogo (P),torneo actual,27,34.0,41.0,2026-09-19 · Serie A · Vasco DA Gama 5-0 Coritiba (G); 2026-09-12 · Serie A · Gremio 1-2 Vasco DA Gama (G); 2026-09-05 · Serie A · Fluminense 1-0 Vasco DA Gama (P); 2026-08-29 · Serie A · Vasco DA Gama 3-1 Cruzeiro (G); 2026-08-23 · Serie A · Palmeiras 4-1 Vasco DA Gama (P)
2026-10-07,18:30,Botafogo vs Vasco DA Gama,,,Local corners -3.5,CORNERS_HOME UNDER.3.5,CORNERS_HOME:UNDER_3_5,47.3%,0.473500,2.11,,,,,,,,,,,Sin cuota/EV,No encontrado en Betano,Solo modelo,4,63.35,63.348000,,Betano mapeado,Baja,contexto premium torneo actual,usa promedios del contexto premium/API-Football,el volumen ofensivo puede variar por planteamiento y marcador temprano,https://www.betano.pe/cuotas-de-partido/botafogo-rj-vasco-da-gama-rj/92533669/,torneo actual,torneo actual,28,41.0,45.0,2026-09-19 · Serie A · Mirassol 2-0 Botafogo (P); 2026-09-16 · Serie A · Botafogo 3-2 Gremio (G); 2026-09-12 · Serie A · Botafogo 1-1 RB Bragantino (E); 2026-09-06 · Serie A · Botafogo 0-0 Palmeiras (E); 2026-08-30 · Serie A · Flamengo 3-0 Botafogo (P),torneo actual,27,34.0,41.0,2026-09-19 · Serie A · Vasco DA Gama 5-0 Coritiba (G); 2026-09-12 · Serie A · Gremio 1-2 Vasco DA Gama (G); 2026-09-05 · Serie A · Fluminense 1-0 Vasco DA Gama (P); 2026-08-29 · Serie A · Vasco DA Gama 3-1 Cruzeiro (G); 2026-08-23 · Serie A · Palmeiras 4-1 Vasco DA Gama (P)
2026-10-07,18:30,Botafogo vs Vasco DA Gama,,,DNB visita,DRAW_NO_BET AWAY,DRAW_NO_BET:AWAY,44.9%,0.449000,2.23,,,,,,,,,,,Sin cuota/EV,No encontrado en Betano,Solo modelo,9,89.91,89.905000,,Betano mapeado,Baja,torneo actual,usa Poisson base con estadisticas de goles del torneo,riesgo propio del resultado final y variacion del modelo,https://www.betano.pe/cuotas-de-partido/botafogo-rj-vasco-da-gama-rj/92533669/,torneo actual,torneo actual,28,41.0,45.0,2026-09-19 · Serie A · Mirassol 2-0 Botafogo (P); 2026-09-16 · Serie A · Botafogo 3-2 Gremio (G); 2026-09-12 · Serie A · Botafogo 1-1 RB Bragantino (E); 2026-09-06 · Serie A · Botafogo 0-0 Palmeiras (E); 2026-08-30 · Serie A · Flamengo 3-0 Botafogo (P),torneo actual,27,34.0,41.0,2026-09-19 · Serie A · Vasco DA Gama 5-0 Coritiba (G); 2026-09-12 · Serie A · Gremio 1-2 Vasco DA Gama (G); 2026-09-05 · Serie A · Fluminense 1-0 Vasco DA Gama (P); 2026-08-29 · Serie A · Vasco DA Gama 3-1 Cruzeiro (G); 2026-08-23 · Serie A · Palmeiras 4-1 Vasco DA Gama (P)
2026-10-07,18:30,Botafogo vs Vasco DA Gama,,,Visita corners -5.5,CORNERS_AWAY UNDER.5.5,CORNERS_AWAY:UNDER_5_5,44.6%,0.445700,2.24,,,,,,,,,,,Sin cuota/EV,No encontrado en Betano,Solo modelo,4,60.57,60.568000,,Betano mapeado,Baja,contexto premium torneo actual,usa promedios del contexto premium/API-Football,el volumen ofensivo puede variar por planteamiento y marcador temprano,https://www.betano.pe/cuotas-de-partido/botafogo-rj-vasco-da-gama-rj/92533669/,torneo actual,torneo actual,28,41.0,45.0,2026-09-19 · Serie A · Mirassol 2-0 Botafogo (P); 2026-09-16 · Serie A · Botafogo 3-2 Gremio (G); 2026-09-12 · Serie A · Botafogo 1-1 RB Bragantino (E); 2026-09-06 · Serie A · Botafogo 0-0 Palmeiras (E); 2026-08-30 · Serie A · Flamengo 3-0 Botafogo (P),torneo actual,27,34.0,41.0,2026-09-19 · Serie A · Vasco DA Gama 5-0 Coritiba (G); 2026-09-12 · Serie A · Gremio 1-2 Vasco DA Gama (G); 2026-09-05 · Serie A · Fluminense 1-0 Vasco DA Gama (P); 2026-08-29 · Serie A · Vasco DA Gama 3-1 Cruzeiro (G); 2026-08-23 · Serie A · Palmeiras 4-1 Vasco DA Gama (P)
2026-10-07,18:30,Botafogo vs Vasco DA Gama,,,Visita goles +1.5,TEAM_TOTAL_AWAY OVER.1.5,TEAM_TOTAL_AWAY:OVER_1_5,41.9%,0.419500,2.38,,,,,,,,,,,Sin cuota/EV,No encontrado en Betano,Solo modelo,4,57.95,57.953000,,Betano mapeado,Baja,torneo actual,usa Poisson base con estadisticas de goles del torneo,un gol temprano o baja eficacia puede cambiar la lectura del mercado,https://www.betano.pe/cuotas-de-partido/botafogo-rj-vasco-da-gama-rj/92533669/,torneo actual,torneo actual,28,41.0,45.0,2026-09-19 · Serie A · Mirassol 2-0 Botafogo (P); 2026-09-16 · Serie A · Botafogo 3-2 Gremio (G); 2026-09-12 · Serie A · Botafogo 1-1 RB Bragantino (E); 2026-09-06 · Serie A · Botafogo 0-0 Palmeiras (E); 2026-08-30 · Serie A · Flamengo 3-0 Botafogo (P),torneo actual,27,34.0,41.0,2026-09-19 · Serie A · Vasco DA Gama 5-0 Coritiba (G); 2026-09-12 · Serie A · Gremio 1-2 Vasco DA Gama (G); 2026-09-05 · Serie A · Fluminense 1-0 Vasco DA Gama (P); 2026-08-29 · Serie A · Vasco DA Gama 3-1 Cruzeiro (G); 2026-08-23 · Serie A · Palmeiras 4-1 Vasco DA Gama (P)
2026-10-07,18:30,Botafogo vs Vasco DA Gama,William Hill,Betano,Gana local,1X2 HOME,1X2:HOME,41.9%,0.418700,2.39,3.10,0.30,0.298000,0.71,1.30,2.77,0.16,0.159800,0.38,1.16,EV positivo,EV positivo Betano,Equilibrado,7,92.79,92.794000,,Betano mapeado,Baja,torneo actual,usa Poisson base con estadisticas de goles del torneo,riesgo propio del resultado final y variacion del modelo,https://www.betano.pe/cuotas-de-partido/botafogo-rj-vasco-da-gama-rj/92533669/,torneo actual,torneo actual,28,41.0,45.0,2026-09-19 · Serie A · Mirassol 2-0 Botafogo (P); 2026-09-16 · Serie A · Botafogo 3-2 Gremio (G); 2026-09-12 · Serie A · Botafogo 1-1 RB Bragantino (E); 2026-09-06 · Serie A · Botafogo 0-0 Palmeiras (E); 2026-08-30 · Serie A · Flamengo 3-0 Botafogo (P),torneo actual,27,34.0,41.0,2026-09-19 · Serie A · Vasco DA Gama 5-0 Coritiba (G); 2026-09-12 · Serie A · Gremio 1-2 Vasco DA Gama (G); 2026-09-05 · Serie A · Fluminense 1-0 Vasco DA Gama (P); 2026-08-29 · Serie A · Vasco DA Gama 3-1 Cruzeiro (G); 2026-08-23 · Serie A · Palmeiras 4-1 Vasco DA Gama (P)
2026-10-07,18:30,Botafogo vs Vasco DA Gama,William Hill,Betano,Goles -2.5,TOTALS UNDER.2.5,TOTALS:UNDER_2_5,41.3%,0.413500,2.42,1.20,-0.50,-0.503800,-1.22,0.50,2.05,-0.15,-0.152300,-0.37,0.85,EV negativo,EV negativo Betano,Evitar,8,58.84,58.843000,Cuota por debajo de la cuota justa: valor limitado,Betano mapeado,Baja,torneo actual,usa Poisson base con estadisticas de goles del torneo,un gol temprano o baja eficacia puede cambiar la lectura del mercado,https://www.betano.pe/cuotas-de-partido/botafogo-rj-vasco-da-gama-rj/92533669/,torneo actual,torneo actual,28,41.0,45.0,2026-09-19 · Serie A · Mirassol 2-0 Botafogo (P); 2026-09-16 · Serie A · Botafogo 3-2 Gremio (G); 2026-09-12 · Serie A · Botafogo 1-1 RB Bragantino (E); 2026-09-06 · Serie A · Botafogo 0-0 Palmeiras (E); 2026-08-30 · Serie A · Flamengo 3-0 Botafogo (P),torneo actual,27,34.0,41.0,2026-09-19 · Serie A · Vasco DA Gama 5-0 Coritiba (G); 2026-09-12 · Serie A · Gremio 1-2 Vasco DA Gama (G); 2026-09-05 · Serie A · Fluminense 1-0 Vasco DA Gama (P); 2026-08-29 · Serie A · Vasco DA Gama 3-1 Cruzeiro (G); 2026-08-23 · Serie A · Palmeiras 4-1 Vasco DA Gama (P)
2026-10-07,18:30,Botafogo vs Vasco DA Gama,,,Local tarjetas -1.5,CARDS_HOME UNDER.1.5,CARDS_HOME:UNDER_1_5,40.6%,0.406000,2.46,,,,,,,,,,,Sin cuota/EV,No encontrado en Betano,Solo modelo,2,43.60,43.601000,,Betano mapeado,Baja,contexto premium torneo actual,usa promedios del contexto premium/API-Football,depende mucho del arbitro y del contexto competitivo,https://www.betano.pe/cuotas-de-partido/botafogo-rj-vasco-da-gama-rj/92533669/,torneo actual,torneo actual,28,41.0,45.0,2026-09-19 · Serie A · Mirassol 2-0 Botafogo (P); 2026-09-16 · Serie A · Botafogo 3-2 Gremio (G); 2026-09-12 · Serie A · Botafogo 1-1 RB Bragantino (E); 2026-09-06 · Serie A · Botafogo 0-0 Palmeiras (E); 2026-08-30 · Serie A · Flamengo 3-0 Botafogo (P),torneo actual,27,34.0,41.0,2026-09-19 · Serie A · Vasco DA Gama 5-0 Coritiba (G); 2026-09-12 · Serie A · Gremio 1-2 Vasco DA Gama (G); 2026-09-05 · Serie A · Fluminense 1-0 Vasco DA Gama (P); 2026-08-29 · Serie A · Vasco DA Gama 3-1 Cruzeiro (G); 2026-08-23 · Serie A · Palmeiras 4-1 Vasco DA Gama (P)
2026-10-07,18:30,Botafogo vs Vasco DA Gama,,,Visita corners +6.5,CORNERS_AWAY OVER.6.5,CORNERS_AWAY:OVER_6_5,39.4%,0.393700,2.54,,,,,,,,,,,Sin cuota/EV,No encontrado en Betano,Solo modelo,4,55.37,55.370000,,Betano mapeado,Baja,contexto premium torneo actual,usa promedios del contexto premium/API-Football,el volumen ofensivo puede variar por planteamiento y marcador temprano,https://www.betano.pe/cuotas-de-partido/botafogo-rj-vasco-da-gama-rj/92533669/,torneo actual,torneo actual,28,41.0,45.0,2026-09-19 · Serie A · Mirassol 2-0 Botafogo (P); 2026-09-16 · Serie A · Botafogo 3-2 Gremio (G); 2026-09-12 · Serie A · Botafogo 1-1 RB Bragantino (E); 2026-09-06 · Serie A · Botafogo 0-0 Palmeiras (E); 2026-08-30 · Serie A · Flamengo 3-0 Botafogo (P),torneo actual,27,34.0,41.0,2026-09-19 · Serie A · Vasco DA Gama 5-0 Coritiba (G); 2026-09-12 · Serie A · Gremio 1-2 Vasco DA Gama (G); 2026-09-05 · Serie A · Fluminense 1-0 Vasco DA Gama (P); 2026-08-29 · Serie A · Vasco DA Gama 3-1 Cruzeiro (G); 2026-08-23 · Serie A · Palmeiras 4-1 Vasco DA Gama (P)
2026-10-07,18:30,Botafogo vs Vasco DA Gama,,Betano,Corners total +10.5,CORNERS_TOTALS OVER.10.5,CORNERS_TOTALS:OVER_10_5,39.2%,0.392000,2.55,,,,,,1.93,-0.24,-0.243400,-0.62,0.76,Sin cuota/EV,EV negativo Betano,Solo modelo,6,73.30,73.302000,,Betano mapeado,Baja,contexto premium torneo actual,usa promedios del contexto premium/API-Football,el volumen ofensivo puede variar por planteamiento y marcador temprano,https://www.betano.pe/cuotas-de-partido/botafogo-rj-vasco-da-gama-rj/92533669/,torneo actual,torneo actual,28,41.0,45.0,2026-09-19 · Serie A · Mirassol 2-0 Botafogo (P); 2026-09-16 · Serie A · Botafogo 3-2 Gremio (G); 2026-09-12 · Serie A · Botafogo 1-1 RB Bragantino (E); 2026-09-06 · Serie A · Botafogo 0-0 Palmeiras (E); 2026-08-30 · Serie A · Flamengo 3-0 Botafogo (P),torneo actual,27,34.0,41.0,2026-09-19 · Serie A · Vasco DA Gama 5-0 Coritiba (G); 2026-09-12 · Serie A · Gremio 1-2 Vasco DA Gama (G); 2026-09-05 · Serie A · Fluminense 1-0 Vasco DA Gama (P); 2026-08-29 · Serie A · Vasco DA Gama 3-1 Cruzeiro (G); 2026-08-23 · Serie A · Palmeiras 4-1 Vasco DA Gama (P)
2026-10-07,18:30,Botafogo vs Vasco DA Gama,William Hill,Betano,BTTS no,BTTS NO,BTTS:NO,39.1%,0.390700,2.56,1.22,-0.52,-0.523400,-1.34,0.48,2.25,-0.12,-0.120900,-0.31,0.88,EV negativo,EV negativo Betano,Evitar,8,56.72,56.715000,Cuota por debajo de la cuota justa: valor limitado,Betano mapeado,Baja,torneo actual,usa Poisson base con estadisticas de goles del torneo,un gol temprano o baja eficacia puede cambiar la lectura del mercado,https://www.betano.pe/cuotas-de-partido/botafogo-rj-vasco-da-gama-rj/92533669/,torneo actual,torneo actual,28,41.0,45.0,2026-09-19 · Serie A · Mirassol 2-0 Botafogo (P); 2026-09-16 · Serie A · Botafogo 3-2 Gremio (G); 2026-09-12 · Serie A · Botafogo 1-1 RB Bragantino (E); 2026-09-06 · Serie A · Botafogo 0-0 Palmeiras (E); 2026-08-30 · Serie A · Flamengo 3-0 Botafogo (P),torneo actual,27,34.0,41.0,2026-09-19 · Serie A · Vasco DA Gama 5-0 Coritiba (G); 2026-09-12 · Serie A · Gremio 1-2 Vasco DA Gama (G); 2026-09-05 · Serie A · Fluminense 1-0 Vasco DA Gama (P); 2026-08-29 · Serie A · Vasco DA Gama 3-1 Cruzeiro (G); 2026-08-23 · Serie A · Palmeiras 4-1 Vasco DA Gama (P)
2026-10-07,18:30,Botafogo vs Vasco DA Gama,William Hill,Betano,1T -0.5,FIRST_HALF_TOTALS UNDER.0.5,FIRST_HALF_TOTALS:UNDER_0_5,36.8%,0.367900,2.72,3.20,0.18,0.177200,0.48,1.18,3.05,0.12,0.122100,0.33,1.12,EV positivo,EV positivo Betano,Equilibrado,5,74.93,74.932000,,Betano mapeado,Baja,contexto premium torneo actual,usa promedios del contexto premium/API-Football,el primer tiempo puede tener ritmo bajo o rotaciones,https://www.betano.pe/cuotas-de-partido/botafogo-rj-vasco-da-gama-rj/92533669/,torneo actual,torneo actual,28,41.0,45.0,2026-09-19 · Serie A · Mirassol 2-0 Botafogo (P); 2026-09-16 · Serie A · Botafogo 3-2 Gremio (G); 2026-09-12 · Serie A · Botafogo 1-1 RB Bragantino (E); 2026-09-06 · Serie A · Botafogo 0-0 Palmeiras (E); 2026-08-30 · Serie A · Flamengo 3-0 Botafogo (P),torneo actual,27,34.0,41.0,2026-09-19 · Serie A · Vasco DA Gama 5-0 Coritiba (G); 2026-09-12 · Serie A · Gremio 1-2 Vasco DA Gama (G); 2026-09-05 · Serie A · Fluminense 1-0 Vasco DA Gama (P); 2026-08-29 · Serie A · Vasco DA Gama 3-1 Cruzeiro (G); 2026-08-23 · Serie A · Palmeiras 4-1 Vasco DA Gama (P)
2026-10-07,18:30,Botafogo vs Vasco DA Gama,William Hill,Betano,Goles +3.5,TOTALS OVER.3.5,TOTALS:OVER_3_5,36.2%,0.362500,2.76,10.00,2.63,2.625400,7.24,3.63,2.87,0.04,0.040400,0.11,1.04,EV positivo,EV positivo Betano,Equilibrado,1,61.90,61.900000,Cuota API muy superior a la cuota justa: revisar manualmente antes de apostar,Betano mapeado,Baja,torneo actual,usa Poisson base con estadisticas de goles del torneo,un gol temprano o baja eficacia puede cambiar la lectura del mercado,https://www.betano.pe/cuotas-de-partido/botafogo-rj-vasco-da-gama-rj/92533669/,torneo actual,torneo actual,28,41.0,45.0,2026-09-19 · Serie A · Mirassol 2-0 Botafogo (P); 2026-09-16 · Serie A · Botafogo 3-2 Gremio (G); 2026-09-12 · Serie A · Botafogo 1-1 RB Bragantino (E); 2026-09-06 · Serie A · Botafogo 0-0 Palmeiras (E); 2026-08-30 · Serie A · Flamengo 3-0 Botafogo (P),torneo actual,27,34.0,41.0,2026-09-19 · Serie A · Vasco DA Gama 5-0 Coritiba (G); 2026-09-12 · Serie A · Gremio 1-2 Vasco DA Gama (G); 2026-09-05 · Serie A · Fluminense 1-0 Vasco DA Gama (P); 2026-08-29 · Serie A · Vasco DA Gama 3-1 Cruzeiro (G); 2026-08-23 · Serie A · Palmeiras 4-1 Vasco DA Gama (P)
2026-10-07,18:30,Botafogo vs Vasco DA Gama,,,Corners total -8.5,CORNERS_TOTALS UNDER.8.5,CORNERS_TOTALS:UNDER_8_5,35.6%,0.355800,2.81,,,,,,,,,,,Sin cuota/EV,No encontrado en Betano,Solo modelo,6,65.58,65.578000,,Betano mapeado,Baja,contexto premium torneo actual,usa promedios del contexto premium/API-Football,el volumen ofensivo puede variar por planteamiento y marcador temprano,https://www.betano.pe/cuotas-de-partido/botafogo-rj-vasco-da-gama-rj/92533669/,torneo actual,torneo actual,28,41.0,45.0,2026-09-19 · Serie A · Mirassol 2-0 Botafogo (P); 2026-09-16 · Serie A · Botafogo 3-2 Gremio (G); 2026-09-12 · Serie A · Botafogo 1-1 RB Bragantino (E); 2026-09-06 · Serie A · Botafogo 0-0 Palmeiras (E); 2026-08-30 · Serie A · Flamengo 3-0 Botafogo (P),torneo actual,27,34.0,41.0,2026-09-19 · Serie A · Vasco DA Gama 5-0 Coritiba (G); 2026-09-12 · Serie A · Gremio 1-2 Vasco DA Gama (G); 2026-09-05 · Serie A · Fluminense 1-0 Vasco DA Gama (P); 2026-08-29 · Serie A · Vasco DA Gama 3-1 Cruzeiro (G); 2026-08-23 · Serie A · Palmeiras 4-1 Vasco DA Gama (P)
2026-10-07,18:30,Botafogo vs Vasco DA Gama,,,SHOTS_ON_TARGET_TOTAL UNDER.9.5,SHOTS_ON_TARGET_TOTAL UNDER.9.5,SHOTS_ON_TARGET_TOTAL:UNDER_9_5,35.1%,0.351500,2.85,,,,,,,,,,,Sin cuota/EV,No encontrado en Betano,Solo modelo,2,38.15,38.146000,,Betano mapeado,Baja,contexto premium torneo actual,usa promedios del contexto premium/API-Football,el volumen ofensivo puede variar por planteamiento y marcador temprano,https://www.betano.pe/cuotas-de-partido/botafogo-rj-vasco-da-gama-rj/92533669/,torneo actual,torneo actual,28,41.0,45.0,2026-09-19 · Serie A · Mirassol 2-0 Botafogo (P); 2026-09-16 · Serie A · Botafogo 3-2 Gremio (G); 2026-09-12 · Serie A · Botafogo 1-1 RB Bragantino (E); 2026-09-06 · Serie A · Botafogo 0-0 Palmeiras (E); 2026-08-30 · Serie A · Flamengo 3-0 Botafogo (P),torneo actual,27,34.0,41.0,2026-09-19 · Serie A · Vasco DA Gama 5-0 Coritiba (G); 2026-09-12 · Serie A · Gremio 1-2 Vasco DA Gama (G); 2026-09-05 · Serie A · Fluminense 1-0 Vasco DA Gama (P); 2026-08-29 · Serie A · Vasco DA Gama 3-1 Cruzeiro (G); 2026-08-23 · Serie A · Palmeiras 4-1 Vasco DA Gama (P)
2026-10-07,18:30,Botafogo vs Vasco DA Gama,William Hill,Betano,Gana visita,1X2 AWAY,1X2:AWAY,34.1%,0.341300,2.93,2.90,-0.01,-0.010300,-0.03,0.99,2.52,-0.14,-0.139900,-0.41,0.86,EV negativo,EV negativo Betano,Equilibrado,7,74.70,74.704000,,Betano mapeado,Baja,torneo actual,usa Poisson base con estadisticas de goles del torneo,riesgo propio del resultado final y variacion del modelo,https://www.betano.pe/cuotas-de-partido/botafogo-rj-vasco-da-gama-rj/92533669/,torneo actual,torneo actual,28,41.0,45.0,2026-09-19 · Serie A · Mirassol 2-0 Botafogo (P); 2026-09-16 · Serie A · Botafogo 3-2 Gremio (G); 2026-09-12 · Serie A · Botafogo 1-1 RB Bragantino (E); 2026-09-06 · Serie A · Botafogo 0-0 Palmeiras (E); 2026-08-30 · Serie A · Flamengo 3-0 Botafogo (P),torneo actual,27,34.0,41.0,2026-09-19 · Serie A · Vasco DA Gama 5-0 Coritiba (G); 2026-09-12 · Serie A · Gremio 1-2 Vasco DA Gama (G); 2026-09-05 · Serie A · Fluminense 1-0 Vasco DA Gama (P); 2026-08-29 · Serie A · Vasco DA Gama 3-1 Cruzeiro (G); 2026-08-23 · Serie A · Palmeiras 4-1 Vasco DA Gama (P)
2026-10-07,18:30,Botafogo vs Vasco DA Gama,,,Local corners +4.5,CORNERS_HOME OVER.4.5,CORNERS_HOME:OVER_4_5,33.2%,0.332200,3.01,,,,,,,,,,,Sin cuota/EV,No encontrado en Betano,Solo modelo,4,49.22,49.216000,,Betano mapeado,Baja,contexto premium torneo actual,usa promedios del contexto premium/API-Football,el volumen ofensivo puede variar por planteamiento y marcador temprano,https://www.betano.pe/cuotas-de-partido/botafogo-rj-vasco-da-gama-rj/92533669/,torneo actual,torneo actual,28,41.0,45.0,2026-09-19 · Serie A · Mirassol 2-0 Botafogo (P); 2026-09-16 · Serie A · Botafogo 3-2 Gremio (G); 2026-09-12 · Serie A · Botafogo 1-1 RB Bragantino (E); 2026-09-06 · Serie A · Botafogo 0-0 Palmeiras (E); 2026-08-30 · Serie A · Flamengo 3-0 Botafogo (P),torneo actual,27,34.0,41.0,2026-09-19 · Serie A · Vasco DA Gama 5-0 Coritiba (G); 2026-09-12 · Serie A · Gremio 1-2 Vasco DA Gama (G); 2026-09-05 · Serie A · Fluminense 1-0 Vasco DA Gama (P); 2026-08-29 · Serie A · Vasco DA Gama 3-1 Cruzeiro (G); 2026-08-23 · Serie A · Palmeiras 4-1 Vasco DA Gama (P)
2026-10-07,18:30,Botafogo vs Vasco DA Gama,,,SHOTS_TOTAL UNDER.26.5,SHOTS_TOTAL UNDER.26.5,SHOTS_TOTAL:UNDER_26_5,33.0%,0.330100,3.03,,,,,,,,,,,Sin cuota/EV,No encontrado en Betano,Solo modelo,2,36.01,36.011000,,Betano mapeado,Baja,contexto premium torneo actual,usa promedios del contexto premium/API-Football,el volumen ofensivo puede variar por planteamiento y marcador temprano,https://www.betano.pe/cuotas-de-partido/botafogo-rj-vasco-da-gama-rj/92533669/,torneo actual,torneo actual,28,41.0,45.0,2026-09-19 · Serie A · Mirassol 2-0 Botafogo (P); 2026-09-16 · Serie A · Botafogo 3-2 Gremio (G); 2026-09-12 · Serie A · Botafogo 1-1 RB Bragantino (E); 2026-09-06 · Serie A · Botafogo 0-0 Palmeiras (E); 2026-08-30 · Serie A · Flamengo 3-0 Botafogo (P),torneo actual,27,34.0,41.0,2026-09-19 · Serie A · Vasco DA Gama 5-0 Coritiba (G); 2026-09-12 · Serie A · Gremio 1-2 Vasco DA Gama (G); 2026-09-05 · Serie A · Fluminense 1-0 Vasco DA Gama (P); 2026-08-29 · Serie A · Vasco DA Gama 3-1 Cruzeiro (G); 2026-08-23 · Serie A · Palmeiras 4-1 Vasco DA Gama (P)
2026-10-07,18:30,Botafogo vs Vasco DA Gama,,,Tarjetas total -3.5,CARDS_TOTALS UNDER.3.5,CARDS_TOTALS:UNDER_3_5,32.6%,0.325700,3.07,,,,,,,,,,,Sin cuota/EV,No encontrado en Betano,Solo modelo,3,40.57,40.571000,,Betano mapeado,Baja,contexto premium torneo actual,usa promedios del contexto premium/API-Football,depende mucho del arbitro y del contexto competitivo,https://www.betano.pe/cuotas-de-partido/botafogo-rj-vasco-da-gama-rj/92533669/,torneo actual,torneo actual,28,41.0,45.0,2026-09-19 · Serie A · Mirassol 2-0 Botafogo (P); 2026-09-16 · Serie A · Botafogo 3-2 Gremio (G); 2026-09-12 · Serie A · Botafogo 1-1 RB Bragantino (E); 2026-09-06 · Serie A · Botafogo 0-0 Palmeiras (E); 2026-08-30 · Serie A · Flamengo 3-0 Botafogo (P),torneo actual,27,34.0,41.0,2026-09-19 · Serie A · Vasco DA Gama 5-0 Coritiba (G); 2026-09-12 · Serie A · Gremio 1-2 Vasco DA Gama (G); 2026-09-05 · Serie A · Fluminense 1-0 Vasco DA Gama (P); 2026-08-29 · Serie A · Vasco DA Gama 3-1 Cruzeiro (G); 2026-08-23 · Serie A · Palmeiras 4-1 Vasco DA Gama (P)
2026-10-07,18:30,Botafogo vs Vasco DA Gama,,,Local tarjetas +2.5,CARDS_HOME OVER.2.5,CARDS_HOME:OVER_2_5,32.3%,0.323300,3.09,,,,,,,,,,,Sin cuota/EV,No encontrado en Betano,Solo modelo,2,35.33,35.332000,,Betano mapeado,Baja,contexto premium torneo actual,usa promedios del contexto premium/API-Football,depende mucho del arbitro y del contexto competitivo,https://www.betano.pe/cuotas-de-partido/botafogo-rj-vasco-da-gama-rj/92533669/,torneo actual,torneo actual,28,41.0,45.0,2026-09-19 · Serie A · Mirassol 2-0 Botafogo (P); 2026-09-16 · Serie A · Botafogo 3-2 Gremio (G); 2026-09-12 · Serie A · Botafogo 1-1 RB Bragantino (E); 2026-09-06 · Serie A · Botafogo 0-0 Palmeiras (E); 2026-08-30 · Serie A · Flamengo 3-0 Botafogo (P),torneo actual,27,34.0,41.0,2026-09-19 · Serie A · Vasco DA Gama 5-0 Coritiba (G); 2026-09-12 · Serie A · Gremio 1-2 Vasco DA Gama (G); 2026-09-05 · Serie A · Fluminense 1-0 Vasco DA Gama (P); 2026-08-29 · Serie A · Vasco DA Gama 3-1 Cruzeiro (G); 2026-08-23 · Serie A · Palmeiras 4-1 Vasco DA Gama (P)
2026-10-07,18:30,Botafogo vs Vasco DA Gama,,Betano,Tarjetas total +5.5,CARDS_TOTALS OVER.5.5,CARDS_TOTALS:OVER_5_5,31.4%,0.314200,3.18,,,,,,1.85,-0.42,-0.418700,-1.33,0.58,Sin cuota/EV,EV negativo Betano,Solo modelo,3,40.73,40.725000,,Betano mapeado,Baja,contexto premium torneo actual,usa promedios del contexto premium/API-Football,depende mucho del arbitro y del contexto competitivo,https://www.betano.pe/cuotas-de-partido/botafogo-rj-vasco-da-gama-rj/92533669/,torneo actual,torneo actual,28,41.0,45.0,2026-09-19 · Serie A · Mirassol 2-0 Botafogo (P); 2026-09-16 · Serie A · Botafogo 3-2 Gremio (G); 2026-09-12 · Serie A · Botafogo 1-1 RB Bragantino (E); 2026-09-06 · Serie A · Botafogo 0-0 Palmeiras (E); 2026-08-30 · Serie A · Flamengo 3-0 Botafogo (P),torneo actual,27,34.0,41.0,2026-09-19 · Serie A · Vasco DA Gama 5-0 Coritiba (G); 2026-09-12 · Serie A · Gremio 1-2 Vasco DA Gama (G); 2026-09-05 · Serie A · Fluminense 1-0 Vasco DA Gama (P); 2026-08-29 · Serie A · Vasco DA Gama 3-1 Cruzeiro (G); 2026-08-23 · Serie A · Palmeiras 4-1 Vasco DA Gama (P)
2026-10-07,18:30,Botafogo vs Vasco DA Gama,,,Visita corners -4.5,CORNERS_AWAY UNDER.4.5,CORNERS_AWAY:UNDER_4_5,28.5%,0.285100,3.51,,,,,,,,,,,Sin cuota/EV,No encontrado en Betano,Solo modelo,4,44.51,44.506000,,Betano mapeado,Baja,contexto premium torneo actual,usa promedios del contexto premium/API-Football,el volumen ofensivo puede variar por planteamiento y marcador temprano,https://www.betano.pe/cuotas-de-partido/botafogo-rj-vasco-da-gama-rj/92533669/,torneo actual,torneo actual,28,41.0,45.0,2026-09-19 · Serie A · Mirassol 2-0 Botafogo (P); 2026-09-16 · Serie A · Botafogo 3-2 Gremio (G); 2026-09-12 · Serie A · Botafogo 1-1 RB Bragantino (E); 2026-09-06 · Serie A · Botafogo 0-0 Palmeiras (E); 2026-08-30 · Serie A · Flamengo 3-0 Botafogo (P),torneo actual,27,34.0,41.0,2026-09-19 · Serie A · Vasco DA Gama 5-0 Coritiba (G); 2026-09-12 · Serie A · Gremio 1-2 Vasco DA Gama (G); 2026-09-05 · Serie A · Fluminense 1-0 Vasco DA Gama (P); 2026-08-29 · Serie A · Vasco DA Gama 3-1 Cruzeiro (G); 2026-08-23 · Serie A · Palmeiras 4-1 Vasco DA Gama (P)
2026-10-07,18:30,Botafogo vs Vasco DA Gama,,Betano,Corners total +11.5,CORNERS_TOTALS OVER.11.5,CORNERS_TOTALS:OVER_11_5,28.1%,0.280700,3.56,,,,,,2.50,-0.30,-0.298300,-1.06,0.70,Sin cuota/EV,EV negativo Betano,Solo modelo,6,61.30,61.299000,,Betano mapeado,Baja,contexto premium torneo actual,usa promedios del contexto premium/API-Football,el volumen ofensivo puede variar por planteamiento y marcador temprano,https://www.betano.pe/cuotas-de-partido/botafogo-rj-vasco-da-gama-rj/92533669/,torneo actual,torneo actual,28,41.0,45.0,2026-09-19 · Serie A · Mirassol 2-0 Botafogo (P); 2026-09-16 · Serie A · Botafogo 3-2 Gremio (G); 2026-09-12 · Serie A · Botafogo 1-1 RB Bragantino (E); 2026-09-06 · Serie A · Botafogo 0-0 Palmeiras (E); 2026-08-30 · Serie A · Flamengo 3-0 Botafogo (P),torneo actual,27,34.0,41.0,2026-09-19 · Serie A · Vasco DA Gama 5-0 Coritiba (G); 2026-09-12 · Serie A · Gremio 1-2 Vasco DA Gama (G); 2026-09-05 · Serie A · Fluminense 1-0 Vasco DA Gama (P); 2026-08-29 · Serie A · Vasco DA Gama 3-1 Cruzeiro (G); 2026-08-23 · Serie A · Palmeiras 4-1 Vasco DA Gama (P)
2026-10-07,18:30,Botafogo vs Vasco DA Gama,,,Visita tarjetas -1.5,CARDS_AWAY UNDER.1.5,CARDS_AWAY:UNDER_1_5,26.7%,0.267400,3.74,,,,,,,,,,,Sin cuota/EV,No encontrado en Betano,Solo modelo,2,29.74,29.738000,,Betano mapeado,Baja,contexto premium torneo actual,usa promedios del contexto premium/API-Football,depende mucho del arbitro y del contexto competitivo,https://www.betano.pe/cuotas-de-partido/botafogo-rj-vasco-da-gama-rj/92533669/,torneo actual,torneo actual,28,41.0,45.0,2026-09-19 · Serie A · Mirassol 2-0 Botafogo (P); 2026-09-16 · Serie A · Botafogo 3-2 Gremio (G); 2026-09-12 · Serie A · Botafogo 1-1 RB Bragantino (E); 2026-09-06 · Serie A · Botafogo 0-0 Palmeiras (E); 2026-08-30 · Serie A · Flamengo 3-0 Botafogo (P),torneo actual,27,34.0,41.0,2026-09-19 · Serie A · Vasco DA Gama 5-0 Coritiba (G); 2026-09-12 · Serie A · Gremio 1-2 Vasco DA Gama (G); 2026-09-05 · Serie A · Fluminense 1-0 Vasco DA Gama (P); 2026-08-29 · Serie A · Vasco DA Gama 3-1 Cruzeiro (G); 2026-08-23 · Serie A · Palmeiras 4-1 Vasco DA Gama (P)
2026-10-07,18:30,Botafogo vs Vasco DA Gama,William Hill,Betano,1T +1.5,FIRST_HALF_TOTALS OVER.1.5,FIRST_HALF_TOTALS:OVER_1_5,26.4%,0.264200,3.78,2.50,-0.34,-0.339400,-1.28,0.66,2.55,-0.33,-0.326300,-1.23,0.67,EV negativo,EV negativo Betano,Evitar,5,29.09,29.094000,Cuota por debajo de la cuota justa: valor limitado,Betano mapeado,Baja,contexto premium torneo actual,usa promedios del contexto premium/API-Football,el primer tiempo puede tener ritmo bajo o rotaciones,https://www.betano.pe/cuotas-de-partido/botafogo-rj-vasco-da-gama-rj/92533669/,torneo actual,torneo actual,28,41.0,45.0,2026-09-19 · Serie A · Mirassol 2-0 Botafogo (P); 2026-09-16 · Serie A · Botafogo 3-2 Gremio (G); 2026-09-12 · Serie A · Botafogo 1-1 RB Bragantino (E); 2026-09-06 · Serie A · Botafogo 0-0 Palmeiras (E); 2026-08-30 · Serie A · Flamengo 3-0 Botafogo (P),torneo actual,27,34.0,41.0,2026-09-19 · Serie A · Vasco DA Gama 5-0 Coritiba (G); 2026-09-12 · Serie A · Gremio 1-2 Vasco DA Gama (G); 2026-09-05 · Serie A · Fluminense 1-0 Vasco DA Gama (P); 2026-08-29 · Serie A · Vasco DA Gama 3-1 Cruzeiro (G); 2026-08-23 · Serie A · Palmeiras 4-1 Vasco DA Gama (P)
2026-10-07,18:30,Botafogo vs Vasco DA Gama,,,Visita tarjetas +3.5,CARDS_AWAY OVER.3.5,CARDS_AWAY:OVER_3_5,26.4%,0.264000,3.79,,,,,,,,,,,Sin cuota/EV,No encontrado en Betano,Solo modelo,2,29.40,29.400000,,Betano mapeado,Baja,contexto premium torneo actual,usa promedios del contexto premium/API-Football,depende mucho del arbitro y del contexto competitivo,https://www.betano.pe/cuotas-de-partido/botafogo-rj-vasco-da-gama-rj/92533669/,torneo actual,torneo actual,28,41.0,45.0,2026-09-19 · Serie A · Mirassol 2-0 Botafogo (P); 2026-09-16 · Serie A · Botafogo 3-2 Gremio (G); 2026-09-12 · Serie A · Botafogo 1-1 RB Bragantino (E); 2026-09-06 · Serie A · Botafogo 0-0 Palmeiras (E); 2026-08-30 · Serie A · Flamengo 3-0 Botafogo (P),torneo actual,27,34.0,41.0,2026-09-19 · Serie A · Vasco DA Gama 5-0 Coritiba (G); 2026-09-12 · Serie A · Gremio 1-2 Vasco DA Gama (G); 2026-09-05 · Serie A · Fluminense 1-0 Vasco DA Gama (P); 2026-08-29 · Serie A · Vasco DA Gama 3-1 Cruzeiro (G); 2026-08-23 · Serie A · Palmeiras 4-1 Vasco DA Gama (P)
2026-10-07,18:30,Botafogo vs Vasco DA Gama,,,SHOTS_ON_TARGET_TOTAL UNDER.8.5,SHOTS_ON_TARGET_TOTAL UNDER.8.5,SHOTS_ON_TARGET_TOTAL:UNDER_8_5,24.1%,0.241000,4.15,,,,,,,,,,,Sin cuota/EV,No encontrado en Betano,Solo modelo,2,27.10,27.099000,,Betano mapeado,Baja,contexto premium torneo actual,usa promedios del contexto premium/API-Football,el volumen ofensivo puede variar por planteamiento y marcador temprano,https://www.betano.pe/cuotas-de-partido/botafogo-rj-vasco-da-gama-rj/92533669/,torneo actual,torneo actual,28,41.0,45.0,2026-09-19 · Serie A · Mirassol 2-0 Botafogo (P); 2026-09-16 · Serie A · Botafogo 3-2 Gremio (G); 2026-09-12 · Serie A · Botafogo 1-1 RB Bragantino (E); 2026-09-06 · Serie A · Botafogo 0-0 Palmeiras (E); 2026-08-30 · Serie A · Flamengo 3-0 Botafogo (P),torneo actual,27,34.0,41.0,2026-09-19 · Serie A · Vasco DA Gama 5-0 Coritiba (G); 2026-09-12 · Serie A · Gremio 1-2 Vasco DA Gama (G); 2026-09-05 · Serie A · Fluminense 1-0 Vasco DA Gama (P); 2026-08-29 · Serie A · Vasco DA Gama 3-1 Cruzeiro (G); 2026-08-23 · Serie A · Palmeiras 4-1 Vasco DA Gama (P)
2026-10-07,18:30,Botafogo vs Vasco DA Gama,William Hill,Betano,Empate,1X2 DRAW,1X2:DRAW,24.0%,0.240000,4.17,2.25,-0.46,-0.460000,-1.92,0.54,3.45,-0.17,-0.172000,-0.72,0.83,EV negativo,EV negativo Betano,Evitar,7,36.97,36.968000,Cuota por debajo de la cuota justa: valor limitado,Betano mapeado,Baja,torneo actual,usa Poisson base con estadisticas de goles del torneo,riesgo propio del resultado final y variacion del modelo,https://www.betano.pe/cuotas-de-partido/botafogo-rj-vasco-da-gama-rj/92533669/,torneo actual,torneo actual,28,41.0,45.0,2026-09-19 · Serie A · Mirassol 2-0 Botafogo (P); 2026-09-16 · Serie A · Botafogo 3-2 Gremio (G); 2026-09-12 · Serie A · Botafogo 1-1 RB Bragantino (E); 2026-09-06 · Serie A · Botafogo 0-0 Palmeiras (E); 2026-08-30 · Serie A · Flamengo 3-0 Botafogo (P),torneo actual,27,34.0,41.0,2026-09-19 · Serie A · Vasco DA Gama 5-0 Coritiba (G); 2026-09-12 · Serie A · Gremio 1-2 Vasco DA Gama (G); 2026-09-05 · Serie A · Fluminense 1-0 Vasco DA Gama (P); 2026-08-29 · Serie A · Vasco DA Gama 3-1 Cruzeiro (G); 2026-08-23 · Serie A · Palmeiras 4-1 Vasco DA Gama (P)
2026-10-07,18:30,Botafogo vs Vasco DA Gama,,,Corners total -7.5,CORNERS_TOTALS UNDER.7.5,CORNERS_TOTALS:UNDER_7_5,23.9%,0.238800,4.19,,,,,,,,,,,Sin cuota/EV,No encontrado en Betano,Solo modelo,6,53.88,53.878000,,Betano mapeado,Baja,contexto premium torneo actual,usa promedios del contexto premium/API-Football,el volumen ofensivo puede variar por planteamiento y marcador temprano,https://www.betano.pe/cuotas-de-partido/botafogo-rj-vasco-da-gama-rj/92533669/,torneo actual,torneo actual,28,41.0,45.0,2026-09-19 · Serie A · Mirassol 2-0 Botafogo (P); 2026-09-16 · Serie A · Botafogo 3-2 Gremio (G); 2026-09-12 · Serie A · Botafogo 1-1 RB Bragantino (E); 2026-09-06 · Serie A · Botafogo 0-0 Palmeiras (E); 2026-08-30 · Serie A · Flamengo 3-0 Botafogo (P),torneo actual,27,34.0,41.0,2026-09-19 · Serie A · Vasco DA Gama 5-0 Coritiba (G); 2026-09-12 · Serie A · Gremio 1-2 Vasco DA Gama (G); 2026-09-05 · Serie A · Fluminense 1-0 Vasco DA Gama (P); 2026-08-29 · Serie A · Vasco DA Gama 3-1 Cruzeiro (G); 2026-08-23 · Serie A · Palmeiras 4-1 Vasco DA Gama (P)
2026-10-07,18:30,Botafogo vs Vasco DA Gama,,,Visita goles -0.5,TEAM_TOTAL_AWAY UNDER.0.5,TEAM_TOTAL_AWAY:UNDER_0_5,23.9%,0.238600,4.19,,,,,,,,,,,Sin cuota/EV,No encontrado en Betano,Solo modelo,4,39.86,39.860000,,Betano mapeado,Baja,torneo actual,usa Poisson base con estadisticas de goles del torneo,un gol temprano o baja eficacia puede cambiar la lectura del mercado,https://www.betano.pe/cuotas-de-partido/botafogo-rj-vasco-da-gama-rj/92533669/,torneo actual,torneo actual,28,41.0,45.0,2026-09-19 · Serie A · Mirassol 2-0 Botafogo (P); 2026-09-16 · Serie A · Botafogo 3-2 Gremio (G); 2026-09-12 · Serie A · Botafogo 1-1 RB Bragantino (E); 2026-09-06 · Serie A · Botafogo 0-0 Palmeiras (E); 2026-08-30 · Serie A · Flamengo 3-0 Botafogo (P),torneo actual,27,34.0,41.0,2026-09-19 · Serie A · Vasco DA Gama 5-0 Coritiba (G); 2026-09-12 · Serie A · Gremio 1-2 Vasco DA Gama (G); 2026-09-05 · Serie A · Fluminense 1-0 Vasco DA Gama (P); 2026-08-29 · Serie A · Vasco DA Gama 3-1 Cruzeiro (G); 2026-08-23 · Serie A · Palmeiras 4-1 Vasco DA Gama (P)
2026-10-07,18:30,Botafogo vs Vasco DA Gama,,Betano,Local goles +2.5,TEAM_TOTAL_HOME OVER.2.5,TEAM_TOTAL_HOME:OVER_2_5,21.9%,0.219400,4.56,,,,,,4.80,0.05,0.053100,0.24,1.05,Sin cuota/EV,EV positivo Betano,Solo modelo,4,46.79,46.786000,,Betano mapeado,Baja,torneo actual,usa Poisson base con estadisticas de goles del torneo,un gol temprano o baja eficacia puede cambiar la lectura del mercado,https://www.betano.pe/cuotas-de-partido/botafogo-rj-vasco-da-gama-rj/92533669/,torneo actual,torneo actual,28,41.0,45.0,2026-09-19 · Serie A · Mirassol 2-0 Botafogo (P); 2026-09-16 · Serie A · Botafogo 3-2 Gremio (G); 2026-09-12 · Serie A · Botafogo 1-1 RB Bragantino (E); 2026-09-06 · Serie A · Botafogo 0-0 Palmeiras (E); 2026-08-30 · Serie A · Flamengo 3-0 Botafogo (P),torneo actual,27,34.0,41.0,2026-09-19 · Serie A · Vasco DA Gama 5-0 Coritiba (G); 2026-09-12 · Serie A · Gremio 1-2 Vasco DA Gama (G); 2026-09-05 · Serie A · Fluminense 1-0 Vasco DA Gama (P); 2026-08-29 · Serie A · Vasco DA Gama 3-1 Cruzeiro (G); 2026-08-23 · Serie A · Palmeiras 4-1 Vasco DA Gama (P)
2026-10-07,18:30,Botafogo vs Vasco DA Gama,,,SHOTS_TOTAL UNDER.24.5,SHOTS_TOTAL UNDER.24.5,SHOTS_TOTAL:UNDER_24_5,20.4%,0.204200,4.90,,,,,,,,,,,Sin cuota/EV,No encontrado en Betano,Solo modelo,2,23.42,23.417000,,Betano mapeado,Baja,contexto premium torneo actual,usa promedios del contexto premium/API-Football,el volumen ofensivo puede variar por planteamiento y marcador temprano,https://www.betano.pe/cuotas-de-partido/botafogo-rj-vasco-da-gama-rj/92533669/,torneo actual,torneo actual,28,41.0,45.0,2026-09-19 · Serie A · Mirassol 2-0 Botafogo (P); 2026-09-16 · Serie A · Botafogo 3-2 Gremio (G); 2026-09-12 · Serie A · Botafogo 1-1 RB Bragantino (E); 2026-09-06 · Serie A · Botafogo 0-0 Palmeiras (E); 2026-08-30 · Serie A · Flamengo 3-0 Botafogo (P),torneo actual,27,34.0,41.0,2026-09-19 · Serie A · Vasco DA Gama 5-0 Coritiba (G); 2026-09-12 · Serie A · Gremio 1-2 Vasco DA Gama (G); 2026-09-05 · Serie A · Fluminense 1-0 Vasco DA Gama (P); 2026-08-29 · Serie A · Vasco DA Gama 3-1 Cruzeiro (G); 2026-08-23 · Serie A · Palmeiras 4-1 Vasco DA Gama (P)
2026-10-07,18:30,Botafogo vs Vasco DA Gama,,Betano,Local goles -0.5,TEAM_TOTAL_HOME UNDER.0.5,TEAM_TOTAL_HOME:UNDER_0_5,20.0%,0.199800,5.00,,,,,,3.45,-0.31,-0.310700,-1.55,0.69,Sin cuota/EV,EV negativo Betano,Solo modelo,4,39.01,39.010000,,Betano mapeado,Baja,torneo actual,usa Poisson base con estadisticas de goles del torneo,un gol temprano o baja eficacia puede cambiar la lectura del mercado,https://www.betano.pe/cuotas-de-partido/botafogo-rj-vasco-da-gama-rj/92533669/,torneo actual,torneo actual,28,41.0,45.0,2026-09-19 · Serie A · Mirassol 2-0 Botafogo (P); 2026-09-16 · Serie A · Botafogo 3-2 Gremio (G); 2026-09-12 · Serie A · Botafogo 1-1 RB Bragantino (E); 2026-09-06 · Serie A · Botafogo 0-0 Palmeiras (E); 2026-08-30 · Serie A · Flamengo 3-0 Botafogo (P),torneo actual,27,34.0,41.0,2026-09-19 · Serie A · Vasco DA Gama 5-0 Coritiba (G); 2026-09-12 · Serie A · Gremio 1-2 Vasco DA Gama (G); 2026-09-05 · Serie A · Fluminense 1-0 Vasco DA Gama (P); 2026-08-29 · Serie A · Vasco DA Gama 3-1 Cruzeiro (G); 2026-08-23 · Serie A · Palmeiras 4-1 Vasco DA Gama (P)
2026-10-07,18:30,Botafogo vs Vasco DA Gama,William Hill,Betano,Goles -1.5,TOTALS UNDER.1.5,TOTALS:UNDER_1_5,19.3%,0.192800,5.19,1.75,-0.66,-0.662700,-3.44,0.34,3.90,-0.25,-0.248100,-1.29,0.75,EV negativo,EV negativo Betano,Evitar,1,-2.62,-2.623000,Cuota por debajo de la cuota justa: valor limitado,Betano mapeado,Baja,torneo actual,usa Poisson base con estadisticas de goles del torneo,un gol temprano o baja eficacia puede cambiar la lectura del mercado,https://www.betano.pe/cuotas-de-partido/botafogo-rj-vasco-da-gama-rj/92533669/,torneo actual,torneo actual,28,41.0,45.0,2026-09-19 · Serie A · Mirassol 2-0 Botafogo (P); 2026-09-16 · Serie A · Botafogo 3-2 Gremio (G); 2026-09-12 · Serie A · Botafogo 1-1 RB Bragantino (E); 2026-09-06 · Serie A · Botafogo 0-0 Palmeiras (E); 2026-08-30 · Serie A · Flamengo 3-0 Botafogo (P),torneo actual,27,34.0,41.0,2026-09-19 · Serie A · Vasco DA Gama 5-0 Coritiba (G); 2026-09-12 · Serie A · Gremio 1-2 Vasco DA Gama (G); 2026-09-05 · Serie A · Fluminense 1-0 Vasco DA Gama (P); 2026-08-29 · Serie A · Vasco DA Gama 3-1 Cruzeiro (G); 2026-08-23 · Serie A · Palmeiras 4-1 Vasco DA Gama (P)
2026-10-07,18:30,Botafogo vs Vasco DA Gama,,,Local corners +5.5,CORNERS_HOME OVER.5.5,CORNERS_HOME:OVER_5_5,18.4%,0.184400,5.42,,,,,,,,,,,Sin cuota/EV,No encontrado en Betano,Solo modelo,4,34.44,34.444000,,Betano mapeado,Baja,contexto premium torneo actual,usa promedios del contexto premium/API-Football,el volumen ofensivo puede variar por planteamiento y marcador temprano,https://www.betano.pe/cuotas-de-partido/botafogo-rj-vasco-da-gama-rj/92533669/,torneo actual,torneo actual,28,41.0,45.0,2026-09-19 · Serie A · Mirassol 2-0 Botafogo (P); 2026-09-16 · Serie A · Botafogo 3-2 Gremio (G); 2026-09-12 · Serie A · Botafogo 1-1 RB Bragantino (E); 2026-09-06 · Serie A · Botafogo 0-0 Palmeiras (E); 2026-08-30 · Serie A · Flamengo 3-0 Botafogo (P),torneo actual,27,34.0,41.0,2026-09-19 · Serie A · Vasco DA Gama 5-0 Coritiba (G); 2026-09-12 · Serie A · Gremio 1-2 Vasco DA Gama (G); 2026-09-05 · Serie A · Fluminense 1-0 Vasco DA Gama (P); 2026-08-29 · Serie A · Vasco DA Gama 3-1 Cruzeiro (G); 2026-08-23 · Serie A · Palmeiras 4-1 Vasco DA Gama (P)
2026-10-07,18:30,Botafogo vs Vasco DA Gama,,Betano,Tarjetas total +6.5,CARDS_TOTALS OVER.6.5,CARDS_TOTALS:OVER_6_5,18.2%,0.182000,5.50,,,,,,2.45,-0.55,-0.554100,-3.04,0.45,Sin cuota/EV,EV negativo Betano,Solo modelo,3,25.33,25.331000,,Betano mapeado,Baja,contexto premium torneo actual,usa promedios del contexto premium/API-Football,depende mucho del arbitro y del contexto competitivo,https://www.betano.pe/cuotas-de-partido/botafogo-rj-vasco-da-gama-rj/92533669/,torneo actual,torneo actual,28,41.0,45.0,2026-09-19 · Serie A · Mirassol 2-0 Botafogo (P); 2026-09-16 · Serie A · Botafogo 3-2 Gremio (G); 2026-09-12 · Serie A · Botafogo 1-1 RB Bragantino (E); 2026-09-06 · Serie A · Botafogo 0-0 Palmeiras (E); 2026-08-30 · Serie A · Flamengo 3-0 Botafogo (P),torneo actual,27,34.0,41.0,2026-09-19 · Serie A · Vasco DA Gama 5-0 Coritiba (G); 2026-09-12 · Serie A · Gremio 1-2 Vasco DA Gama (G); 2026-09-05 · Serie A · Fluminense 1-0 Vasco DA Gama (P); 2026-08-29 · Serie A · Vasco DA Gama 3-1 Cruzeiro (G); 2026-08-23 · Serie A · Palmeiras 4-1 Vasco DA Gama (P)
2026-10-07,18:30,Botafogo vs Vasco DA Gama,,,Visita goles +2.5,TEAM_TOTAL_AWAY OVER.2.5,TEAM_TOTAL_AWAY:OVER_2_5,17.5%,0.174600,5.73,,,,,,,,,,,Sin cuota/EV,No encontrado en Betano,Solo modelo,4,33.45,33.455000,,Betano mapeado,Baja,torneo actual,usa Poisson base con estadisticas de goles del torneo,un gol temprano o baja eficacia puede cambiar la lectura del mercado,https://www.betano.pe/cuotas-de-partido/botafogo-rj-vasco-da-gama-rj/92533669/,torneo actual,torneo actual,28,41.0,45.0,2026-09-19 · Serie A · Mirassol 2-0 Botafogo (P); 2026-09-16 · Serie A · Botafogo 3-2 Gremio (G); 2026-09-12 · Serie A · Botafogo 1-1 RB Bragantino (E); 2026-09-06 · Serie A · Botafogo 0-0 Palmeiras (E); 2026-08-30 · Serie A · Flamengo 3-0 Botafogo (P),torneo actual,27,34.0,41.0,2026-09-19 · Serie A · Vasco DA Gama 5-0 Coritiba (G); 2026-09-12 · Serie A · Gremio 1-2 Vasco DA Gama (G); 2026-09-05 · Serie A · Fluminense 1-0 Vasco DA Gama (P); 2026-08-29 · Serie A · Vasco DA Gama 3-1 Cruzeiro (G); 2026-08-23 · Serie A · Palmeiras 4-1 Vasco DA Gama (P)
2026-10-07,18:30,Botafogo vs Vasco DA Gama,,,Tarjetas total -2.5,CARDS_TOTALS UNDER.2.5,CARDS_TOTALS:UNDER_2_5,16.3%,0.162600,6.15,,,,,,,,,,,Sin cuota/EV,No encontrado en Betano,Solo modelo,3,24.26,24.264000,,Betano mapeado,Baja,contexto premium torneo actual,usa promedios del contexto premium/API-Football,depende mucho del arbitro y del contexto competitivo,https://www.betano.pe/cuotas-de-partido/botafogo-rj-vasco-da-gama-rj/92533669/,torneo actual,torneo actual,28,41.0,45.0,2026-09-19 · Serie A · Mirassol 2-0 Botafogo (P); 2026-09-16 · Serie A · Botafogo 3-2 Gremio (G); 2026-09-12 · Serie A · Botafogo 1-1 RB Bragantino (E); 2026-09-06 · Serie A · Botafogo 0-0 Palmeiras (E); 2026-08-30 · Serie A · Flamengo 3-0 Botafogo (P),torneo actual,27,34.0,41.0,2026-09-19 · Serie A · Vasco DA Gama 5-0 Coritiba (G); 2026-09-12 · Serie A · Gremio 1-2 Vasco DA Gama (G); 2026-09-05 · Serie A · Fluminense 1-0 Vasco DA Gama (P); 2026-08-29 · Serie A · Vasco DA Gama 3-1 Cruzeiro (G); 2026-08-23 · Serie A · Palmeiras 4-1 Vasco DA Gama (P)
2026-10-07,18:30,Botafogo vs Vasco DA Gama,,,Visita corners -3.5,CORNERS_AWAY UNDER.3.5,CORNERS_AWAY:UNDER_3_5,15.1%,0.151200,6.61,,,,,,,,,,,Sin cuota/EV,No encontrado en Betano,Solo modelo,4,31.12,31.120000,,Betano mapeado,Baja,contexto premium torneo actual,usa promedios del contexto premium/API-Football,el volumen ofensivo puede variar por planteamiento y marcador temprano,https://www.betano.pe/cuotas-de-partido/botafogo-rj-vasco-da-gama-rj/92533669/,torneo actual,torneo actual,28,41.0,45.0,2026-09-19 · Serie A · Mirassol 2-0 Botafogo (P); 2026-09-16 · Serie A · Botafogo 3-2 Gremio (G); 2026-09-12 · Serie A · Botafogo 1-1 RB Bragantino (E); 2026-09-06 · Serie A · Botafogo 0-0 Palmeiras (E); 2026-08-30 · Serie A · Flamengo 3-0 Botafogo (P),torneo actual,27,34.0,41.0,2026-09-19 · Serie A · Vasco DA Gama 5-0 Coritiba (G); 2026-09-12 · Serie A · Gremio 1-2 Vasco DA Gama (G); 2026-09-05 · Serie A · Fluminense 1-0 Vasco DA Gama (P); 2026-08-29 · Serie A · Vasco DA Gama 3-1 Cruzeiro (G); 2026-08-23 · Serie A · Palmeiras 4-1 Vasco DA Gama (P)
2026-10-07,18:30,Botafogo vs Vasco DA Gama,,,SHOTS_ON_TARGET_TOTAL UNDER.7.5,SHOTS_ON_TARGET_TOTAL UNDER.7.5,SHOTS_ON_TARGET_TOTAL:UNDER_7_5,15.0%,0.149800,6.68,,,,,,,,,,,Sin cuota/EV,No encontrado en Betano,Solo modelo,2,17.98,17.977000,,Betano mapeado,Baja,contexto premium torneo actual,usa promedios del contexto premium/API-Football,el volumen ofensivo puede variar por planteamiento y marcador temprano,https://www.betano.pe/cuotas-de-partido/botafogo-rj-vasco-da-gama-rj/92533669/,torneo actual,torneo actual,28,41.0,45.0,2026-09-19 · Serie A · Mirassol 2-0 Botafogo (P); 2026-09-16 · Serie A · Botafogo 3-2 Gremio (G); 2026-09-12 · Serie A · Botafogo 1-1 RB Bragantino (E); 2026-09-06 · Serie A · Botafogo 0-0 Palmeiras (E); 2026-08-30 · Serie A · Flamengo 3-0 Botafogo (P),torneo actual,27,34.0,41.0,2026-09-19 · Serie A · Vasco DA Gama 5-0 Coritiba (G); 2026-09-12 · Serie A · Gremio 1-2 Vasco DA Gama (G); 2026-09-05 · Serie A · Fluminense 1-0 Vasco DA Gama (P); 2026-08-29 · Serie A · Vasco DA Gama 3-1 Cruzeiro (G); 2026-08-23 · Serie A · Palmeiras 4-1 Vasco DA Gama (P)
2026-10-07,18:30,Botafogo vs Vasco DA Gama,,,Local tarjetas +3.5,CARDS_HOME OVER.3.5,CARDS_HOME:OVER_3_5,14.3%,0.142900,7.00,,,,,,,,,,,Sin cuota/EV,No encontrado en Betano,Solo modelo,2,17.29,17.288000,,Betano mapeado,Baja,contexto premium torneo actual,usa promedios del contexto premium/API-Football,depende mucho del arbitro y del contexto competitivo,https://www.betano.pe/cuotas-de-partido/botafogo-rj-vasco-da-gama-rj/92533669/,torneo actual,torneo actual,28,41.0,45.0,2026-09-19 · Serie A · Mirassol 2-0 Botafogo (P); 2026-09-16 · Serie A · Botafogo 3-2 Gremio (G); 2026-09-12 · Serie A · Botafogo 1-1 RB Bragantino (E); 2026-09-06 · Serie A · Botafogo 0-0 Palmeiras (E); 2026-08-30 · Serie A · Flamengo 3-0 Botafogo (P),torneo actual,27,34.0,41.0,2026-09-19 · Serie A · Vasco DA Gama 5-0 Coritiba (G); 2026-09-12 · Serie A · Gremio 1-2 Vasco DA Gama (G); 2026-09-05 · Serie A · Fluminense 1-0 Vasco DA Gama (P); 2026-08-29 · Serie A · Vasco DA Gama 3-1 Cruzeiro (G); 2026-08-23 · Serie A · Palmeiras 4-1 Vasco DA Gama (P)
2026-10-07,18:30,Botafogo vs Vasco DA Gama,,,Local tarjetas -0.5,CARDS_HOME UNDER.0.5,CARDS_HOME:UNDER_0_5,13.5%,0.135300,7.39,,,,,,,,,,,Sin cuota/EV,No encontrado en Betano,Solo modelo,2,16.53,16.534000,,Betano mapeado,Baja,contexto premium torneo actual,usa promedios del contexto premium/API-Football,depende mucho del arbitro y del contexto competitivo,https://www.betano.pe/cuotas-de-partido/botafogo-rj-vasco-da-gama-rj/92533669/,torneo actual,torneo actual,28,41.0,45.0,2026-09-19 · Serie A · Mirassol 2-0 Botafogo (P); 2026-09-16 · Serie A · Botafogo 3-2 Gremio (G); 2026-09-12 · Serie A · Botafogo 1-1 RB Bragantino (E); 2026-09-06 · Serie A · Botafogo 0-0 Palmeiras (E); 2026-08-30 · Serie A · Flamengo 3-0 Botafogo (P),torneo actual,27,34.0,41.0,2026-09-19 · Serie A · Vasco DA Gama 5-0 Coritiba (G); 2026-09-12 · Serie A · Gremio 1-2 Vasco DA Gama (G); 2026-09-05 · Serie A · Fluminense 1-0 Vasco DA Gama (P); 2026-08-29 · Serie A · Vasco DA Gama 3-1 Cruzeiro (G); 2026-08-23 · Serie A · Palmeiras 4-1 Vasco DA Gama (P)
2026-10-07,18:30,Botafogo vs Vasco DA Gama,,,SHOTS_TOTAL UNDER.22.5,SHOTS_TOTAL UNDER.22.5,SHOTS_TOTAL:UNDER_22_5,11.0%,0.110400,9.06,,,,,,,,,,,Sin cuota/EV,No encontrado en Betano,Solo modelo,2,14.04,14.038000,,Betano mapeado,Baja,contexto premium torneo actual,usa promedios del contexto premium/API-Football,el volumen ofensivo puede variar por planteamiento y marcador temprano,https://www.betano.pe/cuotas-de-partido/botafogo-rj-vasco-da-gama-rj/92533669/,torneo actual,torneo actual,28,41.0,45.0,2026-09-19 · Serie A · Mirassol 2-0 Botafogo (P); 2026-09-16 · Serie A · Botafogo 3-2 Gremio (G); 2026-09-12 · Serie A · Botafogo 1-1 RB Bragantino (E); 2026-09-06 · Serie A · Botafogo 0-0 Palmeiras (E); 2026-08-30 · Serie A · Flamengo 3-0 Botafogo (P),torneo actual,27,34.0,41.0,2026-09-19 · Serie A · Vasco DA Gama 5-0 Coritiba (G); 2026-09-12 · Serie A · Gremio 1-2 Vasco DA Gama (G); 2026-09-05 · Serie A · Fluminense 1-0 Vasco DA Gama (P); 2026-08-29 · Serie A · Vasco DA Gama 3-1 Cruzeiro (G); 2026-08-23 · Serie A · Palmeiras 4-1 Vasco DA Gama (P)
2026-10-07,18:30,Botafogo vs Vasco DA Gama,,,Local corners +6.5,CORNERS_HOME OVER.6.5,CORNERS_HOME:OVER_6_5,9.1%,0.090900,11.00,,,,,,,,,,,Sin cuota/EV,No encontrado en Betano,Solo modelo,4,25.09,25.089000,,Betano mapeado,Baja,contexto premium torneo actual,usa promedios del contexto premium/API-Football,el volumen ofensivo puede variar por planteamiento y marcador temprano,https://www.betano.pe/cuotas-de-partido/botafogo-rj-vasco-da-gama-rj/92533669/,torneo actual,torneo actual,28,41.0,45.0,2026-09-19 · Serie A · Mirassol 2-0 Botafogo (P); 2026-09-16 · Serie A · Botafogo 3-2 Gremio (G); 2026-09-12 · Serie A · Botafogo 1-1 RB Bragantino (E); 2026-09-06 · Serie A · Botafogo 0-0 Palmeiras (E); 2026-08-30 · Serie A · Flamengo 3-0 Botafogo (P),torneo actual,27,34.0,41.0,2026-09-19 · Serie A · Vasco DA Gama 5-0 Coritiba (G); 2026-09-12 · Serie A · Gremio 1-2 Vasco DA Gama (G); 2026-09-05 · Serie A · Fluminense 1-0 Vasco DA Gama (P); 2026-08-29 · Serie A · Vasco DA Gama 3-1 Cruzeiro (G); 2026-08-23 · Serie A · Palmeiras 4-1 Vasco DA Gama (P)
2026-10-07,18:30,Botafogo vs Vasco DA Gama,,,SHOTS_ON_TARGET_TOTAL UNDER.6.5,SHOTS_ON_TARGET_TOTAL UNDER.6.5,SHOTS_ON_TARGET_TOTAL:UNDER_6_5,8.3%,0.082800,12.07,,,,,,,,,,,Sin cuota/EV,No encontrado en Betano,Solo modelo,2,11.28,11.282000,,Betano mapeado,Baja,contexto premium torneo actual,usa promedios del contexto premium/API-Football,el volumen ofensivo puede variar por planteamiento y marcador temprano,https://www.betano.pe/cuotas-de-partido/botafogo-rj-vasco-da-gama-rj/92533669/,torneo actual,torneo actual,28,41.0,45.0,2026-09-19 · Serie A · Mirassol 2-0 Botafogo (P); 2026-09-16 · Serie A · Botafogo 3-2 Gremio (G); 2026-09-12 · Serie A · Botafogo 1-1 RB Bragantino (E); 2026-09-06 · Serie A · Botafogo 0-0 Palmeiras (E); 2026-08-30 · Serie A · Flamengo 3-0 Botafogo (P),torneo actual,27,34.0,41.0,2026-09-19 · Serie A · Vasco DA Gama 5-0 Coritiba (G); 2026-09-12 · Serie A · Gremio 1-2 Vasco DA Gama (G); 2026-09-05 · Serie A · Fluminense 1-0 Vasco DA Gama (P); 2026-08-29 · Serie A · Vasco DA Gama 3-1 Cruzeiro (G); 2026-08-23 · Serie A · Palmeiras 4-1 Vasco DA Gama (P)
2026-10-07,18:30,Botafogo vs Vasco DA Gama,,,Visita tarjetas -0.5,CARDS_AWAY UNDER.0.5,CARDS_AWAY:UNDER_0_5,7.4%,0.074300,13.46,,,,,,,,,,,Sin cuota/EV,No encontrado en Betano,Solo modelo,2,10.43,10.427000,,Betano mapeado,Baja,contexto premium torneo actual,usa promedios del contexto premium/API-Football,depende mucho del arbitro y del contexto competitivo,https://www.betano.pe/cuotas-de-partido/botafogo-rj-vasco-da-gama-rj/92533669/,torneo actual,torneo actual,28,41.0,45.0,2026-09-19 · Serie A · Mirassol 2-0 Botafogo (P); 2026-09-16 · Serie A · Botafogo 3-2 Gremio (G); 2026-09-12 · Serie A · Botafogo 1-1 RB Bragantino (E); 2026-09-06 · Serie A · Botafogo 0-0 Palmeiras (E); 2026-08-30 · Serie A · Flamengo 3-0 Botafogo (P),torneo actual,27,34.0,41.0,2026-09-19 · Serie A · Vasco DA Gama 5-0 Coritiba (G); 2026-09-12 · Serie A · Gremio 1-2 Vasco DA Gama (G); 2026-09-05 · Serie A · Fluminense 1-0 Vasco DA Gama (P); 2026-08-29 · Serie A · Vasco DA Gama 3-1 Cruzeiro (G); 2026-08-23 · Serie A · Palmeiras 4-1 Vasco DA Gama (P)
2026-10-07,18:30,Botafogo vs Vasco DA Gama,,,SHOTS_TOTAL UNDER.20.5,SHOTS_TOTAL UNDER.20.5,SHOTS_TOTAL:UNDER_20_5,5.1%,0.051100,19.55,,,,,,,,,,,Sin cuota/EV,No encontrado en Betano,Solo modelo,2,8.11,8.114000,,Betano mapeado,Baja,contexto premium torneo actual,usa promedios del contexto premium/API-Football,el volumen ofensivo puede variar por planteamiento y marcador temprano,https://www.betano.pe/cuotas-de-partido/botafogo-rj-vasco-da-gama-rj/92533669/,torneo actual,torneo actual,28,41.0,45.0,2026-09-19 · Serie A · Mirassol 2-0 Botafogo (P); 2026-09-16 · Serie A · Botafogo 3-2 Gremio (G); 2026-09-12 · Serie A · Botafogo 1-1 RB Bragantino (E); 2026-09-06 · Serie A · Botafogo 0-0 Palmeiras (E); 2026-08-30 · Serie A · Flamengo 3-0 Botafogo (P),torneo actual,27,34.0,41.0,2026-09-19 · Serie A · Vasco DA Gama 5-0 Coritiba (G); 2026-09-12 · Serie A · Gremio 1-2 Vasco DA Gama (G); 2026-09-05 · Serie A · Fluminense 1-0 Vasco DA Gama (P); 2026-08-29 · Serie A · Vasco DA Gama 3-1 Cruzeiro (G); 2026-08-23 · Serie A · Palmeiras 4-1 Vasco DA Gama (P)
2026-10-07,18:30,Botafogo vs Vasco DA Gama,,,SHOTS_TOTAL UNDER.18.5,SHOTS_TOTAL UNDER.18.5,SHOTS_TOTAL:UNDER_18_5,2.0%,0.019900,50.33,,,,,,,,,,,Sin cuota/EV,No encontrado en Betano,Solo modelo,2,4.99,4.987000,,Betano mapeado,Baja,contexto premium torneo actual,usa promedios del contexto premium/API-Football,el volumen ofensivo puede variar por planteamiento y marcador temprano,https://www.betano.pe/cuotas-de-partido/botafogo-rj-vasco-da-gama-rj/92533669/,torneo actual,torneo actual,28,41.0,45.0,2026-09-19 · Serie A · Mirassol 2-0 Botafogo (P); 2026-09-16 · Serie A · Botafogo 3-2 Gremio (G); 2026-09-12 · Serie A · Botafogo 1-1 RB Bragantino (E); 2026-09-06 · Serie A · Botafogo 0-0 Palmeiras (E); 2026-08-30 · Serie A · Flamengo 3-0 Botafogo (P),torneo actual,27,34.0,41.0,2026-09-19 · Serie A · Vasco DA Gama 5-0 Coritiba (G); 2026-09-12 · Serie A · Gremio 1-2 Vasco DA Gama (G); 2026-09-05 · Serie A · Fluminense 1-0 Vasco DA Gama (P); 2026-08-29 · Serie A · Vasco DA Gama 3-1 Cruzeiro (G); 2026-08-23 · Serie A · Palmeiras 4-1 Vasco DA Gama (P)
2026-10-07,19:30,Cruzeiro vs Sao Paulo,,,SHOTS_TOTAL OVER.18.5,SHOTS_TOTAL OVER.18.5,SHOTS_TOTAL:OVER_18_5,99.1%,0.990900,1.01,,,,,,,,,,,Sin cuota/EV,No encontrado en Betano,Solo modelo,2,102.09,102.094000,,Betano mapeado,Alta,contexto premium torneo actual,usa promedios del contexto premium/API-Football,el volumen ofensivo puede variar por planteamiento y marcador temprano,https://www.betano.pe/cuotas-de-partido/cruzeiro-sao-paulo-sp/92517495/,torneo actual,torneo actual,28,42.0,40.0,2026-09-20 · Serie A · Vitoria 1-3 Cruzeiro (G); 2026-09-12 · Serie A · Santos 2-1 Cruzeiro (P); 2026-09-06 · Serie A · Cruzeiro 3-1 Atletico Paranaense (G); 2026-08-29 · Serie A · Vasco DA Gama 3-1 Cruzeiro (P); 2026-08-22 · Serie A · Cruzeiro 2-1 Flamengo (G),torneo actual,28,33.0,32.0,2026-10-02 · Serie A · Sao Paulo 1-2 Santos (P); 2026-09-19 · Serie A · Sao Paulo 1-0 Internacional (G); 2026-09-12 · Serie A · Palmeiras 2-0 Sao Paulo (P); 2026-09-05 · Serie A · Sao Paulo 2-0 Atletico-MG (G); 2026-08-29 · Serie A · Sao Paulo 2-1 RB Bragantino (G)
2026-10-07,19:30,Cruzeiro vs Sao Paulo,,,SHOTS_TOTAL OVER.20.5,SHOTS_TOTAL OVER.20.5,SHOTS_TOTAL:OVER_20_5,97.4%,0.974100,1.03,,,,,,,,,,,Sin cuota/EV,No encontrado en Betano,Solo modelo,2,100.41,100.411000,,Betano mapeado,Alta,contexto premium torneo actual,usa promedios del contexto premium/API-Football,el volumen ofensivo puede variar por planteamiento y marcador temprano,https://www.betano.pe/cuotas-de-partido/cruzeiro-sao-paulo-sp/92517495/,torneo actual,torneo actual,28,42.0,40.0,2026-09-20 · Serie A · Vitoria 1-3 Cruzeiro (G); 2026-09-12 · Serie A · Santos 2-1 Cruzeiro (P); 2026-09-06 · Serie A · Cruzeiro 3-1 Atletico Paranaense (G); 2026-08-29 · Serie A · Vasco DA Gama 3-1 Cruzeiro (P); 2026-08-22 · Serie A · Cruzeiro 2-1 Flamengo (G),torneo actual,28,33.0,32.0,2026-10-02 · Serie A · Sao Paulo 1-2 Santos (P); 2026-09-19 · Serie A · Sao Paulo 1-0 Internacional (G); 2026-09-12 · Serie A · Palmeiras 2-0 Sao Paulo (P); 2026-09-05 · Serie A · Sao Paulo 2-0 Atletico-MG (G); 2026-08-29 · Serie A · Sao Paulo 2-1 RB Bragantino (G)
2026-10-07,19:30,Cruzeiro vs Sao Paulo,,,Visita corners +3.5,CORNERS_AWAY OVER.3.5,CORNERS_AWAY:OVER_3_5,97.0%,0.969900,1.03,,,,,,,,,,,Sin cuota/EV,No encontrado en Betano,Solo modelo,4,112.99,112.989000,,Betano mapeado,Alta,contexto premium torneo actual,usa promedios del contexto premium/API-Football,el volumen ofensivo puede variar por planteamiento y marcador temprano,https://www.betano.pe/cuotas-de-partido/cruzeiro-sao-paulo-sp/92517495/,torneo actual,torneo actual,28,42.0,40.0,2026-09-20 · Serie A · Vitoria 1-3 Cruzeiro (G); 2026-09-12 · Serie A · Santos 2-1 Cruzeiro (P); 2026-09-06 · Serie A · Cruzeiro 3-1 Atletico Paranaense (G); 2026-08-29 · Serie A · Vasco DA Gama 3-1 Cruzeiro (P); 2026-08-22 · Serie A · Cruzeiro 2-1 Flamengo (G),torneo actual,28,33.0,32.0,2026-10-02 · Serie A · Sao Paulo 1-2 Santos (P); 2026-09-19 · Serie A · Sao Paulo 1-0 Internacional (G); 2026-09-12 · Serie A · Palmeiras 2-0 Sao Paulo (P); 2026-09-05 · Serie A · Sao Paulo 2-0 Atletico-MG (G); 2026-08-29 · Serie A · Sao Paulo 2-1 RB Bragantino (G)
2026-10-07,19:30,Cruzeiro vs Sao Paulo,,,Visita tarjetas -3.5,CARDS_AWAY UNDER.3.5,CARDS_AWAY:UNDER_3_5,94.6%,0.946300,1.06,,,,,,,,,,,Sin cuota/EV,No encontrado en Betano,Solo modelo,2,97.63,97.627000,,Betano mapeado,Alta,contexto premium torneo actual,usa promedios del contexto premium/API-Football,depende mucho del arbitro y del contexto competitivo,https://www.betano.pe/cuotas-de-partido/cruzeiro-sao-paulo-sp/92517495/,torneo actual,torneo actual,28,42.0,40.0,2026-09-20 · Serie A · Vitoria 1-3 Cruzeiro (G); 2026-09-12 · Serie A · Santos 2-1 Cruzeiro (P); 2026-09-06 · Serie A · Cruzeiro 3-1 Atletico Paranaense (G); 2026-08-29 · Serie A · Vasco DA Gama 3-1 Cruzeiro (P); 2026-08-22 · Serie A · Cruzeiro 2-1 Flamengo (G),torneo actual,28,33.0,32.0,2026-10-02 · Serie A · Sao Paulo 1-2 Santos (P); 2026-09-19 · Serie A · Sao Paulo 1-0 Internacional (G); 2026-09-12 · Serie A · Palmeiras 2-0 Sao Paulo (P); 2026-09-05 · Serie A · Sao Paulo 2-0 Atletico-MG (G); 2026-08-29 · Serie A · Sao Paulo 2-1 RB Bragantino (G)
2026-10-07,19:30,Cruzeiro vs Sao Paulo,,,SHOTS_TOTAL OVER.22.5,SHOTS_TOTAL OVER.22.5,SHOTS_TOTAL:OVER_22_5,93.8%,0.938200,1.07,,,,,,,,,,,Sin cuota/EV,No encontrado en Betano,Solo modelo,2,96.82,96.821000,,Betano mapeado,Alta,contexto premium torneo actual,usa promedios del contexto premium/API-Football,el volumen ofensivo puede variar por planteamiento y marcador temprano,https://www.betano.pe/cuotas-de-partido/cruzeiro-sao-paulo-sp/92517495/,torneo actual,torneo actual,28,42.0,40.0,2026-09-20 · Serie A · Vitoria 1-3 Cruzeiro (G); 2026-09-12 · Serie A · Santos 2-1 Cruzeiro (P); 2026-09-06 · Serie A · Cruzeiro 3-1 Atletico Paranaense (G); 2026-08-29 · Serie A · Vasco DA Gama 3-1 Cruzeiro (P); 2026-08-22 · Serie A · Cruzeiro 2-1 Flamengo (G),torneo actual,28,33.0,32.0,2026-10-02 · Serie A · Sao Paulo 1-2 Santos (P); 2026-09-19 · Serie A · Sao Paulo 1-0 Internacional (G); 2026-09-12 · Serie A · Palmeiras 2-0 Sao Paulo (P); 2026-09-05 · Serie A · Sao Paulo 2-0 Atletico-MG (G); 2026-08-29 · Serie A · Sao Paulo 2-1 RB Bragantino (G)
2026-10-07,19:30,Cruzeiro vs Sao Paulo,,Betano,Tarjetas total -6.5,CARDS_TOTALS UNDER.6.5,CARDS_TOTALS:UNDER_6_5,92.7%,0.926700,1.08,,,,,,1.42,0.32,0.315900,0.34,1.32,Sin cuota/EV,EV positivo Betano,Solo modelo,3,113.73,113.727000,,Betano mapeado,Alta,contexto premium torneo actual,usa promedios del contexto premium/API-Football,depende mucho del arbitro y del contexto competitivo,https://www.betano.pe/cuotas-de-partido/cruzeiro-sao-paulo-sp/92517495/,torneo actual,torneo actual,28,42.0,40.0,2026-09-20 · Serie A · Vitoria 1-3 Cruzeiro (G); 2026-09-12 · Serie A · Santos 2-1 Cruzeiro (P); 2026-09-06 · Serie A · Cruzeiro 3-1 Atletico Paranaense (G); 2026-08-29 · Serie A · Vasco DA Gama 3-1 Cruzeiro (P); 2026-08-22 · Serie A · Cruzeiro 2-1 Flamengo (G),torneo actual,28,33.0,32.0,2026-10-02 · Serie A · Sao Paulo 1-2 Santos (P); 2026-09-19 · Serie A · Sao Paulo 1-0 Internacional (G); 2026-09-12 · Serie A · Palmeiras 2-0 Sao Paulo (P); 2026-09-05 · Serie A · Sao Paulo 2-0 Atletico-MG (G); 2026-08-29 · Serie A · Sao Paulo 2-1 RB Bragantino (G)
2026-10-07,19:30,Cruzeiro vs Sao Paulo,,,Corners total +7.5,CORNERS_TOTALS OVER.7.5,CORNERS_TOTALS:OVER_7_5,92.7%,0.926600,1.08,,,,,,,,,,,Sin cuota/EV,No encontrado en Betano,Solo modelo,6,122.66,122.657000,,Betano mapeado,Alta,contexto premium torneo actual,usa promedios del contexto premium/API-Football,el volumen ofensivo puede variar por planteamiento y marcador temprano,https://www.betano.pe/cuotas-de-partido/cruzeiro-sao-paulo-sp/92517495/,torneo actual,torneo actual,28,42.0,40.0,2026-09-20 · Serie A · Vitoria 1-3 Cruzeiro (G); 2026-09-12 · Serie A · Santos 2-1 Cruzeiro (P); 2026-09-06 · Serie A · Cruzeiro 3-1 Atletico Paranaense (G); 2026-08-29 · Serie A · Vasco DA Gama 3-1 Cruzeiro (P); 2026-08-22 · Serie A · Cruzeiro 2-1 Flamengo (G),torneo actual,28,33.0,32.0,2026-10-02 · Serie A · Sao Paulo 1-2 Santos (P); 2026-09-19 · Serie A · Sao Paulo 1-0 Internacional (G); 2026-09-12 · Serie A · Palmeiras 2-0 Sao Paulo (P); 2026-09-05 · Serie A · Sao Paulo 2-0 Atletico-MG (G); 2026-08-29 · Serie A · Sao Paulo 2-1 RB Bragantino (G)
2026-10-07,19:30,Cruzeiro vs Sao Paulo,,,Visita corners +4.5,CORNERS_AWAY OVER.4.5,CORNERS_AWAY:OVER_4_5,92.6%,0.925600,1.08,,,,,,,,,,,Sin cuota/EV,No encontrado en Betano,Solo modelo,4,108.56,108.564000,,Betano mapeado,Alta,contexto premium torneo actual,usa promedios del contexto premium/API-Football,el volumen ofensivo puede variar por planteamiento y marcador temprano,https://www.betano.pe/cuotas-de-partido/cruzeiro-sao-paulo-sp/92517495/,torneo actual,torneo actual,28,42.0,40.0,2026-09-20 · Serie A · Vitoria 1-3 Cruzeiro (G); 2026-09-12 · Serie A · Santos 2-1 Cruzeiro (P); 2026-09-06 · Serie A · Cruzeiro 3-1 Atletico Paranaense (G); 2026-08-29 · Serie A · Vasco DA Gama 3-1 Cruzeiro (P); 2026-08-22 · Serie A · Cruzeiro 2-1 Flamengo (G),torneo actual,28,33.0,32.0,2026-10-02 · Serie A · Sao Paulo 1-2 Santos (P); 2026-09-19 · Serie A · Sao Paulo 1-0 Internacional (G); 2026-09-12 · Serie A · Palmeiras 2-0 Sao Paulo (P); 2026-09-05 · Serie A · Sao Paulo 2-0 Atletico-MG (G); 2026-08-29 · Serie A · Sao Paulo 2-1 RB Bragantino (G)
2026-10-07,19:30,Cruzeiro vs Sao Paulo,,,Local corners -6.5,CORNERS_HOME UNDER.6.5,CORNERS_HOME:UNDER_6_5,90.0%,0.899500,1.11,,,,,,,,,,,Sin cuota/EV,No encontrado en Betano,Solo modelo,4,105.95,105.948000,,Betano mapeado,Alta,contexto premium torneo actual,usa promedios del contexto premium/API-Football,el volumen ofensivo puede variar por planteamiento y marcador temprano,https://www.betano.pe/cuotas-de-partido/cruzeiro-sao-paulo-sp/92517495/,torneo actual,torneo actual,28,42.0,40.0,2026-09-20 · Serie A · Vitoria 1-3 Cruzeiro (G); 2026-09-12 · Serie A · Santos 2-1 Cruzeiro (P); 2026-09-06 · Serie A · Cruzeiro 3-1 Atletico Paranaense (G); 2026-08-29 · Serie A · Vasco DA Gama 3-1 Cruzeiro (P); 2026-08-22 · Serie A · Cruzeiro 2-1 Flamengo (G),torneo actual,28,33.0,32.0,2026-10-02 · Serie A · Sao Paulo 1-2 Santos (P); 2026-09-19 · Serie A · Sao Paulo 1-0 Internacional (G); 2026-09-12 · Serie A · Palmeiras 2-0 Sao Paulo (P); 2026-09-05 · Serie A · Sao Paulo 2-0 Atletico-MG (G); 2026-08-29 · Serie A · Sao Paulo 2-1 RB Bragantino (G)
2026-10-07,19:30,Cruzeiro vs Sao Paulo,,,Local tarjetas +0.5,CARDS_HOME OVER.0.5,CARDS_HOME:OVER_0_5,88.9%,0.889200,1.12,,,,,,,,,,,Sin cuota/EV,No encontrado en Betano,Solo modelo,2,91.92,91.920000,,Betano mapeado,Alta,contexto premium torneo actual,usa promedios del contexto premium/API-Football,depende mucho del arbitro y del contexto competitivo,https://www.betano.pe/cuotas-de-partido/cruzeiro-sao-paulo-sp/92517495/,torneo actual,torneo actual,28,42.0,40.0,2026-09-20 · Serie A · Vitoria 1-3 Cruzeiro (G); 2026-09-12 · Serie A · Santos 2-1 Cruzeiro (P); 2026-09-06 · Serie A · Cruzeiro 3-1 Atletico Paranaense (G); 2026-08-29 · Serie A · Vasco DA Gama 3-1 Cruzeiro (P); 2026-08-22 · Serie A · Cruzeiro 2-1 Flamengo (G),torneo actual,28,33.0,32.0,2026-10-02 · Serie A · Sao Paulo 1-2 Santos (P); 2026-09-19 · Serie A · Sao Paulo 1-0 Internacional (G); 2026-09-12 · Serie A · Palmeiras 2-0 Sao Paulo (P); 2026-09-05 · Serie A · Sao Paulo 2-0 Atletico-MG (G); 2026-08-29 · Serie A · Sao Paulo 2-1 RB Bragantino (G)
2026-10-07,19:30,Cruzeiro vs Sao Paulo,,,SHOTS_ON_TARGET_TOTAL OVER.6.5,SHOTS_ON_TARGET_TOTAL OVER.6.5,SHOTS_ON_TARGET_TOTAL:OVER_6_5,88.2%,0.882000,1.13,,,,,,,,,,,Sin cuota/EV,No encontrado en Betano,Solo modelo,2,91.20,91.197000,,Betano mapeado,Alta,contexto premium torneo actual,usa promedios del contexto premium/API-Football,el volumen ofensivo puede variar por planteamiento y marcador temprano,https://www.betano.pe/cuotas-de-partido/cruzeiro-sao-paulo-sp/92517495/,torneo actual,torneo actual,28,42.0,40.0,2026-09-20 · Serie A · Vitoria 1-3 Cruzeiro (G); 2026-09-12 · Serie A · Santos 2-1 Cruzeiro (P); 2026-09-06 · Serie A · Cruzeiro 3-1 Atletico Paranaense (G); 2026-08-29 · Serie A · Vasco DA Gama 3-1 Cruzeiro (P); 2026-08-22 · Serie A · Cruzeiro 2-1 Flamengo (G),torneo actual,28,33.0,32.0,2026-10-02 · Serie A · Sao Paulo 1-2 Santos (P); 2026-09-19 · Serie A · Sao Paulo 1-0 Internacional (G); 2026-09-12 · Serie A · Palmeiras 2-0 Sao Paulo (P); 2026-09-05 · Serie A · Sao Paulo 2-0 Atletico-MG (G); 2026-08-29 · Serie A · Sao Paulo 2-1 RB Bragantino (G)
2026-10-07,19:30,Cruzeiro vs Sao Paulo,,,SHOTS_TOTAL OVER.24.5,SHOTS_TOTAL OVER.24.5,SHOTS_TOTAL:OVER_24_5,87.4%,0.874200,1.14,,,,,,,,,,,Sin cuota/EV,No encontrado en Betano,Solo modelo,2,90.42,90.416000,,Betano mapeado,Alta,contexto premium torneo actual,usa promedios del contexto premium/API-Football,el volumen ofensivo puede variar por planteamiento y marcador temprano,https://www.betano.pe/cuotas-de-partido/cruzeiro-sao-paulo-sp/92517495/,torneo actual,torneo actual,28,42.0,40.0,2026-09-20 · Serie A · Vitoria 1-3 Cruzeiro (G); 2026-09-12 · Serie A · Santos 2-1 Cruzeiro (P); 2026-09-06 · Serie A · Cruzeiro 3-1 Atletico Paranaense (G); 2026-08-29 · Serie A · Vasco DA Gama 3-1 Cruzeiro (P); 2026-08-22 · Serie A · Cruzeiro 2-1 Flamengo (G),torneo actual,28,33.0,32.0,2026-10-02 · Serie A · Sao Paulo 1-2 Santos (P); 2026-09-19 · Serie A · Sao Paulo 1-0 Internacional (G); 2026-09-12 · Serie A · Palmeiras 2-0 Sao Paulo (P); 2026-09-05 · Serie A · Sao Paulo 2-0 Atletico-MG (G); 2026-08-29 · Serie A · Sao Paulo 2-1 RB Bragantino (G)
2026-10-07,19:30,Cruzeiro vs Sao Paulo,,Betano,Corners total +8.5,CORNERS_TOTALS OVER.8.5,CORNERS_TOTALS:OVER_8_5,87.0%,0.869500,1.15,,,,,,1.52,0.32,0.321600,0.37,1.32,Sin cuota/EV,EV positivo Betano,Solo modelo,6,130.09,130.093000,,Betano mapeado,Alta,contexto premium torneo actual,usa promedios del contexto premium/API-Football,el volumen ofensivo puede variar por planteamiento y marcador temprano,https://www.betano.pe/cuotas-de-partido/cruzeiro-sao-paulo-sp/92517495/,torneo actual,torneo actual,28,42.0,40.0,2026-09-20 · Serie A · Vitoria 1-3 Cruzeiro (G); 2026-09-12 · Serie A · Santos 2-1 Cruzeiro (P); 2026-09-06 · Serie A · Cruzeiro 3-1 Atletico Paranaense (G); 2026-08-29 · Serie A · Vasco DA Gama 3-1 Cruzeiro (P); 2026-08-22 · Serie A · Cruzeiro 2-1 Flamengo (G),torneo actual,28,33.0,32.0,2026-10-02 · Serie A · Sao Paulo 1-2 Santos (P); 2026-09-19 · Serie A · Sao Paulo 1-0 Internacional (G); 2026-09-12 · Serie A · Palmeiras 2-0 Sao Paulo (P); 2026-09-05 · Serie A · Sao Paulo 2-0 Atletico-MG (G); 2026-08-29 · Serie A · Sao Paulo 2-1 RB Bragantino (G)
2026-10-07,19:30,Cruzeiro vs Sao Paulo,,,Visita goles -2.5,TEAM_TOTAL_AWAY UNDER.2.5,TEAM_TOTAL_AWAY:UNDER_2_5,85.6%,0.856300,1.17,,,,,,,,,,,Sin cuota/EV,No encontrado en Betano,Solo modelo,4,101.63,101.630000,,Betano mapeado,Alta,torneo actual,usa Poisson base con estadisticas de goles del torneo,un gol temprano o baja eficacia puede cambiar la lectura del mercado,https://www.betano.pe/cuotas-de-partido/cruzeiro-sao-paulo-sp/92517495/,torneo actual,torneo actual,28,42.0,40.0,2026-09-20 · Serie A · Vitoria 1-3 Cruzeiro (G); 2026-09-12 · Serie A · Santos 2-1 Cruzeiro (P); 2026-09-06 · Serie A · Cruzeiro 3-1 Atletico Paranaense (G); 2026-08-29 · Serie A · Vasco DA Gama 3-1 Cruzeiro (P); 2026-08-22 · Serie A · Cruzeiro 2-1 Flamengo (G),torneo actual,28,33.0,32.0,2026-10-02 · Serie A · Sao Paulo 1-2 Santos (P); 2026-09-19 · Serie A · Sao Paulo 1-0 Internacional (G); 2026-09-12 · Serie A · Palmeiras 2-0 Sao Paulo (P); 2026-09-05 · Serie A · Sao Paulo 2-0 Atletico-MG (G); 2026-08-29 · Serie A · Sao Paulo 2-1 RB Bragantino (G)
2026-10-07,19:30,Cruzeiro vs Sao Paulo,,,Visita corners +5.5,CORNERS_AWAY OVER.5.5,CORNERS_AWAY:OVER_5_5,85.0%,0.850400,1.18,,,,,,,,,,,Sin cuota/EV,No encontrado en Betano,Solo modelo,4,101.04,101.040000,,Betano mapeado,Alta,contexto premium torneo actual,usa promedios del contexto premium/API-Football,el volumen ofensivo puede variar por planteamiento y marcador temprano,https://www.betano.pe/cuotas-de-partido/cruzeiro-sao-paulo-sp/92517495/,torneo actual,torneo actual,28,42.0,40.0,2026-09-20 · Serie A · Vitoria 1-3 Cruzeiro (G); 2026-09-12 · Serie A · Santos 2-1 Cruzeiro (P); 2026-09-06 · Serie A · Cruzeiro 3-1 Atletico Paranaense (G); 2026-08-29 · Serie A · Vasco DA Gama 3-1 Cruzeiro (P); 2026-08-22 · Serie A · Cruzeiro 2-1 Flamengo (G),torneo actual,28,33.0,32.0,2026-10-02 · Serie A · Sao Paulo 1-2 Santos (P); 2026-09-19 · Serie A · Sao Paulo 1-0 Internacional (G); 2026-09-12 · Serie A · Palmeiras 2-0 Sao Paulo (P); 2026-09-05 · Serie A · Sao Paulo 2-0 Atletico-MG (G); 2026-08-29 · Serie A · Sao Paulo 2-1 RB Bragantino (G)
2026-10-07,19:30,Cruzeiro vs Sao Paulo,,Betano,Tarjetas total -5.5,CARDS_TOTALS UNDER.5.5,CARDS_TOTALS:UNDER_5_5,84.4%,0.844100,1.19,,,,,,1.75,0.48,0.477200,0.56,1.48,Sin cuota/EV,EV positivo Betano,Solo modelo,3,108.05,108.047000,,Betano mapeado,Alta,contexto premium torneo actual,usa promedios del contexto premium/API-Football,depende mucho del arbitro y del contexto competitivo,https://www.betano.pe/cuotas-de-partido/cruzeiro-sao-paulo-sp/92517495/,torneo actual,torneo actual,28,42.0,40.0,2026-09-20 · Serie A · Vitoria 1-3 Cruzeiro (G); 2026-09-12 · Serie A · Santos 2-1 Cruzeiro (P); 2026-09-06 · Serie A · Cruzeiro 3-1 Atletico Paranaense (G); 2026-08-29 · Serie A · Vasco DA Gama 3-1 Cruzeiro (P); 2026-08-22 · Serie A · Cruzeiro 2-1 Flamengo (G),torneo actual,28,33.0,32.0,2026-10-02 · Serie A · Sao Paulo 1-2 Santos (P); 2026-09-19 · Serie A · Sao Paulo 1-0 Internacional (G); 2026-09-12 · Serie A · Palmeiras 2-0 Sao Paulo (P); 2026-09-05 · Serie A · Sao Paulo 2-0 Atletico-MG (G); 2026-08-29 · Serie A · Sao Paulo 2-1 RB Bragantino (G)
2026-10-07,19:30,Cruzeiro vs Sao Paulo,,,Visita tarjetas -2.5,CARDS_AWAY UNDER.2.5,CARDS_AWAY:UNDER_2_5,83.4%,0.833500,1.20,,,,,,,,,,,Sin cuota/EV,No encontrado en Betano,Solo modelo,2,86.35,86.350000,,Betano mapeado,Alta,contexto premium torneo actual,usa promedios del contexto premium/API-Football,depende mucho del arbitro y del contexto competitivo,https://www.betano.pe/cuotas-de-partido/cruzeiro-sao-paulo-sp/92517495/,torneo actual,torneo actual,28,42.0,40.0,2026-09-20 · Serie A · Vitoria 1-3 Cruzeiro (G); 2026-09-12 · Serie A · Santos 2-1 Cruzeiro (P); 2026-09-06 · Serie A · Cruzeiro 3-1 Atletico Paranaense (G); 2026-08-29 · Serie A · Vasco DA Gama 3-1 Cruzeiro (P); 2026-08-22 · Serie A · Cruzeiro 2-1 Flamengo (G),torneo actual,28,33.0,32.0,2026-10-02 · Serie A · Sao Paulo 1-2 Santos (P); 2026-09-19 · Serie A · Sao Paulo 1-0 Internacional (G); 2026-09-12 · Serie A · Palmeiras 2-0 Sao Paulo (P); 2026-09-05 · Serie A · Sao Paulo 2-0 Atletico-MG (G); 2026-08-29 · Serie A · Sao Paulo 2-1 RB Bragantino (G)
2026-10-07,19:30,Cruzeiro vs Sao Paulo,,,Local goles -2.5,TEAM_TOTAL_HOME UNDER.2.5,TEAM_TOTAL_HOME:UNDER_2_5,82.7%,0.826900,1.21,,,,,,,,,,,Sin cuota/EV,No encontrado en Betano,Solo modelo,4,98.69,98.692000,,Betano mapeado,Alta,torneo actual,usa Poisson base con estadisticas de goles del torneo,un gol temprano o baja eficacia puede cambiar la lectura del mercado,https://www.betano.pe/cuotas-de-partido/cruzeiro-sao-paulo-sp/92517495/,torneo actual,torneo actual,28,42.0,40.0,2026-09-20 · Serie A · Vitoria 1-3 Cruzeiro (G); 2026-09-12 · Serie A · Santos 2-1 Cruzeiro (P); 2026-09-06 · Serie A · Cruzeiro 3-1 Atletico Paranaense (G); 2026-08-29 · Serie A · Vasco DA Gama 3-1 Cruzeiro (P); 2026-08-22 · Serie A · Cruzeiro 2-1 Flamengo (G),torneo actual,28,33.0,32.0,2026-10-02 · Serie A · Sao Paulo 1-2 Santos (P); 2026-09-19 · Serie A · Sao Paulo 1-0 Internacional (G); 2026-09-12 · Serie A · Palmeiras 2-0 Sao Paulo (P); 2026-09-05 · Serie A · Sao Paulo 2-0 Atletico-MG (G); 2026-08-29 · Serie A · Sao Paulo 2-1 RB Bragantino (G)
2026-10-07,19:30,Cruzeiro vs Sao Paulo,,,Local tarjetas -3.5,CARDS_HOME UNDER.3.5,CARDS_HOME:UNDER_3_5,81.9%,0.819400,1.22,,,,,,,,,,,Sin cuota/EV,No encontrado en Betano,Solo modelo,2,84.94,84.935000,,Betano mapeado,Alta,contexto premium torneo actual,usa promedios del contexto premium/API-Football,depende mucho del arbitro y del contexto competitivo,https://www.betano.pe/cuotas-de-partido/cruzeiro-sao-paulo-sp/92517495/,torneo actual,torneo actual,28,42.0,40.0,2026-09-20 · Serie A · Vitoria 1-3 Cruzeiro (G); 2026-09-12 · Serie A · Santos 2-1 Cruzeiro (P); 2026-09-06 · Serie A · Cruzeiro 3-1 Atletico Paranaense (G); 2026-08-29 · Serie A · Vasco DA Gama 3-1 Cruzeiro (P); 2026-08-22 · Serie A · Cruzeiro 2-1 Flamengo (G),torneo actual,28,33.0,32.0,2026-10-02 · Serie A · Sao Paulo 1-2 Santos (P); 2026-09-19 · Serie A · Sao Paulo 1-0 Internacional (G); 2026-09-12 · Serie A · Palmeiras 2-0 Sao Paulo (P); 2026-09-05 · Serie A · Sao Paulo 2-0 Atletico-MG (G); 2026-08-29 · Serie A · Sao Paulo 2-1 RB Bragantino (G)
2026-10-07,19:30,Cruzeiro vs Sao Paulo,,,Local corners -5.5,CORNERS_HOME UNDER.5.5,CORNERS_HOME:UNDER_5_5,80.1%,0.800600,1.25,,,,,,,,,,,Sin cuota/EV,No encontrado en Betano,Solo modelo,4,96.06,96.056000,,Betano mapeado,Alta,contexto premium torneo actual,usa promedios del contexto premium/API-Football,el volumen ofensivo puede variar por planteamiento y marcador temprano,https://www.betano.pe/cuotas-de-partido/cruzeiro-sao-paulo-sp/92517495/,torneo actual,torneo actual,28,42.0,40.0,2026-09-20 · Serie A · Vitoria 1-3 Cruzeiro (G); 2026-09-12 · Serie A · Santos 2-1 Cruzeiro (P); 2026-09-06 · Serie A · Cruzeiro 3-1 Atletico Paranaense (G); 2026-08-29 · Serie A · Vasco DA Gama 3-1 Cruzeiro (P); 2026-08-22 · Serie A · Cruzeiro 2-1 Flamengo (G),torneo actual,28,33.0,32.0,2026-10-02 · Serie A · Sao Paulo 1-2 Santos (P); 2026-09-19 · Serie A · Sao Paulo 1-0 Internacional (G); 2026-09-12 · Serie A · Palmeiras 2-0 Sao Paulo (P); 2026-09-05 · Serie A · Sao Paulo 2-0 Atletico-MG (G); 2026-08-29 · Serie A · Sao Paulo 2-1 RB Bragantino (G)
2026-10-07,19:30,Cruzeiro vs Sao Paulo,,,SHOTS_ON_TARGET_TOTAL OVER.7.5,SHOTS_ON_TARGET_TOTAL OVER.7.5,SHOTS_ON_TARGET_TOTAL:OVER_7_5,79.7%,0.797300,1.25,,,,,,,,,,,Sin cuota/EV,No encontrado en Betano,Solo modelo,2,82.73,82.726000,,Betano mapeado,Alta,contexto premium torneo actual,usa promedios del contexto premium/API-Football,el volumen ofensivo puede variar por planteamiento y marcador temprano,https://www.betano.pe/cuotas-de-partido/cruzeiro-sao-paulo-sp/92517495/,torneo actual,torneo actual,28,42.0,40.0,2026-09-20 · Serie A · Vitoria 1-3 Cruzeiro (G); 2026-09-12 · Serie A · Santos 2-1 Cruzeiro (P); 2026-09-06 · Serie A · Cruzeiro 3-1 Atletico Paranaense (G); 2026-08-29 · Serie A · Vasco DA Gama 3-1 Cruzeiro (P); 2026-08-22 · Serie A · Cruzeiro 2-1 Flamengo (G),torneo actual,28,33.0,32.0,2026-10-02 · Serie A · Sao Paulo 1-2 Santos (P); 2026-09-19 · Serie A · Sao Paulo 1-0 Internacional (G); 2026-09-12 · Serie A · Palmeiras 2-0 Sao Paulo (P); 2026-09-05 · Serie A · Sao Paulo 2-0 Atletico-MG (G); 2026-08-29 · Serie A · Sao Paulo 2-1 RB Bragantino (G)
2026-10-07,19:30,Cruzeiro vs Sao Paulo,,Betano,Corners total +9.5,CORNERS_TOTALS OVER.9.5,CORNERS_TOTALS:OVER_9_5,79.1%,0.790800,1.26,,,,,,1.87,0.48,0.478800,0.60,1.48,Sin cuota/EV,EV positivo Betano,Solo modelo,6,124.74,124.742000,,Betano mapeado,Alta,contexto premium torneo actual,usa promedios del contexto premium/API-Football,el volumen ofensivo puede variar por planteamiento y marcador temprano,https://www.betano.pe/cuotas-de-partido/cruzeiro-sao-paulo-sp/92517495/,torneo actual,torneo actual,28,42.0,40.0,2026-09-20 · Serie A · Vitoria 1-3 Cruzeiro (G); 2026-09-12 · Serie A · Santos 2-1 Cruzeiro (P); 2026-09-06 · Serie A · Cruzeiro 3-1 Atletico Paranaense (G); 2026-08-29 · Serie A · Vasco DA Gama 3-1 Cruzeiro (P); 2026-08-22 · Serie A · Cruzeiro 2-1 Flamengo (G),torneo actual,28,33.0,32.0,2026-10-02 · Serie A · Sao Paulo 1-2 Santos (P); 2026-09-19 · Serie A · Sao Paulo 1-0 Internacional (G); 2026-09-12 · Serie A · Palmeiras 2-0 Sao Paulo (P); 2026-09-05 · Serie A · Sao Paulo 2-0 Atletico-MG (G); 2026-08-29 · Serie A · Sao Paulo 2-1 RB Bragantino (G)
2026-10-07,19:30,Cruzeiro vs Sao Paulo,,,SHOTS_TOTAL OVER.26.5,SHOTS_TOTAL OVER.26.5,SHOTS_TOTAL:OVER_26_5,77.7%,0.777300,1.29,,,,,,,,,,,Sin cuota/EV,No encontrado en Betano,Solo modelo,2,80.73,80.729000,,Betano mapeado,Alta,contexto premium torneo actual,usa promedios del contexto premium/API-Football,el volumen ofensivo puede variar por planteamiento y marcador temprano,https://www.betano.pe/cuotas-de-partido/cruzeiro-sao-paulo-sp/92517495/,torneo actual,torneo actual,28,42.0,40.0,2026-09-20 · Serie A · Vitoria 1-3 Cruzeiro (G); 2026-09-12 · Serie A · Santos 2-1 Cruzeiro (P); 2026-09-06 · Serie A · Cruzeiro 3-1 Atletico Paranaense (G); 2026-08-29 · Serie A · Vasco DA Gama 3-1 Cruzeiro (P); 2026-08-22 · Serie A · Cruzeiro 2-1 Flamengo (G),torneo actual,28,33.0,32.0,2026-10-02 · Serie A · Sao Paulo 1-2 Santos (P); 2026-09-19 · Serie A · Sao Paulo 1-0 Internacional (G); 2026-09-12 · Serie A · Palmeiras 2-0 Sao Paulo (P); 2026-09-05 · Serie A · Sao Paulo 2-0 Atletico-MG (G); 2026-08-29 · Serie A · Sao Paulo 2-1 RB Bragantino (G)
2026-10-07,19:30,Cruzeiro vs Sao Paulo,,,Local goles +0.5,TEAM_TOTAL_HOME OVER.0.5,TEAM_TOTAL_HOME:OVER_0_5,76.0%,0.760000,1.32,,,,,,,,,,,Sin cuota/EV,No encontrado en Betano,Solo modelo,4,92.00,91.998000,,Betano mapeado,Alta,torneo actual,usa Poisson base con estadisticas de goles del torneo,un gol temprano o baja eficacia puede cambiar la lectura del mercado,https://www.betano.pe/cuotas-de-partido/cruzeiro-sao-paulo-sp/92517495/,torneo actual,torneo actual,28,42.0,40.0,2026-09-20 · Serie A · Vitoria 1-3 Cruzeiro (G); 2026-09-12 · Serie A · Santos 2-1 Cruzeiro (P); 2026-09-06 · Serie A · Cruzeiro 3-1 Atletico Paranaense (G); 2026-08-29 · Serie A · Vasco DA Gama 3-1 Cruzeiro (P); 2026-08-22 · Serie A · Cruzeiro 2-1 Flamengo (G),torneo actual,28,33.0,32.0,2026-10-02 · Serie A · Sao Paulo 1-2 Santos (P); 2026-09-19 · Serie A · Sao Paulo 1-0 Internacional (G); 2026-09-12 · Serie A · Palmeiras 2-0 Sao Paulo (P); 2026-09-05 · Serie A · Sao Paulo 2-0 Atletico-MG (G); 2026-08-29 · Serie A · Sao Paulo 2-1 RB Bragantino (G)
2026-10-07,19:30,Cruzeiro vs Sao Paulo,William Hill,Betano,Goles +1.5,TOTALS OVER.1.5,TOTALS:OVER_1_5,75.7%,0.756800,1.32,2.20,0.67,0.665000,0.88,1.67,1.33,0.01,0.006500,0.01,1.01,EV positivo,EV positivo Betano,Seguro,10,150.76,150.758000,,Betano mapeado,Alta,torneo actual,usa Poisson base con estadisticas de goles del torneo,un gol temprano o baja eficacia puede cambiar la lectura del mercado,https://www.betano.pe/cuotas-de-partido/cruzeiro-sao-paulo-sp/92517495/,torneo actual,torneo actual,28,42.0,40.0,2026-09-20 · Serie A · Vitoria 1-3 Cruzeiro (G); 2026-09-12 · Serie A · Santos 2-1 Cruzeiro (P); 2026-09-06 · Serie A · Cruzeiro 3-1 Atletico Paranaense (G); 2026-08-29 · Serie A · Vasco DA Gama 3-1 Cruzeiro (P); 2026-08-22 · Serie A · Cruzeiro 2-1 Flamengo (G),torneo actual,28,33.0,32.0,2026-10-02 · Serie A · Sao Paulo 1-2 Santos (P); 2026-09-19 · Serie A · Sao Paulo 1-0 Internacional (G); 2026-09-12 · Serie A · Palmeiras 2-0 Sao Paulo (P); 2026-09-05 · Serie A · Sao Paulo 2-0 Atletico-MG (G); 2026-08-29 · Serie A · Sao Paulo 2-1 RB Bragantino (G)
2026-10-07,19:30,Cruzeiro vs Sao Paulo,,,Visita tarjetas +0.5,CARDS_AWAY OVER.0.5,CARDS_AWAY:OVER_0_5,75.3%,0.753400,1.33,,,,,,,,,,,Sin cuota/EV,No encontrado en Betano,Solo modelo,2,78.34,78.340000,,Betano mapeado,Alta,contexto premium torneo actual,usa promedios del contexto premium/API-Football,depende mucho del arbitro y del contexto competitivo,https://www.betano.pe/cuotas-de-partido/cruzeiro-sao-paulo-sp/92517495/,torneo actual,torneo actual,28,42.0,40.0,2026-09-20 · Serie A · Vitoria 1-3 Cruzeiro (G); 2026-09-12 · Serie A · Santos 2-1 Cruzeiro (P); 2026-09-06 · Serie A · Cruzeiro 3-1 Atletico Paranaense (G); 2026-08-29 · Serie A · Vasco DA Gama 3-1 Cruzeiro (P); 2026-08-22 · Serie A · Cruzeiro 2-1 Flamengo (G),torneo actual,28,33.0,32.0,2026-10-02 · Serie A · Sao Paulo 1-2 Santos (P); 2026-09-19 · Serie A · Sao Paulo 1-0 Internacional (G); 2026-09-12 · Serie A · Palmeiras 2-0 Sao Paulo (P); 2026-09-05 · Serie A · Sao Paulo 2-0 Atletico-MG (G); 2026-08-29 · Serie A · Sao Paulo 2-1 RB Bragantino (G)
2026-10-07,19:30,Cruzeiro vs Sao Paulo,,,DOUBLE_CHANCE 12,DOUBLE_CHANCE 12,DOUBLE_CHANCE:12,74.4%,0.744100,1.34,,,,,,,,,,,Sin cuota/EV,No encontrado en Betano,Solo modelo,9,119.41,119.406000,,Betano mapeado,Alta,torneo actual,usa Poisson base con estadisticas de goles del torneo,riesgo propio del resultado final y variacion del modelo,https://www.betano.pe/cuotas-de-partido/cruzeiro-sao-paulo-sp/92517495/,torneo actual,torneo actual,28,42.0,40.0,2026-09-20 · Serie A · Vitoria 1-3 Cruzeiro (G); 2026-09-12 · Serie A · Santos 2-1 Cruzeiro (P); 2026-09-06 · Serie A · Cruzeiro 3-1 Atletico Paranaense (G); 2026-08-29 · Serie A · Vasco DA Gama 3-1 Cruzeiro (P); 2026-08-22 · Serie A · Cruzeiro 2-1 Flamengo (G),torneo actual,28,33.0,32.0,2026-10-02 · Serie A · Sao Paulo 1-2 Santos (P); 2026-09-19 · Serie A · Sao Paulo 1-0 Internacional (G); 2026-09-12 · Serie A · Palmeiras 2-0 Sao Paulo (P); 2026-09-05 · Serie A · Sao Paulo 2-0 Atletico-MG (G); 2026-08-29 · Serie A · Sao Paulo 2-1 RB Bragantino (G)
2026-10-07,19:30,Cruzeiro vs Sao Paulo,,,Visita corners +6.5,CORNERS_AWAY OVER.6.5,CORNERS_AWAY:OVER_6_5,74.4%,0.743800,1.34,,,,,,,,,,,Sin cuota/EV,No encontrado en Betano,Solo modelo,4,90.38,90.382000,,Betano mapeado,Alta,contexto premium torneo actual,usa promedios del contexto premium/API-Football,el volumen ofensivo puede variar por planteamiento y marcador temprano,https://www.betano.pe/cuotas-de-partido/cruzeiro-sao-paulo-sp/92517495/,torneo actual,torneo actual,28,42.0,40.0,2026-09-20 · Serie A · Vitoria 1-3 Cruzeiro (G); 2026-09-12 · Serie A · Santos 2-1 Cruzeiro (P); 2026-09-06 · Serie A · Cruzeiro 3-1 Atletico Paranaense (G); 2026-08-29 · Serie A · Vasco DA Gama 3-1 Cruzeiro (P); 2026-08-22 · Serie A · Cruzeiro 2-1 Flamengo (G),torneo actual,28,33.0,32.0,2026-10-02 · Serie A · Sao Paulo 1-2 Santos (P); 2026-09-19 · Serie A · Sao Paulo 1-0 Internacional (G); 2026-09-12 · Serie A · Palmeiras 2-0 Sao Paulo (P); 2026-09-05 · Serie A · Sao Paulo 2-0 Atletico-MG (G); 2026-08-29 · Serie A · Sao Paulo 2-1 RB Bragantino (G)
2026-10-07,19:30,Cruzeiro vs Sao Paulo,,,Visita goles +0.5,TEAM_TOTAL_AWAY OVER.0.5,TEAM_TOTAL_AWAY:OVER_0_5,72.8%,0.728400,1.37,,,,,,,,,,,Sin cuota/EV,No encontrado en Betano,Solo modelo,4,88.84,88.842000,,Betano mapeado,Alta,torneo actual,usa Poisson base con estadisticas de goles del torneo,un gol temprano o baja eficacia puede cambiar la lectura del mercado,https://www.betano.pe/cuotas-de-partido/cruzeiro-sao-paulo-sp/92517495/,torneo actual,torneo actual,28,42.0,40.0,2026-09-20 · Serie A · Vitoria 1-3 Cruzeiro (G); 2026-09-12 · Serie A · Santos 2-1 Cruzeiro (P); 2026-09-06 · Serie A · Cruzeiro 3-1 Atletico Paranaense (G); 2026-08-29 · Serie A · Vasco DA Gama 3-1 Cruzeiro (P); 2026-08-22 · Serie A · Cruzeiro 2-1 Flamengo (G),torneo actual,28,33.0,32.0,2026-10-02 · Serie A · Sao Paulo 1-2 Santos (P); 2026-09-19 · Serie A · Sao Paulo 1-0 Internacional (G); 2026-09-12 · Serie A · Palmeiras 2-0 Sao Paulo (P); 2026-09-05 · Serie A · Sao Paulo 2-0 Atletico-MG (G); 2026-08-29 · Serie A · Sao Paulo 2-1 RB Bragantino (G)
2026-10-07,19:30,Cruzeiro vs Sao Paulo,William Hill,Betano,1T +0.5,FIRST_HALF_TOTALS OVER.0.5,FIRST_HALF_TOTALS:OVER_0_5,72.8%,0.727500,1.38,1.36,-0.01,-0.010600,-0.01,0.99,1.44,0.05,0.047600,0.07,1.05,EV negativo,EV positivo Betano,Equilibrado,5,106.32,106.317000,,Betano mapeado,Alta,contexto premium torneo actual,usa promedios del contexto premium/API-Football,el primer tiempo puede tener ritmo bajo o rotaciones,https://www.betano.pe/cuotas-de-partido/cruzeiro-sao-paulo-sp/92517495/,torneo actual,torneo actual,28,42.0,40.0,2026-09-20 · Serie A · Vitoria 1-3 Cruzeiro (G); 2026-09-12 · Serie A · Santos 2-1 Cruzeiro (P); 2026-09-06 · Serie A · Cruzeiro 3-1 Atletico Paranaense (G); 2026-08-29 · Serie A · Vasco DA Gama 3-1 Cruzeiro (P); 2026-08-22 · Serie A · Cruzeiro 2-1 Flamengo (G),torneo actual,28,33.0,32.0,2026-10-02 · Serie A · Sao Paulo 1-2 Santos (P); 2026-09-19 · Serie A · Sao Paulo 1-0 Internacional (G); 2026-09-12 · Serie A · Palmeiras 2-0 Sao Paulo (P); 2026-09-05 · Serie A · Sao Paulo 2-0 Atletico-MG (G); 2026-08-29 · Serie A · Sao Paulo 2-1 RB Bragantino (G)
2026-10-07,19:30,Cruzeiro vs Sao Paulo,William Hill,Betano,Goles -3.5,TOTALS UNDER.3.5,TOTALS:UNDER_3_5,70.7%,0.707300,1.41,1.03,-0.27,-0.271400,-0.38,0.73,1.33,-0.06,-0.059300,-0.08,0.94,EV negativo,EV negativo Betano,Evitar,10,103.90,103.899000,Cuota por debajo de la cuota justa: valor limitado,Betano mapeado,Alta,torneo actual,usa Poisson base con estadisticas de goles del torneo,un gol temprano o baja eficacia puede cambiar la lectura del mercado,https://www.betano.pe/cuotas-de-partido/cruzeiro-sao-paulo-sp/92517495/,torneo actual,torneo actual,28,42.0,40.0,2026-09-20 · Serie A · Vitoria 1-3 Cruzeiro (G); 2026-09-12 · Serie A · Santos 2-1 Cruzeiro (P); 2026-09-06 · Serie A · Cruzeiro 3-1 Atletico Paranaense (G); 2026-08-29 · Serie A · Vasco DA Gama 3-1 Cruzeiro (P); 2026-08-22 · Serie A · Cruzeiro 2-1 Flamengo (G),torneo actual,28,33.0,32.0,2026-10-02 · Serie A · Sao Paulo 1-2 Santos (P); 2026-09-19 · Serie A · Sao Paulo 1-0 Internacional (G); 2026-09-12 · Serie A · Palmeiras 2-0 Sao Paulo (P); 2026-09-05 · Serie A · Sao Paulo 2-0 Atletico-MG (G); 2026-08-29 · Serie A · Sao Paulo 2-1 RB Bragantino (G)
2026-10-07,19:30,Cruzeiro vs Sao Paulo,,Betano,Tarjetas total -4.5,CARDS_TOTALS UNDER.4.5,CARDS_TOTALS:UNDER_4_5,70.6%,0.706400,1.42,,,,,,2.40,0.70,0.695400,0.98,1.69,Sin cuota/EV,EV positivo Betano,Solo modelo,3,97.77,97.770000,,Betano mapeado,Alta,contexto premium torneo actual,usa promedios del contexto premium/API-Football,depende mucho del arbitro y del contexto competitivo,https://www.betano.pe/cuotas-de-partido/cruzeiro-sao-paulo-sp/92517495/,torneo actual,torneo actual,28,42.0,40.0,2026-09-20 · Serie A · Vitoria 1-3 Cruzeiro (G); 2026-09-12 · Serie A · Santos 2-1 Cruzeiro (P); 2026-09-06 · Serie A · Cruzeiro 3-1 Atletico Paranaense (G); 2026-08-29 · Serie A · Vasco DA Gama 3-1 Cruzeiro (P); 2026-08-22 · Serie A · Cruzeiro 2-1 Flamengo (G),torneo actual,28,33.0,32.0,2026-10-02 · Serie A · Sao Paulo 1-2 Santos (P); 2026-09-19 · Serie A · Sao Paulo 1-0 Internacional (G); 2026-09-12 · Serie A · Palmeiras 2-0 Sao Paulo (P); 2026-09-05 · Serie A · Sao Paulo 2-0 Atletico-MG (G); 2026-08-29 · Serie A · Sao Paulo 2-1 RB Bragantino (G)
2026-10-07,19:30,Cruzeiro vs Sao Paulo,,,Tarjetas total +2.5,CARDS_TOTALS OVER.2.5,CARDS_TOTALS:OVER_2_5,69.7%,0.697300,1.43,,,,,,,,,,,Sin cuota/EV,No encontrado en Betano,Solo modelo,3,77.72,77.725000,,Betano mapeado,Media,contexto premium torneo actual,usa promedios del contexto premium/API-Football,depende mucho del arbitro y del contexto competitivo,https://www.betano.pe/cuotas-de-partido/cruzeiro-sao-paulo-sp/92517495/,torneo actual,torneo actual,28,42.0,40.0,2026-09-20 · Serie A · Vitoria 1-3 Cruzeiro (G); 2026-09-12 · Serie A · Santos 2-1 Cruzeiro (P); 2026-09-06 · Serie A · Cruzeiro 3-1 Atletico Paranaense (G); 2026-08-29 · Serie A · Vasco DA Gama 3-1 Cruzeiro (P); 2026-08-22 · Serie A · Cruzeiro 2-1 Flamengo (G),torneo actual,28,33.0,32.0,2026-10-02 · Serie A · Sao Paulo 1-2 Santos (P); 2026-09-19 · Serie A · Sao Paulo 1-0 Internacional (G); 2026-09-12 · Serie A · Palmeiras 2-0 Sao Paulo (P); 2026-09-05 · Serie A · Sao Paulo 2-0 Atletico-MG (G); 2026-08-29 · Serie A · Sao Paulo 2-1 RB Bragantino (G)
2026-10-07,19:30,Cruzeiro vs Sao Paulo,,Betano,Corners total +10.5,CORNERS_TOTALS OVER.10.5,CORNERS_TOTALS:OVER_10_5,69.3%,0.693300,1.44,,,,,,2.42,0.68,0.677800,0.98,1.68,Sin cuota/EV,EV positivo Betano,Solo modelo,6,118.17,118.172000,,Betano mapeado,Media,contexto premium torneo actual,usa promedios del contexto premium/API-Football,el volumen ofensivo puede variar por planteamiento y marcador temprano,https://www.betano.pe/cuotas-de-partido/cruzeiro-sao-paulo-sp/92517495/,torneo actual,torneo actual,28,42.0,40.0,2026-09-20 · Serie A · Vitoria 1-3 Cruzeiro (G); 2026-09-12 · Serie A · Santos 2-1 Cruzeiro (P); 2026-09-06 · Serie A · Cruzeiro 3-1 Atletico Paranaense (G); 2026-08-29 · Serie A · Vasco DA Gama 3-1 Cruzeiro (P); 2026-08-22 · Serie A · Cruzeiro 2-1 Flamengo (G),torneo actual,28,33.0,32.0,2026-10-02 · Serie A · Sao Paulo 1-2 Santos (P); 2026-09-19 · Serie A · Sao Paulo 1-0 Internacional (G); 2026-09-12 · Serie A · Palmeiras 2-0 Sao Paulo (P); 2026-09-05 · Serie A · Sao Paulo 2-0 Atletico-MG (G); 2026-08-29 · Serie A · Sao Paulo 2-1 RB Bragantino (G)
2026-10-07,19:30,Cruzeiro vs Sao Paulo,,,SHOTS_ON_TARGET_TOTAL OVER.8.5,SHOTS_ON_TARGET_TOTAL OVER.8.5,SHOTS_ON_TARGET_TOTAL:OVER_8_5,68.9%,0.689200,1.45,,,,,,,,,,,Sin cuota/EV,No encontrado en Betano,Solo modelo,2,71.92,71.924000,,Betano mapeado,Media,contexto premium torneo actual,usa promedios del contexto premium/API-Football,el volumen ofensivo puede variar por planteamiento y marcador temprano,https://www.betano.pe/cuotas-de-partido/cruzeiro-sao-paulo-sp/92517495/,torneo actual,torneo actual,28,42.0,40.0,2026-09-20 · Serie A · Vitoria 1-3 Cruzeiro (G); 2026-09-12 · Serie A · Santos 2-1 Cruzeiro (P); 2026-09-06 · Serie A · Cruzeiro 3-1 Atletico Paranaense (G); 2026-08-29 · Serie A · Vasco DA Gama 3-1 Cruzeiro (P); 2026-08-22 · Serie A · Cruzeiro 2-1 Flamengo (G),torneo actual,28,33.0,32.0,2026-10-02 · Serie A · Sao Paulo 1-2 Santos (P); 2026-09-19 · Serie A · Sao Paulo 1-0 Internacional (G); 2026-09-12 · Serie A · Palmeiras 2-0 Sao Paulo (P); 2026-09-05 · Serie A · Sao Paulo 2-0 Atletico-MG (G); 2026-08-29 · Serie A · Sao Paulo 2-1 RB Bragantino (G)
2026-10-07,19:30,Cruzeiro vs Sao Paulo,,,DOUBLE_CHANCE 1X,DOUBLE_CHANCE 1X,DOUBLE_CHANCE:1X,65.6%,0.656300,1.52,,,,,,,,,,,Sin cuota/EV,No encontrado en Betano,Solo modelo,9,110.63,110.628000,,Betano mapeado,Media,torneo actual,usa Poisson base con estadisticas de goles del torneo,riesgo propio del resultado final y variacion del modelo,https://www.betano.pe/cuotas-de-partido/cruzeiro-sao-paulo-sp/92517495/,torneo actual,torneo actual,28,42.0,40.0,2026-09-20 · Serie A · Vitoria 1-3 Cruzeiro (G); 2026-09-12 · Serie A · Santos 2-1 Cruzeiro (P); 2026-09-06 · Serie A · Cruzeiro 3-1 Atletico Paranaense (G); 2026-08-29 · Serie A · Vasco DA Gama 3-1 Cruzeiro (P); 2026-08-22 · Serie A · Cruzeiro 2-1 Flamengo (G),torneo actual,28,33.0,32.0,2026-10-02 · Serie A · Sao Paulo 1-2 Santos (P); 2026-09-19 · Serie A · Sao Paulo 1-0 Internacional (G); 2026-09-12 · Serie A · Palmeiras 2-0 Sao Paulo (P); 2026-09-05 · Serie A · Sao Paulo 2-0 Atletico-MG (G); 2026-08-29 · Serie A · Sao Paulo 2-1 RB Bragantino (G)
2026-10-07,19:30,Cruzeiro vs Sao Paulo,,,Local corners -4.5,CORNERS_HOME UNDER.4.5,CORNERS_HOME:UNDER_4_5,64.8%,0.648400,1.54,,,,,,,,,,,Sin cuota/EV,No encontrado en Betano,Solo modelo,4,80.84,80.837000,,Betano mapeado,Media,contexto premium torneo actual,usa promedios del contexto premium/API-Football,el volumen ofensivo puede variar por planteamiento y marcador temprano,https://www.betano.pe/cuotas-de-partido/cruzeiro-sao-paulo-sp/92517495/,torneo actual,torneo actual,28,42.0,40.0,2026-09-20 · Serie A · Vitoria 1-3 Cruzeiro (G); 2026-09-12 · Serie A · Santos 2-1 Cruzeiro (P); 2026-09-06 · Serie A · Cruzeiro 3-1 Atletico Paranaense (G); 2026-08-29 · Serie A · Vasco DA Gama 3-1 Cruzeiro (P); 2026-08-22 · Serie A · Cruzeiro 2-1 Flamengo (G),torneo actual,28,33.0,32.0,2026-10-02 · Serie A · Sao Paulo 1-2 Santos (P); 2026-09-19 · Serie A · Sao Paulo 1-0 Internacional (G); 2026-09-12 · Serie A · Palmeiras 2-0 Sao Paulo (P); 2026-09-05 · Serie A · Sao Paulo 2-0 Atletico-MG (G); 2026-08-29 · Serie A · Sao Paulo 2-1 RB Bragantino (G)
2026-10-07,19:30,Cruzeiro vs Sao Paulo,,,Local tarjetas +1.5,CARDS_HOME OVER.1.5,CARDS_HOME:OVER_1_5,64.5%,0.645400,1.55,,,,,,,,,,,Sin cuota/EV,No encontrado en Betano,Solo modelo,2,67.54,67.543000,,Betano mapeado,Media,contexto premium torneo actual,usa promedios del contexto premium/API-Football,depende mucho del arbitro y del contexto competitivo,https://www.betano.pe/cuotas-de-partido/cruzeiro-sao-paulo-sp/92517495/,torneo actual,torneo actual,28,42.0,40.0,2026-09-20 · Serie A · Vitoria 1-3 Cruzeiro (G); 2026-09-12 · Serie A · Santos 2-1 Cruzeiro (P); 2026-09-06 · Serie A · Cruzeiro 3-1 Atletico Paranaense (G); 2026-08-29 · Serie A · Vasco DA Gama 3-1 Cruzeiro (P); 2026-08-22 · Serie A · Cruzeiro 2-1 Flamengo (G),torneo actual,28,33.0,32.0,2026-10-02 · Serie A · Sao Paulo 1-2 Santos (P); 2026-09-19 · Serie A · Sao Paulo 1-0 Internacional (G); 2026-09-12 · Serie A · Palmeiras 2-0 Sao Paulo (P); 2026-09-05 · Serie A · Sao Paulo 2-0 Atletico-MG (G); 2026-08-29 · Serie A · Sao Paulo 2-1 RB Bragantino (G)
2026-10-07,19:30,Cruzeiro vs Sao Paulo,William Hill,Betano,1T -1.5,FIRST_HALF_TOTALS UNDER.1.5,FIRST_HALF_TOTALS:UNDER_1_5,62.7%,0.626800,1.59,1.40,-0.12,-0.122400,-0.20,0.88,1.40,-0.12,-0.122500,-0.20,0.88,EV negativo,EV negativo Betano,Evitar,5,76.52,76.518000,,Betano mapeado,Media,contexto premium torneo actual,usa promedios del contexto premium/API-Football,el primer tiempo puede tener ritmo bajo o rotaciones,https://www.betano.pe/cuotas-de-partido/cruzeiro-sao-paulo-sp/92517495/,torneo actual,torneo actual,28,42.0,40.0,2026-09-20 · Serie A · Vitoria 1-3 Cruzeiro (G); 2026-09-12 · Serie A · Santos 2-1 Cruzeiro (P); 2026-09-06 · Serie A · Cruzeiro 3-1 Atletico Paranaense (G); 2026-08-29 · Serie A · Vasco DA Gama 3-1 Cruzeiro (P); 2026-08-22 · Serie A · Cruzeiro 2-1 Flamengo (G),torneo actual,28,33.0,32.0,2026-10-02 · Serie A · Sao Paulo 1-2 Santos (P); 2026-09-19 · Serie A · Sao Paulo 1-0 Internacional (G); 2026-09-12 · Serie A · Palmeiras 2-0 Sao Paulo (P); 2026-09-05 · Serie A · Sao Paulo 2-0 Atletico-MG (G); 2026-08-29 · Serie A · Sao Paulo 2-1 RB Bragantino (G)
2026-10-07,19:30,Cruzeiro vs Sao Paulo,,,Visita goles -1.5,TEAM_TOTAL_AWAY UNDER.1.5,TEAM_TOTAL_AWAY:UNDER_1_5,62.6%,0.625600,1.60,,,,,,,,,,,Sin cuota/EV,No encontrado en Betano,Solo modelo,4,78.56,78.557000,,Betano mapeado,Media,torneo actual,usa Poisson base con estadisticas de goles del torneo,un gol temprano o baja eficacia puede cambiar la lectura del mercado,https://www.betano.pe/cuotas-de-partido/cruzeiro-sao-paulo-sp/92517495/,torneo actual,torneo actual,28,42.0,40.0,2026-09-20 · Serie A · Vitoria 1-3 Cruzeiro (G); 2026-09-12 · Serie A · Santos 2-1 Cruzeiro (P); 2026-09-06 · Serie A · Cruzeiro 3-1 Atletico Paranaense (G); 2026-08-29 · Serie A · Vasco DA Gama 3-1 Cruzeiro (P); 2026-08-22 · Serie A · Cruzeiro 2-1 Flamengo (G),torneo actual,28,33.0,32.0,2026-10-02 · Serie A · Sao Paulo 1-2 Santos (P); 2026-09-19 · Serie A · Sao Paulo 1-0 Internacional (G); 2026-09-12 · Serie A · Palmeiras 2-0 Sao Paulo (P); 2026-09-05 · Serie A · Sao Paulo 2-0 Atletico-MG (G); 2026-08-29 · Serie A · Sao Paulo 2-1 RB Bragantino (G)
2026-10-07,19:30,Cruzeiro vs Sao Paulo,,,Local tarjetas -2.5,CARDS_HOME UNDER.2.5,CARDS_HOME:UNDER_2_5,62.3%,0.622700,1.61,,,,,,,,,,,Sin cuota/EV,No encontrado en Betano,Solo modelo,2,65.27,65.271000,,Betano mapeado,Media,contexto premium torneo actual,usa promedios del contexto premium/API-Football,depende mucho del arbitro y del contexto competitivo,https://www.betano.pe/cuotas-de-partido/cruzeiro-sao-paulo-sp/92517495/,torneo actual,torneo actual,28,42.0,40.0,2026-09-20 · Serie A · Vitoria 1-3 Cruzeiro (G); 2026-09-12 · Serie A · Santos 2-1 Cruzeiro (P); 2026-09-06 · Serie A · Cruzeiro 3-1 Atletico Paranaense (G); 2026-08-29 · Serie A · Vasco DA Gama 3-1 Cruzeiro (P); 2026-08-22 · Serie A · Cruzeiro 2-1 Flamengo (G),torneo actual,28,33.0,32.0,2026-10-02 · Serie A · Sao Paulo 1-2 Santos (P); 2026-09-19 · Serie A · Sao Paulo 1-0 Internacional (G); 2026-09-12 · Serie A · Palmeiras 2-0 Sao Paulo (P); 2026-09-05 · Serie A · Sao Paulo 2-0 Atletico-MG (G); 2026-08-29 · Serie A · Sao Paulo 2-1 RB Bragantino (G)
2026-10-07,19:30,Cruzeiro vs Sao Paulo,,,DOUBLE_CHANCE X2,DOUBLE_CHANCE X2,DOUBLE_CHANCE:X2,60.0%,0.599700,1.67,,,,,,,,,,,Sin cuota/EV,No encontrado en Betano,Solo modelo,9,104.97,104.966000,,Betano mapeado,Media,torneo actual,usa Poisson base con estadisticas de goles del torneo,riesgo propio del resultado final y variacion del modelo,https://www.betano.pe/cuotas-de-partido/cruzeiro-sao-paulo-sp/92517495/,torneo actual,torneo actual,28,42.0,40.0,2026-09-20 · Serie A · Vitoria 1-3 Cruzeiro (G); 2026-09-12 · Serie A · Santos 2-1 Cruzeiro (P); 2026-09-06 · Serie A · Cruzeiro 3-1 Atletico Paranaense (G); 2026-08-29 · Serie A · Vasco DA Gama 3-1 Cruzeiro (P); 2026-08-22 · Serie A · Cruzeiro 2-1 Flamengo (G),torneo actual,28,33.0,32.0,2026-10-02 · Serie A · Sao Paulo 1-2 Santos (P); 2026-09-19 · Serie A · Sao Paulo 1-0 Internacional (G); 2026-09-12 · Serie A · Palmeiras 2-0 Sao Paulo (P); 2026-09-05 · Serie A · Sao Paulo 2-0 Atletico-MG (G); 2026-08-29 · Serie A · Sao Paulo 2-1 RB Bragantino (G)
2026-10-07,19:30,Cruzeiro vs Sao Paulo,,,Visita tarjetas -1.5,CARDS_AWAY UNDER.1.5,CARDS_AWAY:UNDER_1_5,59.2%,0.591800,1.69,,,,,,,,,,,Sin cuota/EV,No encontrado en Betano,Solo modelo,2,62.18,62.183000,,Betano mapeado,Media,contexto premium torneo actual,usa promedios del contexto premium/API-Football,depende mucho del arbitro y del contexto competitivo,https://www.betano.pe/cuotas-de-partido/cruzeiro-sao-paulo-sp/92517495/,torneo actual,torneo actual,28,42.0,40.0,2026-09-20 · Serie A · Vitoria 1-3 Cruzeiro (G); 2026-09-12 · Serie A · Santos 2-1 Cruzeiro (P); 2026-09-06 · Serie A · Cruzeiro 3-1 Atletico Paranaense (G); 2026-08-29 · Serie A · Vasco DA Gama 3-1 Cruzeiro (P); 2026-08-22 · Serie A · Cruzeiro 2-1 Flamengo (G),torneo actual,28,33.0,32.0,2026-10-02 · Serie A · Sao Paulo 1-2 Santos (P); 2026-09-19 · Serie A · Sao Paulo 1-0 Internacional (G); 2026-09-12 · Serie A · Palmeiras 2-0 Sao Paulo (P); 2026-09-05 · Serie A · Sao Paulo 2-0 Atletico-MG (G); 2026-08-29 · Serie A · Sao Paulo 2-1 RB Bragantino (G)
2026-10-07,19:30,Cruzeiro vs Sao Paulo,,,Corners total +11.5,CORNERS_TOTALS OVER.11.5,CORNERS_TOTALS:OVER_11_5,58.3%,0.583300,1.71,,,,,,,,,,,Sin cuota/EV,No encontrado en Betano,Solo modelo,6,88.33,88.331000,,Betano mapeado,Media,contexto premium torneo actual,usa promedios del contexto premium/API-Football,el volumen ofensivo puede variar por planteamiento y marcador temprano,https://www.betano.pe/cuotas-de-partido/cruzeiro-sao-paulo-sp/92517495/,torneo actual,torneo actual,28,42.0,40.0,2026-09-20 · Serie A · Vitoria 1-3 Cruzeiro (G); 2026-09-12 · Serie A · Santos 2-1 Cruzeiro (P); 2026-09-06 · Serie A · Cruzeiro 3-1 Atletico Paranaense (G); 2026-08-29 · Serie A · Vasco DA Gama 3-1 Cruzeiro (P); 2026-08-22 · Serie A · Cruzeiro 2-1 Flamengo (G),torneo actual,28,33.0,32.0,2026-10-02 · Serie A · Sao Paulo 1-2 Santos (P); 2026-09-19 · Serie A · Sao Paulo 1-0 Internacional (G); 2026-09-12 · Serie A · Palmeiras 2-0 Sao Paulo (P); 2026-09-05 · Serie A · Sao Paulo 2-0 Atletico-MG (G); 2026-08-29 · Serie A · Sao Paulo 2-1 RB Bragantino (G)
2026-10-07,19:30,Cruzeiro vs Sao Paulo,,,Local goles -1.5,TEAM_TOTAL_HOME UNDER.1.5,TEAM_TOTAL_HOME:UNDER_1_5,58.2%,0.582500,1.72,,,,,,,,,,,Sin cuota/EV,No encontrado en Betano,Solo modelo,4,74.25,74.252000,,Betano mapeado,Media,torneo actual,usa Poisson base con estadisticas de goles del torneo,un gol temprano o baja eficacia puede cambiar la lectura del mercado,https://www.betano.pe/cuotas-de-partido/cruzeiro-sao-paulo-sp/92517495/,torneo actual,torneo actual,28,42.0,40.0,2026-09-20 · Serie A · Vitoria 1-3 Cruzeiro (G); 2026-09-12 · Serie A · Santos 2-1 Cruzeiro (P); 2026-09-06 · Serie A · Cruzeiro 3-1 Atletico Paranaense (G); 2026-08-29 · Serie A · Vasco DA Gama 3-1 Cruzeiro (P); 2026-08-22 · Serie A · Cruzeiro 2-1 Flamengo (G),torneo actual,28,33.0,32.0,2026-10-02 · Serie A · Sao Paulo 1-2 Santos (P); 2026-09-19 · Serie A · Sao Paulo 1-0 Internacional (G); 2026-09-12 · Serie A · Palmeiras 2-0 Sao Paulo (P); 2026-09-05 · Serie A · Sao Paulo 2-0 Atletico-MG (G); 2026-08-29 · Serie A · Sao Paulo 2-1 RB Bragantino (G)
2026-10-07,19:30,Cruzeiro vs Sao Paulo,,,SHOTS_ON_TARGET_TOTAL OVER.9.5,SHOTS_ON_TARGET_TOTAL OVER.9.5,SHOTS_ON_TARGET_TOTAL:OVER_9_5,56.7%,0.566800,1.76,,,,,,,,,,,Sin cuota/EV,No encontrado en Betano,Solo modelo,2,59.68,59.683000,,Betano mapeado,Media,contexto premium torneo actual,usa promedios del contexto premium/API-Football,el volumen ofensivo puede variar por planteamiento y marcador temprano,https://www.betano.pe/cuotas-de-partido/cruzeiro-sao-paulo-sp/92517495/,torneo actual,torneo actual,28,42.0,40.0,2026-09-20 · Serie A · Vitoria 1-3 Cruzeiro (G); 2026-09-12 · Serie A · Santos 2-1 Cruzeiro (P); 2026-09-06 · Serie A · Cruzeiro 3-1 Atletico Paranaense (G); 2026-08-29 · Serie A · Vasco DA Gama 3-1 Cruzeiro (P); 2026-08-22 · Serie A · Cruzeiro 2-1 Flamengo (G),torneo actual,28,33.0,32.0,2026-10-02 · Serie A · Sao Paulo 1-2 Santos (P); 2026-09-19 · Serie A · Sao Paulo 1-0 Internacional (G); 2026-09-12 · Serie A · Palmeiras 2-0 Sao Paulo (P); 2026-09-05 · Serie A · Sao Paulo 2-0 Atletico-MG (G); 2026-08-29 · Serie A · Sao Paulo 2-1 RB Bragantino (G)
2026-10-07,19:30,Cruzeiro vs Sao Paulo,William Hill,Betano,BTTS sí,BTTS YES,BTTS:YES,55.4%,0.553600,1.81,4.40,1.44,1.435800,2.59,2.44,1.80,-0.00,-0.003500,-0.01,1.00,EV positivo,EV negativo Betano,Valor,8,117.30,117.304000,Cuota API muy superior a la cuota justa: revisar manualmente antes de apostar,Betano mapeado,Media,torneo actual,usa Poisson base con estadisticas de goles del torneo,un gol temprano o baja eficacia puede cambiar la lectura del mercado,https://www.betano.pe/cuotas-de-partido/cruzeiro-sao-paulo-sp/92517495/,torneo actual,torneo actual,28,42.0,40.0,2026-09-20 · Serie A · Vitoria 1-3 Cruzeiro (G); 2026-09-12 · Serie A · Santos 2-1 Cruzeiro (P); 2026-09-06 · Serie A · Cruzeiro 3-1 Atletico Paranaense (G); 2026-08-29 · Serie A · Vasco DA Gama 3-1 Cruzeiro (P); 2026-08-22 · Serie A · Cruzeiro 2-1 Flamengo (G),torneo actual,28,33.0,32.0,2026-10-02 · Serie A · Sao Paulo 1-2 Santos (P); 2026-09-19 · Serie A · Sao Paulo 1-0 Internacional (G); 2026-09-12 · Serie A · Palmeiras 2-0 Sao Paulo (P); 2026-09-05 · Serie A · Sao Paulo 2-0 Atletico-MG (G); 2026-08-29 · Serie A · Sao Paulo 2-1 RB Bragantino (G)
2026-10-07,19:30,Cruzeiro vs Sao Paulo,,,Local corners +3.5,CORNERS_HOME OVER.3.5,CORNERS_HOME:OVER_3_5,54.7%,0.546800,1.83,,,,,,,,,,,Sin cuota/EV,No encontrado en Betano,Solo modelo,4,70.67,70.675000,,Betano mapeado,Baja,contexto premium torneo actual,usa promedios del contexto premium/API-Football,el volumen ofensivo puede variar por planteamiento y marcador temprano,https://www.betano.pe/cuotas-de-partido/cruzeiro-sao-paulo-sp/92517495/,torneo actual,torneo actual,28,42.0,40.0,2026-09-20 · Serie A · Vitoria 1-3 Cruzeiro (G); 2026-09-12 · Serie A · Santos 2-1 Cruzeiro (P); 2026-09-06 · Serie A · Cruzeiro 3-1 Atletico Paranaense (G); 2026-08-29 · Serie A · Vasco DA Gama 3-1 Cruzeiro (P); 2026-08-22 · Serie A · Cruzeiro 2-1 Flamengo (G),torneo actual,28,33.0,32.0,2026-10-02 · Serie A · Sao Paulo 1-2 Santos (P); 2026-09-19 · Serie A · Sao Paulo 1-0 Internacional (G); 2026-09-12 · Serie A · Palmeiras 2-0 Sao Paulo (P); 2026-09-05 · Serie A · Sao Paulo 2-0 Atletico-MG (G); 2026-08-29 · Serie A · Sao Paulo 2-1 RB Bragantino (G)
2026-10-07,19:30,Cruzeiro vs Sao Paulo,,Betano,DNB local,DRAW_NO_BET HOME,DRAW_NO_BET:HOME,53.8%,0.538100,1.86,,,,,,1.42,-0.24,-0.235900,-0.44,0.76,Sin cuota/EV,EV negativo Betano,Solo modelo,9,103.03,103.031000,,Betano mapeado,Baja,torneo actual,usa Poisson base con estadisticas de goles del torneo,riesgo propio del resultado final y variacion del modelo,https://www.betano.pe/cuotas-de-partido/cruzeiro-sao-paulo-sp/92517495/,torneo actual,torneo actual,28,42.0,40.0,2026-09-20 · Serie A · Vitoria 1-3 Cruzeiro (G); 2026-09-12 · Serie A · Santos 2-1 Cruzeiro (P); 2026-09-06 · Serie A · Cruzeiro 3-1 Atletico Paranaense (G); 2026-08-29 · Serie A · Vasco DA Gama 3-1 Cruzeiro (P); 2026-08-22 · Serie A · Cruzeiro 2-1 Flamengo (G),torneo actual,28,33.0,32.0,2026-10-02 · Serie A · Sao Paulo 1-2 Santos (P); 2026-09-19 · Serie A · Sao Paulo 1-0 Internacional (G); 2026-09-12 · Serie A · Palmeiras 2-0 Sao Paulo (P); 2026-09-05 · Serie A · Sao Paulo 2-0 Atletico-MG (G); 2026-08-29 · Serie A · Sao Paulo 2-1 RB Bragantino (G)
2026-10-07,19:30,Cruzeiro vs Sao Paulo,,,Tarjetas total -3.5,CARDS_TOTALS UNDER.3.5,CARDS_TOTALS:UNDER_3_5,51.5%,0.515200,1.94,,,,,,,,,,,Sin cuota/EV,No encontrado en Betano,Solo modelo,3,59.52,59.522000,,Betano mapeado,Baja,contexto premium torneo actual,usa promedios del contexto premium/API-Football,depende mucho del arbitro y del contexto competitivo,https://www.betano.pe/cuotas-de-partido/cruzeiro-sao-paulo-sp/92517495/,torneo actual,torneo actual,28,42.0,40.0,2026-09-20 · Serie A · Vitoria 1-3 Cruzeiro (G); 2026-09-12 · Serie A · Santos 2-1 Cruzeiro (P); 2026-09-06 · Serie A · Cruzeiro 3-1 Atletico Paranaense (G); 2026-08-29 · Serie A · Vasco DA Gama 3-1 Cruzeiro (P); 2026-08-22 · Serie A · Cruzeiro 2-1 Flamengo (G),torneo actual,28,33.0,32.0,2026-10-02 · Serie A · Sao Paulo 1-2 Santos (P); 2026-09-19 · Serie A · Sao Paulo 1-0 Internacional (G); 2026-09-12 · Serie A · Palmeiras 2-0 Sao Paulo (P); 2026-09-05 · Serie A · Sao Paulo 2-0 Atletico-MG (G); 2026-08-29 · Serie A · Sao Paulo 2-1 RB Bragantino (G)
2026-10-07,19:30,Cruzeiro vs Sao Paulo,William Hill,Betano,Goles +2.5,TOTALS OVER.2.5,TOTALS:OVER_2_5,51.4%,0.513800,1.95,5.00,1.57,1.569200,3.05,2.57,1.98,0.02,0.017300,0.03,1.02,EV positivo,EV positivo Betano,Valor,8,113.66,113.661000,Cuota API muy superior a la cuota justa: revisar manualmente antes de apostar,Betano mapeado,Baja,torneo actual,usa Poisson base con estadisticas de goles del torneo,un gol temprano o baja eficacia puede cambiar la lectura del mercado,https://www.betano.pe/cuotas-de-partido/cruzeiro-sao-paulo-sp/92517495/,torneo actual,torneo actual,28,42.0,40.0,2026-09-20 · Serie A · Vitoria 1-3 Cruzeiro (G); 2026-09-12 · Serie A · Santos 2-1 Cruzeiro (P); 2026-09-06 · Serie A · Cruzeiro 3-1 Atletico Paranaense (G); 2026-08-29 · Serie A · Vasco DA Gama 3-1 Cruzeiro (P); 2026-08-22 · Serie A · Cruzeiro 2-1 Flamengo (G),torneo actual,28,33.0,32.0,2026-10-02 · Serie A · Sao Paulo 1-2 Santos (P); 2026-09-19 · Serie A · Sao Paulo 1-0 Internacional (G); 2026-09-12 · Serie A · Palmeiras 2-0 Sao Paulo (P); 2026-09-05 · Serie A · Sao Paulo 2-0 Atletico-MG (G); 2026-08-29 · Serie A · Sao Paulo 2-1 RB Bragantino (G)
2026-10-07,19:30,Cruzeiro vs Sao Paulo,William Hill,Betano,Goles -2.5,TOTALS UNDER.2.5,TOTALS:UNDER_2_5,48.6%,0.486200,2.06,1.15,-0.44,-0.440900,-0.91,0.56,1.85,-0.10,-0.100500,-0.21,0.90,EV negativo,EV negativo Betano,Evitar,8,68.07,68.071000,Cuota por debajo de la cuota justa: valor limitado,Betano mapeado,Baja,torneo actual,usa Poisson base con estadisticas de goles del torneo,un gol temprano o baja eficacia puede cambiar la lectura del mercado,https://www.betano.pe/cuotas-de-partido/cruzeiro-sao-paulo-sp/92517495/,torneo actual,torneo actual,28,42.0,40.0,2026-09-20 · Serie A · Vitoria 1-3 Cruzeiro (G); 2026-09-12 · Serie A · Santos 2-1 Cruzeiro (P); 2026-09-06 · Serie A · Cruzeiro 3-1 Atletico Paranaense (G); 2026-08-29 · Serie A · Vasco DA Gama 3-1 Cruzeiro (P); 2026-08-22 · Serie A · Cruzeiro 2-1 Flamengo (G),torneo actual,28,33.0,32.0,2026-10-02 · Serie A · Sao Paulo 1-2 Santos (P); 2026-09-19 · Serie A · Sao Paulo 1-0 Internacional (G); 2026-09-12 · Serie A · Palmeiras 2-0 Sao Paulo (P); 2026-09-05 · Serie A · Sao Paulo 2-0 Atletico-MG (G); 2026-08-29 · Serie A · Sao Paulo 2-1 RB Bragantino (G)
2026-10-07,19:30,Cruzeiro vs Sao Paulo,,,Tarjetas total +3.5,CARDS_TOTALS OVER.3.5,CARDS_TOTALS:OVER_3_5,48.5%,0.484800,2.06,,,,,,,,,,,Sin cuota/EV,No encontrado en Betano,Solo modelo,3,56.48,56.478000,,Betano mapeado,Baja,contexto premium torneo actual,usa promedios del contexto premium/API-Football,depende mucho del arbitro y del contexto competitivo,https://www.betano.pe/cuotas-de-partido/cruzeiro-sao-paulo-sp/92517495/,torneo actual,torneo actual,28,42.0,40.0,2026-09-20 · Serie A · Vitoria 1-3 Cruzeiro (G); 2026-09-12 · Serie A · Santos 2-1 Cruzeiro (P); 2026-09-06 · Serie A · Cruzeiro 3-1 Atletico Paranaense (G); 2026-08-29 · Serie A · Vasco DA Gama 3-1 Cruzeiro (P); 2026-08-22 · Serie A · Cruzeiro 2-1 Flamengo (G),torneo actual,28,33.0,32.0,2026-10-02 · Serie A · Sao Paulo 1-2 Santos (P); 2026-09-19 · Serie A · Sao Paulo 1-0 Internacional (G); 2026-09-12 · Serie A · Palmeiras 2-0 Sao Paulo (P); 2026-09-05 · Serie A · Sao Paulo 2-0 Atletico-MG (G); 2026-08-29 · Serie A · Sao Paulo 2-1 RB Bragantino (G)
2026-10-07,19:30,Cruzeiro vs Sao Paulo,,,DNB visita,DRAW_NO_BET AWAY,DRAW_NO_BET:AWAY,46.2%,0.461900,2.17,,,,,,,,,,,Sin cuota/EV,No encontrado en Betano,Solo modelo,9,91.19,91.195000,,Betano mapeado,Baja,torneo actual,usa Poisson base con estadisticas de goles del torneo,riesgo propio del resultado final y variacion del modelo,https://www.betano.pe/cuotas-de-partido/cruzeiro-sao-paulo-sp/92517495/,torneo actual,torneo actual,28,42.0,40.0,2026-09-20 · Serie A · Vitoria 1-3 Cruzeiro (G); 2026-09-12 · Serie A · Santos 2-1 Cruzeiro (P); 2026-09-06 · Serie A · Cruzeiro 3-1 Atletico Paranaense (G); 2026-08-29 · Serie A · Vasco DA Gama 3-1 Cruzeiro (P); 2026-08-22 · Serie A · Cruzeiro 2-1 Flamengo (G),torneo actual,28,33.0,32.0,2026-10-02 · Serie A · Sao Paulo 1-2 Santos (P); 2026-09-19 · Serie A · Sao Paulo 1-0 Internacional (G); 2026-09-12 · Serie A · Palmeiras 2-0 Sao Paulo (P); 2026-09-05 · Serie A · Sao Paulo 2-0 Atletico-MG (G); 2026-08-29 · Serie A · Sao Paulo 2-1 RB Bragantino (G)
2026-10-07,19:30,Cruzeiro vs Sao Paulo,,,Local corners -3.5,CORNERS_HOME UNDER.3.5,CORNERS_HOME:UNDER_3_5,45.3%,0.453200,2.21,,,,,,,,,,,Sin cuota/EV,No encontrado en Betano,Solo modelo,4,61.33,61.325000,,Betano mapeado,Baja,contexto premium torneo actual,usa promedios del contexto premium/API-Football,el volumen ofensivo puede variar por planteamiento y marcador temprano,https://www.betano.pe/cuotas-de-partido/cruzeiro-sao-paulo-sp/92517495/,torneo actual,torneo actual,28,42.0,40.0,2026-09-20 · Serie A · Vitoria 1-3 Cruzeiro (G); 2026-09-12 · Serie A · Santos 2-1 Cruzeiro (P); 2026-09-06 · Serie A · Cruzeiro 3-1 Atletico Paranaense (G); 2026-08-29 · Serie A · Vasco DA Gama 3-1 Cruzeiro (P); 2026-08-22 · Serie A · Cruzeiro 2-1 Flamengo (G),torneo actual,28,33.0,32.0,2026-10-02 · Serie A · Sao Paulo 1-2 Santos (P); 2026-09-19 · Serie A · Sao Paulo 1-0 Internacional (G); 2026-09-12 · Serie A · Palmeiras 2-0 Sao Paulo (P); 2026-09-05 · Serie A · Sao Paulo 2-0 Atletico-MG (G); 2026-08-29 · Serie A · Sao Paulo 2-1 RB Bragantino (G)
2026-10-07,19:30,Cruzeiro vs Sao Paulo,William Hill,Betano,BTTS no,BTTS NO,BTTS:NO,44.6%,0.446400,2.24,1.18,-0.47,-0.473200,-1.06,0.53,1.93,-0.14,-0.138400,-0.31,0.86,EV negativo,EV negativo Betano,Evitar,8,62.91,62.908000,Cuota por debajo de la cuota justa: valor limitado,Betano mapeado,Baja,torneo actual,usa Poisson base con estadisticas de goles del torneo,un gol temprano o baja eficacia puede cambiar la lectura del mercado,https://www.betano.pe/cuotas-de-partido/cruzeiro-sao-paulo-sp/92517495/,torneo actual,torneo actual,28,42.0,40.0,2026-09-20 · Serie A · Vitoria 1-3 Cruzeiro (G); 2026-09-12 · Serie A · Santos 2-1 Cruzeiro (P); 2026-09-06 · Serie A · Cruzeiro 3-1 Atletico Paranaense (G); 2026-08-29 · Serie A · Vasco DA Gama 3-1 Cruzeiro (P); 2026-08-22 · Serie A · Cruzeiro 2-1 Flamengo (G),torneo actual,28,33.0,32.0,2026-10-02 · Serie A · Sao Paulo 1-2 Santos (P); 2026-09-19 · Serie A · Sao Paulo 1-0 Internacional (G); 2026-09-12 · Serie A · Palmeiras 2-0 Sao Paulo (P); 2026-09-05 · Serie A · Sao Paulo 2-0 Atletico-MG (G); 2026-08-29 · Serie A · Sao Paulo 2-1 RB Bragantino (G)
2026-10-07,19:30,Cruzeiro vs Sao Paulo,,,SHOTS_ON_TARGET_TOTAL UNDER.9.5,SHOTS_ON_TARGET_TOTAL UNDER.9.5,SHOTS_ON_TARGET_TOTAL:UNDER_9_5,43.3%,0.433200,2.31,,,,,,,,,,,Sin cuota/EV,No encontrado en Betano,Solo modelo,2,46.32,46.317000,,Betano mapeado,Baja,contexto premium torneo actual,usa promedios del contexto premium/API-Football,el volumen ofensivo puede variar por planteamiento y marcador temprano,https://www.betano.pe/cuotas-de-partido/cruzeiro-sao-paulo-sp/92517495/,torneo actual,torneo actual,28,42.0,40.0,2026-09-20 · Serie A · Vitoria 1-3 Cruzeiro (G); 2026-09-12 · Serie A · Santos 2-1 Cruzeiro (P); 2026-09-06 · Serie A · Cruzeiro 3-1 Atletico Paranaense (G); 2026-08-29 · Serie A · Vasco DA Gama 3-1 Cruzeiro (P); 2026-08-22 · Serie A · Cruzeiro 2-1 Flamengo (G),torneo actual,28,33.0,32.0,2026-10-02 · Serie A · Sao Paulo 1-2 Santos (P); 2026-09-19 · Serie A · Sao Paulo 1-0 Internacional (G); 2026-09-12 · Serie A · Palmeiras 2-0 Sao Paulo (P); 2026-09-05 · Serie A · Sao Paulo 2-0 Atletico-MG (G); 2026-08-29 · Serie A · Sao Paulo 2-1 RB Bragantino (G)
2026-10-07,19:30,Cruzeiro vs Sao Paulo,,,Local goles +1.5,TEAM_TOTAL_HOME OVER.1.5,TEAM_TOTAL_HOME:OVER_1_5,41.8%,0.417500,2.40,,,,,,,,,,,Sin cuota/EV,No encontrado en Betano,Solo modelo,4,57.75,57.748000,,Betano mapeado,Baja,torneo actual,usa Poisson base con estadisticas de goles del torneo,un gol temprano o baja eficacia puede cambiar la lectura del mercado,https://www.betano.pe/cuotas-de-partido/cruzeiro-sao-paulo-sp/92517495/,torneo actual,torneo actual,28,42.0,40.0,2026-09-20 · Serie A · Vitoria 1-3 Cruzeiro (G); 2026-09-12 · Serie A · Santos 2-1 Cruzeiro (P); 2026-09-06 · Serie A · Cruzeiro 3-1 Atletico Paranaense (G); 2026-08-29 · Serie A · Vasco DA Gama 3-1 Cruzeiro (P); 2026-08-22 · Serie A · Cruzeiro 2-1 Flamengo (G),torneo actual,28,33.0,32.0,2026-10-02 · Serie A · Sao Paulo 1-2 Santos (P); 2026-09-19 · Serie A · Sao Paulo 1-0 Internacional (G); 2026-09-12 · Serie A · Palmeiras 2-0 Sao Paulo (P); 2026-09-05 · Serie A · Sao Paulo 2-0 Atletico-MG (G); 2026-08-29 · Serie A · Sao Paulo 2-1 RB Bragantino (G)
2026-10-07,19:30,Cruzeiro vs Sao Paulo,,,Corners total -11.5,CORNERS_TOTALS UNDER.11.5,CORNERS_TOTALS:UNDER_11_5,41.7%,0.416700,2.40,,,,,,,,,,,Sin cuota/EV,No encontrado en Betano,Solo modelo,6,71.67,71.669000,,Betano mapeado,Baja,contexto premium torneo actual,usa promedios del contexto premium/API-Football,el volumen ofensivo puede variar por planteamiento y marcador temprano,https://www.betano.pe/cuotas-de-partido/cruzeiro-sao-paulo-sp/92517495/,torneo actual,torneo actual,28,42.0,40.0,2026-09-20 · Serie A · Vitoria 1-3 Cruzeiro (G); 2026-09-12 · Serie A · Santos 2-1 Cruzeiro (P); 2026-09-06 · Serie A · Cruzeiro 3-1 Atletico Paranaense (G); 2026-08-29 · Serie A · Vasco DA Gama 3-1 Cruzeiro (P); 2026-08-22 · Serie A · Cruzeiro 2-1 Flamengo (G),torneo actual,28,33.0,32.0,2026-10-02 · Serie A · Sao Paulo 1-2 Santos (P); 2026-09-19 · Serie A · Sao Paulo 1-0 Internacional (G); 2026-09-12 · Serie A · Palmeiras 2-0 Sao Paulo (P); 2026-09-05 · Serie A · Sao Paulo 2-0 Atletico-MG (G); 2026-08-29 · Serie A · Sao Paulo 2-1 RB Bragantino (G)
2026-10-07,19:30,Cruzeiro vs Sao Paulo,,,Visita tarjetas +1.5,CARDS_AWAY OVER.1.5,CARDS_AWAY:OVER_1_5,40.8%,0.408200,2.45,,,,,,,,,,,Sin cuota/EV,No encontrado en Betano,Solo modelo,2,43.82,43.817000,,Betano mapeado,Baja,contexto premium torneo actual,usa promedios del contexto premium/API-Football,depende mucho del arbitro y del contexto competitivo,https://www.betano.pe/cuotas-de-partido/cruzeiro-sao-paulo-sp/92517495/,torneo actual,torneo actual,28,42.0,40.0,2026-09-20 · Serie A · Vitoria 1-3 Cruzeiro (G); 2026-09-12 · Serie A · Santos 2-1 Cruzeiro (P); 2026-09-06 · Serie A · Cruzeiro 3-1 Atletico Paranaense (G); 2026-08-29 · Serie A · Vasco DA Gama 3-1 Cruzeiro (P); 2026-08-22 · Serie A · Cruzeiro 2-1 Flamengo (G),torneo actual,28,33.0,32.0,2026-10-02 · Serie A · Sao Paulo 1-2 Santos (P); 2026-09-19 · Serie A · Sao Paulo 1-0 Internacional (G); 2026-09-12 · Serie A · Palmeiras 2-0 Sao Paulo (P); 2026-09-05 · Serie A · Sao Paulo 2-0 Atletico-MG (G); 2026-08-29 · Serie A · Sao Paulo 2-1 RB Bragantino (G)
2026-10-07,19:30,Cruzeiro vs Sao Paulo,William Hill,Betano,Gana local,1X2 HOME,1X2:HOME,40.0%,0.400300,2.50,2.38,-0.05,-0.047200,-0.12,0.95,1.95,-0.22,-0.219400,-0.55,0.78,EV negativo,EV negativo Betano,Equilibrado,7,78.67,78.675000,,Betano mapeado,Baja,torneo actual,usa Poisson base con estadisticas de goles del torneo,riesgo propio del resultado final y variacion del modelo,https://www.betano.pe/cuotas-de-partido/cruzeiro-sao-paulo-sp/92517495/,torneo actual,torneo actual,28,42.0,40.0,2026-09-20 · Serie A · Vitoria 1-3 Cruzeiro (G); 2026-09-12 · Serie A · Santos 2-1 Cruzeiro (P); 2026-09-06 · Serie A · Cruzeiro 3-1 Atletico Paranaense (G); 2026-08-29 · Serie A · Vasco DA Gama 3-1 Cruzeiro (P); 2026-08-22 · Serie A · Cruzeiro 2-1 Flamengo (G),torneo actual,28,33.0,32.0,2026-10-02 · Serie A · Sao Paulo 1-2 Santos (P); 2026-09-19 · Serie A · Sao Paulo 1-0 Internacional (G); 2026-09-12 · Serie A · Palmeiras 2-0 Sao Paulo (P); 2026-09-05 · Serie A · Sao Paulo 2-0 Atletico-MG (G); 2026-08-29 · Serie A · Sao Paulo 2-1 RB Bragantino (G)
2026-10-07,19:30,Cruzeiro vs Sao Paulo,,,Local tarjetas +2.5,CARDS_HOME OVER.2.5,CARDS_HOME:OVER_2_5,37.7%,0.377300,2.65,,,,,,,,,,,Sin cuota/EV,No encontrado en Betano,Solo modelo,2,40.73,40.729000,,Betano mapeado,Baja,contexto premium torneo actual,usa promedios del contexto premium/API-Football,depende mucho del arbitro y del contexto competitivo,https://www.betano.pe/cuotas-de-partido/cruzeiro-sao-paulo-sp/92517495/,torneo actual,torneo actual,28,42.0,40.0,2026-09-20 · Serie A · Vitoria 1-3 Cruzeiro (G); 2026-09-12 · Serie A · Santos 2-1 Cruzeiro (P); 2026-09-06 · Serie A · Cruzeiro 3-1 Atletico Paranaense (G); 2026-08-29 · Serie A · Vasco DA Gama 3-1 Cruzeiro (P); 2026-08-22 · Serie A · Cruzeiro 2-1 Flamengo (G),torneo actual,28,33.0,32.0,2026-10-02 · Serie A · Sao Paulo 1-2 Santos (P); 2026-09-19 · Serie A · Sao Paulo 1-0 Internacional (G); 2026-09-12 · Serie A · Palmeiras 2-0 Sao Paulo (P); 2026-09-05 · Serie A · Sao Paulo 2-0 Atletico-MG (G); 2026-08-29 · Serie A · Sao Paulo 2-1 RB Bragantino (G)
2026-10-07,19:30,Cruzeiro vs Sao Paulo,,,Visita goles +1.5,TEAM_TOTAL_AWAY OVER.1.5,TEAM_TOTAL_AWAY:OVER_1_5,37.4%,0.374400,2.67,,,,,,,,,,,Sin cuota/EV,No encontrado en Betano,Solo modelo,4,53.44,53.443000,,Betano mapeado,Baja,torneo actual,usa Poisson base con estadisticas de goles del torneo,un gol temprano o baja eficacia puede cambiar la lectura del mercado,https://www.betano.pe/cuotas-de-partido/cruzeiro-sao-paulo-sp/92517495/,torneo actual,torneo actual,28,42.0,40.0,2026-09-20 · Serie A · Vitoria 1-3 Cruzeiro (G); 2026-09-12 · Serie A · Santos 2-1 Cruzeiro (P); 2026-09-06 · Serie A · Cruzeiro 3-1 Atletico Paranaense (G); 2026-08-29 · Serie A · Vasco DA Gama 3-1 Cruzeiro (P); 2026-08-22 · Serie A · Cruzeiro 2-1 Flamengo (G),torneo actual,28,33.0,32.0,2026-10-02 · Serie A · Sao Paulo 1-2 Santos (P); 2026-09-19 · Serie A · Sao Paulo 1-0 Internacional (G); 2026-09-12 · Serie A · Palmeiras 2-0 Sao Paulo (P); 2026-09-05 · Serie A · Sao Paulo 2-0 Atletico-MG (G); 2026-08-29 · Serie A · Sao Paulo 2-1 RB Bragantino (G)
2026-10-07,19:30,Cruzeiro vs Sao Paulo,William Hill,Betano,1T +1.5,FIRST_HALF_TOTALS OVER.1.5,FIRST_HALF_TOTALS:OVER_1_5,37.3%,0.373200,2.68,2.75,0.03,0.026200,0.07,1.03,2.90,0.08,0.082300,0.22,1.08,EV positivo,EV positivo Betano,Equilibrado,5,72.11,72.107000,,Betano mapeado,Baja,contexto premium torneo actual,usa promedios del contexto premium/API-Football,el primer tiempo puede tener ritmo bajo o rotaciones,https://www.betano.pe/cuotas-de-partido/cruzeiro-sao-paulo-sp/92517495/,torneo actual,torneo actual,28,42.0,40.0,2026-09-20 · Serie A · Vitoria 1-3 Cruzeiro (G); 2026-09-12 · Serie A · Santos 2-1 Cruzeiro (P); 2026-09-06 · Serie A · Cruzeiro 3-1 Atletico Paranaense (G); 2026-08-29 · Serie A · Vasco DA Gama 3-1 Cruzeiro (P); 2026-08-22 · Serie A · Cruzeiro 2-1 Flamengo (G),torneo actual,28,33.0,32.0,2026-10-02 · Serie A · Sao Paulo 1-2 Santos (P); 2026-09-19 · Serie A · Sao Paulo 1-0 Internacional (G); 2026-09-12 · Serie A · Palmeiras 2-0 Sao Paulo (P); 2026-09-05 · Serie A · Sao Paulo 2-0 Atletico-MG (G); 2026-08-29 · Serie A · Sao Paulo 2-1 RB Bragantino (G)
2026-10-07,19:30,Cruzeiro vs Sao Paulo,,,Local tarjetas -1.5,CARDS_HOME UNDER.1.5,CARDS_HOME:UNDER_1_5,35.5%,0.354600,2.82,,,,,,,,,,,Sin cuota/EV,No encontrado en Betano,Solo modelo,2,38.46,38.457000,,Betano mapeado,Baja,contexto premium torneo actual,usa promedios del contexto premium/API-Football,depende mucho del arbitro y del contexto competitivo,https://www.betano.pe/cuotas-de-partido/cruzeiro-sao-paulo-sp/92517495/,torneo actual,torneo actual,28,42.0,40.0,2026-09-20 · Serie A · Vitoria 1-3 Cruzeiro (G); 2026-09-12 · Serie A · Santos 2-1 Cruzeiro (P); 2026-09-06 · Serie A · Cruzeiro 3-1 Atletico Paranaense (G); 2026-08-29 · Serie A · Vasco DA Gama 3-1 Cruzeiro (P); 2026-08-22 · Serie A · Cruzeiro 2-1 Flamengo (G),torneo actual,28,33.0,32.0,2026-10-02 · Serie A · Sao Paulo 1-2 Santos (P); 2026-09-19 · Serie A · Sao Paulo 1-0 Internacional (G); 2026-09-12 · Serie A · Palmeiras 2-0 Sao Paulo (P); 2026-09-05 · Serie A · Sao Paulo 2-0 Atletico-MG (G); 2026-08-29 · Serie A · Sao Paulo 2-1 RB Bragantino (G)
2026-10-07,19:30,Cruzeiro vs Sao Paulo,,,Local corners +4.5,CORNERS_HOME OVER.4.5,CORNERS_HOME:OVER_4_5,35.2%,0.351600,2.84,,,,,,,,,,,Sin cuota/EV,No encontrado en Betano,Solo modelo,4,51.16,51.163000,,Betano mapeado,Baja,contexto premium torneo actual,usa promedios del contexto premium/API-Football,el volumen ofensivo puede variar por planteamiento y marcador temprano,https://www.betano.pe/cuotas-de-partido/cruzeiro-sao-paulo-sp/92517495/,torneo actual,torneo actual,28,42.0,40.0,2026-09-20 · Serie A · Vitoria 1-3 Cruzeiro (G); 2026-09-12 · Serie A · Santos 2-1 Cruzeiro (P); 2026-09-06 · Serie A · Cruzeiro 3-1 Atletico Paranaense (G); 2026-08-29 · Serie A · Vasco DA Gama 3-1 Cruzeiro (P); 2026-08-22 · Serie A · Cruzeiro 2-1 Flamengo (G),torneo actual,28,33.0,32.0,2026-10-02 · Serie A · Sao Paulo 1-2 Santos (P); 2026-09-19 · Serie A · Sao Paulo 1-0 Internacional (G); 2026-09-12 · Serie A · Palmeiras 2-0 Sao Paulo (P); 2026-09-05 · Serie A · Sao Paulo 2-0 Atletico-MG (G); 2026-08-29 · Serie A · Sao Paulo 2-1 RB Bragantino (G)
2026-10-07,19:30,Cruzeiro vs Sao Paulo,William Hill,Betano,Gana visita,1X2 AWAY,1X2:AWAY,34.4%,0.343700,2.91,4.40,0.51,0.512400,1.49,1.51,3.95,0.36,0.357600,1.04,1.36,EV positivo,EV positivo Betano,Equilibrado,7,92.32,92.317000,,Betano mapeado,Baja,torneo actual,usa Poisson base con estadisticas de goles del torneo,riesgo propio del resultado final y variacion del modelo,https://www.betano.pe/cuotas-de-partido/cruzeiro-sao-paulo-sp/92517495/,torneo actual,torneo actual,28,42.0,40.0,2026-09-20 · Serie A · Vitoria 1-3 Cruzeiro (G); 2026-09-12 · Serie A · Santos 2-1 Cruzeiro (P); 2026-09-06 · Serie A · Cruzeiro 3-1 Atletico Paranaense (G); 2026-08-29 · Serie A · Vasco DA Gama 3-1 Cruzeiro (P); 2026-08-22 · Serie A · Cruzeiro 2-1 Flamengo (G),torneo actual,28,33.0,32.0,2026-10-02 · Serie A · Sao Paulo 1-2 Santos (P); 2026-09-19 · Serie A · Sao Paulo 1-0 Internacional (G); 2026-09-12 · Serie A · Palmeiras 2-0 Sao Paulo (P); 2026-09-05 · Serie A · Sao Paulo 2-0 Atletico-MG (G); 2026-08-29 · Serie A · Sao Paulo 2-1 RB Bragantino (G)
2026-10-07,19:30,Cruzeiro vs Sao Paulo,,,SHOTS_ON_TARGET_TOTAL UNDER.8.5,SHOTS_ON_TARGET_TOTAL UNDER.8.5,SHOTS_ON_TARGET_TOTAL:UNDER_8_5,31.1%,0.310800,3.22,,,,,,,,,,,Sin cuota/EV,No encontrado en Betano,Solo modelo,2,34.08,34.076000,,Betano mapeado,Baja,contexto premium torneo actual,usa promedios del contexto premium/API-Football,el volumen ofensivo puede variar por planteamiento y marcador temprano,https://www.betano.pe/cuotas-de-partido/cruzeiro-sao-paulo-sp/92517495/,torneo actual,torneo actual,28,42.0,40.0,2026-09-20 · Serie A · Vitoria 1-3 Cruzeiro (G); 2026-09-12 · Serie A · Santos 2-1 Cruzeiro (P); 2026-09-06 · Serie A · Cruzeiro 3-1 Atletico Paranaense (G); 2026-08-29 · Serie A · Vasco DA Gama 3-1 Cruzeiro (P); 2026-08-22 · Serie A · Cruzeiro 2-1 Flamengo (G),torneo actual,28,33.0,32.0,2026-10-02 · Serie A · Sao Paulo 1-2 Santos (P); 2026-09-19 · Serie A · Sao Paulo 1-0 Internacional (G); 2026-09-12 · Serie A · Palmeiras 2-0 Sao Paulo (P); 2026-09-05 · Serie A · Sao Paulo 2-0 Atletico-MG (G); 2026-08-29 · Serie A · Sao Paulo 2-1 RB Bragantino (G)
2026-10-07,19:30,Cruzeiro vs Sao Paulo,,Betano,Corners total -10.5,CORNERS_TOTALS UNDER.10.5,CORNERS_TOTALS:UNDER_10_5,30.7%,0.306700,3.26,,,,,,1.52,-0.53,-0.533800,-1.74,0.47,Sin cuota/EV,EV negativo Betano,Solo modelo,6,60.13,60.132000,,Betano mapeado,Baja,contexto premium torneo actual,usa promedios del contexto premium/API-Football,el volumen ofensivo puede variar por planteamiento y marcador temprano,https://www.betano.pe/cuotas-de-partido/cruzeiro-sao-paulo-sp/92517495/,torneo actual,torneo actual,28,42.0,40.0,2026-09-20 · Serie A · Vitoria 1-3 Cruzeiro (G); 2026-09-12 · Serie A · Santos 2-1 Cruzeiro (P); 2026-09-06 · Serie A · Cruzeiro 3-1 Atletico Paranaense (G); 2026-08-29 · Serie A · Vasco DA Gama 3-1 Cruzeiro (P); 2026-08-22 · Serie A · Cruzeiro 2-1 Flamengo (G),torneo actual,28,33.0,32.0,2026-10-02 · Serie A · Sao Paulo 1-2 Santos (P); 2026-09-19 · Serie A · Sao Paulo 1-0 Internacional (G); 2026-09-12 · Serie A · Palmeiras 2-0 Sao Paulo (P); 2026-09-05 · Serie A · Sao Paulo 2-0 Atletico-MG (G); 2026-08-29 · Serie A · Sao Paulo 2-1 RB Bragantino (G)
2026-10-07,19:30,Cruzeiro vs Sao Paulo,,,Tarjetas total -2.5,CARDS_TOTALS UNDER.2.5,CARDS_TOTALS:UNDER_2_5,30.3%,0.302700,3.30,,,,,,,,,,,Sin cuota/EV,No encontrado en Betano,Solo modelo,3,38.27,38.275000,,Betano mapeado,Baja,contexto premium torneo actual,usa promedios del contexto premium/API-Football,depende mucho del arbitro y del contexto competitivo,https://www.betano.pe/cuotas-de-partido/cruzeiro-sao-paulo-sp/92517495/,torneo actual,torneo actual,28,42.0,40.0,2026-09-20 · Serie A · Vitoria 1-3 Cruzeiro (G); 2026-09-12 · Serie A · Santos 2-1 Cruzeiro (P); 2026-09-06 · Serie A · Cruzeiro 3-1 Atletico Paranaense (G); 2026-08-29 · Serie A · Vasco DA Gama 3-1 Cruzeiro (P); 2026-08-22 · Serie A · Cruzeiro 2-1 Flamengo (G),torneo actual,28,33.0,32.0,2026-10-02 · Serie A · Sao Paulo 1-2 Santos (P); 2026-09-19 · Serie A · Sao Paulo 1-0 Internacional (G); 2026-09-12 · Serie A · Palmeiras 2-0 Sao Paulo (P); 2026-09-05 · Serie A · Sao Paulo 2-0 Atletico-MG (G); 2026-08-29 · Serie A · Sao Paulo 2-1 RB Bragantino (G)
2026-10-07,19:30,Cruzeiro vs Sao Paulo,,Betano,Tarjetas total +4.5,CARDS_TOTALS OVER.4.5,CARDS_TOTALS:OVER_4_5,29.4%,0.293600,3.41,,,,,,1.53,-0.55,-0.550800,-1.88,0.45,Sin cuota/EV,EV negativo Betano,Solo modelo,3,36.54,36.543000,,Betano mapeado,Baja,contexto premium torneo actual,usa promedios del contexto premium/API-Football,depende mucho del arbitro y del contexto competitivo,https://www.betano.pe/cuotas-de-partido/cruzeiro-sao-paulo-sp/92517495/,torneo actual,torneo actual,28,42.0,40.0,2026-09-20 · Serie A · Vitoria 1-3 Cruzeiro (G); 2026-09-12 · Serie A · Santos 2-1 Cruzeiro (P); 2026-09-06 · Serie A · Cruzeiro 3-1 Atletico Paranaense (G); 2026-08-29 · Serie A · Vasco DA Gama 3-1 Cruzeiro (P); 2026-08-22 · Serie A · Cruzeiro 2-1 Flamengo (G),torneo actual,28,33.0,32.0,2026-10-02 · Serie A · Sao Paulo 1-2 Santos (P); 2026-09-19 · Serie A · Sao Paulo 1-0 Internacional (G); 2026-09-12 · Serie A · Palmeiras 2-0 Sao Paulo (P); 2026-09-05 · Serie A · Sao Paulo 2-0 Atletico-MG (G); 2026-08-29 · Serie A · Sao Paulo 2-1 RB Bragantino (G)
2026-10-07,19:30,Cruzeiro vs Sao Paulo,William Hill,Betano,Goles +3.5,TOTALS OVER.3.5,TOTALS:OVER_3_5,29.3%,0.292700,3.42,13.00,2.80,2.804600,9.58,3.80,3.40,-0.00,-0.004800,-0.02,0.99,EV positivo,EV negativo Betano,Equilibrado,1,54.19,54.189000,Cuota API muy superior a la cuota justa: revisar manualmente antes de apostar,Betano mapeado,Baja,torneo actual,usa Poisson base con estadisticas de goles del torneo,un gol temprano o baja eficacia puede cambiar la lectura del mercado,https://www.betano.pe/cuotas-de-partido/cruzeiro-sao-paulo-sp/92517495/,torneo actual,torneo actual,28,42.0,40.0,2026-09-20 · Serie A · Vitoria 1-3 Cruzeiro (G); 2026-09-12 · Serie A · Santos 2-1 Cruzeiro (P); 2026-09-06 · Serie A · Cruzeiro 3-1 Atletico Paranaense (G); 2026-08-29 · Serie A · Vasco DA Gama 3-1 Cruzeiro (P); 2026-08-22 · Serie A · Cruzeiro 2-1 Flamengo (G),torneo actual,28,33.0,32.0,2026-10-02 · Serie A · Sao Paulo 1-2 Santos (P); 2026-09-19 · Serie A · Sao Paulo 1-0 Internacional (G); 2026-09-12 · Serie A · Palmeiras 2-0 Sao Paulo (P); 2026-09-05 · Serie A · Sao Paulo 2-0 Atletico-MG (G); 2026-08-29 · Serie A · Sao Paulo 2-1 RB Bragantino (G)
2026-10-07,19:30,Cruzeiro vs Sao Paulo,William Hill,Betano,1T -0.5,FIRST_HALF_TOTALS UNDER.0.5,FIRST_HALF_TOTALS:UNDER_0_5,27.3%,0.272500,3.67,2.90,-0.21,-0.209700,-0.77,0.79,2.72,-0.26,-0.258800,-0.95,0.74,EV negativo,EV negativo Betano,Evitar,5,33.34,33.338000,Cuota por debajo de la cuota justa: valor limitado,Betano mapeado,Baja,contexto premium torneo actual,usa promedios del contexto premium/API-Football,el primer tiempo puede tener ritmo bajo o rotaciones,https://www.betano.pe/cuotas-de-partido/cruzeiro-sao-paulo-sp/92517495/,torneo actual,torneo actual,28,42.0,40.0,2026-09-20 · Serie A · Vitoria 1-3 Cruzeiro (G); 2026-09-12 · Serie A · Santos 2-1 Cruzeiro (P); 2026-09-06 · Serie A · Cruzeiro 3-1 Atletico Paranaense (G); 2026-08-29 · Serie A · Vasco DA Gama 3-1 Cruzeiro (P); 2026-08-22 · Serie A · Cruzeiro 2-1 Flamengo (G),torneo actual,28,33.0,32.0,2026-10-02 · Serie A · Sao Paulo 1-2 Santos (P); 2026-09-19 · Serie A · Sao Paulo 1-0 Internacional (G); 2026-09-12 · Serie A · Palmeiras 2-0 Sao Paulo (P); 2026-09-05 · Serie A · Sao Paulo 2-0 Atletico-MG (G); 2026-08-29 · Serie A · Sao Paulo 2-1 RB Bragantino (G)
2026-10-07,19:30,Cruzeiro vs Sao Paulo,,,Visita goles -0.5,TEAM_TOTAL_AWAY UNDER.0.5,TEAM_TOTAL_AWAY:UNDER_0_5,27.2%,0.271600,3.68,,,,,,,,,,,Sin cuota/EV,No encontrado en Betano,Solo modelo,4,43.16,43.158000,,Betano mapeado,Baja,torneo actual,usa Poisson base con estadisticas de goles del torneo,un gol temprano o baja eficacia puede cambiar la lectura del mercado,https://www.betano.pe/cuotas-de-partido/cruzeiro-sao-paulo-sp/92517495/,torneo actual,torneo actual,28,42.0,40.0,2026-09-20 · Serie A · Vitoria 1-3 Cruzeiro (G); 2026-09-12 · Serie A · Santos 2-1 Cruzeiro (P); 2026-09-06 · Serie A · Cruzeiro 3-1 Atletico Paranaense (G); 2026-08-29 · Serie A · Vasco DA Gama 3-1 Cruzeiro (P); 2026-08-22 · Serie A · Cruzeiro 2-1 Flamengo (G),torneo actual,28,33.0,32.0,2026-10-02 · Serie A · Sao Paulo 1-2 Santos (P); 2026-09-19 · Serie A · Sao Paulo 1-0 Internacional (G); 2026-09-12 · Serie A · Palmeiras 2-0 Sao Paulo (P); 2026-09-05 · Serie A · Sao Paulo 2-0 Atletico-MG (G); 2026-08-29 · Serie A · Sao Paulo 2-1 RB Bragantino (G)
2026-10-07,19:30,Cruzeiro vs Sao Paulo,,,Visita corners -6.5,CORNERS_AWAY UNDER.6.5,CORNERS_AWAY:UNDER_6_5,25.6%,0.256200,3.90,,,,,,,,,,,Sin cuota/EV,No encontrado en Betano,Solo modelo,4,41.62,41.618000,,Betano mapeado,Baja,contexto premium torneo actual,usa promedios del contexto premium/API-Football,el volumen ofensivo puede variar por planteamiento y marcador temprano,https://www.betano.pe/cuotas-de-partido/cruzeiro-sao-paulo-sp/92517495/,torneo actual,torneo actual,28,42.0,40.0,2026-09-20 · Serie A · Vitoria 1-3 Cruzeiro (G); 2026-09-12 · Serie A · Santos 2-1 Cruzeiro (P); 2026-09-06 · Serie A · Cruzeiro 3-1 Atletico Paranaense (G); 2026-08-29 · Serie A · Vasco DA Gama 3-1 Cruzeiro (P); 2026-08-22 · Serie A · Cruzeiro 2-1 Flamengo (G),torneo actual,28,33.0,32.0,2026-10-02 · Serie A · Sao Paulo 1-2 Santos (P); 2026-09-19 · Serie A · Sao Paulo 1-0 Internacional (G); 2026-09-12 · Serie A · Palmeiras 2-0 Sao Paulo (P); 2026-09-05 · Serie A · Sao Paulo 2-0 Atletico-MG (G); 2026-08-29 · Serie A · Sao Paulo 2-1 RB Bragantino (G)
2026-10-07,19:30,Cruzeiro vs Sao Paulo,William Hill,Betano,Empate,1X2 DRAW,1X2:DRAW,25.6%,0.255900,3.91,2.15,-0.45,-0.449700,-1.76,0.55,3.55,-0.09,-0.091600,-0.36,0.91,EV negativo,EV negativo Betano,Evitar,7,40.03,40.032000,Cuota por debajo de la cuota justa: valor limitado,Betano mapeado,Baja,torneo actual,usa Poisson base con estadisticas de goles del torneo,riesgo propio del resultado final y variacion del modelo,https://www.betano.pe/cuotas-de-partido/cruzeiro-sao-paulo-sp/92517495/,torneo actual,torneo actual,28,42.0,40.0,2026-09-20 · Serie A · Vitoria 1-3 Cruzeiro (G); 2026-09-12 · Serie A · Santos 2-1 Cruzeiro (P); 2026-09-06 · Serie A · Cruzeiro 3-1 Atletico Paranaense (G); 2026-08-29 · Serie A · Vasco DA Gama 3-1 Cruzeiro (P); 2026-08-22 · Serie A · Cruzeiro 2-1 Flamengo (G),torneo actual,28,33.0,32.0,2026-10-02 · Serie A · Sao Paulo 1-2 Santos (P); 2026-09-19 · Serie A · Sao Paulo 1-0 Internacional (G); 2026-09-12 · Serie A · Palmeiras 2-0 Sao Paulo (P); 2026-09-05 · Serie A · Sao Paulo 2-0 Atletico-MG (G); 2026-08-29 · Serie A · Sao Paulo 2-1 RB Bragantino (G)
2026-10-07,19:30,Cruzeiro vs Sao Paulo,,,Visita tarjetas -0.5,CARDS_AWAY UNDER.0.5,CARDS_AWAY:UNDER_0_5,24.7%,0.246600,4.05,,,,,,,,,,,Sin cuota/EV,No encontrado en Betano,Solo modelo,2,27.66,27.660000,,Betano mapeado,Baja,contexto premium torneo actual,usa promedios del contexto premium/API-Football,depende mucho del arbitro y del contexto competitivo,https://www.betano.pe/cuotas-de-partido/cruzeiro-sao-paulo-sp/92517495/,torneo actual,torneo actual,28,42.0,40.0,2026-09-20 · Serie A · Vitoria 1-3 Cruzeiro (G); 2026-09-12 · Serie A · Santos 2-1 Cruzeiro (P); 2026-09-06 · Serie A · Cruzeiro 3-1 Atletico Paranaense (G); 2026-08-29 · Serie A · Vasco DA Gama 3-1 Cruzeiro (P); 2026-08-22 · Serie A · Cruzeiro 2-1 Flamengo (G),torneo actual,28,33.0,32.0,2026-10-02 · Serie A · Sao Paulo 1-2 Santos (P); 2026-09-19 · Serie A · Sao Paulo 1-0 Internacional (G); 2026-09-12 · Serie A · Palmeiras 2-0 Sao Paulo (P); 2026-09-05 · Serie A · Sao Paulo 2-0 Atletico-MG (G); 2026-08-29 · Serie A · Sao Paulo 2-1 RB Bragantino (G)
2026-10-07,19:30,Cruzeiro vs Sao Paulo,William Hill,Betano,Goles -1.5,TOTALS UNDER.1.5,TOTALS:UNDER_1_5,24.3%,0.243200,4.11,1.60,-0.61,-0.610900,-2.51,0.39,3.35,-0.19,-0.185300,-0.76,0.81,EV negativo,EV negativo Betano,Evitar,1,4.36,4.355000,Cuota por debajo de la cuota justa: valor limitado,Betano mapeado,Baja,torneo actual,usa Poisson base con estadisticas de goles del torneo,un gol temprano o baja eficacia puede cambiar la lectura del mercado,https://www.betano.pe/cuotas-de-partido/cruzeiro-sao-paulo-sp/92517495/,torneo actual,torneo actual,28,42.0,40.0,2026-09-20 · Serie A · Vitoria 1-3 Cruzeiro (G); 2026-09-12 · Serie A · Santos 2-1 Cruzeiro (P); 2026-09-06 · Serie A · Cruzeiro 3-1 Atletico Paranaense (G); 2026-08-29 · Serie A · Vasco DA Gama 3-1 Cruzeiro (P); 2026-08-22 · Serie A · Cruzeiro 2-1 Flamengo (G),torneo actual,28,33.0,32.0,2026-10-02 · Serie A · Sao Paulo 1-2 Santos (P); 2026-09-19 · Serie A · Sao Paulo 1-0 Internacional (G); 2026-09-12 · Serie A · Palmeiras 2-0 Sao Paulo (P); 2026-09-05 · Serie A · Sao Paulo 2-0 Atletico-MG (G); 2026-08-29 · Serie A · Sao Paulo 2-1 RB Bragantino (G)
2026-10-07,19:30,Cruzeiro vs Sao Paulo,,,Local goles -0.5,TEAM_TOTAL_HOME UNDER.0.5,TEAM_TOTAL_HOME:UNDER_0_5,24.0%,0.240000,4.17,,,,,,,,,,,Sin cuota/EV,No encontrado en Betano,Solo modelo,4,40.00,40.002000,,Betano mapeado,Baja,torneo actual,usa Poisson base con estadisticas de goles del torneo,un gol temprano o baja eficacia puede cambiar la lectura del mercado,https://www.betano.pe/cuotas-de-partido/cruzeiro-sao-paulo-sp/92517495/,torneo actual,torneo actual,28,42.0,40.0,2026-09-20 · Serie A · Vitoria 1-3 Cruzeiro (G); 2026-09-12 · Serie A · Santos 2-1 Cruzeiro (P); 2026-09-06 · Serie A · Cruzeiro 3-1 Atletico Paranaense (G); 2026-08-29 · Serie A · Vasco DA Gama 3-1 Cruzeiro (P); 2026-08-22 · Serie A · Cruzeiro 2-1 Flamengo (G),torneo actual,28,33.0,32.0,2026-10-02 · Serie A · Sao Paulo 1-2 Santos (P); 2026-09-19 · Serie A · Sao Paulo 1-0 Internacional (G); 2026-09-12 · Serie A · Palmeiras 2-0 Sao Paulo (P); 2026-09-05 · Serie A · Sao Paulo 2-0 Atletico-MG (G); 2026-08-29 · Serie A · Sao Paulo 2-1 RB Bragantino (G)
2026-10-07,19:30,Cruzeiro vs Sao Paulo,,,SHOTS_TOTAL UNDER.26.5,SHOTS_TOTAL UNDER.26.5,SHOTS_TOTAL:UNDER_26_5,22.3%,0.222700,4.49,,,,,,,,,,,Sin cuota/EV,No encontrado en Betano,Solo modelo,2,25.27,25.271000,,Betano mapeado,Baja,contexto premium torneo actual,usa promedios del contexto premium/API-Football,el volumen ofensivo puede variar por planteamiento y marcador temprano,https://www.betano.pe/cuotas-de-partido/cruzeiro-sao-paulo-sp/92517495/,torneo actual,torneo actual,28,42.0,40.0,2026-09-20 · Serie A · Vitoria 1-3 Cruzeiro (G); 2026-09-12 · Serie A · Santos 2-1 Cruzeiro (P); 2026-09-06 · Serie A · Cruzeiro 3-1 Atletico Paranaense (G); 2026-08-29 · Serie A · Vasco DA Gama 3-1 Cruzeiro (P); 2026-08-22 · Serie A · Cruzeiro 2-1 Flamengo (G),torneo actual,28,33.0,32.0,2026-10-02 · Serie A · Sao Paulo 1-2 Santos (P); 2026-09-19 · Serie A · Sao Paulo 1-0 Internacional (G); 2026-09-12 · Serie A · Palmeiras 2-0 Sao Paulo (P); 2026-09-05 · Serie A · Sao Paulo 2-0 Atletico-MG (G); 2026-08-29 · Serie A · Sao Paulo 2-1 RB Bragantino (G)
2026-10-07,19:30,Cruzeiro vs Sao Paulo,,Betano,Corners total -9.5,CORNERS_TOTALS UNDER.9.5,CORNERS_TOTALS:UNDER_9_5,20.9%,0.209200,4.78,,,,,,1.87,-0.61,-0.608800,-2.91,0.39,Sin cuota/EV,EV negativo Betano,Solo modelo,6,49.18,49.178000,,Betano mapeado,Baja,contexto premium torneo actual,usa promedios del contexto premium/API-Football,el volumen ofensivo puede variar por planteamiento y marcador temprano,https://www.betano.pe/cuotas-de-partido/cruzeiro-sao-paulo-sp/92517495/,torneo actual,torneo actual,28,42.0,40.0,2026-09-20 · Serie A · Vitoria 1-3 Cruzeiro (G); 2026-09-12 · Serie A · Santos 2-1 Cruzeiro (P); 2026-09-06 · Serie A · Cruzeiro 3-1 Atletico Paranaense (G); 2026-08-29 · Serie A · Vasco DA Gama 3-1 Cruzeiro (P); 2026-08-22 · Serie A · Cruzeiro 2-1 Flamengo (G),torneo actual,28,33.0,32.0,2026-10-02 · Serie A · Sao Paulo 1-2 Santos (P); 2026-09-19 · Serie A · Sao Paulo 1-0 Internacional (G); 2026-09-12 · Serie A · Palmeiras 2-0 Sao Paulo (P); 2026-09-05 · Serie A · Sao Paulo 2-0 Atletico-MG (G); 2026-08-29 · Serie A · Sao Paulo 2-1 RB Bragantino (G)
2026-10-07,19:30,Cruzeiro vs Sao Paulo,,,SHOTS_ON_TARGET_TOTAL UNDER.7.5,SHOTS_ON_TARGET_TOTAL UNDER.7.5,SHOTS_ON_TARGET_TOTAL:UNDER_7_5,20.3%,0.202700,4.93,,,,,,,,,,,Sin cuota/EV,No encontrado en Betano,Solo modelo,2,23.27,23.274000,,Betano mapeado,Baja,contexto premium torneo actual,usa promedios del contexto premium/API-Football,el volumen ofensivo puede variar por planteamiento y marcador temprano,https://www.betano.pe/cuotas-de-partido/cruzeiro-sao-paulo-sp/92517495/,torneo actual,torneo actual,28,42.0,40.0,2026-09-20 · Serie A · Vitoria 1-3 Cruzeiro (G); 2026-09-12 · Serie A · Santos 2-1 Cruzeiro (P); 2026-09-06 · Serie A · Cruzeiro 3-1 Atletico Paranaense (G); 2026-08-29 · Serie A · Vasco DA Gama 3-1 Cruzeiro (P); 2026-08-22 · Serie A · Cruzeiro 2-1 Flamengo (G),torneo actual,28,33.0,32.0,2026-10-02 · Serie A · Sao Paulo 1-2 Santos (P); 2026-09-19 · Serie A · Sao Paulo 1-0 Internacional (G); 2026-09-12 · Serie A · Palmeiras 2-0 Sao Paulo (P); 2026-09-05 · Serie A · Sao Paulo 2-0 Atletico-MG (G); 2026-08-29 · Serie A · Sao Paulo 2-1 RB Bragantino (G)
2026-10-07,19:30,Cruzeiro vs Sao Paulo,,,Local corners +5.5,CORNERS_HOME OVER.5.5,CORNERS_HOME:OVER_5_5,19.9%,0.199400,5.01,,,,,,,,,,,Sin cuota/EV,No encontrado en Betano,Solo modelo,4,35.94,35.944000,,Betano mapeado,Baja,contexto premium torneo actual,usa promedios del contexto premium/API-Football,el volumen ofensivo puede variar por planteamiento y marcador temprano,https://www.betano.pe/cuotas-de-partido/cruzeiro-sao-paulo-sp/92517495/,torneo actual,torneo actual,28,42.0,40.0,2026-09-20 · Serie A · Vitoria 1-3 Cruzeiro (G); 2026-09-12 · Serie A · Santos 2-1 Cruzeiro (P); 2026-09-06 · Serie A · Cruzeiro 3-1 Atletico Paranaense (G); 2026-08-29 · Serie A · Vasco DA Gama 3-1 Cruzeiro (P); 2026-08-22 · Serie A · Cruzeiro 2-1 Flamengo (G),torneo actual,28,33.0,32.0,2026-10-02 · Serie A · Sao Paulo 1-2 Santos (P); 2026-09-19 · Serie A · Sao Paulo 1-0 Internacional (G); 2026-09-12 · Serie A · Palmeiras 2-0 Sao Paulo (P); 2026-09-05 · Serie A · Sao Paulo 2-0 Atletico-MG (G); 2026-08-29 · Serie A · Sao Paulo 2-1 RB Bragantino (G)
2026-10-07,19:30,Cruzeiro vs Sao Paulo,,,Local tarjetas +3.5,CARDS_HOME OVER.3.5,CARDS_HOME:OVER_3_5,18.1%,0.180600,5.54,,,,,,,,,,,Sin cuota/EV,No encontrado en Betano,Solo modelo,2,21.07,21.065000,,Betano mapeado,Baja,contexto premium torneo actual,usa promedios del contexto premium/API-Football,depende mucho del arbitro y del contexto competitivo,https://www.betano.pe/cuotas-de-partido/cruzeiro-sao-paulo-sp/92517495/,torneo actual,torneo actual,28,42.0,40.0,2026-09-20 · Serie A · Vitoria 1-3 Cruzeiro (G); 2026-09-12 · Serie A · Santos 2-1 Cruzeiro (P); 2026-09-06 · Serie A · Cruzeiro 3-1 Atletico Paranaense (G); 2026-08-29 · Serie A · Vasco DA Gama 3-1 Cruzeiro (P); 2026-08-22 · Serie A · Cruzeiro 2-1 Flamengo (G),torneo actual,28,33.0,32.0,2026-10-02 · Serie A · Sao Paulo 1-2 Santos (P); 2026-09-19 · Serie A · Sao Paulo 1-0 Internacional (G); 2026-09-12 · Serie A · Palmeiras 2-0 Sao Paulo (P); 2026-09-05 · Serie A · Sao Paulo 2-0 Atletico-MG (G); 2026-08-29 · Serie A · Sao Paulo 2-1 RB Bragantino (G)
2026-10-07,19:30,Cruzeiro vs Sao Paulo,,,Local goles +2.5,TEAM_TOTAL_HOME OVER.2.5,TEAM_TOTAL_HOME:OVER_2_5,17.3%,0.173100,5.78,,,,,,,,,,,Sin cuota/EV,No encontrado en Betano,Solo modelo,4,33.31,33.308000,,Betano mapeado,Baja,torneo actual,usa Poisson base con estadisticas de goles del torneo,un gol temprano o baja eficacia puede cambiar la lectura del mercado,https://www.betano.pe/cuotas-de-partido/cruzeiro-sao-paulo-sp/92517495/,torneo actual,torneo actual,28,42.0,40.0,2026-09-20 · Serie A · Vitoria 1-3 Cruzeiro (G); 2026-09-12 · Serie A · Santos 2-1 Cruzeiro (P); 2026-09-06 · Serie A · Cruzeiro 3-1 Atletico Paranaense (G); 2026-08-29 · Serie A · Vasco DA Gama 3-1 Cruzeiro (P); 2026-08-22 · Serie A · Cruzeiro 2-1 Flamengo (G),torneo actual,28,33.0,32.0,2026-10-02 · Serie A · Sao Paulo 1-2 Santos (P); 2026-09-19 · Serie A · Sao Paulo 1-0 Internacional (G); 2026-09-12 · Serie A · Palmeiras 2-0 Sao Paulo (P); 2026-09-05 · Serie A · Sao Paulo 2-0 Atletico-MG (G); 2026-08-29 · Serie A · Sao Paulo 2-1 RB Bragantino (G)
2026-10-07,19:30,Cruzeiro vs Sao Paulo,,,Visita tarjetas +2.5,CARDS_AWAY OVER.2.5,CARDS_AWAY:OVER_2_5,16.7%,0.166500,6.01,,,,,,,,,,,Sin cuota/EV,No encontrado en Betano,Solo modelo,2,19.65,19.650000,,Betano mapeado,Baja,contexto premium torneo actual,usa promedios del contexto premium/API-Football,depende mucho del arbitro y del contexto competitivo,https://www.betano.pe/cuotas-de-partido/cruzeiro-sao-paulo-sp/92517495/,torneo actual,torneo actual,28,42.0,40.0,2026-09-20 · Serie A · Vitoria 1-3 Cruzeiro (G); 2026-09-12 · Serie A · Santos 2-1 Cruzeiro (P); 2026-09-06 · Serie A · Cruzeiro 3-1 Atletico Paranaense (G); 2026-08-29 · Serie A · Vasco DA Gama 3-1 Cruzeiro (P); 2026-08-22 · Serie A · Cruzeiro 2-1 Flamengo (G),torneo actual,28,33.0,32.0,2026-10-02 · Serie A · Sao Paulo 1-2 Santos (P); 2026-09-19 · Serie A · Sao Paulo 1-0 Internacional (G); 2026-09-12 · Serie A · Palmeiras 2-0 Sao Paulo (P); 2026-09-05 · Serie A · Sao Paulo 2-0 Atletico-MG (G); 2026-08-29 · Serie A · Sao Paulo 2-1 RB Bragantino (G)
2026-10-07,19:30,Cruzeiro vs Sao Paulo,,Betano,Tarjetas total +5.5,CARDS_TOTALS OVER.5.5,CARDS_TOTALS:OVER_5_5,15.6%,0.155900,6.42,,,,,,2.00,-0.69,-0.688200,-4.42,0.31,Sin cuota/EV,EV negativo Betano,Solo modelo,3,21.59,21.588000,,Betano mapeado,Baja,contexto premium torneo actual,usa promedios del contexto premium/API-Football,depende mucho del arbitro y del contexto competitivo,https://www.betano.pe/cuotas-de-partido/cruzeiro-sao-paulo-sp/92517495/,torneo actual,torneo actual,28,42.0,40.0,2026-09-20 · Serie A · Vitoria 1-3 Cruzeiro (G); 2026-09-12 · Serie A · Santos 2-1 Cruzeiro (P); 2026-09-06 · Serie A · Cruzeiro 3-1 Atletico Paranaense (G); 2026-08-29 · Serie A · Vasco DA Gama 3-1 Cruzeiro (P); 2026-08-22 · Serie A · Cruzeiro 2-1 Flamengo (G),torneo actual,28,33.0,32.0,2026-10-02 · Serie A · Sao Paulo 1-2 Santos (P); 2026-09-19 · Serie A · Sao Paulo 1-0 Internacional (G); 2026-09-12 · Serie A · Palmeiras 2-0 Sao Paulo (P); 2026-09-05 · Serie A · Sao Paulo 2-0 Atletico-MG (G); 2026-08-29 · Serie A · Sao Paulo 2-1 RB Bragantino (G)
2026-10-07,19:30,Cruzeiro vs Sao Paulo,,,Visita corners -5.5,CORNERS_AWAY UNDER.5.5,CORNERS_AWAY:UNDER_5_5,15.0%,0.149600,6.68,,,,,,,,,,,Sin cuota/EV,No encontrado en Betano,Solo modelo,4,30.96,30.960000,,Betano mapeado,Baja,contexto premium torneo actual,usa promedios del contexto premium/API-Football,el volumen ofensivo puede variar por planteamiento y marcador temprano,https://www.betano.pe/cuotas-de-partido/cruzeiro-sao-paulo-sp/92517495/,torneo actual,torneo actual,28,42.0,40.0,2026-09-20 · Serie A · Vitoria 1-3 Cruzeiro (G); 2026-09-12 · Serie A · Santos 2-1 Cruzeiro (P); 2026-09-06 · Serie A · Cruzeiro 3-1 Atletico Paranaense (G); 2026-08-29 · Serie A · Vasco DA Gama 3-1 Cruzeiro (P); 2026-08-22 · Serie A · Cruzeiro 2-1 Flamengo (G),torneo actual,28,33.0,32.0,2026-10-02 · Serie A · Sao Paulo 1-2 Santos (P); 2026-09-19 · Serie A · Sao Paulo 1-0 Internacional (G); 2026-09-12 · Serie A · Palmeiras 2-0 Sao Paulo (P); 2026-09-05 · Serie A · Sao Paulo 2-0 Atletico-MG (G); 2026-08-29 · Serie A · Sao Paulo 2-1 RB Bragantino (G)
2026-10-07,19:30,Cruzeiro vs Sao Paulo,,,Visita goles +2.5,TEAM_TOTAL_AWAY OVER.2.5,TEAM_TOTAL_AWAY:OVER_2_5,14.4%,0.143700,6.96,,,,,,,,,,,Sin cuota/EV,No encontrado en Betano,Solo modelo,4,30.37,30.370000,,Betano mapeado,Baja,torneo actual,usa Poisson base con estadisticas de goles del torneo,un gol temprano o baja eficacia puede cambiar la lectura del mercado,https://www.betano.pe/cuotas-de-partido/cruzeiro-sao-paulo-sp/92517495/,torneo actual,torneo actual,28,42.0,40.0,2026-09-20 · Serie A · Vitoria 1-3 Cruzeiro (G); 2026-09-12 · Serie A · Santos 2-1 Cruzeiro (P); 2026-09-06 · Serie A · Cruzeiro 3-1 Atletico Paranaense (G); 2026-08-29 · Serie A · Vasco DA Gama 3-1 Cruzeiro (P); 2026-08-22 · Serie A · Cruzeiro 2-1 Flamengo (G),torneo actual,28,33.0,32.0,2026-10-02 · Serie A · Sao Paulo 1-2 Santos (P); 2026-09-19 · Serie A · Sao Paulo 1-0 Internacional (G); 2026-09-12 · Serie A · Palmeiras 2-0 Sao Paulo (P); 2026-09-05 · Serie A · Sao Paulo 2-0 Atletico-MG (G); 2026-08-29 · Serie A · Sao Paulo 2-1 RB Bragantino (G)
2026-10-07,19:30,Cruzeiro vs Sao Paulo,,Betano,Corners total -8.5,CORNERS_TOTALS UNDER.8.5,CORNERS_TOTALS:UNDER_8_5,13.1%,0.130500,7.66,,,,,,2.45,-0.68,-0.680300,-5.21,0.32,Sin cuota/EV,EV negativo Betano,Solo modelo,6,41.05,41.053000,,Betano mapeado,Baja,contexto premium torneo actual,usa promedios del contexto premium/API-Football,el volumen ofensivo puede variar por planteamiento y marcador temprano,https://www.betano.pe/cuotas-de-partido/cruzeiro-sao-paulo-sp/92517495/,torneo actual,torneo actual,28,42.0,40.0,2026-09-20 · Serie A · Vitoria 1-3 Cruzeiro (G); 2026-09-12 · Serie A · Santos 2-1 Cruzeiro (P); 2026-09-06 · Serie A · Cruzeiro 3-1 Atletico Paranaense (G); 2026-08-29 · Serie A · Vasco DA Gama 3-1 Cruzeiro (P); 2026-08-22 · Serie A · Cruzeiro 2-1 Flamengo (G),torneo actual,28,33.0,32.0,2026-10-02 · Serie A · Sao Paulo 1-2 Santos (P); 2026-09-19 · Serie A · Sao Paulo 1-0 Internacional (G); 2026-09-12 · Serie A · Palmeiras 2-0 Sao Paulo (P); 2026-09-05 · Serie A · Sao Paulo 2-0 Atletico-MG (G); 2026-08-29 · Serie A · Sao Paulo 2-1 RB Bragantino (G)
2026-10-07,19:30,Cruzeiro vs Sao Paulo,,,SHOTS_TOTAL UNDER.24.5,SHOTS_TOTAL UNDER.24.5,SHOTS_TOTAL:UNDER_24_5,12.6%,0.125800,7.95,,,,,,,,,,,Sin cuota/EV,No encontrado en Betano,Solo modelo,2,15.58,15.584000,,Betano mapeado,Baja,contexto premium torneo actual,usa promedios del contexto premium/API-Football,el volumen ofensivo puede variar por planteamiento y marcador temprano,https://www.betano.pe/cuotas-de-partido/cruzeiro-sao-paulo-sp/92517495/,torneo actual,torneo actual,28,42.0,40.0,2026-09-20 · Serie A · Vitoria 1-3 Cruzeiro (G); 2026-09-12 · Serie A · Santos 2-1 Cruzeiro (P); 2026-09-06 · Serie A · Cruzeiro 3-1 Atletico Paranaense (G); 2026-08-29 · Serie A · Vasco DA Gama 3-1 Cruzeiro (P); 2026-08-22 · Serie A · Cruzeiro 2-1 Flamengo (G),torneo actual,28,33.0,32.0,2026-10-02 · Serie A · Sao Paulo 1-2 Santos (P); 2026-09-19 · Serie A · Sao Paulo 1-0 Internacional (G); 2026-09-12 · Serie A · Palmeiras 2-0 Sao Paulo (P); 2026-09-05 · Serie A · Sao Paulo 2-0 Atletico-MG (G); 2026-08-29 · Serie A · Sao Paulo 2-1 RB Bragantino (G)
2026-10-07,19:30,Cruzeiro vs Sao Paulo,,,SHOTS_ON_TARGET_TOTAL UNDER.6.5,SHOTS_ON_TARGET_TOTAL UNDER.6.5,SHOTS_ON_TARGET_TOTAL:UNDER_6_5,11.8%,0.118000,8.47,,,,,,,,,,,Sin cuota/EV,No encontrado en Betano,Solo modelo,2,14.80,14.803000,,Betano mapeado,Baja,contexto premium torneo actual,usa promedios del contexto premium/API-Football,el volumen ofensivo puede variar por planteamiento y marcador temprano,https://www.betano.pe/cuotas-de-partido/cruzeiro-sao-paulo-sp/92517495/,torneo actual,torneo actual,28,42.0,40.0,2026-09-20 · Serie A · Vitoria 1-3 Cruzeiro (G); 2026-09-12 · Serie A · Santos 2-1 Cruzeiro (P); 2026-09-06 · Serie A · Cruzeiro 3-1 Atletico Paranaense (G); 2026-08-29 · Serie A · Vasco DA Gama 3-1 Cruzeiro (P); 2026-08-22 · Serie A · Cruzeiro 2-1 Flamengo (G),torneo actual,28,33.0,32.0,2026-10-02 · Serie A · Sao Paulo 1-2 Santos (P); 2026-09-19 · Serie A · Sao Paulo 1-0 Internacional (G); 2026-09-12 · Serie A · Palmeiras 2-0 Sao Paulo (P); 2026-09-05 · Serie A · Sao Paulo 2-0 Atletico-MG (G); 2026-08-29 · Serie A · Sao Paulo 2-1 RB Bragantino (G)
2026-10-07,19:30,Cruzeiro vs Sao Paulo,,,Local tarjetas -0.5,CARDS_HOME UNDER.0.5,CARDS_HOME:UNDER_0_5,11.1%,0.110800,9.03,,,,,,,,,,,Sin cuota/EV,No encontrado en Betano,Solo modelo,2,14.08,14.080000,,Betano mapeado,Baja,contexto premium torneo actual,usa promedios del contexto premium/API-Football,depende mucho del arbitro y del contexto competitivo,https://www.betano.pe/cuotas-de-partido/cruzeiro-sao-paulo-sp/92517495/,torneo actual,torneo actual,28,42.0,40.0,2026-09-20 · Serie A · Vitoria 1-3 Cruzeiro (G); 2026-09-12 · Serie A · Santos 2-1 Cruzeiro (P); 2026-09-06 · Serie A · Cruzeiro 3-1 Atletico Paranaense (G); 2026-08-29 · Serie A · Vasco DA Gama 3-1 Cruzeiro (P); 2026-08-22 · Serie A · Cruzeiro 2-1 Flamengo (G),torneo actual,28,33.0,32.0,2026-10-02 · Serie A · Sao Paulo 1-2 Santos (P); 2026-09-19 · Serie A · Sao Paulo 1-0 Internacional (G); 2026-09-12 · Serie A · Palmeiras 2-0 Sao Paulo (P); 2026-09-05 · Serie A · Sao Paulo 2-0 Atletico-MG (G); 2026-08-29 · Serie A · Sao Paulo 2-1 RB Bragantino (G)
2026-10-07,19:30,Cruzeiro vs Sao Paulo,,,Local corners +6.5,CORNERS_HOME OVER.6.5,CORNERS_HOME:OVER_6_5,10.1%,0.100500,9.95,,,,,,,,,,,Sin cuota/EV,No encontrado en Betano,Solo modelo,4,26.05,26.052000,,Betano mapeado,Baja,contexto premium torneo actual,usa promedios del contexto premium/API-Football,el volumen ofensivo puede variar por planteamiento y marcador temprano,https://www.betano.pe/cuotas-de-partido/cruzeiro-sao-paulo-sp/92517495/,torneo actual,torneo actual,28,42.0,40.0,2026-09-20 · Serie A · Vitoria 1-3 Cruzeiro (G); 2026-09-12 · Serie A · Santos 2-1 Cruzeiro (P); 2026-09-06 · Serie A · Cruzeiro 3-1 Atletico Paranaense (G); 2026-08-29 · Serie A · Vasco DA Gama 3-1 Cruzeiro (P); 2026-08-22 · Serie A · Cruzeiro 2-1 Flamengo (G),torneo actual,28,33.0,32.0,2026-10-02 · Serie A · Sao Paulo 1-2 Santos (P); 2026-09-19 · Serie A · Sao Paulo 1-0 Internacional (G); 2026-09-12 · Serie A · Palmeiras 2-0 Sao Paulo (P); 2026-09-05 · Serie A · Sao Paulo 2-0 Atletico-MG (G); 2026-08-29 · Serie A · Sao Paulo 2-1 RB Bragantino (G)
2026-10-07,19:30,Cruzeiro vs Sao Paulo,,,Visita corners -4.5,CORNERS_AWAY UNDER.4.5,CORNERS_AWAY:UNDER_4_5,7.4%,0.074400,13.45,,,,,,,,,,,Sin cuota/EV,No encontrado en Betano,Solo modelo,4,23.44,23.436000,,Betano mapeado,Baja,contexto premium torneo actual,usa promedios del contexto premium/API-Football,el volumen ofensivo puede variar por planteamiento y marcador temprano,https://www.betano.pe/cuotas-de-partido/cruzeiro-sao-paulo-sp/92517495/,torneo actual,torneo actual,28,42.0,40.0,2026-09-20 · Serie A · Vitoria 1-3 Cruzeiro (G); 2026-09-12 · Serie A · Santos 2-1 Cruzeiro (P); 2026-09-06 · Serie A · Cruzeiro 3-1 Atletico Paranaense (G); 2026-08-29 · Serie A · Vasco DA Gama 3-1 Cruzeiro (P); 2026-08-22 · Serie A · Cruzeiro 2-1 Flamengo (G),torneo actual,28,33.0,32.0,2026-10-02 · Serie A · Sao Paulo 1-2 Santos (P); 2026-09-19 · Serie A · Sao Paulo 1-0 Internacional (G); 2026-09-12 · Serie A · Palmeiras 2-0 Sao Paulo (P); 2026-09-05 · Serie A · Sao Paulo 2-0 Atletico-MG (G); 2026-08-29 · Serie A · Sao Paulo 2-1 RB Bragantino (G)
2026-10-07,19:30,Cruzeiro vs Sao Paulo,,,Corners total -7.5,CORNERS_TOTALS UNDER.7.5,CORNERS_TOTALS:UNDER_7_5,7.3%,0.073400,13.62,,,,,,,,,,,Sin cuota/EV,No encontrado en Betano,Solo modelo,6,37.34,37.343000,,Betano mapeado,Baja,contexto premium torneo actual,usa promedios del contexto premium/API-Football,el volumen ofensivo puede variar por planteamiento y marcador temprano,https://www.betano.pe/cuotas-de-partido/cruzeiro-sao-paulo-sp/92517495/,torneo actual,torneo actual,28,42.0,40.0,2026-09-20 · Serie A · Vitoria 1-3 Cruzeiro (G); 2026-09-12 · Serie A · Santos 2-1 Cruzeiro (P); 2026-09-06 · Serie A · Cruzeiro 3-1 Atletico Paranaense (G); 2026-08-29 · Serie A · Vasco DA Gama 3-1 Cruzeiro (P); 2026-08-22 · Serie A · Cruzeiro 2-1 Flamengo (G),torneo actual,28,33.0,32.0,2026-10-02 · Serie A · Sao Paulo 1-2 Santos (P); 2026-09-19 · Serie A · Sao Paulo 1-0 Internacional (G); 2026-09-12 · Serie A · Palmeiras 2-0 Sao Paulo (P); 2026-09-05 · Serie A · Sao Paulo 2-0 Atletico-MG (G); 2026-08-29 · Serie A · Sao Paulo 2-1 RB Bragantino (G)
2026-10-07,19:30,Cruzeiro vs Sao Paulo,,Betano,Tarjetas total +6.5,CARDS_TOTALS OVER.6.5,CARDS_TOTALS:OVER_6_5,7.3%,0.073300,13.65,,,,,,2.72,-0.80,-0.800600,-10.93,0.20,Sin cuota/EV,EV negativo Betano,Solo modelo,3,13.33,13.327000,,Betano mapeado,Baja,contexto premium torneo actual,usa promedios del contexto premium/API-Football,depende mucho del arbitro y del contexto competitivo,https://www.betano.pe/cuotas-de-partido/cruzeiro-sao-paulo-sp/92517495/,torneo actual,torneo actual,28,42.0,40.0,2026-09-20 · Serie A · Vitoria 1-3 Cruzeiro (G); 2026-09-12 · Serie A · Santos 2-1 Cruzeiro (P); 2026-09-06 · Serie A · Cruzeiro 3-1 Atletico Paranaense (G); 2026-08-29 · Serie A · Vasco DA Gama 3-1 Cruzeiro (P); 2026-08-22 · Serie A · Cruzeiro 2-1 Flamengo (G),torneo actual,28,33.0,32.0,2026-10-02 · Serie A · Sao Paulo 1-2 Santos (P); 2026-09-19 · Serie A · Sao Paulo 1-0 Internacional (G); 2026-09-12 · Serie A · Palmeiras 2-0 Sao Paulo (P); 2026-09-05 · Serie A · Sao Paulo 2-0 Atletico-MG (G); 2026-08-29 · Serie A · Sao Paulo 2-1 RB Bragantino (G)
2026-10-07,19:30,Cruzeiro vs Sao Paulo,,,SHOTS_TOTAL UNDER.22.5,SHOTS_TOTAL UNDER.22.5,SHOTS_TOTAL:UNDER_22_5,6.2%,0.061800,16.18,,,,,,,,,,,Sin cuota/EV,No encontrado en Betano,Solo modelo,2,9.18,9.179000,,Betano mapeado,Baja,contexto premium torneo actual,usa promedios del contexto premium/API-Football,el volumen ofensivo puede variar por planteamiento y marcador temprano,https://www.betano.pe/cuotas-de-partido/cruzeiro-sao-paulo-sp/92517495/,torneo actual,torneo actual,28,42.0,40.0,2026-09-20 · Serie A · Vitoria 1-3 Cruzeiro (G); 2026-09-12 · Serie A · Santos 2-1 Cruzeiro (P); 2026-09-06 · Serie A · Cruzeiro 3-1 Atletico Paranaense (G); 2026-08-29 · Serie A · Vasco DA Gama 3-1 Cruzeiro (P); 2026-08-22 · Serie A · Cruzeiro 2-1 Flamengo (G),torneo actual,28,33.0,32.0,2026-10-02 · Serie A · Sao Paulo 1-2 Santos (P); 2026-09-19 · Serie A · Sao Paulo 1-0 Internacional (G); 2026-09-12 · Serie A · Palmeiras 2-0 Sao Paulo (P); 2026-09-05 · Serie A · Sao Paulo 2-0 Atletico-MG (G); 2026-08-29 · Serie A · Sao Paulo 2-1 RB Bragantino (G)
2026-10-07,19:30,Cruzeiro vs Sao Paulo,,,Visita tarjetas +3.5,CARDS_AWAY OVER.3.5,CARDS_AWAY:OVER_3_5,5.4%,0.053700,18.61,,,,,,,,,,,Sin cuota/EV,No encontrado en Betano,Solo modelo,2,8.37,8.373000,,Betano mapeado,Baja,contexto premium torneo actual,usa promedios del contexto premium/API-Football,depende mucho del arbitro y del contexto competitivo,https://www.betano.pe/cuotas-de-partido/cruzeiro-sao-paulo-sp/92517495/,torneo actual,torneo actual,28,42.0,40.0,2026-09-20 · Serie A · Vitoria 1-3 Cruzeiro (G); 2026-09-12 · Serie A · Santos 2-1 Cruzeiro (P); 2026-09-06 · Serie A · Cruzeiro 3-1 Atletico Paranaense (G); 2026-08-29 · Serie A · Vasco DA Gama 3-1 Cruzeiro (P); 2026-08-22 · Serie A · Cruzeiro 2-1 Flamengo (G),torneo actual,28,33.0,32.0,2026-10-02 · Serie A · Sao Paulo 1-2 Santos (P); 2026-09-19 · Serie A · Sao Paulo 1-0 Internacional (G); 2026-09-12 · Serie A · Palmeiras 2-0 Sao Paulo (P); 2026-09-05 · Serie A · Sao Paulo 2-0 Atletico-MG (G); 2026-08-29 · Serie A · Sao Paulo 2-1 RB Bragantino (G)
2026-10-07,19:30,Cruzeiro vs Sao Paulo,,,Visita corners -3.5,CORNERS_AWAY UNDER.3.5,CORNERS_AWAY:UNDER_3_5,3.0%,0.030100,33.21,,,,,,,,,,,Sin cuota/EV,No encontrado en Betano,Solo modelo,4,19.01,19.011000,,Betano mapeado,Baja,contexto premium torneo actual,usa promedios del contexto premium/API-Football,el volumen ofensivo puede variar por planteamiento y marcador temprano,https://www.betano.pe/cuotas-de-partido/cruzeiro-sao-paulo-sp/92517495/,torneo actual,torneo actual,28,42.0,40.0,2026-09-20 · Serie A · Vitoria 1-3 Cruzeiro (G); 2026-09-12 · Serie A · Santos 2-1 Cruzeiro (P); 2026-09-06 · Serie A · Cruzeiro 3-1 Atletico Paranaense (G); 2026-08-29 · Serie A · Vasco DA Gama 3-1 Cruzeiro (P); 2026-08-22 · Serie A · Cruzeiro 2-1 Flamengo (G),torneo actual,28,33.0,32.0,2026-10-02 · Serie A · Sao Paulo 1-2 Santos (P); 2026-09-19 · Serie A · Sao Paulo 1-0 Internacional (G); 2026-09-12 · Serie A · Palmeiras 2-0 Sao Paulo (P); 2026-09-05 · Serie A · Sao Paulo 2-0 Atletico-MG (G); 2026-08-29 · Serie A · Sao Paulo 2-1 RB Bragantino (G)
2026-10-07,19:30,Cruzeiro vs Sao Paulo,,,SHOTS_TOTAL UNDER.20.5,SHOTS_TOTAL UNDER.20.5,SHOTS_TOTAL:UNDER_20_5,2.6%,0.025900,38.63,,,,,,,,,,,Sin cuota/EV,No encontrado en Betano,Solo modelo,2,5.59,5.589000,,Betano mapeado,Baja,contexto premium torneo actual,usa promedios del contexto premium/API-Football,el volumen ofensivo puede variar por planteamiento y marcador temprano,https://www.betano.pe/cuotas-de-partido/cruzeiro-sao-paulo-sp/92517495/,torneo actual,torneo actual,28,42.0,40.0,2026-09-20 · Serie A · Vitoria 1-3 Cruzeiro (G); 2026-09-12 · Serie A · Santos 2-1 Cruzeiro (P); 2026-09-06 · Serie A · Cruzeiro 3-1 Atletico Paranaense (G); 2026-08-29 · Serie A · Vasco DA Gama 3-1 Cruzeiro (P); 2026-08-22 · Serie A · Cruzeiro 2-1 Flamengo (G),torneo actual,28,33.0,32.0,2026-10-02 · Serie A · Sao Paulo 1-2 Santos (P); 2026-09-19 · Serie A · Sao Paulo 1-0 Internacional (G); 2026-09-12 · Serie A · Palmeiras 2-0 Sao Paulo (P); 2026-09-05 · Serie A · Sao Paulo 2-0 Atletico-MG (G); 2026-08-29 · Serie A · Sao Paulo 2-1 RB Bragantino (G)
2026-10-07,19:30,Cruzeiro vs Sao Paulo,,,SHOTS_TOTAL UNDER.18.5,SHOTS_TOTAL UNDER.18.5,SHOTS_TOTAL:UNDER_18_5,0.9%,0.009100,110.33,,,,,,,,,,,Sin cuota/EV,No encontrado en Betano,Solo modelo,2,3.91,3.906000,,Betano mapeado,Baja,contexto premium torneo actual,usa promedios del contexto premium/API-Football,el volumen ofensivo puede variar por planteamiento y marcador temprano,https://www.betano.pe/cuotas-de-partido/cruzeiro-sao-paulo-sp/92517495/,torneo actual,torneo actual,28,42.0,40.0,2026-09-20 · Serie A · Vitoria 1-3 Cruzeiro (G); 2026-09-12 · Serie A · Santos 2-1 Cruzeiro (P); 2026-09-06 · Serie A · Cruzeiro 3-1 Atletico Paranaense (G); 2026-08-29 · Serie A · Vasco DA Gama 3-1 Cruzeiro (P); 2026-08-22 · Serie A · Cruzeiro 2-1 Flamengo (G),torneo actual,28,33.0,32.0,2026-10-02 · Serie A · Sao Paulo 1-2 Santos (P); 2026-09-19 · Serie A · Sao Paulo 1-0 Internacional (G); 2026-09-12 · Serie A · Palmeiras 2-0 Sao Paulo (P); 2026-09-05 · Serie A · Sao Paulo 2-0 Atletico-MG (G); 2026-08-29 · Serie A · Sao Paulo 2-1 RB Bragantino (G)
