fecha,hora,partido,bookmaker_api,bookmaker_betano,pick,market_original,key,probabilidad,prob_num,cuota_api,ev_api,ev_api_num,cuota_betano,ev_betano,ev_betano_num,estado_api,estado_betano,confianza,fuente,razon,riesgo,betano_url
2026-08-25,13:00,Cardiff vs Norwich,,,SHOTS_TOTAL OVER.18.5,SHOTS_TOTAL OVER.18.5,SHOTS_TOTAL:OVER_18_5,98.7%,0.987100,,,,,,,Sin cuota/EV,No encontrado en Betano,Alta,contexto premium torneo actual,usa promedios del contexto premium/API-Football,el volumen ofensivo puede variar por planteamiento y marcador temprano,
2026-08-25,13:00,Cardiff vs Norwich,,,Visita tarjetas +0.5,CARDS_AWAY OVER.0.5,CARDS_AWAY:OVER_0_5,98.2%,0.981700,,,,,,,Sin cuota/EV,No encontrado en Betano,Alta,contexto premium torneo actual,usa promedios del contexto premium/API-Football,depende mucho del arbitro y del contexto competitivo,
2026-08-25,13:00,Cardiff vs Norwich,,,Local tarjetas -3.5,CARDS_HOME UNDER.3.5,CARDS_HOME:UNDER_3_5,98.1%,0.981000,,,,,,,Sin cuota/EV,No encontrado en Betano,Alta,contexto premium torneo actual,usa promedios del contexto premium/API-Football,depende mucho del arbitro y del contexto competitivo,
2026-08-25,13:00,Cardiff vs Norwich,,,SHOTS_TOTAL OVER.20.5,SHOTS_TOTAL OVER.20.5,SHOTS_TOTAL:OVER_20_5,96.5%,0.964700,,,,,,,Sin cuota/EV,No encontrado en Betano,Alta,contexto premium torneo actual,usa promedios del contexto premium/API-Football,el volumen ofensivo puede variar por planteamiento y marcador temprano,
2026-08-25,13:00,Cardiff vs Norwich,10Bet,,Goles +1.5,TOTALS OVER.1.5,TOTALS:OVER_1_5,96.0%,0.960400,1.90,0.82,0.824800,,,,EV positivo,No encontrado en Betano,Alta,torneo actual,usa Poisson base con estadisticas de goles del torneo,un gol temprano o baja eficacia puede cambiar la lectura del mercado,
2026-08-25,13:00,Cardiff vs Norwich,10Bet,,1T +0.5,FIRST_HALF_TOTALS OVER.0.5,FIRST_HALF_TOTALS:OVER_0_5,95.0%,0.950200,1.90,0.81,0.805400,,,,EV positivo,No encontrado en Betano,Alta,contexto premium torneo actual,usa promedios del contexto premium/API-Football,el primer tiempo puede tener ritmo bajo o rotaciones,
2026-08-25,13:00,Cardiff vs Norwich,,,Visita goles +0.5,TEAM_TOTAL_AWAY OVER.0.5,TEAM_TOTAL_AWAY:OVER_0_5,94.6%,0.946000,,,,,,,Sin cuota/EV,No encontrado en Betano,Alta,torneo actual,usa Poisson base con estadisticas de goles del torneo,un gol temprano o baja eficacia puede cambiar la lectura del mercado,
2026-08-25,13:00,Cardiff vs Norwich,,,Local tarjetas -2.5,CARDS_HOME UNDER.2.5,CARDS_HOME:UNDER_2_5,92.0%,0.919700,,,,,,,Sin cuota/EV,No encontrado en Betano,Alta,contexto premium torneo actual,usa promedios del contexto premium/API-Football,depende mucho del arbitro y del contexto competitivo,
2026-08-25,13:00,Cardiff vs Norwich,,,SHOTS_TOTAL OVER.22.5,SHOTS_TOTAL OVER.22.5,SHOTS_TOTAL:OVER_22_5,91.9%,0.919400,,,,,,,Sin cuota/EV,No encontrado en Betano,Alta,contexto premium torneo actual,usa promedios del contexto premium/API-Football,el volumen ofensivo puede variar por planteamiento y marcador temprano,
2026-08-25,13:00,Cardiff vs Norwich,,,Visita tarjetas +1.5,CARDS_AWAY OVER.1.5,CARDS_AWAY:OVER_1_5,90.8%,0.908400,,,,,,,Sin cuota/EV,No encontrado en Betano,Alta,contexto premium torneo actual,usa promedios del contexto premium/API-Football,depende mucho del arbitro y del contexto competitivo,
2026-08-25,13:00,Cardiff vs Norwich,10Bet,,Goles +2.5,TOTALS OVER.2.5,TOTALS:OVER_2_5,88.4%,0.884000,3.75,2.31,2.314900,,,,EV positivo,No encontrado en Betano,Alta,torneo actual,usa Poisson base con estadisticas de goles del torneo,un gol temprano o baja eficacia puede cambiar la lectura del mercado,
2026-08-25,13:00,Cardiff vs Norwich,,,Local goles +0.5,TEAM_TOTAL_HOME OVER.0.5,TEAM_TOTAL_HOME:OVER_0_5,88.1%,0.880900,,,,,,,Sin cuota/EV,No encontrado en Betano,Alta,torneo actual,usa Poisson base con estadisticas de goles del torneo,un gol temprano o baja eficacia puede cambiar la lectura del mercado,
2026-08-25,13:00,Cardiff vs Norwich,,,Tarjetas total +2.5,CARDS_TOTALS OVER.2.5,CARDS_TOTALS:OVER_2_5,87.5%,0.875300,,,,,,,Sin cuota/EV,No encontrado en Betano,Alta,contexto premium torneo actual,usa promedios del contexto premium/API-Football,depende mucho del arbitro y del contexto competitivo,
2026-08-25,13:00,Cardiff vs Norwich,,,SHOTS_TOTAL OVER.24.5,SHOTS_TOTAL OVER.24.5,SHOTS_TOTAL:OVER_24_5,84.3%,0.842800,,,,,,,Sin cuota/EV,No encontrado en Betano,Alta,contexto premium torneo actual,usa promedios del contexto premium/API-Football,el volumen ofensivo puede variar por planteamiento y marcador temprano,
2026-08-25,13:00,Cardiff vs Norwich,10Bet,,BTTS sí,BTTS YES,BTTS:YES,83.7%,0.836900,3.70,2.10,2.096400,,,,EV positivo,No encontrado en Betano,Alta,torneo actual,usa Poisson base con estadisticas de goles del torneo,un gol temprano o baja eficacia puede cambiar la lectura del mercado,
2026-08-25,13:00,Cardiff vs Norwich,,,Local corners -6.5,CORNERS_HOME UNDER.6.5,CORNERS_HOME:UNDER_6_5,83.1%,0.831100,,,,,,,Sin cuota/EV,No encontrado en Betano,Alta,contexto premium torneo actual,usa promedios del contexto premium/API-Football,el volumen ofensivo puede variar por planteamiento y marcador temprano,
2026-08-25,13:00,Cardiff vs Norwich,,,DOUBLE_CHANCE 12,DOUBLE_CHANCE 12,DOUBLE_CHANCE:12,83.0%,0.829600,,,,,,,Sin cuota/EV,No encontrado en Betano,Alta,torneo actual,usa Poisson base con estadisticas de goles del torneo,riesgo propio del resultado final y variacion del modelo,
2026-08-25,13:00,Cardiff vs Norwich,10Bet,,1T +1.5,FIRST_HALF_TOTALS OVER.1.5,FIRST_HALF_TOTALS:OVER_1_5,80.1%,0.800900,5.50,3.40,3.404700,,,,EV positivo,No encontrado en Betano,Alta,contexto premium torneo actual,usa promedios del contexto premium/API-Football,el primer tiempo puede tener ritmo bajo o rotaciones,
2026-08-25,13:00,Cardiff vs Norwich,,,Visita goles +1.5,TEAM_TOTAL_AWAY OVER.1.5,TEAM_TOTAL_AWAY:OVER_1_5,79.7%,0.796700,,,,,,,Sin cuota/EV,No encontrado en Betano,Alta,torneo actual,usa Poisson base con estadisticas de goles del torneo,un gol temprano o baja eficacia puede cambiar la lectura del mercado,
2026-08-25,13:00,Cardiff vs Norwich,,,Visita corners -6.5,CORNERS_AWAY UNDER.6.5,CORNERS_AWAY:UNDER_6_5,76.2%,0.762200,,,,,,,Sin cuota/EV,No encontrado en Betano,Alta,contexto premium torneo actual,usa promedios del contexto premium/API-Football,el volumen ofensivo puede variar por planteamiento y marcador temprano,
2026-08-25,13:00,Cardiff vs Norwich,,,Tarjetas total -6.5,CARDS_TOTALS UNDER.6.5,CARDS_TOTALS:UNDER_6_5,76.2%,0.762200,,,,,,,Sin cuota/EV,No encontrado en Betano,Alta,contexto premium torneo actual,usa promedios del contexto premium/API-Football,depende mucho del arbitro y del contexto competitivo,
2026-08-25,13:00,Cardiff vs Norwich,,,Visita tarjetas +2.5,CARDS_AWAY OVER.2.5,CARDS_AWAY:OVER_2_5,76.2%,0.761900,,,,,,,Sin cuota/EV,No encontrado en Betano,Alta,contexto premium torneo actual,usa promedios del contexto premium/API-Football,depende mucho del arbitro y del contexto competitivo,
2026-08-25,13:00,Cardiff vs Norwich,10Bet,,Goles +3.5,TOTALS OVER.3.5,TOTALS:OVER_3_5,75.2%,0.752500,2.80,1.11,1.107000,,,,EV positivo,No encontrado en Betano,Alta,torneo actual,usa Poisson base con estadisticas de goles del torneo,un gol temprano o baja eficacia puede cambiar la lectura del mercado,
2026-08-25,13:00,Cardiff vs Norwich,,,Corners total -11.5,CORNERS_TOTALS UNDER.11.5,CORNERS_TOTALS:UNDER_11_5,75.2%,0.752000,,,,,,,Sin cuota/EV,No encontrado en Betano,Alta,contexto premium torneo actual,usa promedios del contexto premium/API-Football,el volumen ofensivo puede variar por planteamiento y marcador temprano,
2026-08-25,13:00,Cardiff vs Norwich,,,SHOTS_ON_TARGET_TOTAL OVER.6.5,SHOTS_ON_TARGET_TOTAL OVER.6.5,SHOTS_ON_TARGET_TOTAL:OVER_6_5,74.4%,0.743800,,,,,,,Sin cuota/EV,No encontrado en Betano,Alta,contexto premium torneo actual,usa promedios del contexto premium/API-Football,el volumen ofensivo puede variar por planteamiento y marcador temprano,
2026-08-25,13:00,Cardiff vs Norwich,,,Local tarjetas -1.5,CARDS_HOME UNDER.1.5,CARDS_HOME:UNDER_1_5,73.6%,0.735800,,,,,,,Sin cuota/EV,No encontrado en Betano,Alta,contexto premium torneo actual,usa promedios del contexto premium/API-Football,depende mucho del arbitro y del contexto competitivo,
2026-08-25,13:00,Cardiff vs Norwich,,,Visita corners +3.5,CORNERS_AWAY OVER.3.5,CORNERS_AWAY:OVER_3_5,73.5%,0.735000,,,,,,,Sin cuota/EV,No encontrado en Betano,Alta,contexto premium torneo actual,usa promedios del contexto premium/API-Football,el volumen ofensivo puede variar por planteamiento y marcador temprano,
2026-08-25,13:00,Cardiff vs Norwich,,,Tarjetas total +3.5,CARDS_TOTALS OVER.3.5,CARDS_TOTALS:OVER_3_5,73.5%,0.735000,,,,,,,Sin cuota/EV,No encontrado en Betano,Alta,contexto premium torneo actual,usa promedios del contexto premium/API-Football,depende mucho del arbitro y del contexto competitivo,
2026-08-25,13:00,Cardiff vs Norwich,,,SHOTS_TOTAL OVER.26.5,SHOTS_TOTAL OVER.26.5,SHOTS_TOTAL:OVER_26_5,73.3%,0.732700,,,,,,,Sin cuota/EV,No encontrado en Betano,Alta,contexto premium torneo actual,usa promedios del contexto premium/API-Football,el volumen ofensivo puede variar por planteamiento y marcador temprano,
2026-08-25,13:00,Cardiff vs Norwich,,,Corners total +7.5,CORNERS_TOTALS OVER.7.5,CORNERS_TOTALS:OVER_7_5,73.1%,0.731300,,,,,,,Sin cuota/EV,No encontrado en Betano,Alta,contexto premium torneo actual,usa promedios del contexto premium/API-Football,el volumen ofensivo puede variar por planteamiento y marcador temprano,
2026-08-25,13:00,Cardiff vs Norwich,,,DOUBLE_CHANCE X2,DOUBLE_CHANCE X2,DOUBLE_CHANCE:X2,72.5%,0.725300,,,,,,,Sin cuota/EV,No encontrado en Betano,Alta,torneo actual,usa Poisson base con estadisticas de goles del torneo,riesgo propio del resultado final y variacion del modelo,
2026-08-25,13:00,Cardiff vs Norwich,,,Local corners -5.5,CORNERS_HOME UNDER.5.5,CORNERS_HOME:UNDER_5_5,70.3%,0.702900,,,,,,,Sin cuota/EV,No encontrado en Betano,Alta,contexto premium torneo actual,usa promedios del contexto premium/API-Football,el volumen ofensivo puede variar por planteamiento y marcador temprano,
2026-08-25,13:00,Cardiff vs Norwich,10Bet,,DNB visita,DRAW_NO_BET AWAY,DRAW_NO_BET:AWAY,66.9%,0.668800,1.80,0.20,0.203900,,,,EV positivo,No encontrado en Betano,Media,torneo actual,usa Poisson base con estadisticas de goles del torneo,riesgo propio del resultado final y variacion del modelo,
2026-08-25,13:00,Cardiff vs Norwich,,,Local corners +3.5,CORNERS_HOME OVER.3.5,CORNERS_HOME:OVER_3_5,65.8%,0.657700,,,,,,,Sin cuota/EV,No encontrado en Betano,Media,contexto premium torneo actual,usa promedios del contexto premium/API-Football,el volumen ofensivo puede variar por planteamiento y marcador temprano,
2026-08-25,13:00,Cardiff vs Norwich,,,SHOTS_ON_TARGET_TOTAL UNDER.9.5,SHOTS_ON_TARGET_TOTAL UNDER.9.5,SHOTS_ON_TARGET_TOTAL:UNDER_9_5,65.3%,0.653000,,,,,,,Sin cuota/EV,No encontrado en Betano,Media,contexto premium torneo actual,usa promedios del contexto premium/API-Football,el volumen ofensivo puede variar por planteamiento y marcador temprano,
2026-08-25,13:00,Cardiff vs Norwich,,,Corners total -10.5,CORNERS_TOTALS UNDER.10.5,CORNERS_TOTALS:UNDER_10_5,64.5%,0.645300,,,,,,,Sin cuota/EV,No encontrado en Betano,Media,contexto premium torneo actual,usa promedios del contexto premium/API-Football,el volumen ofensivo puede variar por planteamiento y marcador temprano,
2026-08-25,13:00,Cardiff vs Norwich,,,Local goles -2.5,TEAM_TOTAL_HOME UNDER.2.5,TEAM_TOTAL_HOME:UNDER_2_5,63.5%,0.635300,,,,,,,Sin cuota/EV,No encontrado en Betano,Media,torneo actual,usa Poisson base con estadisticas de goles del torneo,un gol temprano o baja eficacia puede cambiar la lectura del mercado,
2026-08-25,13:00,Cardiff vs Norwich,,,Local goles +1.5,TEAM_TOTAL_HOME OVER.1.5,TEAM_TOTAL_HOME:OVER_1_5,63.3%,0.632700,,,,,,,Sin cuota/EV,No encontrado en Betano,Media,torneo actual,usa Poisson base con estadisticas de goles del torneo,un gol temprano o baja eficacia puede cambiar la lectura del mercado,
2026-08-25,13:00,Cardiff vs Norwich,,,Local tarjetas +0.5,CARDS_HOME OVER.0.5,CARDS_HOME:OVER_0_5,63.2%,0.632100,,,,,,,Sin cuota/EV,No encontrado en Betano,Media,contexto premium torneo actual,usa promedios del contexto premium/API-Football,depende mucho del arbitro y del contexto competitivo,
2026-08-25,13:00,Cardiff vs Norwich,,,Visita corners -5.5,CORNERS_AWAY UNDER.5.5,CORNERS_AWAY:UNDER_5_5,61.6%,0.616000,,,,,,,Sin cuota/EV,No encontrado en Betano,Media,contexto premium torneo actual,usa promedios del contexto premium/API-Football,el volumen ofensivo puede variar por planteamiento y marcador temprano,
2026-08-25,13:00,Cardiff vs Norwich,,,Tarjetas total -5.5,CARDS_TOTALS UNDER.5.5,CARDS_TOTALS:UNDER_5_5,61.6%,0.616000,,,,,,,Sin cuota/EV,No encontrado en Betano,Media,contexto premium torneo actual,usa promedios del contexto premium/API-Football,depende mucho del arbitro y del contexto competitivo,
2026-08-25,13:00,Cardiff vs Norwich,,,SHOTS_ON_TARGET_TOTAL OVER.7.5,SHOTS_ON_TARGET_TOTAL OVER.7.5,SHOTS_ON_TARGET_TOTAL:OVER_7_5,61.4%,0.614400,,,,,,,Sin cuota/EV,No encontrado en Betano,Media,contexto premium torneo actual,usa promedios del contexto premium/API-Football,el volumen ofensivo puede variar por planteamiento y marcador temprano,
2026-08-25,13:00,Cardiff vs Norwich,,,Corners total +8.5,CORNERS_TOTALS OVER.8.5,CORNERS_TOTALS:OVER_8_5,60.8%,0.608200,,,,,,,Sin cuota/EV,No encontrado en Betano,Media,contexto premium torneo actual,usa promedios del contexto premium/API-Football,el volumen ofensivo puede variar por planteamiento y marcador temprano,
2026-08-25,13:00,Cardiff vs Norwich,,,Visita goles +2.5,TEAM_TOTAL_AWAY OVER.2.5,TEAM_TOTAL_AWAY:OVER_2_5,57.3%,0.572800,,,,,,,Sin cuota/EV,No encontrado en Betano,Media,torneo actual,usa Poisson base con estadisticas de goles del torneo,un gol temprano o baja eficacia puede cambiar la lectura del mercado,
2026-08-25,13:00,Cardiff vs Norwich,,,Visita tarjetas +3.5,CARDS_AWAY OVER.3.5,CARDS_AWAY:OVER_3_5,56.6%,0.566500,,,,,,,Sin cuota/EV,No encontrado en Betano,Media,contexto premium torneo actual,usa promedios del contexto premium/API-Football,depende mucho del arbitro y del contexto competitivo,
2026-08-25,13:00,Cardiff vs Norwich,10Bet,,Visita corners +4.5,CORNERS_AWAY OVER.4.5,CORNERS_AWAY:OVER_4_5,56.0%,0.559500,1.65,-0.08,-0.076800,,,,EV negativo,No encontrado en Betano,Media,contexto premium torneo actual,usa promedios del contexto premium/API-Football,el volumen ofensivo puede variar por planteamiento y marcador temprano,
2026-08-25,13:00,Cardiff vs Norwich,,,Tarjetas total +4.5,CARDS_TOTALS OVER.4.5,CARDS_TOTALS:OVER_4_5,56.0%,0.559500,,,,,,,Sin cuota/EV,No encontrado en Betano,Media,contexto premium torneo actual,usa promedios del contexto premium/API-Football,depende mucho del arbitro y del contexto competitivo,
2026-08-25,13:00,Cardiff vs Norwich,10Bet,,Gana visita,1X2 AWAY,1X2:AWAY,55.5%,0.554900,3.70,1.05,1.052900,,,,EV positivo,No encontrado en Betano,Media,torneo actual,usa Poisson base con estadisticas de goles del torneo,riesgo propio del resultado final y variacion del modelo,
2026-08-25,13:00,Cardiff vs Norwich,10Bet,,Local corners -4.5,CORNERS_HOME UNDER.4.5,CORNERS_HOME:UNDER_4_5,53.2%,0.532100,1.90,0.01,0.011000,,,,EV negativo,No encontrado en Betano,Baja,contexto premium torneo actual,usa promedios del contexto premium/API-Football,el volumen ofensivo puede variar por planteamiento y marcador temprano,
2026-08-25,13:00,Cardiff vs Norwich,,,SHOTS_ON_TARGET_TOTAL UNDER.8.5,SHOTS_ON_TARGET_TOTAL UNDER.8.5,SHOTS_ON_TARGET_TOTAL:UNDER_8_5,52.3%,0.523100,,,,,,,Sin cuota/EV,No encontrado en Betano,Baja,contexto premium torneo actual,usa promedios del contexto premium/API-Football,el volumen ofensivo puede variar por planteamiento y marcador temprano,
2026-08-25,13:00,Cardiff vs Norwich,10Bet,,Corners total -9.5,CORNERS_TOTALS UNDER.9.5,CORNERS_TOTALS:UNDER_9_5,52.2%,0.521800,1.95,0.02,0.017600,,,,EV negativo,No encontrado en Betano,Baja,contexto premium torneo actual,usa promedios del contexto premium/API-Football,el volumen ofensivo puede variar por planteamiento y marcador temprano,
2026-08-25,13:00,Cardiff vs Norwich,10Bet,,Corners total +9.5,CORNERS_TOTALS OVER.9.5,CORNERS_TOTALS:OVER_9_5,47.8%,0.478200,1.77,-0.15,-0.153600,,,,EV negativo,No encontrado en Betano,Baja,contexto premium torneo actual,usa promedios del contexto premium/API-Football,el volumen ofensivo puede variar por planteamiento y marcador temprano,
2026-08-25,13:00,Cardiff vs Norwich,,,SHOTS_ON_TARGET_TOTAL OVER.8.5,SHOTS_ON_TARGET_TOTAL OVER.8.5,SHOTS_ON_TARGET_TOTAL:OVER_8_5,47.7%,0.476900,,,,,,,Sin cuota/EV,No encontrado en Betano,Baja,contexto premium torneo actual,usa promedios del contexto premium/API-Football,el volumen ofensivo puede variar por planteamiento y marcador temprano,
2026-08-25,13:00,Cardiff vs Norwich,10Bet,,Local corners +4.5,CORNERS_HOME OVER.4.5,CORNERS_HOME:OVER_4_5,46.8%,0.467900,1.70,-0.20,-0.204600,,,,EV negativo,No encontrado en Betano,Baja,contexto premium torneo actual,usa promedios del contexto premium/API-Football,el volumen ofensivo puede variar por planteamiento y marcador temprano,
2026-08-25,13:00,Cardiff vs Norwich,,,DOUBLE_CHANCE 1X,DOUBLE_CHANCE 1X,DOUBLE_CHANCE:1X,44.5%,0.445100,,,,,,,Sin cuota/EV,No encontrado en Betano,Baja,torneo actual,usa Poisson base con estadisticas de goles del torneo,riesgo propio del resultado final y variacion del modelo,
2026-08-25,13:00,Cardiff vs Norwich,10Bet,,Visita corners -4.5,CORNERS_AWAY UNDER.4.5,CORNERS_AWAY:UNDER_4_5,44.0%,0.440500,1.95,-0.14,-0.141000,,,,EV negativo,No encontrado en Betano,Baja,contexto premium torneo actual,usa promedios del contexto premium/API-Football,el volumen ofensivo puede variar por planteamiento y marcador temprano,
2026-08-25,13:00,Cardiff vs Norwich,,,Tarjetas total -4.5,CARDS_TOTALS UNDER.4.5,CARDS_TOTALS:UNDER_4_5,44.0%,0.440500,,,,,,,Sin cuota/EV,No encontrado en Betano,Baja,contexto premium torneo actual,usa promedios del contexto premium/API-Football,depende mucho del arbitro y del contexto competitivo,
2026-08-25,13:00,Cardiff vs Norwich,,,Visita tarjetas -3.5,CARDS_AWAY UNDER.3.5,CARDS_AWAY:UNDER_3_5,43.4%,0.433500,,,,,,,Sin cuota/EV,No encontrado en Betano,Baja,contexto premium torneo actual,usa promedios del contexto premium/API-Football,depende mucho del arbitro y del contexto competitivo,
2026-08-25,13:00,Cardiff vs Norwich,,,Visita goles -2.5,TEAM_TOTAL_AWAY UNDER.2.5,TEAM_TOTAL_AWAY:UNDER_2_5,42.7%,0.427200,,,,,,,Sin cuota/EV,No encontrado en Betano,Baja,torneo actual,usa Poisson base con estadisticas de goles del torneo,un gol temprano o baja eficacia puede cambiar la lectura del mercado,
2026-08-25,13:00,Cardiff vs Norwich,,,Corners total -8.5,CORNERS_TOTALS UNDER.8.5,CORNERS_TOTALS:UNDER_8_5,39.2%,0.391800,,,,,,,Sin cuota/EV,No encontrado en Betano,Baja,contexto premium torneo actual,usa promedios del contexto premium/API-Football,el volumen ofensivo puede variar por planteamiento y marcador temprano,
2026-08-25,13:00,Cardiff vs Norwich,,,SHOTS_ON_TARGET_TOTAL UNDER.7.5,SHOTS_ON_TARGET_TOTAL UNDER.7.5,SHOTS_ON_TARGET_TOTAL:UNDER_7_5,38.6%,0.385600,,,,,,,Sin cuota/EV,No encontrado en Betano,Baja,contexto premium torneo actual,usa promedios del contexto premium/API-Football,el volumen ofensivo puede variar por planteamiento y marcador temprano,
2026-08-25,13:00,Cardiff vs Norwich,,,Visita corners +5.5,CORNERS_AWAY OVER.5.5,CORNERS_AWAY:OVER_5_5,38.4%,0.384000,,,,,,,Sin cuota/EV,No encontrado en Betano,Baja,contexto premium torneo actual,usa promedios del contexto premium/API-Football,el volumen ofensivo puede variar por planteamiento y marcador temprano,
2026-08-25,13:00,Cardiff vs Norwich,,,Tarjetas total +5.5,CARDS_TOTALS OVER.5.5,CARDS_TOTALS:OVER_5_5,38.4%,0.384000,,,,,,,Sin cuota/EV,No encontrado en Betano,Baja,contexto premium torneo actual,usa promedios del contexto premium/API-Football,depende mucho del arbitro y del contexto competitivo,
2026-08-25,13:00,Cardiff vs Norwich,,,Local tarjetas -0.5,CARDS_HOME UNDER.0.5,CARDS_HOME:UNDER_0_5,36.8%,0.367900,,,,,,,Sin cuota/EV,No encontrado en Betano,Baja,contexto premium torneo actual,usa promedios del contexto premium/API-Football,depende mucho del arbitro y del contexto competitivo,
2026-08-25,13:00,Cardiff vs Norwich,,,Local goles -1.5,TEAM_TOTAL_HOME UNDER.1.5,TEAM_TOTAL_HOME:UNDER_1_5,36.7%,0.367300,,,,,,,Sin cuota/EV,No encontrado en Betano,Baja,torneo actual,usa Poisson base con estadisticas de goles del torneo,un gol temprano o baja eficacia puede cambiar la lectura del mercado,
2026-08-25,13:00,Cardiff vs Norwich,,,Local goles +2.5,TEAM_TOTAL_HOME OVER.2.5,TEAM_TOTAL_HOME:OVER_2_5,36.5%,0.364700,,,,,,,Sin cuota/EV,No encontrado en Betano,Baja,torneo actual,usa Poisson base con estadisticas de goles del torneo,un gol temprano o baja eficacia puede cambiar la lectura del mercado,
2026-08-25,13:00,Cardiff vs Norwich,,,Corners total +10.5,CORNERS_TOTALS OVER.10.5,CORNERS_TOTALS:OVER_10_5,35.5%,0.354700,,,,,,,Sin cuota/EV,No encontrado en Betano,Baja,contexto premium torneo actual,usa promedios del contexto premium/API-Football,el volumen ofensivo puede variar por planteamiento y marcador temprano,
2026-08-25,13:00,Cardiff vs Norwich,,,SHOTS_ON_TARGET_TOTAL OVER.9.5,SHOTS_ON_TARGET_TOTAL OVER.9.5,SHOTS_ON_TARGET_TOTAL:OVER_9_5,34.7%,0.347000,,,,,,,Sin cuota/EV,No encontrado en Betano,Baja,contexto premium torneo actual,usa promedios del contexto premium/API-Football,el volumen ofensivo puede variar por planteamiento y marcador temprano,
2026-08-25,13:00,Cardiff vs Norwich,,,Local corners -3.5,CORNERS_HOME UNDER.3.5,CORNERS_HOME:UNDER_3_5,34.2%,0.342300,,,,,,,Sin cuota/EV,No encontrado en Betano,Baja,contexto premium torneo actual,usa promedios del contexto premium/API-Football,el volumen ofensivo puede variar por planteamiento y marcador temprano,
2026-08-25,13:00,Cardiff vs Norwich,10Bet,,DNB local,DRAW_NO_BET HOME,DRAW_NO_BET:HOME,33.1%,0.331200,1.91,-0.37,-0.367500,,,,EV negativo,No encontrado en Betano,Baja,torneo actual,usa Poisson base con estadisticas de goles del torneo,riesgo propio del resultado final y variacion del modelo,
2026-08-25,13:00,Cardiff vs Norwich,,,Local corners +5.5,CORNERS_HOME OVER.5.5,CORNERS_HOME:OVER_5_5,29.7%,0.297100,,,,,,,Sin cuota/EV,No encontrado en Betano,Baja,contexto premium torneo actual,usa promedios del contexto premium/API-Football,el volumen ofensivo puede variar por planteamiento y marcador temprano,
2026-08-25,13:00,Cardiff vs Norwich,10Bet,,Gana local,1X2 HOME,1X2:HOME,27.5%,0.274700,4.00,0.10,0.099000,,,,EV positivo,No encontrado en Betano,Baja,torneo actual,usa Poisson base con estadisticas de goles del torneo,riesgo propio del resultado final y variacion del modelo,
2026-08-25,13:00,Cardiff vs Norwich,,,Corners total -7.5,CORNERS_TOTALS UNDER.7.5,CORNERS_TOTALS:UNDER_7_5,26.9%,0.268700,,,,,,,Sin cuota/EV,No encontrado en Betano,Baja,contexto premium torneo actual,usa promedios del contexto premium/API-Football,el volumen ofensivo puede variar por planteamiento y marcador temprano,
2026-08-25,13:00,Cardiff vs Norwich,,,SHOTS_TOTAL UNDER.26.5,SHOTS_TOTAL UNDER.26.5,SHOTS_TOTAL:UNDER_26_5,26.7%,0.267300,,,,,,,Sin cuota/EV,No encontrado en Betano,Baja,contexto premium torneo actual,usa promedios del contexto premium/API-Football,el volumen ofensivo puede variar por planteamiento y marcador temprano,
2026-08-25,13:00,Cardiff vs Norwich,,,Visita corners -3.5,CORNERS_AWAY UNDER.3.5,CORNERS_AWAY:UNDER_3_5,26.5%,0.265000,,,,,,,Sin cuota/EV,No encontrado en Betano,Baja,contexto premium torneo actual,usa promedios del contexto premium/API-Football,el volumen ofensivo puede variar por planteamiento y marcador temprano,
2026-08-25,13:00,Cardiff vs Norwich,,,Tarjetas total -3.5,CARDS_TOTALS UNDER.3.5,CARDS_TOTALS:UNDER_3_5,26.5%,0.265000,,,,,,,Sin cuota/EV,No encontrado en Betano,Baja,contexto premium torneo actual,usa promedios del contexto premium/API-Football,depende mucho del arbitro y del contexto competitivo,
2026-08-25,13:00,Cardiff vs Norwich,,,Local tarjetas +1.5,CARDS_HOME OVER.1.5,CARDS_HOME:OVER_1_5,26.4%,0.264200,,,,,,,Sin cuota/EV,No encontrado en Betano,Baja,contexto premium torneo actual,usa promedios del contexto premium/API-Football,depende mucho del arbitro y del contexto competitivo,
2026-08-25,13:00,Cardiff vs Norwich,,,SHOTS_ON_TARGET_TOTAL UNDER.6.5,SHOTS_ON_TARGET_TOTAL UNDER.6.5,SHOTS_ON_TARGET_TOTAL:UNDER_6_5,25.6%,0.256200,,,,,,,Sin cuota/EV,No encontrado en Betano,Baja,contexto premium torneo actual,usa promedios del contexto premium/API-Football,el volumen ofensivo puede variar por planteamiento y marcador temprano,
2026-08-25,13:00,Cardiff vs Norwich,,,Corners total +11.5,CORNERS_TOTALS OVER.11.5,CORNERS_TOTALS:OVER_11_5,24.8%,0.248000,,,,,,,Sin cuota/EV,No encontrado en Betano,Baja,contexto premium torneo actual,usa promedios del contexto premium/API-Football,el volumen ofensivo puede variar por planteamiento y marcador temprano,
2026-08-25,13:00,Cardiff vs Norwich,10Bet,,Goles -3.5,TOTALS UNDER.3.5,TOTALS:UNDER_3_5,24.8%,0.247500,1.42,-0.65,-0.648600,,,,EV negativo,No encontrado en Betano,Baja,torneo actual,usa Poisson base con estadisticas de goles del torneo,un gol temprano o baja eficacia puede cambiar la lectura del mercado,
2026-08-25,13:00,Cardiff vs Norwich,,,Visita tarjetas -2.5,CARDS_AWAY UNDER.2.5,CARDS_AWAY:UNDER_2_5,23.8%,0.238100,,,,,,,Sin cuota/EV,No encontrado en Betano,Baja,contexto premium torneo actual,usa promedios del contexto premium/API-Football,depende mucho del arbitro y del contexto competitivo,
2026-08-25,13:00,Cardiff vs Norwich,,,Visita corners +6.5,CORNERS_AWAY OVER.6.5,CORNERS_AWAY:OVER_6_5,23.8%,0.237800,,,,,,,Sin cuota/EV,No encontrado en Betano,Baja,contexto premium torneo actual,usa promedios del contexto premium/API-Football,el volumen ofensivo puede variar por planteamiento y marcador temprano,
2026-08-25,13:00,Cardiff vs Norwich,,,Tarjetas total +6.5,CARDS_TOTALS OVER.6.5,CARDS_TOTALS:OVER_6_5,23.8%,0.237800,,,,,,,Sin cuota/EV,No encontrado en Betano,Baja,contexto premium torneo actual,usa promedios del contexto premium/API-Football,depende mucho del arbitro y del contexto competitivo,
2026-08-25,13:00,Cardiff vs Norwich,,,Visita goles -1.5,TEAM_TOTAL_AWAY UNDER.1.5,TEAM_TOTAL_AWAY:UNDER_1_5,20.3%,0.203300,,,,,,,Sin cuota/EV,No encontrado en Betano,Baja,torneo actual,usa Poisson base con estadisticas de goles del torneo,un gol temprano o baja eficacia puede cambiar la lectura del mercado,
2026-08-25,13:00,Cardiff vs Norwich,10Bet,,1T -1.5,FIRST_HALF_TOTALS UNDER.1.5,FIRST_HALF_TOTALS:UNDER_1_5,19.9%,0.199100,1.11,-0.78,-0.778900,,,,EV negativo,No encontrado en Betano,Baja,contexto premium torneo actual,usa promedios del contexto premium/API-Football,el primer tiempo puede tener ritmo bajo o rotaciones,
2026-08-25,13:00,Cardiff vs Norwich,10Bet,,Empate,1X2 DRAW,1X2:DRAW,17.0%,0.170400,1.77,-0.70,-0.698400,,,,EV negativo,No encontrado en Betano,Baja,torneo actual,usa Poisson base con estadisticas de goles del torneo,riesgo propio del resultado final y variacion del modelo,
2026-08-25,13:00,Cardiff vs Norwich,,,Local corners +6.5,CORNERS_HOME OVER.6.5,CORNERS_HOME:OVER_6_5,16.9%,0.168900,,,,,,,Sin cuota/EV,No encontrado en Betano,Baja,contexto premium torneo actual,usa promedios del contexto premium/API-Football,el volumen ofensivo puede variar por planteamiento y marcador temprano,
2026-08-25,13:00,Cardiff vs Norwich,10Bet,,BTTS no,BTTS NO,BTTS:NO,16.3%,0.163100,1.22,-0.80,-0.801000,,,,EV negativo,No encontrado en Betano,Baja,torneo actual,usa Poisson base con estadisticas de goles del torneo,un gol temprano o baja eficacia puede cambiar la lectura del mercado,
2026-08-25,13:00,Cardiff vs Norwich,,,SHOTS_TOTAL UNDER.24.5,SHOTS_TOTAL UNDER.24.5,SHOTS_TOTAL:UNDER_24_5,15.7%,0.157200,,,,,,,Sin cuota/EV,No encontrado en Betano,Baja,contexto premium torneo actual,usa promedios del contexto premium/API-Football,el volumen ofensivo puede variar por planteamiento y marcador temprano,
2026-08-25,13:00,Cardiff vs Norwich,,,Tarjetas total -2.5,CARDS_TOTALS UNDER.2.5,CARDS_TOTALS:UNDER_2_5,12.5%,0.124700,,,,,,,Sin cuota/EV,No encontrado en Betano,Baja,contexto premium torneo actual,usa promedios del contexto premium/API-Football,depende mucho del arbitro y del contexto competitivo,
2026-08-25,13:00,Cardiff vs Norwich,,,Local goles -0.5,TEAM_TOTAL_HOME UNDER.0.5,TEAM_TOTAL_HOME:UNDER_0_5,11.9%,0.119100,,,,,,,Sin cuota/EV,No encontrado en Betano,Baja,torneo actual,usa Poisson base con estadisticas de goles del torneo,un gol temprano o baja eficacia puede cambiar la lectura del mercado,
2026-08-25,13:00,Cardiff vs Norwich,10Bet,,Goles -2.5,TOTALS UNDER.2.5,TOTALS:UNDER_2_5,11.6%,0.116000,1.22,-0.86,-0.858500,,,,EV negativo,No encontrado en Betano,Baja,torneo actual,usa Poisson base con estadisticas de goles del torneo,un gol temprano o baja eficacia puede cambiar la lectura del mercado,
2026-08-25,13:00,Cardiff vs Norwich,,,Visita tarjetas -1.5,CARDS_AWAY UNDER.1.5,CARDS_AWAY:UNDER_1_5,9.2%,0.091600,,,,,,,Sin cuota/EV,No encontrado en Betano,Baja,contexto premium torneo actual,usa promedios del contexto premium/API-Football,depende mucho del arbitro y del contexto competitivo,
2026-08-25,13:00,Cardiff vs Norwich,,,SHOTS_TOTAL UNDER.22.5,SHOTS_TOTAL UNDER.22.5,SHOTS_TOTAL:UNDER_22_5,8.1%,0.080600,,,,,,,Sin cuota/EV,No encontrado en Betano,Baja,contexto premium torneo actual,usa promedios del contexto premium/API-Football,el volumen ofensivo puede variar por planteamiento y marcador temprano,
2026-08-25,13:00,Cardiff vs Norwich,,,Local tarjetas +2.5,CARDS_HOME OVER.2.5,CARDS_HOME:OVER_2_5,8.0%,0.080300,,,,,,,Sin cuota/EV,No encontrado en Betano,Baja,contexto premium torneo actual,usa promedios del contexto premium/API-Football,depende mucho del arbitro y del contexto competitivo,
2026-08-25,13:00,Cardiff vs Norwich,,,Visita goles -0.5,TEAM_TOTAL_AWAY UNDER.0.5,TEAM_TOTAL_AWAY:UNDER_0_5,5.4%,0.054000,,,,,,,Sin cuota/EV,No encontrado en Betano,Baja,torneo actual,usa Poisson base con estadisticas de goles del torneo,un gol temprano o baja eficacia puede cambiar la lectura del mercado,
2026-08-25,13:00,Cardiff vs Norwich,10Bet,,1T -0.5,FIRST_HALF_TOTALS UNDER.0.5,FIRST_HALF_TOTALS:UNDER_0_5,5.0%,0.049800,1.83,-0.91,-0.908900,,,,EV negativo,No encontrado en Betano,Baja,contexto premium torneo actual,usa promedios del contexto premium/API-Football,el primer tiempo puede tener ritmo bajo o rotaciones,
2026-08-25,13:00,Cardiff vs Norwich,10Bet,,Goles -1.5,TOTALS UNDER.1.5,TOTALS:UNDER_1_5,4.0%,0.039600,1.80,-0.93,-0.928800,,,,EV negativo,No encontrado en Betano,Baja,torneo actual,usa Poisson base con estadisticas de goles del torneo,un gol temprano o baja eficacia puede cambiar la lectura del mercado,
2026-08-25,13:00,Cardiff vs Norwich,,,SHOTS_TOTAL UNDER.20.5,SHOTS_TOTAL UNDER.20.5,SHOTS_TOTAL:UNDER_20_5,3.5%,0.035300,,,,,,,Sin cuota/EV,No encontrado en Betano,Baja,contexto premium torneo actual,usa promedios del contexto premium/API-Football,el volumen ofensivo puede variar por planteamiento y marcador temprano,
2026-08-25,13:00,Cardiff vs Norwich,,,Local tarjetas +3.5,CARDS_HOME OVER.3.5,CARDS_HOME:OVER_3_5,1.9%,0.019000,,,,,,,Sin cuota/EV,No encontrado en Betano,Baja,contexto premium torneo actual,usa promedios del contexto premium/API-Football,depende mucho del arbitro y del contexto competitivo,
2026-08-25,13:00,Cardiff vs Norwich,,,Visita tarjetas -0.5,CARDS_AWAY UNDER.0.5,CARDS_AWAY:UNDER_0_5,1.8%,0.018300,,,,,,,Sin cuota/EV,No encontrado en Betano,Baja,contexto premium torneo actual,usa promedios del contexto premium/API-Football,depende mucho del arbitro y del contexto competitivo,
2026-08-25,13:00,Cardiff vs Norwich,,,SHOTS_TOTAL UNDER.18.5,SHOTS_TOTAL UNDER.18.5,SHOTS_TOTAL:UNDER_18_5,1.3%,0.012900,,,,,,,Sin cuota/EV,No encontrado en Betano,Baja,contexto premium torneo actual,usa promedios del contexto premium/API-Football,el volumen ofensivo puede variar por planteamiento y marcador temprano,
2026-08-25,13:30,Doncaster vs Middlesbrough,,,Tarjetas total -6.5,CARDS_TOTALS UNDER.6.5,CARDS_TOTALS:UNDER_6_5,99.6%,0.995500,,,,,,,Sin cuota/EV,No encontrado en Betano,Alta,contexto premium torneo actual,usa promedios del contexto premium/API-Football,depende mucho del arbitro y del contexto competitivo,
2026-08-25,13:30,Doncaster vs Middlesbrough,,,Tarjetas total -5.5,CARDS_TOTALS UNDER.5.5,CARDS_TOTALS:UNDER_5_5,98.3%,0.983400,,,,,,,Sin cuota/EV,No encontrado en Betano,Alta,contexto premium torneo actual,usa promedios del contexto premium/API-Football,depende mucho del arbitro y del contexto competitivo,
2026-08-25,13:30,Doncaster vs Middlesbrough,,,Local tarjetas -3.5,CARDS_HOME UNDER.3.5,CARDS_HOME:UNDER_3_5,98.1%,0.981000,,,,,,,Sin cuota/EV,No encontrado en Betano,Alta,contexto premium torneo actual,usa promedios del contexto premium/API-Football,depende mucho del arbitro y del contexto competitivo,
2026-08-25,13:30,Doncaster vs Middlesbrough,,,Visita tarjetas -3.5,CARDS_AWAY UNDER.3.5,CARDS_AWAY:UNDER_3_5,98.1%,0.981000,,,,,,,Sin cuota/EV,No encontrado en Betano,Alta,contexto premium torneo actual,usa promedios del contexto premium/API-Football,depende mucho del arbitro y del contexto competitivo,
2026-08-25,13:30,Doncaster vs Middlesbrough,,,Tarjetas total -4.5,CARDS_TOTALS UNDER.4.5,CARDS_TOTALS:UNDER_4_5,94.7%,0.947300,,,,,,,Sin cuota/EV,No encontrado en Betano,Alta,contexto premium torneo actual,usa promedios del contexto premium/API-Football,depende mucho del arbitro y del contexto competitivo,
2026-08-25,13:30,Doncaster vs Middlesbrough,,,Visita goles -2.5,TEAM_TOTAL_AWAY UNDER.2.5,TEAM_TOTAL_AWAY:UNDER_2_5,92.0%,0.919700,,,,,,,Sin cuota/EV,No encontrado en Betano,Alta,torneo actual,usa Poisson base con estadisticas de goles del torneo,un gol temprano o baja eficacia puede cambiar la lectura del mercado,
2026-08-25,13:30,Doncaster vs Middlesbrough,,,Local tarjetas -2.5,CARDS_HOME UNDER.2.5,CARDS_HOME:UNDER_2_5,92.0%,0.919700,,,,,,,Sin cuota/EV,No encontrado en Betano,Alta,contexto premium torneo actual,usa promedios del contexto premium/API-Football,depende mucho del arbitro y del contexto competitivo,
2026-08-25,13:30,Doncaster vs Middlesbrough,,,Visita tarjetas -2.5,CARDS_AWAY UNDER.2.5,CARDS_AWAY:UNDER_2_5,92.0%,0.919700,,,,,,,Sin cuota/EV,No encontrado en Betano,Alta,contexto premium torneo actual,usa promedios del contexto premium/API-Football,depende mucho del arbitro y del contexto competitivo,
2026-08-25,13:30,Doncaster vs Middlesbrough,,,Corners total +7.5,CORNERS_TOTALS OVER.7.5,CORNERS_TOTALS:OVER_7_5,91.0%,0.910500,,,,,,,Sin cuota/EV,No encontrado en Betano,Alta,contexto premium torneo actual,usa promedios del contexto premium/API-Football,el volumen ofensivo puede variar por planteamiento y marcador temprano,
2026-08-25,13:30,Doncaster vs Middlesbrough,,,SHOTS_TOTAL OVER.18.5,SHOTS_TOTAL OVER.18.5,SHOTS_TOTAL:OVER_18_5,90.8%,0.908000,,,,,,,Sin cuota/EV,No encontrado en Betano,Alta,contexto premium torneo actual,usa promedios del contexto premium/API-Football,el volumen ofensivo puede variar por planteamiento y marcador temprano,
2026-08-25,13:30,Doncaster vs Middlesbrough,,,Local goles -2.5,TEAM_TOTAL_HOME UNDER.2.5,TEAM_TOTAL_HOME:UNDER_2_5,90.4%,0.904400,,,,,,,Sin cuota/EV,No encontrado en Betano,Alta,torneo actual,usa Poisson base con estadisticas de goles del torneo,un gol temprano o baja eficacia puede cambiar la lectura del mercado,
2026-08-25,13:30,Doncaster vs Middlesbrough,,,Visita corners +3.5,CORNERS_AWAY OVER.3.5,CORNERS_AWAY:OVER_3_5,88.8%,0.888200,,,,,,,Sin cuota/EV,No encontrado en Betano,Alta,contexto premium torneo actual,usa promedios del contexto premium/API-Football,el volumen ofensivo puede variar por planteamiento y marcador temprano,
2026-08-25,13:30,Doncaster vs Middlesbrough,,,Tarjetas total -3.5,CARDS_TOTALS UNDER.3.5,CARDS_TOTALS:UNDER_3_5,85.7%,0.857100,,,,,,,Sin cuota/EV,No encontrado en Betano,Alta,contexto premium torneo actual,usa promedios del contexto premium/API-Football,depende mucho del arbitro y del contexto competitivo,
2026-08-25,13:30,Doncaster vs Middlesbrough,,,Corners total +8.5,CORNERS_TOTALS OVER.8.5,CORNERS_TOTALS:OVER_8_5,84.5%,0.845000,,,,,,,Sin cuota/EV,No encontrado en Betano,Alta,contexto premium torneo actual,usa promedios del contexto premium/API-Football,el volumen ofensivo puede variar por planteamiento y marcador temprano,
2026-08-25,13:30,Doncaster vs Middlesbrough,10Bet,,Goles -3.5,TOTALS UNDER.3.5,TOTALS:UNDER_3_5,84.2%,0.842400,1.50,0.26,0.263600,,,,EV positivo,No encontrado en Betano,Alta,torneo actual,usa Poisson base con estadisticas de goles del torneo,un gol temprano o baja eficacia puede cambiar la lectura del mercado,
2026-08-25,13:30,Doncaster vs Middlesbrough,,,SHOTS_ON_TARGET_TOTAL UNDER.9.5,SHOTS_ON_TARGET_TOTAL UNDER.9.5,SHOTS_ON_TARGET_TOTAL:UNDER_9_5,83.0%,0.830500,,,,,,,Sin cuota/EV,No encontrado en Betano,Alta,contexto premium torneo actual,usa promedios del contexto premium/API-Football,el volumen ofensivo puede variar por planteamiento y marcador temprano,
2026-08-25,13:30,Doncaster vs Middlesbrough,,,SHOTS_TOTAL OVER.20.5,SHOTS_TOTAL OVER.20.5,SHOTS_TOTAL:OVER_20_5,81.5%,0.814500,,,,,,,Sin cuota/EV,No encontrado en Betano,Alta,contexto premium torneo actual,usa promedios del contexto premium/API-Football,el volumen ofensivo puede variar por planteamiento y marcador temprano,
2026-08-25,13:30,Doncaster vs Middlesbrough,10Bet,,Local corners +3.5,CORNERS_HOME OVER.3.5,CORNERS_HOME:OVER_3_5,79.8%,0.798300,1.73,0.38,0.381100,,,,EV positivo,No encontrado en Betano,Alta,contexto premium torneo actual,usa promedios del contexto premium/API-Football,el volumen ofensivo puede variar por planteamiento y marcador temprano,
2026-08-25,13:30,Doncaster vs Middlesbrough,,,Visita corners +4.5,CORNERS_AWAY OVER.4.5,CORNERS_AWAY:OVER_4_5,77.6%,0.776300,,,,,,,Sin cuota/EV,No encontrado en Betano,Alta,contexto premium torneo actual,usa promedios del contexto premium/API-Football,el volumen ofensivo puede variar por planteamiento y marcador temprano,
2026-08-25,13:30,Doncaster vs Middlesbrough,10Bet,,Corners total +9.5,CORNERS_TOTALS OVER.9.5,CORNERS_TOTALS:OVER_9_5,75.8%,0.757600,1.77,0.34,0.341000,,,,EV positivo,No encontrado en Betano,Alta,contexto premium torneo actual,usa promedios del contexto premium/API-Football,el volumen ofensivo puede variar por planteamiento y marcador temprano,
2026-08-25,13:30,Doncaster vs Middlesbrough,,,Visita goles -1.5,TEAM_TOTAL_AWAY UNDER.1.5,TEAM_TOTAL_AWAY:UNDER_1_5,73.6%,0.735800,,,,,,,Sin cuota/EV,No encontrado en Betano,Alta,torneo actual,usa Poisson base con estadisticas de goles del torneo,un gol temprano o baja eficacia puede cambiar la lectura del mercado,
2026-08-25,13:30,Doncaster vs Middlesbrough,,,Local tarjetas -1.5,CARDS_HOME UNDER.1.5,CARDS_HOME:UNDER_1_5,73.6%,0.735800,,,,,,,Sin cuota/EV,No encontrado en Betano,Alta,contexto premium torneo actual,usa promedios del contexto premium/API-Football,depende mucho del arbitro y del contexto competitivo,
2026-08-25,13:30,Doncaster vs Middlesbrough,,,Visita tarjetas -1.5,CARDS_AWAY UNDER.1.5,CARDS_AWAY:UNDER_1_5,73.6%,0.735800,,,,,,,Sin cuota/EV,No encontrado en Betano,Alta,contexto premium torneo actual,usa promedios del contexto premium/API-Football,depende mucho del arbitro y del contexto competitivo,
2026-08-25,13:30,Doncaster vs Middlesbrough,,,SHOTS_ON_TARGET_TOTAL UNDER.8.5,SHOTS_ON_TARGET_TOTAL UNDER.8.5,SHOTS_ON_TARGET_TOTAL:UNDER_8_5,72.9%,0.729100,,,,,,,Sin cuota/EV,No encontrado en Betano,Alta,contexto premium torneo actual,usa promedios del contexto premium/API-Football,el volumen ofensivo puede variar por planteamiento y marcador temprano,
2026-08-25,13:30,Doncaster vs Middlesbrough,,,Local goles -1.5,TEAM_TOTAL_HOME UNDER.1.5,TEAM_TOTAL_HOME:UNDER_1_5,70.6%,0.706400,,,,,,,Sin cuota/EV,No encontrado en Betano,Alta,torneo actual,usa Poisson base con estadisticas de goles del torneo,un gol temprano o baja eficacia puede cambiar la lectura del mercado,
2026-08-25,13:30,Doncaster vs Middlesbrough,,,DOUBLE_CHANCE 12,DOUBLE_CHANCE 12,DOUBLE_CHANCE:12,69.9%,0.699000,,,,,,,Sin cuota/EV,No encontrado en Betano,Media,torneo actual,usa Poisson base con estadisticas de goles del torneo,riesgo propio del resultado final y variacion del modelo,
2026-08-25,13:30,Doncaster vs Middlesbrough,,,Local corners -6.5,CORNERS_HOME UNDER.6.5,CORNERS_HOME:UNDER_6_5,68.6%,0.686000,,,,,,,Sin cuota/EV,No encontrado en Betano,Media,contexto premium torneo actual,usa promedios del contexto premium/API-Football,el volumen ofensivo puede variar por planteamiento y marcador temprano,
2026-08-25,13:30,Doncaster vs Middlesbrough,,,SHOTS_TOTAL OVER.22.5,SHOTS_TOTAL OVER.22.5,SHOTS_TOTAL:OVER_22_5,68.2%,0.682500,,,,,,,Sin cuota/EV,No encontrado en Betano,Media,contexto premium torneo actual,usa promedios del contexto premium/API-Football,el volumen ofensivo puede variar por planteamiento y marcador temprano,
2026-08-25,13:30,Doncaster vs Middlesbrough,,,Tarjetas total -2.5,CARDS_TOTALS UNDER.2.5,CARDS_TOTALS:UNDER_2_5,67.7%,0.676700,,,,,,,Sin cuota/EV,No encontrado en Betano,Media,contexto premium torneo actual,usa promedios del contexto premium/API-Football,depende mucho del arbitro y del contexto competitivo,
2026-08-25,13:30,Doncaster vs Middlesbrough,,,DOUBLE_CHANCE 1X,DOUBLE_CHANCE 1X,DOUBLE_CHANCE:1X,67.1%,0.671100,,,,,,,Sin cuota/EV,No encontrado en Betano,Media,torneo actual,usa Poisson base con estadisticas de goles del torneo,riesgo propio del resultado final y variacion del modelo,
2026-08-25,13:30,Doncaster vs Middlesbrough,,,Local goles +0.5,TEAM_TOTAL_HOME OVER.0.5,TEAM_TOTAL_HOME:OVER_0_5,66.0%,0.660400,,,,,,,Sin cuota/EV,No encontrado en Betano,Media,torneo actual,usa Poisson base con estadisticas de goles del torneo,un gol temprano o baja eficacia puede cambiar la lectura del mercado,
2026-08-25,13:30,Doncaster vs Middlesbrough,10Bet,,Goles -2.5,TOTALS UNDER.2.5,TOTALS:UNDER_2_5,65.5%,0.655000,1.25,-0.18,-0.181200,,,,EV negativo,No encontrado en Betano,Media,torneo actual,usa Poisson base con estadisticas de goles del torneo,un gol temprano o baja eficacia puede cambiar la lectura del mercado,
2026-08-25,13:30,Doncaster vs Middlesbrough,,,Corners total +10.5,CORNERS_TOTALS OVER.10.5,CORNERS_TOTALS:OVER_10_5,65.3%,0.652800,,,,,,,Sin cuota/EV,No encontrado en Betano,Media,contexto premium torneo actual,usa promedios del contexto premium/API-Football,el volumen ofensivo puede variar por planteamiento y marcador temprano,
2026-08-25,13:30,Doncaster vs Middlesbrough,,,Local corners +4.5,CORNERS_HOME OVER.4.5,CORNERS_HOME:OVER_4_5,64.2%,0.642500,,,,,,,Sin cuota/EV,No encontrado en Betano,Media,contexto premium torneo actual,usa promedios del contexto premium/API-Football,el volumen ofensivo puede variar por planteamiento y marcador temprano,
2026-08-25,13:30,Doncaster vs Middlesbrough,,,Local tarjetas +0.5,CARDS_HOME OVER.0.5,CARDS_HOME:OVER_0_5,63.2%,0.632100,,,,,,,Sin cuota/EV,No encontrado en Betano,Media,contexto premium torneo actual,usa promedios del contexto premium/API-Football,depende mucho del arbitro y del contexto competitivo,
2026-08-25,13:30,Doncaster vs Middlesbrough,,,Visita tarjetas +0.5,CARDS_AWAY OVER.0.5,CARDS_AWAY:OVER_0_5,63.2%,0.632100,,,,,,,Sin cuota/EV,No encontrado en Betano,Media,contexto premium torneo actual,usa promedios del contexto premium/API-Football,depende mucho del arbitro y del contexto competitivo,
2026-08-25,13:30,Doncaster vs Middlesbrough,,,Visita goles +0.5,TEAM_TOTAL_AWAY OVER.0.5,TEAM_TOTAL_AWAY:OVER_0_5,63.2%,0.632100,,,,,,,Sin cuota/EV,No encontrado en Betano,Media,torneo actual,usa Poisson base con estadisticas de goles del torneo,un gol temprano o baja eficacia puede cambiar la lectura del mercado,
2026-08-25,13:30,Doncaster vs Middlesbrough,10Bet,,Visita corners +5.5,CORNERS_AWAY OVER.5.5,CORNERS_AWAY:OVER_5_5,63.1%,0.631000,1.62,0.02,0.022200,,,,EV positivo,No encontrado en Betano,Media,contexto premium torneo actual,usa promedios del contexto premium/API-Football,el volumen ofensivo puede variar por planteamiento y marcador temprano,
2026-08-25,13:30,Doncaster vs Middlesbrough,,,DOUBLE_CHANCE X2,DOUBLE_CHANCE X2,DOUBLE_CHANCE:X2,63.0%,0.629900,,,,,,,Sin cuota/EV,No encontrado en Betano,Media,torneo actual,usa Poisson base con estadisticas de goles del torneo,riesgo propio del resultado final y variacion del modelo,
2026-08-25,13:30,Doncaster vs Middlesbrough,,,SHOTS_TOTAL UNDER.26.5,SHOTS_TOTAL UNDER.26.5,SHOTS_TOTAL:UNDER_26_5,62.9%,0.629400,,,,,,,Sin cuota/EV,No encontrado en Betano,Media,contexto premium torneo actual,usa promedios del contexto premium/API-Football,el volumen ofensivo puede variar por planteamiento y marcador temprano,
2026-08-25,13:30,Doncaster vs Middlesbrough,10Bet,,Goles +1.5,TOTALS OVER.1.5,TOTALS:OVER_1_5,61.5%,0.615200,1.80,0.11,0.107400,,,,EV positivo,No encontrado en Betano,Media,torneo actual,usa Poisson base con estadisticas de goles del torneo,un gol temprano o baja eficacia puede cambiar la lectura del mercado,
2026-08-25,13:30,Doncaster vs Middlesbrough,,,SHOTS_ON_TARGET_TOTAL UNDER.7.5,SHOTS_ON_TARGET_TOTAL UNDER.7.5,SHOTS_ON_TARGET_TOTAL:UNDER_7_5,59.9%,0.598700,,,,,,,Sin cuota/EV,No encontrado en Betano,Media,contexto premium torneo actual,usa promedios del contexto premium/API-Football,el volumen ofensivo puede variar por planteamiento y marcador temprano,
2026-08-25,13:30,Doncaster vs Middlesbrough,10Bet,,BTTS no,BTTS NO,BTTS:NO,58.2%,0.582500,1.22,-0.29,-0.289300,,,,EV negativo,No encontrado en Betano,Media,torneo actual,usa Poisson base con estadisticas de goles del torneo,un gol temprano o baja eficacia puede cambiar la lectura del mercado,
2026-08-25,13:30,Doncaster vs Middlesbrough,,,SHOTS_ON_TARGET_TOTAL OVER.6.5,SHOTS_ON_TARGET_TOTAL OVER.6.5,SHOTS_ON_TARGET_TOTAL:OVER_6_5,55.0%,0.550300,,,,,,,Sin cuota/EV,No encontrado en Betano,Media,contexto premium torneo actual,usa promedios del contexto premium/API-Football,el volumen ofensivo puede variar por planteamiento y marcador temprano,
2026-08-25,13:30,Doncaster vs Middlesbrough,,,Corners total +11.5,CORNERS_TOTALS OVER.11.5,CORNERS_TOTALS:OVER_11_5,53.8%,0.538400,,,,,,,Sin cuota/EV,No encontrado en Betano,Baja,contexto premium torneo actual,usa promedios del contexto premium/API-Football,el volumen ofensivo puede variar por planteamiento y marcador temprano,
2026-08-25,13:30,Doncaster vs Middlesbrough,10Bet,,DNB local,DRAW_NO_BET HOME,DRAW_NO_BET:HOME,52.9%,0.529500,3.10,0.64,0.641400,,,,EV positivo,No encontrado en Betano,Baja,torneo actual,usa Poisson base con estadisticas de goles del torneo,riesgo propio del resultado final y variacion del modelo,
2026-08-25,13:30,Doncaster vs Middlesbrough,,,Local corners -5.5,CORNERS_HOME UNDER.5.5,CORNERS_HOME:UNDER_5_5,52.9%,0.528900,,,,,,,Sin cuota/EV,No encontrado en Betano,Baja,contexto premium torneo actual,usa promedios del contexto premium/API-Football,el volumen ofensivo puede variar por planteamiento y marcador temprano,
2026-08-25,13:30,Doncaster vs Middlesbrough,,,SHOTS_TOTAL OVER.24.5,SHOTS_TOTAL OVER.24.5,SHOTS_TOTAL:OVER_24_5,52.7%,0.526600,,,,,,,Sin cuota/EV,No encontrado en Betano,Baja,contexto premium torneo actual,usa promedios del contexto premium/API-Football,el volumen ofensivo puede variar por planteamiento y marcador temprano,
2026-08-25,13:30,Doncaster vs Middlesbrough,10Bet,,Visita corners -6.5,CORNERS_AWAY UNDER.6.5,CORNERS_AWAY:UNDER_6_5,52.6%,0.526500,1.57,-0.17,-0.173400,,,,EV negativo,No encontrado en Betano,Baja,contexto premium torneo actual,usa promedios del contexto premium/API-Football,el volumen ofensivo puede variar por planteamiento y marcador temprano,
2026-08-25,13:30,Doncaster vs Middlesbrough,10Bet,,Visita corners +6.5,CORNERS_AWAY OVER.6.5,CORNERS_AWAY:OVER_6_5,47.3%,0.473500,2.05,-0.03,-0.029400,,,,EV negativo,No encontrado en Betano,Baja,contexto premium torneo actual,usa promedios del contexto premium/API-Football,el volumen ofensivo puede variar por planteamiento y marcador temprano,
2026-08-25,13:30,Doncaster vs Middlesbrough,,,SHOTS_TOTAL UNDER.24.5,SHOTS_TOTAL UNDER.24.5,SHOTS_TOTAL:UNDER_24_5,47.3%,0.473400,,,,,,,Sin cuota/EV,No encontrado en Betano,Baja,contexto premium torneo actual,usa promedios del contexto premium/API-Football,el volumen ofensivo puede variar por planteamiento y marcador temprano,
2026-08-25,13:30,Doncaster vs Middlesbrough,,,Local corners +5.5,CORNERS_HOME OVER.5.5,CORNERS_HOME:OVER_5_5,47.1%,0.471100,,,,,,,Sin cuota/EV,No encontrado en Betano,Baja,contexto premium torneo actual,usa promedios del contexto premium/API-Football,el volumen ofensivo puede variar por planteamiento y marcador temprano,
2026-08-25,13:30,Doncaster vs Middlesbrough,10Bet,,DNB visita,DRAW_NO_BET AWAY,DRAW_NO_BET:AWAY,47.0%,0.470500,1.33,-0.37,-0.374200,,,,EV negativo,No encontrado en Betano,Baja,torneo actual,usa Poisson base con estadisticas de goles del torneo,riesgo propio del resultado final y variacion del modelo,
2026-08-25,13:30,Doncaster vs Middlesbrough,,,Corners total -11.5,CORNERS_TOTALS UNDER.11.5,CORNERS_TOTALS:UNDER_11_5,46.2%,0.461600,,,,,,,Sin cuota/EV,No encontrado en Betano,Baja,contexto premium torneo actual,usa promedios del contexto premium/API-Football,el volumen ofensivo puede variar por planteamiento y marcador temprano,
2026-08-25,13:30,Doncaster vs Middlesbrough,,,SHOTS_ON_TARGET_TOTAL UNDER.6.5,SHOTS_ON_TARGET_TOTAL UNDER.6.5,SHOTS_ON_TARGET_TOTAL:UNDER_6_5,45.0%,0.449700,,,,,,,Sin cuota/EV,No encontrado en Betano,Baja,contexto premium torneo actual,usa promedios del contexto premium/API-Football,el volumen ofensivo puede variar por planteamiento y marcador temprano,
2026-08-25,13:30,Doncaster vs Middlesbrough,10Bet,,BTTS sí,BTTS YES,BTTS:YES,41.8%,0.417500,3.80,0.59,0.586300,,,,EV positivo,No encontrado en Betano,Baja,torneo actual,usa Poisson base con estadisticas de goles del torneo,un gol temprano o baja eficacia puede cambiar la lectura del mercado,
2026-08-25,13:30,Doncaster vs Middlesbrough,,,SHOTS_ON_TARGET_TOTAL OVER.7.5,SHOTS_ON_TARGET_TOTAL OVER.7.5,SHOTS_ON_TARGET_TOTAL:OVER_7_5,40.1%,0.401300,,,,,,,Sin cuota/EV,No encontrado en Betano,Baja,contexto premium torneo actual,usa promedios del contexto premium/API-Football,el volumen ofensivo puede variar por planteamiento y marcador temprano,
2026-08-25,13:30,Doncaster vs Middlesbrough,10Bet,,Goles -1.5,TOTALS UNDER.1.5,TOTALS:UNDER_1_5,38.5%,0.384800,1.91,-0.27,-0.265100,,,,EV negativo,No encontrado en Betano,Baja,torneo actual,usa Poisson base con estadisticas de goles del torneo,un gol temprano o baja eficacia puede cambiar la lectura del mercado,
2026-08-25,13:30,Doncaster vs Middlesbrough,,,SHOTS_TOTAL OVER.26.5,SHOTS_TOTAL OVER.26.5,SHOTS_TOTAL:OVER_26_5,37.1%,0.370600,,,,,,,Sin cuota/EV,No encontrado en Betano,Baja,contexto premium torneo actual,usa promedios del contexto premium/API-Football,el volumen ofensivo puede variar por planteamiento y marcador temprano,
2026-08-25,13:30,Doncaster vs Middlesbrough,10Bet,,Gana local,1X2 HOME,1X2:HOME,37.0%,0.370100,6.00,1.22,1.220700,,,,EV positivo,No encontrado en Betano,Baja,torneo actual,usa Poisson base con estadisticas de goles del torneo,riesgo propio del resultado final y variacion del modelo,
2026-08-25,13:30,Doncaster vs Middlesbrough,10Bet,,Visita corners -5.5,CORNERS_AWAY UNDER.5.5,CORNERS_AWAY:UNDER_5_5,36.9%,0.369000,2.00,-0.26,-0.261900,,,,EV negativo,No encontrado en Betano,Baja,contexto premium torneo actual,usa promedios del contexto premium/API-Football,el volumen ofensivo puede variar por planteamiento y marcador temprano,
2026-08-25,13:30,Doncaster vs Middlesbrough,,,Visita goles -0.5,TEAM_TOTAL_AWAY UNDER.0.5,TEAM_TOTAL_AWAY:UNDER_0_5,36.8%,0.367900,,,,,,,Sin cuota/EV,No encontrado en Betano,Baja,torneo actual,usa Poisson base con estadisticas de goles del torneo,un gol temprano o baja eficacia puede cambiar la lectura del mercado,
2026-08-25,13:30,Doncaster vs Middlesbrough,,,Local tarjetas -0.5,CARDS_HOME UNDER.0.5,CARDS_HOME:UNDER_0_5,36.8%,0.367900,,,,,,,Sin cuota/EV,No encontrado en Betano,Baja,contexto premium torneo actual,usa promedios del contexto premium/API-Football,depende mucho del arbitro y del contexto competitivo,
2026-08-25,13:30,Doncaster vs Middlesbrough,,,Visita tarjetas -0.5,CARDS_AWAY UNDER.0.5,CARDS_AWAY:UNDER_0_5,36.8%,0.367900,,,,,,,Sin cuota/EV,No encontrado en Betano,Baja,contexto premium torneo actual,usa promedios del contexto premium/API-Football,depende mucho del arbitro y del contexto competitivo,
2026-08-25,13:30,Doncaster vs Middlesbrough,,,Local corners -4.5,CORNERS_HOME UNDER.4.5,CORNERS_HOME:UNDER_4_5,35.8%,0.357500,,,,,,,Sin cuota/EV,No encontrado en Betano,Baja,contexto premium torneo actual,usa promedios del contexto premium/API-Football,el volumen ofensivo puede variar por planteamiento y marcador temprano,
2026-08-25,13:30,Doncaster vs Middlesbrough,,,Corners total -10.5,CORNERS_TOTALS UNDER.10.5,CORNERS_TOTALS:UNDER_10_5,34.7%,0.347200,,,,,,,Sin cuota/EV,No encontrado en Betano,Baja,contexto premium torneo actual,usa promedios del contexto premium/API-Football,el volumen ofensivo puede variar por planteamiento y marcador temprano,
2026-08-25,13:30,Doncaster vs Middlesbrough,10Bet,,Goles +2.5,TOTALS OVER.2.5,TOTALS:OVER_2_5,34.5%,0.345000,3.50,0.21,0.207400,,,,EV positivo,No encontrado en Betano,Baja,torneo actual,usa Poisson base con estadisticas de goles del torneo,un gol temprano o baja eficacia puede cambiar la lectura del mercado,
2026-08-25,13:30,Doncaster vs Middlesbrough,,,Local goles -0.5,TEAM_TOTAL_HOME UNDER.0.5,TEAM_TOTAL_HOME:UNDER_0_5,34.0%,0.339600,,,,,,,Sin cuota/EV,No encontrado en Betano,Baja,torneo actual,usa Poisson base con estadisticas de goles del torneo,un gol temprano o baja eficacia puede cambiar la lectura del mercado,
2026-08-25,13:30,Doncaster vs Middlesbrough,10Bet,,Gana visita,1X2 AWAY,1X2:AWAY,32.9%,0.328900,2.70,-0.11,-0.111900,,,,EV negativo,No encontrado en Betano,Baja,torneo actual,usa Poisson base con estadisticas de goles del torneo,riesgo propio del resultado final y variacion del modelo,
2026-08-25,13:30,Doncaster vs Middlesbrough,,,Tarjetas total +2.5,CARDS_TOTALS OVER.2.5,CARDS_TOTALS:OVER_2_5,32.3%,0.323300,,,,,,,Sin cuota/EV,No encontrado en Betano,Baja,contexto premium torneo actual,usa promedios del contexto premium/API-Football,depende mucho del arbitro y del contexto competitivo,
2026-08-25,13:30,Doncaster vs Middlesbrough,,,SHOTS_TOTAL UNDER.22.5,SHOTS_TOTAL UNDER.22.5,SHOTS_TOTAL:UNDER_22_5,31.8%,0.317500,,,,,,,Sin cuota/EV,No encontrado en Betano,Baja,contexto premium torneo actual,usa promedios del contexto premium/API-Football,el volumen ofensivo puede variar por planteamiento y marcador temprano,
2026-08-25,13:30,Doncaster vs Middlesbrough,,,Local corners +6.5,CORNERS_HOME OVER.6.5,CORNERS_HOME:OVER_6_5,31.4%,0.314000,,,,,,,Sin cuota/EV,No encontrado en Betano,Baja,contexto premium torneo actual,usa promedios del contexto premium/API-Football,el volumen ofensivo puede variar por planteamiento y marcador temprano,
2026-08-25,13:30,Doncaster vs Middlesbrough,10Bet,,Empate,1X2 DRAW,1X2:DRAW,30.1%,0.301000,1.85,-0.44,-0.443200,,,,EV negativo,No encontrado en Betano,Baja,torneo actual,usa Poisson base con estadisticas de goles del torneo,riesgo propio del resultado final y variacion del modelo,
2026-08-25,13:30,Doncaster vs Middlesbrough,,,Local goles +1.5,TEAM_TOTAL_HOME OVER.1.5,TEAM_TOTAL_HOME:OVER_1_5,29.4%,0.293600,,,,,,,Sin cuota/EV,No encontrado en Betano,Baja,torneo actual,usa Poisson base con estadisticas de goles del torneo,un gol temprano o baja eficacia puede cambiar la lectura del mercado,
2026-08-25,13:30,Doncaster vs Middlesbrough,,,SHOTS_ON_TARGET_TOTAL OVER.8.5,SHOTS_ON_TARGET_TOTAL OVER.8.5,SHOTS_ON_TARGET_TOTAL:OVER_8_5,27.1%,0.270900,,,,,,,Sin cuota/EV,No encontrado en Betano,Baja,contexto premium torneo actual,usa promedios del contexto premium/API-Football,el volumen ofensivo puede variar por planteamiento y marcador temprano,
2026-08-25,13:30,Doncaster vs Middlesbrough,,,Local tarjetas +1.5,CARDS_HOME OVER.1.5,CARDS_HOME:OVER_1_5,26.4%,0.264200,,,,,,,Sin cuota/EV,No encontrado en Betano,Baja,contexto premium torneo actual,usa promedios del contexto premium/API-Football,depende mucho del arbitro y del contexto competitivo,
2026-08-25,13:30,Doncaster vs Middlesbrough,,,Visita tarjetas +1.5,CARDS_AWAY OVER.1.5,CARDS_AWAY:OVER_1_5,26.4%,0.264200,,,,,,,Sin cuota/EV,No encontrado en Betano,Baja,contexto premium torneo actual,usa promedios del contexto premium/API-Football,depende mucho del arbitro y del contexto competitivo,
2026-08-25,13:30,Doncaster vs Middlesbrough,,,Visita goles +1.5,TEAM_TOTAL_AWAY OVER.1.5,TEAM_TOTAL_AWAY:OVER_1_5,26.4%,0.264200,,,,,,,Sin cuota/EV,No encontrado en Betano,Baja,torneo actual,usa Poisson base con estadisticas de goles del torneo,un gol temprano o baja eficacia puede cambiar la lectura del mercado,
2026-08-25,13:30,Doncaster vs Middlesbrough,10Bet,,Corners total -9.5,CORNERS_TOTALS UNDER.9.5,CORNERS_TOTALS:UNDER_9_5,24.2%,0.242400,1.95,-0.53,-0.527300,,,,EV negativo,No encontrado en Betano,Baja,contexto premium torneo actual,usa promedios del contexto premium/API-Football,el volumen ofensivo puede variar por planteamiento y marcador temprano,
2026-08-25,13:30,Doncaster vs Middlesbrough,,,Visita corners -4.5,CORNERS_AWAY UNDER.4.5,CORNERS_AWAY:UNDER_4_5,22.4%,0.223700,,,,,,,Sin cuota/EV,No encontrado en Betano,Baja,contexto premium torneo actual,usa promedios del contexto premium/API-Football,el volumen ofensivo puede variar por planteamiento y marcador temprano,
2026-08-25,13:30,Doncaster vs Middlesbrough,10Bet,,Local corners -3.5,CORNERS_HOME UNDER.3.5,CORNERS_HOME:UNDER_3_5,20.2%,0.201700,1.85,-0.63,-0.626900,,,,EV negativo,No encontrado en Betano,Baja,contexto premium torneo actual,usa promedios del contexto premium/API-Football,el volumen ofensivo puede variar por planteamiento y marcador temprano,
2026-08-25,13:30,Doncaster vs Middlesbrough,,,SHOTS_TOTAL UNDER.20.5,SHOTS_TOTAL UNDER.20.5,SHOTS_TOTAL:UNDER_20_5,18.6%,0.185500,,,,,,,Sin cuota/EV,No encontrado en Betano,Baja,contexto premium torneo actual,usa promedios del contexto premium/API-Football,el volumen ofensivo puede variar por planteamiento y marcador temprano,
2026-08-25,13:30,Doncaster vs Middlesbrough,,,SHOTS_ON_TARGET_TOTAL OVER.9.5,SHOTS_ON_TARGET_TOTAL OVER.9.5,SHOTS_ON_TARGET_TOTAL:OVER_9_5,17.0%,0.169500,,,,,,,Sin cuota/EV,No encontrado en Betano,Baja,contexto premium torneo actual,usa promedios del contexto premium/API-Football,el volumen ofensivo puede variar por planteamiento y marcador temprano,
2026-08-25,13:30,Doncaster vs Middlesbrough,10Bet,,Goles +3.5,TOTALS OVER.3.5,TOTALS:OVER_3_5,15.8%,0.157600,2.55,-0.60,-0.598100,,,,EV negativo,No encontrado en Betano,Baja,torneo actual,usa Poisson base con estadisticas de goles del torneo,un gol temprano o baja eficacia puede cambiar la lectura del mercado,
2026-08-25,13:30,Doncaster vs Middlesbrough,,,Corners total -8.5,CORNERS_TOTALS UNDER.8.5,CORNERS_TOTALS:UNDER_8_5,15.5%,0.155000,,,,,,,Sin cuota/EV,No encontrado en Betano,Baja,contexto premium torneo actual,usa promedios del contexto premium/API-Football,el volumen ofensivo puede variar por planteamiento y marcador temprano,
2026-08-25,13:30,Doncaster vs Middlesbrough,,,Tarjetas total +3.5,CARDS_TOTALS OVER.3.5,CARDS_TOTALS:OVER_3_5,14.3%,0.142900,,,,,,,Sin cuota/EV,No encontrado en Betano,Baja,contexto premium torneo actual,usa promedios del contexto premium/API-Football,depende mucho del arbitro y del contexto competitivo,
2026-08-25,13:30,Doncaster vs Middlesbrough,,,Visita corners -3.5,CORNERS_AWAY UNDER.3.5,CORNERS_AWAY:UNDER_3_5,11.2%,0.111800,,,,,,,Sin cuota/EV,No encontrado en Betano,Baja,contexto premium torneo actual,usa promedios del contexto premium/API-Football,el volumen ofensivo puede variar por planteamiento y marcador temprano,
2026-08-25,13:30,Doncaster vs Middlesbrough,,,Local goles +2.5,TEAM_TOTAL_HOME OVER.2.5,TEAM_TOTAL_HOME:OVER_2_5,9.6%,0.095600,,,,,,,Sin cuota/EV,No encontrado en Betano,Baja,torneo actual,usa Poisson base con estadisticas de goles del torneo,un gol temprano o baja eficacia puede cambiar la lectura del mercado,
2026-08-25,13:30,Doncaster vs Middlesbrough,,,SHOTS_TOTAL UNDER.18.5,SHOTS_TOTAL UNDER.18.5,SHOTS_TOTAL:UNDER_18_5,9.2%,0.092000,,,,,,,Sin cuota/EV,No encontrado en Betano,Baja,contexto premium torneo actual,usa promedios del contexto premium/API-Football,el volumen ofensivo puede variar por planteamiento y marcador temprano,
2026-08-25,13:30,Doncaster vs Middlesbrough,,,Corners total -7.5,CORNERS_TOTALS UNDER.7.5,CORNERS_TOTALS:UNDER_7_5,8.9%,0.089500,,,,,,,Sin cuota/EV,No encontrado en Betano,Baja,contexto premium torneo actual,usa promedios del contexto premium/API-Football,el volumen ofensivo puede variar por planteamiento y marcador temprano,
2026-08-25,13:30,Doncaster vs Middlesbrough,,,Local tarjetas +2.5,CARDS_HOME OVER.2.5,CARDS_HOME:OVER_2_5,8.0%,0.080300,,,,,,,Sin cuota/EV,No encontrado en Betano,Baja,contexto premium torneo actual,usa promedios del contexto premium/API-Football,depende mucho del arbitro y del contexto competitivo,
2026-08-25,13:30,Doncaster vs Middlesbrough,,,Visita tarjetas +2.5,CARDS_AWAY OVER.2.5,CARDS_AWAY:OVER_2_5,8.0%,0.080300,,,,,,,Sin cuota/EV,No encontrado en Betano,Baja,contexto premium torneo actual,usa promedios del contexto premium/API-Football,depende mucho del arbitro y del contexto competitivo,
2026-08-25,13:30,Doncaster vs Middlesbrough,,,Visita goles +2.5,TEAM_TOTAL_AWAY OVER.2.5,TEAM_TOTAL_AWAY:OVER_2_5,8.0%,0.080300,,,,,,,Sin cuota/EV,No encontrado en Betano,Baja,torneo actual,usa Poisson base con estadisticas de goles del torneo,un gol temprano o baja eficacia puede cambiar la lectura del mercado,
2026-08-25,13:30,Doncaster vs Middlesbrough,,,Tarjetas total +4.5,CARDS_TOTALS OVER.4.5,CARDS_TOTALS:OVER_4_5,5.3%,0.052700,,,,,,,Sin cuota/EV,No encontrado en Betano,Baja,contexto premium torneo actual,usa promedios del contexto premium/API-Football,depende mucho del arbitro y del contexto competitivo,
2026-08-25,13:30,Doncaster vs Middlesbrough,,,Local tarjetas +3.5,CARDS_HOME OVER.3.5,CARDS_HOME:OVER_3_5,1.9%,0.019000,,,,,,,Sin cuota/EV,No encontrado en Betano,Baja,contexto premium torneo actual,usa promedios del contexto premium/API-Football,depende mucho del arbitro y del contexto competitivo,
2026-08-25,13:30,Doncaster vs Middlesbrough,,,Visita tarjetas +3.5,CARDS_AWAY OVER.3.5,CARDS_AWAY:OVER_3_5,1.9%,0.019000,,,,,,,Sin cuota/EV,No encontrado en Betano,Baja,contexto premium torneo actual,usa promedios del contexto premium/API-Football,depende mucho del arbitro y del contexto competitivo,
2026-08-25,13:30,Doncaster vs Middlesbrough,,,Tarjetas total +5.5,CARDS_TOTALS OVER.5.5,CARDS_TOTALS:OVER_5_5,1.7%,0.016600,,,,,,,Sin cuota/EV,No encontrado en Betano,Baja,contexto premium torneo actual,usa promedios del contexto premium/API-Football,depende mucho del arbitro y del contexto competitivo,
2026-08-25,13:30,Doncaster vs Middlesbrough,,,Tarjetas total +6.5,CARDS_TOTALS OVER.6.5,CARDS_TOTALS:OVER_6_5,0.4%,0.004500,,,,,,,Sin cuota/EV,No encontrado en Betano,Baja,contexto premium torneo actual,usa promedios del contexto premium/API-Football,depende mucho del arbitro y del contexto competitivo,
2026-08-25,13:45,Barnsley vs Crewe,,,SHOTS_TOTAL OVER.18.5,SHOTS_TOTAL OVER.18.5,SHOTS_TOTAL:OVER_18_5,96.3%,0.963400,,,,,,,Sin cuota/EV,No encontrado en Betano,Alta,contexto premium torneo actual,usa promedios del contexto premium/API-Football,el volumen ofensivo puede variar por planteamiento y marcador temprano,
2026-08-25,13:45,Barnsley vs Crewe,,,Local corners +3.5,CORNERS_HOME OVER.3.5,CORNERS_HOME:OVER_3_5,94.1%,0.940900,,,,,,,Sin cuota/EV,No encontrado en Betano,Alta,contexto premium torneo actual,usa promedios del contexto premium/API-Football,el volumen ofensivo puede variar por planteamiento y marcador temprano,
2026-08-25,13:45,Barnsley vs Crewe,,,Visita corners -6.5,CORNERS_AWAY UNDER.6.5,CORNERS_AWAY:UNDER_6_5,93.5%,0.934700,,,,,,,Sin cuota/EV,No encontrado en Betano,Alta,contexto premium torneo actual,usa promedios del contexto premium/API-Football,el volumen ofensivo puede variar por planteamiento y marcador temprano,
2026-08-25,13:45,Barnsley vs Crewe,,,SHOTS_TOTAL OVER.20.5,SHOTS_TOTAL OVER.20.5,SHOTS_TOTAL:OVER_20_5,91.4%,0.913900,,,,,,,Sin cuota/EV,No encontrado en Betano,Alta,contexto premium torneo actual,usa promedios del contexto premium/API-Football,el volumen ofensivo puede variar por planteamiento y marcador temprano,
2026-08-25,13:45,Barnsley vs Crewe,,,Local corners +4.5,CORNERS_HOME OVER.4.5,CORNERS_HOME:OVER_4_5,86.8%,0.867900,,,,,,,Sin cuota/EV,No encontrado en Betano,Alta,contexto premium torneo actual,usa promedios del contexto premium/API-Football,el volumen ofensivo puede variar por planteamiento y marcador temprano,
2026-08-25,13:45,Barnsley vs Crewe,,,Visita corners -5.5,CORNERS_AWAY UNDER.5.5,CORNERS_AWAY:UNDER_5_5,85.8%,0.857600,,,,,,,Sin cuota/EV,No encontrado en Betano,Alta,contexto premium torneo actual,usa promedios del contexto premium/API-Football,el volumen ofensivo puede variar por planteamiento y marcador temprano,
2026-08-25,13:45,Barnsley vs Crewe,,,Corners total +7.5,CORNERS_TOTALS OVER.7.5,CORNERS_TOTALS:OVER_7_5,85.7%,0.856800,,,,,,,Sin cuota/EV,No encontrado en Betano,Alta,contexto premium torneo actual,usa promedios del contexto premium/API-Football,el volumen ofensivo puede variar por planteamiento y marcador temprano,
2026-08-25,13:45,Barnsley vs Crewe,,,SHOTS_TOTAL OVER.22.5,SHOTS_TOTAL OVER.22.5,SHOTS_TOTAL:OVER_22_5,82.9%,0.829400,,,,,,,Sin cuota/EV,No encontrado en Betano,Alta,contexto premium torneo actual,usa promedios del contexto premium/API-Football,el volumen ofensivo puede variar por planteamiento y marcador temprano,
2026-08-25,13:45,Barnsley vs Crewe,10Bet,,Goles +1.5,TOTALS OVER.1.5,TOTALS:OVER_1_5,81.8%,0.818000,1.77,0.45,0.447900,,,,EV positivo,No encontrado en Betano,Alta,torneo actual,usa Poisson base con estadisticas de goles del torneo,un gol temprano o baja eficacia puede cambiar la lectura del mercado,
2026-08-25,13:45,Barnsley vs Crewe,,,Visita goles -2.5,TEAM_TOTAL_AWAY UNDER.2.5,TEAM_TOTAL_AWAY:UNDER_2_5,80.9%,0.808900,,,,,,,Sin cuota/EV,No encontrado en Betano,Alta,torneo actual,usa Poisson base con estadisticas de goles del torneo,un gol temprano o baja eficacia puede cambiar la lectura del mercado,
2026-08-25,13:45,Barnsley vs Crewe,,,Local goles +0.5,TEAM_TOTAL_HOME OVER.0.5,TEAM_TOTAL_HOME:OVER_0_5,80.2%,0.802000,,,,,,,Sin cuota/EV,No encontrado en Betano,Alta,torneo actual,usa Poisson base con estadisticas de goles del torneo,un gol temprano o baja eficacia puede cambiar la lectura del mercado,
2026-08-25,13:45,Barnsley vs Crewe,,,SHOTS_ON_TARGET_TOTAL OVER.6.5,SHOTS_ON_TARGET_TOTAL OVER.6.5,SHOTS_ON_TARGET_TOTAL:OVER_6_5,79.3%,0.793200,,,,,,,Sin cuota/EV,No encontrado en Betano,Alta,contexto premium torneo actual,usa promedios del contexto premium/API-Football,el volumen ofensivo puede variar por planteamiento y marcador temprano,
2026-08-25,13:45,Barnsley vs Crewe,,,Local goles -2.5,TEAM_TOTAL_HOME UNDER.2.5,TEAM_TOTAL_HOME:UNDER_2_5,77.8%,0.778200,,,,,,,Sin cuota/EV,No encontrado en Betano,Alta,torneo actual,usa Poisson base con estadisticas de goles del torneo,un gol temprano o baja eficacia puede cambiar la lectura del mercado,
2026-08-25,13:45,Barnsley vs Crewe,,,Visita goles +0.5,TEAM_TOTAL_AWAY OVER.0.5,TEAM_TOTAL_AWAY:OVER_0_5,77.7%,0.776800,,,,,,,Sin cuota/EV,No encontrado en Betano,Alta,torneo actual,usa Poisson base con estadisticas de goles del torneo,un gol temprano o baja eficacia puede cambiar la lectura del mercado,
2026-08-25,13:45,Barnsley vs Crewe,,,Corners total +8.5,CORNERS_TOTALS OVER.8.5,CORNERS_TOTALS:OVER_8_5,76.8%,0.768000,,,,,,,Sin cuota/EV,No encontrado en Betano,Alta,contexto premium torneo actual,usa promedios del contexto premium/API-Football,el volumen ofensivo puede variar por planteamiento y marcador temprano,
2026-08-25,13:45,Barnsley vs Crewe,,,DOUBLE_CHANCE 12,DOUBLE_CHANCE 12,DOUBLE_CHANCE:12,76.3%,0.762800,,,,,,,Sin cuota/EV,No encontrado en Betano,Alta,torneo actual,usa Poisson base con estadisticas de goles del torneo,riesgo propio del resultado final y variacion del modelo,
2026-08-25,13:45,Barnsley vs Crewe,10Bet,,Local corners +5.5,CORNERS_HOME OVER.5.5,CORNERS_HOME:OVER_5_5,75.9%,0.758600,1.67,0.27,0.266800,,,,EV positivo,No encontrado en Betano,Alta,contexto premium torneo actual,usa promedios del contexto premium/API-Football,el volumen ofensivo puede variar por planteamiento y marcador temprano,
2026-08-25,13:45,Barnsley vs Crewe,10Bet,,1T -1.5,FIRST_HALF_TOTALS UNDER.1.5,FIRST_HALF_TOTALS:UNDER_1_5,73.6%,0.735800,1.25,-0.08,-0.080300,,,,EV negativo,No encontrado en Betano,Alta,contexto premium torneo actual,usa promedios del contexto premium/API-Football,el primer tiempo puede tener ritmo bajo o rotaciones,
2026-08-25,13:45,Barnsley vs Crewe,10Bet,,Visita corners -4.5,CORNERS_AWAY UNDER.4.5,CORNERS_AWAY:UNDER_4_5,72.5%,0.725400,1.55,0.12,0.124400,,,,EV positivo,No encontrado en Betano,Alta,contexto premium torneo actual,usa promedios del contexto premium/API-Football,el volumen ofensivo puede variar por planteamiento y marcador temprano,
2026-08-25,13:45,Barnsley vs Crewe,,,SHOTS_TOTAL OVER.24.5,SHOTS_TOTAL OVER.24.5,SHOTS_TOTAL:OVER_24_5,70.9%,0.709000,,,,,,,Sin cuota/EV,No encontrado en Betano,Alta,contexto premium torneo actual,usa promedios del contexto premium/API-Football,el volumen ofensivo puede variar por planteamiento y marcador temprano,
2026-08-25,13:45,Barnsley vs Crewe,,,SHOTS_ON_TARGET_TOTAL OVER.7.5,SHOTS_ON_TARGET_TOTAL OVER.7.5,SHOTS_ON_TARGET_TOTAL:OVER_7_5,67.6%,0.676100,,,,,,,Sin cuota/EV,No encontrado en Betano,Media,contexto premium torneo actual,usa promedios del contexto premium/API-Football,el volumen ofensivo puede variar por planteamiento y marcador temprano,
2026-08-25,13:45,Barnsley vs Crewe,,,Corners total +9.5,CORNERS_TOTALS OVER.9.5,CORNERS_TOTALS:OVER_9_5,66.0%,0.659500,,,,,,,Sin cuota/EV,No encontrado en Betano,Media,contexto premium torneo actual,usa promedios del contexto premium/API-Football,el volumen ofensivo puede variar por planteamiento y marcador temprano,
2026-08-25,13:45,Barnsley vs Crewe,,,DOUBLE_CHANCE 1X,DOUBLE_CHANCE 1X,DOUBLE_CHANCE:1X,64.5%,0.644500,,,,,,,Sin cuota/EV,No encontrado en Betano,Media,torneo actual,usa Poisson base con estadisticas de goles del torneo,riesgo propio del resultado final y variacion del modelo,
2026-08-25,13:45,Barnsley vs Crewe,10Bet,,1T +0.5,FIRST_HALF_TOTALS OVER.0.5,FIRST_HALF_TOTALS:OVER_0_5,63.2%,0.632100,2.38,0.50,0.504400,,,,EV positivo,No encontrado en Betano,Media,contexto premium torneo actual,usa promedios del contexto premium/API-Football,el primer tiempo puede tener ritmo bajo o rotaciones,
2026-08-25,13:45,Barnsley vs Crewe,10Bet,,BTTS sí,BTTS YES,BTTS:YES,62.3%,0.623100,3.55,1.21,1.211900,,,,EV positivo,No encontrado en Betano,Media,torneo actual,usa Poisson base con estadisticas de goles del torneo,un gol temprano o baja eficacia puede cambiar la lectura del mercado,
2026-08-25,13:45,Barnsley vs Crewe,,,Local corners +6.5,CORNERS_HOME OVER.6.5,CORNERS_HOME:OVER_6_5,62.2%,0.621800,,,,,,,Sin cuota/EV,No encontrado en Betano,Media,contexto premium torneo actual,usa promedios del contexto premium/API-Football,el volumen ofensivo puede variar por planteamiento y marcador temprano,
2026-08-25,13:45,Barnsley vs Crewe,10Bet,,Goles -3.5,TOTALS UNDER.3.5,TOTALS:UNDER_3_5,62.0%,0.620400,1.55,-0.04,-0.038300,,,,EV negativo,No encontrado en Betano,Media,torneo actual,usa Poisson base con estadisticas de goles del torneo,un gol temprano o baja eficacia puede cambiar la lectura del mercado,
2026-08-25,13:45,Barnsley vs Crewe,10Bet,,Goles +2.5,TOTALS OVER.2.5,TOTALS:OVER_2_5,60.3%,0.603100,3.30,0.99,0.990100,,,,EV positivo,No encontrado en Betano,Media,torneo actual,usa Poisson base con estadisticas de goles del torneo,un gol temprano o baja eficacia puede cambiar la lectura del mercado,
2026-08-25,13:45,Barnsley vs Crewe,,,DOUBLE_CHANCE X2,DOUBLE_CHANCE X2,DOUBLE_CHANCE:X2,59.3%,0.592700,,,,,,,Sin cuota/EV,No encontrado en Betano,Media,torneo actual,usa Poisson base con estadisticas de goles del torneo,riesgo propio del resultado final y variacion del modelo,
2026-08-25,13:45,Barnsley vs Crewe,,,SHOTS_ON_TARGET_TOTAL UNDER.9.5,SHOTS_ON_TARGET_TOTAL UNDER.9.5,SHOTS_ON_TARGET_TOTAL:UNDER_9_5,58.7%,0.587400,,,,,,,Sin cuota/EV,No encontrado en Betano,Media,contexto premium torneo actual,usa promedios del contexto premium/API-Football,el volumen ofensivo puede variar por planteamiento y marcador temprano,
2026-08-25,13:45,Barnsley vs Crewe,,,Corners total -11.5,CORNERS_TOTALS UNDER.11.5,CORNERS_TOTALS:UNDER_11_5,57.9%,0.579300,,,,,,,Sin cuota/EV,No encontrado en Betano,Media,contexto premium torneo actual,usa promedios del contexto premium/API-Football,el volumen ofensivo puede variar por planteamiento y marcador temprano,
2026-08-25,13:45,Barnsley vs Crewe,,,SHOTS_TOTAL OVER.26.5,SHOTS_TOTAL OVER.26.5,SHOTS_TOTAL:OVER_26_5,56.4%,0.563500,,,,,,,Sin cuota/EV,No encontrado en Betano,Media,contexto premium torneo actual,usa promedios del contexto premium/API-Football,el volumen ofensivo puede variar por planteamiento y marcador temprano,
2026-08-25,13:45,Barnsley vs Crewe,,,Visita goles -1.5,TEAM_TOTAL_AWAY UNDER.1.5,TEAM_TOTAL_AWAY:UNDER_1_5,55.8%,0.557900,,,,,,,Sin cuota/EV,No encontrado en Betano,Media,torneo actual,usa Poisson base con estadisticas de goles del torneo,un gol temprano o baja eficacia puede cambiar la lectura del mercado,
2026-08-25,13:45,Barnsley vs Crewe,,,SHOTS_ON_TARGET_TOTAL OVER.8.5,SHOTS_ON_TARGET_TOTAL OVER.8.5,SHOTS_ON_TARGET_TOTAL:OVER_8_5,54.4%,0.544300,,,,,,,Sin cuota/EV,No encontrado en Betano,Baja,contexto premium torneo actual,usa promedios del contexto premium/API-Football,el volumen ofensivo puede variar por planteamiento y marcador temprano,
2026-08-25,13:45,Barnsley vs Crewe,10Bet,,Corners total +10.5,CORNERS_TOTALS OVER.10.5,CORNERS_TOTALS:OVER_10_5,54.0%,0.540100,2.05,0.11,0.107200,,,,EV positivo,No encontrado en Betano,Baja,contexto premium torneo actual,usa promedios del contexto premium/API-Football,el volumen ofensivo puede variar por planteamiento y marcador temprano,
2026-08-25,13:45,Barnsley vs Crewe,,,Visita corners -3.5,CORNERS_AWAY UNDER.3.5,CORNERS_AWAY:UNDER_3_5,53.7%,0.536600,,,,,,,Sin cuota/EV,No encontrado en Betano,Baja,contexto premium torneo actual,usa promedios del contexto premium/API-Football,el volumen ofensivo puede variar por planteamiento y marcador temprano,
2026-08-25,13:45,Barnsley vs Crewe,10Bet,,DNB local,DRAW_NO_BET HOME,DRAW_NO_BET:HOME,53.4%,0.534000,1.36,-0.27,-0.273800,,,,EV negativo,No encontrado en Betano,Baja,torneo actual,usa Poisson base con estadisticas de goles del torneo,riesgo propio del resultado final y variacion del modelo,
2026-08-25,13:45,Barnsley vs Crewe,,,Local goles -1.5,TEAM_TOTAL_HOME UNDER.1.5,TEAM_TOTAL_HOME:UNDER_1_5,51.9%,0.518600,,,,,,,Sin cuota/EV,No encontrado en Betano,Baja,torneo actual,usa Poisson base con estadisticas de goles del torneo,un gol temprano o baja eficacia puede cambiar la lectura del mercado,
2026-08-25,13:45,Barnsley vs Crewe,,,Local goles +1.5,TEAM_TOTAL_HOME OVER.1.5,TEAM_TOTAL_HOME:OVER_1_5,48.1%,0.481400,,,,,,,Sin cuota/EV,No encontrado en Betano,Baja,torneo actual,usa Poisson base con estadisticas de goles del torneo,un gol temprano o baja eficacia puede cambiar la lectura del mercado,
2026-08-25,13:45,Barnsley vs Crewe,10Bet,,DNB visita,DRAW_NO_BET AWAY,DRAW_NO_BET:AWAY,46.6%,0.466000,2.88,0.34,0.342200,,,,EV positivo,No encontrado en Betano,Baja,torneo actual,usa Poisson base con estadisticas de goles del torneo,riesgo propio del resultado final y variacion del modelo,
2026-08-25,13:45,Barnsley vs Crewe,,,Visita corners +3.5,CORNERS_AWAY OVER.3.5,CORNERS_AWAY:OVER_3_5,46.3%,0.463400,,,,,,,Sin cuota/EV,No encontrado en Betano,Baja,contexto premium torneo actual,usa promedios del contexto premium/API-Football,el volumen ofensivo puede variar por planteamiento y marcador temprano,
2026-08-25,13:45,Barnsley vs Crewe,10Bet,,Corners total -10.5,CORNERS_TOTALS UNDER.10.5,CORNERS_TOTALS:UNDER_10_5,46.0%,0.459900,1.70,-0.22,-0.218200,,,,EV negativo,No encontrado en Betano,Baja,contexto premium torneo actual,usa promedios del contexto premium/API-Football,el volumen ofensivo puede variar por planteamiento y marcador temprano,
2026-08-25,13:45,Barnsley vs Crewe,,,SHOTS_ON_TARGET_TOTAL UNDER.8.5,SHOTS_ON_TARGET_TOTAL UNDER.8.5,SHOTS_ON_TARGET_TOTAL:UNDER_8_5,45.6%,0.455700,,,,,,,Sin cuota/EV,No encontrado en Betano,Baja,contexto premium torneo actual,usa promedios del contexto premium/API-Football,el volumen ofensivo puede variar por planteamiento y marcador temprano,
2026-08-25,13:45,Barnsley vs Crewe,,,Visita goles +1.5,TEAM_TOTAL_AWAY OVER.1.5,TEAM_TOTAL_AWAY:OVER_1_5,44.2%,0.442100,,,,,,,Sin cuota/EV,No encontrado en Betano,Baja,torneo actual,usa Poisson base con estadisticas de goles del torneo,un gol temprano o baja eficacia puede cambiar la lectura del mercado,
2026-08-25,13:45,Barnsley vs Crewe,,,SHOTS_TOTAL UNDER.26.5,SHOTS_TOTAL UNDER.26.5,SHOTS_TOTAL:UNDER_26_5,43.6%,0.436500,,,,,,,Sin cuota/EV,No encontrado en Betano,Baja,contexto premium torneo actual,usa promedios del contexto premium/API-Football,el volumen ofensivo puede variar por planteamiento y marcador temprano,
2026-08-25,13:45,Barnsley vs Crewe,,,Corners total +11.5,CORNERS_TOTALS OVER.11.5,CORNERS_TOTALS:OVER_11_5,42.1%,0.420700,,,,,,,Sin cuota/EV,No encontrado en Betano,Baja,contexto premium torneo actual,usa promedios del contexto premium/API-Football,el volumen ofensivo puede variar por planteamiento y marcador temprano,
2026-08-25,13:45,Barnsley vs Crewe,,,SHOTS_ON_TARGET_TOTAL OVER.9.5,SHOTS_ON_TARGET_TOTAL OVER.9.5,SHOTS_ON_TARGET_TOTAL:OVER_9_5,41.3%,0.412600,,,,,,,Sin cuota/EV,No encontrado en Betano,Baja,contexto premium torneo actual,usa promedios del contexto premium/API-Football,el volumen ofensivo puede variar por planteamiento y marcador temprano,
2026-08-25,13:45,Barnsley vs Crewe,10Bet,,Gana local,1X2 HOME,1X2:HOME,40.7%,0.407300,2.65,0.08,0.079300,,,,EV positivo,No encontrado en Betano,Baja,torneo actual,usa Poisson base con estadisticas de goles del torneo,riesgo propio del resultado final y variacion del modelo,
2026-08-25,13:45,Barnsley vs Crewe,10Bet,,Goles -2.5,TOTALS UNDER.2.5,TOTALS:UNDER_2_5,39.7%,0.396900,1.28,-0.49,-0.491900,,,,EV negativo,No encontrado en Betano,Baja,torneo actual,usa Poisson base con estadisticas de goles del torneo,un gol temprano o baja eficacia puede cambiar la lectura del mercado,
2026-08-25,13:45,Barnsley vs Crewe,10Bet,,Goles +3.5,TOTALS OVER.3.5,TOTALS:OVER_3_5,38.0%,0.379600,2.40,-0.09,-0.089100,,,,EV negativo,No encontrado en Betano,Baja,torneo actual,usa Poisson base con estadisticas de goles del torneo,un gol temprano o baja eficacia puede cambiar la lectura del mercado,
2026-08-25,13:45,Barnsley vs Crewe,,,Local corners -6.5,CORNERS_HOME UNDER.6.5,CORNERS_HOME:UNDER_6_5,37.8%,0.378200,,,,,,,Sin cuota/EV,No encontrado en Betano,Baja,contexto premium torneo actual,usa promedios del contexto premium/API-Football,el volumen ofensivo puede variar por planteamiento y marcador temprano,
2026-08-25,13:45,Barnsley vs Crewe,10Bet,,BTTS no,BTTS NO,BTTS:NO,37.7%,0.376900,1.25,-0.53,-0.528800,,,,EV negativo,No encontrado en Betano,Baja,torneo actual,usa Poisson base con estadisticas de goles del torneo,un gol temprano o baja eficacia puede cambiar la lectura del mercado,
2026-08-25,13:45,Barnsley vs Crewe,10Bet,,1T -0.5,FIRST_HALF_TOTALS UNDER.0.5,FIRST_HALF_TOTALS:UNDER_0_5,36.8%,0.367900,1.53,-0.44,-0.437100,,,,EV negativo,No encontrado en Betano,Baja,contexto premium torneo actual,usa promedios del contexto premium/API-Football,el primer tiempo puede tener ritmo bajo o rotaciones,
2026-08-25,13:45,Barnsley vs Crewe,10Bet,,Gana visita,1X2 AWAY,1X2:AWAY,35.5%,0.355500,5.75,1.04,1.044000,,,,EV positivo,No encontrado en Betano,Baja,torneo actual,usa Poisson base con estadisticas de goles del torneo,riesgo propio del resultado final y variacion del modelo,
2026-08-25,13:45,Barnsley vs Crewe,,,Corners total -9.5,CORNERS_TOTALS UNDER.9.5,CORNERS_TOTALS:UNDER_9_5,34.1%,0.340500,,,,,,,Sin cuota/EV,No encontrado en Betano,Baja,contexto premium torneo actual,usa promedios del contexto premium/API-Football,el volumen ofensivo puede variar por planteamiento y marcador temprano,
2026-08-25,13:45,Barnsley vs Crewe,,,SHOTS_ON_TARGET_TOTAL UNDER.7.5,SHOTS_ON_TARGET_TOTAL UNDER.7.5,SHOTS_ON_TARGET_TOTAL:UNDER_7_5,32.4%,0.323900,,,,,,,Sin cuota/EV,No encontrado en Betano,Baja,contexto premium torneo actual,usa promedios del contexto premium/API-Football,el volumen ofensivo puede variar por planteamiento y marcador temprano,
2026-08-25,13:45,Barnsley vs Crewe,,,SHOTS_TOTAL UNDER.24.5,SHOTS_TOTAL UNDER.24.5,SHOTS_TOTAL:UNDER_24_5,29.1%,0.291000,,,,,,,Sin cuota/EV,No encontrado en Betano,Baja,contexto premium torneo actual,usa promedios del contexto premium/API-Football,el volumen ofensivo puede variar por planteamiento y marcador temprano,
2026-08-25,13:45,Barnsley vs Crewe,10Bet,,Visita corners +4.5,CORNERS_AWAY OVER.4.5,CORNERS_AWAY:OVER_4_5,27.5%,0.274600,2.10,-0.42,-0.423400,,,,EV negativo,No encontrado en Betano,Baja,contexto premium torneo actual,usa promedios del contexto premium/API-Football,el volumen ofensivo puede variar por planteamiento y marcador temprano,
2026-08-25,13:45,Barnsley vs Crewe,10Bet,,1T +1.5,FIRST_HALF_TOTALS OVER.1.5,FIRST_HALF_TOTALS:OVER_1_5,26.4%,0.264200,3.55,-0.06,-0.061900,,,,EV negativo,No encontrado en Betano,Baja,contexto premium torneo actual,usa promedios del contexto premium/API-Football,el primer tiempo puede tener ritmo bajo o rotaciones,
2026-08-25,13:45,Barnsley vs Crewe,10Bet,,Local corners -5.5,CORNERS_HOME UNDER.5.5,CORNERS_HOME:UNDER_5_5,24.1%,0.241400,1.93,-0.53,-0.534000,,,,EV negativo,No encontrado en Betano,Baja,contexto premium torneo actual,usa promedios del contexto premium/API-Football,el volumen ofensivo puede variar por planteamiento y marcador temprano,
2026-08-25,13:45,Barnsley vs Crewe,10Bet,,Empate,1X2 DRAW,1X2:DRAW,23.7%,0.237200,1.90,-0.55,-0.549300,,,,EV negativo,No encontrado en Betano,Baja,torneo actual,usa Poisson base con estadisticas de goles del torneo,riesgo propio del resultado final y variacion del modelo,
2026-08-25,13:45,Barnsley vs Crewe,,,Corners total -8.5,CORNERS_TOTALS UNDER.8.5,CORNERS_TOTALS:UNDER_8_5,23.2%,0.232000,,,,,,,Sin cuota/EV,No encontrado en Betano,Baja,contexto premium torneo actual,usa promedios del contexto premium/API-Football,el volumen ofensivo puede variar por planteamiento y marcador temprano,
2026-08-25,13:45,Barnsley vs Crewe,,,Visita goles -0.5,TEAM_TOTAL_AWAY UNDER.0.5,TEAM_TOTAL_AWAY:UNDER_0_5,22.3%,0.223200,,,,,,,Sin cuota/EV,No encontrado en Betano,Baja,torneo actual,usa Poisson base con estadisticas de goles del torneo,un gol temprano o baja eficacia puede cambiar la lectura del mercado,
2026-08-25,13:45,Barnsley vs Crewe,,,Local goles +2.5,TEAM_TOTAL_HOME OVER.2.5,TEAM_TOTAL_HOME:OVER_2_5,22.2%,0.221800,,,,,,,Sin cuota/EV,No encontrado en Betano,Baja,torneo actual,usa Poisson base con estadisticas de goles del torneo,un gol temprano o baja eficacia puede cambiar la lectura del mercado,
2026-08-25,13:45,Barnsley vs Crewe,,,SHOTS_ON_TARGET_TOTAL UNDER.6.5,SHOTS_ON_TARGET_TOTAL UNDER.6.5,SHOTS_ON_TARGET_TOTAL:UNDER_6_5,20.7%,0.206800,,,,,,,Sin cuota/EV,No encontrado en Betano,Baja,contexto premium torneo actual,usa promedios del contexto premium/API-Football,el volumen ofensivo puede variar por planteamiento y marcador temprano,
2026-08-25,13:45,Barnsley vs Crewe,,,Local goles -0.5,TEAM_TOTAL_HOME UNDER.0.5,TEAM_TOTAL_HOME:UNDER_0_5,19.8%,0.198000,,,,,,,Sin cuota/EV,No encontrado en Betano,Baja,torneo actual,usa Poisson base con estadisticas de goles del torneo,un gol temprano o baja eficacia puede cambiar la lectura del mercado,
2026-08-25,13:45,Barnsley vs Crewe,,,Visita goles +2.5,TEAM_TOTAL_AWAY OVER.2.5,TEAM_TOTAL_AWAY:OVER_2_5,19.1%,0.191100,,,,,,,Sin cuota/EV,No encontrado en Betano,Baja,torneo actual,usa Poisson base con estadisticas de goles del torneo,un gol temprano o baja eficacia puede cambiar la lectura del mercado,
2026-08-25,13:45,Barnsley vs Crewe,10Bet,,Goles -1.5,TOTALS UNDER.1.5,TOTALS:UNDER_1_5,18.2%,0.182000,1.95,-0.65,-0.645100,,,,EV negativo,No encontrado en Betano,Baja,torneo actual,usa Poisson base con estadisticas de goles del torneo,un gol temprano o baja eficacia puede cambiar la lectura del mercado,
2026-08-25,13:45,Barnsley vs Crewe,,,SHOTS_TOTAL UNDER.22.5,SHOTS_TOTAL UNDER.22.5,SHOTS_TOTAL:UNDER_22_5,17.1%,0.170600,,,,,,,Sin cuota/EV,No encontrado en Betano,Baja,contexto premium torneo actual,usa promedios del contexto premium/API-Football,el volumen ofensivo puede variar por planteamiento y marcador temprano,
2026-08-25,13:45,Barnsley vs Crewe,,,Corners total -7.5,CORNERS_TOTALS UNDER.7.5,CORNERS_TOTALS:UNDER_7_5,14.3%,0.143200,,,,,,,Sin cuota/EV,No encontrado en Betano,Baja,contexto premium torneo actual,usa promedios del contexto premium/API-Football,el volumen ofensivo puede variar por planteamiento y marcador temprano,
2026-08-25,13:45,Barnsley vs Crewe,,,Visita corners +5.5,CORNERS_AWAY OVER.5.5,CORNERS_AWAY:OVER_5_5,14.2%,0.142400,,,,,,,Sin cuota/EV,No encontrado en Betano,Baja,contexto premium torneo actual,usa promedios del contexto premium/API-Football,el volumen ofensivo puede variar por planteamiento y marcador temprano,
2026-08-25,13:45,Barnsley vs Crewe,,,Local corners -4.5,CORNERS_HOME UNDER.4.5,CORNERS_HOME:UNDER_4_5,13.2%,0.132100,,,,,,,Sin cuota/EV,No encontrado en Betano,Baja,contexto premium torneo actual,usa promedios del contexto premium/API-Football,el volumen ofensivo puede variar por planteamiento y marcador temprano,
2026-08-25,13:45,Barnsley vs Crewe,,,SHOTS_TOTAL UNDER.20.5,SHOTS_TOTAL UNDER.20.5,SHOTS_TOTAL:UNDER_20_5,8.6%,0.086100,,,,,,,Sin cuota/EV,No encontrado en Betano,Baja,contexto premium torneo actual,usa promedios del contexto premium/API-Football,el volumen ofensivo puede variar por planteamiento y marcador temprano,
2026-08-25,13:45,Barnsley vs Crewe,,,Visita corners +6.5,CORNERS_AWAY OVER.6.5,CORNERS_AWAY:OVER_6_5,6.5%,0.065300,,,,,,,Sin cuota/EV,No encontrado en Betano,Baja,contexto premium torneo actual,usa promedios del contexto premium/API-Football,el volumen ofensivo puede variar por planteamiento y marcador temprano,
2026-08-25,13:45,Barnsley vs Crewe,,,Local corners -3.5,CORNERS_HOME UNDER.3.5,CORNERS_HOME:UNDER_3_5,5.9%,0.059100,,,,,,,Sin cuota/EV,No encontrado en Betano,Baja,contexto premium torneo actual,usa promedios del contexto premium/API-Football,el volumen ofensivo puede variar por planteamiento y marcador temprano,
2026-08-25,13:45,Barnsley vs Crewe,,,SHOTS_TOTAL UNDER.18.5,SHOTS_TOTAL UNDER.18.5,SHOTS_TOTAL:UNDER_18_5,3.7%,0.036600,,,,,,,Sin cuota/EV,No encontrado en Betano,Baja,contexto premium torneo actual,usa promedios del contexto premium/API-Football,el volumen ofensivo puede variar por planteamiento y marcador temprano,
2026-08-25,13:45,Blackburn vs Sheffield Utd,,,SHOTS_TOTAL OVER.18.5,SHOTS_TOTAL OVER.18.5,SHOTS_TOTAL:OVER_18_5,99.9%,0.998800,,,,,,,Sin cuota/EV,No encontrado en Betano,Alta,contexto premium torneo actual,usa promedios del contexto premium/API-Football,el volumen ofensivo puede variar por planteamiento y marcador temprano,
2026-08-25,13:45,Blackburn vs Sheffield Utd,,,SHOTS_TOTAL OVER.20.5,SHOTS_TOTAL OVER.20.5,SHOTS_TOTAL:OVER_20_5,99.6%,0.995700,,,,,,,Sin cuota/EV,No encontrado en Betano,Alta,contexto premium torneo actual,usa promedios del contexto premium/API-Football,el volumen ofensivo puede variar por planteamiento y marcador temprano,
2026-08-25,13:45,Blackburn vs Sheffield Utd,,,Tarjetas total -6.5,CARDS_TOTALS UNDER.6.5,CARDS_TOTALS:UNDER_6_5,99.6%,0.995500,,,,,,,Sin cuota/EV,No encontrado en Betano,Alta,contexto premium torneo actual,usa promedios del contexto premium/API-Football,depende mucho del arbitro y del contexto competitivo,
2026-08-25,13:45,Blackburn vs Sheffield Utd,,,SHOTS_TOTAL OVER.22.5,SHOTS_TOTAL OVER.22.5,SHOTS_TOTAL:OVER_22_5,98.7%,0.987200,,,,,,,Sin cuota/EV,No encontrado en Betano,Alta,contexto premium torneo actual,usa promedios del contexto premium/API-Football,el volumen ofensivo puede variar por planteamiento y marcador temprano,
2026-08-25,13:45,Blackburn vs Sheffield Utd,,,Tarjetas total -5.5,CARDS_TOTALS UNDER.5.5,CARDS_TOTALS:UNDER_5_5,98.3%,0.983400,,,,,,,Sin cuota/EV,No encontrado en Betano,Alta,contexto premium torneo actual,usa promedios del contexto premium/API-Football,depende mucho del arbitro y del contexto competitivo,
2026-08-25,13:45,Blackburn vs Sheffield Utd,,,Local tarjetas -3.5,CARDS_HOME UNDER.3.5,CARDS_HOME:UNDER_3_5,98.1%,0.981000,,,,,,,Sin cuota/EV,No encontrado en Betano,Alta,contexto premium torneo actual,usa promedios del contexto premium/API-Football,depende mucho del arbitro y del contexto competitivo,
2026-08-25,13:45,Blackburn vs Sheffield Utd,,,Visita tarjetas -3.5,CARDS_AWAY UNDER.3.5,CARDS_AWAY:UNDER_3_5,98.1%,0.981000,,,,,,,Sin cuota/EV,No encontrado en Betano,Alta,contexto premium torneo actual,usa promedios del contexto premium/API-Football,depende mucho del arbitro y del contexto competitivo,
2026-08-25,13:45,Blackburn vs Sheffield Utd,,,SHOTS_TOTAL OVER.24.5,SHOTS_TOTAL OVER.24.5,SHOTS_TOTAL:OVER_24_5,96.8%,0.967600,,,,,,,Sin cuota/EV,No encontrado en Betano,Alta,contexto premium torneo actual,usa promedios del contexto premium/API-Football,el volumen ofensivo puede variar por planteamiento y marcador temprano,
2026-08-25,13:45,Blackburn vs Sheffield Utd,,,Tarjetas total -4.5,CARDS_TOTALS UNDER.4.5,CARDS_TOTALS:UNDER_4_5,94.7%,0.947300,,,,,,,Sin cuota/EV,No encontrado en Betano,Alta,contexto premium torneo actual,usa promedios del contexto premium/API-Football,depende mucho del arbitro y del contexto competitivo,
2026-08-25,13:45,Blackburn vs Sheffield Utd,,,SHOTS_TOTAL OVER.26.5,SHOTS_TOTAL OVER.26.5,SHOTS_TOTAL:OVER_26_5,93.0%,0.929500,,,,,,,Sin cuota/EV,No encontrado en Betano,Alta,contexto premium torneo actual,usa promedios del contexto premium/API-Football,el volumen ofensivo puede variar por planteamiento y marcador temprano,
2026-08-25,13:45,Blackburn vs Sheffield Utd,,,Local tarjetas -2.5,CARDS_HOME UNDER.2.5,CARDS_HOME:UNDER_2_5,92.0%,0.919700,,,,,,,Sin cuota/EV,No encontrado en Betano,Alta,contexto premium torneo actual,usa promedios del contexto premium/API-Football,depende mucho del arbitro y del contexto competitivo,
2026-08-25,13:45,Blackburn vs Sheffield Utd,,,Visita tarjetas -2.5,CARDS_AWAY UNDER.2.5,CARDS_AWAY:UNDER_2_5,92.0%,0.919700,,,,,,,Sin cuota/EV,No encontrado en Betano,Alta,contexto premium torneo actual,usa promedios del contexto premium/API-Football,depende mucho del arbitro y del contexto competitivo,
2026-08-25,13:45,Blackburn vs Sheffield Utd,,,Local corners +3.5,CORNERS_HOME OVER.3.5,CORNERS_HOME:OVER_3_5,91.8%,0.918200,,,,,,,Sin cuota/EV,No encontrado en Betano,Alta,contexto premium torneo actual,usa promedios del contexto premium/API-Football,el volumen ofensivo puede variar por planteamiento y marcador temprano,
2026-08-25,13:45,Blackburn vs Sheffield Utd,,,Local goles -2.5,TEAM_TOTAL_HOME UNDER.2.5,TEAM_TOTAL_HOME:UNDER_2_5,90.4%,0.904400,,,,,,,Sin cuota/EV,No encontrado en Betano,Alta,torneo actual,usa Poisson base con estadisticas de goles del torneo,un gol temprano o baja eficacia puede cambiar la lectura del mercado,
2026-08-25,13:45,Blackburn vs Sheffield Utd,,,Corners total +7.5,CORNERS_TOTALS OVER.7.5,CORNERS_TOTALS:OVER_7_5,88.6%,0.886300,,,,,,,Sin cuota/EV,No encontrado en Betano,Alta,contexto premium torneo actual,usa promedios del contexto premium/API-Football,el volumen ofensivo puede variar por planteamiento y marcador temprano,
2026-08-25,13:45,Blackburn vs Sheffield Utd,,,Visita goles +0.5,TEAM_TOTAL_AWAY OVER.0.5,TEAM_TOTAL_AWAY:OVER_0_5,86.4%,0.864400,,,,,,,Sin cuota/EV,No encontrado en Betano,Alta,torneo actual,usa Poisson base con estadisticas de goles del torneo,un gol temprano o baja eficacia puede cambiar la lectura del mercado,
2026-08-25,13:45,Blackburn vs Sheffield Utd,,,Tarjetas total -3.5,CARDS_TOTALS UNDER.3.5,CARDS_TOTALS:UNDER_3_5,85.7%,0.857100,,,,,,,Sin cuota/EV,No encontrado en Betano,Alta,contexto premium torneo actual,usa promedios del contexto premium/API-Football,depende mucho del arbitro y del contexto competitivo,
2026-08-25,13:45,Blackburn vs Sheffield Utd,,,SHOTS_ON_TARGET_TOTAL OVER.6.5,SHOTS_ON_TARGET_TOTAL OVER.6.5,SHOTS_ON_TARGET_TOTAL:OVER_6_5,83.5%,0.835100,,,,,,,Sin cuota/EV,No encontrado en Betano,Alta,contexto premium torneo actual,usa promedios del contexto premium/API-Football,el volumen ofensivo puede variar por planteamiento y marcador temprano,
2026-08-25,13:45,Blackburn vs Sheffield Utd,,,Visita corners -6.5,CORNERS_AWAY UNDER.6.5,CORNERS_AWAY:UNDER_6_5,83.1%,0.831100,,,,,,,Sin cuota/EV,No encontrado en Betano,Alta,contexto premium torneo actual,usa promedios del contexto premium/API-Football,el volumen ofensivo puede variar por planteamiento y marcador temprano,
2026-08-25,13:45,Blackburn vs Sheffield Utd,10Bet,,Local corners +4.5,CORNERS_HOME OVER.4.5,CORNERS_HOME:OVER_4_5,82.7%,0.827000,1.62,0.34,0.339800,,,,EV positivo,No encontrado en Betano,Alta,contexto premium torneo actual,usa promedios del contexto premium/API-Football,el volumen ofensivo puede variar por planteamiento y marcador temprano,
2026-08-25,13:45,Blackburn vs Sheffield Utd,10Bet,,Goles +1.5,TOTALS OVER.1.5,TOTALS:OVER_1_5,81.2%,0.812200,2.05,0.67,0.665100,,,,EV positivo,No encontrado en Betano,Alta,torneo actual,usa Poisson base con estadisticas de goles del torneo,un gol temprano o baja eficacia puede cambiar la lectura del mercado,
2026-08-25,13:45,Blackburn vs Sheffield Utd,,,Corners total +8.5,CORNERS_TOTALS OVER.8.5,CORNERS_TOTALS:OVER_8_5,80.9%,0.809400,,,,,,,Sin cuota/EV,No encontrado en Betano,Alta,contexto premium torneo actual,usa promedios del contexto premium/API-Football,el volumen ofensivo puede variar por planteamiento y marcador temprano,
2026-08-25,13:45,Blackburn vs Sheffield Utd,,,DOUBLE_CHANCE X2,DOUBLE_CHANCE X2,DOUBLE_CHANCE:X2,80.0%,0.800400,,,,,,,Sin cuota/EV,No encontrado en Betano,Alta,torneo actual,usa Poisson base con estadisticas de goles del torneo,riesgo propio del resultado final y variacion del modelo,
2026-08-25,13:45,Blackburn vs Sheffield Utd,,,DOUBLE_CHANCE 12,DOUBLE_CHANCE 12,DOUBLE_CHANCE:12,78.6%,0.786300,,,,,,,Sin cuota/EV,No encontrado en Betano,Alta,torneo actual,usa Poisson base con estadisticas de goles del torneo,riesgo propio del resultado final y variacion del modelo,
2026-08-25,13:45,Blackburn vs Sheffield Utd,10Bet,,DNB visita,DRAW_NO_BET AWAY,DRAW_NO_BET:AWAY,74.6%,0.746100,1.83,0.37,0.365400,,,,EV positivo,No encontrado en Betano,Alta,torneo actual,usa Poisson base con estadisticas de goles del torneo,riesgo propio del resultado final y variacion del modelo,
2026-08-25,13:45,Blackburn vs Sheffield Utd,,,Local tarjetas -1.5,CARDS_HOME UNDER.1.5,CARDS_HOME:UNDER_1_5,73.6%,0.735800,,,,,,,Sin cuota/EV,No encontrado en Betano,Alta,contexto premium torneo actual,usa promedios del contexto premium/API-Football,depende mucho del arbitro y del contexto competitivo,
2026-08-25,13:45,Blackburn vs Sheffield Utd,,,Visita tarjetas -1.5,CARDS_AWAY UNDER.1.5,CARDS_AWAY:UNDER_1_5,73.6%,0.735800,,,,,,,Sin cuota/EV,No encontrado en Betano,Alta,contexto premium torneo actual,usa promedios del contexto premium/API-Football,depende mucho del arbitro y del contexto competitivo,
2026-08-25,13:45,Blackburn vs Sheffield Utd,10Bet,,1T -1.5,FIRST_HALF_TOTALS UNDER.1.5,FIRST_HALF_TOTALS:UNDER_1_5,73.6%,0.735800,1.09,-0.20,-0.198000,,,,EV negativo,No encontrado en Betano,Alta,contexto premium torneo actual,usa promedios del contexto premium/API-Football,el primer tiempo puede tener ritmo bajo o rotaciones,
2026-08-25,13:45,Blackburn vs Sheffield Utd,,,SHOTS_ON_TARGET_TOTAL OVER.7.5,SHOTS_ON_TARGET_TOTAL OVER.7.5,SHOTS_ON_TARGET_TOTAL:OVER_7_5,73.1%,0.731300,,,,,,,Sin cuota/EV,No encontrado en Betano,Alta,contexto premium torneo actual,usa promedios del contexto premium/API-Football,el volumen ofensivo puede variar por planteamiento y marcador temprano,
2026-08-25,13:45,Blackburn vs Sheffield Utd,,,Corners total +9.5,CORNERS_TOTALS OVER.9.5,CORNERS_TOTALS:OVER_9_5,71.1%,0.711200,,,,,,,Sin cuota/EV,No encontrado en Betano,Alta,contexto premium torneo actual,usa promedios del contexto premium/API-Football,el volumen ofensivo puede variar por planteamiento y marcador temprano,
2026-08-25,13:45,Blackburn vs Sheffield Utd,,,Local goles -1.5,TEAM_TOTAL_HOME UNDER.1.5,TEAM_TOTAL_HOME:UNDER_1_5,70.6%,0.706400,,,,,,,Sin cuota/EV,No encontrado en Betano,Alta,torneo actual,usa Poisson base con estadisticas de goles del torneo,un gol temprano o baja eficacia puede cambiar la lectura del mercado,
2026-08-25,13:45,Blackburn vs Sheffield Utd,,,Visita corners -5.5,CORNERS_AWAY UNDER.5.5,CORNERS_AWAY:UNDER_5_5,70.3%,0.702900,,,,,,,Sin cuota/EV,No encontrado en Betano,Alta,contexto premium torneo actual,usa promedios del contexto premium/API-Football,el volumen ofensivo puede variar por planteamiento y marcador temprano,
2026-08-25,13:45,Blackburn vs Sheffield Utd,,,Local corners +5.5,CORNERS_HOME OVER.5.5,CORNERS_HOME:OVER_5_5,69.9%,0.699300,,,,,,,Sin cuota/EV,No encontrado en Betano,Media,contexto premium torneo actual,usa promedios del contexto premium/API-Football,el volumen ofensivo puede variar por planteamiento y marcador temprano,
2026-08-25,13:45,Blackburn vs Sheffield Utd,,,Visita goles -2.5,TEAM_TOTAL_AWAY UNDER.2.5,TEAM_TOTAL_AWAY:UNDER_2_5,67.7%,0.676900,,,,,,,Sin cuota/EV,No encontrado en Betano,Media,torneo actual,usa Poisson base con estadisticas de goles del torneo,un gol temprano o baja eficacia puede cambiar la lectura del mercado,
2026-08-25,13:45,Blackburn vs Sheffield Utd,,,Tarjetas total -2.5,CARDS_TOTALS UNDER.2.5,CARDS_TOTALS:UNDER_2_5,67.7%,0.676700,,,,,,,Sin cuota/EV,No encontrado en Betano,Media,contexto premium torneo actual,usa promedios del contexto premium/API-Football,depende mucho del arbitro y del contexto competitivo,
2026-08-25,13:45,Blackburn vs Sheffield Utd,,,Local goles +0.5,TEAM_TOTAL_HOME OVER.0.5,TEAM_TOTAL_HOME:OVER_0_5,66.0%,0.660200,,,,,,,Sin cuota/EV,No encontrado en Betano,Media,torneo actual,usa Poisson base con estadisticas de goles del torneo,un gol temprano o baja eficacia puede cambiar la lectura del mercado,
2026-08-25,13:45,Blackburn vs Sheffield Utd,,,Visita corners +3.5,CORNERS_AWAY OVER.3.5,CORNERS_AWAY:OVER_3_5,65.8%,0.657700,,,,,,,Sin cuota/EV,No encontrado en Betano,Media,contexto premium torneo actual,usa promedios del contexto premium/API-Football,el volumen ofensivo puede variar por planteamiento y marcador temprano,
2026-08-25,13:45,Blackburn vs Sheffield Utd,,,Local tarjetas +0.5,CARDS_HOME OVER.0.5,CARDS_HOME:OVER_0_5,63.2%,0.632100,,,,,,,Sin cuota/EV,No encontrado en Betano,Media,contexto premium torneo actual,usa promedios del contexto premium/API-Football,depende mucho del arbitro y del contexto competitivo,
2026-08-25,13:45,Blackburn vs Sheffield Utd,,,Visita tarjetas +0.5,CARDS_AWAY OVER.0.5,CARDS_AWAY:OVER_0_5,63.2%,0.632100,,,,,,,Sin cuota/EV,No encontrado en Betano,Media,contexto premium torneo actual,usa promedios del contexto premium/API-Football,depende mucho del arbitro y del contexto competitivo,
2026-08-25,13:45,Blackburn vs Sheffield Utd,10Bet,,1T +0.5,FIRST_HALF_TOTALS OVER.0.5,FIRST_HALF_TOTALS:OVER_0_5,63.2%,0.632100,2.00,0.26,0.264200,,,,EV positivo,No encontrado en Betano,Media,contexto premium torneo actual,usa promedios del contexto premium/API-Football,el primer tiempo puede tener ritmo bajo o rotaciones,
2026-08-25,13:45,Blackburn vs Sheffield Utd,10Bet,,Goles -3.5,TOTALS UNDER.3.5,TOTALS:UNDER_3_5,63.0%,0.629600,1.33,-0.16,-0.162700,,,,EV negativo,No encontrado en Betano,Media,torneo actual,usa Poisson base con estadisticas de goles del torneo,un gol temprano o baja eficacia puede cambiar la lectura del mercado,
2026-08-25,13:45,Blackburn vs Sheffield Utd,,,SHOTS_ON_TARGET_TOTAL OVER.8.5,SHOTS_ON_TARGET_TOTAL OVER.8.5,SHOTS_ON_TARGET_TOTAL:OVER_8_5,60.8%,0.608200,,,,,,,Sin cuota/EV,No encontrado en Betano,Media,contexto premium torneo actual,usa promedios del contexto premium/API-Football,el volumen ofensivo puede variar por planteamiento y marcador temprano,
2026-08-25,13:45,Blackburn vs Sheffield Utd,10Bet,,Corners total +10.5,CORNERS_TOTALS OVER.10.5,CORNERS_TOTALS:OVER_10_5,59.8%,0.598300,2.05,0.23,0.226500,,,,EV positivo,No encontrado en Betano,Media,contexto premium torneo actual,usa promedios del contexto premium/API-Football,el volumen ofensivo puede variar por planteamiento y marcador temprano,
2026-08-25,13:45,Blackburn vs Sheffield Utd,10Bet,,Goles +2.5,TOTALS OVER.2.5,TOTALS:OVER_2_5,59.4%,0.594300,4.20,1.50,1.495900,,,,EV positivo,No encontrado en Betano,Media,torneo actual,usa Poisson base con estadisticas de goles del torneo,un gol temprano o baja eficacia puede cambiar la lectura del mercado,
2026-08-25,13:45,Blackburn vs Sheffield Utd,,,Visita goles +1.5,TEAM_TOTAL_AWAY OVER.1.5,TEAM_TOTAL_AWAY:OVER_1_5,59.4%,0.593800,,,,,,,Sin cuota/EV,No encontrado en Betano,Media,torneo actual,usa Poisson base con estadisticas de goles del torneo,un gol temprano o baja eficacia puede cambiar la lectura del mercado,
2026-08-25,13:45,Blackburn vs Sheffield Utd,10Bet,,Gana visita,1X2 AWAY,1X2:AWAY,58.7%,0.586700,3.95,1.32,1.317500,,,,EV positivo,No encontrado en Betano,Media,torneo actual,usa Poisson base con estadisticas de goles del torneo,riesgo propio del resultado final y variacion del modelo,
2026-08-25,13:45,Blackburn vs Sheffield Utd,10Bet,,BTTS sí,BTTS YES,BTTS:YES,57.1%,0.570900,4.00,1.28,1.283500,,,,EV positivo,No encontrado en Betano,Media,torneo actual,usa Poisson base con estadisticas de goles del torneo,un gol temprano o baja eficacia puede cambiar la lectura del mercado,
2026-08-25,13:45,Blackburn vs Sheffield Utd,,,Local corners +6.5,CORNERS_HOME OVER.6.5,CORNERS_HOME:OVER_6_5,55.0%,0.550300,,,,,,,Sin cuota/EV,No encontrado en Betano,Media,contexto premium torneo actual,usa promedios del contexto premium/API-Football,el volumen ofensivo puede variar por planteamiento y marcador temprano,
2026-08-25,13:45,Blackburn vs Sheffield Utd,10Bet,,Visita corners -4.5,CORNERS_AWAY UNDER.4.5,CORNERS_AWAY:UNDER_4_5,53.2%,0.532100,2.00,0.06,0.064200,,,,EV positivo,No encontrado en Betano,Baja,contexto premium torneo actual,usa promedios del contexto premium/API-Football,el volumen ofensivo puede variar por planteamiento y marcador temprano,
2026-08-25,13:45,Blackburn vs Sheffield Utd,,,SHOTS_ON_TARGET_TOTAL UNDER.9.5,SHOTS_ON_TARGET_TOTAL UNDER.9.5,SHOTS_ON_TARGET_TOTAL:UNDER_9_5,52.2%,0.521800,,,,,,,Sin cuota/EV,No encontrado en Betano,Baja,contexto premium torneo actual,usa promedios del contexto premium/API-Football,el volumen ofensivo puede variar por planteamiento y marcador temprano,
2026-08-25,13:45,Blackburn vs Sheffield Utd,,,Corners total -11.5,CORNERS_TOTALS UNDER.11.5,CORNERS_TOTALS:UNDER_11_5,52.0%,0.519800,,,,,,,Sin cuota/EV,No encontrado en Betano,Baja,contexto premium torneo actual,usa promedios del contexto premium/API-Football,el volumen ofensivo puede variar por planteamiento y marcador temprano,
2026-08-25,13:45,Blackburn vs Sheffield Utd,,,Corners total +11.5,CORNERS_TOTALS OVER.11.5,CORNERS_TOTALS:OVER_11_5,48.0%,0.480200,,,,,,,Sin cuota/EV,No encontrado en Betano,Baja,contexto premium torneo actual,usa promedios del contexto premium/API-Football,el volumen ofensivo puede variar por planteamiento y marcador temprano,
2026-08-25,13:45,Blackburn vs Sheffield Utd,,,SHOTS_ON_TARGET_TOTAL OVER.9.5,SHOTS_ON_TARGET_TOTAL OVER.9.5,SHOTS_ON_TARGET_TOTAL:OVER_9_5,47.8%,0.478200,,,,,,,Sin cuota/EV,No encontrado en Betano,Baja,contexto premium torneo actual,usa promedios del contexto premium/API-Football,el volumen ofensivo puede variar por planteamiento y marcador temprano,
2026-08-25,13:45,Blackburn vs Sheffield Utd,10Bet,,Visita corners +4.5,CORNERS_AWAY OVER.4.5,CORNERS_AWAY:OVER_4_5,46.8%,0.467900,1.62,-0.24,-0.242000,,,,EV negativo,No encontrado en Betano,Baja,contexto premium torneo actual,usa promedios del contexto premium/API-Football,el volumen ofensivo puede variar por planteamiento y marcador temprano,
2026-08-25,13:45,Blackburn vs Sheffield Utd,,,Local corners -6.5,CORNERS_HOME UNDER.6.5,CORNERS_HOME:UNDER_6_5,45.0%,0.449700,,,,,,,Sin cuota/EV,No encontrado en Betano,Baja,contexto premium torneo actual,usa promedios del contexto premium/API-Football,el volumen ofensivo puede variar por planteamiento y marcador temprano,
2026-08-25,13:45,Blackburn vs Sheffield Utd,10Bet,,BTTS no,BTTS NO,BTTS:NO,42.9%,0.429100,1.20,-0.48,-0.485000,,,,EV negativo,No encontrado en Betano,Baja,torneo actual,usa Poisson base con estadisticas de goles del torneo,un gol temprano o baja eficacia puede cambiar la lectura del mercado,
2026-08-25,13:45,Blackburn vs Sheffield Utd,,,DOUBLE_CHANCE 1X,DOUBLE_CHANCE 1X,DOUBLE_CHANCE:1X,41.3%,0.413300,,,,,,,Sin cuota/EV,No encontrado en Betano,Baja,torneo actual,usa Poisson base con estadisticas de goles del torneo,riesgo propio del resultado final y variacion del modelo,
2026-08-25,13:45,Blackburn vs Sheffield Utd,,,Visita goles -1.5,TEAM_TOTAL_AWAY UNDER.1.5,TEAM_TOTAL_AWAY:UNDER_1_5,40.6%,0.406200,,,,,,,Sin cuota/EV,No encontrado en Betano,Baja,torneo actual,usa Poisson base con estadisticas de goles del torneo,un gol temprano o baja eficacia puede cambiar la lectura del mercado,
2026-08-25,13:45,Blackburn vs Sheffield Utd,10Bet,,Goles -2.5,TOTALS UNDER.2.5,TOTALS:UNDER_2_5,40.6%,0.405700,1.18,-0.52,-0.521200,,,,EV negativo,No encontrado en Betano,Baja,torneo actual,usa Poisson base con estadisticas de goles del torneo,un gol temprano o baja eficacia puede cambiar la lectura del mercado,
2026-08-25,13:45,Blackburn vs Sheffield Utd,10Bet,,Corners total -10.5,CORNERS_TOTALS UNDER.10.5,CORNERS_TOTALS:UNDER_10_5,40.2%,0.401700,1.70,-0.32,-0.317100,,,,EV negativo,No encontrado en Betano,Baja,contexto premium torneo actual,usa promedios del contexto premium/API-Football,el volumen ofensivo puede variar por planteamiento y marcador temprano,
2026-08-25,13:45,Blackburn vs Sheffield Utd,,,SHOTS_ON_TARGET_TOTAL UNDER.8.5,SHOTS_ON_TARGET_TOTAL UNDER.8.5,SHOTS_ON_TARGET_TOTAL:UNDER_8_5,39.2%,0.391800,,,,,,,Sin cuota/EV,No encontrado en Betano,Baja,contexto premium torneo actual,usa promedios del contexto premium/API-Football,el volumen ofensivo puede variar por planteamiento y marcador temprano,
2026-08-25,13:45,Blackburn vs Sheffield Utd,10Bet,,Goles +3.5,TOTALS OVER.3.5,TOTALS:OVER_3_5,37.0%,0.370400,3.20,0.19,0.185400,,,,EV positivo,No encontrado en Betano,Baja,torneo actual,usa Poisson base con estadisticas de goles del torneo,un gol temprano o baja eficacia puede cambiar la lectura del mercado,
2026-08-25,13:45,Blackburn vs Sheffield Utd,,,Local tarjetas -0.5,CARDS_HOME UNDER.0.5,CARDS_HOME:UNDER_0_5,36.8%,0.367900,,,,,,,Sin cuota/EV,No encontrado en Betano,Baja,contexto premium torneo actual,usa promedios del contexto premium/API-Football,depende mucho del arbitro y del contexto competitivo,
2026-08-25,13:45,Blackburn vs Sheffield Utd,,,Visita tarjetas -0.5,CARDS_AWAY UNDER.0.5,CARDS_AWAY:UNDER_0_5,36.8%,0.367900,,,,,,,Sin cuota/EV,No encontrado en Betano,Baja,contexto premium torneo actual,usa promedios del contexto premium/API-Football,depende mucho del arbitro y del contexto competitivo,
2026-08-25,13:45,Blackburn vs Sheffield Utd,10Bet,,1T -0.5,FIRST_HALF_TOTALS UNDER.0.5,FIRST_HALF_TOTALS:UNDER_0_5,36.8%,0.367900,1.75,-0.36,-0.356200,,,,EV negativo,No encontrado en Betano,Baja,contexto premium torneo actual,usa promedios del contexto premium/API-Football,el primer tiempo puede tener ritmo bajo o rotaciones,
2026-08-25,13:45,Blackburn vs Sheffield Utd,,,Visita corners -3.5,CORNERS_AWAY UNDER.3.5,CORNERS_AWAY:UNDER_3_5,34.2%,0.342300,,,,,,,Sin cuota/EV,No encontrado en Betano,Baja,contexto premium torneo actual,usa promedios del contexto premium/API-Football,el volumen ofensivo puede variar por planteamiento y marcador temprano,
2026-08-25,13:45,Blackburn vs Sheffield Utd,,,Local goles -0.5,TEAM_TOTAL_HOME UNDER.0.5,TEAM_TOTAL_HOME:UNDER_0_5,34.0%,0.339800,,,,,,,Sin cuota/EV,No encontrado en Betano,Baja,torneo actual,usa Poisson base con estadisticas de goles del torneo,un gol temprano o baja eficacia puede cambiar la lectura del mercado,
2026-08-25,13:45,Blackburn vs Sheffield Utd,,,Tarjetas total +2.5,CARDS_TOTALS OVER.2.5,CARDS_TOTALS:OVER_2_5,32.3%,0.323300,,,,,,,Sin cuota/EV,No encontrado en Betano,Baja,contexto premium torneo actual,usa promedios del contexto premium/API-Football,depende mucho del arbitro y del contexto competitivo,
2026-08-25,13:45,Blackburn vs Sheffield Utd,,,Visita goles +2.5,TEAM_TOTAL_AWAY OVER.2.5,TEAM_TOTAL_AWAY:OVER_2_5,32.3%,0.323100,,,,,,,Sin cuota/EV,No encontrado en Betano,Baja,torneo actual,usa Poisson base con estadisticas de goles del torneo,un gol temprano o baja eficacia puede cambiar la lectura del mercado,
2026-08-25,13:45,Blackburn vs Sheffield Utd,,,Local corners -5.5,CORNERS_HOME UNDER.5.5,CORNERS_HOME:UNDER_5_5,30.1%,0.300700,,,,,,,Sin cuota/EV,No encontrado en Betano,Baja,contexto premium torneo actual,usa promedios del contexto premium/API-Football,el volumen ofensivo puede variar por planteamiento y marcador temprano,
2026-08-25,13:45,Blackburn vs Sheffield Utd,,,Visita corners +5.5,CORNERS_AWAY OVER.5.5,CORNERS_AWAY:OVER_5_5,29.7%,0.297100,,,,,,,Sin cuota/EV,No encontrado en Betano,Baja,contexto premium torneo actual,usa promedios del contexto premium/API-Football,el volumen ofensivo puede variar por planteamiento y marcador temprano,
2026-08-25,13:45,Blackburn vs Sheffield Utd,,,Local goles +1.5,TEAM_TOTAL_HOME OVER.1.5,TEAM_TOTAL_HOME:OVER_1_5,29.4%,0.293600,,,,,,,Sin cuota/EV,No encontrado en Betano,Baja,torneo actual,usa Poisson base con estadisticas de goles del torneo,un gol temprano o baja eficacia puede cambiar la lectura del mercado,
2026-08-25,13:45,Blackburn vs Sheffield Utd,,,Corners total -9.5,CORNERS_TOTALS UNDER.9.5,CORNERS_TOTALS:UNDER_9_5,28.9%,0.288800,,,,,,,Sin cuota/EV,No encontrado en Betano,Baja,contexto premium torneo actual,usa promedios del contexto premium/API-Football,el volumen ofensivo puede variar por planteamiento y marcador temprano,
2026-08-25,13:45,Blackburn vs Sheffield Utd,,,SHOTS_ON_TARGET_TOTAL UNDER.7.5,SHOTS_ON_TARGET_TOTAL UNDER.7.5,SHOTS_ON_TARGET_TOTAL:UNDER_7_5,26.9%,0.268700,,,,,,,Sin cuota/EV,No encontrado en Betano,Baja,contexto premium torneo actual,usa promedios del contexto premium/API-Football,el volumen ofensivo puede variar por planteamiento y marcador temprano,
2026-08-25,13:45,Blackburn vs Sheffield Utd,,,Local tarjetas +1.5,CARDS_HOME OVER.1.5,CARDS_HOME:OVER_1_5,26.4%,0.264200,,,,,,,Sin cuota/EV,No encontrado en Betano,Baja,contexto premium torneo actual,usa promedios del contexto premium/API-Football,depende mucho del arbitro y del contexto competitivo,
2026-08-25,13:45,Blackburn vs Sheffield Utd,,,Visita tarjetas +1.5,CARDS_AWAY OVER.1.5,CARDS_AWAY:OVER_1_5,26.4%,0.264200,,,,,,,Sin cuota/EV,No encontrado en Betano,Baja,contexto premium torneo actual,usa promedios del contexto premium/API-Football,depende mucho del arbitro y del contexto competitivo,
2026-08-25,13:45,Blackburn vs Sheffield Utd,10Bet,,1T +1.5,FIRST_HALF_TOTALS OVER.1.5,FIRST_HALF_TOTALS:OVER_1_5,26.4%,0.264200,6.25,0.65,0.651500,,,,EV positivo,No encontrado en Betano,Baja,contexto premium torneo actual,usa promedios del contexto premium/API-Football,el primer tiempo puede tener ritmo bajo o rotaciones,
2026-08-25,13:45,Blackburn vs Sheffield Utd,10Bet,,DNB local,DRAW_NO_BET HOME,DRAW_NO_BET:HOME,25.4%,0.253900,1.85,-0.53,-0.530300,,,,EV negativo,No encontrado en Betano,Baja,torneo actual,usa Poisson base con estadisticas de goles del torneo,riesgo propio del resultado final y variacion del modelo,
2026-08-25,13:45,Blackburn vs Sheffield Utd,10Bet,,Empate,1X2 DRAW,1X2:DRAW,21.4%,0.213700,1.70,-0.64,-0.636800,,,,EV negativo,No encontrado en Betano,Baja,torneo actual,usa Poisson base con estadisticas de goles del torneo,riesgo propio del resultado final y variacion del modelo,
2026-08-25,13:45,Blackburn vs Sheffield Utd,10Bet,,Gana local,1X2 HOME,1X2:HOME,20.0%,0.199600,4.20,-0.16,-0.161500,,,,EV negativo,No encontrado en Betano,Baja,torneo actual,usa Poisson base con estadisticas de goles del torneo,riesgo propio del resultado final y variacion del modelo,
2026-08-25,13:45,Blackburn vs Sheffield Utd,,,Corners total -8.5,CORNERS_TOTALS UNDER.8.5,CORNERS_TOTALS:UNDER_8_5,19.1%,0.190600,,,,,,,Sin cuota/EV,No encontrado en Betano,Baja,contexto premium torneo actual,usa promedios del contexto premium/API-Football,el volumen ofensivo puede variar por planteamiento y marcador temprano,
2026-08-25,13:45,Blackburn vs Sheffield Utd,10Bet,,Goles -1.5,TOTALS UNDER.1.5,TOTALS:UNDER_1_5,18.8%,0.187800,1.70,-0.68,-0.680800,,,,EV negativo,No encontrado en Betano,Baja,torneo actual,usa Poisson base con estadisticas de goles del torneo,un gol temprano o baja eficacia puede cambiar la lectura del mercado,
2026-08-25,13:45,Blackburn vs Sheffield Utd,10Bet,,Local corners -4.5,CORNERS_HOME UNDER.4.5,CORNERS_HOME:UNDER_4_5,17.3%,0.173000,2.00,-0.65,-0.654000,,,,EV negativo,No encontrado en Betano,Baja,contexto premium torneo actual,usa promedios del contexto premium/API-Football,el volumen ofensivo puede variar por planteamiento y marcador temprano,
2026-08-25,13:45,Blackburn vs Sheffield Utd,,,Visita corners +6.5,CORNERS_AWAY OVER.6.5,CORNERS_AWAY:OVER_6_5,16.9%,0.168900,,,,,,,Sin cuota/EV,No encontrado en Betano,Baja,contexto premium torneo actual,usa promedios del contexto premium/API-Football,el volumen ofensivo puede variar por planteamiento y marcador temprano,
2026-08-25,13:45,Blackburn vs Sheffield Utd,,,SHOTS_ON_TARGET_TOTAL UNDER.6.5,SHOTS_ON_TARGET_TOTAL UNDER.6.5,SHOTS_ON_TARGET_TOTAL:UNDER_6_5,16.5%,0.164900,,,,,,,Sin cuota/EV,No encontrado en Betano,Baja,contexto premium torneo actual,usa promedios del contexto premium/API-Football,el volumen ofensivo puede variar por planteamiento y marcador temprano,
2026-08-25,13:45,Blackburn vs Sheffield Utd,,,Tarjetas total +3.5,CARDS_TOTALS OVER.3.5,CARDS_TOTALS:OVER_3_5,14.3%,0.142900,,,,,,,Sin cuota/EV,No encontrado en Betano,Baja,contexto premium torneo actual,usa promedios del contexto premium/API-Football,depende mucho del arbitro y del contexto competitivo,
2026-08-25,13:45,Blackburn vs Sheffield Utd,,,Visita goles -0.5,TEAM_TOTAL_AWAY UNDER.0.5,TEAM_TOTAL_AWAY:UNDER_0_5,13.6%,0.135600,,,,,,,Sin cuota/EV,No encontrado en Betano,Baja,torneo actual,usa Poisson base con estadisticas de goles del torneo,un gol temprano o baja eficacia puede cambiar la lectura del mercado,
2026-08-25,13:45,Blackburn vs Sheffield Utd,,,Corners total -7.5,CORNERS_TOTALS UNDER.7.5,CORNERS_TOTALS:UNDER_7_5,11.4%,0.113700,,,,,,,Sin cuota/EV,No encontrado en Betano,Baja,contexto premium torneo actual,usa promedios del contexto premium/API-Football,el volumen ofensivo puede variar por planteamiento y marcador temprano,
2026-08-25,13:45,Blackburn vs Sheffield Utd,,,Local goles +2.5,TEAM_TOTAL_HOME OVER.2.5,TEAM_TOTAL_HOME:OVER_2_5,9.6%,0.095600,,,,,,,Sin cuota/EV,No encontrado en Betano,Baja,torneo actual,usa Poisson base con estadisticas de goles del torneo,un gol temprano o baja eficacia puede cambiar la lectura del mercado,
2026-08-25,13:45,Blackburn vs Sheffield Utd,,,Local corners -3.5,CORNERS_HOME UNDER.3.5,CORNERS_HOME:UNDER_3_5,8.2%,0.081800,,,,,,,Sin cuota/EV,No encontrado en Betano,Baja,contexto premium torneo actual,usa promedios del contexto premium/API-Football,el volumen ofensivo puede variar por planteamiento y marcador temprano,
2026-08-25,13:45,Blackburn vs Sheffield Utd,,,Local tarjetas +2.5,CARDS_HOME OVER.2.5,CARDS_HOME:OVER_2_5,8.0%,0.080300,,,,,,,Sin cuota/EV,No encontrado en Betano,Baja,contexto premium torneo actual,usa promedios del contexto premium/API-Football,depende mucho del arbitro y del contexto competitivo,
2026-08-25,13:45,Blackburn vs Sheffield Utd,,,Visita tarjetas +2.5,CARDS_AWAY OVER.2.5,CARDS_AWAY:OVER_2_5,8.0%,0.080300,,,,,,,Sin cuota/EV,No encontrado en Betano,Baja,contexto premium torneo actual,usa promedios del contexto premium/API-Football,depende mucho del arbitro y del contexto competitivo,
2026-08-25,13:45,Blackburn vs Sheffield Utd,,,SHOTS_TOTAL UNDER.26.5,SHOTS_TOTAL UNDER.26.5,SHOTS_TOTAL:UNDER_26_5,7.0%,0.070500,,,,,,,Sin cuota/EV,No encontrado en Betano,Baja,contexto premium torneo actual,usa promedios del contexto premium/API-Football,el volumen ofensivo puede variar por planteamiento y marcador temprano,
2026-08-25,13:45,Blackburn vs Sheffield Utd,,,Tarjetas total +4.5,CARDS_TOTALS OVER.4.5,CARDS_TOTALS:OVER_4_5,5.3%,0.052700,,,,,,,Sin cuota/EV,No encontrado en Betano,Baja,contexto premium torneo actual,usa promedios del contexto premium/API-Football,depende mucho del arbitro y del contexto competitivo,
2026-08-25,13:45,Blackburn vs Sheffield Utd,,,SHOTS_TOTAL UNDER.24.5,SHOTS_TOTAL UNDER.24.5,SHOTS_TOTAL:UNDER_24_5,3.2%,0.032400,,,,,,,Sin cuota/EV,No encontrado en Betano,Baja,contexto premium torneo actual,usa promedios del contexto premium/API-Football,el volumen ofensivo puede variar por planteamiento y marcador temprano,
2026-08-25,13:45,Blackburn vs Sheffield Utd,,,Local tarjetas +3.5,CARDS_HOME OVER.3.5,CARDS_HOME:OVER_3_5,1.9%,0.019000,,,,,,,Sin cuota/EV,No encontrado en Betano,Baja,contexto premium torneo actual,usa promedios del contexto premium/API-Football,depende mucho del arbitro y del contexto competitivo,
2026-08-25,13:45,Blackburn vs Sheffield Utd,,,Visita tarjetas +3.5,CARDS_AWAY OVER.3.5,CARDS_AWAY:OVER_3_5,1.9%,0.019000,,,,,,,Sin cuota/EV,No encontrado en Betano,Baja,contexto premium torneo actual,usa promedios del contexto premium/API-Football,depende mucho del arbitro y del contexto competitivo,
2026-08-25,13:45,Blackburn vs Sheffield Utd,,,Tarjetas total +5.5,CARDS_TOTALS OVER.5.5,CARDS_TOTALS:OVER_5_5,1.7%,0.016600,,,,,,,Sin cuota/EV,No encontrado en Betano,Baja,contexto premium torneo actual,usa promedios del contexto premium/API-Football,depende mucho del arbitro y del contexto competitivo,
2026-08-25,13:45,Blackburn vs Sheffield Utd,,,SHOTS_TOTAL UNDER.22.5,SHOTS_TOTAL UNDER.22.5,SHOTS_TOTAL:UNDER_22_5,1.3%,0.012800,,,,,,,Sin cuota/EV,No encontrado en Betano,Baja,contexto premium torneo actual,usa promedios del contexto premium/API-Football,el volumen ofensivo puede variar por planteamiento y marcador temprano,
2026-08-25,13:45,Blackburn vs Sheffield Utd,,,Tarjetas total +6.5,CARDS_TOTALS OVER.6.5,CARDS_TOTALS:OVER_6_5,0.4%,0.004500,,,,,,,Sin cuota/EV,No encontrado en Betano,Baja,contexto premium torneo actual,usa promedios del contexto premium/API-Football,depende mucho del arbitro y del contexto competitivo,
2026-08-25,13:45,Blackburn vs Sheffield Utd,,,SHOTS_TOTAL UNDER.20.5,SHOTS_TOTAL UNDER.20.5,SHOTS_TOTAL:UNDER_20_5,0.4%,0.004300,,,,,,,Sin cuota/EV,No encontrado en Betano,Baja,contexto premium torneo actual,usa promedios del contexto premium/API-Football,el volumen ofensivo puede variar por planteamiento y marcador temprano,
2026-08-25,13:45,Blackburn vs Sheffield Utd,,,SHOTS_TOTAL UNDER.18.5,SHOTS_TOTAL UNDER.18.5,SHOTS_TOTAL:UNDER_18_5,0.1%,0.001200,,,,,,,Sin cuota/EV,No encontrado en Betano,Baja,contexto premium torneo actual,usa promedios del contexto premium/API-Football,el volumen ofensivo puede variar por planteamiento y marcador temprano,
2026-08-25,13:45,Blackpool vs Lincoln,,,Visita corners +3.5,CORNERS_AWAY OVER.3.5,CORNERS_AWAY:OVER_3_5,98.5%,0.985100,,,,,,,Sin cuota/EV,No encontrado en Betano,Alta,contexto premium torneo actual,usa promedios del contexto premium/API-Football,el volumen ofensivo puede variar por planteamiento y marcador temprano,
2026-08-25,13:45,Blackpool vs Lincoln,,,Local tarjetas -3.5,CARDS_HOME UNDER.3.5,CARDS_HOME:UNDER_3_5,98.1%,0.981000,,,,,,,Sin cuota/EV,No encontrado en Betano,Alta,contexto premium torneo actual,usa promedios del contexto premium/API-Football,depende mucho del arbitro y del contexto competitivo,
2026-08-25,13:45,Blackpool vs Lincoln,,,Tarjetas total -6.5,CARDS_TOTALS UNDER.6.5,CARDS_TOTALS:UNDER_6_5,96.7%,0.966500,,,,,,,Sin cuota/EV,No encontrado en Betano,Alta,contexto premium torneo actual,usa promedios del contexto premium/API-Football,depende mucho del arbitro y del contexto competitivo,
2026-08-25,13:45,Blackpool vs Lincoln,,,Visita corners +4.5,CORNERS_AWAY OVER.4.5,CORNERS_AWAY:OVER_4_5,96.0%,0.959700,,,,,,,Sin cuota/EV,No encontrado en Betano,Alta,contexto premium torneo actual,usa promedios del contexto premium/API-Football,el volumen ofensivo puede variar por planteamiento y marcador temprano,
2026-08-25,13:45,Blackpool vs Lincoln,,,Corners total +7.5,CORNERS_TOTALS OVER.7.5,CORNERS_TOTALS:OVER_7_5,94.6%,0.946000,,,,,,,Sin cuota/EV,No encontrado en Betano,Alta,contexto premium torneo actual,usa promedios del contexto premium/API-Football,el volumen ofensivo puede variar por planteamiento y marcador temprano,
2026-08-25,13:45,Blackpool vs Lincoln,,,Local corners -6.5,CORNERS_HOME UNDER.6.5,CORNERS_HOME:UNDER_6_5,93.5%,0.934700,,,,,,,Sin cuota/EV,No encontrado en Betano,Alta,contexto premium torneo actual,usa promedios del contexto premium/API-Football,el volumen ofensivo puede variar por planteamiento y marcador temprano,
2026-08-25,13:45,Blackpool vs Lincoln,,,Local tarjetas -2.5,CARDS_HOME UNDER.2.5,CARDS_HOME:UNDER_2_5,92.0%,0.919700,,,,,,,Sin cuota/EV,No encontrado en Betano,Alta,contexto premium torneo actual,usa promedios del contexto premium/API-Football,depende mucho del arbitro y del contexto competitivo,
2026-08-25,13:45,Blackpool vs Lincoln,,,Tarjetas total -5.5,CARDS_TOTALS UNDER.5.5,CARDS_TOTALS:UNDER_5_5,91.6%,0.916100,,,,,,,Sin cuota/EV,No encontrado en Betano,Alta,contexto premium torneo actual,usa promedios del contexto premium/API-Football,depende mucho del arbitro y del contexto competitivo,
2026-08-25,13:45,Blackpool vs Lincoln,10Bet,,Visita corners +5.5,CORNERS_AWAY OVER.5.5,CORNERS_AWAY:OVER_5_5,91.1%,0.911500,2.00,0.82,0.822900,,,,EV positivo,No encontrado en Betano,Alta,contexto premium torneo actual,usa promedios del contexto premium/API-Football,el volumen ofensivo puede variar por planteamiento y marcador temprano,
2026-08-25,13:45,Blackpool vs Lincoln,,,Corners total +8.5,CORNERS_TOTALS OVER.8.5,CORNERS_TOTALS:OVER_8_5,90.0%,0.900200,,,,,,,Sin cuota/EV,No encontrado en Betano,Alta,contexto premium torneo actual,usa promedios del contexto premium/API-Football,el volumen ofensivo puede variar por planteamiento y marcador temprano,
2026-08-25,13:45,Blackpool vs Lincoln,,,Local goles +0.5,TEAM_TOTAL_HOME OVER.0.5,TEAM_TOTAL_HOME:OVER_0_5,88.4%,0.884200,,,,,,,Sin cuota/EV,No encontrado en Betano,Alta,torneo actual,usa Poisson base con estadisticas de goles del torneo,un gol temprano o baja eficacia puede cambiar la lectura del mercado,
2026-08-25,13:45,Blackpool vs Lincoln,10Bet,,Goles +1.5,TOTALS OVER.1.5,TOTALS:OVER_1_5,88.0%,0.879600,2.00,0.76,0.759300,,,,EV positivo,No encontrado en Betano,Alta,torneo actual,usa Poisson base con estadisticas de goles del torneo,un gol temprano o baja eficacia puede cambiar la lectura del mercado,
2026-08-25,13:45,Blackpool vs Lincoln,,,SHOTS_ON_TARGET_TOTAL OVER.6.5,SHOTS_ON_TARGET_TOTAL OVER.6.5,SHOTS_ON_TARGET_TOTAL:OVER_6_5,87.0%,0.869900,,,,,,,Sin cuota/EV,No encontrado en Betano,Alta,contexto premium torneo actual,usa promedios del contexto premium/API-Football,el volumen ofensivo puede variar por planteamiento y marcador temprano,
2026-08-25,13:45,Blackpool vs Lincoln,,,Visita tarjetas +0.5,CARDS_AWAY OVER.0.5,CARDS_AWAY:OVER_0_5,86.5%,0.864700,,,,,,,Sin cuota/EV,No encontrado en Betano,Alta,contexto premium torneo actual,usa promedios del contexto premium/API-Football,depende mucho del arbitro y del contexto competitivo,
2026-08-25,13:45,Blackpool vs Lincoln,10Bet,,1T +0.5,FIRST_HALF_TOTALS OVER.0.5,FIRST_HALF_TOTALS:OVER_0_5,86.5%,0.864700,1.77,0.53,0.530500,,,,EV positivo,No encontrado en Betano,Alta,contexto premium torneo actual,usa promedios del contexto premium/API-Football,el primer tiempo puede tener ritmo bajo o rotaciones,
2026-08-25,13:45,Blackpool vs Lincoln,,,Local corners -5.5,CORNERS_HOME UNDER.5.5,CORNERS_HOME:UNDER_5_5,85.8%,0.857600,,,,,,,Sin cuota/EV,No encontrado en Betano,Alta,contexto premium torneo actual,usa promedios del contexto premium/API-Football,el volumen ofensivo puede variar por planteamiento y marcador temprano,
2026-08-25,13:45,Blackpool vs Lincoln,,,Visita tarjetas -3.5,CARDS_AWAY UNDER.3.5,CARDS_AWAY:UNDER_3_5,85.7%,0.857100,,,,,,,Sin cuota/EV,No encontrado en Betano,Alta,contexto premium torneo actual,usa promedios del contexto premium/API-Football,depende mucho del arbitro y del contexto competitivo,
2026-08-25,13:45,Blackpool vs Lincoln,,,Visita corners +6.5,CORNERS_AWAY OVER.6.5,CORNERS_AWAY:OVER_6_5,83.5%,0.835100,,,,,,,Sin cuota/EV,No encontrado en Betano,Alta,contexto premium torneo actual,usa promedios del contexto premium/API-Football,el volumen ofensivo puede variar por planteamiento y marcador temprano,
2026-08-25,13:45,Blackpool vs Lincoln,10Bet,,Corners total +9.5,CORNERS_TOTALS OVER.9.5,CORNERS_TOTALS:OVER_9_5,83.4%,0.834200,1.77,0.48,0.476500,,,,EV positivo,No encontrado en Betano,Alta,contexto premium torneo actual,usa promedios del contexto premium/API-Football,el volumen ofensivo puede variar por planteamiento y marcador temprano,
2026-08-25,13:45,Blackpool vs Lincoln,,,Tarjetas total -4.5,CARDS_TOTALS UNDER.4.5,CARDS_TOTALS:UNDER_4_5,81.5%,0.815300,,,,,,,Sin cuota/EV,No encontrado en Betano,Alta,contexto premium torneo actual,usa promedios del contexto premium/API-Football,depende mucho del arbitro y del contexto competitivo,
2026-08-25,13:45,Blackpool vs Lincoln,,,Visita goles -2.5,TEAM_TOTAL_AWAY UNDER.2.5,TEAM_TOTAL_AWAY:UNDER_2_5,80.9%,0.809000,,,,,,,Sin cuota/EV,No encontrado en Betano,Alta,torneo actual,usa Poisson base con estadisticas de goles del torneo,un gol temprano o baja eficacia puede cambiar la lectura del mercado,
2026-08-25,13:45,Blackpool vs Lincoln,,,SHOTS_TOTAL UNDER.26.5,SHOTS_TOTAL UNDER.26.5,SHOTS_TOTAL:UNDER_26_5,80.3%,0.803500,,,,,,,Sin cuota/EV,No encontrado en Betano,Alta,contexto premium torneo actual,usa promedios del contexto premium/API-Football,el volumen ofensivo puede variar por planteamiento y marcador temprano,
2026-08-25,13:45,Blackpool vs Lincoln,,,SHOTS_TOTAL OVER.18.5,SHOTS_TOTAL OVER.18.5,SHOTS_TOTAL:OVER_18_5,79.8%,0.797800,,,,,,,Sin cuota/EV,No encontrado en Betano,Alta,contexto premium torneo actual,usa promedios del contexto premium/API-Football,el volumen ofensivo puede variar por planteamiento y marcador temprano,
2026-08-25,13:45,Blackpool vs Lincoln,,,DOUBLE_CHANCE 12,DOUBLE_CHANCE 12,DOUBLE_CHANCE:12,79.3%,0.793300,,,,,,,Sin cuota/EV,No encontrado en Betano,Alta,torneo actual,usa Poisson base con estadisticas de goles del torneo,riesgo propio del resultado final y variacion del modelo,
2026-08-25,13:45,Blackpool vs Lincoln,,,SHOTS_ON_TARGET_TOTAL OVER.7.5,SHOTS_ON_TARGET_TOTAL OVER.7.5,SHOTS_ON_TARGET_TOTAL:OVER_7_5,78.0%,0.779800,,,,,,,Sin cuota/EV,No encontrado en Betano,Alta,contexto premium torneo actual,usa promedios del contexto premium/API-Football,el volumen ofensivo puede variar por planteamiento y marcador temprano,
2026-08-25,13:45,Blackpool vs Lincoln,,,Visita goles +0.5,TEAM_TOTAL_AWAY OVER.0.5,TEAM_TOTAL_AWAY:OVER_0_5,77.6%,0.776500,,,,,,,Sin cuota/EV,No encontrado en Betano,Alta,torneo actual,usa Poisson base con estadisticas de goles del torneo,un gol temprano o baja eficacia puede cambiar la lectura del mercado,
2026-08-25,13:45,Blackpool vs Lincoln,,,Corners total +10.5,CORNERS_TOTALS OVER.10.5,CORNERS_TOTALS:OVER_10_5,74.8%,0.748300,,,,,,,Sin cuota/EV,No encontrado en Betano,Alta,contexto premium torneo actual,usa promedios del contexto premium/API-Football,el volumen ofensivo puede variar por planteamiento y marcador temprano,
2026-08-25,13:45,Blackpool vs Lincoln,,,Local tarjetas -1.5,CARDS_HOME UNDER.1.5,CARDS_HOME:UNDER_1_5,73.6%,0.735800,,,,,,,Sin cuota/EV,No encontrado en Betano,Alta,contexto premium torneo actual,usa promedios del contexto premium/API-Football,depende mucho del arbitro y del contexto competitivo,
2026-08-25,13:45,Blackpool vs Lincoln,,,DOUBLE_CHANCE 1X,DOUBLE_CHANCE 1X,DOUBLE_CHANCE:1X,73.4%,0.733900,,,,,,,Sin cuota/EV,No encontrado en Betano,Alta,torneo actual,usa Poisson base con estadisticas de goles del torneo,riesgo propio del resultado final y variacion del modelo,
2026-08-25,13:45,Blackpool vs Lincoln,10Bet,,Local corners -4.5,CORNERS_HOME UNDER.4.5,CORNERS_HOME:UNDER_4_5,72.5%,0.725400,1.67,0.21,0.211500,,,,EV positivo,No encontrado en Betano,Alta,contexto premium torneo actual,usa promedios del contexto premium/API-Football,el volumen ofensivo puede variar por planteamiento y marcador temprano,
2026-08-25,13:45,Blackpool vs Lincoln,10Bet,,Goles +2.5,TOTALS OVER.2.5,TOTALS:OVER_2_5,70.7%,0.707300,4.10,1.90,1.899900,,,,EV positivo,No encontrado en Betano,Alta,torneo actual,usa Poisson base con estadisticas de goles del torneo,un gol temprano o baja eficacia puede cambiar la lectura del mercado,
2026-08-25,13:45,Blackpool vs Lincoln,10Bet,,BTTS sí,BTTS YES,BTTS:YES,68.7%,0.686900,3.75,1.58,1.576000,,,,EV positivo,No encontrado en Betano,Media,torneo actual,usa Poisson base con estadisticas de goles del torneo,un gol temprano o baja eficacia puede cambiar la lectura del mercado,
2026-08-25,13:45,Blackpool vs Lincoln,,,Visita tarjetas -2.5,CARDS_AWAY UNDER.2.5,CARDS_AWAY:UNDER_2_5,67.7%,0.676700,,,,,,,Sin cuota/EV,No encontrado en Betano,Media,contexto premium torneo actual,usa promedios del contexto premium/API-Football,depende mucho del arbitro y del contexto competitivo,
2026-08-25,13:45,Blackpool vs Lincoln,,,SHOTS_TOTAL UNDER.24.5,SHOTS_TOTAL UNDER.24.5,SHOTS_TOTAL:UNDER_24_5,67.4%,0.673800,,,,,,,Sin cuota/EV,No encontrado en Betano,Media,contexto premium torneo actual,usa promedios del contexto premium/API-Football,el volumen ofensivo puede variar por planteamiento y marcador temprano,
2026-08-25,13:45,Blackpool vs Lincoln,,,SHOTS_ON_TARGET_TOTAL OVER.8.5,SHOTS_ON_TARGET_TOTAL OVER.8.5,SHOTS_ON_TARGET_TOTAL:OVER_8_5,66.7%,0.667200,,,,,,,Sin cuota/EV,No encontrado en Betano,Media,contexto premium torneo actual,usa promedios del contexto premium/API-Football,el volumen ofensivo puede variar por planteamiento y marcador temprano,
2026-08-25,13:45,Blackpool vs Lincoln,10Bet,,DNB local,DRAW_NO_BET HOME,DRAW_NO_BET:HOME,66.5%,0.664500,2.45,0.63,0.628100,,,,EV positivo,No encontrado en Betano,Media,torneo actual,usa Poisson base con estadisticas de goles del torneo,riesgo propio del resultado final y variacion del modelo,
2026-08-25,13:45,Blackpool vs Lincoln,,,SHOTS_TOTAL OVER.20.5,SHOTS_TOTAL OVER.20.5,SHOTS_TOTAL:OVER_20_5,65.3%,0.652600,,,,,,,Sin cuota/EV,No encontrado en Betano,Media,contexto premium torneo actual,usa promedios del contexto premium/API-Football,el volumen ofensivo puede variar por planteamiento y marcador temprano,
2026-08-25,13:45,Blackpool vs Lincoln,,,Tarjetas total -3.5,CARDS_TOTALS UNDER.3.5,CARDS_TOTALS:UNDER_3_5,64.7%,0.647200,,,,,,,Sin cuota/EV,No encontrado en Betano,Media,contexto premium torneo actual,usa promedios del contexto premium/API-Football,depende mucho del arbitro y del contexto competitivo,
2026-08-25,13:45,Blackpool vs Lincoln,,,Corners total +11.5,CORNERS_TOTALS OVER.11.5,CORNERS_TOTALS:OVER_11_5,64.7%,0.646800,,,,,,,Sin cuota/EV,No encontrado en Betano,Media,contexto premium torneo actual,usa promedios del contexto premium/API-Football,el volumen ofensivo puede variar por planteamiento y marcador temprano,
2026-08-25,13:45,Blackpool vs Lincoln,,,Local goles +1.5,TEAM_TOTAL_HOME OVER.1.5,TEAM_TOTAL_HOME:OVER_1_5,63.5%,0.635100,,,,,,,Sin cuota/EV,No encontrado en Betano,Media,torneo actual,usa Poisson base con estadisticas de goles del torneo,un gol temprano o baja eficacia puede cambiar la lectura del mercado,
2026-08-25,13:45,Blackpool vs Lincoln,,,Local goles -2.5,TEAM_TOTAL_HOME UNDER.2.5,TEAM_TOTAL_HOME:UNDER_2_5,63.4%,0.633900,,,,,,,Sin cuota/EV,No encontrado en Betano,Media,torneo actual,usa Poisson base con estadisticas de goles del torneo,un gol temprano o baja eficacia puede cambiar la lectura del mercado,
2026-08-25,13:45,Blackpool vs Lincoln,,,Local tarjetas +0.5,CARDS_HOME OVER.0.5,CARDS_HOME:OVER_0_5,63.2%,0.632100,,,,,,,Sin cuota/EV,No encontrado en Betano,Media,contexto premium torneo actual,usa promedios del contexto premium/API-Football,depende mucho del arbitro y del contexto competitivo,
2026-08-25,13:45,Blackpool vs Lincoln,,,Visita tarjetas +1.5,CARDS_AWAY OVER.1.5,CARDS_AWAY:OVER_1_5,59.4%,0.594000,,,,,,,Sin cuota/EV,No encontrado en Betano,Media,contexto premium torneo actual,usa promedios del contexto premium/API-Football,depende mucho del arbitro y del contexto competitivo,
2026-08-25,13:45,Blackpool vs Lincoln,10Bet,,1T +1.5,FIRST_HALF_TOTALS OVER.1.5,FIRST_HALF_TOTALS:OVER_1_5,59.4%,0.594000,4.75,1.82,1.821500,,,,EV positivo,No encontrado en Betano,Media,contexto premium torneo actual,usa promedios del contexto premium/API-Football,el primer tiempo puede tener ritmo bajo o rotaciones,
2026-08-25,13:45,Blackpool vs Lincoln,,,Tarjetas total +2.5,CARDS_TOTALS OVER.2.5,CARDS_TOTALS:OVER_2_5,57.7%,0.576800,,,,,,,Sin cuota/EV,No encontrado en Betano,Media,contexto premium torneo actual,usa promedios del contexto premium/API-Football,depende mucho del arbitro y del contexto competitivo,
2026-08-25,13:45,Blackpool vs Lincoln,,,Visita goles -1.5,TEAM_TOTAL_AWAY UNDER.1.5,TEAM_TOTAL_AWAY:UNDER_1_5,55.8%,0.558000,,,,,,,Sin cuota/EV,No encontrado en Betano,Media,torneo actual,usa Poisson base con estadisticas de goles del torneo,un gol temprano o baja eficacia puede cambiar la lectura del mercado,
2026-08-25,13:45,Blackpool vs Lincoln,,,SHOTS_ON_TARGET_TOTAL OVER.9.5,SHOTS_ON_TARGET_TOTAL OVER.9.5,SHOTS_ON_TARGET_TOTAL:OVER_9_5,54.2%,0.542100,,,,,,,Sin cuota/EV,No encontrado en Betano,Baja,contexto premium torneo actual,usa promedios del contexto premium/API-Football,el volumen ofensivo puede variar por planteamiento y marcador temprano,
2026-08-25,13:45,Blackpool vs Lincoln,,,Local corners -3.5,CORNERS_HOME UNDER.3.5,CORNERS_HOME:UNDER_3_5,53.7%,0.536600,,,,,,,Sin cuota/EV,No encontrado en Betano,Baja,contexto premium torneo actual,usa promedios del contexto premium/API-Football,el volumen ofensivo puede variar por planteamiento y marcador temprano,
2026-08-25,13:45,Blackpool vs Lincoln,10Bet,,Gana local,1X2 HOME,1X2:HOME,52.7%,0.527200,4.75,1.50,1.504200,,,,EV positivo,No encontrado en Betano,Baja,torneo actual,usa Poisson base con estadisticas de goles del torneo,riesgo propio del resultado final y variacion del modelo,
2026-08-25,13:45,Blackpool vs Lincoln,,,SHOTS_TOTAL UNDER.22.5,SHOTS_TOTAL UNDER.22.5,SHOTS_TOTAL:UNDER_22_5,51.4%,0.514100,,,,,,,Sin cuota/EV,No encontrado en Betano,Baja,contexto premium torneo actual,usa promedios del contexto premium/API-Football,el volumen ofensivo puede variar por planteamiento y marcador temprano,
2026-08-25,13:45,Blackpool vs Lincoln,10Bet,,Goles -3.5,TOTALS UNDER.3.5,TOTALS:UNDER_3_5,50.3%,0.503000,1.38,-0.31,-0.305900,,,,EV negativo,No encontrado en Betano,Baja,torneo actual,usa Poisson base con estadisticas de goles del torneo,un gol temprano o baja eficacia puede cambiar la lectura del mercado,
2026-08-25,13:45,Blackpool vs Lincoln,10Bet,,Goles +3.5,TOTALS OVER.3.5,TOTALS:OVER_3_5,49.7%,0.497000,2.95,0.47,0.466200,,,,EV positivo,No encontrado en Betano,Baja,torneo actual,usa Poisson base con estadisticas de goles del torneo,un gol temprano o baja eficacia puede cambiar la lectura del mercado,
2026-08-25,13:45,Blackpool vs Lincoln,,,SHOTS_TOTAL OVER.22.5,SHOTS_TOTAL OVER.22.5,SHOTS_TOTAL:OVER_22_5,48.6%,0.485900,,,,,,,Sin cuota/EV,No encontrado en Betano,Baja,contexto premium torneo actual,usa promedios del contexto premium/API-Football,el volumen ofensivo puede variar por planteamiento y marcador temprano,
2026-08-25,13:45,Blackpool vs Lincoln,,,DOUBLE_CHANCE X2,DOUBLE_CHANCE X2,DOUBLE_CHANCE:X2,47.3%,0.472800,,,,,,,Sin cuota/EV,No encontrado en Betano,Baja,torneo actual,usa Poisson base con estadisticas de goles del torneo,riesgo propio del resultado final y variacion del modelo,
2026-08-25,13:45,Blackpool vs Lincoln,,,Local corners +3.5,CORNERS_HOME OVER.3.5,CORNERS_HOME:OVER_3_5,46.3%,0.463400,,,,,,,Sin cuota/EV,No encontrado en Betano,Baja,contexto premium torneo actual,usa promedios del contexto premium/API-Football,el volumen ofensivo puede variar por planteamiento y marcador temprano,
2026-08-25,13:45,Blackpool vs Lincoln,,,SHOTS_ON_TARGET_TOTAL UNDER.9.5,SHOTS_ON_TARGET_TOTAL UNDER.9.5,SHOTS_ON_TARGET_TOTAL:UNDER_9_5,45.8%,0.457900,,,,,,,Sin cuota/EV,No encontrado en Betano,Baja,contexto premium torneo actual,usa promedios del contexto premium/API-Football,el volumen ofensivo puede variar por planteamiento y marcador temprano,
2026-08-25,13:45,Blackpool vs Lincoln,,,Visita goles +1.5,TEAM_TOTAL_AWAY OVER.1.5,TEAM_TOTAL_AWAY:OVER_1_5,44.2%,0.442000,,,,,,,Sin cuota/EV,No encontrado en Betano,Baja,torneo actual,usa Poisson base con estadisticas de goles del torneo,un gol temprano o baja eficacia puede cambiar la lectura del mercado,
2026-08-25,13:45,Blackpool vs Lincoln,,,Tarjetas total -2.5,CARDS_TOTALS UNDER.2.5,CARDS_TOTALS:UNDER_2_5,42.3%,0.423200,,,,,,,Sin cuota/EV,No encontrado en Betano,Baja,contexto premium torneo actual,usa promedios del contexto premium/API-Football,depende mucho del arbitro y del contexto competitivo,
2026-08-25,13:45,Blackpool vs Lincoln,,,Visita tarjetas -1.5,CARDS_AWAY UNDER.1.5,CARDS_AWAY:UNDER_1_5,40.6%,0.406000,,,,,,,Sin cuota/EV,No encontrado en Betano,Baja,contexto premium torneo actual,usa promedios del contexto premium/API-Football,depende mucho del arbitro y del contexto competitivo,
2026-08-25,13:45,Blackpool vs Lincoln,10Bet,,1T -1.5,FIRST_HALF_TOTALS UNDER.1.5,FIRST_HALF_TOTALS:UNDER_1_5,40.6%,0.406000,1.15,-0.53,-0.533100,,,,EV negativo,No encontrado en Betano,Baja,contexto premium torneo actual,usa promedios del contexto premium/API-Football,el primer tiempo puede tener ritmo bajo o rotaciones,
2026-08-25,13:45,Blackpool vs Lincoln,,,Local tarjetas -0.5,CARDS_HOME UNDER.0.5,CARDS_HOME:UNDER_0_5,36.8%,0.367900,,,,,,,Sin cuota/EV,No encontrado en Betano,Baja,contexto premium torneo actual,usa promedios del contexto premium/API-Football,depende mucho del arbitro y del contexto competitivo,
2026-08-25,13:45,Blackpool vs Lincoln,,,Local goles +2.5,TEAM_TOTAL_HOME OVER.2.5,TEAM_TOTAL_HOME:OVER_2_5,36.6%,0.366100,,,,,,,Sin cuota/EV,No encontrado en Betano,Baja,torneo actual,usa Poisson base con estadisticas de goles del torneo,un gol temprano o baja eficacia puede cambiar la lectura del mercado,
2026-08-25,13:45,Blackpool vs Lincoln,,,Local goles -1.5,TEAM_TOTAL_HOME UNDER.1.5,TEAM_TOTAL_HOME:UNDER_1_5,36.5%,0.364900,,,,,,,Sin cuota/EV,No encontrado en Betano,Baja,torneo actual,usa Poisson base con estadisticas de goles del torneo,un gol temprano o baja eficacia puede cambiar la lectura del mercado,
2026-08-25,13:45,Blackpool vs Lincoln,,,Corners total -11.5,CORNERS_TOTALS UNDER.11.5,CORNERS_TOTALS:UNDER_11_5,35.3%,0.353200,,,,,,,Sin cuota/EV,No encontrado en Betano,Baja,contexto premium torneo actual,usa promedios del contexto premium/API-Football,el volumen ofensivo puede variar por planteamiento y marcador temprano,
2026-08-25,13:45,Blackpool vs Lincoln,,,Tarjetas total +3.5,CARDS_TOTALS OVER.3.5,CARDS_TOTALS:OVER_3_5,35.3%,0.352800,,,,,,,Sin cuota/EV,No encontrado en Betano,Baja,contexto premium torneo actual,usa promedios del contexto premium/API-Football,depende mucho del arbitro y del contexto competitivo,
2026-08-25,13:45,Blackpool vs Lincoln,,,SHOTS_TOTAL UNDER.20.5,SHOTS_TOTAL UNDER.20.5,SHOTS_TOTAL:UNDER_20_5,34.7%,0.347400,,,,,,,Sin cuota/EV,No encontrado en Betano,Baja,contexto premium torneo actual,usa promedios del contexto premium/API-Football,el volumen ofensivo puede variar por planteamiento y marcador temprano,
2026-08-25,13:45,Blackpool vs Lincoln,10Bet,,DNB visita,DRAW_NO_BET AWAY,DRAW_NO_BET:AWAY,33.6%,0.335500,1.48,-0.50,-0.503500,,,,EV negativo,No encontrado en Betano,Baja,torneo actual,usa Poisson base con estadisticas de goles del torneo,riesgo propio del resultado final y variacion del modelo,
2026-08-25,13:45,Blackpool vs Lincoln,,,SHOTS_ON_TARGET_TOTAL UNDER.8.5,SHOTS_ON_TARGET_TOTAL UNDER.8.5,SHOTS_ON_TARGET_TOTAL:UNDER_8_5,33.3%,0.332800,,,,,,,Sin cuota/EV,No encontrado en Betano,Baja,contexto premium torneo actual,usa promedios del contexto premium/API-Football,el volumen ofensivo puede variar por planteamiento y marcador temprano,
2026-08-25,13:45,Blackpool vs Lincoln,,,SHOTS_TOTAL OVER.24.5,SHOTS_TOTAL OVER.24.5,SHOTS_TOTAL:OVER_24_5,32.6%,0.326200,,,,,,,Sin cuota/EV,No encontrado en Betano,Baja,contexto premium torneo actual,usa promedios del contexto premium/API-Football,el volumen ofensivo puede variar por planteamiento y marcador temprano,
2026-08-25,13:45,Blackpool vs Lincoln,,,Visita tarjetas +2.5,CARDS_AWAY OVER.2.5,CARDS_AWAY:OVER_2_5,32.3%,0.323300,,,,,,,Sin cuota/EV,No encontrado en Betano,Baja,contexto premium torneo actual,usa promedios del contexto premium/API-Football,depende mucho del arbitro y del contexto competitivo,
2026-08-25,13:45,Blackpool vs Lincoln,10Bet,,BTTS no,BTTS NO,BTTS:NO,31.3%,0.313100,1.22,-0.62,-0.618100,,,,EV negativo,No encontrado en Betano,Baja,torneo actual,usa Poisson base con estadisticas de goles del torneo,un gol temprano o baja eficacia puede cambiar la lectura del mercado,
2026-08-25,13:45,Blackpool vs Lincoln,10Bet,,Goles -2.5,TOTALS UNDER.2.5,TOTALS:UNDER_2_5,29.3%,0.292700,1.20,-0.65,-0.648800,,,,EV negativo,No encontrado en Betano,Baja,torneo actual,usa Poisson base con estadisticas de goles del torneo,un gol temprano o baja eficacia puede cambiar la lectura del mercado,
2026-08-25,13:45,Blackpool vs Lincoln,10Bet,,Local corners +4.5,CORNERS_HOME OVER.4.5,CORNERS_HOME:OVER_4_5,27.5%,0.274600,1.93,-0.47,-0.470100,,,,EV negativo,No encontrado en Betano,Baja,contexto premium torneo actual,usa promedios del contexto premium/API-Football,el volumen ofensivo puede variar por planteamiento y marcador temprano,
2026-08-25,13:45,Blackpool vs Lincoln,10Bet,,Gana visita,1X2 AWAY,1X2:AWAY,26.6%,0.266100,3.30,-0.12,-0.121800,,,,EV negativo,No encontrado en Betano,Baja,torneo actual,usa Poisson base con estadisticas de goles del torneo,riesgo propio del resultado final y variacion del modelo,
2026-08-25,13:45,Blackpool vs Lincoln,,,Local tarjetas +1.5,CARDS_HOME OVER.1.5,CARDS_HOME:OVER_1_5,26.4%,0.264200,,,,,,,Sin cuota/EV,No encontrado en Betano,Baja,contexto premium torneo actual,usa promedios del contexto premium/API-Football,depende mucho del arbitro y del contexto competitivo,
2026-08-25,13:45,Blackpool vs Lincoln,,,Corners total -10.5,CORNERS_TOTALS UNDER.10.5,CORNERS_TOTALS:UNDER_10_5,25.2%,0.251700,,,,,,,Sin cuota/EV,No encontrado en Betano,Baja,contexto premium torneo actual,usa promedios del contexto premium/API-Football,el volumen ofensivo puede variar por planteamiento y marcador temprano,
2026-08-25,13:45,Blackpool vs Lincoln,,,Visita goles -0.5,TEAM_TOTAL_AWAY UNDER.0.5,TEAM_TOTAL_AWAY:UNDER_0_5,22.4%,0.223500,,,,,,,Sin cuota/EV,No encontrado en Betano,Baja,torneo actual,usa Poisson base con estadisticas de goles del torneo,un gol temprano o baja eficacia puede cambiar la lectura del mercado,
2026-08-25,13:45,Blackpool vs Lincoln,,,SHOTS_ON_TARGET_TOTAL UNDER.7.5,SHOTS_ON_TARGET_TOTAL UNDER.7.5,SHOTS_ON_TARGET_TOTAL:UNDER_7_5,22.0%,0.220200,,,,,,,Sin cuota/EV,No encontrado en Betano,Baja,contexto premium torneo actual,usa promedios del contexto premium/API-Football,el volumen ofensivo puede variar por planteamiento y marcador temprano,
2026-08-25,13:45,Blackpool vs Lincoln,10Bet,,Empate,1X2 DRAW,1X2:DRAW,20.7%,0.206700,1.77,-0.63,-0.634200,,,,EV negativo,No encontrado en Betano,Baja,torneo actual,usa Poisson base con estadisticas de goles del torneo,riesgo propio del resultado final y variacion del modelo,
2026-08-25,13:45,Blackpool vs Lincoln,,,SHOTS_TOTAL UNDER.18.5,SHOTS_TOTAL UNDER.18.5,SHOTS_TOTAL:UNDER_18_5,20.2%,0.202200,,,,,,,Sin cuota/EV,No encontrado en Betano,Baja,contexto premium torneo actual,usa promedios del contexto premium/API-Football,el volumen ofensivo puede variar por planteamiento y marcador temprano,
2026-08-25,13:45,Blackpool vs Lincoln,,,SHOTS_TOTAL OVER.26.5,SHOTS_TOTAL OVER.26.5,SHOTS_TOTAL:OVER_26_5,19.7%,0.196500,,,,,,,Sin cuota/EV,No encontrado en Betano,Baja,contexto premium torneo actual,usa promedios del contexto premium/API-Football,el volumen ofensivo puede variar por planteamiento y marcador temprano,
2026-08-25,13:45,Blackpool vs Lincoln,,,Visita goles +2.5,TEAM_TOTAL_AWAY OVER.2.5,TEAM_TOTAL_AWAY:OVER_2_5,19.1%,0.191000,,,,,,,Sin cuota/EV,No encontrado en Betano,Baja,torneo actual,usa Poisson base con estadisticas de goles del torneo,un gol temprano o baja eficacia puede cambiar la lectura del mercado,
2026-08-25,13:45,Blackpool vs Lincoln,,,Tarjetas total +4.5,CARDS_TOTALS OVER.4.5,CARDS_TOTALS:OVER_4_5,18.5%,0.184700,,,,,,,Sin cuota/EV,No encontrado en Betano,Baja,contexto premium torneo actual,usa promedios del contexto premium/API-Football,depende mucho del arbitro y del contexto competitivo,
2026-08-25,13:45,Blackpool vs Lincoln,10Bet,,Corners total -9.5,CORNERS_TOTALS UNDER.9.5,CORNERS_TOTALS:UNDER_9_5,16.6%,0.165800,1.85,-0.69,-0.693200,,,,EV negativo,No encontrado en Betano,Baja,contexto premium torneo actual,usa promedios del contexto premium/API-Football,el volumen ofensivo puede variar por planteamiento y marcador temprano,
2026-08-25,13:45,Blackpool vs Lincoln,,,Visita corners -6.5,CORNERS_AWAY UNDER.6.5,CORNERS_AWAY:UNDER_6_5,16.5%,0.164900,,,,,,,Sin cuota/EV,No encontrado en Betano,Baja,contexto premium torneo actual,usa promedios del contexto premium/API-Football,el volumen ofensivo puede variar por planteamiento y marcador temprano,
2026-08-25,13:45,Blackpool vs Lincoln,,,Visita tarjetas +3.5,CARDS_AWAY OVER.3.5,CARDS_AWAY:OVER_3_5,14.3%,0.142900,,,,,,,Sin cuota/EV,No encontrado en Betano,Baja,contexto premium torneo actual,usa promedios del contexto premium/API-Football,depende mucho del arbitro y del contexto competitivo,
2026-08-25,13:45,Blackpool vs Lincoln,,,Local corners +5.5,CORNERS_HOME OVER.5.5,CORNERS_HOME:OVER_5_5,14.2%,0.142400,,,,,,,Sin cuota/EV,No encontrado en Betano,Baja,contexto premium torneo actual,usa promedios del contexto premium/API-Football,el volumen ofensivo puede variar por planteamiento y marcador temprano,
2026-08-25,13:45,Blackpool vs Lincoln,,,Visita tarjetas -0.5,CARDS_AWAY UNDER.0.5,CARDS_AWAY:UNDER_0_5,13.5%,0.135300,,,,,,,Sin cuota/EV,No encontrado en Betano,Baja,contexto premium torneo actual,usa promedios del contexto premium/API-Football,depende mucho del arbitro y del contexto competitivo,
2026-08-25,13:45,Blackpool vs Lincoln,10Bet,,1T -0.5,FIRST_HALF_TOTALS UNDER.0.5,FIRST_HALF_TOTALS:UNDER_0_5,13.5%,0.135300,1.95,-0.74,-0.736100,,,,EV negativo,No encontrado en Betano,Baja,contexto premium torneo actual,usa promedios del contexto premium/API-Football,el primer tiempo puede tener ritmo bajo o rotaciones,
2026-08-25,13:45,Blackpool vs Lincoln,,,SHOTS_ON_TARGET_TOTAL UNDER.6.5,SHOTS_ON_TARGET_TOTAL UNDER.6.5,SHOTS_ON_TARGET_TOTAL:UNDER_6_5,13.0%,0.130100,,,,,,,Sin cuota/EV,No encontrado en Betano,Baja,contexto premium torneo actual,usa promedios del contexto premium/API-Football,el volumen ofensivo puede variar por planteamiento y marcador temprano,
2026-08-25,13:45,Blackpool vs Lincoln,10Bet,,Goles -1.5,TOTALS UNDER.1.5,TOTALS:UNDER_1_5,12.0%,0.120400,1.73,-0.79,-0.791800,,,,EV negativo,No encontrado en Betano,Baja,torneo actual,usa Poisson base con estadisticas de goles del torneo,un gol temprano o baja eficacia puede cambiar la lectura del mercado,
2026-08-25,13:45,Blackpool vs Lincoln,,,Local goles -0.5,TEAM_TOTAL_HOME UNDER.0.5,TEAM_TOTAL_HOME:UNDER_0_5,11.6%,0.115800,,,,,,,Sin cuota/EV,No encontrado en Betano,Baja,torneo actual,usa Poisson base con estadisticas de goles del torneo,un gol temprano o baja eficacia puede cambiar la lectura del mercado,
2026-08-25,13:45,Blackpool vs Lincoln,,,Corners total -8.5,CORNERS_TOTALS UNDER.8.5,CORNERS_TOTALS:UNDER_8_5,10.0%,0.099800,,,,,,,Sin cuota/EV,No encontrado en Betano,Baja,contexto premium torneo actual,usa promedios del contexto premium/API-Football,el volumen ofensivo puede variar por planteamiento y marcador temprano,
2026-08-25,13:45,Blackpool vs Lincoln,10Bet,,Visita corners -5.5,CORNERS_AWAY UNDER.5.5,CORNERS_AWAY:UNDER_5_5,8.8%,0.088500,1.62,-0.86,-0.856600,,,,EV negativo,No encontrado en Betano,Baja,contexto premium torneo actual,usa promedios del contexto premium/API-Football,el volumen ofensivo puede variar por planteamiento y marcador temprano,
2026-08-25,13:45,Blackpool vs Lincoln,,,Tarjetas total +5.5,CARDS_TOTALS OVER.5.5,CARDS_TOTALS:OVER_5_5,8.4%,0.083900,,,,,,,Sin cuota/EV,No encontrado en Betano,Baja,contexto premium torneo actual,usa promedios del contexto premium/API-Football,depende mucho del arbitro y del contexto competitivo,
2026-08-25,13:45,Blackpool vs Lincoln,,,Local tarjetas +2.5,CARDS_HOME OVER.2.5,CARDS_HOME:OVER_2_5,8.0%,0.080300,,,,,,,Sin cuota/EV,No encontrado en Betano,Baja,contexto premium torneo actual,usa promedios del contexto premium/API-Football,depende mucho del arbitro y del contexto competitivo,
2026-08-25,13:45,Blackpool vs Lincoln,,,Local corners +6.5,CORNERS_HOME OVER.6.5,CORNERS_HOME:OVER_6_5,6.5%,0.065300,,,,,,,Sin cuota/EV,No encontrado en Betano,Baja,contexto premium torneo actual,usa promedios del contexto premium/API-Football,el volumen ofensivo puede variar por planteamiento y marcador temprano,
2026-08-25,13:45,Blackpool vs Lincoln,,,Corners total -7.5,CORNERS_TOTALS UNDER.7.5,CORNERS_TOTALS:UNDER_7_5,5.4%,0.054000,,,,,,,Sin cuota/EV,No encontrado en Betano,Baja,contexto premium torneo actual,usa promedios del contexto premium/API-Football,el volumen ofensivo puede variar por planteamiento y marcador temprano,
2026-08-25,13:45,Blackpool vs Lincoln,,,Visita corners -4.5,CORNERS_AWAY UNDER.4.5,CORNERS_AWAY:UNDER_4_5,4.0%,0.040300,,,,,,,Sin cuota/EV,No encontrado en Betano,Baja,contexto premium torneo actual,usa promedios del contexto premium/API-Football,el volumen ofensivo puede variar por planteamiento y marcador temprano,
2026-08-25,13:45,Blackpool vs Lincoln,,,Tarjetas total +6.5,CARDS_TOTALS OVER.6.5,CARDS_TOTALS:OVER_6_5,3.4%,0.033500,,,,,,,Sin cuota/EV,No encontrado en Betano,Baja,contexto premium torneo actual,usa promedios del contexto premium/API-Football,depende mucho del arbitro y del contexto competitivo,
2026-08-25,13:45,Blackpool vs Lincoln,,,Local tarjetas +3.5,CARDS_HOME OVER.3.5,CARDS_HOME:OVER_3_5,1.9%,0.019000,,,,,,,Sin cuota/EV,No encontrado en Betano,Baja,contexto premium torneo actual,usa promedios del contexto premium/API-Football,depende mucho del arbitro y del contexto competitivo,
2026-08-25,13:45,Blackpool vs Lincoln,,,Visita corners -3.5,CORNERS_AWAY UNDER.3.5,CORNERS_AWAY:UNDER_3_5,1.5%,0.014900,,,,,,,Sin cuota/EV,No encontrado en Betano,Baja,contexto premium torneo actual,usa promedios del contexto premium/API-Football,el volumen ofensivo puede variar por planteamiento y marcador temprano,
2026-08-25,13:45,Cambridge United vs Millwall,,,Tarjetas total -6.5,CARDS_TOTALS UNDER.6.5,CARDS_TOTALS:UNDER_6_5,99.6%,0.995500,,,,,,,Sin cuota/EV,No encontrado en Betano,Alta,contexto premium torneo actual,usa promedios del contexto premium/API-Football,depende mucho del arbitro y del contexto competitivo,
2026-08-25,13:45,Cambridge United vs Millwall,,,Visita corners -6.5,CORNERS_AWAY UNDER.6.5,CORNERS_AWAY:UNDER_6_5,98.6%,0.985800,,,,,,,Sin cuota/EV,No encontrado en Betano,Alta,contexto premium torneo actual,usa promedios del contexto premium/API-Football,el volumen ofensivo puede variar por planteamiento y marcador temprano,
2026-08-25,13:45,Cambridge United vs Millwall,,,Tarjetas total -5.5,CARDS_TOTALS UNDER.5.5,CARDS_TOTALS:UNDER_5_5,98.3%,0.983400,,,,,,,Sin cuota/EV,No encontrado en Betano,Alta,contexto premium torneo actual,usa promedios del contexto premium/API-Football,depende mucho del arbitro y del contexto competitivo,
2026-08-25,13:45,Cambridge United vs Millwall,10Bet,,Visita corners -5.5,CORNERS_AWAY UNDER.5.5,CORNERS_AWAY:UNDER_5_5,95.8%,0.958000,1.67,0.60,0.599800,,,,EV positivo,No encontrado en Betano,Alta,contexto premium torneo actual,usa promedios del contexto premium/API-Football,el volumen ofensivo puede variar por planteamiento y marcador temprano,
2026-08-25,13:45,Cambridge United vs Millwall,,,Tarjetas total -4.5,CARDS_TOTALS UNDER.4.5,CARDS_TOTALS:UNDER_4_5,94.7%,0.947300,,,,,,,Sin cuota/EV,No encontrado en Betano,Alta,contexto premium torneo actual,usa promedios del contexto premium/API-Football,depende mucho del arbitro y del contexto competitivo,
2026-08-25,13:45,Cambridge United vs Millwall,,,Visita corners -4.5,CORNERS_AWAY UNDER.4.5,CORNERS_AWAY:UNDER_4_5,89.1%,0.891200,,,,,,,Sin cuota/EV,No encontrado en Betano,Alta,contexto premium torneo actual,usa promedios del contexto premium/API-Football,el volumen ofensivo puede variar por planteamiento y marcador temprano,
2026-08-25,13:45,Cambridge United vs Millwall,,,Corners total -11.5,CORNERS_TOTALS UNDER.11.5,CORNERS_TOTALS:UNDER_11_5,88.8%,0.888100,,,,,,,Sin cuota/EV,No encontrado en Betano,Alta,contexto premium torneo actual,usa promedios del contexto premium/API-Football,el volumen ofensivo puede variar por planteamiento y marcador temprano,
2026-08-25,13:45,Cambridge United vs Millwall,,,Local tarjetas +0.5,CARDS_HOME OVER.0.5,CARDS_HOME:OVER_0_5,86.5%,0.864700,,,,,,,Sin cuota/EV,No encontrado en Betano,Alta,contexto premium torneo actual,usa promedios del contexto premium/API-Football,depende mucho del arbitro y del contexto competitivo,
2026-08-25,13:45,Cambridge United vs Millwall,,,Tarjetas total -3.5,CARDS_TOTALS UNDER.3.5,CARDS_TOTALS:UNDER_3_5,85.7%,0.857100,,,,,,,Sin cuota/EV,No encontrado en Betano,Alta,contexto premium torneo actual,usa promedios del contexto premium/API-Football,depende mucho del arbitro y del contexto competitivo,
2026-08-25,13:45,Cambridge United vs Millwall,,,Local tarjetas -3.5,CARDS_HOME UNDER.3.5,CARDS_HOME:UNDER_3_5,85.7%,0.857100,,,,,,,Sin cuota/EV,No encontrado en Betano,Alta,contexto premium torneo actual,usa promedios del contexto premium/API-Football,depende mucho del arbitro y del contexto competitivo,
2026-08-25,13:45,Cambridge United vs Millwall,10Bet,,Goles +1.5,TOTALS OVER.1.5,TOTALS:OVER_1_5,81.8%,0.818000,2.15,0.76,0.758700,,,,EV positivo,No encontrado en Betano,Alta,torneo actual,usa Poisson base con estadisticas de goles del torneo,un gol temprano o baja eficacia puede cambiar la lectura del mercado,
2026-08-25,13:45,Cambridge United vs Millwall,10Bet,,Corners total -10.5,CORNERS_TOTALS UNDER.10.5,CORNERS_TOTALS:UNDER_10_5,81.6%,0.815900,1.70,0.39,0.387000,,,,EV positivo,No encontrado en Betano,Alta,contexto premium torneo actual,usa promedios del contexto premium/API-Football,el volumen ofensivo puede variar por planteamiento y marcador temprano,
2026-08-25,13:45,Cambridge United vs Millwall,,,Visita goles -2.5,TEAM_TOTAL_AWAY UNDER.2.5,TEAM_TOTAL_AWAY:UNDER_2_5,80.9%,0.808900,,,,,,,Sin cuota/EV,No encontrado en Betano,Alta,torneo actual,usa Poisson base con estadisticas de goles del torneo,un gol temprano o baja eficacia puede cambiar la lectura del mercado,
2026-08-25,13:45,Cambridge United vs Millwall,,,SHOTS_TOTAL UNDER.26.5,SHOTS_TOTAL UNDER.26.5,SHOTS_TOTAL:UNDER_26_5,80.3%,0.803500,,,,,,,Sin cuota/EV,No encontrado en Betano,Alta,contexto premium torneo actual,usa promedios del contexto premium/API-Football,el volumen ofensivo puede variar por planteamiento y marcador temprano,
2026-08-25,13:45,Cambridge United vs Millwall,,,Local goles +0.5,TEAM_TOTAL_HOME OVER.0.5,TEAM_TOTAL_HOME:OVER_0_5,80.2%,0.802000,,,,,,,Sin cuota/EV,No encontrado en Betano,Alta,torneo actual,usa Poisson base con estadisticas de goles del torneo,un gol temprano o baja eficacia puede cambiar la lectura del mercado,
2026-08-25,13:45,Cambridge United vs Millwall,,,Local corners +3.5,CORNERS_HOME OVER.3.5,CORNERS_HOME:OVER_3_5,79.8%,0.798300,,,,,,,Sin cuota/EV,No encontrado en Betano,Alta,contexto premium torneo actual,usa promedios del contexto premium/API-Football,el volumen ofensivo puede variar por planteamiento y marcador temprano,
2026-08-25,13:45,Cambridge United vs Millwall,,,SHOTS_TOTAL OVER.18.5,SHOTS_TOTAL OVER.18.5,SHOTS_TOTAL:OVER_18_5,79.8%,0.797800,,,,,,,Sin cuota/EV,No encontrado en Betano,Alta,contexto premium torneo actual,usa promedios del contexto premium/API-Football,el volumen ofensivo puede variar por planteamiento y marcador temprano,
2026-08-25,13:45,Cambridge United vs Millwall,,,SHOTS_ON_TARGET_TOTAL OVER.6.5,SHOTS_ON_TARGET_TOTAL OVER.6.5,SHOTS_ON_TARGET_TOTAL:OVER_6_5,79.3%,0.793200,,,,,,,Sin cuota/EV,No encontrado en Betano,Alta,contexto premium torneo actual,usa promedios del contexto premium/API-Football,el volumen ofensivo puede variar por planteamiento y marcador temprano,
2026-08-25,13:45,Cambridge United vs Millwall,,,Local goles -2.5,TEAM_TOTAL_HOME UNDER.2.5,TEAM_TOTAL_HOME:UNDER_2_5,77.8%,0.778200,,,,,,,Sin cuota/EV,No encontrado en Betano,Alta,torneo actual,usa Poisson base con estadisticas de goles del torneo,un gol temprano o baja eficacia puede cambiar la lectura del mercado,
2026-08-25,13:45,Cambridge United vs Millwall,,,Visita goles +0.5,TEAM_TOTAL_AWAY OVER.0.5,TEAM_TOTAL_AWAY:OVER_0_5,77.7%,0.776800,,,,,,,Sin cuota/EV,No encontrado en Betano,Alta,torneo actual,usa Poisson base con estadisticas de goles del torneo,un gol temprano o baja eficacia puede cambiar la lectura del mercado,
2026-08-25,13:45,Cambridge United vs Millwall,,,DOUBLE_CHANCE 12,DOUBLE_CHANCE 12,DOUBLE_CHANCE:12,76.3%,0.762800,,,,,,,Sin cuota/EV,No encontrado en Betano,Alta,torneo actual,usa Poisson base con estadisticas de goles del torneo,riesgo propio del resultado final y variacion del modelo,
2026-08-25,13:45,Cambridge United vs Millwall,,,Visita corners -3.5,CORNERS_AWAY UNDER.3.5,CORNERS_AWAY:UNDER_3_5,75.8%,0.757600,,,,,,,Sin cuota/EV,No encontrado en Betano,Alta,contexto premium torneo actual,usa promedios del contexto premium/API-Football,el volumen ofensivo puede variar por planteamiento y marcador temprano,
2026-08-25,13:45,Cambridge United vs Millwall,,,Corners total -9.5,CORNERS_TOTALS UNDER.9.5,CORNERS_TOTALS:UNDER_9_5,71.7%,0.716600,,,,,,,Sin cuota/EV,No encontrado en Betano,Alta,contexto premium torneo actual,usa promedios del contexto premium/API-Football,el volumen ofensivo puede variar por planteamiento y marcador temprano,
2026-08-25,13:45,Cambridge United vs Millwall,,,Local corners -6.5,CORNERS_HOME UNDER.6.5,CORNERS_HOME:UNDER_6_5,68.6%,0.686000,,,,,,,Sin cuota/EV,No encontrado en Betano,Media,contexto premium torneo actual,usa promedios del contexto premium/API-Football,el volumen ofensivo puede variar por planteamiento y marcador temprano,
2026-08-25,13:45,Cambridge United vs Millwall,,,Tarjetas total -2.5,CARDS_TOTALS UNDER.2.5,CARDS_TOTALS:UNDER_2_5,67.7%,0.676700,,,,,,,Sin cuota/EV,No encontrado en Betano,Media,contexto premium torneo actual,usa promedios del contexto premium/API-Football,depende mucho del arbitro y del contexto competitivo,
2026-08-25,13:45,Cambridge United vs Millwall,,,Local tarjetas -2.5,CARDS_HOME UNDER.2.5,CARDS_HOME:UNDER_2_5,67.7%,0.676700,,,,,,,Sin cuota/EV,No encontrado en Betano,Media,contexto premium torneo actual,usa promedios del contexto premium/API-Football,depende mucho del arbitro y del contexto competitivo,
2026-08-25,13:45,Cambridge United vs Millwall,,,SHOTS_ON_TARGET_TOTAL OVER.7.5,SHOTS_ON_TARGET_TOTAL OVER.7.5,SHOTS_ON_TARGET_TOTAL:OVER_7_5,67.6%,0.676100,,,,,,,Sin cuota/EV,No encontrado en Betano,Media,contexto premium torneo actual,usa promedios del contexto premium/API-Football,el volumen ofensivo puede variar por planteamiento y marcador temprano,
2026-08-25,13:45,Cambridge United vs Millwall,,,SHOTS_TOTAL UNDER.24.5,SHOTS_TOTAL UNDER.24.5,SHOTS_TOTAL:UNDER_24_5,67.4%,0.673800,,,,,,,Sin cuota/EV,No encontrado en Betano,Media,contexto premium torneo actual,usa promedios del contexto premium/API-Football,el volumen ofensivo puede variar por planteamiento y marcador temprano,
2026-08-25,13:45,Cambridge United vs Millwall,,,SHOTS_TOTAL OVER.20.5,SHOTS_TOTAL OVER.20.5,SHOTS_TOTAL:OVER_20_5,65.3%,0.652600,,,,,,,Sin cuota/EV,No encontrado en Betano,Media,contexto premium torneo actual,usa promedios del contexto premium/API-Football,el volumen ofensivo puede variar por planteamiento y marcador temprano,
2026-08-25,13:45,Cambridge United vs Millwall,,,DOUBLE_CHANCE 1X,DOUBLE_CHANCE 1X,DOUBLE_CHANCE:1X,64.5%,0.644500,,,,,,,Sin cuota/EV,No encontrado en Betano,Media,torneo actual,usa Poisson base con estadisticas de goles del torneo,riesgo propio del resultado final y variacion del modelo,
2026-08-25,13:45,Cambridge United vs Millwall,10Bet,,Local corners +4.5,CORNERS_HOME OVER.4.5,CORNERS_HOME:OVER_4_5,64.2%,0.642500,1.77,0.14,0.137200,,,,EV positivo,No encontrado en Betano,Media,contexto premium torneo actual,usa promedios del contexto premium/API-Football,el volumen ofensivo puede variar por planteamiento y marcador temprano,
2026-08-25,13:45,Cambridge United vs Millwall,10Bet,,BTTS sí,BTTS YES,BTTS:YES,62.3%,0.623100,4.00,1.49,1.492300,,,,EV positivo,No encontrado en Betano,Media,torneo actual,usa Poisson base con estadisticas de goles del torneo,un gol temprano o baja eficacia puede cambiar la lectura del mercado,
2026-08-25,13:45,Cambridge United vs Millwall,10Bet,,Goles -3.5,TOTALS UNDER.3.5,TOTALS:UNDER_3_5,62.0%,0.620400,1.30,-0.19,-0.193400,,,,EV negativo,No encontrado en Betano,Media,torneo actual,usa Poisson base con estadisticas de goles del torneo,un gol temprano o baja eficacia puede cambiar la lectura del mercado,
2026-08-25,13:45,Cambridge United vs Millwall,10Bet,,Goles +2.5,TOTALS OVER.2.5,TOTALS:OVER_2_5,60.3%,0.603100,4.60,1.77,1.774100,,,,EV positivo,No encontrado en Betano,Media,torneo actual,usa Poisson base con estadisticas de goles del torneo,un gol temprano o baja eficacia puede cambiar la lectura del mercado,
2026-08-25,13:45,Cambridge United vs Millwall,,,Local tarjetas +1.5,CARDS_HOME OVER.1.5,CARDS_HOME:OVER_1_5,59.4%,0.594000,,,,,,,Sin cuota/EV,No encontrado en Betano,Media,contexto premium torneo actual,usa promedios del contexto premium/API-Football,depende mucho del arbitro y del contexto competitivo,
2026-08-25,13:45,Cambridge United vs Millwall,,,DOUBLE_CHANCE X2,DOUBLE_CHANCE X2,DOUBLE_CHANCE:X2,59.3%,0.592700,,,,,,,Sin cuota/EV,No encontrado en Betano,Media,torneo actual,usa Poisson base con estadisticas de goles del torneo,riesgo propio del resultado final y variacion del modelo,
2026-08-25,13:45,Cambridge United vs Millwall,,,Corners total -8.5,CORNERS_TOTALS UNDER.8.5,CORNERS_TOTALS:UNDER_8_5,59.2%,0.592500,,,,,,,Sin cuota/EV,No encontrado en Betano,Media,contexto premium torneo actual,usa promedios del contexto premium/API-Football,el volumen ofensivo puede variar por planteamiento y marcador temprano,
2026-08-25,13:45,Cambridge United vs Millwall,,,SHOTS_ON_TARGET_TOTAL UNDER.9.5,SHOTS_ON_TARGET_TOTAL UNDER.9.5,SHOTS_ON_TARGET_TOTAL:UNDER_9_5,58.7%,0.587400,,,,,,,Sin cuota/EV,No encontrado en Betano,Media,contexto premium torneo actual,usa promedios del contexto premium/API-Football,el volumen ofensivo puede variar por planteamiento y marcador temprano,
2026-08-25,13:45,Cambridge United vs Millwall,,,Visita goles -1.5,TEAM_TOTAL_AWAY UNDER.1.5,TEAM_TOTAL_AWAY:UNDER_1_5,55.8%,0.557900,,,,,,,Sin cuota/EV,No encontrado en Betano,Media,torneo actual,usa Poisson base con estadisticas de goles del torneo,un gol temprano o baja eficacia puede cambiar la lectura del mercado,
2026-08-25,13:45,Cambridge United vs Millwall,,,Corners total +7.5,CORNERS_TOTALS OVER.7.5,CORNERS_TOTALS:OVER_7_5,54.7%,0.547000,,,,,,,Sin cuota/EV,No encontrado en Betano,Baja,contexto premium torneo actual,usa promedios del contexto premium/API-Football,el volumen ofensivo puede variar por planteamiento y marcador temprano,
2026-08-25,13:45,Cambridge United vs Millwall,,,SHOTS_ON_TARGET_TOTAL OVER.8.5,SHOTS_ON_TARGET_TOTAL OVER.8.5,SHOTS_ON_TARGET_TOTAL:OVER_8_5,54.4%,0.544300,,,,,,,Sin cuota/EV,No encontrado en Betano,Baja,contexto premium torneo actual,usa promedios del contexto premium/API-Football,el volumen ofensivo puede variar por planteamiento y marcador temprano,
2026-08-25,13:45,Cambridge United vs Millwall,10Bet,,DNB local,DRAW_NO_BET HOME,DRAW_NO_BET:HOME,53.4%,0.534000,2.15,0.15,0.148000,,,,EV positivo,No encontrado en Betano,Baja,torneo actual,usa Poisson base con estadisticas de goles del torneo,riesgo propio del resultado final y variacion del modelo,
2026-08-25,13:45,Cambridge United vs Millwall,,,Local corners -5.5,CORNERS_HOME UNDER.5.5,CORNERS_HOME:UNDER_5_5,52.9%,0.528900,,,,,,,Sin cuota/EV,No encontrado en Betano,Baja,contexto premium torneo actual,usa promedios del contexto premium/API-Football,el volumen ofensivo puede variar por planteamiento y marcador temprano,
2026-08-25,13:45,Cambridge United vs Millwall,,,Local goles -1.5,TEAM_TOTAL_HOME UNDER.1.5,TEAM_TOTAL_HOME:UNDER_1_5,51.9%,0.518600,,,,,,,Sin cuota/EV,No encontrado en Betano,Baja,torneo actual,usa Poisson base con estadisticas de goles del torneo,un gol temprano o baja eficacia puede cambiar la lectura del mercado,
2026-08-25,13:45,Cambridge United vs Millwall,,,SHOTS_TOTAL UNDER.22.5,SHOTS_TOTAL UNDER.22.5,SHOTS_TOTAL:UNDER_22_5,51.4%,0.514100,,,,,,,Sin cuota/EV,No encontrado en Betano,Baja,contexto premium torneo actual,usa promedios del contexto premium/API-Football,el volumen ofensivo puede variar por planteamiento y marcador temprano,
2026-08-25,13:45,Cambridge United vs Millwall,,,SHOTS_TOTAL OVER.22.5,SHOTS_TOTAL OVER.22.5,SHOTS_TOTAL:OVER_22_5,48.6%,0.485900,,,,,,,Sin cuota/EV,No encontrado en Betano,Baja,contexto premium torneo actual,usa promedios del contexto premium/API-Football,el volumen ofensivo puede variar por planteamiento y marcador temprano,
2026-08-25,13:45,Cambridge United vs Millwall,,,Local goles +1.5,TEAM_TOTAL_HOME OVER.1.5,TEAM_TOTAL_HOME:OVER_1_5,48.1%,0.481400,,,,,,,Sin cuota/EV,No encontrado en Betano,Baja,torneo actual,usa Poisson base con estadisticas de goles del torneo,un gol temprano o baja eficacia puede cambiar la lectura del mercado,
2026-08-25,13:45,Cambridge United vs Millwall,,,Local corners +5.5,CORNERS_HOME OVER.5.5,CORNERS_HOME:OVER_5_5,47.1%,0.471100,,,,,,,Sin cuota/EV,No encontrado en Betano,Baja,contexto premium torneo actual,usa promedios del contexto premium/API-Football,el volumen ofensivo puede variar por planteamiento y marcador temprano,
2026-08-25,13:45,Cambridge United vs Millwall,10Bet,,DNB visita,DRAW_NO_BET AWAY,DRAW_NO_BET:AWAY,46.6%,0.466000,1.62,-0.24,-0.245000,,,,EV negativo,No encontrado en Betano,Baja,torneo actual,usa Poisson base con estadisticas de goles del torneo,riesgo propio del resultado final y variacion del modelo,
2026-08-25,13:45,Cambridge United vs Millwall,,,SHOTS_ON_TARGET_TOTAL UNDER.8.5,SHOTS_ON_TARGET_TOTAL UNDER.8.5,SHOTS_ON_TARGET_TOTAL:UNDER_8_5,45.6%,0.455700,,,,,,,Sin cuota/EV,No encontrado en Betano,Baja,contexto premium torneo actual,usa promedios del contexto premium/API-Football,el volumen ofensivo puede variar por planteamiento y marcador temprano,
2026-08-25,13:45,Cambridge United vs Millwall,,,Corners total -7.5,CORNERS_TOTALS UNDER.7.5,CORNERS_TOTALS:UNDER_7_5,45.3%,0.453000,,,,,,,Sin cuota/EV,No encontrado en Betano,Baja,contexto premium torneo actual,usa promedios del contexto premium/API-Football,el volumen ofensivo puede variar por planteamiento y marcador temprano,
2026-08-25,13:45,Cambridge United vs Millwall,,,Visita goles +1.5,TEAM_TOTAL_AWAY OVER.1.5,TEAM_TOTAL_AWAY:OVER_1_5,44.2%,0.442100,,,,,,,Sin cuota/EV,No encontrado en Betano,Baja,torneo actual,usa Poisson base con estadisticas de goles del torneo,un gol temprano o baja eficacia puede cambiar la lectura del mercado,
2026-08-25,13:45,Cambridge United vs Millwall,,,SHOTS_ON_TARGET_TOTAL OVER.9.5,SHOTS_ON_TARGET_TOTAL OVER.9.5,SHOTS_ON_TARGET_TOTAL:OVER_9_5,41.3%,0.412600,,,,,,,Sin cuota/EV,No encontrado en Betano,Baja,contexto premium torneo actual,usa promedios del contexto premium/API-Football,el volumen ofensivo puede variar por planteamiento y marcador temprano,
2026-08-25,13:45,Cambridge United vs Millwall,,,Corners total +8.5,CORNERS_TOTALS OVER.8.5,CORNERS_TOTALS:OVER_8_5,40.8%,0.407500,,,,,,,Sin cuota/EV,No encontrado en Betano,Baja,contexto premium torneo actual,usa promedios del contexto premium/API-Football,el volumen ofensivo puede variar por planteamiento y marcador temprano,
2026-08-25,13:45,Cambridge United vs Millwall,10Bet,,Gana local,1X2 HOME,1X2:HOME,40.7%,0.407300,4.50,0.83,0.832800,,,,EV positivo,No encontrado en Betano,Baja,torneo actual,usa Poisson base con estadisticas de goles del torneo,riesgo propio del resultado final y variacion del modelo,
2026-08-25,13:45,Cambridge United vs Millwall,,,Local tarjetas -1.5,CARDS_HOME UNDER.1.5,CARDS_HOME:UNDER_1_5,40.6%,0.406000,,,,,,,Sin cuota/EV,No encontrado en Betano,Baja,contexto premium torneo actual,usa promedios del contexto premium/API-Football,depende mucho del arbitro y del contexto competitivo,
2026-08-25,13:45,Cambridge United vs Millwall,10Bet,,Goles -2.5,TOTALS UNDER.2.5,TOTALS:UNDER_2_5,39.7%,0.396900,1.15,-0.54,-0.543500,,,,EV negativo,No encontrado en Betano,Baja,torneo actual,usa Poisson base con estadisticas de goles del torneo,un gol temprano o baja eficacia puede cambiar la lectura del mercado,
2026-08-25,13:45,Cambridge United vs Millwall,10Bet,,Goles +3.5,TOTALS OVER.3.5,TOTALS:OVER_3_5,38.0%,0.379600,3.40,0.29,0.290500,,,,EV positivo,No encontrado en Betano,Baja,torneo actual,usa Poisson base con estadisticas de goles del torneo,un gol temprano o baja eficacia puede cambiar la lectura del mercado,
2026-08-25,13:45,Cambridge United vs Millwall,10Bet,,BTTS no,BTTS NO,BTTS:NO,37.7%,0.376900,1.20,-0.55,-0.547700,,,,EV negativo,No encontrado en Betano,Baja,torneo actual,usa Poisson base con estadisticas de goles del torneo,un gol temprano o baja eficacia puede cambiar la lectura del mercado,
2026-08-25,13:45,Cambridge United vs Millwall,10Bet,,Local corners -4.5,CORNERS_HOME UNDER.4.5,CORNERS_HOME:UNDER_4_5,35.8%,0.357500,1.80,-0.36,-0.356500,,,,EV negativo,No encontrado en Betano,Baja,contexto premium torneo actual,usa promedios del contexto premium/API-Football,el volumen ofensivo puede variar por planteamiento y marcador temprano,
2026-08-25,13:45,Cambridge United vs Millwall,10Bet,,Gana visita,1X2 AWAY,1X2:AWAY,35.5%,0.355500,3.60,0.28,0.279800,,,,EV positivo,No encontrado en Betano,Baja,torneo actual,usa Poisson base con estadisticas de goles del torneo,riesgo propio del resultado final y variacion del modelo,
2026-08-25,13:45,Cambridge United vs Millwall,,,SHOTS_TOTAL UNDER.20.5,SHOTS_TOTAL UNDER.20.5,SHOTS_TOTAL:UNDER_20_5,34.7%,0.347400,,,,,,,Sin cuota/EV,No encontrado en Betano,Baja,contexto premium torneo actual,usa promedios del contexto premium/API-Football,el volumen ofensivo puede variar por planteamiento y marcador temprano,
2026-08-25,13:45,Cambridge United vs Millwall,,,SHOTS_TOTAL OVER.24.5,SHOTS_TOTAL OVER.24.5,SHOTS_TOTAL:OVER_24_5,32.6%,0.326200,,,,,,,Sin cuota/EV,No encontrado en Betano,Baja,contexto premium torneo actual,usa promedios del contexto premium/API-Football,el volumen ofensivo puede variar por planteamiento y marcador temprano,
2026-08-25,13:45,Cambridge United vs Millwall,,,SHOTS_ON_TARGET_TOTAL UNDER.7.5,SHOTS_ON_TARGET_TOTAL UNDER.7.5,SHOTS_ON_TARGET_TOTAL:UNDER_7_5,32.4%,0.323900,,,,,,,Sin cuota/EV,No encontrado en Betano,Baja,contexto premium torneo actual,usa promedios del contexto premium/API-Football,el volumen ofensivo puede variar por planteamiento y marcador temprano,
2026-08-25,13:45,Cambridge United vs Millwall,,,Tarjetas total +2.5,CARDS_TOTALS OVER.2.5,CARDS_TOTALS:OVER_2_5,32.3%,0.323300,,,,,,,Sin cuota/EV,No encontrado en Betano,Baja,contexto premium torneo actual,usa promedios del contexto premium/API-Football,depende mucho del arbitro y del contexto competitivo,
2026-08-25,13:45,Cambridge United vs Millwall,,,Local tarjetas +2.5,CARDS_HOME OVER.2.5,CARDS_HOME:OVER_2_5,32.3%,0.323300,,,,,,,Sin cuota/EV,No encontrado en Betano,Baja,contexto premium torneo actual,usa promedios del contexto premium/API-Football,depende mucho del arbitro y del contexto competitivo,
2026-08-25,13:45,Cambridge United vs Millwall,,,Local corners +6.5,CORNERS_HOME OVER.6.5,CORNERS_HOME:OVER_6_5,31.4%,0.314000,,,,,,,Sin cuota/EV,No encontrado en Betano,Baja,contexto premium torneo actual,usa promedios del contexto premium/API-Football,el volumen ofensivo puede variar por planteamiento y marcador temprano,
2026-08-25,13:45,Cambridge United vs Millwall,,,Corners total +9.5,CORNERS_TOTALS OVER.9.5,CORNERS_TOTALS:OVER_9_5,28.3%,0.283400,,,,,,,Sin cuota/EV,No encontrado en Betano,Baja,contexto premium torneo actual,usa promedios del contexto premium/API-Football,el volumen ofensivo puede variar por planteamiento y marcador temprano,
2026-08-25,13:45,Cambridge United vs Millwall,,,Visita corners +3.5,CORNERS_AWAY OVER.3.5,CORNERS_AWAY:OVER_3_5,24.2%,0.242400,,,,,,,Sin cuota/EV,No encontrado en Betano,Baja,contexto premium torneo actual,usa promedios del contexto premium/API-Football,el volumen ofensivo puede variar por planteamiento y marcador temprano,
2026-08-25,13:45,Cambridge United vs Millwall,10Bet,,Empate,1X2 DRAW,1X2:DRAW,23.7%,0.237200,1.70,-0.60,-0.596700,,,,EV negativo,No encontrado en Betano,Baja,torneo actual,usa Poisson base con estadisticas de goles del torneo,riesgo propio del resultado final y variacion del modelo,
2026-08-25,13:45,Cambridge United vs Millwall,,,Visita goles -0.5,TEAM_TOTAL_AWAY UNDER.0.5,TEAM_TOTAL_AWAY:UNDER_0_5,22.3%,0.223200,,,,,,,Sin cuota/EV,No encontrado en Betano,Baja,torneo actual,usa Poisson base con estadisticas de goles del torneo,un gol temprano o baja eficacia puede cambiar la lectura del mercado,
2026-08-25,13:45,Cambridge United vs Millwall,,,Local goles +2.5,TEAM_TOTAL_HOME OVER.2.5,TEAM_TOTAL_HOME:OVER_2_5,22.2%,0.221800,,,,,,,Sin cuota/EV,No encontrado en Betano,Baja,torneo actual,usa Poisson base con estadisticas de goles del torneo,un gol temprano o baja eficacia puede cambiar la lectura del mercado,
2026-08-25,13:45,Cambridge United vs Millwall,,,SHOTS_ON_TARGET_TOTAL UNDER.6.5,SHOTS_ON_TARGET_TOTAL UNDER.6.5,SHOTS_ON_TARGET_TOTAL:UNDER_6_5,20.7%,0.206800,,,,,,,Sin cuota/EV,No encontrado en Betano,Baja,contexto premium torneo actual,usa promedios del contexto premium/API-Football,el volumen ofensivo puede variar por planteamiento y marcador temprano,
2026-08-25,13:45,Cambridge United vs Millwall,,,SHOTS_TOTAL UNDER.18.5,SHOTS_TOTAL UNDER.18.5,SHOTS_TOTAL:UNDER_18_5,20.2%,0.202200,,,,,,,Sin cuota/EV,No encontrado en Betano,Baja,contexto premium torneo actual,usa promedios del contexto premium/API-Football,el volumen ofensivo puede variar por planteamiento y marcador temprano,
2026-08-25,13:45,Cambridge United vs Millwall,,,Local corners -3.5,CORNERS_HOME UNDER.3.5,CORNERS_HOME:UNDER_3_5,20.2%,0.201700,,,,,,,Sin cuota/EV,No encontrado en Betano,Baja,contexto premium torneo actual,usa promedios del contexto premium/API-Football,el volumen ofensivo puede variar por planteamiento y marcador temprano,
2026-08-25,13:45,Cambridge United vs Millwall,,,Local goles -0.5,TEAM_TOTAL_HOME UNDER.0.5,TEAM_TOTAL_HOME:UNDER_0_5,19.8%,0.198000,,,,,,,Sin cuota/EV,No encontrado en Betano,Baja,torneo actual,usa Poisson base con estadisticas de goles del torneo,un gol temprano o baja eficacia puede cambiar la lectura del mercado,
2026-08-25,13:45,Cambridge United vs Millwall,,,SHOTS_TOTAL OVER.26.5,SHOTS_TOTAL OVER.26.5,SHOTS_TOTAL:OVER_26_5,19.7%,0.196500,,,,,,,Sin cuota/EV,No encontrado en Betano,Baja,contexto premium torneo actual,usa promedios del contexto premium/API-Football,el volumen ofensivo puede variar por planteamiento y marcador temprano,
2026-08-25,13:45,Cambridge United vs Millwall,,,Visita goles +2.5,TEAM_TOTAL_AWAY OVER.2.5,TEAM_TOTAL_AWAY:OVER_2_5,19.1%,0.191100,,,,,,,Sin cuota/EV,No encontrado en Betano,Baja,torneo actual,usa Poisson base con estadisticas de goles del torneo,un gol temprano o baja eficacia puede cambiar la lectura del mercado,
2026-08-25,13:45,Cambridge United vs Millwall,10Bet,,Corners total +10.5,CORNERS_TOTALS OVER.10.5,CORNERS_TOTALS:OVER_10_5,18.4%,0.184100,2.05,-0.62,-0.622600,,,,EV negativo,No encontrado en Betano,Baja,contexto premium torneo actual,usa promedios del contexto premium/API-Football,el volumen ofensivo puede variar por planteamiento y marcador temprano,
2026-08-25,13:45,Cambridge United vs Millwall,10Bet,,Goles -1.5,TOTALS UNDER.1.5,TOTALS:UNDER_1_5,18.2%,0.182000,1.62,-0.71,-0.705200,,,,EV negativo,No encontrado en Betano,Baja,torneo actual,usa Poisson base con estadisticas de goles del torneo,un gol temprano o baja eficacia puede cambiar la lectura del mercado,
2026-08-25,13:45,Cambridge United vs Millwall,,,Tarjetas total +3.5,CARDS_TOTALS OVER.3.5,CARDS_TOTALS:OVER_3_5,14.3%,0.142900,,,,,,,Sin cuota/EV,No encontrado en Betano,Baja,contexto premium torneo actual,usa promedios del contexto premium/API-Football,depende mucho del arbitro y del contexto competitivo,
2026-08-25,13:45,Cambridge United vs Millwall,,,Local tarjetas +3.5,CARDS_HOME OVER.3.5,CARDS_HOME:OVER_3_5,14.3%,0.142900,,,,,,,Sin cuota/EV,No encontrado en Betano,Baja,contexto premium torneo actual,usa promedios del contexto premium/API-Football,depende mucho del arbitro y del contexto competitivo,
2026-08-25,13:45,Cambridge United vs Millwall,,,Local tarjetas -0.5,CARDS_HOME UNDER.0.5,CARDS_HOME:UNDER_0_5,13.5%,0.135300,,,,,,,Sin cuota/EV,No encontrado en Betano,Baja,contexto premium torneo actual,usa promedios del contexto premium/API-Football,depende mucho del arbitro y del contexto competitivo,
2026-08-25,13:45,Cambridge United vs Millwall,,,Corners total +11.5,CORNERS_TOTALS OVER.11.5,CORNERS_TOTALS:OVER_11_5,11.2%,0.111900,,,,,,,Sin cuota/EV,No encontrado en Betano,Baja,contexto premium torneo actual,usa promedios del contexto premium/API-Football,el volumen ofensivo puede variar por planteamiento y marcador temprano,
2026-08-25,13:45,Cambridge United vs Millwall,,,Visita corners +4.5,CORNERS_AWAY OVER.4.5,CORNERS_AWAY:OVER_4_5,10.9%,0.108800,,,,,,,Sin cuota/EV,No encontrado en Betano,Baja,contexto premium torneo actual,usa promedios del contexto premium/API-Football,el volumen ofensivo puede variar por planteamiento y marcador temprano,
2026-08-25,13:45,Cambridge United vs Millwall,,,Tarjetas total +4.5,CARDS_TOTALS OVER.4.5,CARDS_TOTALS:OVER_4_5,5.3%,0.052700,,,,,,,Sin cuota/EV,No encontrado en Betano,Baja,contexto premium torneo actual,usa promedios del contexto premium/API-Football,depende mucho del arbitro y del contexto competitivo,
2026-08-25,13:45,Cambridge United vs Millwall,10Bet,,Visita corners +5.5,CORNERS_AWAY OVER.5.5,CORNERS_AWAY:OVER_5_5,4.2%,0.042000,1.91,-0.92,-0.919700,,,,EV negativo,No encontrado en Betano,Baja,contexto premium torneo actual,usa promedios del contexto premium/API-Football,el volumen ofensivo puede variar por planteamiento y marcador temprano,
2026-08-25,13:45,Cambridge United vs Millwall,,,Tarjetas total +5.5,CARDS_TOTALS OVER.5.5,CARDS_TOTALS:OVER_5_5,1.7%,0.016600,,,,,,,Sin cuota/EV,No encontrado en Betano,Baja,contexto premium torneo actual,usa promedios del contexto premium/API-Football,depende mucho del arbitro y del contexto competitivo,
2026-08-25,13:45,Cambridge United vs Millwall,,,Visita corners +6.5,CORNERS_AWAY OVER.6.5,CORNERS_AWAY:OVER_6_5,1.4%,0.014200,,,,,,,Sin cuota/EV,No encontrado en Betano,Baja,contexto premium torneo actual,usa promedios del contexto premium/API-Football,el volumen ofensivo puede variar por planteamiento y marcador temprano,
2026-08-25,13:45,Cambridge United vs Millwall,,,Tarjetas total +6.5,CARDS_TOTALS OVER.6.5,CARDS_TOTALS:OVER_6_5,0.4%,0.004500,,,,,,,Sin cuota/EV,No encontrado en Betano,Baja,contexto premium torneo actual,usa promedios del contexto premium/API-Football,depende mucho del arbitro y del contexto competitivo,
2026-08-25,13:45,Fleetwood Town vs Shrewsbury,,,Visita tarjetas +0.5,CARDS_AWAY OVER.0.5,CARDS_AWAY:OVER_0_5,98.2%,0.981700,,,,,,,Sin cuota/EV,No encontrado en Betano,Alta,contexto premium torneo actual,usa promedios del contexto premium/API-Football,depende mucho del arbitro y del contexto competitivo,
2026-08-25,13:45,Fleetwood Town vs Shrewsbury,,,Tarjetas total +2.5,CARDS_TOTALS OVER.2.5,CARDS_TOTALS:OVER_2_5,97.0%,0.970400,,,,,,,Sin cuota/EV,No encontrado en Betano,Alta,contexto premium torneo actual,usa promedios del contexto premium/API-Football,depende mucho del arbitro y del contexto competitivo,
2026-08-25,13:45,Fleetwood Town vs Shrewsbury,,,Local tarjetas +0.5,CARDS_HOME OVER.0.5,CARDS_HOME:OVER_0_5,95.0%,0.950200,,,,,,,Sin cuota/EV,No encontrado en Betano,Alta,contexto premium torneo actual,usa promedios del contexto premium/API-Football,depende mucho del arbitro y del contexto competitivo,
2026-08-25,13:45,Fleetwood Town vs Shrewsbury,,,SHOTS_ON_TARGET_TOTAL UNDER.9.5,SHOTS_ON_TARGET_TOTAL UNDER.9.5,SHOTS_ON_TARGET_TOTAL:UNDER_9_5,94.6%,0.946200,,,,,,,Sin cuota/EV,No encontrado en Betano,Alta,contexto premium torneo actual,usa promedios del contexto premium/API-Football,el volumen ofensivo puede variar por planteamiento y marcador temprano,
2026-08-25,13:45,Fleetwood Town vs Shrewsbury,,,Corners total +7.5,CORNERS_TOTALS OVER.7.5,CORNERS_TOTALS:OVER_7_5,94.6%,0.946000,,,,,,,Sin cuota/EV,No encontrado en Betano,Alta,contexto premium torneo actual,usa promedios del contexto premium/API-Football,el volumen ofensivo puede variar por planteamiento y marcador temprano,
2026-08-25,13:45,Fleetwood Town vs Shrewsbury,,,Local corners +3.5,CORNERS_HOME OVER.3.5,CORNERS_HOME:OVER_3_5,94.1%,0.940900,,,,,,,Sin cuota/EV,No encontrado en Betano,Alta,contexto premium torneo actual,usa promedios del contexto premium/API-Football,el volumen ofensivo puede variar por planteamiento y marcador temprano,
2026-08-25,13:45,Fleetwood Town vs Shrewsbury,,,SHOTS_TOTAL OVER.18.5,SHOTS_TOTAL OVER.18.5,SHOTS_TOTAL:OVER_18_5,93.5%,0.935400,,,,,,,Sin cuota/EV,No encontrado en Betano,Alta,contexto premium torneo actual,usa promedios del contexto premium/API-Football,el volumen ofensivo puede variar por planteamiento y marcador temprano,
2026-08-25,13:45,Fleetwood Town vs Shrewsbury,,,Visita goles -2.5,TEAM_TOTAL_AWAY UNDER.2.5,TEAM_TOTAL_AWAY:UNDER_2_5,92.0%,0.919700,,,,,,,Sin cuota/EV,No encontrado en Betano,Alta,torneo actual,usa Poisson base con estadisticas de goles del torneo,un gol temprano o baja eficacia puede cambiar la lectura del mercado,
2026-08-25,13:45,Fleetwood Town vs Shrewsbury,,,Tarjetas total +3.5,CARDS_TOTALS OVER.3.5,CARDS_TOTALS:OVER_3_5,91.8%,0.918200,,,,,,,Sin cuota/EV,No encontrado en Betano,Alta,contexto premium torneo actual,usa promedios del contexto premium/API-Football,depende mucho del arbitro y del contexto competitivo,
2026-08-25,13:45,Fleetwood Town vs Shrewsbury,10Bet,,1T -1.5,FIRST_HALF_TOTALS UNDER.1.5,FIRST_HALF_TOTALS:UNDER_1_5,91.0%,0.909800,1.11,0.01,0.009900,,,,EV negativo,No encontrado en Betano,Alta,contexto premium torneo actual,usa promedios del contexto premium/API-Football,el primer tiempo puede tener ritmo bajo o rotaciones,
2026-08-25,13:45,Fleetwood Town vs Shrewsbury,,,Visita tarjetas +1.5,CARDS_AWAY OVER.1.5,CARDS_AWAY:OVER_1_5,90.8%,0.908400,,,,,,,Sin cuota/EV,No encontrado en Betano,Alta,contexto premium torneo actual,usa promedios del contexto premium/API-Football,depende mucho del arbitro y del contexto competitivo,
2026-08-25,13:45,Fleetwood Town vs Shrewsbury,,,Local goles -2.5,TEAM_TOTAL_HOME UNDER.2.5,TEAM_TOTAL_HOME:UNDER_2_5,90.4%,0.904400,,,,,,,Sin cuota/EV,No encontrado en Betano,Alta,torneo actual,usa Poisson base con estadisticas de goles del torneo,un gol temprano o baja eficacia puede cambiar la lectura del mercado,
2026-08-25,13:45,Fleetwood Town vs Shrewsbury,10Bet,,Corners total +8.5,CORNERS_TOTALS OVER.8.5,CORNERS_TOTALS:OVER_8_5,90.0%,0.900200,1.70,0.53,0.530400,,,,EV positivo,No encontrado en Betano,Alta,contexto premium torneo actual,usa promedios del contexto premium/API-Football,el volumen ofensivo puede variar por planteamiento y marcador temprano,
2026-08-25,13:45,Fleetwood Town vs Shrewsbury,,,SHOTS_ON_TARGET_TOTAL UNDER.8.5,SHOTS_ON_TARGET_TOTAL UNDER.8.5,SHOTS_ON_TARGET_TOTAL:UNDER_8_5,89.4%,0.894400,,,,,,,Sin cuota/EV,No encontrado en Betano,Alta,contexto premium torneo actual,usa promedios del contexto premium/API-Football,el volumen ofensivo puede variar por planteamiento y marcador temprano,
2026-08-25,13:45,Fleetwood Town vs Shrewsbury,10Bet,,Local corners +4.5,CORNERS_HOME OVER.4.5,CORNERS_HOME:OVER_4_5,86.8%,0.867900,1.67,0.45,0.449500,,,,EV positivo,No encontrado en Betano,Alta,contexto premium torneo actual,usa promedios del contexto premium/API-Football,el volumen ofensivo puede variar por planteamiento y marcador temprano,
2026-08-25,13:45,Fleetwood Town vs Shrewsbury,,,SHOTS_TOTAL OVER.20.5,SHOTS_TOTAL OVER.20.5,SHOTS_TOTAL:OVER_20_5,86.1%,0.861300,,,,,,,Sin cuota/EV,No encontrado en Betano,Alta,contexto premium torneo actual,usa promedios del contexto premium/API-Football,el volumen ofensivo puede variar por planteamiento y marcador temprano,
2026-08-25,13:45,Fleetwood Town vs Shrewsbury,10Bet,,Goles -3.5,TOTALS UNDER.3.5,TOTALS:UNDER_3_5,84.2%,0.842400,1.28,0.08,0.078300,,,,EV positivo,No encontrado en Betano,Alta,torneo actual,usa Poisson base con estadisticas de goles del torneo,un gol temprano o baja eficacia puede cambiar la lectura del mercado,
2026-08-25,13:45,Fleetwood Town vs Shrewsbury,10Bet,,Corners total +9.5,CORNERS_TOTALS OVER.9.5,CORNERS_TOTALS:OVER_9_5,83.4%,0.834200,2.05,0.71,0.710100,,,,EV positivo,No encontrado en Betano,Alta,contexto premium torneo actual,usa promedios del contexto premium/API-Football,el volumen ofensivo puede variar por planteamiento y marcador temprano,
2026-08-25,13:45,Fleetwood Town vs Shrewsbury,,,Tarjetas total +4.5,CARDS_TOTALS OVER.4.5,CARDS_TOTALS:OVER_4_5,82.7%,0.827000,,,,,,,Sin cuota/EV,No encontrado en Betano,Alta,contexto premium torneo actual,usa promedios del contexto premium/API-Football,depende mucho del arbitro y del contexto competitivo,
2026-08-25,13:45,Fleetwood Town vs Shrewsbury,,,SHOTS_ON_TARGET_TOTAL UNDER.7.5,SHOTS_ON_TARGET_TOTAL UNDER.7.5,SHOTS_ON_TARGET_TOTAL:UNDER_7_5,81.0%,0.809500,,,,,,,Sin cuota/EV,No encontrado en Betano,Alta,contexto premium torneo actual,usa promedios del contexto premium/API-Football,el volumen ofensivo puede variar por planteamiento y marcador temprano,
2026-08-25,13:45,Fleetwood Town vs Shrewsbury,,,Local tarjetas +1.5,CARDS_HOME OVER.1.5,CARDS_HOME:OVER_1_5,80.1%,0.800900,,,,,,,Sin cuota/EV,No encontrado en Betano,Alta,contexto premium torneo actual,usa promedios del contexto premium/API-Football,depende mucho del arbitro y del contexto competitivo,
2026-08-25,13:45,Fleetwood Town vs Shrewsbury,10Bet,,Visita corners +3.5,CORNERS_AWAY OVER.3.5,CORNERS_AWAY:OVER_3_5,79.8%,0.798300,1.55,0.24,0.237400,,,,EV positivo,No encontrado en Betano,Alta,contexto premium torneo actual,usa promedios del contexto premium/API-Football,el volumen ofensivo puede variar por planteamiento y marcador temprano,
2026-08-25,13:45,Fleetwood Town vs Shrewsbury,,,Visita tarjetas +2.5,CARDS_AWAY OVER.2.5,CARDS_AWAY:OVER_2_5,76.2%,0.761900,,,,,,,Sin cuota/EV,No encontrado en Betano,Alta,contexto premium torneo actual,usa promedios del contexto premium/API-Football,depende mucho del arbitro y del contexto competitivo,
2026-08-25,13:45,Fleetwood Town vs Shrewsbury,10Bet,,Local corners +5.5,CORNERS_HOME OVER.5.5,CORNERS_HOME:OVER_5_5,75.9%,0.758600,2.05,0.56,0.555100,,,,EV positivo,No encontrado en Betano,Alta,contexto premium torneo actual,usa promedios del contexto premium/API-Football,el volumen ofensivo puede variar por planteamiento y marcador temprano,
2026-08-25,13:45,Fleetwood Town vs Shrewsbury,,,Corners total +10.5,CORNERS_TOTALS OVER.10.5,CORNERS_TOTALS:OVER_10_5,74.8%,0.748300,,,,,,,Sin cuota/EV,No encontrado en Betano,Alta,contexto premium torneo actual,usa promedios del contexto premium/API-Football,el volumen ofensivo puede variar por planteamiento y marcador temprano,
2026-08-25,13:45,Fleetwood Town vs Shrewsbury,,,SHOTS_TOTAL OVER.22.5,SHOTS_TOTAL OVER.22.5,SHOTS_TOTAL:OVER_22_5,74.8%,0.748300,,,,,,,Sin cuota/EV,No encontrado en Betano,Alta,contexto premium torneo actual,usa promedios del contexto premium/API-Football,el volumen ofensivo puede variar por planteamiento y marcador temprano,
2026-08-25,13:45,Fleetwood Town vs Shrewsbury,,,Visita goles -1.5,TEAM_TOTAL_AWAY UNDER.1.5,TEAM_TOTAL_AWAY:UNDER_1_5,73.6%,0.735800,,,,,,,Sin cuota/EV,No encontrado en Betano,Alta,torneo actual,usa Poisson base con estadisticas de goles del torneo,un gol temprano o baja eficacia puede cambiar la lectura del mercado,
2026-08-25,13:45,Fleetwood Town vs Shrewsbury,,,Local goles -1.5,TEAM_TOTAL_HOME UNDER.1.5,TEAM_TOTAL_HOME:UNDER_1_5,70.6%,0.706400,,,,,,,Sin cuota/EV,No encontrado en Betano,Alta,torneo actual,usa Poisson base con estadisticas de goles del torneo,un gol temprano o baja eficacia puede cambiar la lectura del mercado,
2026-08-25,13:45,Fleetwood Town vs Shrewsbury,,,Tarjetas total +5.5,CARDS_TOTALS OVER.5.5,CARDS_TOTALS:OVER_5_5,69.9%,0.699300,,,,,,,Sin cuota/EV,No encontrado en Betano,Media,contexto premium torneo actual,usa promedios del contexto premium/API-Football,depende mucho del arbitro y del contexto competitivo,
2026-08-25,13:45,Fleetwood Town vs Shrewsbury,,,DOUBLE_CHANCE 12,DOUBLE_CHANCE 12,DOUBLE_CHANCE:12,69.9%,0.699000,,,,,,,Sin cuota/EV,No encontrado en Betano,Media,torneo actual,usa Poisson base con estadisticas de goles del torneo,riesgo propio del resultado final y variacion del modelo,
2026-08-25,13:45,Fleetwood Town vs Shrewsbury,,,Visita corners -6.5,CORNERS_AWAY UNDER.6.5,CORNERS_AWAY:UNDER_6_5,68.6%,0.686000,,,,,,,Sin cuota/EV,No encontrado en Betano,Media,contexto premium torneo actual,usa promedios del contexto premium/API-Football,el volumen ofensivo puede variar por planteamiento y marcador temprano,
2026-08-25,13:45,Fleetwood Town vs Shrewsbury,,,SHOTS_ON_TARGET_TOTAL UNDER.6.5,SHOTS_ON_TARGET_TOTAL UNDER.6.5,SHOTS_ON_TARGET_TOTAL:UNDER_6_5,68.6%,0.686000,,,,,,,Sin cuota/EV,No encontrado en Betano,Media,contexto premium torneo actual,usa promedios del contexto premium/API-Football,el volumen ofensivo puede variar por planteamiento y marcador temprano,
2026-08-25,13:45,Fleetwood Town vs Shrewsbury,,,DOUBLE_CHANCE 1X,DOUBLE_CHANCE 1X,DOUBLE_CHANCE:1X,67.1%,0.671100,,,,,,,Sin cuota/EV,No encontrado en Betano,Media,torneo actual,usa Poisson base con estadisticas de goles del torneo,riesgo propio del resultado final y variacion del modelo,
2026-08-25,13:45,Fleetwood Town vs Shrewsbury,,,Local goles +0.5,TEAM_TOTAL_HOME OVER.0.5,TEAM_TOTAL_HOME:OVER_0_5,66.0%,0.660400,,,,,,,Sin cuota/EV,No encontrado en Betano,Media,torneo actual,usa Poisson base con estadisticas de goles del torneo,un gol temprano o baja eficacia puede cambiar la lectura del mercado,
2026-08-25,13:45,Fleetwood Town vs Shrewsbury,10Bet,,Goles -2.5,TOTALS UNDER.2.5,TOTALS:UNDER_2_5,65.5%,0.655000,1.15,-0.25,-0.246700,,,,EV negativo,No encontrado en Betano,Media,torneo actual,usa Poisson base con estadisticas de goles del torneo,un gol temprano o baja eficacia puede cambiar la lectura del mercado,
2026-08-25,13:45,Fleetwood Town vs Shrewsbury,,,Local tarjetas -3.5,CARDS_HOME UNDER.3.5,CARDS_HOME:UNDER_3_5,64.7%,0.647200,,,,,,,Sin cuota/EV,No encontrado en Betano,Media,contexto premium torneo actual,usa promedios del contexto premium/API-Football,depende mucho del arbitro y del contexto competitivo,
2026-08-25,13:45,Fleetwood Town vs Shrewsbury,,,Corners total +11.5,CORNERS_TOTALS OVER.11.5,CORNERS_TOTALS:OVER_11_5,64.7%,0.646800,,,,,,,Sin cuota/EV,No encontrado en Betano,Media,contexto premium torneo actual,usa promedios del contexto premium/API-Football,el volumen ofensivo puede variar por planteamiento y marcador temprano,
2026-08-25,13:45,Fleetwood Town vs Shrewsbury,10Bet,,Visita corners +4.5,CORNERS_AWAY OVER.4.5,CORNERS_AWAY:OVER_4_5,64.2%,0.642500,2.05,0.32,0.317100,,,,EV positivo,No encontrado en Betano,Media,contexto premium torneo actual,usa promedios del contexto premium/API-Football,el volumen ofensivo puede variar por planteamiento y marcador temprano,
2026-08-25,13:45,Fleetwood Town vs Shrewsbury,,,Visita goles +0.5,TEAM_TOTAL_AWAY OVER.0.5,TEAM_TOTAL_AWAY:OVER_0_5,63.2%,0.632100,,,,,,,Sin cuota/EV,No encontrado en Betano,Media,torneo actual,usa Poisson base con estadisticas de goles del torneo,un gol temprano o baja eficacia puede cambiar la lectura del mercado,
2026-08-25,13:45,Fleetwood Town vs Shrewsbury,,,DOUBLE_CHANCE X2,DOUBLE_CHANCE X2,DOUBLE_CHANCE:X2,63.0%,0.629900,,,,,,,Sin cuota/EV,No encontrado en Betano,Media,torneo actual,usa Poisson base con estadisticas de goles del torneo,riesgo propio del resultado final y variacion del modelo,
2026-08-25,13:45,Fleetwood Town vs Shrewsbury,,,Local corners +6.5,CORNERS_HOME OVER.6.5,CORNERS_HOME:OVER_6_5,62.2%,0.621800,,,,,,,Sin cuota/EV,No encontrado en Betano,Media,contexto premium torneo actual,usa promedios del contexto premium/API-Football,el volumen ofensivo puede variar por planteamiento y marcador temprano,
2026-08-25,13:45,Fleetwood Town vs Shrewsbury,10Bet,,Goles +1.5,TOTALS OVER.1.5,TOTALS:OVER_1_5,61.5%,0.615200,2.15,0.32,0.322700,,,,EV positivo,No encontrado en Betano,Media,torneo actual,usa Poisson base con estadisticas de goles del torneo,un gol temprano o baja eficacia puede cambiar la lectura del mercado,
2026-08-25,13:45,Fleetwood Town vs Shrewsbury,10Bet,,1T -0.5,FIRST_HALF_TOTALS UNDER.0.5,FIRST_HALF_TOTALS:UNDER_0_5,60.7%,0.606500,1.50,-0.09,-0.090200,,,,EV negativo,No encontrado en Betano,Media,contexto premium torneo actual,usa promedios del contexto premium/API-Football,el primer tiempo puede tener ritmo bajo o rotaciones,
2026-08-25,13:45,Fleetwood Town vs Shrewsbury,,,SHOTS_TOTAL OVER.24.5,SHOTS_TOTAL OVER.24.5,SHOTS_TOTAL:OVER_24_5,60.4%,0.604100,,,,,,,Sin cuota/EV,No encontrado en Betano,Media,contexto premium torneo actual,usa promedios del contexto premium/API-Football,el volumen ofensivo puede variar por planteamiento y marcador temprano,
2026-08-25,13:45,Fleetwood Town vs Shrewsbury,10Bet,,BTTS no,BTTS NO,BTTS:NO,58.2%,0.582500,1.18,-0.31,-0.312600,,,,EV negativo,No encontrado en Betano,Media,torneo actual,usa Poisson base con estadisticas de goles del torneo,un gol temprano o baja eficacia puede cambiar la lectura del mercado,
2026-08-25,13:45,Fleetwood Town vs Shrewsbury,,,Local tarjetas +2.5,CARDS_HOME OVER.2.5,CARDS_HOME:OVER_2_5,57.7%,0.576800,,,,,,,Sin cuota/EV,No encontrado en Betano,Media,contexto premium torneo actual,usa promedios del contexto premium/API-Football,depende mucho del arbitro y del contexto competitivo,
2026-08-25,13:45,Fleetwood Town vs Shrewsbury,,,Visita tarjetas +3.5,CARDS_AWAY OVER.3.5,CARDS_AWAY:OVER_3_5,56.6%,0.566500,,,,,,,Sin cuota/EV,No encontrado en Betano,Media,contexto premium torneo actual,usa promedios del contexto premium/API-Football,depende mucho del arbitro y del contexto competitivo,
2026-08-25,13:45,Fleetwood Town vs Shrewsbury,,,SHOTS_TOTAL UNDER.26.5,SHOTS_TOTAL UNDER.26.5,SHOTS_TOTAL:UNDER_26_5,55.2%,0.551900,,,,,,,Sin cuota/EV,No encontrado en Betano,Media,contexto premium torneo actual,usa promedios del contexto premium/API-Football,el volumen ofensivo puede variar por planteamiento y marcador temprano,
2026-08-25,13:45,Fleetwood Town vs Shrewsbury,,,Tarjetas total +6.5,CARDS_TOTALS OVER.6.5,CARDS_TOTALS:OVER_6_5,55.0%,0.550300,,,,,,,Sin cuota/EV,No encontrado en Betano,Media,contexto premium torneo actual,usa promedios del contexto premium/API-Football,depende mucho del arbitro y del contexto competitivo,
2026-08-25,13:45,Fleetwood Town vs Shrewsbury,10Bet,,DNB local,DRAW_NO_BET HOME,DRAW_NO_BET:HOME,52.9%,0.529500,1.60,-0.15,-0.152800,,,,EV negativo,No encontrado en Betano,Baja,torneo actual,usa Poisson base con estadisticas de goles del torneo,riesgo propio del resultado final y variacion del modelo,
2026-08-25,13:45,Fleetwood Town vs Shrewsbury,,,Visita corners -5.5,CORNERS_AWAY UNDER.5.5,CORNERS_AWAY:UNDER_5_5,52.9%,0.528900,,,,,,,Sin cuota/EV,No encontrado en Betano,Baja,contexto premium torneo actual,usa promedios del contexto premium/API-Football,el volumen ofensivo puede variar por planteamiento y marcador temprano,
2026-08-25,13:45,Fleetwood Town vs Shrewsbury,,,Visita corners +5.5,CORNERS_AWAY OVER.5.5,CORNERS_AWAY:OVER_5_5,47.1%,0.471100,,,,,,,Sin cuota/EV,No encontrado en Betano,Baja,contexto premium torneo actual,usa promedios del contexto premium/API-Football,el volumen ofensivo puede variar por planteamiento y marcador temprano,
2026-08-25,13:45,Fleetwood Town vs Shrewsbury,10Bet,,DNB visita,DRAW_NO_BET AWAY,DRAW_NO_BET:AWAY,47.0%,0.470500,2.20,0.04,0.035100,,,,EV positivo,No encontrado en Betano,Baja,torneo actual,usa Poisson base con estadisticas de goles del torneo,riesgo propio del resultado final y variacion del modelo,
2026-08-25,13:45,Fleetwood Town vs Shrewsbury,,,Tarjetas total -6.5,CARDS_TOTALS UNDER.6.5,CARDS_TOTALS:UNDER_6_5,45.0%,0.449700,,,,,,,Sin cuota/EV,No encontrado en Betano,Baja,contexto premium torneo actual,usa promedios del contexto premium/API-Football,depende mucho del arbitro y del contexto competitivo,
2026-08-25,13:45,Fleetwood Town vs Shrewsbury,,,SHOTS_TOTAL OVER.26.5,SHOTS_TOTAL OVER.26.5,SHOTS_TOTAL:OVER_26_5,44.8%,0.448100,,,,,,,Sin cuota/EV,No encontrado en Betano,Baja,contexto premium torneo actual,usa promedios del contexto premium/API-Football,el volumen ofensivo puede variar por planteamiento y marcador temprano,
2026-08-25,13:45,Fleetwood Town vs Shrewsbury,,,Visita tarjetas -3.5,CARDS_AWAY UNDER.3.5,CARDS_AWAY:UNDER_3_5,43.4%,0.433500,,,,,,,Sin cuota/EV,No encontrado en Betano,Baja,contexto premium torneo actual,usa promedios del contexto premium/API-Football,depende mucho del arbitro y del contexto competitivo,
2026-08-25,13:45,Fleetwood Town vs Shrewsbury,,,Local tarjetas -2.5,CARDS_HOME UNDER.2.5,CARDS_HOME:UNDER_2_5,42.3%,0.423200,,,,,,,Sin cuota/EV,No encontrado en Betano,Baja,contexto premium torneo actual,usa promedios del contexto premium/API-Football,depende mucho del arbitro y del contexto competitivo,
2026-08-25,13:45,Fleetwood Town vs Shrewsbury,10Bet,,BTTS sí,BTTS YES,BTTS:YES,41.8%,0.417500,4.33,0.81,0.807600,,,,EV positivo,No encontrado en Betano,Baja,torneo actual,usa Poisson base con estadisticas de goles del torneo,un gol temprano o baja eficacia puede cambiar la lectura del mercado,
2026-08-25,13:45,Fleetwood Town vs Shrewsbury,,,SHOTS_TOTAL UNDER.24.5,SHOTS_TOTAL UNDER.24.5,SHOTS_TOTAL:UNDER_24_5,39.6%,0.395900,,,,,,,Sin cuota/EV,No encontrado en Betano,Baja,contexto premium torneo actual,usa promedios del contexto premium/API-Football,el volumen ofensivo puede variar por planteamiento y marcador temprano,
2026-08-25,13:45,Fleetwood Town vs Shrewsbury,10Bet,,1T +0.5,FIRST_HALF_TOTALS OVER.0.5,FIRST_HALF_TOTALS:OVER_0_5,39.4%,0.393500,2.40,-0.06,-0.055700,,,,EV negativo,No encontrado en Betano,Baja,contexto premium torneo actual,usa promedios del contexto premium/API-Football,el primer tiempo puede tener ritmo bajo o rotaciones,
2026-08-25,13:45,Fleetwood Town vs Shrewsbury,10Bet,,Goles -1.5,TOTALS UNDER.1.5,TOTALS:UNDER_1_5,38.5%,0.384800,1.62,-0.38,-0.376600,,,,EV negativo,No encontrado en Betano,Baja,torneo actual,usa Poisson base con estadisticas de goles del torneo,un gol temprano o baja eficacia puede cambiar la lectura del mercado,
2026-08-25,13:45,Fleetwood Town vs Shrewsbury,,,Local corners -6.5,CORNERS_HOME UNDER.6.5,CORNERS_HOME:UNDER_6_5,37.8%,0.378200,,,,,,,Sin cuota/EV,No encontrado en Betano,Baja,contexto premium torneo actual,usa promedios del contexto premium/API-Football,el volumen ofensivo puede variar por planteamiento y marcador temprano,
2026-08-25,13:45,Fleetwood Town vs Shrewsbury,10Bet,,Gana local,1X2 HOME,1X2:HOME,37.0%,0.370100,3.40,0.26,0.258400,,,,EV positivo,No encontrado en Betano,Baja,torneo actual,usa Poisson base con estadisticas de goles del torneo,riesgo propio del resultado final y variacion del modelo,
2026-08-25,13:45,Fleetwood Town vs Shrewsbury,,,Visita goles -0.5,TEAM_TOTAL_AWAY UNDER.0.5,TEAM_TOTAL_AWAY:UNDER_0_5,36.8%,0.367900,,,,,,,Sin cuota/EV,No encontrado en Betano,Baja,torneo actual,usa Poisson base con estadisticas de goles del torneo,un gol temprano o baja eficacia puede cambiar la lectura del mercado,
2026-08-25,13:45,Fleetwood Town vs Shrewsbury,10Bet,,Visita corners -4.5,CORNERS_AWAY UNDER.4.5,CORNERS_AWAY:UNDER_4_5,35.8%,0.357500,1.57,-0.44,-0.438700,,,,EV negativo,No encontrado en Betano,Baja,contexto premium torneo actual,usa promedios del contexto premium/API-Football,el volumen ofensivo puede variar por planteamiento y marcador temprano,
2026-08-25,13:45,Fleetwood Town vs Shrewsbury,,,Corners total -11.5,CORNERS_TOTALS UNDER.11.5,CORNERS_TOTALS:UNDER_11_5,35.3%,0.353200,,,,,,,Sin cuota/EV,No encontrado en Betano,Baja,contexto premium torneo actual,usa promedios del contexto premium/API-Football,el volumen ofensivo puede variar por planteamiento y marcador temprano,
2026-08-25,13:45,Fleetwood Town vs Shrewsbury,,,Local tarjetas +3.5,CARDS_HOME OVER.3.5,CARDS_HOME:OVER_3_5,35.3%,0.352800,,,,,,,Sin cuota/EV,No encontrado en Betano,Baja,contexto premium torneo actual,usa promedios del contexto premium/API-Football,depende mucho del arbitro y del contexto competitivo,
2026-08-25,13:45,Fleetwood Town vs Shrewsbury,10Bet,,Goles +2.5,TOTALS OVER.2.5,TOTALS:OVER_2_5,34.5%,0.345000,4.60,0.59,0.586800,,,,EV positivo,No encontrado en Betano,Baja,torneo actual,usa Poisson base con estadisticas de goles del torneo,un gol temprano o baja eficacia puede cambiar la lectura del mercado,
2026-08-25,13:45,Fleetwood Town vs Shrewsbury,,,Local goles -0.5,TEAM_TOTAL_HOME UNDER.0.5,TEAM_TOTAL_HOME:UNDER_0_5,34.0%,0.339600,,,,,,,Sin cuota/EV,No encontrado en Betano,Baja,torneo actual,usa Poisson base con estadisticas de goles del torneo,un gol temprano o baja eficacia puede cambiar la lectura del mercado,
2026-08-25,13:45,Fleetwood Town vs Shrewsbury,10Bet,,Gana visita,1X2 AWAY,1X2:AWAY,32.9%,0.328900,5.25,0.73,0.726800,,,,EV positivo,No encontrado en Betano,Baja,torneo actual,usa Poisson base con estadisticas de goles del torneo,riesgo propio del resultado final y variacion del modelo,
2026-08-25,13:45,Fleetwood Town vs Shrewsbury,,,Visita corners +6.5,CORNERS_AWAY OVER.6.5,CORNERS_AWAY:OVER_6_5,31.4%,0.314000,,,,,,,Sin cuota/EV,No encontrado en Betano,Baja,contexto premium torneo actual,usa promedios del contexto premium/API-Football,el volumen ofensivo puede variar por planteamiento y marcador temprano,
2026-08-25,13:45,Fleetwood Town vs Shrewsbury,,,SHOTS_ON_TARGET_TOTAL OVER.6.5,SHOTS_ON_TARGET_TOTAL OVER.6.5,SHOTS_ON_TARGET_TOTAL:OVER_6_5,31.4%,0.314000,,,,,,,Sin cuota/EV,No encontrado en Betano,Baja,contexto premium torneo actual,usa promedios del contexto premium/API-Football,el volumen ofensivo puede variar por planteamiento y marcador temprano,
2026-08-25,13:45,Fleetwood Town vs Shrewsbury,10Bet,,Empate,1X2 DRAW,1X2:DRAW,30.1%,0.301000,1.70,-0.49,-0.488400,,,,EV negativo,No encontrado en Betano,Baja,torneo actual,usa Poisson base con estadisticas de goles del torneo,riesgo propio del resultado final y variacion del modelo,
2026-08-25,13:45,Fleetwood Town vs Shrewsbury,,,Tarjetas total -5.5,CARDS_TOTALS UNDER.5.5,CARDS_TOTALS:UNDER_5_5,30.1%,0.300700,,,,,,,Sin cuota/EV,No encontrado en Betano,Baja,contexto premium torneo actual,usa promedios del contexto premium/API-Football,depende mucho del arbitro y del contexto competitivo,
2026-08-25,13:45,Fleetwood Town vs Shrewsbury,,,Local goles +1.5,TEAM_TOTAL_HOME OVER.1.5,TEAM_TOTAL_HOME:OVER_1_5,29.4%,0.293600,,,,,,,Sin cuota/EV,No encontrado en Betano,Baja,torneo actual,usa Poisson base con estadisticas de goles del torneo,un gol temprano o baja eficacia puede cambiar la lectura del mercado,
2026-08-25,13:45,Fleetwood Town vs Shrewsbury,,,Visita goles +1.5,TEAM_TOTAL_AWAY OVER.1.5,TEAM_TOTAL_AWAY:OVER_1_5,26.4%,0.264200,,,,,,,Sin cuota/EV,No encontrado en Betano,Baja,torneo actual,usa Poisson base con estadisticas de goles del torneo,un gol temprano o baja eficacia puede cambiar la lectura del mercado,
2026-08-25,13:45,Fleetwood Town vs Shrewsbury,,,SHOTS_TOTAL UNDER.22.5,SHOTS_TOTAL UNDER.22.5,SHOTS_TOTAL:UNDER_22_5,25.2%,0.251700,,,,,,,Sin cuota/EV,No encontrado en Betano,Baja,contexto premium torneo actual,usa promedios del contexto premium/API-Football,el volumen ofensivo puede variar por planteamiento y marcador temprano,
2026-08-25,13:45,Fleetwood Town vs Shrewsbury,,,Corners total -10.5,CORNERS_TOTALS UNDER.10.5,CORNERS_TOTALS:UNDER_10_5,25.2%,0.251700,,,,,,,Sin cuota/EV,No encontrado en Betano,Baja,contexto premium torneo actual,usa promedios del contexto premium/API-Football,el volumen ofensivo puede variar por planteamiento y marcador temprano,
2026-08-25,13:45,Fleetwood Town vs Shrewsbury,10Bet,,Local corners -5.5,CORNERS_HOME UNDER.5.5,CORNERS_HOME:UNDER_5_5,24.1%,0.241400,1.57,-0.62,-0.620900,,,,EV negativo,No encontrado en Betano,Baja,contexto premium torneo actual,usa promedios del contexto premium/API-Football,el volumen ofensivo puede variar por planteamiento y marcador temprano,
2026-08-25,13:45,Fleetwood Town vs Shrewsbury,,,Visita tarjetas -2.5,CARDS_AWAY UNDER.2.5,CARDS_AWAY:UNDER_2_5,23.8%,0.238100,,,,,,,Sin cuota/EV,No encontrado en Betano,Baja,contexto premium torneo actual,usa promedios del contexto premium/API-Football,depende mucho del arbitro y del contexto competitivo,
2026-08-25,13:45,Fleetwood Town vs Shrewsbury,10Bet,,Visita corners -3.5,CORNERS_AWAY UNDER.3.5,CORNERS_AWAY:UNDER_3_5,20.2%,0.201700,2.10,-0.58,-0.576400,,,,EV negativo,No encontrado en Betano,Baja,contexto premium torneo actual,usa promedios del contexto premium/API-Football,el volumen ofensivo puede variar por planteamiento y marcador temprano,
2026-08-25,13:45,Fleetwood Town vs Shrewsbury,,,Local tarjetas -1.5,CARDS_HOME UNDER.1.5,CARDS_HOME:UNDER_1_5,19.9%,0.199100,,,,,,,Sin cuota/EV,No encontrado en Betano,Baja,contexto premium torneo actual,usa promedios del contexto premium/API-Football,depende mucho del arbitro y del contexto competitivo,
2026-08-25,13:45,Fleetwood Town vs Shrewsbury,,,SHOTS_ON_TARGET_TOTAL OVER.7.5,SHOTS_ON_TARGET_TOTAL OVER.7.5,SHOTS_ON_TARGET_TOTAL:OVER_7_5,19.1%,0.190500,,,,,,,Sin cuota/EV,No encontrado en Betano,Baja,contexto premium torneo actual,usa promedios del contexto premium/API-Football,el volumen ofensivo puede variar por planteamiento y marcador temprano,
2026-08-25,13:45,Fleetwood Town vs Shrewsbury,,,Tarjetas total -4.5,CARDS_TOTALS UNDER.4.5,CARDS_TOTALS:UNDER_4_5,17.3%,0.173000,,,,,,,Sin cuota/EV,No encontrado en Betano,Baja,contexto premium torneo actual,usa promedios del contexto premium/API-Football,depende mucho del arbitro y del contexto competitivo,
2026-08-25,13:45,Fleetwood Town vs Shrewsbury,10Bet,,Corners total -9.5,CORNERS_TOTALS UNDER.9.5,CORNERS_TOTALS:UNDER_9_5,16.6%,0.165800,1.70,-0.72,-0.718100,,,,EV negativo,No encontrado en Betano,Baja,contexto premium torneo actual,usa promedios del contexto premium/API-Football,el volumen ofensivo puede variar por planteamiento y marcador temprano,
2026-08-25,13:45,Fleetwood Town vs Shrewsbury,10Bet,,Goles +3.5,TOTALS OVER.3.5,TOTALS:OVER_3_5,15.8%,0.157600,3.55,-0.44,-0.440600,,,,EV negativo,No encontrado en Betano,Baja,torneo actual,usa Poisson base con estadisticas de goles del torneo,un gol temprano o baja eficacia puede cambiar la lectura del mercado,
2026-08-25,13:45,Fleetwood Town vs Shrewsbury,,,SHOTS_TOTAL UNDER.20.5,SHOTS_TOTAL UNDER.20.5,SHOTS_TOTAL:UNDER_20_5,13.9%,0.138700,,,,,,,Sin cuota/EV,No encontrado en Betano,Baja,contexto premium torneo actual,usa promedios del contexto premium/API-Football,el volumen ofensivo puede variar por planteamiento y marcador temprano,
2026-08-25,13:45,Fleetwood Town vs Shrewsbury,10Bet,,Local corners -4.5,CORNERS_HOME UNDER.4.5,CORNERS_HOME:UNDER_4_5,13.2%,0.132100,1.91,-0.75,-0.747800,,,,EV negativo,No encontrado en Betano,Baja,contexto premium torneo actual,usa promedios del contexto premium/API-Football,el volumen ofensivo puede variar por planteamiento y marcador temprano,
2026-08-25,13:45,Fleetwood Town vs Shrewsbury,,,SHOTS_ON_TARGET_TOTAL OVER.8.5,SHOTS_ON_TARGET_TOTAL OVER.8.5,SHOTS_ON_TARGET_TOTAL:OVER_8_5,10.6%,0.105600,,,,,,,Sin cuota/EV,No encontrado en Betano,Baja,contexto premium torneo actual,usa promedios del contexto premium/API-Football,el volumen ofensivo puede variar por planteamiento y marcador temprano,
2026-08-25,13:45,Fleetwood Town vs Shrewsbury,10Bet,,Corners total -8.5,CORNERS_TOTALS UNDER.8.5,CORNERS_TOTALS:UNDER_8_5,10.0%,0.099800,2.05,-0.80,-0.795500,,,,EV negativo,No encontrado en Betano,Baja,contexto premium torneo actual,usa promedios del contexto premium/API-Football,el volumen ofensivo puede variar por planteamiento y marcador temprano,
2026-08-25,13:45,Fleetwood Town vs Shrewsbury,,,Local goles +2.5,TEAM_TOTAL_HOME OVER.2.5,TEAM_TOTAL_HOME:OVER_2_5,9.6%,0.095600,,,,,,,Sin cuota/EV,No encontrado en Betano,Baja,torneo actual,usa Poisson base con estadisticas de goles del torneo,un gol temprano o baja eficacia puede cambiar la lectura del mercado,
2026-08-25,13:45,Fleetwood Town vs Shrewsbury,,,Visita tarjetas -1.5,CARDS_AWAY UNDER.1.5,CARDS_AWAY:UNDER_1_5,9.2%,0.091600,,,,,,,Sin cuota/EV,No encontrado en Betano,Baja,contexto premium torneo actual,usa promedios del contexto premium/API-Football,depende mucho del arbitro y del contexto competitivo,
2026-08-25,13:45,Fleetwood Town vs Shrewsbury,10Bet,,1T +1.5,FIRST_HALF_TOTALS OVER.1.5,FIRST_HALF_TOTALS:OVER_1_5,9.0%,0.090200,5.50,-0.50,-0.503900,,,,EV negativo,No encontrado en Betano,Baja,contexto premium torneo actual,usa promedios del contexto premium/API-Football,el primer tiempo puede tener ritmo bajo o rotaciones,
2026-08-25,13:45,Fleetwood Town vs Shrewsbury,,,Tarjetas total -3.5,CARDS_TOTALS UNDER.3.5,CARDS_TOTALS:UNDER_3_5,8.2%,0.081800,,,,,,,Sin cuota/EV,No encontrado en Betano,Baja,contexto premium torneo actual,usa promedios del contexto premium/API-Football,depende mucho del arbitro y del contexto competitivo,
2026-08-25,13:45,Fleetwood Town vs Shrewsbury,,,Visita goles +2.5,TEAM_TOTAL_AWAY OVER.2.5,TEAM_TOTAL_AWAY:OVER_2_5,8.0%,0.080300,,,,,,,Sin cuota/EV,No encontrado en Betano,Baja,torneo actual,usa Poisson base con estadisticas de goles del torneo,un gol temprano o baja eficacia puede cambiar la lectura del mercado,
2026-08-25,13:45,Fleetwood Town vs Shrewsbury,,,SHOTS_TOTAL UNDER.18.5,SHOTS_TOTAL UNDER.18.5,SHOTS_TOTAL:UNDER_18_5,6.5%,0.064600,,,,,,,Sin cuota/EV,No encontrado en Betano,Baja,contexto premium torneo actual,usa promedios del contexto premium/API-Football,el volumen ofensivo puede variar por planteamiento y marcador temprano,
2026-08-25,13:45,Fleetwood Town vs Shrewsbury,,,Local corners -3.5,CORNERS_HOME UNDER.3.5,CORNERS_HOME:UNDER_3_5,5.9%,0.059100,,,,,,,Sin cuota/EV,No encontrado en Betano,Baja,contexto premium torneo actual,usa promedios del contexto premium/API-Football,el volumen ofensivo puede variar por planteamiento y marcador temprano,
2026-08-25,13:45,Fleetwood Town vs Shrewsbury,,,Corners total -7.5,CORNERS_TOTALS UNDER.7.5,CORNERS_TOTALS:UNDER_7_5,5.4%,0.054000,,,,,,,Sin cuota/EV,No encontrado en Betano,Baja,contexto premium torneo actual,usa promedios del contexto premium/API-Football,el volumen ofensivo puede variar por planteamiento y marcador temprano,
2026-08-25,13:45,Fleetwood Town vs Shrewsbury,,,SHOTS_ON_TARGET_TOTAL OVER.9.5,SHOTS_ON_TARGET_TOTAL OVER.9.5,SHOTS_ON_TARGET_TOTAL:OVER_9_5,5.4%,0.053800,,,,,,,Sin cuota/EV,No encontrado en Betano,Baja,contexto premium torneo actual,usa promedios del contexto premium/API-Football,el volumen ofensivo puede variar por planteamiento y marcador temprano,
2026-08-25,13:45,Fleetwood Town vs Shrewsbury,,,Local tarjetas -0.5,CARDS_HOME UNDER.0.5,CARDS_HOME:UNDER_0_5,5.0%,0.049800,,,,,,,Sin cuota/EV,No encontrado en Betano,Baja,contexto premium torneo actual,usa promedios del contexto premium/API-Football,depende mucho del arbitro y del contexto competitivo,
2026-08-25,13:45,Fleetwood Town vs Shrewsbury,,,Tarjetas total -2.5,CARDS_TOTALS UNDER.2.5,CARDS_TOTALS:UNDER_2_5,3.0%,0.029600,,,,,,,Sin cuota/EV,No encontrado en Betano,Baja,contexto premium torneo actual,usa promedios del contexto premium/API-Football,depende mucho del arbitro y del contexto competitivo,
2026-08-25,13:45,Fleetwood Town vs Shrewsbury,,,Visita tarjetas -0.5,CARDS_AWAY UNDER.0.5,CARDS_AWAY:UNDER_0_5,1.8%,0.018300,,,,,,,Sin cuota/EV,No encontrado en Betano,Baja,contexto premium torneo actual,usa promedios del contexto premium/API-Football,depende mucho del arbitro y del contexto competitivo,
2026-08-25,13:45,Ipswich vs Leicester,,,Visita tarjetas +0.5,CARDS_AWAY OVER.0.5,CARDS_AWAY:OVER_0_5,98.2%,0.981700,,,,,,,Sin cuota/EV,No encontrado en Betano,Alta,contexto premium mixto,usa mezcla de promedios del torneo y recientes/API-Football,depende mucho del arbitro y del contexto competitivo,
2026-08-25,13:45,Ipswich vs Leicester,,,SHOTS_TOTAL UNDER.26.5,SHOTS_TOTAL UNDER.26.5,SHOTS_TOTAL:UNDER_26_5,93.0%,0.930400,,,,,,,Sin cuota/EV,No encontrado en Betano,Alta,contexto premium mixto,usa mezcla de promedios del torneo y recientes/API-Football,el volumen ofensivo puede variar por planteamiento y marcador temprano,
2026-08-25,13:45,Ipswich vs Leicester,,,Tarjetas total +2.5,CARDS_TOTALS OVER.2.5,CARDS_TOTALS:OVER_2_5,92.6%,0.925900,,,,,,,Sin cuota/EV,No encontrado en Betano,Alta,contexto premium mixto,usa mezcla de promedios del torneo y recientes/API-Football,depende mucho del arbitro y del contexto competitivo,
2026-08-25,13:45,Ipswich vs Leicester,,,Visita tarjetas +1.5,CARDS_AWAY OVER.1.5,CARDS_AWAY:OVER_1_5,90.8%,0.908400,,,,,,,Sin cuota/EV,No encontrado en Betano,Alta,contexto premium mixto,usa mezcla de promedios del torneo y recientes/API-Football,depende mucho del arbitro y del contexto competitivo,
2026-08-25,13:45,Ipswich vs Leicester,,,Local tarjetas -3.5,CARDS_HOME UNDER.3.5,CARDS_HOME:UNDER_3_5,89.9%,0.899200,,,,,,,Sin cuota/EV,No encontrado en Betano,Alta,contexto premium mixto,usa mezcla de promedios del torneo y recientes/API-Football,depende mucho del arbitro y del contexto competitivo,
2026-08-25,13:45,Ipswich vs Leicester,,,Visita goles -2.5,TEAM_TOTAL_AWAY UNDER.2.5,TEAM_TOTAL_AWAY:UNDER_2_5,85.7%,0.857100,,,,,,,Sin cuota/EV,No encontrado en Betano,Alta,fallback ultimos partidos,usa Poisson fallback con ultimos partidos multi-competicion,un gol temprano o baja eficacia puede cambiar la lectura del mercado,
2026-08-25,13:45,Ipswich vs Leicester,,,SHOTS_TOTAL UNDER.24.5,SHOTS_TOTAL UNDER.24.5,SHOTS_TOTAL:UNDER_24_5,85.7%,0.856800,,,,,,,Sin cuota/EV,No encontrado en Betano,Alta,contexto premium mixto,usa mezcla de promedios del torneo y recientes/API-Football,el volumen ofensivo puede variar por planteamiento y marcador temprano,
2026-08-25,13:45,Ipswich vs Leicester,,,Local goles -2.5,TEAM_TOTAL_HOME UNDER.2.5,TEAM_TOTAL_HOME:UNDER_2_5,83.2%,0.832500,,,,,,,Sin cuota/EV,No encontrado en Betano,Alta,fallback ultimos partidos,usa Poisson fallback con ultimos partidos multi-competicion,un gol temprano o baja eficacia puede cambiar la lectura del mercado,
2026-08-25,13:45,Ipswich vs Leicester,,,Local tarjetas +0.5,CARDS_HOME OVER.0.5,CARDS_HOME:OVER_0_5,82.6%,0.826200,,,,,,,Sin cuota/EV,No encontrado en Betano,Alta,contexto premium mixto,usa mezcla de promedios del torneo y recientes/API-Football,depende mucho del arbitro y del contexto competitivo,
2026-08-25,13:45,Ipswich vs Leicester,,,Tarjetas total +3.5,CARDS_TOTALS OVER.3.5,CARDS_TOTALS:OVER_3_5,82.5%,0.825100,,,,,,,Sin cuota/EV,No encontrado en Betano,Alta,contexto premium mixto,usa mezcla de promedios del torneo y recientes/API-Football,depende mucho del arbitro y del contexto competitivo,
2026-08-25,13:45,Ipswich vs Leicester,,,Corners total +7.5,CORNERS_TOTALS OVER.7.5,CORNERS_TOTALS:OVER_7_5,82.2%,0.821500,,,,,,,Sin cuota/EV,No encontrado en Betano,Alta,contexto premium mixto,usa mezcla de promedios del torneo y recientes/API-Football,el volumen ofensivo puede variar por planteamiento y marcador temprano,
2026-08-25,13:45,Ipswich vs Leicester,,,SHOTS_ON_TARGET_TOTAL UNDER.9.5,SHOTS_ON_TARGET_TOTAL UNDER.9.5,SHOTS_ON_TARGET_TOTAL:UNDER_9_5,77.6%,0.776400,,,,,,,Sin cuota/EV,No encontrado en Betano,Alta,contexto premium mixto,usa mezcla de promedios del torneo y recientes/API-Football,el volumen ofensivo puede variar por planteamiento y marcador temprano,
2026-08-25,13:45,Ipswich vs Leicester,,,Local corners +3.5,CORNERS_HOME OVER.3.5,CORNERS_HOME:OVER_3_5,76.8%,0.768300,,,,,,,Sin cuota/EV,No encontrado en Betano,Alta,contexto premium mixto,usa mezcla de promedios del torneo y recientes/API-Football,el volumen ofensivo puede variar por planteamiento y marcador temprano,
2026-08-25,13:45,Ipswich vs Leicester,10Bet,,Visita corners +3.5,CORNERS_AWAY OVER.3.5,CORNERS_AWAY:OVER_3_5,76.8%,0.768300,1.55,0.19,0.190900,,,,EV positivo,No encontrado en Betano,Alta,contexto premium mixto,usa mezcla de promedios del torneo y recientes/API-Football,el volumen ofensivo puede variar por planteamiento y marcador temprano,
2026-08-25,13:45,Ipswich vs Leicester,,,Visita tarjetas +2.5,CARDS_AWAY OVER.2.5,CARDS_AWAY:OVER_2_5,76.2%,0.761900,,,,,,,Sin cuota/EV,No encontrado en Betano,Alta,contexto premium mixto,usa mezcla de promedios del torneo y recientes/API-Football,depende mucho del arbitro y del contexto competitivo,
2026-08-25,13:45,Ipswich vs Leicester,,,Local goles +0.5,TEAM_TOTAL_HOME OVER.0.5,TEAM_TOTAL_HOME:OVER_0_5,75.4%,0.754400,,,,,,,Sin cuota/EV,No encontrado en Betano,Alta,fallback ultimos partidos,usa Poisson fallback con ultimos partidos multi-competicion,un gol temprano o baja eficacia puede cambiar la lectura del mercado,
2026-08-25,13:45,Ipswich vs Leicester,10Bet,,Goles +1.5,TOTALS OVER.1.5,TOTALS:OVER_1_5,75.2%,0.752000,1.80,0.35,0.353700,,,,EV positivo,No encontrado en Betano,Alta,fallback ultimos partidos,usa Poisson fallback con ultimos partidos multi-competicion,un gol temprano o baja eficacia puede cambiar la lectura del mercado,
2026-08-25,13:45,Ipswich vs Leicester,,,Local tarjetas -2.5,CARDS_HOME UNDER.2.5,CARDS_HOME:UNDER_2_5,74.4%,0.744000,,,,,,,Sin cuota/EV,No encontrado en Betano,Alta,contexto premium mixto,usa mezcla de promedios del torneo y recientes/API-Football,depende mucho del arbitro y del contexto competitivo,
2026-08-25,13:45,Ipswich vs Leicester,,,DOUBLE_CHANCE 12,DOUBLE_CHANCE 12,DOUBLE_CHANCE:12,74.2%,0.742400,,,,,,,Sin cuota/EV,No encontrado en Betano,Alta,fallback ultimos partidos,usa Poisson fallback con ultimos partidos multi-competicion,riesgo propio del resultado final y variacion del modelo,
2026-08-25,13:45,Ipswich vs Leicester,,,SHOTS_TOTAL UNDER.22.5,SHOTS_TOTAL UNDER.22.5,SHOTS_TOTAL:UNDER_22_5,74.0%,0.739600,,,,,,,Sin cuota/EV,No encontrado en Betano,Alta,contexto premium mixto,usa mezcla de promedios del torneo y recientes/API-Football,el volumen ofensivo puede variar por planteamiento y marcador temprano,
2026-08-25,13:45,Ipswich vs Leicester,,,Visita goles +0.5,TEAM_TOTAL_AWAY OVER.0.5,TEAM_TOTAL_AWAY:OVER_0_5,72.7%,0.727400,,,,,,,Sin cuota/EV,No encontrado en Betano,Alta,fallback ultimos partidos,usa Poisson fallback con ultimos partidos multi-competicion,un gol temprano o baja eficacia puede cambiar la lectura del mercado,
2026-08-25,13:45,Ipswich vs Leicester,,,Local corners -6.5,CORNERS_HOME UNDER.6.5,CORNERS_HOME:UNDER_6_5,72.5%,0.724800,,,,,,,Sin cuota/EV,No encontrado en Betano,Alta,contexto premium mixto,usa mezcla de promedios del torneo y recientes/API-Football,el volumen ofensivo puede variar por planteamiento y marcador temprano,
2026-08-25,13:45,Ipswich vs Leicester,,,Visita corners -6.5,CORNERS_AWAY UNDER.6.5,CORNERS_AWAY:UNDER_6_5,72.5%,0.724800,,,,,,,Sin cuota/EV,No encontrado en Betano,Alta,contexto premium mixto,usa mezcla de promedios del torneo y recientes/API-Football,el volumen ofensivo puede variar por planteamiento y marcador temprano,
2026-08-25,13:45,Ipswich vs Leicester,,,Corners total +8.5,CORNERS_TOTALS OVER.8.5,CORNERS_TOTALS:OVER_8_5,72.1%,0.720600,,,,,,,Sin cuota/EV,No encontrado en Betano,Alta,contexto premium mixto,usa mezcla de promedios del torneo y recientes/API-Football,el volumen ofensivo puede variar por planteamiento y marcador temprano,
2026-08-25,13:45,Ipswich vs Leicester,10Bet,,Goles -3.5,TOTALS UNDER.3.5,TOTALS:UNDER_3_5,71.3%,0.713200,1.50,0.07,0.069900,,,,EV positivo,No encontrado en Betano,Alta,fallback ultimos partidos,usa Poisson fallback con ultimos partidos multi-competicion,un gol temprano o baja eficacia puede cambiar la lectura del mercado,
2026-08-25,13:45,Ipswich vs Leicester,10Bet,,1T -1.5,FIRST_HALF_TOTALS UNDER.1.5,FIRST_HALF_TOTALS:UNDER_1_5,69.9%,0.699000,1.25,-0.13,-0.126200,,,,EV negativo,No encontrado en Betano,Media,contexto premium mixto,usa mezcla de promedios del torneo y recientes/API-Football,el primer tiempo puede tener ritmo bajo o rotaciones,
2026-08-25,13:45,Ipswich vs Leicester,,,Tarjetas total +4.5,CARDS_TOTALS OVER.4.5,CARDS_TOTALS:OVER_4_5,68.0%,0.680100,,,,,,,Sin cuota/EV,No encontrado en Betano,Media,contexto premium mixto,usa mezcla de promedios del torneo y recientes/API-Football,depende mucho del arbitro y del contexto competitivo,
2026-08-25,13:45,Ipswich vs Leicester,10Bet,,1T +0.5,FIRST_HALF_TOTALS OVER.0.5,FIRST_HALF_TOTALS:OVER_0_5,66.7%,0.667100,2.65,0.77,0.767900,,,,EV positivo,No encontrado en Betano,Media,contexto premium mixto,usa mezcla de promedios del torneo y recientes/API-Football,el primer tiempo puede tener ritmo bajo o rotaciones,
2026-08-25,13:45,Ipswich vs Leicester,,,SHOTS_ON_TARGET_TOTAL UNDER.8.5,SHOTS_ON_TARGET_TOTAL UNDER.8.5,SHOTS_ON_TARGET_TOTAL:UNDER_8_5,66.2%,0.662000,,,,,,,Sin cuota/EV,No encontrado en Betano,Media,contexto premium mixto,usa mezcla de promedios del torneo y recientes/API-Football,el volumen ofensivo puede variar por planteamiento y marcador temprano,
2026-08-25,13:45,Ipswich vs Leicester,,,DOUBLE_CHANCE 1X,DOUBLE_CHANCE 1X,DOUBLE_CHANCE:1X,65.3%,0.652700,,,,,,,Sin cuota/EV,No encontrado en Betano,Media,fallback ultimos partidos,usa Poisson fallback con ultimos partidos multi-competicion,riesgo propio del resultado final y variacion del modelo,
2026-08-25,13:45,Ipswich vs Leicester,,,Tarjetas total -6.5,CARDS_TOTALS UNDER.6.5,CARDS_TOTALS:UNDER_6_5,64.6%,0.646400,,,,,,,Sin cuota/EV,No encontrado en Betano,Media,contexto premium mixto,usa mezcla de promedios del torneo y recientes/API-Football,depende mucho del arbitro y del contexto competitivo,
2026-08-25,13:45,Ipswich vs Leicester,,,Corners total -11.5,CORNERS_TOTALS UNDER.11.5,CORNERS_TOTALS:UNDER_11_5,63.9%,0.638700,,,,,,,Sin cuota/EV,No encontrado en Betano,Media,contexto premium mixto,usa mezcla de promedios del torneo y recientes/API-Football,el volumen ofensivo puede variar por planteamiento y marcador temprano,
2026-08-25,13:45,Ipswich vs Leicester,,,Visita goles -1.5,TEAM_TOTAL_AWAY UNDER.1.5,TEAM_TOTAL_AWAY:UNDER_1_5,62.7%,0.626800,,,,,,,Sin cuota/EV,No encontrado en Betano,Media,fallback ultimos partidos,usa Poisson fallback con ultimos partidos multi-competicion,un gol temprano o baja eficacia puede cambiar la lectura del mercado,
2026-08-25,13:45,Ipswich vs Leicester,,,SHOTS_ON_TARGET_TOTAL OVER.6.5,SHOTS_ON_TARGET_TOTAL OVER.6.5,SHOTS_ON_TARGET_TOTAL:OVER_6_5,62.2%,0.621800,,,,,,,Sin cuota/EV,No encontrado en Betano,Media,contexto premium mixto,usa mezcla de promedios del torneo y recientes/API-Football,el volumen ofensivo puede variar por planteamiento y marcador temprano,
2026-08-25,13:45,Ipswich vs Leicester,,,DOUBLE_CHANCE X2,DOUBLE_CHANCE X2,DOUBLE_CHANCE:X2,60.5%,0.604800,,,,,,,Sin cuota/EV,No encontrado en Betano,Media,fallback ultimos partidos,usa Poisson fallback con ultimos partidos multi-competicion,riesgo propio del resultado final y variacion del modelo,
2026-08-25,13:45,Ipswich vs Leicester,10Bet,,Corners total +9.5,CORNERS_TOTALS OVER.9.5,CORNERS_TOTALS:OVER_9_5,60.3%,0.602900,1.70,0.02,0.024900,,,,EV positivo,No encontrado en Betano,Media,contexto premium mixto,usa mezcla de promedios del torneo y recientes/API-Football,el volumen ofensivo puede variar por planteamiento y marcador temprano,
2026-08-25,13:45,Ipswich vs Leicester,,,Local corners +4.5,CORNERS_HOME OVER.4.5,CORNERS_HOME:OVER_4_5,60.2%,0.602200,,,,,,,Sin cuota/EV,No encontrado en Betano,Media,contexto premium mixto,usa mezcla de promedios del torneo y recientes/API-Football,el volumen ofensivo puede variar por planteamiento y marcador temprano,
2026-08-25,13:45,Ipswich vs Leicester,10Bet,,Visita corners +4.5,CORNERS_AWAY OVER.4.5,CORNERS_AWAY:OVER_4_5,60.2%,0.602200,2.00,0.20,0.204500,,,,EV positivo,No encontrado en Betano,Media,contexto premium mixto,usa mezcla de promedios del torneo y recientes/API-Football,el volumen ofensivo puede variar por planteamiento y marcador temprano,
2026-08-25,13:45,Ipswich vs Leicester,,,SHOTS_TOTAL OVER.18.5,SHOTS_TOTAL OVER.18.5,SHOTS_TOTAL:OVER_18_5,59.7%,0.597200,,,,,,,Sin cuota/EV,No encontrado en Betano,Media,contexto premium mixto,usa mezcla de promedios del torneo y recientes/API-Football,el volumen ofensivo puede variar por planteamiento y marcador temprano,
2026-08-25,13:45,Ipswich vs Leicester,,,Local goles -1.5,TEAM_TOTAL_HOME UNDER.1.5,TEAM_TOTAL_HOME:UNDER_1_5,59.1%,0.590500,,,,,,,Sin cuota/EV,No encontrado en Betano,Media,fallback ultimos partidos,usa Poisson fallback con ultimos partidos multi-competicion,un gol temprano o baja eficacia puede cambiar la lectura del mercado,
2026-08-25,13:45,Ipswich vs Leicester,,,SHOTS_TOTAL UNDER.20.5,SHOTS_TOTAL UNDER.20.5,SHOTS_TOTAL:UNDER_20_5,58.1%,0.581300,,,,,,,Sin cuota/EV,No encontrado en Betano,Media,contexto premium mixto,usa mezcla de promedios del torneo y recientes/API-Football,el volumen ofensivo puede variar por planteamiento y marcador temprano,
2026-08-25,13:45,Ipswich vs Leicester,10Bet,,Local corners -5.5,CORNERS_HOME UNDER.5.5,CORNERS_HOME:UNDER_5_5,57.2%,0.572200,2.00,0.14,0.144400,,,,EV positivo,No encontrado en Betano,Media,contexto premium mixto,usa mezcla de promedios del torneo y recientes/API-Football,el volumen ofensivo puede variar por planteamiento y marcador temprano,
2026-08-25,13:45,Ipswich vs Leicester,,,Visita corners -5.5,CORNERS_AWAY UNDER.5.5,CORNERS_AWAY:UNDER_5_5,57.2%,0.572200,,,,,,,Sin cuota/EV,No encontrado en Betano,Media,contexto premium mixto,usa mezcla de promedios del torneo y recientes/API-Football,el volumen ofensivo puede variar por planteamiento y marcador temprano,
2026-08-25,13:45,Ipswich vs Leicester,,,Visita tarjetas +3.5,CARDS_AWAY OVER.3.5,CARDS_AWAY:OVER_3_5,56.6%,0.566500,,,,,,,Sin cuota/EV,No encontrado en Betano,Media,contexto premium mixto,usa mezcla de promedios del torneo y recientes/API-Football,depende mucho del arbitro y del contexto competitivo,
2026-08-25,13:45,Ipswich vs Leicester,10Bet,,BTTS sí,BTTS YES,BTTS:YES,54.9%,0.548800,4.00,1.20,1.195100,,,,EV positivo,No encontrado en Betano,Baja,fallback ultimos partidos,usa Poisson fallback con ultimos partidos multi-competicion,un gol temprano o baja eficacia puede cambiar la lectura del mercado,
2026-08-25,13:45,Ipswich vs Leicester,10Bet,,DNB local,DRAW_NO_BET HOME,DRAW_NO_BET:HOME,53.2%,0.532200,1.30,-0.31,-0.308100,,,,EV negativo,No encontrado en Betano,Baja,fallback ultimos partidos,usa Poisson fallback con ultimos partidos multi-competicion,riesgo propio del resultado final y variacion del modelo,
2026-08-25,13:45,Ipswich vs Leicester,,,SHOTS_ON_TARGET_TOTAL UNDER.7.5,SHOTS_ON_TARGET_TOTAL UNDER.7.5,SHOTS_ON_TARGET_TOTAL:UNDER_7_5,52.5%,0.524600,,,,,,,Sin cuota/EV,No encontrado en Betano,Baja,contexto premium mixto,usa mezcla de promedios del torneo y recientes/API-Football,el volumen ofensivo puede variar por planteamiento y marcador temprano,
2026-08-25,13:45,Ipswich vs Leicester,,,Local tarjetas +1.5,CARDS_HOME OVER.1.5,CARDS_HOME:OVER_1_5,52.2%,0.522100,,,,,,,Sin cuota/EV,No encontrado en Betano,Baja,contexto premium mixto,usa mezcla de promedios del torneo y recientes/API-Football,depende mucho del arbitro y del contexto competitivo,
2026-08-25,13:45,Ipswich vs Leicester,10Bet,,Corners total -10.5,CORNERS_TOTALS UNDER.10.5,CORNERS_TOTALS:UNDER_10_5,52.1%,0.520700,1.77,-0.08,-0.078300,,,,EV negativo,No encontrado en Betano,Baja,contexto premium mixto,usa mezcla de promedios del torneo y recientes/API-Football,el volumen ofensivo puede variar por planteamiento y marcador temprano,
2026-08-25,13:45,Ipswich vs Leicester,,,Tarjetas total +5.5,CARDS_TOTALS OVER.5.5,CARDS_TOTALS:OVER_5_5,51.3%,0.513400,,,,,,,Sin cuota/EV,No encontrado en Betano,Baja,contexto premium mixto,usa mezcla de promedios del torneo y recientes/API-Football,depende mucho del arbitro y del contexto competitivo,
2026-08-25,13:45,Ipswich vs Leicester,10Bet,,Goles +2.5,TOTALS OVER.2.5,TOTALS:OVER_2_5,50.7%,0.507300,3.45,0.75,0.750300,,,,EV positivo,No encontrado en Betano,Baja,fallback ultimos partidos,usa Poisson fallback con ultimos partidos multi-competicion,un gol temprano o baja eficacia puede cambiar la lectura del mercado,
2026-08-25,13:45,Ipswich vs Leicester,10Bet,,Goles -2.5,TOTALS UNDER.2.5,TOTALS:UNDER_2_5,49.3%,0.492700,1.25,-0.38,-0.384200,,,,EV negativo,No encontrado en Betano,Baja,fallback ultimos partidos,usa Poisson fallback con ultimos partidos multi-competicion,un gol temprano o baja eficacia puede cambiar la lectura del mercado,
2026-08-25,13:45,Ipswich vs Leicester,,,Tarjetas total -5.5,CARDS_TOTALS UNDER.5.5,CARDS_TOTALS:UNDER_5_5,48.7%,0.486600,,,,,,,Sin cuota/EV,No encontrado en Betano,Baja,contexto premium mixto,usa mezcla de promedios del torneo y recientes/API-Football,depende mucho del arbitro y del contexto competitivo,
2026-08-25,13:45,Ipswich vs Leicester,10Bet,,Corners total +10.5,CORNERS_TOTALS OVER.10.5,CORNERS_TOTALS:OVER_10_5,47.9%,0.479300,1.95,-0.07,-0.065400,,,,EV negativo,No encontrado en Betano,Baja,contexto premium mixto,usa mezcla de promedios del torneo y recientes/API-Football,el volumen ofensivo puede variar por planteamiento y marcador temprano,
2026-08-25,13:45,Ipswich vs Leicester,,,Local tarjetas -1.5,CARDS_HOME UNDER.1.5,CARDS_HOME:UNDER_1_5,47.8%,0.477900,,,,,,,Sin cuota/EV,No encontrado en Betano,Baja,contexto premium mixto,usa mezcla de promedios del torneo y recientes/API-Football,depende mucho del arbitro y del contexto competitivo,
2026-08-25,13:45,Ipswich vs Leicester,,,SHOTS_ON_TARGET_TOTAL OVER.7.5,SHOTS_ON_TARGET_TOTAL OVER.7.5,SHOTS_ON_TARGET_TOTAL:OVER_7_5,47.5%,0.475400,,,,,,,Sin cuota/EV,No encontrado en Betano,Baja,contexto premium mixto,usa mezcla de promedios del torneo y recientes/API-Football,el volumen ofensivo puede variar por planteamiento y marcador temprano,
2026-08-25,13:45,Ipswich vs Leicester,10Bet,,DNB visita,DRAW_NO_BET AWAY,DRAW_NO_BET:AWAY,46.8%,0.467800,3.20,0.50,0.496800,,,,EV positivo,No encontrado en Betano,Baja,fallback ultimos partidos,usa Poisson fallback con ultimos partidos multi-competicion,riesgo propio del resultado final y variacion del modelo,
2026-08-25,13:45,Ipswich vs Leicester,10Bet,,BTTS no,BTTS NO,BTTS:NO,45.1%,0.451200,1.20,-0.46,-0.458500,,,,EV negativo,No encontrado en Betano,Baja,fallback ultimos partidos,usa Poisson fallback con ultimos partidos multi-competicion,un gol temprano o baja eficacia puede cambiar la lectura del mercado,
2026-08-25,13:45,Ipswich vs Leicester,,,Visita tarjetas -3.5,CARDS_AWAY UNDER.3.5,CARDS_AWAY:UNDER_3_5,43.4%,0.433500,,,,,,,Sin cuota/EV,No encontrado en Betano,Baja,contexto premium mixto,usa mezcla de promedios del torneo y recientes/API-Football,depende mucho del arbitro y del contexto competitivo,
2026-08-25,13:45,Ipswich vs Leicester,10Bet,,Local corners +5.5,CORNERS_HOME OVER.5.5,CORNERS_HOME:OVER_5_5,42.8%,0.427800,1.62,-0.31,-0.306900,,,,EV negativo,No encontrado en Betano,Baja,contexto premium mixto,usa mezcla de promedios del torneo y recientes/API-Football,el volumen ofensivo puede variar por planteamiento y marcador temprano,
2026-08-25,13:45,Ipswich vs Leicester,,,Visita corners +5.5,CORNERS_AWAY OVER.5.5,CORNERS_AWAY:OVER_5_5,42.8%,0.427800,,,,,,,Sin cuota/EV,No encontrado en Betano,Baja,contexto premium mixto,usa mezcla de promedios del torneo y recientes/API-Football,el volumen ofensivo puede variar por planteamiento y marcador temprano,
2026-08-25,13:45,Ipswich vs Leicester,,,SHOTS_TOTAL OVER.20.5,SHOTS_TOTAL OVER.20.5,SHOTS_TOTAL:OVER_20_5,41.9%,0.418700,,,,,,,Sin cuota/EV,No encontrado en Betano,Baja,contexto premium mixto,usa mezcla de promedios del torneo y recientes/API-Football,el volumen ofensivo puede variar por planteamiento y marcador temprano,
2026-08-25,13:45,Ipswich vs Leicester,,,Local goles +1.5,TEAM_TOTAL_HOME OVER.1.5,TEAM_TOTAL_HOME:OVER_1_5,40.9%,0.409500,,,,,,,Sin cuota/EV,No encontrado en Betano,Baja,fallback ultimos partidos,usa Poisson fallback con ultimos partidos multi-competicion,un gol temprano o baja eficacia puede cambiar la lectura del mercado,
2026-08-25,13:45,Ipswich vs Leicester,,,SHOTS_TOTAL UNDER.18.5,SHOTS_TOTAL UNDER.18.5,SHOTS_TOTAL:UNDER_18_5,40.3%,0.402800,,,,,,,Sin cuota/EV,No encontrado en Betano,Baja,contexto premium mixto,usa mezcla de promedios del torneo y recientes/API-Football,el volumen ofensivo puede variar por planteamiento y marcador temprano,
2026-08-25,13:45,Ipswich vs Leicester,,,Local corners -4.5,CORNERS_HOME UNDER.4.5,CORNERS_HOME:UNDER_4_5,39.8%,0.397800,,,,,,,Sin cuota/EV,No encontrado en Betano,Baja,contexto premium mixto,usa mezcla de promedios del torneo y recientes/API-Football,el volumen ofensivo puede variar por planteamiento y marcador temprano,
2026-08-25,13:45,Ipswich vs Leicester,10Bet,,Visita corners -4.5,CORNERS_AWAY UNDER.4.5,CORNERS_AWAY:UNDER_4_5,39.8%,0.397800,1.60,-0.36,-0.363600,,,,EV negativo,No encontrado en Betano,Baja,contexto premium mixto,usa mezcla de promedios del torneo y recientes/API-Football,el volumen ofensivo puede variar por planteamiento y marcador temprano,
2026-08-25,13:45,Ipswich vs Leicester,10Bet,,Corners total -9.5,CORNERS_TOTALS UNDER.9.5,CORNERS_TOTALS:UNDER_9_5,39.7%,0.397100,2.05,-0.19,-0.185900,,,,EV negativo,No encontrado en Betano,Baja,contexto premium mixto,usa mezcla de promedios del torneo y recientes/API-Football,el volumen ofensivo puede variar por planteamiento y marcador temprano,
2026-08-25,13:45,Ipswich vs Leicester,10Bet,,Gana local,1X2 HOME,1X2:HOME,39.5%,0.395200,2.55,0.01,0.007600,,,,EV negativo,No encontrado en Betano,Baja,fallback ultimos partidos,usa Poisson fallback con ultimos partidos multi-competicion,riesgo propio del resultado final y variacion del modelo,
2026-08-25,13:45,Ipswich vs Leicester,,,SHOTS_ON_TARGET_TOTAL UNDER.6.5,SHOTS_ON_TARGET_TOTAL UNDER.6.5,SHOTS_ON_TARGET_TOTAL:UNDER_6_5,37.8%,0.378200,,,,,,,Sin cuota/EV,No encontrado en Betano,Baja,contexto premium mixto,usa mezcla de promedios del torneo y recientes/API-Football,el volumen ofensivo puede variar por planteamiento y marcador temprano,
2026-08-25,13:45,Ipswich vs Leicester,,,Visita goles +1.5,TEAM_TOTAL_AWAY OVER.1.5,TEAM_TOTAL_AWAY:OVER_1_5,37.3%,0.373200,,,,,,,Sin cuota/EV,No encontrado en Betano,Baja,fallback ultimos partidos,usa Poisson fallback con ultimos partidos multi-competicion,un gol temprano o baja eficacia puede cambiar la lectura del mercado,
2026-08-25,13:45,Ipswich vs Leicester,,,Corners total +11.5,CORNERS_TOTALS OVER.11.5,CORNERS_TOTALS:OVER_11_5,36.1%,0.361300,,,,,,,Sin cuota/EV,No encontrado en Betano,Baja,contexto premium mixto,usa mezcla de promedios del torneo y recientes/API-Football,el volumen ofensivo puede variar por planteamiento y marcador temprano,
2026-08-25,13:45,Ipswich vs Leicester,,,Tarjetas total +6.5,CARDS_TOTALS OVER.6.5,CARDS_TOTALS:OVER_6_5,35.4%,0.353600,,,,,,,Sin cuota/EV,No encontrado en Betano,Baja,contexto premium mixto,usa mezcla de promedios del torneo y recientes/API-Football,depende mucho del arbitro y del contexto competitivo,
2026-08-25,13:45,Ipswich vs Leicester,10Bet,,Gana visita,1X2 AWAY,1X2:AWAY,34.7%,0.347300,6.50,1.26,1.257300,,,,EV positivo,No encontrado en Betano,Baja,fallback ultimos partidos,usa Poisson fallback con ultimos partidos multi-competicion,riesgo propio del resultado final y variacion del modelo,
2026-08-25,13:45,Ipswich vs Leicester,,,SHOTS_ON_TARGET_TOTAL OVER.8.5,SHOTS_ON_TARGET_TOTAL OVER.8.5,SHOTS_ON_TARGET_TOTAL:OVER_8_5,33.8%,0.338000,,,,,,,Sin cuota/EV,No encontrado en Betano,Baja,contexto premium mixto,usa mezcla de promedios del torneo y recientes/API-Football,el volumen ofensivo puede variar por planteamiento y marcador temprano,
2026-08-25,13:45,Ipswich vs Leicester,10Bet,,1T -0.5,FIRST_HALF_TOTALS UNDER.0.5,FIRST_HALF_TOTALS:UNDER_0_5,33.3%,0.332900,1.44,-0.52,-0.520700,,,,EV negativo,No encontrado en Betano,Baja,contexto premium mixto,usa mezcla de promedios del torneo y recientes/API-Football,el primer tiempo puede tener ritmo bajo o rotaciones,
2026-08-25,13:45,Ipswich vs Leicester,,,Tarjetas total -4.5,CARDS_TOTALS UNDER.4.5,CARDS_TOTALS:UNDER_4_5,32.0%,0.319900,,,,,,,Sin cuota/EV,No encontrado en Betano,Baja,contexto premium mixto,usa mezcla de promedios del torneo y recientes/API-Football,depende mucho del arbitro y del contexto competitivo,
2026-08-25,13:45,Ipswich vs Leicester,10Bet,,1T +1.5,FIRST_HALF_TOTALS OVER.1.5,FIRST_HALF_TOTALS:OVER_1_5,30.1%,0.301000,3.55,0.07,0.068400,,,,EV positivo,No encontrado en Betano,Baja,contexto premium mixto,usa mezcla de promedios del torneo y recientes/API-Football,el primer tiempo puede tener ritmo bajo o rotaciones,
2026-08-25,13:45,Ipswich vs Leicester,10Bet,,Goles +3.5,TOTALS OVER.3.5,TOTALS:OVER_3_5,28.7%,0.286800,2.55,-0.27,-0.268800,,,,EV negativo,No encontrado en Betano,Baja,fallback ultimos partidos,usa Poisson fallback con ultimos partidos multi-competicion,un gol temprano o baja eficacia puede cambiar la lectura del mercado,
2026-08-25,13:45,Ipswich vs Leicester,,,Corners total -8.5,CORNERS_TOTALS UNDER.8.5,CORNERS_TOTALS:UNDER_8_5,27.9%,0.279400,,,,,,,Sin cuota/EV,No encontrado en Betano,Baja,contexto premium mixto,usa mezcla de promedios del torneo y recientes/API-Football,el volumen ofensivo puede variar por planteamiento y marcador temprano,
2026-08-25,13:45,Ipswich vs Leicester,,,Local corners +6.5,CORNERS_HOME OVER.6.5,CORNERS_HOME:OVER_6_5,27.5%,0.275200,,,,,,,Sin cuota/EV,No encontrado en Betano,Baja,contexto premium mixto,usa mezcla de promedios del torneo y recientes/API-Football,el volumen ofensivo puede variar por planteamiento y marcador temprano,
2026-08-25,13:45,Ipswich vs Leicester,,,Visita corners +6.5,CORNERS_AWAY OVER.6.5,CORNERS_AWAY:OVER_6_5,27.5%,0.275200,,,,,,,Sin cuota/EV,No encontrado en Betano,Baja,contexto premium mixto,usa mezcla de promedios del torneo y recientes/API-Football,el volumen ofensivo puede variar por planteamiento y marcador temprano,
2026-08-25,13:45,Ipswich vs Leicester,,,Visita goles -0.5,TEAM_TOTAL_AWAY UNDER.0.5,TEAM_TOTAL_AWAY:UNDER_0_5,27.3%,0.272600,,,,,,,Sin cuota/EV,No encontrado en Betano,Baja,fallback ultimos partidos,usa Poisson fallback con ultimos partidos multi-competicion,un gol temprano o baja eficacia puede cambiar la lectura del mercado,
2026-08-25,13:45,Ipswich vs Leicester,,,SHOTS_TOTAL OVER.22.5,SHOTS_TOTAL OVER.22.5,SHOTS_TOTAL:OVER_22_5,26.0%,0.260400,,,,,,,Sin cuota/EV,No encontrado en Betano,Baja,contexto premium mixto,usa mezcla de promedios del torneo y recientes/API-Football,el volumen ofensivo puede variar por planteamiento y marcador temprano,
2026-08-25,13:45,Ipswich vs Leicester,10Bet,,Empate,1X2 DRAW,1X2:DRAW,25.8%,0.257600,1.85,-0.52,-0.523500,,,,EV negativo,No encontrado en Betano,Baja,fallback ultimos partidos,usa Poisson fallback con ultimos partidos multi-competicion,riesgo propio del resultado final y variacion del modelo,
2026-08-25,13:45,Ipswich vs Leicester,,,Local tarjetas +2.5,CARDS_HOME OVER.2.5,CARDS_HOME:OVER_2_5,25.6%,0.256000,,,,,,,Sin cuota/EV,No encontrado en Betano,Baja,contexto premium mixto,usa mezcla de promedios del torneo y recientes/API-Football,depende mucho del arbitro y del contexto competitivo,
2026-08-25,13:45,Ipswich vs Leicester,10Bet,,Goles -1.5,TOTALS UNDER.1.5,TOTALS:UNDER_1_5,24.8%,0.248000,1.91,-0.53,-0.526400,,,,EV negativo,No encontrado en Betano,Baja,fallback ultimos partidos,usa Poisson fallback con ultimos partidos multi-competicion,un gol temprano o baja eficacia puede cambiar la lectura del mercado,
2026-08-25,13:45,Ipswich vs Leicester,,,Local goles -0.5,TEAM_TOTAL_HOME UNDER.0.5,TEAM_TOTAL_HOME:UNDER_0_5,24.6%,0.245600,,,,,,,Sin cuota/EV,No encontrado en Betano,Baja,fallback ultimos partidos,usa Poisson fallback con ultimos partidos multi-competicion,un gol temprano o baja eficacia puede cambiar la lectura del mercado,
2026-08-25,13:45,Ipswich vs Leicester,,,Visita tarjetas -2.5,CARDS_AWAY UNDER.2.5,CARDS_AWAY:UNDER_2_5,23.8%,0.238100,,,,,,,Sin cuota/EV,No encontrado en Betano,Baja,contexto premium mixto,usa mezcla de promedios del torneo y recientes/API-Football,depende mucho del arbitro y del contexto competitivo,
2026-08-25,13:45,Ipswich vs Leicester,,,Local corners -3.5,CORNERS_HOME UNDER.3.5,CORNERS_HOME:UNDER_3_5,23.2%,0.231700,,,,,,,Sin cuota/EV,No encontrado en Betano,Baja,contexto premium mixto,usa mezcla de promedios del torneo y recientes/API-Football,el volumen ofensivo puede variar por planteamiento y marcador temprano,
2026-08-25,13:45,Ipswich vs Leicester,10Bet,,Visita corners -3.5,CORNERS_AWAY UNDER.3.5,CORNERS_AWAY:UNDER_3_5,23.2%,0.231700,2.10,-0.51,-0.513500,,,,EV negativo,No encontrado en Betano,Baja,contexto premium mixto,usa mezcla de promedios del torneo y recientes/API-Football,el volumen ofensivo puede variar por planteamiento y marcador temprano,
2026-08-25,13:45,Ipswich vs Leicester,,,SHOTS_ON_TARGET_TOTAL OVER.9.5,SHOTS_ON_TARGET_TOTAL OVER.9.5,SHOTS_ON_TARGET_TOTAL:OVER_9_5,22.4%,0.223600,,,,,,,Sin cuota/EV,No encontrado en Betano,Baja,contexto premium mixto,usa mezcla de promedios del torneo y recientes/API-Football,el volumen ofensivo puede variar por planteamiento y marcador temprano,
2026-08-25,13:45,Ipswich vs Leicester,,,Corners total -7.5,CORNERS_TOTALS UNDER.7.5,CORNERS_TOTALS:UNDER_7_5,17.8%,0.178500,,,,,,,Sin cuota/EV,No encontrado en Betano,Baja,contexto premium mixto,usa mezcla de promedios del torneo y recientes/API-Football,el volumen ofensivo puede variar por planteamiento y marcador temprano,
2026-08-25,13:45,Ipswich vs Leicester,,,Tarjetas total -3.5,CARDS_TOTALS UNDER.3.5,CARDS_TOTALS:UNDER_3_5,17.5%,0.174900,,,,,,,Sin cuota/EV,No encontrado en Betano,Baja,contexto premium mixto,usa mezcla de promedios del torneo y recientes/API-Football,depende mucho del arbitro y del contexto competitivo,
2026-08-25,13:45,Ipswich vs Leicester,,,Local tarjetas -0.5,CARDS_HOME UNDER.0.5,CARDS_HOME:UNDER_0_5,17.4%,0.173800,,,,,,,Sin cuota/EV,No encontrado en Betano,Baja,contexto premium mixto,usa mezcla de promedios del torneo y recientes/API-Football,depende mucho del arbitro y del contexto competitivo,
2026-08-25,13:45,Ipswich vs Leicester,,,Local goles +2.5,TEAM_TOTAL_HOME OVER.2.5,TEAM_TOTAL_HOME:OVER_2_5,16.8%,0.167500,,,,,,,Sin cuota/EV,No encontrado en Betano,Baja,fallback ultimos partidos,usa Poisson fallback con ultimos partidos multi-competicion,un gol temprano o baja eficacia puede cambiar la lectura del mercado,
2026-08-25,13:45,Ipswich vs Leicester,,,SHOTS_TOTAL OVER.24.5,SHOTS_TOTAL OVER.24.5,SHOTS_TOTAL:OVER_24_5,14.3%,0.143200,,,,,,,Sin cuota/EV,No encontrado en Betano,Baja,contexto premium mixto,usa mezcla de promedios del torneo y recientes/API-Football,el volumen ofensivo puede variar por planteamiento y marcador temprano,
2026-08-25,13:45,Ipswich vs Leicester,,,Visita goles +2.5,TEAM_TOTAL_AWAY OVER.2.5,TEAM_TOTAL_AWAY:OVER_2_5,14.3%,0.142900,,,,,,,Sin cuota/EV,No encontrado en Betano,Baja,fallback ultimos partidos,usa Poisson fallback con ultimos partidos multi-competicion,un gol temprano o baja eficacia puede cambiar la lectura del mercado,
2026-08-25,13:45,Ipswich vs Leicester,,,Local tarjetas +3.5,CARDS_HOME OVER.3.5,CARDS_HOME:OVER_3_5,10.1%,0.100800,,,,,,,Sin cuota/EV,No encontrado en Betano,Baja,contexto premium mixto,usa mezcla de promedios del torneo y recientes/API-Football,depende mucho del arbitro y del contexto competitivo,
2026-08-25,13:45,Ipswich vs Leicester,,,Visita tarjetas -1.5,CARDS_AWAY UNDER.1.5,CARDS_AWAY:UNDER_1_5,9.2%,0.091600,,,,,,,Sin cuota/EV,No encontrado en Betano,Baja,contexto premium mixto,usa mezcla de promedios del torneo y recientes/API-Football,depende mucho del arbitro y del contexto competitivo,
2026-08-25,13:45,Ipswich vs Leicester,,,Tarjetas total -2.5,CARDS_TOTALS UNDER.2.5,CARDS_TOTALS:UNDER_2_5,7.4%,0.074100,,,,,,,Sin cuota/EV,No encontrado en Betano,Baja,contexto premium mixto,usa mezcla de promedios del torneo y recientes/API-Football,depende mucho del arbitro y del contexto competitivo,
2026-08-25,13:45,Ipswich vs Leicester,,,SHOTS_TOTAL OVER.26.5,SHOTS_TOTAL OVER.26.5,SHOTS_TOTAL:OVER_26_5,7.0%,0.069600,,,,,,,Sin cuota/EV,No encontrado en Betano,Baja,contexto premium mixto,usa mezcla de promedios del torneo y recientes/API-Football,el volumen ofensivo puede variar por planteamiento y marcador temprano,
2026-08-25,13:45,Ipswich vs Leicester,,,Visita tarjetas -0.5,CARDS_AWAY UNDER.0.5,CARDS_AWAY:UNDER_0_5,1.8%,0.018300,,,,,,,Sin cuota/EV,No encontrado en Betano,Baja,contexto premium mixto,usa mezcla de promedios del torneo y recientes/API-Football,depende mucho del arbitro y del contexto competitivo,
2026-08-25,13:45,Plymouth vs Coventry,,,Tarjetas total -6.5,CARDS_TOTALS UNDER.6.5,CARDS_TOTALS:UNDER_6_5,100.0%,1.000000,,,,,,,Sin cuota/EV,No encontrado en Betano,Alta,contexto premium mixto,usa mezcla de promedios del torneo y recientes/API-Football,depende mucho del arbitro y del contexto competitivo,
2026-08-25,13:45,Plymouth vs Coventry,,,Tarjetas total -5.5,CARDS_TOTALS UNDER.5.5,CARDS_TOTALS:UNDER_5_5,100.0%,0.999700,,,,,,,Sin cuota/EV,No encontrado en Betano,Alta,contexto premium mixto,usa mezcla de promedios del torneo y recientes/API-Football,depende mucho del arbitro y del contexto competitivo,
2026-08-25,13:45,Plymouth vs Coventry,,,Tarjetas total -4.5,CARDS_TOTALS UNDER.4.5,CARDS_TOTALS:UNDER_4_5,99.8%,0.998100,,,,,,,Sin cuota/EV,No encontrado en Betano,Alta,contexto premium mixto,usa mezcla de promedios del torneo y recientes/API-Football,depende mucho del arbitro y del contexto competitivo,
2026-08-25,13:45,Plymouth vs Coventry,,,Tarjetas total -3.5,CARDS_TOTALS UNDER.3.5,CARDS_TOTALS:UNDER_3_5,98.9%,0.988600,,,,,,,Sin cuota/EV,No encontrado en Betano,Alta,contexto premium mixto,usa mezcla de promedios del torneo y recientes/API-Football,depende mucho del arbitro y del contexto competitivo,
2026-08-25,13:45,Plymouth vs Coventry,,,Visita tarjetas -3.5,CARDS_AWAY UNDER.3.5,CARDS_AWAY:UNDER_3_5,98.9%,0.988600,,,,,,,Sin cuota/EV,No encontrado en Betano,Alta,contexto premium mixto,usa mezcla de promedios del torneo y recientes/API-Football,depende mucho del arbitro y del contexto competitivo,
2026-08-25,13:45,Plymouth vs Coventry,,,Tarjetas total -2.5,CARDS_TOTALS UNDER.2.5,CARDS_TOTALS:UNDER_2_5,94.4%,0.944000,,,,,,,Sin cuota/EV,No encontrado en Betano,Alta,contexto premium mixto,usa mezcla de promedios del torneo y recientes/API-Football,depende mucho del arbitro y del contexto competitivo,
2026-08-25,13:45,Plymouth vs Coventry,,,Visita tarjetas -2.5,CARDS_AWAY UNDER.2.5,CARDS_AWAY:UNDER_2_5,94.4%,0.944000,,,,,,,Sin cuota/EV,No encontrado en Betano,Alta,contexto premium mixto,usa mezcla de promedios del torneo y recientes/API-Football,depende mucho del arbitro y del contexto competitivo,
2026-08-25,13:45,Plymouth vs Coventry,,,SHOTS_TOTAL OVER.18.5,SHOTS_TOTAL OVER.18.5,SHOTS_TOTAL:OVER_18_5,93.5%,0.935400,,,,,,,Sin cuota/EV,No encontrado en Betano,Alta,contexto premium mixto,usa mezcla de promedios del torneo y recientes/API-Football,el volumen ofensivo puede variar por planteamiento y marcador temprano,
2026-08-25,13:45,Plymouth vs Coventry,,,Visita corners -6.5,CORNERS_AWAY UNDER.6.5,CORNERS_AWAY:UNDER_6_5,92.9%,0.929100,,,,,,,Sin cuota/EV,No encontrado en Betano,Alta,contexto premium mixto,usa mezcla de promedios del torneo y recientes/API-Football,el volumen ofensivo puede variar por planteamiento y marcador temprano,
2026-08-25,13:45,Plymouth vs Coventry,10Bet,,1T -1.5,FIRST_HALF_TOTALS UNDER.1.5,FIRST_HALF_TOTALS:UNDER_1_5,91.0%,0.909800,1.20,0.09,0.091800,,,,EV positivo,No encontrado en Betano,Alta,contexto premium mixto,usa mezcla de promedios del torneo y recientes/API-Football,el primer tiempo puede tener ritmo bajo o rotaciones,
2026-08-25,13:45,Plymouth vs Coventry,,,SHOTS_ON_TARGET_TOTAL UNDER.9.5,SHOTS_ON_TARGET_TOTAL UNDER.9.5,SHOTS_ON_TARGET_TOTAL:UNDER_9_5,88.9%,0.889300,,,,,,,Sin cuota/EV,No encontrado en Betano,Alta,contexto premium mixto,usa mezcla de promedios del torneo y recientes/API-Football,el volumen ofensivo puede variar por planteamiento y marcador temprano,
2026-08-25,13:45,Plymouth vs Coventry,,,SHOTS_TOTAL OVER.20.5,SHOTS_TOTAL OVER.20.5,SHOTS_TOTAL:OVER_20_5,86.1%,0.861300,,,,,,,Sin cuota/EV,No encontrado en Betano,Alta,contexto premium mixto,usa mezcla de promedios del torneo y recientes/API-Football,el volumen ofensivo puede variar por planteamiento y marcador temprano,
2026-08-25,13:45,Plymouth vs Coventry,,,Visita goles -2.5,TEAM_TOTAL_AWAY UNDER.2.5,TEAM_TOTAL_AWAY:UNDER_2_5,85.7%,0.857100,,,,,,,Sin cuota/EV,No encontrado en Betano,Alta,fallback ultimos partidos,usa Poisson fallback con ultimos partidos multi-competicion,un gol temprano o baja eficacia puede cambiar la lectura del mercado,
2026-08-25,13:45,Plymouth vs Coventry,10Bet,,Visita corners -5.5,CORNERS_AWAY UNDER.5.5,CORNERS_AWAY:UNDER_5_5,84.8%,0.848000,1.77,0.50,0.501000,,,,EV positivo,No encontrado en Betano,Alta,contexto premium mixto,usa mezcla de promedios del torneo y recientes/API-Football,el volumen ofensivo puede variar por planteamiento y marcador temprano,
2026-08-25,13:45,Plymouth vs Coventry,,,Local corners +3.5,CORNERS_HOME OVER.3.5,CORNERS_HOME:OVER_3_5,84.2%,0.842300,,,,,,,Sin cuota/EV,No encontrado en Betano,Alta,contexto premium mixto,usa mezcla de promedios del torneo y recientes/API-Football,el volumen ofensivo puede variar por planteamiento y marcador temprano,
2026-08-25,13:45,Plymouth vs Coventry,,,Local goles -2.5,TEAM_TOTAL_HOME UNDER.2.5,TEAM_TOTAL_HOME:UNDER_2_5,81.9%,0.819300,,,,,,,Sin cuota/EV,No encontrado en Betano,Alta,fallback ultimos partidos,usa Poisson fallback con ultimos partidos multi-competicion,un gol temprano o baja eficacia puede cambiar la lectura del mercado,
2026-08-25,13:45,Plymouth vs Coventry,,,SHOTS_ON_TARGET_TOTAL UNDER.8.5,SHOTS_ON_TARGET_TOTAL UNDER.8.5,SHOTS_ON_TARGET_TOTAL:UNDER_8_5,80.8%,0.808300,,,,,,,Sin cuota/EV,No encontrado en Betano,Alta,contexto premium mixto,usa mezcla de promedios del torneo y recientes/API-Football,el volumen ofensivo puede variar por planteamiento y marcador temprano,
2026-08-25,13:45,Plymouth vs Coventry,,,Visita tarjetas -1.5,CARDS_AWAY UNDER.1.5,CARDS_AWAY:UNDER_1_5,78.8%,0.788200,,,,,,,Sin cuota/EV,No encontrado en Betano,Alta,contexto premium mixto,usa mezcla de promedios del torneo y recientes/API-Football,depende mucho del arbitro y del contexto competitivo,
2026-08-25,13:45,Plymouth vs Coventry,,,Local goles +0.5,TEAM_TOTAL_HOME OVER.0.5,TEAM_TOTAL_HOME:OVER_0_5,76.7%,0.767300,,,,,,,Sin cuota/EV,No encontrado en Betano,Alta,fallback ultimos partidos,usa Poisson fallback con ultimos partidos multi-competicion,un gol temprano o baja eficacia puede cambiar la lectura del mercado,
2026-08-25,13:45,Plymouth vs Coventry,10Bet,,Goles +1.5,TOTALS OVER.1.5,TOTALS:OVER_1_5,76.2%,0.761600,1.85,0.41,0.409000,,,,EV positivo,No encontrado en Betano,Alta,fallback ultimos partidos,usa Poisson fallback con ultimos partidos multi-competicion,un gol temprano o baja eficacia puede cambiar la lectura del mercado,
2026-08-25,13:45,Plymouth vs Coventry,,,Corners total -11.5,CORNERS_TOTALS UNDER.11.5,CORNERS_TOTALS:UNDER_11_5,75.2%,0.752000,,,,,,,Sin cuota/EV,No encontrado en Betano,Alta,contexto premium mixto,usa mezcla de promedios del torneo y recientes/API-Football,el volumen ofensivo puede variar por planteamiento y marcador temprano,
2026-08-25,13:45,Plymouth vs Coventry,,,SHOTS_TOTAL OVER.22.5,SHOTS_TOTAL OVER.22.5,SHOTS_TOTAL:OVER_22_5,74.8%,0.748300,,,,,,,Sin cuota/EV,No encontrado en Betano,Alta,contexto premium mixto,usa mezcla de promedios del torneo y recientes/API-Football,el volumen ofensivo puede variar por planteamiento y marcador temprano,
2026-08-25,13:45,Plymouth vs Coventry,,,DOUBLE_CHANCE 12,DOUBLE_CHANCE 12,DOUBLE_CHANCE:12,74.6%,0.745900,,,,,,,Sin cuota/EV,No encontrado en Betano,Alta,fallback ultimos partidos,usa Poisson fallback con ultimos partidos multi-competicion,riesgo propio del resultado final y variacion del modelo,
2026-08-25,13:45,Plymouth vs Coventry,,,Corners total +7.5,CORNERS_TOTALS OVER.7.5,CORNERS_TOTALS:OVER_7_5,73.1%,0.731300,,,,,,,Sin cuota/EV,No encontrado en Betano,Alta,contexto premium mixto,usa mezcla de promedios del torneo y recientes/API-Football,el volumen ofensivo puede variar por planteamiento y marcador temprano,
2026-08-25,13:45,Plymouth vs Coventry,,,Visita goles +0.5,TEAM_TOTAL_AWAY OVER.0.5,TEAM_TOTAL_AWAY:OVER_0_5,72.7%,0.727400,,,,,,,Sin cuota/EV,No encontrado en Betano,Alta,fallback ultimos partidos,usa Poisson fallback con ultimos partidos multi-competicion,un gol temprano o baja eficacia puede cambiar la lectura del mercado,
2026-08-25,13:45,Plymouth vs Coventry,,,Visita corners -4.5,CORNERS_AWAY UNDER.4.5,CORNERS_AWAY:UNDER_4_5,71.2%,0.711900,,,,,,,Sin cuota/EV,No encontrado en Betano,Alta,contexto premium mixto,usa mezcla de promedios del torneo y recientes/API-Football,el volumen ofensivo puede variar por planteamiento y marcador temprano,
2026-08-25,13:45,Plymouth vs Coventry,10Bet,,Local corners +4.5,CORNERS_HOME OVER.4.5,CORNERS_HOME:OVER_4_5,70.5%,0.705300,2.05,0.45,0.445800,,,,EV positivo,No encontrado en Betano,Alta,contexto premium mixto,usa mezcla de promedios del torneo y recientes/API-Football,el volumen ofensivo puede variar por planteamiento y marcador temprano,
2026-08-25,13:45,Plymouth vs Coventry,10Bet,,Goles -3.5,TOTALS UNDER.3.5,TOTALS:UNDER_3_5,70.1%,0.701300,1.45,0.02,0.016900,,,,EV negativo,No encontrado en Betano,Alta,fallback ultimos partidos,usa Poisson fallback con ultimos partidos multi-competicion,un gol temprano o baja eficacia puede cambiar la lectura del mercado,
2026-08-25,13:45,Plymouth vs Coventry,,,SHOTS_ON_TARGET_TOTAL UNDER.7.5,SHOTS_ON_TARGET_TOTAL UNDER.7.5,SHOTS_ON_TARGET_TOTAL:UNDER_7_5,69.3%,0.693500,,,,,,,Sin cuota/EV,No encontrado en Betano,Media,contexto premium mixto,usa mezcla de promedios del torneo y recientes/API-Football,el volumen ofensivo puede variar por planteamiento y marcador temprano,
2026-08-25,13:45,Plymouth vs Coventry,,,DOUBLE_CHANCE 1X,DOUBLE_CHANCE 1X,DOUBLE_CHANCE:1X,66.3%,0.663100,,,,,,,Sin cuota/EV,No encontrado en Betano,Media,fallback ultimos partidos,usa Poisson fallback con ultimos partidos multi-competicion,riesgo propio del resultado final y variacion del modelo,
2026-08-25,13:45,Plymouth vs Coventry,,,Corners total -10.5,CORNERS_TOTALS UNDER.10.5,CORNERS_TOTALS:UNDER_10_5,64.5%,0.645300,,,,,,,Sin cuota/EV,No encontrado en Betano,Media,contexto premium mixto,usa mezcla de promedios del torneo y recientes/API-Football,el volumen ofensivo puede variar por planteamiento y marcador temprano,
2026-08-25,13:45,Plymouth vs Coventry,,,Visita goles -1.5,TEAM_TOTAL_AWAY UNDER.1.5,TEAM_TOTAL_AWAY:UNDER_1_5,62.7%,0.626800,,,,,,,Sin cuota/EV,No encontrado en Betano,Media,fallback ultimos partidos,usa Poisson fallback con ultimos partidos multi-competicion,un gol temprano o baja eficacia puede cambiar la lectura del mercado,
2026-08-25,13:45,Plymouth vs Coventry,,,Local corners -6.5,CORNERS_HOME UNDER.6.5,CORNERS_HOME:UNDER_6_5,61.8%,0.617800,,,,,,,Sin cuota/EV,No encontrado en Betano,Media,contexto premium mixto,usa mezcla de promedios del torneo y recientes/API-Football,el volumen ofensivo puede variar por planteamiento y marcador temprano,
2026-08-25,13:45,Plymouth vs Coventry,,,Corners total +8.5,CORNERS_TOTALS OVER.8.5,CORNERS_TOTALS:OVER_8_5,60.8%,0.608200,,,,,,,Sin cuota/EV,No encontrado en Betano,Media,contexto premium mixto,usa mezcla de promedios del torneo y recientes/API-Football,el volumen ofensivo puede variar por planteamiento y marcador temprano,
2026-08-25,13:45,Plymouth vs Coventry,10Bet,,1T -0.5,FIRST_HALF_TOTALS UNDER.0.5,FIRST_HALF_TOTALS:UNDER_0_5,60.7%,0.606500,2.20,0.33,0.334400,,,,EV positivo,No encontrado en Betano,Media,contexto premium mixto,usa mezcla de promedios del torneo y recientes/API-Football,el primer tiempo puede tener ritmo bajo o rotaciones,
2026-08-25,13:45,Plymouth vs Coventry,,,SHOTS_TOTAL OVER.24.5,SHOTS_TOTAL OVER.24.5,SHOTS_TOTAL:OVER_24_5,60.4%,0.604100,,,,,,,Sin cuota/EV,No encontrado en Betano,Media,contexto premium mixto,usa mezcla de promedios del torneo y recientes/API-Football,el volumen ofensivo puede variar por planteamiento y marcador temprano,
2026-08-25,13:45,Plymouth vs Coventry,,,DOUBLE_CHANCE X2,DOUBLE_CHANCE X2,DOUBLE_CHANCE:X2,59.1%,0.591000,,,,,,,Sin cuota/EV,No encontrado en Betano,Media,fallback ultimos partidos,usa Poisson fallback con ultimos partidos multi-competicion,riesgo propio del resultado final y variacion del modelo,
2026-08-25,13:45,Plymouth vs Coventry,,,Visita tarjetas +0.5,CARDS_AWAY OVER.0.5,CARDS_AWAY:OVER_0_5,57.6%,0.575600,,,,,,,Sin cuota/EV,No encontrado en Betano,Media,contexto premium mixto,usa mezcla de promedios del torneo y recientes/API-Football,depende mucho del arbitro y del contexto competitivo,
2026-08-25,13:45,Plymouth vs Coventry,,,Local goles -1.5,TEAM_TOTAL_HOME UNDER.1.5,TEAM_TOTAL_HOME:UNDER_1_5,57.2%,0.572000,,,,,,,Sin cuota/EV,No encontrado en Betano,Media,fallback ultimos partidos,usa Poisson fallback con ultimos partidos multi-competicion,un gol temprano o baja eficacia puede cambiar la lectura del mercado,
2026-08-25,13:45,Plymouth vs Coventry,10Bet,,BTTS sí,BTTS YES,BTTS:YES,55.8%,0.558200,3.70,1.07,1.065200,,,,EV positivo,No encontrado en Betano,Media,fallback ultimos partidos,usa Poisson fallback con ultimos partidos multi-competicion,un gol temprano o baja eficacia puede cambiar la lectura del mercado,
2026-08-25,13:45,Plymouth vs Coventry,,,SHOTS_TOTAL UNDER.26.5,SHOTS_TOTAL UNDER.26.5,SHOTS_TOTAL:UNDER_26_5,55.2%,0.551900,,,,,,,Sin cuota/EV,No encontrado en Betano,Media,contexto premium mixto,usa mezcla de promedios del torneo y recientes/API-Football,el volumen ofensivo puede variar por planteamiento y marcador temprano,
2026-08-25,13:45,Plymouth vs Coventry,,,SHOTS_ON_TARGET_TOTAL UNDER.6.5,SHOTS_ON_TARGET_TOTAL UNDER.6.5,SHOTS_ON_TARGET_TOTAL:UNDER_6_5,54.9%,0.549200,,,,,,,Sin cuota/EV,No encontrado en Betano,Baja,contexto premium mixto,usa mezcla de promedios del torneo y recientes/API-Football,el volumen ofensivo puede variar por planteamiento y marcador temprano,
2026-08-25,13:45,Plymouth vs Coventry,10Bet,,DNB local,DRAW_NO_BET HOME,DRAW_NO_BET:HOME,54.8%,0.548300,2.85,0.56,0.562700,,,,EV positivo,No encontrado en Betano,Baja,fallback ultimos partidos,usa Poisson fallback con ultimos partidos multi-competicion,riesgo propio del resultado final y variacion del modelo,
2026-08-25,13:45,Plymouth vs Coventry,,,Local corners +5.5,CORNERS_HOME OVER.5.5,CORNERS_HOME:OVER_5_5,54.3%,0.542800,,,,,,,Sin cuota/EV,No encontrado en Betano,Baja,contexto premium mixto,usa mezcla de promedios del torneo y recientes/API-Football,el volumen ofensivo puede variar por planteamiento y marcador temprano,
2026-08-25,13:45,Plymouth vs Coventry,10Bet,,Corners total -9.5,CORNERS_TOTALS UNDER.9.5,CORNERS_TOTALS:UNDER_9_5,52.2%,0.521800,1.95,0.02,0.017600,,,,EV negativo,No encontrado en Betano,Baja,contexto premium mixto,usa mezcla de promedios del torneo y recientes/API-Football,el volumen ofensivo puede variar por planteamiento y marcador temprano,
2026-08-25,13:45,Plymouth vs Coventry,,,Visita corners -3.5,CORNERS_AWAY UNDER.3.5,CORNERS_AWAY:UNDER_3_5,52.1%,0.521300,,,,,,,Sin cuota/EV,No encontrado en Betano,Baja,contexto premium mixto,usa mezcla de promedios del torneo y recientes/API-Football,el volumen ofensivo puede variar por planteamiento y marcador temprano,
2026-08-25,13:45,Plymouth vs Coventry,10Bet,,Goles +2.5,TOTALS OVER.2.5,TOTALS:OVER_2_5,52.0%,0.520400,3.70,0.93,0.925600,,,,EV positivo,No encontrado en Betano,Baja,fallback ultimos partidos,usa Poisson fallback con ultimos partidos multi-competicion,un gol temprano o baja eficacia puede cambiar la lectura del mercado,
2026-08-25,13:45,Plymouth vs Coventry,10Bet,,Goles -2.5,TOTALS UNDER.2.5,TOTALS:UNDER_2_5,48.0%,0.479600,1.22,-0.41,-0.414900,,,,EV negativo,No encontrado en Betano,Baja,fallback ultimos partidos,usa Poisson fallback con ultimos partidos multi-competicion,un gol temprano o baja eficacia puede cambiar la lectura del mercado,
2026-08-25,13:45,Plymouth vs Coventry,,,Visita corners +3.5,CORNERS_AWAY OVER.3.5,CORNERS_AWAY:OVER_3_5,47.9%,0.478700,,,,,,,Sin cuota/EV,No encontrado en Betano,Baja,contexto premium mixto,usa mezcla de promedios del torneo y recientes/API-Football,el volumen ofensivo puede variar por planteamiento y marcador temprano,
2026-08-25,13:45,Plymouth vs Coventry,10Bet,,Corners total +9.5,CORNERS_TOTALS OVER.9.5,CORNERS_TOTALS:OVER_9_5,47.8%,0.478200,1.77,-0.15,-0.153600,,,,EV negativo,No encontrado en Betano,Baja,contexto premium mixto,usa mezcla de promedios del torneo y recientes/API-Football,el volumen ofensivo puede variar por planteamiento y marcador temprano,
2026-08-25,13:45,Plymouth vs Coventry,,,Local corners -5.5,CORNERS_HOME UNDER.5.5,CORNERS_HOME:UNDER_5_5,45.7%,0.457200,,,,,,,Sin cuota/EV,No encontrado en Betano,Baja,contexto premium mixto,usa mezcla de promedios del torneo y recientes/API-Football,el volumen ofensivo puede variar por planteamiento y marcador temprano,
2026-08-25,13:45,Plymouth vs Coventry,10Bet,,DNB visita,DRAW_NO_BET AWAY,DRAW_NO_BET:AWAY,45.2%,0.451700,1.36,-0.39,-0.385700,,,,EV negativo,No encontrado en Betano,Baja,fallback ultimos partidos,usa Poisson fallback con ultimos partidos multi-competicion,riesgo propio del resultado final y variacion del modelo,
2026-08-25,13:45,Plymouth vs Coventry,,,SHOTS_ON_TARGET_TOTAL OVER.6.5,SHOTS_ON_TARGET_TOTAL OVER.6.5,SHOTS_ON_TARGET_TOTAL:OVER_6_5,45.1%,0.450800,,,,,,,Sin cuota/EV,No encontrado en Betano,Baja,contexto premium mixto,usa mezcla de promedios del torneo y recientes/API-Football,el volumen ofensivo puede variar por planteamiento y marcador temprano,
2026-08-25,13:45,Plymouth vs Coventry,,,SHOTS_TOTAL OVER.26.5,SHOTS_TOTAL OVER.26.5,SHOTS_TOTAL:OVER_26_5,44.8%,0.448100,,,,,,,Sin cuota/EV,No encontrado en Betano,Baja,contexto premium mixto,usa mezcla de promedios del torneo y recientes/API-Football,el volumen ofensivo puede variar por planteamiento y marcador temprano,
2026-08-25,13:45,Plymouth vs Coventry,10Bet,,BTTS no,BTTS NO,BTTS:NO,44.2%,0.441800,1.22,-0.46,-0.461000,,,,EV negativo,No encontrado en Betano,Baja,fallback ultimos partidos,usa Poisson fallback con ultimos partidos multi-competicion,un gol temprano o baja eficacia puede cambiar la lectura del mercado,
2026-08-25,13:45,Plymouth vs Coventry,,,Local goles +1.5,TEAM_TOTAL_HOME OVER.1.5,TEAM_TOTAL_HOME:OVER_1_5,42.8%,0.428000,,,,,,,Sin cuota/EV,No encontrado en Betano,Baja,fallback ultimos partidos,usa Poisson fallback con ultimos partidos multi-competicion,un gol temprano o baja eficacia puede cambiar la lectura del mercado,
2026-08-25,13:45,Plymouth vs Coventry,,,Visita tarjetas -0.5,CARDS_AWAY UNDER.0.5,CARDS_AWAY:UNDER_0_5,42.4%,0.424400,,,,,,,Sin cuota/EV,No encontrado en Betano,Baja,contexto premium mixto,usa mezcla de promedios del torneo y recientes/API-Football,depende mucho del arbitro y del contexto competitivo,
2026-08-25,13:45,Plymouth vs Coventry,10Bet,,Gana local,1X2 HOME,1X2:HOME,40.9%,0.409000,5.50,1.25,1.249300,,,,EV positivo,No encontrado en Betano,Baja,fallback ultimos partidos,usa Poisson fallback con ultimos partidos multi-competicion,riesgo propio del resultado final y variacion del modelo,
2026-08-25,13:45,Plymouth vs Coventry,,,SHOTS_TOTAL UNDER.24.5,SHOTS_TOTAL UNDER.24.5,SHOTS_TOTAL:UNDER_24_5,39.6%,0.395900,,,,,,,Sin cuota/EV,No encontrado en Betano,Baja,contexto premium mixto,usa mezcla de promedios del torneo y recientes/API-Football,el volumen ofensivo puede variar por planteamiento y marcador temprano,
2026-08-25,13:45,Plymouth vs Coventry,10Bet,,1T +0.5,FIRST_HALF_TOTALS OVER.0.5,FIRST_HALF_TOTALS:OVER_0_5,39.4%,0.393500,1.62,-0.36,-0.362600,,,,EV negativo,No encontrado en Betano,Baja,contexto premium mixto,usa mezcla de promedios del torneo y recientes/API-Football,el primer tiempo puede tener ritmo bajo o rotaciones,
2026-08-25,13:45,Plymouth vs Coventry,,,Corners total -8.5,CORNERS_TOTALS UNDER.8.5,CORNERS_TOTALS:UNDER_8_5,39.2%,0.391800,,,,,,,Sin cuota/EV,No encontrado en Betano,Baja,contexto premium mixto,usa mezcla de promedios del torneo y recientes/API-Football,el volumen ofensivo puede variar por planteamiento y marcador temprano,
2026-08-25,13:45,Plymouth vs Coventry,,,Local corners +6.5,CORNERS_HOME OVER.6.5,CORNERS_HOME:OVER_6_5,38.2%,0.382200,,,,,,,Sin cuota/EV,No encontrado en Betano,Baja,contexto premium mixto,usa mezcla de promedios del torneo y recientes/API-Football,el volumen ofensivo puede variar por planteamiento y marcador temprano,
2026-08-25,13:45,Plymouth vs Coventry,,,Visita goles +1.5,TEAM_TOTAL_AWAY OVER.1.5,TEAM_TOTAL_AWAY:OVER_1_5,37.3%,0.373200,,,,,,,Sin cuota/EV,No encontrado en Betano,Baja,fallback ultimos partidos,usa Poisson fallback con ultimos partidos multi-competicion,un gol temprano o baja eficacia puede cambiar la lectura del mercado,
2026-08-25,13:45,Plymouth vs Coventry,,,Corners total +10.5,CORNERS_TOTALS OVER.10.5,CORNERS_TOTALS:OVER_10_5,35.5%,0.354700,,,,,,,Sin cuota/EV,No encontrado en Betano,Baja,contexto premium mixto,usa mezcla de promedios del torneo y recientes/API-Football,el volumen ofensivo puede variar por planteamiento y marcador temprano,
2026-08-25,13:45,Plymouth vs Coventry,10Bet,,Gana visita,1X2 AWAY,1X2:AWAY,33.7%,0.336900,2.85,-0.04,-0.039800,,,,EV negativo,No encontrado en Betano,Baja,fallback ultimos partidos,usa Poisson fallback con ultimos partidos multi-competicion,riesgo propio del resultado final y variacion del modelo,
2026-08-25,13:45,Plymouth vs Coventry,,,SHOTS_ON_TARGET_TOTAL OVER.7.5,SHOTS_ON_TARGET_TOTAL OVER.7.5,SHOTS_ON_TARGET_TOTAL:OVER_7_5,30.6%,0.306500,,,,,,,Sin cuota/EV,No encontrado en Betano,Baja,contexto premium mixto,usa mezcla de promedios del torneo y recientes/API-Football,el volumen ofensivo puede variar por planteamiento y marcador temprano,
2026-08-25,13:45,Plymouth vs Coventry,10Bet,,Goles +3.5,TOTALS OVER.3.5,TOTALS:OVER_3_5,29.9%,0.298700,2.70,-0.19,-0.193500,,,,EV negativo,No encontrado en Betano,Baja,fallback ultimos partidos,usa Poisson fallback con ultimos partidos multi-competicion,un gol temprano o baja eficacia puede cambiar la lectura del mercado,
2026-08-25,13:45,Plymouth vs Coventry,10Bet,,Local corners -4.5,CORNERS_HOME UNDER.4.5,CORNERS_HOME:UNDER_4_5,29.5%,0.294700,1.57,-0.54,-0.537300,,,,EV negativo,No encontrado en Betano,Baja,contexto premium mixto,usa mezcla de promedios del torneo y recientes/API-Football,el volumen ofensivo puede variar por planteamiento y marcador temprano,
2026-08-25,13:45,Plymouth vs Coventry,,,Visita corners +4.5,CORNERS_AWAY OVER.4.5,CORNERS_AWAY:OVER_4_5,28.8%,0.288100,,,,,,,Sin cuota/EV,No encontrado en Betano,Baja,contexto premium mixto,usa mezcla de promedios del torneo y recientes/API-Football,el volumen ofensivo puede variar por planteamiento y marcador temprano,
2026-08-25,13:45,Plymouth vs Coventry,,,Visita goles -0.5,TEAM_TOTAL_AWAY UNDER.0.5,TEAM_TOTAL_AWAY:UNDER_0_5,27.3%,0.272600,,,,,,,Sin cuota/EV,No encontrado en Betano,Baja,fallback ultimos partidos,usa Poisson fallback con ultimos partidos multi-competicion,un gol temprano o baja eficacia puede cambiar la lectura del mercado,
2026-08-25,13:45,Plymouth vs Coventry,,,Corners total -7.5,CORNERS_TOTALS UNDER.7.5,CORNERS_TOTALS:UNDER_7_5,26.9%,0.268700,,,,,,,Sin cuota/EV,No encontrado en Betano,Baja,contexto premium mixto,usa mezcla de promedios del torneo y recientes/API-Football,el volumen ofensivo puede variar por planteamiento y marcador temprano,
2026-08-25,13:45,Plymouth vs Coventry,10Bet,,Empate,1X2 DRAW,1X2:DRAW,25.4%,0.254100,1.83,-0.54,-0.535000,,,,EV negativo,No encontrado en Betano,Baja,fallback ultimos partidos,usa Poisson fallback con ultimos partidos multi-competicion,riesgo propio del resultado final y variacion del modelo,
2026-08-25,13:45,Plymouth vs Coventry,,,SHOTS_TOTAL UNDER.22.5,SHOTS_TOTAL UNDER.22.5,SHOTS_TOTAL:UNDER_22_5,25.2%,0.251700,,,,,,,Sin cuota/EV,No encontrado en Betano,Baja,contexto premium mixto,usa mezcla de promedios del torneo y recientes/API-Football,el volumen ofensivo puede variar por planteamiento y marcador temprano,
2026-08-25,13:45,Plymouth vs Coventry,,,Corners total +11.5,CORNERS_TOTALS OVER.11.5,CORNERS_TOTALS:OVER_11_5,24.8%,0.248000,,,,,,,Sin cuota/EV,No encontrado en Betano,Baja,contexto premium mixto,usa mezcla de promedios del torneo y recientes/API-Football,el volumen ofensivo puede variar por planteamiento y marcador temprano,
2026-08-25,13:45,Plymouth vs Coventry,10Bet,,Goles -1.5,TOTALS UNDER.1.5,TOTALS:UNDER_1_5,23.8%,0.238400,1.83,-0.56,-0.563800,,,,EV negativo,No encontrado en Betano,Baja,fallback ultimos partidos,usa Poisson fallback con ultimos partidos multi-competicion,un gol temprano o baja eficacia puede cambiar la lectura del mercado,
2026-08-25,13:45,Plymouth vs Coventry,,,Local goles -0.5,TEAM_TOTAL_HOME UNDER.0.5,TEAM_TOTAL_HOME:UNDER_0_5,23.3%,0.232700,,,,,,,Sin cuota/EV,No encontrado en Betano,Baja,fallback ultimos partidos,usa Poisson fallback con ultimos partidos multi-competicion,un gol temprano o baja eficacia puede cambiar la lectura del mercado,
2026-08-25,13:45,Plymouth vs Coventry,,,Visita tarjetas +1.5,CARDS_AWAY OVER.1.5,CARDS_AWAY:OVER_1_5,21.2%,0.211800,,,,,,,Sin cuota/EV,No encontrado en Betano,Baja,contexto premium mixto,usa mezcla de promedios del torneo y recientes/API-Football,depende mucho del arbitro y del contexto competitivo,
2026-08-25,13:45,Plymouth vs Coventry,,,SHOTS_ON_TARGET_TOTAL OVER.8.5,SHOTS_ON_TARGET_TOTAL OVER.8.5,SHOTS_ON_TARGET_TOTAL:OVER_8_5,19.2%,0.191700,,,,,,,Sin cuota/EV,No encontrado en Betano,Baja,contexto premium mixto,usa mezcla de promedios del torneo y recientes/API-Football,el volumen ofensivo puede variar por planteamiento y marcador temprano,
2026-08-25,13:45,Plymouth vs Coventry,,,Local goles +2.5,TEAM_TOTAL_HOME OVER.2.5,TEAM_TOTAL_HOME:OVER_2_5,18.1%,0.180700,,,,,,,Sin cuota/EV,No encontrado en Betano,Baja,fallback ultimos partidos,usa Poisson fallback con ultimos partidos multi-competicion,un gol temprano o baja eficacia puede cambiar la lectura del mercado,
2026-08-25,13:45,Plymouth vs Coventry,,,Local corners -3.5,CORNERS_HOME UNDER.3.5,CORNERS_HOME:UNDER_3_5,15.8%,0.157700,,,,,,,Sin cuota/EV,No encontrado en Betano,Baja,contexto premium mixto,usa mezcla de promedios del torneo y recientes/API-Football,el volumen ofensivo puede variar por planteamiento y marcador temprano,
2026-08-25,13:45,Plymouth vs Coventry,10Bet,,Visita corners +5.5,CORNERS_AWAY OVER.5.5,CORNERS_AWAY:OVER_5_5,15.2%,0.152000,1.80,-0.73,-0.726400,,,,EV negativo,No encontrado en Betano,Baja,contexto premium mixto,usa mezcla de promedios del torneo y recientes/API-Football,el volumen ofensivo puede variar por planteamiento y marcador temprano,
2026-08-25,13:45,Plymouth vs Coventry,,,Visita goles +2.5,TEAM_TOTAL_AWAY OVER.2.5,TEAM_TOTAL_AWAY:OVER_2_5,14.3%,0.142900,,,,,,,Sin cuota/EV,No encontrado en Betano,Baja,fallback ultimos partidos,usa Poisson fallback con ultimos partidos multi-competicion,un gol temprano o baja eficacia puede cambiar la lectura del mercado,
2026-08-25,13:45,Plymouth vs Coventry,,,SHOTS_TOTAL UNDER.20.5,SHOTS_TOTAL UNDER.20.5,SHOTS_TOTAL:UNDER_20_5,13.9%,0.138700,,,,,,,Sin cuota/EV,No encontrado en Betano,Baja,contexto premium mixto,usa mezcla de promedios del torneo y recientes/API-Football,el volumen ofensivo puede variar por planteamiento y marcador temprano,
2026-08-25,13:45,Plymouth vs Coventry,,,SHOTS_ON_TARGET_TOTAL OVER.9.5,SHOTS_ON_TARGET_TOTAL OVER.9.5,SHOTS_ON_TARGET_TOTAL:OVER_9_5,11.1%,0.110700,,,,,,,Sin cuota/EV,No encontrado en Betano,Baja,contexto premium mixto,usa mezcla de promedios del torneo y recientes/API-Football,el volumen ofensivo puede variar por planteamiento y marcador temprano,
2026-08-25,13:45,Plymouth vs Coventry,10Bet,,1T +1.5,FIRST_HALF_TOTALS OVER.1.5,FIRST_HALF_TOTALS:OVER_1_5,9.0%,0.090200,4.00,-0.64,-0.639200,,,,EV negativo,No encontrado en Betano,Baja,contexto premium mixto,usa mezcla de promedios del torneo y recientes/API-Football,el primer tiempo puede tener ritmo bajo o rotaciones,
2026-08-25,13:45,Plymouth vs Coventry,,,Visita corners +6.5,CORNERS_AWAY OVER.6.5,CORNERS_AWAY:OVER_6_5,7.1%,0.070900,,,,,,,Sin cuota/EV,No encontrado en Betano,Baja,contexto premium mixto,usa mezcla de promedios del torneo y recientes/API-Football,el volumen ofensivo puede variar por planteamiento y marcador temprano,
2026-08-25,13:45,Plymouth vs Coventry,,,SHOTS_TOTAL UNDER.18.5,SHOTS_TOTAL UNDER.18.5,SHOTS_TOTAL:UNDER_18_5,6.5%,0.064600,,,,,,,Sin cuota/EV,No encontrado en Betano,Baja,contexto premium mixto,usa mezcla de promedios del torneo y recientes/API-Football,el volumen ofensivo puede variar por planteamiento y marcador temprano,
2026-08-25,13:45,Plymouth vs Coventry,,,Tarjetas total +2.5,CARDS_TOTALS OVER.2.5,CARDS_TOTALS:OVER_2_5,5.6%,0.056000,,,,,,,Sin cuota/EV,No encontrado en Betano,Baja,contexto premium mixto,usa mezcla de promedios del torneo y recientes/API-Football,depende mucho del arbitro y del contexto competitivo,
2026-08-25,13:45,Plymouth vs Coventry,,,Visita tarjetas +2.5,CARDS_AWAY OVER.2.5,CARDS_AWAY:OVER_2_5,5.6%,0.056000,,,,,,,Sin cuota/EV,No encontrado en Betano,Baja,contexto premium mixto,usa mezcla de promedios del torneo y recientes/API-Football,depende mucho del arbitro y del contexto competitivo,
2026-08-25,13:45,Plymouth vs Coventry,,,Tarjetas total +3.5,CARDS_TOTALS OVER.3.5,CARDS_TOTALS:OVER_3_5,1.1%,0.011400,,,,,,,Sin cuota/EV,No encontrado en Betano,Baja,contexto premium mixto,usa mezcla de promedios del torneo y recientes/API-Football,depende mucho del arbitro y del contexto competitivo,
2026-08-25,13:45,Plymouth vs Coventry,,,Visita tarjetas +3.5,CARDS_AWAY OVER.3.5,CARDS_AWAY:OVER_3_5,1.1%,0.011400,,,,,,,Sin cuota/EV,No encontrado en Betano,Baja,contexto premium mixto,usa mezcla de promedios del torneo y recientes/API-Football,depende mucho del arbitro y del contexto competitivo,
2026-08-25,13:45,Plymouth vs Coventry,,,Tarjetas total +4.5,CARDS_TOTALS OVER.4.5,CARDS_TOTALS:OVER_4_5,0.2%,0.001900,,,,,,,Sin cuota/EV,No encontrado en Betano,Baja,contexto premium mixto,usa mezcla de promedios del torneo y recientes/API-Football,depende mucho del arbitro y del contexto competitivo,
2026-08-25,13:45,Plymouth vs Coventry,,,Tarjetas total +5.5,CARDS_TOTALS OVER.5.5,CARDS_TOTALS:OVER_5_5,0.0%,0.000300,,,,,,,Sin cuota/EV,No encontrado en Betano,Baja,contexto premium mixto,usa mezcla de promedios del torneo y recientes/API-Football,depende mucho del arbitro y del contexto competitivo,
2026-08-25,13:45,Plymouth vs Coventry,,,Tarjetas total +6.5,CARDS_TOTALS OVER.6.5,CARDS_TOTALS:OVER_6_5,0.0%,0.000000,,,,,,,Sin cuota/EV,No encontrado en Betano,Baja,contexto premium mixto,usa mezcla de promedios del torneo y recientes/API-Football,depende mucho del arbitro y del contexto competitivo,
2026-08-25,13:45,Sheffield Wednesday vs Wolves,,,Tarjetas total -6.5,CARDS_TOTALS UNDER.6.5,CARDS_TOTALS:UNDER_6_5,100.0%,0.999900,,,,,,,Sin cuota/EV,No encontrado en Betano,Alta,contexto premium torneo actual,usa promedios del contexto premium/API-Football,depende mucho del arbitro y del contexto competitivo,
2026-08-25,13:45,Sheffield Wednesday vs Wolves,,,Tarjetas total -5.5,CARDS_TOTALS UNDER.5.5,CARDS_TOTALS:UNDER_5_5,99.9%,0.999400,,,,,,,Sin cuota/EV,No encontrado en Betano,Alta,contexto premium torneo actual,usa promedios del contexto premium/API-Football,depende mucho del arbitro y del contexto competitivo,
2026-08-25,13:45,Sheffield Wednesday vs Wolves,,,Tarjetas total -4.5,CARDS_TOTALS UNDER.4.5,CARDS_TOTALS:UNDER_4_5,99.6%,0.996300,,,,,,,Sin cuota/EV,No encontrado en Betano,Alta,contexto premium torneo actual,usa promedios del contexto premium/API-Football,depende mucho del arbitro y del contexto competitivo,
2026-08-25,13:45,Sheffield Wednesday vs Wolves,,,Local goles -2.5,TEAM_TOTAL_HOME UNDER.2.5,TEAM_TOTAL_HOME:UNDER_2_5,98.2%,0.982400,,,,,,,Sin cuota/EV,No encontrado en Betano,Alta,torneo actual,usa Poisson base con estadisticas de goles del torneo,un gol temprano o baja eficacia puede cambiar la lectura del mercado,
2026-08-25,13:45,Sheffield Wednesday vs Wolves,,,Tarjetas total -3.5,CARDS_TOTALS UNDER.3.5,CARDS_TOTALS:UNDER_3_5,98.1%,0.981000,,,,,,,Sin cuota/EV,No encontrado en Betano,Alta,contexto premium torneo actual,usa promedios del contexto premium/API-Football,depende mucho del arbitro y del contexto competitivo,
2026-08-25,13:45,Sheffield Wednesday vs Wolves,,,Visita tarjetas -3.5,CARDS_AWAY UNDER.3.5,CARDS_AWAY:UNDER_3_5,98.1%,0.981000,,,,,,,Sin cuota/EV,No encontrado en Betano,Alta,contexto premium torneo actual,usa promedios del contexto premium/API-Football,depende mucho del arbitro y del contexto competitivo,
2026-08-25,13:45,Sheffield Wednesday vs Wolves,,,SHOTS_TOTAL OVER.18.5,SHOTS_TOTAL OVER.18.5,SHOTS_TOTAL:OVER_18_5,92.3%,0.922700,,,,,,,Sin cuota/EV,No encontrado en Betano,Alta,contexto premium torneo actual,usa promedios del contexto premium/API-Football,el volumen ofensivo puede variar por planteamiento y marcador temprano,
2026-08-25,13:45,Sheffield Wednesday vs Wolves,,,Tarjetas total -2.5,CARDS_TOTALS UNDER.2.5,CARDS_TOTALS:UNDER_2_5,92.0%,0.919700,,,,,,,Sin cuota/EV,No encontrado en Betano,Alta,contexto premium torneo actual,usa promedios del contexto premium/API-Football,depende mucho del arbitro y del contexto competitivo,
2026-08-25,13:45,Sheffield Wednesday vs Wolves,,,Visita tarjetas -2.5,CARDS_AWAY UNDER.2.5,CARDS_AWAY:UNDER_2_5,92.0%,0.919700,,,,,,,Sin cuota/EV,No encontrado en Betano,Alta,contexto premium torneo actual,usa promedios del contexto premium/API-Football,depende mucho del arbitro y del contexto competitivo,
2026-08-25,13:45,Sheffield Wednesday vs Wolves,,,Corners total +7.5,CORNERS_TOTALS OVER.7.5,CORNERS_TOTALS:OVER_7_5,91.0%,0.910500,,,,,,,Sin cuota/EV,No encontrado en Betano,Alta,contexto premium torneo actual,usa promedios del contexto premium/API-Football,el volumen ofensivo puede variar por planteamiento y marcador temprano,
2026-08-25,13:45,Sheffield Wednesday vs Wolves,,,Local goles -1.5,TEAM_TOTAL_HOME UNDER.1.5,TEAM_TOTAL_HOME:UNDER_1_5,89.7%,0.897400,,,,,,,Sin cuota/EV,No encontrado en Betano,Alta,torneo actual,usa Poisson base con estadisticas de goles del torneo,un gol temprano o baja eficacia puede cambiar la lectura del mercado,
2026-08-25,13:45,Sheffield Wednesday vs Wolves,,,Visita corners +3.5,CORNERS_AWAY OVER.3.5,CORNERS_AWAY:OVER_3_5,88.8%,0.888200,,,,,,,Sin cuota/EV,No encontrado en Betano,Alta,contexto premium torneo actual,usa promedios del contexto premium/API-Football,el volumen ofensivo puede variar por planteamiento y marcador temprano,
2026-08-25,13:45,Sheffield Wednesday vs Wolves,,,DOUBLE_CHANCE X2,DOUBLE_CHANCE X2,DOUBLE_CHANCE:X2,86.8%,0.867800,,,,,,,Sin cuota/EV,No encontrado en Betano,Alta,torneo actual,usa Poisson base con estadisticas de goles del torneo,riesgo propio del resultado final y variacion del modelo,
2026-08-25,13:45,Sheffield Wednesday vs Wolves,10Bet,,Goles -3.5,TOTALS UNDER.3.5,TOTALS:UNDER_3_5,85.0%,0.849900,1.38,0.17,0.172800,,,,EV positivo,No encontrado en Betano,Alta,torneo actual,usa Poisson base con estadisticas de goles del torneo,un gol temprano o baja eficacia puede cambiar la lectura del mercado,
2026-08-25,13:45,Sheffield Wednesday vs Wolves,,,Corners total +8.5,CORNERS_TOTALS OVER.8.5,CORNERS_TOTALS:OVER_8_5,84.5%,0.845000,,,,,,,Sin cuota/EV,No encontrado en Betano,Alta,contexto premium torneo actual,usa promedios del contexto premium/API-Football,el volumen ofensivo puede variar por planteamiento y marcador temprano,
2026-08-25,13:45,Sheffield Wednesday vs Wolves,,,SHOTS_TOTAL OVER.20.5,SHOTS_TOTAL OVER.20.5,SHOTS_TOTAL:OVER_20_5,83.9%,0.839200,,,,,,,Sin cuota/EV,No encontrado en Betano,Alta,contexto premium torneo actual,usa promedios del contexto premium/API-Football,el volumen ofensivo puede variar por planteamiento y marcador temprano,
2026-08-25,13:45,Sheffield Wednesday vs Wolves,,,SHOTS_ON_TARGET_TOTAL UNDER.9.5,SHOTS_ON_TARGET_TOTAL UNDER.9.5,SHOTS_ON_TARGET_TOTAL:UNDER_9_5,83.0%,0.830500,,,,,,,Sin cuota/EV,No encontrado en Betano,Alta,contexto premium torneo actual,usa promedios del contexto premium/API-Football,el volumen ofensivo puede variar por planteamiento y marcador temprano,
2026-08-25,13:45,Sheffield Wednesday vs Wolves,10Bet,,DNB visita,DRAW_NO_BET AWAY,DRAW_NO_BET:AWAY,82.2%,0.821700,1.30,0.07,0.068200,,,,EV positivo,No encontrado en Betano,Alta,torneo actual,usa Poisson base con estadisticas de goles del torneo,riesgo propio del resultado final y variacion del modelo,
2026-08-25,13:45,Sheffield Wednesday vs Wolves,,,Visita goles -2.5,TEAM_TOTAL_AWAY UNDER.2.5,TEAM_TOTAL_AWAY:UNDER_2_5,80.9%,0.808900,,,,,,,Sin cuota/EV,No encontrado en Betano,Alta,torneo actual,usa Poisson base con estadisticas de goles del torneo,un gol temprano o baja eficacia puede cambiar la lectura del mercado,
2026-08-25,13:45,Sheffield Wednesday vs Wolves,10Bet,,Local corners +3.5,CORNERS_HOME OVER.3.5,CORNERS_HOME:OVER_3_5,79.8%,0.798300,1.67,0.33,0.333200,,,,EV positivo,No encontrado en Betano,Alta,contexto premium torneo actual,usa promedios del contexto premium/API-Football,el volumen ofensivo puede variar por planteamiento y marcador temprano,
2026-08-25,13:45,Sheffield Wednesday vs Wolves,10Bet,,1T +0.5,FIRST_HALF_TOTALS OVER.0.5,FIRST_HALF_TOTALS:OVER_0_5,77.7%,0.776900,1.65,0.28,0.281800,,,,EV positivo,No encontrado en Betano,Alta,contexto premium torneo actual,usa promedios del contexto premium/API-Football,el primer tiempo puede tener ritmo bajo o rotaciones,
2026-08-25,13:45,Sheffield Wednesday vs Wolves,,,Visita goles +0.5,TEAM_TOTAL_AWAY OVER.0.5,TEAM_TOTAL_AWAY:OVER_0_5,77.7%,0.776800,,,,,,,Sin cuota/EV,No encontrado en Betano,Alta,torneo actual,usa Poisson base con estadisticas de goles del torneo,un gol temprano o baja eficacia puede cambiar la lectura del mercado,
2026-08-25,13:45,Sheffield Wednesday vs Wolves,,,Visita corners +4.5,CORNERS_AWAY OVER.4.5,CORNERS_AWAY:OVER_4_5,77.6%,0.776300,,,,,,,Sin cuota/EV,No encontrado en Betano,Alta,contexto premium torneo actual,usa promedios del contexto premium/API-Football,el volumen ofensivo puede variar por planteamiento y marcador temprano,
2026-08-25,13:45,Sheffield Wednesday vs Wolves,10Bet,,Corners total +9.5,CORNERS_TOTALS OVER.9.5,CORNERS_TOTALS:OVER_9_5,75.8%,0.757600,1.91,0.45,0.447000,,,,EV positivo,No encontrado en Betano,Alta,contexto premium torneo actual,usa promedios del contexto premium/API-Football,el volumen ofensivo puede variar por planteamiento y marcador temprano,
2026-08-25,13:45,Sheffield Wednesday vs Wolves,,,DOUBLE_CHANCE 12,DOUBLE_CHANCE 12,DOUBLE_CHANCE:12,74.1%,0.741300,,,,,,,Sin cuota/EV,No encontrado en Betano,Alta,torneo actual,usa Poisson base con estadisticas de goles del torneo,riesgo propio del resultado final y variacion del modelo,
2026-08-25,13:45,Sheffield Wednesday vs Wolves,,,Visita tarjetas -1.5,CARDS_AWAY UNDER.1.5,CARDS_AWAY:UNDER_1_5,73.6%,0.735800,,,,,,,Sin cuota/EV,No encontrado en Betano,Alta,contexto premium torneo actual,usa promedios del contexto premium/API-Football,depende mucho del arbitro y del contexto competitivo,
2026-08-25,13:45,Sheffield Wednesday vs Wolves,,,SHOTS_ON_TARGET_TOTAL UNDER.8.5,SHOTS_ON_TARGET_TOTAL UNDER.8.5,SHOTS_ON_TARGET_TOTAL:UNDER_8_5,72.9%,0.729100,,,,,,,Sin cuota/EV,No encontrado en Betano,Alta,contexto premium torneo actual,usa promedios del contexto premium/API-Football,el volumen ofensivo puede variar por planteamiento y marcador temprano,
2026-08-25,13:45,Sheffield Wednesday vs Wolves,,,SHOTS_TOTAL OVER.22.5,SHOTS_TOTAL OVER.22.5,SHOTS_TOTAL:OVER_22_5,71.7%,0.716500,,,,,,,Sin cuota/EV,No encontrado en Betano,Alta,contexto premium torneo actual,usa promedios del contexto premium/API-Football,el volumen ofensivo puede variar por planteamiento y marcador temprano,
2026-08-25,13:45,Sheffield Wednesday vs Wolves,,,Local corners -6.5,CORNERS_HOME UNDER.6.5,CORNERS_HOME:UNDER_6_5,68.6%,0.686000,,,,,,,Sin cuota/EV,No encontrado en Betano,Media,contexto premium torneo actual,usa promedios del contexto premium/API-Football,el volumen ofensivo puede variar por planteamiento y marcador temprano,
2026-08-25,13:45,Sheffield Wednesday vs Wolves,10Bet,,BTTS no,BTTS NO,BTTS:NO,67.6%,0.675900,1.20,-0.19,-0.189000,,,,EV negativo,No encontrado en Betano,Media,torneo actual,usa Poisson base con estadisticas de goles del torneo,un gol temprano o baja eficacia puede cambiar la lectura del mercado,
2026-08-25,13:45,Sheffield Wednesday vs Wolves,10Bet,,Goles -2.5,TOTALS UNDER.2.5,TOTALS:UNDER_2_5,66.6%,0.665900,1.18,-0.21,-0.214300,,,,EV negativo,No encontrado en Betano,Media,torneo actual,usa Poisson base con estadisticas de goles del torneo,un gol temprano o baja eficacia puede cambiar la lectura del mercado,
2026-08-25,13:45,Sheffield Wednesday vs Wolves,,,Corners total +10.5,CORNERS_TOTALS OVER.10.5,CORNERS_TOTALS:OVER_10_5,65.3%,0.652800,,,,,,,Sin cuota/EV,No encontrado en Betano,Media,contexto premium torneo actual,usa promedios del contexto premium/API-Football,el volumen ofensivo puede variar por planteamiento y marcador temprano,
2026-08-25,13:45,Sheffield Wednesday vs Wolves,,,Local corners +4.5,CORNERS_HOME OVER.4.5,CORNERS_HOME:OVER_4_5,64.2%,0.642500,,,,,,,Sin cuota/EV,No encontrado en Betano,Media,contexto premium torneo actual,usa promedios del contexto premium/API-Football,el volumen ofensivo puede variar por planteamiento y marcador temprano,
2026-08-25,13:45,Sheffield Wednesday vs Wolves,,,Visita tarjetas +0.5,CARDS_AWAY OVER.0.5,CARDS_AWAY:OVER_0_5,63.2%,0.632100,,,,,,,Sin cuota/EV,No encontrado en Betano,Media,contexto premium torneo actual,usa promedios del contexto premium/API-Football,depende mucho del arbitro y del contexto competitivo,
2026-08-25,13:45,Sheffield Wednesday vs Wolves,10Bet,,Visita corners +5.5,CORNERS_AWAY OVER.5.5,CORNERS_AWAY:OVER_5_5,63.1%,0.631000,1.85,0.17,0.167300,,,,EV positivo,No encontrado en Betano,Media,contexto premium torneo actual,usa promedios del contexto premium/API-Football,el volumen ofensivo puede variar por planteamiento y marcador temprano,
2026-08-25,13:45,Sheffield Wednesday vs Wolves,10Bet,,Gana visita,1X2 AWAY,1X2:AWAY,60.9%,0.609100,2.85,0.74,0.736000,,,,EV positivo,No encontrado en Betano,Media,torneo actual,usa Poisson base con estadisticas de goles del torneo,riesgo propio del resultado final y variacion del modelo,
2026-08-25,13:45,Sheffield Wednesday vs Wolves,10Bet,,Goles +1.5,TOTALS OVER.1.5,TOTALS:OVER_1_5,60.5%,0.604700,2.00,0.21,0.209400,,,,EV positivo,No encontrado en Betano,Media,torneo actual,usa Poisson base con estadisticas de goles del torneo,un gol temprano o baja eficacia puede cambiar la lectura del mercado,
2026-08-25,13:45,Sheffield Wednesday vs Wolves,,,SHOTS_ON_TARGET_TOTAL UNDER.7.5,SHOTS_ON_TARGET_TOTAL UNDER.7.5,SHOTS_ON_TARGET_TOTAL:UNDER_7_5,59.9%,0.598700,,,,,,,Sin cuota/EV,No encontrado en Betano,Media,contexto premium torneo actual,usa promedios del contexto premium/API-Football,el volumen ofensivo puede variar por planteamiento y marcador temprano,
2026-08-25,13:45,Sheffield Wednesday vs Wolves,,,SHOTS_TOTAL UNDER.26.5,SHOTS_TOTAL UNDER.26.5,SHOTS_TOTAL:UNDER_26_5,59.1%,0.590800,,,,,,,Sin cuota/EV,No encontrado en Betano,Media,contexto premium torneo actual,usa promedios del contexto premium/API-Football,el volumen ofensivo puede variar por planteamiento y marcador temprano,
2026-08-25,13:45,Sheffield Wednesday vs Wolves,,,Local goles -0.5,TEAM_TOTAL_HOME UNDER.0.5,TEAM_TOTAL_HOME:UNDER_0_5,58.3%,0.582800,,,,,,,Sin cuota/EV,No encontrado en Betano,Media,torneo actual,usa Poisson base con estadisticas de goles del torneo,un gol temprano o baja eficacia puede cambiar la lectura del mercado,
2026-08-25,13:45,Sheffield Wednesday vs Wolves,,,SHOTS_TOTAL OVER.24.5,SHOTS_TOTAL OVER.24.5,SHOTS_TOTAL:OVER_24_5,56.6%,0.565900,,,,,,,Sin cuota/EV,No encontrado en Betano,Media,contexto premium torneo actual,usa promedios del contexto premium/API-Football,el volumen ofensivo puede variar por planteamiento y marcador temprano,
2026-08-25,13:45,Sheffield Wednesday vs Wolves,,,Visita goles -1.5,TEAM_TOTAL_AWAY UNDER.1.5,TEAM_TOTAL_AWAY:UNDER_1_5,55.8%,0.557900,,,,,,,Sin cuota/EV,No encontrado en Betano,Media,torneo actual,usa Poisson base con estadisticas de goles del torneo,un gol temprano o baja eficacia puede cambiar la lectura del mercado,
2026-08-25,13:45,Sheffield Wednesday vs Wolves,10Bet,,1T -1.5,FIRST_HALF_TOTALS UNDER.1.5,FIRST_HALF_TOTALS:UNDER_1_5,55.8%,0.557800,1.20,-0.33,-0.330600,,,,EV negativo,No encontrado en Betano,Media,contexto premium torneo actual,usa promedios del contexto premium/API-Football,el primer tiempo puede tener ritmo bajo o rotaciones,
2026-08-25,13:45,Sheffield Wednesday vs Wolves,,,SHOTS_ON_TARGET_TOTAL OVER.6.5,SHOTS_ON_TARGET_TOTAL OVER.6.5,SHOTS_ON_TARGET_TOTAL:OVER_6_5,55.0%,0.550300,,,,,,,Sin cuota/EV,No encontrado en Betano,Media,contexto premium torneo actual,usa promedios del contexto premium/API-Football,el volumen ofensivo puede variar por planteamiento y marcador temprano,
2026-08-25,13:45,Sheffield Wednesday vs Wolves,,,Corners total +11.5,CORNERS_TOTALS OVER.11.5,CORNERS_TOTALS:OVER_11_5,53.8%,0.538400,,,,,,,Sin cuota/EV,No encontrado en Betano,Baja,contexto premium torneo actual,usa promedios del contexto premium/API-Football,el volumen ofensivo puede variar por planteamiento y marcador temprano,
2026-08-25,13:45,Sheffield Wednesday vs Wolves,,,Local corners -5.5,CORNERS_HOME UNDER.5.5,CORNERS_HOME:UNDER_5_5,52.9%,0.528900,,,,,,,Sin cuota/EV,No encontrado en Betano,Baja,contexto premium torneo actual,usa promedios del contexto premium/API-Football,el volumen ofensivo puede variar por planteamiento y marcador temprano,
2026-08-25,13:45,Sheffield Wednesday vs Wolves,,,Visita corners -6.5,CORNERS_AWAY UNDER.6.5,CORNERS_AWAY:UNDER_6_5,52.6%,0.526500,,,,,,,Sin cuota/EV,No encontrado en Betano,Baja,contexto premium torneo actual,usa promedios del contexto premium/API-Football,el volumen ofensivo puede variar por planteamiento y marcador temprano,
2026-08-25,13:45,Sheffield Wednesday vs Wolves,,,Visita corners +6.5,CORNERS_AWAY OVER.6.5,CORNERS_AWAY:OVER_6_5,47.3%,0.473500,,,,,,,Sin cuota/EV,No encontrado en Betano,Baja,contexto premium torneo actual,usa promedios del contexto premium/API-Football,el volumen ofensivo puede variar por planteamiento y marcador temprano,
2026-08-25,13:45,Sheffield Wednesday vs Wolves,,,Local corners +5.5,CORNERS_HOME OVER.5.5,CORNERS_HOME:OVER_5_5,47.1%,0.471100,,,,,,,Sin cuota/EV,No encontrado en Betano,Baja,contexto premium torneo actual,usa promedios del contexto premium/API-Football,el volumen ofensivo puede variar por planteamiento y marcador temprano,
2026-08-25,13:45,Sheffield Wednesday vs Wolves,,,Corners total -11.5,CORNERS_TOTALS UNDER.11.5,CORNERS_TOTALS:UNDER_11_5,46.2%,0.461600,,,,,,,Sin cuota/EV,No encontrado en Betano,Baja,contexto premium torneo actual,usa promedios del contexto premium/API-Football,el volumen ofensivo puede variar por planteamiento y marcador temprano,
2026-08-25,13:45,Sheffield Wednesday vs Wolves,,,SHOTS_ON_TARGET_TOTAL UNDER.6.5,SHOTS_ON_TARGET_TOTAL UNDER.6.5,SHOTS_ON_TARGET_TOTAL:UNDER_6_5,45.0%,0.449700,,,,,,,Sin cuota/EV,No encontrado en Betano,Baja,contexto premium torneo actual,usa promedios del contexto premium/API-Football,el volumen ofensivo puede variar por planteamiento y marcador temprano,
2026-08-25,13:45,Sheffield Wednesday vs Wolves,10Bet,,1T +1.5,FIRST_HALF_TOTALS OVER.1.5,FIRST_HALF_TOTALS:OVER_1_5,44.2%,0.442200,4.00,0.77,0.768700,,,,EV positivo,No encontrado en Betano,Baja,contexto premium torneo actual,usa promedios del contexto premium/API-Football,el primer tiempo puede tener ritmo bajo o rotaciones,
2026-08-25,13:45,Sheffield Wednesday vs Wolves,,,Visita goles +1.5,TEAM_TOTAL_AWAY OVER.1.5,TEAM_TOTAL_AWAY:OVER_1_5,44.2%,0.442100,,,,,,,Sin cuota/EV,No encontrado en Betano,Baja,torneo actual,usa Poisson base con estadisticas de goles del torneo,un gol temprano o baja eficacia puede cambiar la lectura del mercado,
2026-08-25,13:45,Sheffield Wednesday vs Wolves,,,SHOTS_TOTAL UNDER.24.5,SHOTS_TOTAL UNDER.24.5,SHOTS_TOTAL:UNDER_24_5,43.4%,0.434100,,,,,,,Sin cuota/EV,No encontrado en Betano,Baja,contexto premium torneo actual,usa promedios del contexto premium/API-Football,el volumen ofensivo puede variar por planteamiento y marcador temprano,
2026-08-25,13:45,Sheffield Wednesday vs Wolves,,,Local goles +0.5,TEAM_TOTAL_HOME OVER.0.5,TEAM_TOTAL_HOME:OVER_0_5,41.7%,0.417200,,,,,,,Sin cuota/EV,No encontrado en Betano,Baja,torneo actual,usa Poisson base con estadisticas de goles del torneo,un gol temprano o baja eficacia puede cambiar la lectura del mercado,
2026-08-25,13:45,Sheffield Wednesday vs Wolves,,,SHOTS_TOTAL OVER.26.5,SHOTS_TOTAL OVER.26.5,SHOTS_TOTAL:OVER_26_5,40.9%,0.409200,,,,,,,Sin cuota/EV,No encontrado en Betano,Baja,contexto premium torneo actual,usa promedios del contexto premium/API-Football,el volumen ofensivo puede variar por planteamiento y marcador temprano,
2026-08-25,13:45,Sheffield Wednesday vs Wolves,,,SHOTS_ON_TARGET_TOTAL OVER.7.5,SHOTS_ON_TARGET_TOTAL OVER.7.5,SHOTS_ON_TARGET_TOTAL:OVER_7_5,40.1%,0.401300,,,,,,,Sin cuota/EV,No encontrado en Betano,Baja,contexto premium torneo actual,usa promedios del contexto premium/API-Football,el volumen ofensivo puede variar por planteamiento y marcador temprano,
2026-08-25,13:45,Sheffield Wednesday vs Wolves,10Bet,,Goles -1.5,TOTALS UNDER.1.5,TOTALS:UNDER_1_5,39.5%,0.395300,1.73,-0.32,-0.316100,,,,EV negativo,No encontrado en Betano,Baja,torneo actual,usa Poisson base con estadisticas de goles del torneo,un gol temprano o baja eficacia puede cambiar la lectura del mercado,
2026-08-25,13:45,Sheffield Wednesday vs Wolves,,,DOUBLE_CHANCE 1X,DOUBLE_CHANCE 1X,DOUBLE_CHANCE:1X,39.1%,0.390900,,,,,,,Sin cuota/EV,No encontrado en Betano,Baja,torneo actual,usa Poisson base con estadisticas de goles del torneo,riesgo propio del resultado final y variacion del modelo,
2026-08-25,13:45,Sheffield Wednesday vs Wolves,10Bet,,Visita corners -5.5,CORNERS_AWAY UNDER.5.5,CORNERS_AWAY:UNDER_5_5,36.9%,0.369000,1.73,-0.36,-0.361600,,,,EV negativo,No encontrado en Betano,Baja,contexto premium torneo actual,usa promedios del contexto premium/API-Football,el volumen ofensivo puede variar por planteamiento y marcador temprano,
2026-08-25,13:45,Sheffield Wednesday vs Wolves,,,Visita tarjetas -0.5,CARDS_AWAY UNDER.0.5,CARDS_AWAY:UNDER_0_5,36.8%,0.367900,,,,,,,Sin cuota/EV,No encontrado en Betano,Baja,contexto premium torneo actual,usa promedios del contexto premium/API-Football,depende mucho del arbitro y del contexto competitivo,
2026-08-25,13:45,Sheffield Wednesday vs Wolves,,,Local corners -4.5,CORNERS_HOME UNDER.4.5,CORNERS_HOME:UNDER_4_5,35.8%,0.357500,,,,,,,Sin cuota/EV,No encontrado en Betano,Baja,contexto premium torneo actual,usa promedios del contexto premium/API-Football,el volumen ofensivo puede variar por planteamiento y marcador temprano,
2026-08-25,13:45,Sheffield Wednesday vs Wolves,,,Corners total -10.5,CORNERS_TOTALS UNDER.10.5,CORNERS_TOTALS:UNDER_10_5,34.7%,0.347200,,,,,,,Sin cuota/EV,No encontrado en Betano,Baja,contexto premium torneo actual,usa promedios del contexto premium/API-Football,el volumen ofensivo puede variar por planteamiento y marcador temprano,
2026-08-25,13:45,Sheffield Wednesday vs Wolves,10Bet,,Goles +2.5,TOTALS OVER.2.5,TOTALS:OVER_2_5,33.4%,0.334100,4.20,0.40,0.403300,,,,EV positivo,No encontrado en Betano,Baja,torneo actual,usa Poisson base con estadisticas de goles del torneo,un gol temprano o baja eficacia puede cambiar la lectura del mercado,
2026-08-25,13:45,Sheffield Wednesday vs Wolves,10Bet,,BTTS sí,BTTS YES,BTTS:YES,32.4%,0.324100,4.00,0.30,0.296600,,,,EV positivo,No encontrado en Betano,Baja,torneo actual,usa Poisson base con estadisticas de goles del torneo,un gol temprano o baja eficacia puede cambiar la lectura del mercado,
2026-08-25,13:45,Sheffield Wednesday vs Wolves,,,Local corners +6.5,CORNERS_HOME OVER.6.5,CORNERS_HOME:OVER_6_5,31.4%,0.314000,,,,,,,Sin cuota/EV,No encontrado en Betano,Baja,contexto premium torneo actual,usa promedios del contexto premium/API-Football,el volumen ofensivo puede variar por planteamiento y marcador temprano,
2026-08-25,13:45,Sheffield Wednesday vs Wolves,,,SHOTS_TOTAL UNDER.22.5,SHOTS_TOTAL UNDER.22.5,SHOTS_TOTAL:UNDER_22_5,28.3%,0.283500,,,,,,,Sin cuota/EV,No encontrado en Betano,Baja,contexto premium torneo actual,usa promedios del contexto premium/API-Football,el volumen ofensivo puede variar por planteamiento y marcador temprano,
2026-08-25,13:45,Sheffield Wednesday vs Wolves,,,SHOTS_ON_TARGET_TOTAL OVER.8.5,SHOTS_ON_TARGET_TOTAL OVER.8.5,SHOTS_ON_TARGET_TOTAL:OVER_8_5,27.1%,0.270900,,,,,,,Sin cuota/EV,No encontrado en Betano,Baja,contexto premium torneo actual,usa promedios del contexto premium/API-Football,el volumen ofensivo puede variar por planteamiento y marcador temprano,
2026-08-25,13:45,Sheffield Wednesday vs Wolves,,,Visita tarjetas +1.5,CARDS_AWAY OVER.1.5,CARDS_AWAY:OVER_1_5,26.4%,0.264200,,,,,,,Sin cuota/EV,No encontrado en Betano,Baja,contexto premium torneo actual,usa promedios del contexto premium/API-Football,depende mucho del arbitro y del contexto competitivo,
2026-08-25,13:45,Sheffield Wednesday vs Wolves,10Bet,,Empate,1X2 DRAW,1X2:DRAW,25.9%,0.258700,1.77,-0.54,-0.542100,,,,EV negativo,No encontrado en Betano,Baja,torneo actual,usa Poisson base con estadisticas de goles del torneo,riesgo propio del resultado final y variacion del modelo,
2026-08-25,13:45,Sheffield Wednesday vs Wolves,10Bet,,Corners total -9.5,CORNERS_TOTALS UNDER.9.5,CORNERS_TOTALS:UNDER_9_5,24.2%,0.242400,1.80,-0.56,-0.563700,,,,EV negativo,No encontrado en Betano,Baja,contexto premium torneo actual,usa promedios del contexto premium/API-Football,el volumen ofensivo puede variar por planteamiento y marcador temprano,
2026-08-25,13:45,Sheffield Wednesday vs Wolves,,,Visita corners -4.5,CORNERS_AWAY UNDER.4.5,CORNERS_AWAY:UNDER_4_5,22.4%,0.223700,,,,,,,Sin cuota/EV,No encontrado en Betano,Baja,contexto premium torneo actual,usa promedios del contexto premium/API-Football,el volumen ofensivo puede variar por planteamiento y marcador temprano,
2026-08-25,13:45,Sheffield Wednesday vs Wolves,,,Visita goles -0.5,TEAM_TOTAL_AWAY UNDER.0.5,TEAM_TOTAL_AWAY:UNDER_0_5,22.3%,0.223200,,,,,,,Sin cuota/EV,No encontrado en Betano,Baja,torneo actual,usa Poisson base con estadisticas de goles del torneo,un gol temprano o baja eficacia puede cambiar la lectura del mercado,
2026-08-25,13:45,Sheffield Wednesday vs Wolves,10Bet,,1T -0.5,FIRST_HALF_TOTALS UNDER.0.5,FIRST_HALF_TOTALS:UNDER_0_5,22.3%,0.223100,2.15,-0.52,-0.520300,,,,EV negativo,No encontrado en Betano,Baja,contexto premium torneo actual,usa promedios del contexto premium/API-Football,el primer tiempo puede tener ritmo bajo o rotaciones,
2026-08-25,13:45,Sheffield Wednesday vs Wolves,10Bet,,Local corners -3.5,CORNERS_HOME UNDER.3.5,CORNERS_HOME:UNDER_3_5,20.2%,0.201700,1.93,-0.61,-0.610700,,,,EV negativo,No encontrado en Betano,Baja,contexto premium torneo actual,usa promedios del contexto premium/API-Football,el volumen ofensivo puede variar por planteamiento y marcador temprano,
2026-08-25,13:45,Sheffield Wednesday vs Wolves,,,Visita goles +2.5,TEAM_TOTAL_AWAY OVER.2.5,TEAM_TOTAL_AWAY:OVER_2_5,19.1%,0.191100,,,,,,,Sin cuota/EV,No encontrado en Betano,Baja,torneo actual,usa Poisson base con estadisticas de goles del torneo,un gol temprano o baja eficacia puede cambiar la lectura del mercado,
2026-08-25,13:45,Sheffield Wednesday vs Wolves,10Bet,,DNB local,DRAW_NO_BET HOME,DRAW_NO_BET:HOME,17.8%,0.178300,3.20,-0.43,-0.429500,,,,EV negativo,No encontrado en Betano,Baja,torneo actual,usa Poisson base con estadisticas de goles del torneo,riesgo propio del resultado final y variacion del modelo,
2026-08-25,13:45,Sheffield Wednesday vs Wolves,,,SHOTS_ON_TARGET_TOTAL OVER.9.5,SHOTS_ON_TARGET_TOTAL OVER.9.5,SHOTS_ON_TARGET_TOTAL:OVER_9_5,17.0%,0.169500,,,,,,,Sin cuota/EV,No encontrado en Betano,Baja,contexto premium torneo actual,usa promedios del contexto premium/API-Football,el volumen ofensivo puede variar por planteamiento y marcador temprano,
2026-08-25,13:45,Sheffield Wednesday vs Wolves,,,SHOTS_TOTAL UNDER.20.5,SHOTS_TOTAL UNDER.20.5,SHOTS_TOTAL:UNDER_20_5,16.1%,0.160800,,,,,,,Sin cuota/EV,No encontrado en Betano,Baja,contexto premium torneo actual,usa promedios del contexto premium/API-Football,el volumen ofensivo puede variar por planteamiento y marcador temprano,
2026-08-25,13:45,Sheffield Wednesday vs Wolves,,,Corners total -8.5,CORNERS_TOTALS UNDER.8.5,CORNERS_TOTALS:UNDER_8_5,15.5%,0.155000,,,,,,,Sin cuota/EV,No encontrado en Betano,Baja,contexto premium torneo actual,usa promedios del contexto premium/API-Football,el volumen ofensivo puede variar por planteamiento y marcador temprano,
2026-08-25,13:45,Sheffield Wednesday vs Wolves,10Bet,,Goles +3.5,TOTALS OVER.3.5,TOTALS:OVER_3_5,15.0%,0.150100,3.00,-0.55,-0.549600,,,,EV negativo,No encontrado en Betano,Baja,torneo actual,usa Poisson base con estadisticas de goles del torneo,un gol temprano o baja eficacia puede cambiar la lectura del mercado,
2026-08-25,13:45,Sheffield Wednesday vs Wolves,10Bet,,Gana local,1X2 HOME,1X2:HOME,13.2%,0.132200,6.00,-0.21,-0.207100,,,,EV negativo,No encontrado en Betano,Baja,torneo actual,usa Poisson base con estadisticas de goles del torneo,riesgo propio del resultado final y variacion del modelo,
2026-08-25,13:45,Sheffield Wednesday vs Wolves,,,Visita corners -3.5,CORNERS_AWAY UNDER.3.5,CORNERS_AWAY:UNDER_3_5,11.2%,0.111800,,,,,,,Sin cuota/EV,No encontrado en Betano,Baja,contexto premium torneo actual,usa promedios del contexto premium/API-Football,el volumen ofensivo puede variar por planteamiento y marcador temprano,
2026-08-25,13:45,Sheffield Wednesday vs Wolves,,,Local goles +1.5,TEAM_TOTAL_HOME OVER.1.5,TEAM_TOTAL_HOME:OVER_1_5,10.3%,0.102600,,,,,,,Sin cuota/EV,No encontrado en Betano,Baja,torneo actual,usa Poisson base con estadisticas de goles del torneo,un gol temprano o baja eficacia puede cambiar la lectura del mercado,
2026-08-25,13:45,Sheffield Wednesday vs Wolves,,,Corners total -7.5,CORNERS_TOTALS UNDER.7.5,CORNERS_TOTALS:UNDER_7_5,8.9%,0.089500,,,,,,,Sin cuota/EV,No encontrado en Betano,Baja,contexto premium torneo actual,usa promedios del contexto premium/API-Football,el volumen ofensivo puede variar por planteamiento y marcador temprano,
2026-08-25,13:45,Sheffield Wednesday vs Wolves,,,Tarjetas total +2.5,CARDS_TOTALS OVER.2.5,CARDS_TOTALS:OVER_2_5,8.0%,0.080300,,,,,,,Sin cuota/EV,No encontrado en Betano,Baja,contexto premium torneo actual,usa promedios del contexto premium/API-Football,depende mucho del arbitro y del contexto competitivo,
2026-08-25,13:45,Sheffield Wednesday vs Wolves,,,Visita tarjetas +2.5,CARDS_AWAY OVER.2.5,CARDS_AWAY:OVER_2_5,8.0%,0.080300,,,,,,,Sin cuota/EV,No encontrado en Betano,Baja,contexto premium torneo actual,usa promedios del contexto premium/API-Football,depende mucho del arbitro y del contexto competitivo,
2026-08-25,13:45,Sheffield Wednesday vs Wolves,,,SHOTS_TOTAL UNDER.18.5,SHOTS_TOTAL UNDER.18.5,SHOTS_TOTAL:UNDER_18_5,7.7%,0.077300,,,,,,,Sin cuota/EV,No encontrado en Betano,Baja,contexto premium torneo actual,usa promedios del contexto premium/API-Football,el volumen ofensivo puede variar por planteamiento y marcador temprano,
2026-08-25,13:45,Sheffield Wednesday vs Wolves,,,Tarjetas total +3.5,CARDS_TOTALS OVER.3.5,CARDS_TOTALS:OVER_3_5,1.9%,0.019000,,,,,,,Sin cuota/EV,No encontrado en Betano,Baja,contexto premium torneo actual,usa promedios del contexto premium/API-Football,depende mucho del arbitro y del contexto competitivo,
2026-08-25,13:45,Sheffield Wednesday vs Wolves,,,Visita tarjetas +3.5,CARDS_AWAY OVER.3.5,CARDS_AWAY:OVER_3_5,1.9%,0.019000,,,,,,,Sin cuota/EV,No encontrado en Betano,Baja,contexto premium torneo actual,usa promedios del contexto premium/API-Football,depende mucho del arbitro y del contexto competitivo,
2026-08-25,13:45,Sheffield Wednesday vs Wolves,,,Local goles +2.5,TEAM_TOTAL_HOME OVER.2.5,TEAM_TOTAL_HOME:OVER_2_5,1.8%,0.017600,,,,,,,Sin cuota/EV,No encontrado en Betano,Baja,torneo actual,usa Poisson base con estadisticas de goles del torneo,un gol temprano o baja eficacia puede cambiar la lectura del mercado,
2026-08-25,13:45,Sheffield Wednesday vs Wolves,,,Tarjetas total +4.5,CARDS_TOTALS OVER.4.5,CARDS_TOTALS:OVER_4_5,0.4%,0.003700,,,,,,,Sin cuota/EV,No encontrado en Betano,Baja,contexto premium torneo actual,usa promedios del contexto premium/API-Football,depende mucho del arbitro y del contexto competitivo,
2026-08-25,13:45,Sheffield Wednesday vs Wolves,,,Tarjetas total +5.5,CARDS_TOTALS OVER.5.5,CARDS_TOTALS:OVER_5_5,0.1%,0.000600,,,,,,,Sin cuota/EV,No encontrado en Betano,Baja,contexto premium torneo actual,usa promedios del contexto premium/API-Football,depende mucho del arbitro y del contexto competitivo,
2026-08-25,13:45,Sheffield Wednesday vs Wolves,,,Tarjetas total +6.5,CARDS_TOTALS OVER.6.5,CARDS_TOTALS:OVER_6_5,0.0%,0.000100,,,,,,,Sin cuota/EV,No encontrado en Betano,Baja,contexto premium torneo actual,usa promedios del contexto premium/API-Football,depende mucho del arbitro y del contexto competitivo,
2026-08-25,13:45,Southampton vs West Ham,,Betano,Tarjetas total -6.5,CARDS_TOTALS UNDER.6.5,CARDS_TOTALS:UNDER_6_5,100.0%,0.999900,,,,,,,Sin cuota/EV,No encontrado en Betano,Alta,contexto premium torneo actual,usa promedios del contexto premium/API-Football,depende mucho del arbitro y del contexto competitivo,https://www.betano.pe/cuotas-de-partido/southampton-fc-west-ham-united/90631442/
2026-08-25,13:45,Southampton vs West Ham,,Betano,Tarjetas total -5.5,CARDS_TOTALS UNDER.5.5,CARDS_TOTALS:UNDER_5_5,99.9%,0.999400,,,,,,,Sin cuota/EV,No encontrado en Betano,Alta,contexto premium torneo actual,usa promedios del contexto premium/API-Football,depende mucho del arbitro y del contexto competitivo,https://www.betano.pe/cuotas-de-partido/southampton-fc-west-ham-united/90631442/
2026-08-25,13:45,Southampton vs West Ham,,Betano,Tarjetas total -4.5,CARDS_TOTALS UNDER.4.5,CARDS_TOTALS:UNDER_4_5,99.6%,0.996300,,,,,,,Sin cuota/EV,No encontrado en Betano,Alta,contexto premium torneo actual,usa promedios del contexto premium/API-Football,depende mucho del arbitro y del contexto competitivo,https://www.betano.pe/cuotas-de-partido/southampton-fc-west-ham-united/90631442/
2026-08-25,13:45,Southampton vs West Ham,,Betano,Visita corners -6.5,CORNERS_AWAY UNDER.6.5,CORNERS_AWAY:UNDER_6_5,99.6%,0.995500,,,,,,,Sin cuota/EV,No encontrado en Betano,Alta,contexto premium torneo actual,usa promedios del contexto premium/API-Football,el volumen ofensivo puede variar por planteamiento y marcador temprano,https://www.betano.pe/cuotas-de-partido/southampton-fc-west-ham-united/90631442/
2026-08-25,13:45,Southampton vs West Ham,,Betano,SHOTS_TOTAL OVER.18.5,SHOTS_TOTAL OVER.18.5,SHOTS_TOTAL:OVER_18_5,98.4%,0.983900,,,,,,,Sin cuota/EV,No encontrado en Betano,Alta,contexto premium torneo actual,usa promedios del contexto premium/API-Football,el volumen ofensivo puede variar por planteamiento y marcador temprano,https://www.betano.pe/cuotas-de-partido/southampton-fc-west-ham-united/90631442/
2026-08-25,13:45,Southampton vs West Ham,,Betano,Visita corners -5.5,CORNERS_AWAY UNDER.5.5,CORNERS_AWAY:UNDER_5_5,98.3%,0.983400,,,,,,,Sin cuota/EV,No encontrado en Betano,Alta,contexto premium torneo actual,usa promedios del contexto premium/API-Football,el volumen ofensivo puede variar por planteamiento y marcador temprano,https://www.betano.pe/cuotas-de-partido/southampton-fc-west-ham-united/90631442/
2026-08-25,13:45,Southampton vs West Ham,,Betano,Tarjetas total -3.5,CARDS_TOTALS UNDER.3.5,CARDS_TOTALS:UNDER_3_5,98.1%,0.981000,,,,1.95,0.91,0.912900,Sin cuota/EV,EV positivo Betano,Alta,contexto premium torneo actual,usa promedios del contexto premium/API-Football,depende mucho del arbitro y del contexto competitivo,https://www.betano.pe/cuotas-de-partido/southampton-fc-west-ham-united/90631442/
2026-08-25,13:45,Southampton vs West Ham,,Betano,Visita tarjetas -3.5,CARDS_AWAY UNDER.3.5,CARDS_AWAY:UNDER_3_5,98.1%,0.981000,,,,,,,Sin cuota/EV,No encontrado en Betano,Alta,contexto premium torneo actual,usa promedios del contexto premium/API-Football,depende mucho del arbitro y del contexto competitivo,https://www.betano.pe/cuotas-de-partido/southampton-fc-west-ham-united/90631442/
2026-08-25,13:45,Southampton vs West Ham,,Betano,SHOTS_TOTAL OVER.20.5,SHOTS_TOTAL OVER.20.5,SHOTS_TOTAL:OVER_20_5,95.7%,0.957400,,,,,,,Sin cuota/EV,No encontrado en Betano,Alta,contexto premium torneo actual,usa promedios del contexto premium/API-Football,el volumen ofensivo puede variar por planteamiento y marcador temprano,https://www.betano.pe/cuotas-de-partido/southampton-fc-west-ham-united/90631442/
2026-08-25,13:45,Southampton vs West Ham,10Bet,Betano,Visita corners -4.5,CORNERS_AWAY UNDER.4.5,CORNERS_AWAY:UNDER_4_5,94.7%,0.947300,1.93,0.83,0.828400,,,,EV positivo,No encontrado en Betano,Alta,contexto premium torneo actual,usa promedios del contexto premium/API-Football,el volumen ofensivo puede variar por planteamiento y marcador temprano,https://www.betano.pe/cuotas-de-partido/southampton-fc-west-ham-united/90631442/
2026-08-25,13:45,Southampton vs West Ham,,Betano,SHOTS_ON_TARGET_TOTAL OVER.6.5,SHOTS_ON_TARGET_TOTAL OVER.6.5,SHOTS_ON_TARGET_TOTAL:OVER_6_5,92.1%,0.921400,,,,,,,Sin cuota/EV,No encontrado en Betano,Alta,contexto premium torneo actual,usa promedios del contexto premium/API-Football,el volumen ofensivo puede variar por planteamiento y marcador temprano,https://www.betano.pe/cuotas-de-partido/southampton-fc-west-ham-united/90631442/
2026-08-25,13:45,Southampton vs West Ham,,Betano,Tarjetas total -2.5,CARDS_TOTALS UNDER.2.5,CARDS_TOTALS:UNDER_2_5,92.0%,0.919700,,,,,,,Sin cuota/EV,No encontrado en Betano,Alta,contexto premium torneo actual,usa promedios del contexto premium/API-Football,depende mucho del arbitro y del contexto competitivo,https://www.betano.pe/cuotas-de-partido/southampton-fc-west-ham-united/90631442/
2026-08-25,13:45,Southampton vs West Ham,,Betano,Visita tarjetas -2.5,CARDS_AWAY UNDER.2.5,CARDS_AWAY:UNDER_2_5,92.0%,0.919700,,,,,,,Sin cuota/EV,No encontrado en Betano,Alta,contexto premium torneo actual,usa promedios del contexto premium/API-Football,depende mucho del arbitro y del contexto competitivo,https://www.betano.pe/cuotas-de-partido/southampton-fc-west-ham-united/90631442/
2026-08-25,13:45,Southampton vs West Ham,,Betano,SHOTS_TOTAL OVER.22.5,SHOTS_TOTAL OVER.22.5,SHOTS_TOTAL:OVER_22_5,90.5%,0.905500,,,,,,,Sin cuota/EV,No encontrado en Betano,Alta,contexto premium torneo actual,usa promedios del contexto premium/API-Football,el volumen ofensivo puede variar por planteamiento y marcador temprano,https://www.betano.pe/cuotas-de-partido/southampton-fc-west-ham-united/90631442/
2026-08-25,13:45,Southampton vs West Ham,,Betano,Corners total -11.5,CORNERS_TOTALS UNDER.11.5,CORNERS_TOTALS:UNDER_11_5,88.8%,0.888100,,,,,,,Sin cuota/EV,No encontrado en Betano,Alta,contexto premium torneo actual,usa promedios del contexto premium/API-Football,el volumen ofensivo puede variar por planteamiento y marcador temprano,https://www.betano.pe/cuotas-de-partido/southampton-fc-west-ham-united/90631442/
2026-08-25,13:45,Southampton vs West Ham,,Betano,Visita corners -3.5,CORNERS_AWAY UNDER.3.5,CORNERS_AWAY:UNDER_3_5,85.7%,0.857100,,,,,,,Sin cuota/EV,No encontrado en Betano,Alta,contexto premium torneo actual,usa promedios del contexto premium/API-Football,el volumen ofensivo puede variar por planteamiento y marcador temprano,https://www.betano.pe/cuotas-de-partido/southampton-fc-west-ham-united/90631442/
2026-08-25,13:45,Southampton vs West Ham,,Betano,SHOTS_ON_TARGET_TOTAL OVER.7.5,SHOTS_ON_TARGET_TOTAL OVER.7.5,SHOTS_ON_TARGET_TOTAL:OVER_7_5,85.7%,0.856800,,,,,,,Sin cuota/EV,No encontrado en Betano,Alta,contexto premium torneo actual,usa promedios del contexto premium/API-Football,el volumen ofensivo puede variar por planteamiento y marcador temprano,https://www.betano.pe/cuotas-de-partido/southampton-fc-west-ham-united/90631442/
2026-08-25,13:45,Southampton vs West Ham,,Betano,Local corners +3.5,CORNERS_HOME OVER.3.5,CORNERS_HOME:OVER_3_5,84.9%,0.848800,,,,,,,Sin cuota/EV,No encontrado en Betano,Alta,contexto premium torneo actual,usa promedios del contexto premium/API-Football,el volumen ofensivo puede variar por planteamiento y marcador temprano,https://www.betano.pe/cuotas-de-partido/southampton-fc-west-ham-united/90631442/
2026-08-25,13:45,Southampton vs West Ham,,Betano,SHOTS_TOTAL OVER.24.5,SHOTS_TOTAL OVER.24.5,SHOTS_TOTAL:OVER_24_5,82.0%,0.820400,,,,,,,Sin cuota/EV,No encontrado en Betano,Alta,contexto premium torneo actual,usa promedios del contexto premium/API-Football,el volumen ofensivo puede variar por planteamiento y marcador temprano,https://www.betano.pe/cuotas-de-partido/southampton-fc-west-ham-united/90631442/
2026-08-25,13:45,Southampton vs West Ham,10Bet,Betano,Goles +1.5,TOTALS OVER.1.5,TOTALS:OVER_1_5,81.8%,0.818000,1.85,0.51,0.513300,1.22,-0.00,-0.002000,EV positivo,EV negativo Betano,Alta,torneo actual,usa Poisson base con estadisticas de goles del torneo,un gol temprano o baja eficacia puede cambiar la lectura del mercado,https://www.betano.pe/cuotas-de-partido/southampton-fc-west-ham-united/90631442/
2026-08-25,13:45,Southampton vs West Ham,10Bet,Betano,Corners total -10.5,CORNERS_TOTALS UNDER.10.5,CORNERS_TOTALS:UNDER_10_5,81.6%,0.815900,1.70,0.39,0.387000,1.67,0.36,0.362600,EV positivo,EV positivo Betano,Alta,contexto premium torneo actual,usa promedios del contexto premium/API-Football,el volumen ofensivo puede variar por planteamiento y marcador temprano,https://www.betano.pe/cuotas-de-partido/southampton-fc-west-ham-united/90631442/
2026-08-25,13:45,Southampton vs West Ham,,Betano,Visita goles -2.5,TEAM_TOTAL_AWAY UNDER.2.5,TEAM_TOTAL_AWAY:UNDER_2_5,80.9%,0.808900,,,,,,,Sin cuota/EV,No encontrado en Betano,Alta,torneo actual,usa Poisson base con estadisticas de goles del torneo,un gol temprano o baja eficacia puede cambiar la lectura del mercado,https://www.betano.pe/cuotas-de-partido/southampton-fc-west-ham-united/90631442/
2026-08-25,13:45,Southampton vs West Ham,,Betano,Local goles +0.5,TEAM_TOTAL_HOME OVER.0.5,TEAM_TOTAL_HOME:OVER_0_5,80.2%,0.802000,,,,,,,Sin cuota/EV,No encontrado en Betano,Alta,torneo actual,usa Poisson base con estadisticas de goles del torneo,un gol temprano o baja eficacia puede cambiar la lectura del mercado,https://www.betano.pe/cuotas-de-partido/southampton-fc-west-ham-united/90631442/
2026-08-25,13:45,Southampton vs West Ham,,Betano,Local goles -2.5,TEAM_TOTAL_HOME UNDER.2.5,TEAM_TOTAL_HOME:UNDER_2_5,77.8%,0.778200,,,,,,,Sin cuota/EV,No encontrado en Betano,Alta,torneo actual,usa Poisson base con estadisticas de goles del torneo,un gol temprano o baja eficacia puede cambiar la lectura del mercado,https://www.betano.pe/cuotas-de-partido/southampton-fc-west-ham-united/90631442/
2026-08-25,13:45,Southampton vs West Ham,10Bet,Betano,1T +0.5,FIRST_HALF_TOTALS OVER.0.5,FIRST_HALF_TOTALS:OVER_0_5,77.7%,0.776900,1.90,0.48,0.476100,1.36,0.06,0.056600,EV positivo,EV positivo Betano,Alta,contexto premium torneo actual,usa promedios del contexto premium/API-Football,el primer tiempo puede tener ritmo bajo o rotaciones,https://www.betano.pe/cuotas-de-partido/southampton-fc-west-ham-united/90631442/
2026-08-25,13:45,Southampton vs West Ham,,Betano,Visita goles +0.5,TEAM_TOTAL_AWAY OVER.0.5,TEAM_TOTAL_AWAY:OVER_0_5,77.7%,0.776800,,,,,,,Sin cuota/EV,No encontrado en Betano,Alta,torneo actual,usa Poisson base con estadisticas de goles del torneo,un gol temprano o baja eficacia puede cambiar la lectura del mercado,https://www.betano.pe/cuotas-de-partido/southampton-fc-west-ham-united/90631442/
2026-08-25,13:45,Southampton vs West Ham,,Betano,SHOTS_ON_TARGET_TOTAL OVER.8.5,SHOTS_ON_TARGET_TOTAL OVER.8.5,SHOTS_ON_TARGET_TOTAL:OVER_8_5,76.8%,0.768000,,,,,,,Sin cuota/EV,No encontrado en Betano,Alta,contexto premium torneo actual,usa promedios del contexto premium/API-Football,el volumen ofensivo puede variar por planteamiento y marcador temprano,https://www.betano.pe/cuotas-de-partido/southampton-fc-west-ham-united/90631442/
2026-08-25,13:45,Southampton vs West Ham,,Betano,DOUBLE_CHANCE 12,DOUBLE_CHANCE 12,DOUBLE_CHANCE:12,76.3%,0.762800,,,,,,,Sin cuota/EV,No encontrado en Betano,Alta,torneo actual,usa Poisson base con estadisticas de goles del torneo,riesgo propio del resultado final y variacion del modelo,https://www.betano.pe/cuotas-de-partido/southampton-fc-west-ham-united/90631442/
2026-08-25,13:45,Southampton vs West Ham,,Betano,Visita tarjetas -1.5,CARDS_AWAY UNDER.1.5,CARDS_AWAY:UNDER_1_5,73.6%,0.735800,,,,,,,Sin cuota/EV,No encontrado en Betano,Alta,contexto premium torneo actual,usa promedios del contexto premium/API-Football,depende mucho del arbitro y del contexto competitivo,https://www.betano.pe/cuotas-de-partido/southampton-fc-west-ham-united/90631442/
2026-08-25,13:45,Southampton vs West Ham,,Betano,Corners total -9.5,CORNERS_TOTALS UNDER.9.5,CORNERS_TOTALS:UNDER_9_5,71.7%,0.716600,,,,2.12,0.52,0.519200,Sin cuota/EV,EV positivo Betano,Alta,contexto premium torneo actual,usa promedios del contexto premium/API-Football,el volumen ofensivo puede variar por planteamiento y marcador temprano,https://www.betano.pe/cuotas-de-partido/southampton-fc-west-ham-united/90631442/
2026-08-25,13:45,Southampton vs West Ham,,Betano,Local corners +4.5,CORNERS_HOME OVER.4.5,CORNERS_HOME:OVER_4_5,71.5%,0.714900,,,,,,,Sin cuota/EV,No encontrado en Betano,Alta,contexto premium torneo actual,usa promedios del contexto premium/API-Football,el volumen ofensivo puede variar por planteamiento y marcador temprano,https://www.betano.pe/cuotas-de-partido/southampton-fc-west-ham-united/90631442/
2026-08-25,13:45,Southampton vs West Ham,,Betano,SHOTS_TOTAL OVER.26.5,SHOTS_TOTAL OVER.26.5,SHOTS_TOTAL:OVER_26_5,70.2%,0.702200,,,,,,,Sin cuota/EV,No encontrado en Betano,Alta,contexto premium torneo actual,usa promedios del contexto premium/API-Football,el volumen ofensivo puede variar por planteamiento y marcador temprano,https://www.betano.pe/cuotas-de-partido/southampton-fc-west-ham-united/90631442/
2026-08-25,13:45,Southampton vs West Ham,,Betano,SHOTS_ON_TARGET_TOTAL OVER.9.5,SHOTS_ON_TARGET_TOTAL OVER.9.5,SHOTS_ON_TARGET_TOTAL:OVER_9_5,66.0%,0.659500,,,,,,,Sin cuota/EV,No encontrado en Betano,Media,contexto premium torneo actual,usa promedios del contexto premium/API-Football,el volumen ofensivo puede variar por planteamiento y marcador temprano,https://www.betano.pe/cuotas-de-partido/southampton-fc-west-ham-united/90631442/
2026-08-25,13:45,Southampton vs West Ham,,Betano,DOUBLE_CHANCE 1X,DOUBLE_CHANCE 1X,DOUBLE_CHANCE:1X,64.5%,0.644500,,,,,,,Sin cuota/EV,No encontrado en Betano,Media,torneo actual,usa Poisson base con estadisticas de goles del torneo,riesgo propio del resultado final y variacion del modelo,https://www.betano.pe/cuotas-de-partido/southampton-fc-west-ham-united/90631442/
2026-08-25,13:45,Southampton vs West Ham,,Betano,Visita tarjetas +0.5,CARDS_AWAY OVER.0.5,CARDS_AWAY:OVER_0_5,63.2%,0.632100,,,,,,,Sin cuota/EV,No encontrado en Betano,Media,contexto premium torneo actual,usa promedios del contexto premium/API-Football,depende mucho del arbitro y del contexto competitivo,https://www.betano.pe/cuotas-de-partido/southampton-fc-west-ham-united/90631442/
2026-08-25,13:45,Southampton vs West Ham,10Bet,Betano,BTTS sí,BTTS YES,BTTS:YES,62.3%,0.623100,3.50,1.18,1.180700,1.53,-0.05,-0.046700,EV positivo,EV negativo Betano,Media,torneo actual,usa Poisson base con estadisticas de goles del torneo,un gol temprano o baja eficacia puede cambiar la lectura del mercado,https://www.betano.pe/cuotas-de-partido/southampton-fc-west-ham-united/90631442/
2026-08-25,13:45,Southampton vs West Ham,10Bet,Betano,Goles -3.5,TOTALS UNDER.3.5,TOTALS:UNDER_3_5,62.0%,0.620400,1.45,-0.10,-0.100400,1.47,-0.09,-0.088000,EV negativo,EV negativo Betano,Media,torneo actual,usa Poisson base con estadisticas de goles del torneo,un gol temprano o baja eficacia puede cambiar la lectura del mercado,https://www.betano.pe/cuotas-de-partido/southampton-fc-west-ham-united/90631442/
2026-08-25,13:45,Southampton vs West Ham,,Betano,Local corners -6.5,CORNERS_HOME UNDER.6.5,CORNERS_HOME:UNDER_6_5,60.6%,0.606300,,,,,,,Sin cuota/EV,No encontrado en Betano,Media,contexto premium torneo actual,usa promedios del contexto premium/API-Football,el volumen ofensivo puede variar por planteamiento y marcador temprano,https://www.betano.pe/cuotas-de-partido/southampton-fc-west-ham-united/90631442/
2026-08-25,13:45,Southampton vs West Ham,10Bet,Betano,Goles +2.5,TOTALS OVER.2.5,TOTALS:OVER_2_5,60.3%,0.603100,3.75,1.26,1.261500,1.67,0.01,0.007200,EV positivo,EV positivo Betano,Media,torneo actual,usa Poisson base con estadisticas de goles del torneo,un gol temprano o baja eficacia puede cambiar la lectura del mercado,https://www.betano.pe/cuotas-de-partido/southampton-fc-west-ham-united/90631442/
2026-08-25,13:45,Southampton vs West Ham,,Betano,DOUBLE_CHANCE X2,DOUBLE_CHANCE X2,DOUBLE_CHANCE:X2,59.3%,0.592700,,,,,,,Sin cuota/EV,No encontrado en Betano,Media,torneo actual,usa Poisson base con estadisticas de goles del torneo,riesgo propio del resultado final y variacion del modelo,https://www.betano.pe/cuotas-de-partido/southampton-fc-west-ham-united/90631442/
2026-08-25,13:45,Southampton vs West Ham,,Betano,Corners total -8.5,CORNERS_TOTALS UNDER.8.5,CORNERS_TOTALS:UNDER_8_5,59.2%,0.592500,,,,2.80,0.66,0.659000,Sin cuota/EV,EV positivo Betano,Media,contexto premium torneo actual,usa promedios del contexto premium/API-Football,el volumen ofensivo puede variar por planteamiento y marcador temprano,https://www.betano.pe/cuotas-de-partido/southampton-fc-west-ham-united/90631442/
2026-08-25,13:45,Southampton vs West Ham,,Betano,Visita goles -1.5,TEAM_TOTAL_AWAY UNDER.1.5,TEAM_TOTAL_AWAY:UNDER_1_5,55.8%,0.557900,,,,,,,Sin cuota/EV,No encontrado en Betano,Media,torneo actual,usa Poisson base con estadisticas de goles del torneo,un gol temprano o baja eficacia puede cambiar la lectura del mercado,https://www.betano.pe/cuotas-de-partido/southampton-fc-west-ham-united/90631442/
2026-08-25,13:45,Southampton vs West Ham,10Bet,Betano,1T -1.5,FIRST_HALF_TOTALS UNDER.1.5,FIRST_HALF_TOTALS:UNDER_1_5,55.8%,0.557800,1.11,-0.38,-0.380800,1.50,-0.16,-0.163300,EV negativo,EV negativo Betano,Media,contexto premium torneo actual,usa promedios del contexto premium/API-Football,el primer tiempo puede tener ritmo bajo o rotaciones,https://www.betano.pe/cuotas-de-partido/southampton-fc-west-ham-united/90631442/
2026-08-25,13:45,Southampton vs West Ham,10Bet,Betano,Local corners +5.5,CORNERS_HOME OVER.5.5,CORNERS_HOME:OVER_5_5,55.4%,0.554300,2.05,0.14,0.136400,,,,EV positivo,No encontrado en Betano,Media,contexto premium torneo actual,usa promedios del contexto premium/API-Football,el volumen ofensivo puede variar por planteamiento y marcador temprano,https://www.betano.pe/cuotas-de-partido/southampton-fc-west-ham-united/90631442/
2026-08-25,13:45,Southampton vs West Ham,,Betano,Corners total +7.5,CORNERS_TOTALS OVER.7.5,CORNERS_TOTALS:OVER_7_5,54.7%,0.547000,,,,,,,Sin cuota/EV,No encontrado en Betano,Baja,contexto premium torneo actual,usa promedios del contexto premium/API-Football,el volumen ofensivo puede variar por planteamiento y marcador temprano,https://www.betano.pe/cuotas-de-partido/southampton-fc-west-ham-united/90631442/
2026-08-25,13:45,Southampton vs West Ham,10Bet,Betano,DNB local,DRAW_NO_BET HOME,DRAW_NO_BET:HOME,53.4%,0.534000,1.80,-0.04,-0.038900,,,,EV negativo,No encontrado en Betano,Baja,torneo actual,usa Poisson base con estadisticas de goles del torneo,riesgo propio del resultado final y variacion del modelo,https://www.betano.pe/cuotas-de-partido/southampton-fc-west-ham-united/90631442/
2026-08-25,13:45,Southampton vs West Ham,,Betano,Local goles -1.5,TEAM_TOTAL_HOME UNDER.1.5,TEAM_TOTAL_HOME:UNDER_1_5,51.9%,0.518600,,,,,,,Sin cuota/EV,No encontrado en Betano,Baja,torneo actual,usa Poisson base con estadisticas de goles del torneo,un gol temprano o baja eficacia puede cambiar la lectura del mercado,https://www.betano.pe/cuotas-de-partido/southampton-fc-west-ham-united/90631442/
2026-08-25,13:45,Southampton vs West Ham,,Betano,Local goles +1.5,TEAM_TOTAL_HOME OVER.1.5,TEAM_TOTAL_HOME:OVER_1_5,48.1%,0.481400,,,,,,,Sin cuota/EV,No encontrado en Betano,Baja,torneo actual,usa Poisson base con estadisticas de goles del torneo,un gol temprano o baja eficacia puede cambiar la lectura del mercado,https://www.betano.pe/cuotas-de-partido/southampton-fc-west-ham-united/90631442/
2026-08-25,13:45,Southampton vs West Ham,10Bet,Betano,DNB visita,DRAW_NO_BET AWAY,DRAW_NO_BET:AWAY,46.6%,0.466000,1.91,-0.11,-0.109900,,,,EV negativo,No encontrado en Betano,Baja,torneo actual,usa Poisson base con estadisticas de goles del torneo,riesgo propio del resultado final y variacion del modelo,https://www.betano.pe/cuotas-de-partido/southampton-fc-west-ham-united/90631442/
2026-08-25,13:45,Southampton vs West Ham,,Betano,Corners total -7.5,CORNERS_TOTALS UNDER.7.5,CORNERS_TOTALS:UNDER_7_5,45.3%,0.453000,,,,,,,Sin cuota/EV,No encontrado en Betano,Baja,contexto premium torneo actual,usa promedios del contexto premium/API-Football,el volumen ofensivo puede variar por planteamiento y marcador temprano,https://www.betano.pe/cuotas-de-partido/southampton-fc-west-ham-united/90631442/
2026-08-25,13:45,Southampton vs West Ham,10Bet,Betano,Local corners -5.5,CORNERS_HOME UNDER.5.5,CORNERS_HOME:UNDER_5_5,44.6%,0.445700,1.57,-0.30,-0.300300,,,,EV negativo,No encontrado en Betano,Baja,contexto premium torneo actual,usa promedios del contexto premium/API-Football,el volumen ofensivo puede variar por planteamiento y marcador temprano,https://www.betano.pe/cuotas-de-partido/southampton-fc-west-ham-united/90631442/
2026-08-25,13:45,Southampton vs West Ham,10Bet,Betano,1T +1.5,FIRST_HALF_TOTALS OVER.1.5,FIRST_HALF_TOTALS:OVER_1_5,44.2%,0.442200,5.50,1.43,1.432000,2.50,0.11,0.105500,EV positivo,EV positivo Betano,Baja,contexto premium torneo actual,usa promedios del contexto premium/API-Football,el primer tiempo puede tener ritmo bajo o rotaciones,https://www.betano.pe/cuotas-de-partido/southampton-fc-west-ham-united/90631442/
2026-08-25,13:45,Southampton vs West Ham,,Betano,Visita goles +1.5,TEAM_TOTAL_AWAY OVER.1.5,TEAM_TOTAL_AWAY:OVER_1_5,44.2%,0.442100,,,,,,,Sin cuota/EV,No encontrado en Betano,Baja,torneo actual,usa Poisson base con estadisticas de goles del torneo,un gol temprano o baja eficacia puede cambiar la lectura del mercado,https://www.betano.pe/cuotas-de-partido/southampton-fc-west-ham-united/90631442/
2026-08-25,13:45,Southampton vs West Ham,,Betano,Corners total +8.5,CORNERS_TOTALS OVER.8.5,CORNERS_TOTALS:OVER_8_5,40.8%,0.407500,,,,1.40,-0.43,-0.429500,Sin cuota/EV,EV negativo Betano,Baja,contexto premium torneo actual,usa promedios del contexto premium/API-Football,el volumen ofensivo puede variar por planteamiento y marcador temprano,https://www.betano.pe/cuotas-de-partido/southampton-fc-west-ham-united/90631442/
2026-08-25,13:45,Southampton vs West Ham,10Bet,Betano,Gana local,1X2 HOME,1X2:HOME,40.7%,0.407300,3.70,0.51,0.507000,2.52,0.03,0.026400,EV positivo,EV positivo Betano,Baja,torneo actual,usa Poisson base con estadisticas de goles del torneo,riesgo propio del resultado final y variacion del modelo,https://www.betano.pe/cuotas-de-partido/southampton-fc-west-ham-united/90631442/
2026-08-25,13:45,Southampton vs West Ham,10Bet,Betano,Goles -2.5,TOTALS UNDER.2.5,TOTALS:UNDER_2_5,39.7%,0.396900,1.22,-0.52,-0.515700,2.12,-0.16,-0.158600,EV negativo,EV negativo Betano,Baja,torneo actual,usa Poisson base con estadisticas de goles del torneo,un gol temprano o baja eficacia puede cambiar la lectura del mercado,https://www.betano.pe/cuotas-de-partido/southampton-fc-west-ham-united/90631442/
2026-08-25,13:45,Southampton vs West Ham,,Betano,Local corners +6.5,CORNERS_HOME OVER.6.5,CORNERS_HOME:OVER_6_5,39.4%,0.393700,,,,,,,Sin cuota/EV,No encontrado en Betano,Baja,contexto premium torneo actual,usa promedios del contexto premium/API-Football,el volumen ofensivo puede variar por planteamiento y marcador temprano,https://www.betano.pe/cuotas-de-partido/southampton-fc-west-ham-united/90631442/
2026-08-25,13:45,Southampton vs West Ham,10Bet,Betano,Goles +3.5,TOTALS OVER.3.5,TOTALS:OVER_3_5,38.0%,0.379600,2.70,0.02,0.024800,2.57,-0.02,-0.024400,EV positivo,EV negativo Betano,Baja,torneo actual,usa Poisson base con estadisticas de goles del torneo,un gol temprano o baja eficacia puede cambiar la lectura del mercado,https://www.betano.pe/cuotas-de-partido/southampton-fc-west-ham-united/90631442/
2026-08-25,13:45,Southampton vs West Ham,10Bet,Betano,BTTS no,BTTS NO,BTTS:NO,37.7%,0.376900,1.25,-0.53,-0.528800,2.32,-0.13,-0.125600,EV negativo,EV negativo Betano,Baja,torneo actual,usa Poisson base con estadisticas de goles del torneo,un gol temprano o baja eficacia puede cambiar la lectura del mercado,https://www.betano.pe/cuotas-de-partido/southampton-fc-west-ham-united/90631442/
2026-08-25,13:45,Southampton vs West Ham,,Betano,Visita tarjetas -0.5,CARDS_AWAY UNDER.0.5,CARDS_AWAY:UNDER_0_5,36.8%,0.367900,,,,,,,Sin cuota/EV,No encontrado en Betano,Baja,contexto premium torneo actual,usa promedios del contexto premium/API-Football,depende mucho del arbitro y del contexto competitivo,https://www.betano.pe/cuotas-de-partido/southampton-fc-west-ham-united/90631442/
2026-08-25,13:45,Southampton vs West Ham,10Bet,Betano,Gana visita,1X2 AWAY,1X2:AWAY,35.5%,0.355500,3.80,0.35,0.350800,2.62,-0.07,-0.068600,EV positivo,EV negativo Betano,Baja,torneo actual,usa Poisson base con estadisticas de goles del torneo,riesgo propio del resultado final y variacion del modelo,https://www.betano.pe/cuotas-de-partido/southampton-fc-west-ham-united/90631442/
2026-08-25,13:45,Southampton vs West Ham,,Betano,SHOTS_ON_TARGET_TOTAL UNDER.9.5,SHOTS_ON_TARGET_TOTAL UNDER.9.5,SHOTS_ON_TARGET_TOTAL:UNDER_9_5,34.1%,0.340500,,,,,,,Sin cuota/EV,No encontrado en Betano,Baja,contexto premium torneo actual,usa promedios del contexto premium/API-Football,el volumen ofensivo puede variar por planteamiento y marcador temprano,https://www.betano.pe/cuotas-de-partido/southampton-fc-west-ham-united/90631442/
2026-08-25,13:45,Southampton vs West Ham,,Betano,SHOTS_TOTAL UNDER.26.5,SHOTS_TOTAL UNDER.26.5,SHOTS_TOTAL:UNDER_26_5,29.8%,0.297800,,,,,,,Sin cuota/EV,No encontrado en Betano,Baja,contexto premium torneo actual,usa promedios del contexto premium/API-Football,el volumen ofensivo puede variar por planteamiento y marcador temprano,https://www.betano.pe/cuotas-de-partido/southampton-fc-west-ham-united/90631442/
2026-08-25,13:45,Southampton vs West Ham,,Betano,Local corners -4.5,CORNERS_HOME UNDER.4.5,CORNERS_HOME:UNDER_4_5,28.5%,0.285100,,,,,,,Sin cuota/EV,No encontrado en Betano,Baja,contexto premium torneo actual,usa promedios del contexto premium/API-Football,el volumen ofensivo puede variar por planteamiento y marcador temprano,https://www.betano.pe/cuotas-de-partido/southampton-fc-west-ham-united/90631442/
2026-08-25,13:45,Southampton vs West Ham,,Betano,Corners total +9.5,CORNERS_TOTALS OVER.9.5,CORNERS_TOTALS:OVER_9_5,28.3%,0.283400,,,,1.67,-0.53,-0.526700,Sin cuota/EV,EV negativo Betano,Baja,contexto premium torneo actual,usa promedios del contexto premium/API-Football,el volumen ofensivo puede variar por planteamiento y marcador temprano,https://www.betano.pe/cuotas-de-partido/southampton-fc-west-ham-united/90631442/
2026-08-25,13:45,Southampton vs West Ham,,Betano,Visita tarjetas +1.5,CARDS_AWAY OVER.1.5,CARDS_AWAY:OVER_1_5,26.4%,0.264200,,,,,,,Sin cuota/EV,No encontrado en Betano,Baja,contexto premium torneo actual,usa promedios del contexto premium/API-Football,depende mucho del arbitro y del contexto competitivo,https://www.betano.pe/cuotas-de-partido/southampton-fc-west-ham-united/90631442/
2026-08-25,13:45,Southampton vs West Ham,10Bet,Betano,Empate,1X2 DRAW,1X2:DRAW,23.7%,0.237200,1.83,-0.57,-0.565900,3.40,-0.19,-0.193500,EV negativo,EV negativo Betano,Baja,torneo actual,usa Poisson base con estadisticas de goles del torneo,riesgo propio del resultado final y variacion del modelo,https://www.betano.pe/cuotas-de-partido/southampton-fc-west-ham-united/90631442/
2026-08-25,13:45,Southampton vs West Ham,,Betano,SHOTS_ON_TARGET_TOTAL UNDER.8.5,SHOTS_ON_TARGET_TOTAL UNDER.8.5,SHOTS_ON_TARGET_TOTAL:UNDER_8_5,23.2%,0.232000,,,,,,,Sin cuota/EV,No encontrado en Betano,Baja,contexto premium torneo actual,usa promedios del contexto premium/API-Football,el volumen ofensivo puede variar por planteamiento y marcador temprano,https://www.betano.pe/cuotas-de-partido/southampton-fc-west-ham-united/90631442/
2026-08-25,13:45,Southampton vs West Ham,,Betano,Visita goles -0.5,TEAM_TOTAL_AWAY UNDER.0.5,TEAM_TOTAL_AWAY:UNDER_0_5,22.3%,0.223200,,,,,,,Sin cuota/EV,No encontrado en Betano,Baja,torneo actual,usa Poisson base con estadisticas de goles del torneo,un gol temprano o baja eficacia puede cambiar la lectura del mercado,https://www.betano.pe/cuotas-de-partido/southampton-fc-west-ham-united/90631442/
2026-08-25,13:45,Southampton vs West Ham,10Bet,Betano,1T -0.5,FIRST_HALF_TOTALS UNDER.0.5,FIRST_HALF_TOTALS:UNDER_0_5,22.3%,0.223100,1.83,-0.59,-0.591700,3.00,-0.33,-0.330700,EV negativo,EV negativo Betano,Baja,contexto premium torneo actual,usa promedios del contexto premium/API-Football,el primer tiempo puede tener ritmo bajo o rotaciones,https://www.betano.pe/cuotas-de-partido/southampton-fc-west-ham-united/90631442/
2026-08-25,13:45,Southampton vs West Ham,,Betano,Local goles +2.5,TEAM_TOTAL_HOME OVER.2.5,TEAM_TOTAL_HOME:OVER_2_5,22.2%,0.221800,,,,,,,Sin cuota/EV,No encontrado en Betano,Baja,torneo actual,usa Poisson base con estadisticas de goles del torneo,un gol temprano o baja eficacia puede cambiar la lectura del mercado,https://www.betano.pe/cuotas-de-partido/southampton-fc-west-ham-united/90631442/
2026-08-25,13:45,Southampton vs West Ham,,Betano,Local goles -0.5,TEAM_TOTAL_HOME UNDER.0.5,TEAM_TOTAL_HOME:UNDER_0_5,19.8%,0.198000,,,,,,,Sin cuota/EV,No encontrado en Betano,Baja,torneo actual,usa Poisson base con estadisticas de goles del torneo,un gol temprano o baja eficacia puede cambiar la lectura del mercado,https://www.betano.pe/cuotas-de-partido/southampton-fc-west-ham-united/90631442/
2026-08-25,13:45,Southampton vs West Ham,,Betano,Visita goles +2.5,TEAM_TOTAL_AWAY OVER.2.5,TEAM_TOTAL_AWAY:OVER_2_5,19.1%,0.191100,,,,,,,Sin cuota/EV,No encontrado en Betano,Baja,torneo actual,usa Poisson base con estadisticas de goles del torneo,un gol temprano o baja eficacia puede cambiar la lectura del mercado,https://www.betano.pe/cuotas-de-partido/southampton-fc-west-ham-united/90631442/
2026-08-25,13:45,Southampton vs West Ham,10Bet,Betano,Corners total +10.5,CORNERS_TOTALS OVER.10.5,CORNERS_TOTALS:OVER_10_5,18.4%,0.184100,2.05,-0.62,-0.622600,2.12,-0.61,-0.609700,EV negativo,EV negativo Betano,Baja,contexto premium torneo actual,usa promedios del contexto premium/API-Football,el volumen ofensivo puede variar por planteamiento y marcador temprano,https://www.betano.pe/cuotas-de-partido/southampton-fc-west-ham-united/90631442/
2026-08-25,13:45,Southampton vs West Ham,10Bet,Betano,Goles -1.5,TOTALS UNDER.1.5,TOTALS:UNDER_1_5,18.2%,0.182000,1.83,-0.67,-0.666900,3.95,-0.28,-0.281100,EV negativo,EV negativo Betano,Baja,torneo actual,usa Poisson base con estadisticas de goles del torneo,un gol temprano o baja eficacia puede cambiar la lectura del mercado,https://www.betano.pe/cuotas-de-partido/southampton-fc-west-ham-united/90631442/
2026-08-25,13:45,Southampton vs West Ham,,Betano,SHOTS_TOTAL UNDER.24.5,SHOTS_TOTAL UNDER.24.5,SHOTS_TOTAL:UNDER_24_5,18.0%,0.179600,,,,,,,Sin cuota/EV,No encontrado en Betano,Baja,contexto premium torneo actual,usa promedios del contexto premium/API-Football,el volumen ofensivo puede variar por planteamiento y marcador temprano,https://www.betano.pe/cuotas-de-partido/southampton-fc-west-ham-united/90631442/
2026-08-25,13:45,Southampton vs West Ham,,Betano,Local corners -3.5,CORNERS_HOME UNDER.3.5,CORNERS_HOME:UNDER_3_5,15.1%,0.151200,,,,,,,Sin cuota/EV,No encontrado en Betano,Baja,contexto premium torneo actual,usa promedios del contexto premium/API-Football,el volumen ofensivo puede variar por planteamiento y marcador temprano,https://www.betano.pe/cuotas-de-partido/southampton-fc-west-ham-united/90631442/
2026-08-25,13:45,Southampton vs West Ham,,Betano,SHOTS_ON_TARGET_TOTAL UNDER.7.5,SHOTS_ON_TARGET_TOTAL UNDER.7.5,SHOTS_ON_TARGET_TOTAL:UNDER_7_5,14.3%,0.143200,,,,,,,Sin cuota/EV,No encontrado en Betano,Baja,contexto premium torneo actual,usa promedios del contexto premium/API-Football,el volumen ofensivo puede variar por planteamiento y marcador temprano,https://www.betano.pe/cuotas-de-partido/southampton-fc-west-ham-united/90631442/
2026-08-25,13:45,Southampton vs West Ham,,Betano,Visita corners +3.5,CORNERS_AWAY OVER.3.5,CORNERS_AWAY:OVER_3_5,14.3%,0.142900,,,,,,,Sin cuota/EV,No encontrado en Betano,Baja,contexto premium torneo actual,usa promedios del contexto premium/API-Football,el volumen ofensivo puede variar por planteamiento y marcador temprano,https://www.betano.pe/cuotas-de-partido/southampton-fc-west-ham-united/90631442/
2026-08-25,13:45,Southampton vs West Ham,,Betano,Corners total +11.5,CORNERS_TOTALS OVER.11.5,CORNERS_TOTALS:OVER_11_5,11.2%,0.111900,,,,,,,Sin cuota/EV,No encontrado en Betano,Baja,contexto premium torneo actual,usa promedios del contexto premium/API-Football,el volumen ofensivo puede variar por planteamiento y marcador temprano,https://www.betano.pe/cuotas-de-partido/southampton-fc-west-ham-united/90631442/
2026-08-25,13:45,Southampton vs West Ham,,Betano,SHOTS_TOTAL UNDER.22.5,SHOTS_TOTAL UNDER.22.5,SHOTS_TOTAL:UNDER_22_5,9.4%,0.094500,,,,,,,Sin cuota/EV,No encontrado en Betano,Baja,contexto premium torneo actual,usa promedios del contexto premium/API-Football,el volumen ofensivo puede variar por planteamiento y marcador temprano,https://www.betano.pe/cuotas-de-partido/southampton-fc-west-ham-united/90631442/
2026-08-25,13:45,Southampton vs West Ham,,Betano,Tarjetas total +2.5,CARDS_TOTALS OVER.2.5,CARDS_TOTALS:OVER_2_5,8.0%,0.080300,,,,,,,Sin cuota/EV,No encontrado en Betano,Baja,contexto premium torneo actual,usa promedios del contexto premium/API-Football,depende mucho del arbitro y del contexto competitivo,https://www.betano.pe/cuotas-de-partido/southampton-fc-west-ham-united/90631442/
2026-08-25,13:45,Southampton vs West Ham,,Betano,Visita tarjetas +2.5,CARDS_AWAY OVER.2.5,CARDS_AWAY:OVER_2_5,8.0%,0.080300,,,,,,,Sin cuota/EV,No encontrado en Betano,Baja,contexto premium torneo actual,usa promedios del contexto premium/API-Football,depende mucho del arbitro y del contexto competitivo,https://www.betano.pe/cuotas-de-partido/southampton-fc-west-ham-united/90631442/
2026-08-25,13:45,Southampton vs West Ham,,Betano,SHOTS_ON_TARGET_TOTAL UNDER.6.5,SHOTS_ON_TARGET_TOTAL UNDER.6.5,SHOTS_ON_TARGET_TOTAL:UNDER_6_5,7.9%,0.078600,,,,,,,Sin cuota/EV,No encontrado en Betano,Baja,contexto premium torneo actual,usa promedios del contexto premium/API-Football,el volumen ofensivo puede variar por planteamiento y marcador temprano,https://www.betano.pe/cuotas-de-partido/southampton-fc-west-ham-united/90631442/
2026-08-25,13:45,Southampton vs West Ham,10Bet,Betano,Visita corners +4.5,CORNERS_AWAY OVER.4.5,CORNERS_AWAY:OVER_4_5,5.3%,0.052700,1.67,-0.91,-0.912100,,,,EV negativo,No encontrado en Betano,Baja,contexto premium torneo actual,usa promedios del contexto premium/API-Football,el volumen ofensivo puede variar por planteamiento y marcador temprano,https://www.betano.pe/cuotas-de-partido/southampton-fc-west-ham-united/90631442/
2026-08-25,13:45,Southampton vs West Ham,,Betano,SHOTS_TOTAL UNDER.20.5,SHOTS_TOTAL UNDER.20.5,SHOTS_TOTAL:UNDER_20_5,4.3%,0.042600,,,,,,,Sin cuota/EV,No encontrado en Betano,Baja,contexto premium torneo actual,usa promedios del contexto premium/API-Football,el volumen ofensivo puede variar por planteamiento y marcador temprano,https://www.betano.pe/cuotas-de-partido/southampton-fc-west-ham-united/90631442/
2026-08-25,13:45,Southampton vs West Ham,,Betano,Tarjetas total +3.5,CARDS_TOTALS OVER.3.5,CARDS_TOTALS:OVER_3_5,1.9%,0.019000,,,,1.78,-0.97,-0.966200,Sin cuota/EV,EV negativo Betano,Baja,contexto premium torneo actual,usa promedios del contexto premium/API-Football,depende mucho del arbitro y del contexto competitivo,https://www.betano.pe/cuotas-de-partido/southampton-fc-west-ham-united/90631442/
2026-08-25,13:45,Southampton vs West Ham,,Betano,Visita tarjetas +3.5,CARDS_AWAY OVER.3.5,CARDS_AWAY:OVER_3_5,1.9%,0.019000,,,,,,,Sin cuota/EV,No encontrado en Betano,Baja,contexto premium torneo actual,usa promedios del contexto premium/API-Football,depende mucho del arbitro y del contexto competitivo,https://www.betano.pe/cuotas-de-partido/southampton-fc-west-ham-united/90631442/
2026-08-25,13:45,Southampton vs West Ham,,Betano,Visita corners +5.5,CORNERS_AWAY OVER.5.5,CORNERS_AWAY:OVER_5_5,1.7%,0.016600,,,,,,,Sin cuota/EV,No encontrado en Betano,Baja,contexto premium torneo actual,usa promedios del contexto premium/API-Football,el volumen ofensivo puede variar por planteamiento y marcador temprano,https://www.betano.pe/cuotas-de-partido/southampton-fc-west-ham-united/90631442/
2026-08-25,13:45,Southampton vs West Ham,,Betano,SHOTS_TOTAL UNDER.18.5,SHOTS_TOTAL UNDER.18.5,SHOTS_TOTAL:UNDER_18_5,1.6%,0.016100,,,,,,,Sin cuota/EV,No encontrado en Betano,Baja,contexto premium torneo actual,usa promedios del contexto premium/API-Football,el volumen ofensivo puede variar por planteamiento y marcador temprano,https://www.betano.pe/cuotas-de-partido/southampton-fc-west-ham-united/90631442/
2026-08-25,13:45,Southampton vs West Ham,,Betano,Visita corners +6.5,CORNERS_AWAY OVER.6.5,CORNERS_AWAY:OVER_6_5,0.4%,0.004500,,,,,,,Sin cuota/EV,No encontrado en Betano,Baja,contexto premium torneo actual,usa promedios del contexto premium/API-Football,el volumen ofensivo puede variar por planteamiento y marcador temprano,https://www.betano.pe/cuotas-de-partido/southampton-fc-west-ham-united/90631442/
2026-08-25,13:45,Southampton vs West Ham,,Betano,Tarjetas total +4.5,CARDS_TOTALS OVER.4.5,CARDS_TOTALS:OVER_4_5,0.4%,0.003700,,,,,,,Sin cuota/EV,No encontrado en Betano,Baja,contexto premium torneo actual,usa promedios del contexto premium/API-Football,depende mucho del arbitro y del contexto competitivo,https://www.betano.pe/cuotas-de-partido/southampton-fc-west-ham-united/90631442/
2026-08-25,13:45,Southampton vs West Ham,,Betano,Tarjetas total +5.5,CARDS_TOTALS OVER.5.5,CARDS_TOTALS:OVER_5_5,0.1%,0.000600,,,,,,,Sin cuota/EV,No encontrado en Betano,Baja,contexto premium torneo actual,usa promedios del contexto premium/API-Football,depende mucho del arbitro y del contexto competitivo,https://www.betano.pe/cuotas-de-partido/southampton-fc-west-ham-united/90631442/
2026-08-25,13:45,Southampton vs West Ham,,Betano,Tarjetas total +6.5,CARDS_TOTALS OVER.6.5,CARDS_TOTALS:OVER_6_5,0.0%,0.000100,,,,,,,Sin cuota/EV,No encontrado en Betano,Baja,contexto premium torneo actual,usa promedios del contexto premium/API-Football,depende mucho del arbitro y del contexto competitivo,https://www.betano.pe/cuotas-de-partido/southampton-fc-west-ham-united/90631442/
2026-08-25,13:45,Stevenage vs Reading,,,Local tarjetas +0.5,CARDS_HOME OVER.0.5,CARDS_HOME:OVER_0_5,98.2%,0.981700,,,,,,,Sin cuota/EV,No encontrado en Betano,Alta,contexto premium torneo actual,usa promedios del contexto premium/API-Football,depende mucho del arbitro y del contexto competitivo,
2026-08-25,13:45,Stevenage vs Reading,,,Visita tarjetas -3.5,CARDS_AWAY UNDER.3.5,CARDS_AWAY:UNDER_3_5,98.1%,0.981000,,,,,,,Sin cuota/EV,No encontrado en Betano,Alta,contexto premium torneo actual,usa promedios del contexto premium/API-Football,depende mucho del arbitro y del contexto competitivo,
2026-08-25,13:45,Stevenage vs Reading,,,SHOTS_TOTAL OVER.18.5,SHOTS_TOTAL OVER.18.5,SHOTS_TOTAL:OVER_18_5,97.5%,0.975500,,,,,,,Sin cuota/EV,No encontrado en Betano,Alta,contexto premium torneo actual,usa promedios del contexto premium/API-Football,el volumen ofensivo puede variar por planteamiento y marcador temprano,
2026-08-25,13:45,Stevenage vs Reading,,,SHOTS_TOTAL OVER.20.5,SHOTS_TOTAL OVER.20.5,SHOTS_TOTAL:OVER_20_5,93.9%,0.938900,,,,,,,Sin cuota/EV,No encontrado en Betano,Alta,contexto premium torneo actual,usa promedios del contexto premium/API-Football,el volumen ofensivo puede variar por planteamiento y marcador temprano,
2026-08-25,13:45,Stevenage vs Reading,,,Visita tarjetas -2.5,CARDS_AWAY UNDER.2.5,CARDS_AWAY:UNDER_2_5,92.0%,0.919700,,,,,,,Sin cuota/EV,No encontrado en Betano,Alta,contexto premium torneo actual,usa promedios del contexto premium/API-Football,depende mucho del arbitro y del contexto competitivo,
2026-08-25,13:45,Stevenage vs Reading,10Bet,,Visita corners +3.5,CORNERS_AWAY OVER.3.5,CORNERS_AWAY:OVER_3_5,91.8%,0.918200,1.55,0.42,0.423300,,,,EV positivo,No encontrado en Betano,Alta,contexto premium torneo actual,usa promedios del contexto premium/API-Football,el volumen ofensivo puede variar por planteamiento y marcador temprano,
2026-08-25,13:45,Stevenage vs Reading,,,Local tarjetas +1.5,CARDS_HOME OVER.1.5,CARDS_HOME:OVER_1_5,90.8%,0.908400,,,,,,,Sin cuota/EV,No encontrado en Betano,Alta,contexto premium torneo actual,usa promedios del contexto premium/API-Football,depende mucho del arbitro y del contexto competitivo,
2026-08-25,13:45,Stevenage vs Reading,,,Local corners -6.5,CORNERS_HOME UNDER.6.5,CORNERS_HOME:UNDER_6_5,88.9%,0.889300,,,,,,,Sin cuota/EV,No encontrado en Betano,Alta,contexto premium torneo actual,usa promedios del contexto premium/API-Football,el volumen ofensivo puede variar por planteamiento y marcador temprano,
2026-08-25,13:45,Stevenage vs Reading,,,Tarjetas total +2.5,CARDS_TOTALS OVER.2.5,CARDS_TOTALS:OVER_2_5,87.5%,0.875300,,,,,,,Sin cuota/EV,No encontrado en Betano,Alta,contexto premium torneo actual,usa promedios del contexto premium/API-Football,depende mucho del arbitro y del contexto competitivo,
2026-08-25,13:45,Stevenage vs Reading,,,SHOTS_TOTAL OVER.22.5,SHOTS_TOTAL OVER.22.5,SHOTS_TOTAL:OVER_22_5,87.2%,0.871700,,,,,,,Sin cuota/EV,No encontrado en Betano,Alta,contexto premium torneo actual,usa promedios del contexto premium/API-Football,el volumen ofensivo puede variar por planteamiento y marcador temprano,
2026-08-25,13:45,Stevenage vs Reading,10Bet,,1T +0.5,FIRST_HALF_TOTALS OVER.0.5,FIRST_HALF_TOTALS:OVER_0_5,86.5%,0.864700,2.35,1.03,1.032000,,,,EV positivo,No encontrado en Betano,Alta,contexto premium torneo actual,usa promedios del contexto premium/API-Football,el primer tiempo puede tener ritmo bajo o rotaciones,
2026-08-25,13:45,Stevenage vs Reading,,,Corners total +7.5,CORNERS_TOTALS OVER.7.5,CORNERS_TOTALS:OVER_7_5,85.7%,0.856800,,,,,,,Sin cuota/EV,No encontrado en Betano,Alta,contexto premium torneo actual,usa promedios del contexto premium/API-Football,el volumen ofensivo puede variar por planteamiento y marcador temprano,
2026-08-25,13:45,Stevenage vs Reading,,,Visita corners +4.5,CORNERS_AWAY OVER.4.5,CORNERS_AWAY:OVER_4_5,82.7%,0.827000,,,,,,,Sin cuota/EV,No encontrado en Betano,Alta,contexto premium torneo actual,usa promedios del contexto premium/API-Football,el volumen ofensivo puede variar por planteamiento y marcador temprano,
2026-08-25,13:45,Stevenage vs Reading,10Bet,,Goles +1.5,TOTALS OVER.1.5,TOTALS:OVER_1_5,81.8%,0.818000,2.38,0.95,0.946800,,,,EV positivo,No encontrado en Betano,Alta,torneo actual,usa Poisson base con estadisticas de goles del torneo,un gol temprano o baja eficacia puede cambiar la lectura del mercado,
2026-08-25,13:45,Stevenage vs Reading,,,Visita goles -2.5,TEAM_TOTAL_AWAY UNDER.2.5,TEAM_TOTAL_AWAY:UNDER_2_5,80.9%,0.808900,,,,,,,Sin cuota/EV,No encontrado en Betano,Alta,torneo actual,usa Poisson base con estadisticas de goles del torneo,un gol temprano o baja eficacia puede cambiar la lectura del mercado,
2026-08-25,13:45,Stevenage vs Reading,,,Local goles +0.5,TEAM_TOTAL_HOME OVER.0.5,TEAM_TOTAL_HOME:OVER_0_5,80.2%,0.802000,,,,,,,Sin cuota/EV,No encontrado en Betano,Alta,torneo actual,usa Poisson base con estadisticas de goles del torneo,un gol temprano o baja eficacia puede cambiar la lectura del mercado,
2026-08-25,13:45,Stevenage vs Reading,,,Local corners -5.5,CORNERS_HOME UNDER.5.5,CORNERS_HOME:UNDER_5_5,78.5%,0.785100,,,,,,,Sin cuota/EV,No encontrado en Betano,Alta,contexto premium torneo actual,usa promedios del contexto premium/API-Football,el volumen ofensivo puede variar por planteamiento y marcador temprano,
2026-08-25,13:45,Stevenage vs Reading,,,Local goles -2.5,TEAM_TOTAL_HOME UNDER.2.5,TEAM_TOTAL_HOME:UNDER_2_5,77.8%,0.778200,,,,,,,Sin cuota/EV,No encontrado en Betano,Alta,torneo actual,usa Poisson base con estadisticas de goles del torneo,un gol temprano o baja eficacia puede cambiar la lectura del mercado,
2026-08-25,13:45,Stevenage vs Reading,,,Visita goles +0.5,TEAM_TOTAL_AWAY OVER.0.5,TEAM_TOTAL_AWAY:OVER_0_5,77.7%,0.776800,,,,,,,Sin cuota/EV,No encontrado en Betano,Alta,torneo actual,usa Poisson base con estadisticas de goles del torneo,un gol temprano o baja eficacia puede cambiar la lectura del mercado,
2026-08-25,13:45,Stevenage vs Reading,,,SHOTS_TOTAL OVER.24.5,SHOTS_TOTAL OVER.24.5,SHOTS_TOTAL:OVER_24_5,76.9%,0.769100,,,,,,,Sin cuota/EV,No encontrado en Betano,Alta,contexto premium torneo actual,usa promedios del contexto premium/API-Football,el volumen ofensivo puede variar por planteamiento y marcador temprano,
2026-08-25,13:45,Stevenage vs Reading,10Bet,,Corners total +8.5,CORNERS_TOTALS OVER.8.5,CORNERS_TOTALS:OVER_8_5,76.8%,0.768000,1.70,0.31,0.305600,,,,EV positivo,No encontrado en Betano,Alta,contexto premium torneo actual,usa promedios del contexto premium/API-Football,el volumen ofensivo puede variar por planteamiento y marcador temprano,
2026-08-25,13:45,Stevenage vs Reading,,,DOUBLE_CHANCE 12,DOUBLE_CHANCE 12,DOUBLE_CHANCE:12,76.3%,0.762800,,,,,,,Sin cuota/EV,No encontrado en Betano,Alta,torneo actual,usa Poisson base con estadisticas de goles del torneo,riesgo propio del resultado final y variacion del modelo,
2026-08-25,13:45,Stevenage vs Reading,,,Tarjetas total -6.5,CARDS_TOTALS UNDER.6.5,CARDS_TOTALS:UNDER_6_5,76.2%,0.762200,,,,,,,Sin cuota/EV,No encontrado en Betano,Alta,contexto premium torneo actual,usa promedios del contexto premium/API-Football,depende mucho del arbitro y del contexto competitivo,
2026-08-25,13:45,Stevenage vs Reading,,,Local tarjetas +2.5,CARDS_HOME OVER.2.5,CARDS_HOME:OVER_2_5,76.2%,0.761900,,,,,,,Sin cuota/EV,No encontrado en Betano,Alta,contexto premium torneo actual,usa promedios del contexto premium/API-Football,depende mucho del arbitro y del contexto competitivo,
2026-08-25,13:45,Stevenage vs Reading,,,Visita tarjetas -1.5,CARDS_AWAY UNDER.1.5,CARDS_AWAY:UNDER_1_5,73.6%,0.735800,,,,,,,Sin cuota/EV,No encontrado en Betano,Alta,contexto premium torneo actual,usa promedios del contexto premium/API-Football,depende mucho del arbitro y del contexto competitivo,
2026-08-25,13:45,Stevenage vs Reading,,,Tarjetas total +3.5,CARDS_TOTALS OVER.3.5,CARDS_TOTALS:OVER_3_5,73.5%,0.735000,,,,,,,Sin cuota/EV,No encontrado en Betano,Alta,contexto premium torneo actual,usa promedios del contexto premium/API-Football,depende mucho del arbitro y del contexto competitivo,
2026-08-25,13:45,Stevenage vs Reading,,,SHOTS_ON_TARGET_TOTAL UNDER.9.5,SHOTS_ON_TARGET_TOTAL UNDER.9.5,SHOTS_ON_TARGET_TOTAL:UNDER_9_5,71.7%,0.716600,,,,,,,Sin cuota/EV,No encontrado en Betano,Alta,contexto premium torneo actual,usa promedios del contexto premium/API-Football,el volumen ofensivo puede variar por planteamiento y marcador temprano,
2026-08-25,13:45,Stevenage vs Reading,,,Visita corners +5.5,CORNERS_AWAY OVER.5.5,CORNERS_AWAY:OVER_5_5,69.9%,0.699300,,,,,,,Sin cuota/EV,No encontrado en Betano,Media,contexto premium torneo actual,usa promedios del contexto premium/API-Football,el volumen ofensivo puede variar por planteamiento y marcador temprano,
2026-08-25,13:45,Stevenage vs Reading,,,SHOTS_ON_TARGET_TOTAL OVER.6.5,SHOTS_ON_TARGET_TOTAL OVER.6.5,SHOTS_ON_TARGET_TOTAL:OVER_6_5,68.7%,0.686600,,,,,,,Sin cuota/EV,No encontrado en Betano,Media,contexto premium torneo actual,usa promedios del contexto premium/API-Football,el volumen ofensivo puede variar por planteamiento y marcador temprano,
2026-08-25,13:45,Stevenage vs Reading,,,Corners total +9.5,CORNERS_TOTALS OVER.9.5,CORNERS_TOTALS:OVER_9_5,66.0%,0.659500,,,,,,,Sin cuota/EV,No encontrado en Betano,Media,contexto premium torneo actual,usa promedios del contexto premium/API-Football,el volumen ofensivo puede variar por planteamiento y marcador temprano,
2026-08-25,13:45,Stevenage vs Reading,,,DOUBLE_CHANCE 1X,DOUBLE_CHANCE 1X,DOUBLE_CHANCE:1X,64.5%,0.644500,,,,,,,Sin cuota/EV,No encontrado en Betano,Media,torneo actual,usa Poisson base con estadisticas de goles del torneo,riesgo propio del resultado final y variacion del modelo,
2026-08-25,13:45,Stevenage vs Reading,,,SHOTS_TOTAL OVER.26.5,SHOTS_TOTAL OVER.26.5,SHOTS_TOTAL:OVER_26_5,63.6%,0.635900,,,,,,,Sin cuota/EV,No encontrado en Betano,Media,contexto premium torneo actual,usa promedios del contexto premium/API-Football,el volumen ofensivo puede variar por planteamiento y marcador temprano,
2026-08-25,13:45,Stevenage vs Reading,,,Visita tarjetas +0.5,CARDS_AWAY OVER.0.5,CARDS_AWAY:OVER_0_5,63.2%,0.632100,,,,,,,Sin cuota/EV,No encontrado en Betano,Media,contexto premium torneo actual,usa promedios del contexto premium/API-Football,depende mucho del arbitro y del contexto competitivo,
2026-08-25,13:45,Stevenage vs Reading,10Bet,,Local corners -4.5,CORNERS_HOME UNDER.4.5,CORNERS_HOME:UNDER_4_5,62.9%,0.628800,1.93,0.21,0.213700,,,,EV positivo,No encontrado en Betano,Media,contexto premium torneo actual,usa promedios del contexto premium/API-Football,el volumen ofensivo puede variar por planteamiento y marcador temprano,
2026-08-25,13:45,Stevenage vs Reading,10Bet,,BTTS sí,BTTS YES,BTTS:YES,62.3%,0.623100,4.50,1.80,1.803800,,,,EV positivo,No encontrado en Betano,Media,torneo actual,usa Poisson base con estadisticas de goles del torneo,un gol temprano o baja eficacia puede cambiar la lectura del mercado,
2026-08-25,13:45,Stevenage vs Reading,10Bet,,Goles -3.5,TOTALS UNDER.3.5,TOTALS:UNDER_3_5,62.0%,0.620400,1.22,-0.24,-0.243100,,,,EV negativo,No encontrado en Betano,Media,torneo actual,usa Poisson base con estadisticas de goles del torneo,un gol temprano o baja eficacia puede cambiar la lectura del mercado,
2026-08-25,13:45,Stevenage vs Reading,,,Tarjetas total -5.5,CARDS_TOTALS UNDER.5.5,CARDS_TOTALS:UNDER_5_5,61.6%,0.616000,,,,,,,Sin cuota/EV,No encontrado en Betano,Media,contexto premium torneo actual,usa promedios del contexto premium/API-Football,depende mucho del arbitro y del contexto competitivo,
2026-08-25,13:45,Stevenage vs Reading,10Bet,,Goles +2.5,TOTALS OVER.2.5,TOTALS:OVER_2_5,60.3%,0.603100,5.25,2.17,2.166100,,,,EV positivo,No encontrado en Betano,Media,torneo actual,usa Poisson base con estadisticas de goles del torneo,un gol temprano o baja eficacia puede cambiar la lectura del mercado,
2026-08-25,13:45,Stevenage vs Reading,10Bet,,1T +1.5,FIRST_HALF_TOTALS OVER.1.5,FIRST_HALF_TOTALS:OVER_1_5,59.4%,0.594000,6.25,2.71,2.712500,,,,EV positivo,No encontrado en Betano,Media,contexto premium torneo actual,usa promedios del contexto premium/API-Football,el primer tiempo puede tener ritmo bajo o rotaciones,
2026-08-25,13:45,Stevenage vs Reading,,,DOUBLE_CHANCE X2,DOUBLE_CHANCE X2,DOUBLE_CHANCE:X2,59.3%,0.592700,,,,,,,Sin cuota/EV,No encontrado en Betano,Media,torneo actual,usa Poisson base con estadisticas de goles del torneo,riesgo propio del resultado final y variacion del modelo,
2026-08-25,13:45,Stevenage vs Reading,,,SHOTS_ON_TARGET_TOTAL UNDER.8.5,SHOTS_ON_TARGET_TOTAL UNDER.8.5,SHOTS_ON_TARGET_TOTAL:UNDER_8_5,59.2%,0.592500,,,,,,,Sin cuota/EV,No encontrado en Betano,Media,contexto premium torneo actual,usa promedios del contexto premium/API-Football,el volumen ofensivo puede variar por planteamiento y marcador temprano,
2026-08-25,13:45,Stevenage vs Reading,,,Corners total -11.5,CORNERS_TOTALS UNDER.11.5,CORNERS_TOTALS:UNDER_11_5,57.9%,0.579300,,,,,,,Sin cuota/EV,No encontrado en Betano,Media,contexto premium torneo actual,usa promedios del contexto premium/API-Football,el volumen ofensivo puede variar por planteamiento y marcador temprano,
2026-08-25,13:45,Stevenage vs Reading,,,Local corners +3.5,CORNERS_HOME OVER.3.5,CORNERS_HOME:OVER_3_5,56.6%,0.566500,,,,,,,Sin cuota/EV,No encontrado en Betano,Media,contexto premium torneo actual,usa promedios del contexto premium/API-Football,el volumen ofensivo puede variar por planteamiento y marcador temprano,
2026-08-25,13:45,Stevenage vs Reading,,,Local tarjetas +3.5,CARDS_HOME OVER.3.5,CARDS_HOME:OVER_3_5,56.6%,0.566500,,,,,,,Sin cuota/EV,No encontrado en Betano,Media,contexto premium torneo actual,usa promedios del contexto premium/API-Football,depende mucho del arbitro y del contexto competitivo,
2026-08-25,13:45,Stevenage vs Reading,,,Tarjetas total +4.5,CARDS_TOTALS OVER.4.5,CARDS_TOTALS:OVER_4_5,56.0%,0.559500,,,,,,,Sin cuota/EV,No encontrado en Betano,Media,contexto premium torneo actual,usa promedios del contexto premium/API-Football,depende mucho del arbitro y del contexto competitivo,
2026-08-25,13:45,Stevenage vs Reading,,,Visita goles -1.5,TEAM_TOTAL_AWAY UNDER.1.5,TEAM_TOTAL_AWAY:UNDER_1_5,55.8%,0.557900,,,,,,,Sin cuota/EV,No encontrado en Betano,Media,torneo actual,usa Poisson base con estadisticas de goles del torneo,un gol temprano o baja eficacia puede cambiar la lectura del mercado,
2026-08-25,13:45,Stevenage vs Reading,,,Visita corners +6.5,CORNERS_AWAY OVER.6.5,CORNERS_AWAY:OVER_6_5,55.0%,0.550300,,,,,,,Sin cuota/EV,No encontrado en Betano,Media,contexto premium torneo actual,usa promedios del contexto premium/API-Football,el volumen ofensivo puede variar por planteamiento y marcador temprano,
2026-08-25,13:45,Stevenage vs Reading,,,SHOTS_ON_TARGET_TOTAL OVER.7.5,SHOTS_ON_TARGET_TOTAL OVER.7.5,SHOTS_ON_TARGET_TOTAL:OVER_7_5,54.7%,0.547000,,,,,,,Sin cuota/EV,No encontrado en Betano,Baja,contexto premium torneo actual,usa promedios del contexto premium/API-Football,el volumen ofensivo puede variar por planteamiento y marcador temprano,
2026-08-25,13:45,Stevenage vs Reading,,,Corners total +10.5,CORNERS_TOTALS OVER.10.5,CORNERS_TOTALS:OVER_10_5,54.0%,0.540100,,,,,,,Sin cuota/EV,No encontrado en Betano,Baja,contexto premium torneo actual,usa promedios del contexto premium/API-Football,el volumen ofensivo puede variar por planteamiento y marcador temprano,
2026-08-25,13:45,Stevenage vs Reading,10Bet,,DNB local,DRAW_NO_BET HOME,DRAW_NO_BET:HOME,53.4%,0.534000,1.65,-0.12,-0.119000,,,,EV negativo,No encontrado en Betano,Baja,torneo actual,usa Poisson base con estadisticas de goles del torneo,riesgo propio del resultado final y variacion del modelo,
2026-08-25,13:45,Stevenage vs Reading,,,Local goles -1.5,TEAM_TOTAL_HOME UNDER.1.5,TEAM_TOTAL_HOME:UNDER_1_5,51.9%,0.518600,,,,,,,Sin cuota/EV,No encontrado en Betano,Baja,torneo actual,usa Poisson base con estadisticas de goles del torneo,un gol temprano o baja eficacia puede cambiar la lectura del mercado,
2026-08-25,13:45,Stevenage vs Reading,,,Local goles +1.5,TEAM_TOTAL_HOME OVER.1.5,TEAM_TOTAL_HOME:OVER_1_5,48.1%,0.481400,,,,,,,Sin cuota/EV,No encontrado en Betano,Baja,torneo actual,usa Poisson base con estadisticas de goles del torneo,un gol temprano o baja eficacia puede cambiar la lectura del mercado,
2026-08-25,13:45,Stevenage vs Reading,10Bet,,DNB visita,DRAW_NO_BET AWAY,DRAW_NO_BET:AWAY,46.6%,0.466000,2.10,-0.02,-0.021300,,,,EV negativo,No encontrado en Betano,Baja,torneo actual,usa Poisson base con estadisticas de goles del torneo,riesgo propio del resultado final y variacion del modelo,
2026-08-25,13:45,Stevenage vs Reading,,,Corners total -10.5,CORNERS_TOTALS UNDER.10.5,CORNERS_TOTALS:UNDER_10_5,46.0%,0.459900,,,,,,,Sin cuota/EV,No encontrado en Betano,Baja,contexto premium torneo actual,usa promedios del contexto premium/API-Football,el volumen ofensivo puede variar por planteamiento y marcador temprano,
2026-08-25,13:45,Stevenage vs Reading,,,SHOTS_ON_TARGET_TOTAL UNDER.7.5,SHOTS_ON_TARGET_TOTAL UNDER.7.5,SHOTS_ON_TARGET_TOTAL:UNDER_7_5,45.3%,0.453000,,,,,,,Sin cuota/EV,No encontrado en Betano,Baja,contexto premium torneo actual,usa promedios del contexto premium/API-Football,el volumen ofensivo puede variar por planteamiento y marcador temprano,
2026-08-25,13:45,Stevenage vs Reading,,,Visita corners -6.5,CORNERS_AWAY UNDER.6.5,CORNERS_AWAY:UNDER_6_5,45.0%,0.449700,,,,,,,Sin cuota/EV,No encontrado en Betano,Baja,contexto premium torneo actual,usa promedios del contexto premium/API-Football,el volumen ofensivo puede variar por planteamiento y marcador temprano,
2026-08-25,13:45,Stevenage vs Reading,,,Visita goles +1.5,TEAM_TOTAL_AWAY OVER.1.5,TEAM_TOTAL_AWAY:OVER_1_5,44.2%,0.442100,,,,,,,Sin cuota/EV,No encontrado en Betano,Baja,torneo actual,usa Poisson base con estadisticas de goles del torneo,un gol temprano o baja eficacia puede cambiar la lectura del mercado,
2026-08-25,13:45,Stevenage vs Reading,,,Tarjetas total -4.5,CARDS_TOTALS UNDER.4.5,CARDS_TOTALS:UNDER_4_5,44.0%,0.440500,,,,,,,Sin cuota/EV,No encontrado en Betano,Baja,contexto premium torneo actual,usa promedios del contexto premium/API-Football,depende mucho del arbitro y del contexto competitivo,
2026-08-25,13:45,Stevenage vs Reading,,,Local corners -3.5,CORNERS_HOME UNDER.3.5,CORNERS_HOME:UNDER_3_5,43.4%,0.433500,,,,,,,Sin cuota/EV,No encontrado en Betano,Baja,contexto premium torneo actual,usa promedios del contexto premium/API-Football,el volumen ofensivo puede variar por planteamiento y marcador temprano,
2026-08-25,13:45,Stevenage vs Reading,,,Local tarjetas -3.5,CARDS_HOME UNDER.3.5,CARDS_HOME:UNDER_3_5,43.4%,0.433500,,,,,,,Sin cuota/EV,No encontrado en Betano,Baja,contexto premium torneo actual,usa promedios del contexto premium/API-Football,depende mucho del arbitro y del contexto competitivo,
2026-08-25,13:45,Stevenage vs Reading,,,Corners total +11.5,CORNERS_TOTALS OVER.11.5,CORNERS_TOTALS:OVER_11_5,42.1%,0.420700,,,,,,,Sin cuota/EV,No encontrado en Betano,Baja,contexto premium torneo actual,usa promedios del contexto premium/API-Football,el volumen ofensivo puede variar por planteamiento y marcador temprano,
2026-08-25,13:45,Stevenage vs Reading,,,SHOTS_ON_TARGET_TOTAL OVER.8.5,SHOTS_ON_TARGET_TOTAL OVER.8.5,SHOTS_ON_TARGET_TOTAL:OVER_8_5,40.8%,0.407500,,,,,,,Sin cuota/EV,No encontrado en Betano,Baja,contexto premium torneo actual,usa promedios del contexto premium/API-Football,el volumen ofensivo puede variar por planteamiento y marcador temprano,
2026-08-25,13:45,Stevenage vs Reading,10Bet,,Gana local,1X2 HOME,1X2:HOME,40.7%,0.407300,3.75,0.53,0.527400,,,,EV positivo,No encontrado en Betano,Baja,torneo actual,usa Poisson base con estadisticas de goles del torneo,riesgo propio del resultado final y variacion del modelo,
2026-08-25,13:45,Stevenage vs Reading,10Bet,,1T -1.5,FIRST_HALF_TOTALS UNDER.1.5,FIRST_HALF_TOTALS:UNDER_1_5,40.6%,0.406000,1.08,-0.56,-0.561500,,,,EV negativo,No encontrado en Betano,Baja,contexto premium torneo actual,usa promedios del contexto premium/API-Football,el primer tiempo puede tener ritmo bajo o rotaciones,
2026-08-25,13:45,Stevenage vs Reading,10Bet,,Goles -2.5,TOTALS UNDER.2.5,TOTALS:UNDER_2_5,39.7%,0.396900,1.12,-0.56,-0.555400,,,,EV negativo,No encontrado en Betano,Baja,torneo actual,usa Poisson base con estadisticas de goles del torneo,un gol temprano o baja eficacia puede cambiar la lectura del mercado,
2026-08-25,13:45,Stevenage vs Reading,,,Tarjetas total +5.5,CARDS_TOTALS OVER.5.5,CARDS_TOTALS:OVER_5_5,38.4%,0.384000,,,,,,,Sin cuota/EV,No encontrado en Betano,Baja,contexto premium torneo actual,usa promedios del contexto premium/API-Football,depende mucho del arbitro y del contexto competitivo,
2026-08-25,13:45,Stevenage vs Reading,10Bet,,Goles +3.5,TOTALS OVER.3.5,TOTALS:OVER_3_5,38.0%,0.379600,4.20,0.59,0.594100,,,,EV positivo,No encontrado en Betano,Baja,torneo actual,usa Poisson base con estadisticas de goles del torneo,un gol temprano o baja eficacia puede cambiar la lectura del mercado,
2026-08-25,13:45,Stevenage vs Reading,10Bet,,BTTS no,BTTS NO,BTTS:NO,37.7%,0.376900,1.17,-0.56,-0.559000,,,,EV negativo,No encontrado en Betano,Baja,torneo actual,usa Poisson base con estadisticas de goles del torneo,un gol temprano o baja eficacia puede cambiar la lectura del mercado,
2026-08-25,13:45,Stevenage vs Reading,10Bet,,Local corners +4.5,CORNERS_HOME OVER.4.5,CORNERS_HOME:OVER_4_5,37.1%,0.371200,1.67,-0.38,-0.380200,,,,EV negativo,No encontrado en Betano,Baja,contexto premium torneo actual,usa promedios del contexto premium/API-Football,el volumen ofensivo puede variar por planteamiento y marcador temprano,
2026-08-25,13:45,Stevenage vs Reading,,,Visita tarjetas -0.5,CARDS_AWAY UNDER.0.5,CARDS_AWAY:UNDER_0_5,36.8%,0.367900,,,,,,,Sin cuota/EV,No encontrado en Betano,Baja,contexto premium torneo actual,usa promedios del contexto premium/API-Football,depende mucho del arbitro y del contexto competitivo,
2026-08-25,13:45,Stevenage vs Reading,,,SHOTS_TOTAL UNDER.26.5,SHOTS_TOTAL UNDER.26.5,SHOTS_TOTAL:UNDER_26_5,36.4%,0.364100,,,,,,,Sin cuota/EV,No encontrado en Betano,Baja,contexto premium torneo actual,usa promedios del contexto premium/API-Football,el volumen ofensivo puede variar por planteamiento y marcador temprano,
2026-08-25,13:45,Stevenage vs Reading,10Bet,,Gana visita,1X2 AWAY,1X2:AWAY,35.5%,0.355500,4.75,0.69,0.688600,,,,EV positivo,No encontrado en Betano,Baja,torneo actual,usa Poisson base con estadisticas de goles del torneo,riesgo propio del resultado final y variacion del modelo,
2026-08-25,13:45,Stevenage vs Reading,,,Corners total -9.5,CORNERS_TOTALS UNDER.9.5,CORNERS_TOTALS:UNDER_9_5,34.1%,0.340500,,,,,,,Sin cuota/EV,No encontrado en Betano,Baja,contexto premium torneo actual,usa promedios del contexto premium/API-Football,el volumen ofensivo puede variar por planteamiento y marcador temprano,
2026-08-25,13:45,Stevenage vs Reading,,,SHOTS_ON_TARGET_TOTAL UNDER.6.5,SHOTS_ON_TARGET_TOTAL UNDER.6.5,SHOTS_ON_TARGET_TOTAL:UNDER_6_5,31.3%,0.313400,,,,,,,Sin cuota/EV,No encontrado en Betano,Baja,contexto premium torneo actual,usa promedios del contexto premium/API-Football,el volumen ofensivo puede variar por planteamiento y marcador temprano,
2026-08-25,13:45,Stevenage vs Reading,,,Visita corners -5.5,CORNERS_AWAY UNDER.5.5,CORNERS_AWAY:UNDER_5_5,30.1%,0.300700,,,,,,,Sin cuota/EV,No encontrado en Betano,Baja,contexto premium torneo actual,usa promedios del contexto premium/API-Football,el volumen ofensivo puede variar por planteamiento y marcador temprano,
2026-08-25,13:45,Stevenage vs Reading,,,SHOTS_ON_TARGET_TOTAL OVER.9.5,SHOTS_ON_TARGET_TOTAL OVER.9.5,SHOTS_ON_TARGET_TOTAL:OVER_9_5,28.3%,0.283400,,,,,,,Sin cuota/EV,No encontrado en Betano,Baja,contexto premium torneo actual,usa promedios del contexto premium/API-Football,el volumen ofensivo puede variar por planteamiento y marcador temprano,
2026-08-25,13:45,Stevenage vs Reading,,,Tarjetas total -3.5,CARDS_TOTALS UNDER.3.5,CARDS_TOTALS:UNDER_3_5,26.5%,0.265000,,,,,,,Sin cuota/EV,No encontrado en Betano,Baja,contexto premium torneo actual,usa promedios del contexto premium/API-Football,depende mucho del arbitro y del contexto competitivo,
2026-08-25,13:45,Stevenage vs Reading,,,Visita tarjetas +1.5,CARDS_AWAY OVER.1.5,CARDS_AWAY:OVER_1_5,26.4%,0.264200,,,,,,,Sin cuota/EV,No encontrado en Betano,Baja,contexto premium torneo actual,usa promedios del contexto premium/API-Football,depende mucho del arbitro y del contexto competitivo,
2026-08-25,13:45,Stevenage vs Reading,,,Local tarjetas -2.5,CARDS_HOME UNDER.2.5,CARDS_HOME:UNDER_2_5,23.8%,0.238100,,,,,,,Sin cuota/EV,No encontrado en Betano,Baja,contexto premium torneo actual,usa promedios del contexto premium/API-Football,depende mucho del arbitro y del contexto competitivo,
2026-08-25,13:45,Stevenage vs Reading,,,Tarjetas total +6.5,CARDS_TOTALS OVER.6.5,CARDS_TOTALS:OVER_6_5,23.8%,0.237800,,,,,,,Sin cuota/EV,No encontrado en Betano,Baja,contexto premium torneo actual,usa promedios del contexto premium/API-Football,depende mucho del arbitro y del contexto competitivo,
2026-08-25,13:45,Stevenage vs Reading,10Bet,,Empate,1X2 DRAW,1X2:DRAW,23.7%,0.237200,1.65,-0.61,-0.608600,,,,EV negativo,No encontrado en Betano,Baja,torneo actual,usa Poisson base con estadisticas de goles del torneo,riesgo propio del resultado final y variacion del modelo,
2026-08-25,13:45,Stevenage vs Reading,10Bet,,Corners total -8.5,CORNERS_TOTALS UNDER.8.5,CORNERS_TOTALS:UNDER_8_5,23.2%,0.232000,2.05,-0.52,-0.524400,,,,EV negativo,No encontrado en Betano,Baja,contexto premium torneo actual,usa promedios del contexto premium/API-Football,el volumen ofensivo puede variar por planteamiento y marcador temprano,
2026-08-25,13:45,Stevenage vs Reading,,,SHOTS_TOTAL UNDER.24.5,SHOTS_TOTAL UNDER.24.5,SHOTS_TOTAL:UNDER_24_5,23.1%,0.230900,,,,,,,Sin cuota/EV,No encontrado en Betano,Baja,contexto premium torneo actual,usa promedios del contexto premium/API-Football,el volumen ofensivo puede variar por planteamiento y marcador temprano,
2026-08-25,13:45,Stevenage vs Reading,,,Visita goles -0.5,TEAM_TOTAL_AWAY UNDER.0.5,TEAM_TOTAL_AWAY:UNDER_0_5,22.3%,0.223200,,,,,,,Sin cuota/EV,No encontrado en Betano,Baja,torneo actual,usa Poisson base con estadisticas de goles del torneo,un gol temprano o baja eficacia puede cambiar la lectura del mercado,
2026-08-25,13:45,Stevenage vs Reading,,,Local goles +2.5,TEAM_TOTAL_HOME OVER.2.5,TEAM_TOTAL_HOME:OVER_2_5,22.2%,0.221800,,,,,,,Sin cuota/EV,No encontrado en Betano,Baja,torneo actual,usa Poisson base con estadisticas de goles del torneo,un gol temprano o baja eficacia puede cambiar la lectura del mercado,
2026-08-25,13:45,Stevenage vs Reading,,,Local corners +5.5,CORNERS_HOME OVER.5.5,CORNERS_HOME:OVER_5_5,21.5%,0.214900,,,,,,,Sin cuota/EV,No encontrado en Betano,Baja,contexto premium torneo actual,usa promedios del contexto premium/API-Football,el volumen ofensivo puede variar por planteamiento y marcador temprano,
2026-08-25,13:45,Stevenage vs Reading,,,Local goles -0.5,TEAM_TOTAL_HOME UNDER.0.5,TEAM_TOTAL_HOME:UNDER_0_5,19.8%,0.198000,,,,,,,Sin cuota/EV,No encontrado en Betano,Baja,torneo actual,usa Poisson base con estadisticas de goles del torneo,un gol temprano o baja eficacia puede cambiar la lectura del mercado,
2026-08-25,13:45,Stevenage vs Reading,,,Visita goles +2.5,TEAM_TOTAL_AWAY OVER.2.5,TEAM_TOTAL_AWAY:OVER_2_5,19.1%,0.191100,,,,,,,Sin cuota/EV,No encontrado en Betano,Baja,torneo actual,usa Poisson base con estadisticas de goles del torneo,un gol temprano o baja eficacia puede cambiar la lectura del mercado,
2026-08-25,13:45,Stevenage vs Reading,10Bet,,Goles -1.5,TOTALS UNDER.1.5,TOTALS:UNDER_1_5,18.2%,0.182000,1.53,-0.72,-0.721500,,,,EV negativo,No encontrado en Betano,Baja,torneo actual,usa Poisson base con estadisticas de goles del torneo,un gol temprano o baja eficacia puede cambiar la lectura del mercado,
2026-08-25,13:45,Stevenage vs Reading,,,Visita corners -4.5,CORNERS_AWAY UNDER.4.5,CORNERS_AWAY:UNDER_4_5,17.3%,0.173000,,,,,,,Sin cuota/EV,No encontrado en Betano,Baja,contexto premium torneo actual,usa promedios del contexto premium/API-Football,el volumen ofensivo puede variar por planteamiento y marcador temprano,
2026-08-25,13:45,Stevenage vs Reading,,,Corners total -7.5,CORNERS_TOTALS UNDER.7.5,CORNERS_TOTALS:UNDER_7_5,14.3%,0.143200,,,,,,,Sin cuota/EV,No encontrado en Betano,Baja,contexto premium torneo actual,usa promedios del contexto premium/API-Football,el volumen ofensivo puede variar por planteamiento y marcador temprano,
2026-08-25,13:45,Stevenage vs Reading,10Bet,,1T -0.5,FIRST_HALF_TOTALS UNDER.0.5,FIRST_HALF_TOTALS:UNDER_0_5,13.5%,0.135300,1.55,-0.79,-0.790200,,,,EV negativo,No encontrado en Betano,Baja,contexto premium torneo actual,usa promedios del contexto premium/API-Football,el primer tiempo puede tener ritmo bajo o rotaciones,
2026-08-25,13:45,Stevenage vs Reading,,,SHOTS_TOTAL UNDER.22.5,SHOTS_TOTAL UNDER.22.5,SHOTS_TOTAL:UNDER_22_5,12.8%,0.128300,,,,,,,Sin cuota/EV,No encontrado en Betano,Baja,contexto premium torneo actual,usa promedios del contexto premium/API-Football,el volumen ofensivo puede variar por planteamiento y marcador temprano,
2026-08-25,13:45,Stevenage vs Reading,,,Tarjetas total -2.5,CARDS_TOTALS UNDER.2.5,CARDS_TOTALS:UNDER_2_5,12.5%,0.124700,,,,,,,Sin cuota/EV,No encontrado en Betano,Baja,contexto premium torneo actual,usa promedios del contexto premium/API-Football,depende mucho del arbitro y del contexto competitivo,
2026-08-25,13:45,Stevenage vs Reading,,,Local corners +6.5,CORNERS_HOME OVER.6.5,CORNERS_HOME:OVER_6_5,11.1%,0.110700,,,,,,,Sin cuota/EV,No encontrado en Betano,Baja,contexto premium torneo actual,usa promedios del contexto premium/API-Football,el volumen ofensivo puede variar por planteamiento y marcador temprano,
2026-08-25,13:45,Stevenage vs Reading,,,Local tarjetas -1.5,CARDS_HOME UNDER.1.5,CARDS_HOME:UNDER_1_5,9.2%,0.091600,,,,,,,Sin cuota/EV,No encontrado en Betano,Baja,contexto premium torneo actual,usa promedios del contexto premium/API-Football,depende mucho del arbitro y del contexto competitivo,
2026-08-25,13:45,Stevenage vs Reading,10Bet,,Visita corners -3.5,CORNERS_AWAY UNDER.3.5,CORNERS_AWAY:UNDER_3_5,8.2%,0.081800,2.10,-0.83,-0.828300,,,,EV negativo,No encontrado en Betano,Baja,contexto premium torneo actual,usa promedios del contexto premium/API-Football,el volumen ofensivo puede variar por planteamiento y marcador temprano,
2026-08-25,13:45,Stevenage vs Reading,,,Visita tarjetas +2.5,CARDS_AWAY OVER.2.5,CARDS_AWAY:OVER_2_5,8.0%,0.080300,,,,,,,Sin cuota/EV,No encontrado en Betano,Baja,contexto premium torneo actual,usa promedios del contexto premium/API-Football,depende mucho del arbitro y del contexto competitivo,
2026-08-25,13:45,Stevenage vs Reading,,,SHOTS_TOTAL UNDER.20.5,SHOTS_TOTAL UNDER.20.5,SHOTS_TOTAL:UNDER_20_5,6.1%,0.061100,,,,,,,Sin cuota/EV,No encontrado en Betano,Baja,contexto premium torneo actual,usa promedios del contexto premium/API-Football,el volumen ofensivo puede variar por planteamiento y marcador temprano,
2026-08-25,13:45,Stevenage vs Reading,,,SHOTS_TOTAL UNDER.18.5,SHOTS_TOTAL UNDER.18.5,SHOTS_TOTAL:UNDER_18_5,2.5%,0.024500,,,,,,,Sin cuota/EV,No encontrado en Betano,Baja,contexto premium torneo actual,usa promedios del contexto premium/API-Football,el volumen ofensivo puede variar por planteamiento y marcador temprano,
2026-08-25,13:45,Stevenage vs Reading,,,Visita tarjetas +3.5,CARDS_AWAY OVER.3.5,CARDS_AWAY:OVER_3_5,1.9%,0.019000,,,,,,,Sin cuota/EV,No encontrado en Betano,Baja,contexto premium torneo actual,usa promedios del contexto premium/API-Football,depende mucho del arbitro y del contexto competitivo,
2026-08-25,13:45,Stevenage vs Reading,,,Local tarjetas -0.5,CARDS_HOME UNDER.0.5,CARDS_HOME:UNDER_0_5,1.8%,0.018300,,,,,,,Sin cuota/EV,No encontrado en Betano,Baja,contexto premium torneo actual,usa promedios del contexto premium/API-Football,depende mucho del arbitro y del contexto competitivo,
2026-08-25,13:45,Stoke City vs Hull City,10Bet,,1T -1.5,FIRST_HALF_TOTALS UNDER.1.5,FIRST_HALF_TOTALS:UNDER_1_5,98.8%,0.987600,1.08,0.07,0.066600,,,,EV positivo,No encontrado en Betano,Alta,contexto premium mixto,usa mezcla de promedios del torneo y recientes/API-Football,el primer tiempo puede tener ritmo bajo o rotaciones,
2026-08-25,13:45,Stoke City vs Hull City,,,Visita corners -6.5,CORNERS_AWAY UNDER.6.5,CORNERS_AWAY:UNDER_6_5,97.8%,0.977600,,,,,,,Sin cuota/EV,No encontrado en Betano,Alta,contexto premium mixto,usa mezcla de promedios del torneo y recientes/API-Football,el volumen ofensivo puede variar por planteamiento y marcador temprano,
2026-08-25,13:45,Stoke City vs Hull City,,,Local goles -2.5,TEAM_TOTAL_HOME UNDER.2.5,TEAM_TOTAL_HOME:UNDER_2_5,96.3%,0.962600,,,,,,,Sin cuota/EV,No encontrado en Betano,Alta,fallback ultimos partidos,usa Poisson fallback con ultimos partidos multi-competicion,un gol temprano o baja eficacia puede cambiar la lectura del mercado,
2026-08-25,13:45,Stoke City vs Hull City,,,Corners total -11.5,CORNERS_TOTALS UNDER.11.5,CORNERS_TOTALS:UNDER_11_5,95.7%,0.957100,,,,,,,Sin cuota/EV,No encontrado en Betano,Alta,contexto premium mixto,usa mezcla de promedios del torneo y recientes/API-Football,el volumen ofensivo puede variar por planteamiento y marcador temprano,
2026-08-25,13:45,Stoke City vs Hull City,,,Visita corners -5.5,CORNERS_AWAY UNDER.5.5,CORNERS_AWAY:UNDER_5_5,93.9%,0.939200,,,,,,,Sin cuota/EV,No encontrado en Betano,Alta,contexto premium mixto,usa mezcla de promedios del torneo y recientes/API-Football,el volumen ofensivo puede variar por planteamiento y marcador temprano,
2026-08-25,13:45,Stoke City vs Hull City,,,Corners total -10.5,CORNERS_TOTALS UNDER.10.5,CORNERS_TOTALS:UNDER_10_5,91.8%,0.918300,,,,,,,Sin cuota/EV,No encontrado en Betano,Alta,contexto premium mixto,usa mezcla de promedios del torneo y recientes/API-Football,el volumen ofensivo puede variar por planteamiento y marcador temprano,
2026-08-25,13:45,Stoke City vs Hull City,,,Tarjetas total -6.5,CARDS_TOTALS UNDER.6.5,CARDS_TOTALS:UNDER_6_5,91.4%,0.913700,,,,,,,Sin cuota/EV,No encontrado en Betano,Alta,contexto premium mixto,usa mezcla de promedios del torneo y recientes/API-Football,depende mucho del arbitro y del contexto competitivo,
2026-08-25,13:45,Stoke City vs Hull City,,,Visita tarjetas -3.5,CARDS_AWAY UNDER.3.5,CARDS_AWAY:UNDER_3_5,89.9%,0.899200,,,,,,,Sin cuota/EV,No encontrado en Betano,Alta,contexto premium mixto,usa mezcla de promedios del torneo y recientes/API-Football,depende mucho del arbitro y del contexto competitivo,
2026-08-25,13:45,Stoke City vs Hull City,,,Local corners -6.5,CORNERS_HOME UNDER.6.5,CORNERS_HOME:UNDER_6_5,88.9%,0.889300,,,,,,,Sin cuota/EV,No encontrado en Betano,Alta,contexto premium mixto,usa mezcla de promedios del torneo y recientes/API-Football,el volumen ofensivo puede variar por planteamiento y marcador temprano,
2026-08-25,13:45,Stoke City vs Hull City,,,Local tarjetas +0.5,CARDS_HOME OVER.0.5,CARDS_HOME:OVER_0_5,86.5%,0.864700,,,,,,,Sin cuota/EV,No encontrado en Betano,Alta,contexto premium mixto,usa mezcla de promedios del torneo y recientes/API-Football,depende mucho del arbitro y del contexto competitivo,
2026-08-25,13:45,Stoke City vs Hull City,,,Local tarjetas -3.5,CARDS_HOME UNDER.3.5,CARDS_HOME:UNDER_3_5,85.7%,0.857100,,,,,,,Sin cuota/EV,No encontrado en Betano,Alta,contexto premium mixto,usa mezcla de promedios del torneo y recientes/API-Football,depende mucho del arbitro y del contexto competitivo,
2026-08-25,13:45,Stoke City vs Hull City,10Bet,,Visita corners -4.5,CORNERS_AWAY UNDER.4.5,CORNERS_AWAY:UNDER_4_5,85.5%,0.855400,1.80,0.54,0.539700,,,,EV positivo,No encontrado en Betano,Alta,contexto premium mixto,usa mezcla de promedios del torneo y recientes/API-Football,el volumen ofensivo puede variar por planteamiento y marcador temprano,
2026-08-25,13:45,Stoke City vs Hull City,10Bet,,Corners total -9.5,CORNERS_TOTALS UNDER.9.5,CORNERS_TOTALS:UNDER_9_5,85.5%,0.854900,2.05,0.75,0.752600,,,,EV positivo,No encontrado en Betano,Alta,contexto premium mixto,usa mezcla de promedios del torneo y recientes/API-Football,el volumen ofensivo puede variar por planteamiento y marcador temprano,
2026-08-25,13:45,Stoke City vs Hull City,10Bet,,1T -0.5,FIRST_HALF_TOTALS UNDER.0.5,FIRST_HALF_TOTALS:UNDER_0_5,84.7%,0.846600,1.70,0.44,0.439300,,,,EV positivo,No encontrado en Betano,Alta,contexto premium mixto,usa mezcla de promedios del torneo y recientes/API-Football,el primer tiempo puede tener ritmo bajo o rotaciones,
2026-08-25,13:45,Stoke City vs Hull City,,,Local goles -1.5,TEAM_TOTAL_HOME UNDER.1.5,TEAM_TOTAL_HOME:UNDER_1_5,83.5%,0.835100,,,,,,,Sin cuota/EV,No encontrado en Betano,Alta,fallback ultimos partidos,usa Poisson fallback con ultimos partidos multi-competicion,un gol temprano o baja eficacia puede cambiar la lectura del mercado,
2026-08-25,13:45,Stoke City vs Hull City,,,SHOTS_TOTAL UNDER.26.5,SHOTS_TOTAL UNDER.26.5,SHOTS_TOTAL:UNDER_26_5,83.2%,0.832400,,,,,,,Sin cuota/EV,No encontrado en Betano,Alta,contexto premium mixto,usa mezcla de promedios del torneo y recientes/API-Football,el volumen ofensivo puede variar por planteamiento y marcador temprano,
2026-08-25,13:45,Stoke City vs Hull City,10Bet,,Goles -3.5,TOTALS UNDER.3.5,TOTALS:UNDER_3_5,83.2%,0.831600,1.28,0.06,0.064400,,,,EV positivo,No encontrado en Betano,Alta,fallback ultimos partidos,usa Poisson fallback con ultimos partidos multi-competicion,un gol temprano o baja eficacia puede cambiar la lectura del mercado,
2026-08-25,13:45,Stoke City vs Hull City,,,Visita goles -2.5,TEAM_TOTAL_AWAY UNDER.2.5,TEAM_TOTAL_AWAY:UNDER_2_5,83.1%,0.830800,,,,,,,Sin cuota/EV,No encontrado en Betano,Alta,fallback ultimos partidos,usa Poisson fallback con ultimos partidos multi-competicion,un gol temprano o baja eficacia puede cambiar la lectura del mercado,
2026-08-25,13:45,Stoke City vs Hull City,,,Visita tarjetas +0.5,CARDS_AWAY OVER.0.5,CARDS_AWAY:OVER_0_5,82.6%,0.826200,,,,,,,Sin cuota/EV,No encontrado en Betano,Alta,contexto premium mixto,usa mezcla de promedios del torneo y recientes/API-Football,depende mucho del arbitro y del contexto competitivo,
2026-08-25,13:45,Stoke City vs Hull City,,,Tarjetas total -5.5,CARDS_TOTALS UNDER.5.5,CARDS_TOTALS:UNDER_5_5,82.3%,0.822900,,,,,,,Sin cuota/EV,No encontrado en Betano,Alta,contexto premium mixto,usa mezcla de promedios del torneo y recientes/API-Football,depende mucho del arbitro y del contexto competitivo,
2026-08-25,13:45,Stoke City vs Hull City,,,DOUBLE_CHANCE X2,DOUBLE_CHANCE X2,DOUBLE_CHANCE:X2,80.8%,0.807500,,,,,,,Sin cuota/EV,No encontrado en Betano,Alta,fallback ultimos partidos,usa Poisson fallback con ultimos partidos multi-competicion,riesgo propio del resultado final y variacion del modelo,
2026-08-25,13:45,Stoke City vs Hull City,,,SHOTS_ON_TARGET_TOTAL UNDER.9.5,SHOTS_ON_TARGET_TOTAL UNDER.9.5,SHOTS_ON_TARGET_TOTAL:UNDER_9_5,80.4%,0.804300,,,,,,,Sin cuota/EV,No encontrado en Betano,Alta,contexto premium mixto,usa mezcla de promedios del torneo y recientes/API-Football,el volumen ofensivo puede variar por planteamiento y marcador temprano,
2026-08-25,13:45,Stoke City vs Hull City,10Bet,,Local corners -5.5,CORNERS_HOME UNDER.5.5,CORNERS_HOME:UNDER_5_5,78.5%,0.785100,1.65,0.30,0.295500,,,,EV positivo,No encontrado en Betano,Alta,contexto premium mixto,usa mezcla de promedios del torneo y recientes/API-Football,el volumen ofensivo puede variar por planteamiento y marcador temprano,
2026-08-25,13:45,Stoke City vs Hull City,,,SHOTS_TOTAL OVER.18.5,SHOTS_TOTAL OVER.18.5,SHOTS_TOTAL:OVER_18_5,76.8%,0.767500,,,,,,,Sin cuota/EV,No encontrado en Betano,Alta,contexto premium mixto,usa mezcla de promedios del torneo y recientes/API-Football,el volumen ofensivo puede variar por planteamiento y marcador temprano,
2026-08-25,13:45,Stoke City vs Hull City,,,Corners total -8.5,CORNERS_TOTALS UNDER.8.5,CORNERS_TOTALS:UNDER_8_5,76.1%,0.761100,,,,,,,Sin cuota/EV,No encontrado en Betano,Alta,contexto premium mixto,usa mezcla de promedios del torneo y recientes/API-Football,el volumen ofensivo puede variar por planteamiento y marcador temprano,
2026-08-25,13:45,Stoke City vs Hull City,,,Visita goles +0.5,TEAM_TOTAL_AWAY OVER.0.5,TEAM_TOTAL_AWAY:OVER_0_5,75.6%,0.756100,,,,,,,Sin cuota/EV,No encontrado en Betano,Alta,fallback ultimos partidos,usa Poisson fallback con ultimos partidos multi-competicion,un gol temprano o baja eficacia puede cambiar la lectura del mercado,
2026-08-25,13:45,Stoke City vs Hull City,,,Visita tarjetas -2.5,CARDS_AWAY UNDER.2.5,CARDS_AWAY:UNDER_2_5,74.4%,0.744000,,,,,,,Sin cuota/EV,No encontrado en Betano,Alta,contexto premium mixto,usa mezcla de promedios del torneo y recientes/API-Football,depende mucho del arbitro y del contexto competitivo,
2026-08-25,13:45,Stoke City vs Hull City,10Bet,,DNB visita,DRAW_NO_BET AWAY,DRAW_NO_BET:AWAY,73.5%,0.735000,1.67,0.23,0.227500,,,,EV positivo,No encontrado en Betano,Alta,fallback ultimos partidos,usa Poisson fallback con ultimos partidos multi-competicion,riesgo propio del resultado final y variacion del modelo,
2026-08-25,13:45,Stoke City vs Hull City,,,DOUBLE_CHANCE 12,DOUBLE_CHANCE 12,DOUBLE_CHANCE:12,72.6%,0.726400,,,,,,,Sin cuota/EV,No encontrado en Betano,Alta,fallback ultimos partidos,usa Poisson fallback con ultimos partidos multi-competicion,riesgo propio del resultado final y variacion del modelo,
2026-08-25,13:45,Stoke City vs Hull City,,,Tarjetas total +2.5,CARDS_TOTALS OVER.2.5,CARDS_TOTALS:OVER_2_5,72.3%,0.722900,,,,,,,Sin cuota/EV,No encontrado en Betano,Alta,contexto premium mixto,usa mezcla de promedios del torneo y recientes/API-Football,depende mucho del arbitro y del contexto competitivo,
2026-08-25,13:45,Stoke City vs Hull City,,,SHOTS_TOTAL UNDER.24.5,SHOTS_TOTAL UNDER.24.5,SHOTS_TOTAL:UNDER_24_5,71.2%,0.711700,,,,,,,Sin cuota/EV,No encontrado en Betano,Alta,contexto premium mixto,usa mezcla de promedios del torneo y recientes/API-Football,el volumen ofensivo puede variar por planteamiento y marcador temprano,
2026-08-25,13:45,Stoke City vs Hull City,,,Visita corners -3.5,CORNERS_AWAY UNDER.3.5,CORNERS_AWAY:UNDER_3_5,70.3%,0.703000,,,,,,,Sin cuota/EV,No encontrado en Betano,Alta,contexto premium mixto,usa mezcla de promedios del torneo y recientes/API-Football,el volumen ofensivo puede variar por planteamiento y marcador temprano,
2026-08-25,13:45,Stoke City vs Hull City,,,SHOTS_ON_TARGET_TOTAL UNDER.8.5,SHOTS_ON_TARGET_TOTAL UNDER.8.5,SHOTS_ON_TARGET_TOTAL:UNDER_8_5,69.6%,0.696000,,,,,,,Sin cuota/EV,No encontrado en Betano,Media,contexto premium mixto,usa mezcla de promedios del torneo y recientes/API-Football,el volumen ofensivo puede variar por planteamiento y marcador temprano,
2026-08-25,13:45,Stoke City vs Hull City,,,Tarjetas total -4.5,CARDS_TOTALS UNDER.4.5,CARDS_TOTALS:UNDER_4_5,67.8%,0.677500,,,,,,,Sin cuota/EV,No encontrado en Betano,Media,contexto premium mixto,usa mezcla de promedios del torneo y recientes/API-Football,depende mucho del arbitro y del contexto competitivo,
2026-08-25,13:45,Stoke City vs Hull City,,,Local tarjetas -2.5,CARDS_HOME UNDER.2.5,CARDS_HOME:UNDER_2_5,67.7%,0.676700,,,,,,,Sin cuota/EV,No encontrado en Betano,Media,contexto premium mixto,usa mezcla de promedios del torneo y recientes/API-Football,depende mucho del arbitro y del contexto competitivo,
2026-08-25,13:45,Stoke City vs Hull City,10Bet,,Goles -2.5,TOTALS UNDER.2.5,TOTALS:UNDER_2_5,64.0%,0.639600,1.15,-0.26,-0.264400,,,,EV negativo,No encontrado en Betano,Media,fallback ultimos partidos,usa Poisson fallback con ultimos partidos multi-competicion,un gol temprano o baja eficacia puede cambiar la lectura del mercado,
2026-08-25,13:45,Stoke City vs Hull City,,,Corners total -7.5,CORNERS_TOTALS UNDER.7.5,CORNERS_TOTALS:UNDER_7_5,63.6%,0.635900,,,,,,,Sin cuota/EV,No encontrado en Betano,Media,contexto premium mixto,usa mezcla de promedios del torneo y recientes/API-Football,el volumen ofensivo puede variar por planteamiento y marcador temprano,
2026-08-25,13:45,Stoke City vs Hull City,10Bet,,Goles +1.5,TOTALS OVER.1.5,TOTALS:OVER_1_5,63.0%,0.629800,2.15,0.35,0.354100,,,,EV positivo,No encontrado en Betano,Media,fallback ultimos partidos,usa Poisson fallback con ultimos partidos multi-competicion,un gol temprano o baja eficacia puede cambiar la lectura del mercado,
2026-08-25,13:45,Stoke City vs Hull City,,,Local corners -4.5,CORNERS_HOME UNDER.4.5,CORNERS_HOME:UNDER_4_5,62.9%,0.628800,,,,,,,Sin cuota/EV,No encontrado en Betano,Media,contexto premium mixto,usa mezcla de promedios del torneo y recientes/API-Football,el volumen ofensivo puede variar por planteamiento y marcador temprano,
2026-08-25,13:45,Stoke City vs Hull City,,,SHOTS_TOTAL OVER.20.5,SHOTS_TOTAL OVER.20.5,SHOTS_TOTAL:OVER_20_5,61.3%,0.613100,,,,,,,Sin cuota/EV,No encontrado en Betano,Media,contexto premium mixto,usa mezcla de promedios del torneo y recientes/API-Football,el volumen ofensivo puede variar por planteamiento y marcador temprano,
2026-08-25,13:45,Stoke City vs Hull City,10Bet,,BTTS no,BTTS NO,BTTS:NO,61.0%,0.609700,1.18,-0.28,-0.280500,,,,EV negativo,No encontrado en Betano,Media,fallback ultimos partidos,usa Poisson fallback con ultimos partidos multi-competicion,un gol temprano o baja eficacia puede cambiar la lectura del mercado,
2026-08-25,13:45,Stoke City vs Hull City,,,Local tarjetas +1.5,CARDS_HOME OVER.1.5,CARDS_HOME:OVER_1_5,59.4%,0.594000,,,,,,,Sin cuota/EV,No encontrado en Betano,Media,contexto premium mixto,usa mezcla de promedios del torneo y recientes/API-Football,depende mucho del arbitro y del contexto competitivo,
2026-08-25,13:45,Stoke City vs Hull City,,,Visita goles -1.5,TEAM_TOTAL_AWAY UNDER.1.5,TEAM_TOTAL_AWAY:UNDER_1_5,58.8%,0.588000,,,,,,,Sin cuota/EV,No encontrado en Betano,Media,fallback ultimos partidos,usa Poisson fallback con ultimos partidos multi-competicion,un gol temprano o baja eficacia puede cambiar la lectura del mercado,
2026-08-25,13:45,Stoke City vs Hull City,,,SHOTS_ON_TARGET_TOTAL OVER.6.5,SHOTS_ON_TARGET_TOTAL OVER.6.5,SHOTS_ON_TARGET_TOTAL:OVER_6_5,58.7%,0.586800,,,,,,,Sin cuota/EV,No encontrado en Betano,Media,contexto premium mixto,usa mezcla de promedios del torneo y recientes/API-Football,el volumen ofensivo puede variar por planteamiento y marcador temprano,
2026-08-25,13:45,Stoke City vs Hull City,,,Local corners +3.5,CORNERS_HOME OVER.3.5,CORNERS_HOME:OVER_3_5,56.6%,0.566500,,,,,,,Sin cuota/EV,No encontrado en Betano,Media,contexto premium mixto,usa mezcla de promedios del torneo y recientes/API-Football,el volumen ofensivo puede variar por planteamiento y marcador temprano,
2026-08-25,13:45,Stoke City vs Hull City,,,SHOTS_ON_TARGET_TOTAL UNDER.7.5,SHOTS_ON_TARGET_TOTAL UNDER.7.5,SHOTS_ON_TARGET_TOTAL:UNDER_7_5,56.1%,0.561500,,,,,,,Sin cuota/EV,No encontrado en Betano,Media,contexto premium mixto,usa mezcla de promedios del torneo y recientes/API-Football,el volumen ofensivo puede variar por planteamiento y marcador temprano,
2026-08-25,13:45,Stoke City vs Hull City,,,SHOTS_TOTAL UNDER.22.5,SHOTS_TOTAL UNDER.22.5,SHOTS_TOTAL:UNDER_22_5,55.6%,0.556400,,,,,,,Sin cuota/EV,No encontrado en Betano,Media,contexto premium mixto,usa mezcla de promedios del torneo y recientes/API-Football,el volumen ofensivo puede variar por planteamiento y marcador temprano,
2026-08-25,13:45,Stoke City vs Hull City,10Bet,,Gana visita,1X2 AWAY,1X2:AWAY,53.4%,0.533900,3.95,1.11,1.109000,,,,EV positivo,No encontrado en Betano,Baja,fallback ultimos partidos,usa Poisson fallback con ultimos partidos multi-competicion,riesgo propio del resultado final y variacion del modelo,
2026-08-25,13:45,Stoke City vs Hull City,,,Visita tarjetas +1.5,CARDS_AWAY OVER.1.5,CARDS_AWAY:OVER_1_5,52.2%,0.522100,,,,,,,Sin cuota/EV,No encontrado en Betano,Baja,contexto premium mixto,usa mezcla de promedios del torneo y recientes/API-Football,depende mucho del arbitro y del contexto competitivo,
2026-08-25,13:45,Stoke City vs Hull City,,,Tarjetas total +3.5,CARDS_TOTALS OVER.3.5,CARDS_TOTALS:OVER_3_5,51.6%,0.516200,,,,,,,Sin cuota/EV,No encontrado en Betano,Baja,contexto premium mixto,usa mezcla de promedios del torneo y recientes/API-Football,depende mucho del arbitro y del contexto competitivo,
2026-08-25,13:45,Stoke City vs Hull City,,,Local goles +0.5,TEAM_TOTAL_HOME OVER.0.5,TEAM_TOTAL_HOME:OVER_0_5,51.6%,0.516200,,,,,,,Sin cuota/EV,No encontrado en Betano,Baja,fallback ultimos partidos,usa Poisson fallback con ultimos partidos multi-competicion,un gol temprano o baja eficacia puede cambiar la lectura del mercado,
2026-08-25,13:45,Stoke City vs Hull City,,,Local goles -0.5,TEAM_TOTAL_HOME UNDER.0.5,TEAM_TOTAL_HOME:UNDER_0_5,48.4%,0.483800,,,,,,,Sin cuota/EV,No encontrado en Betano,Baja,fallback ultimos partidos,usa Poisson fallback con ultimos partidos multi-competicion,un gol temprano o baja eficacia puede cambiar la lectura del mercado,
2026-08-25,13:45,Stoke City vs Hull City,,,Tarjetas total -3.5,CARDS_TOTALS UNDER.3.5,CARDS_TOTALS:UNDER_3_5,48.4%,0.483800,,,,,,,Sin cuota/EV,No encontrado en Betano,Baja,contexto premium mixto,usa mezcla de promedios del torneo y recientes/API-Football,depende mucho del arbitro y del contexto competitivo,
2026-08-25,13:45,Stoke City vs Hull City,,,Visita tarjetas -1.5,CARDS_AWAY UNDER.1.5,CARDS_AWAY:UNDER_1_5,47.8%,0.477900,,,,,,,Sin cuota/EV,No encontrado en Betano,Baja,contexto premium mixto,usa mezcla de promedios del torneo y recientes/API-Football,depende mucho del arbitro y del contexto competitivo,
2026-08-25,13:45,Stoke City vs Hull City,,,DOUBLE_CHANCE 1X,DOUBLE_CHANCE 1X,DOUBLE_CHANCE:1X,46.6%,0.466100,,,,,,,Sin cuota/EV,No encontrado en Betano,Baja,fallback ultimos partidos,usa Poisson fallback con ultimos partidos multi-competicion,riesgo propio del resultado final y variacion del modelo,
2026-08-25,13:45,Stoke City vs Hull City,,,SHOTS_TOTAL OVER.22.5,SHOTS_TOTAL OVER.22.5,SHOTS_TOTAL:OVER_22_5,44.4%,0.443600,,,,,,,Sin cuota/EV,No encontrado en Betano,Baja,contexto premium mixto,usa mezcla de promedios del torneo y recientes/API-Football,el volumen ofensivo puede variar por planteamiento y marcador temprano,
2026-08-25,13:45,Stoke City vs Hull City,,,SHOTS_ON_TARGET_TOTAL OVER.7.5,SHOTS_ON_TARGET_TOTAL OVER.7.5,SHOTS_ON_TARGET_TOTAL:OVER_7_5,43.9%,0.438500,,,,,,,Sin cuota/EV,No encontrado en Betano,Baja,contexto premium mixto,usa mezcla de promedios del torneo y recientes/API-Football,el volumen ofensivo puede variar por planteamiento y marcador temprano,
2026-08-25,13:45,Stoke City vs Hull City,,,Local corners -3.5,CORNERS_HOME UNDER.3.5,CORNERS_HOME:UNDER_3_5,43.4%,0.433500,,,,,,,Sin cuota/EV,No encontrado en Betano,Baja,contexto premium mixto,usa mezcla de promedios del torneo y recientes/API-Football,el volumen ofensivo puede variar por planteamiento y marcador temprano,
2026-08-25,13:45,Stoke City vs Hull City,,,SHOTS_ON_TARGET_TOTAL UNDER.6.5,SHOTS_ON_TARGET_TOTAL UNDER.6.5,SHOTS_ON_TARGET_TOTAL:UNDER_6_5,41.3%,0.413200,,,,,,,Sin cuota/EV,No encontrado en Betano,Baja,contexto premium mixto,usa mezcla de promedios del torneo y recientes/API-Football,el volumen ofensivo puede variar por planteamiento y marcador temprano,
2026-08-25,13:45,Stoke City vs Hull City,,,Visita goles +1.5,TEAM_TOTAL_AWAY OVER.1.5,TEAM_TOTAL_AWAY:OVER_1_5,41.2%,0.412000,,,,,,,Sin cuota/EV,No encontrado en Betano,Baja,fallback ultimos partidos,usa Poisson fallback con ultimos partidos multi-competicion,un gol temprano o baja eficacia puede cambiar la lectura del mercado,
2026-08-25,13:45,Stoke City vs Hull City,,,Local tarjetas -1.5,CARDS_HOME UNDER.1.5,CARDS_HOME:UNDER_1_5,40.6%,0.406000,,,,,,,Sin cuota/EV,No encontrado en Betano,Baja,contexto premium mixto,usa mezcla de promedios del torneo y recientes/API-Football,depende mucho del arbitro y del contexto competitivo,
2026-08-25,13:45,Stoke City vs Hull City,10Bet,,BTTS sí,BTTS YES,BTTS:YES,39.0%,0.390300,4.33,0.69,0.689900,,,,EV positivo,No encontrado en Betano,Baja,fallback ultimos partidos,usa Poisson fallback con ultimos partidos multi-competicion,un gol temprano o baja eficacia puede cambiar la lectura del mercado,
2026-08-25,13:45,Stoke City vs Hull City,,,SHOTS_TOTAL UNDER.20.5,SHOTS_TOTAL UNDER.20.5,SHOTS_TOTAL:UNDER_20_5,38.7%,0.386900,,,,,,,Sin cuota/EV,No encontrado en Betano,Baja,contexto premium mixto,usa mezcla de promedios del torneo y recientes/API-Football,el volumen ofensivo puede variar por planteamiento y marcador temprano,
2026-08-25,13:45,Stoke City vs Hull City,,,Local corners +4.5,CORNERS_HOME OVER.4.5,CORNERS_HOME:OVER_4_5,37.1%,0.371200,,,,,,,Sin cuota/EV,No encontrado en Betano,Baja,contexto premium mixto,usa mezcla de promedios del torneo y recientes/API-Football,el volumen ofensivo puede variar por planteamiento y marcador temprano,
2026-08-25,13:45,Stoke City vs Hull City,10Bet,,Goles -1.5,TOTALS UNDER.1.5,TOTALS:UNDER_1_5,37.0%,0.370200,1.62,-0.40,-0.400300,,,,EV negativo,No encontrado en Betano,Baja,fallback ultimos partidos,usa Poisson fallback con ultimos partidos multi-competicion,un gol temprano o baja eficacia puede cambiar la lectura del mercado,
2026-08-25,13:45,Stoke City vs Hull City,,,Corners total +7.5,CORNERS_TOTALS OVER.7.5,CORNERS_TOTALS:OVER_7_5,36.4%,0.364100,,,,,,,Sin cuota/EV,No encontrado en Betano,Baja,contexto premium mixto,usa mezcla de promedios del torneo y recientes/API-Football,el volumen ofensivo puede variar por planteamiento y marcador temprano,
2026-08-25,13:45,Stoke City vs Hull City,10Bet,,Goles +2.5,TOTALS OVER.2.5,TOTALS:OVER_2_5,36.0%,0.360400,4.75,0.71,0.711700,,,,EV positivo,No encontrado en Betano,Baja,fallback ultimos partidos,usa Poisson fallback con ultimos partidos multi-competicion,un gol temprano o baja eficacia puede cambiar la lectura del mercado,
2026-08-25,13:45,Stoke City vs Hull City,,,Local tarjetas +2.5,CARDS_HOME OVER.2.5,CARDS_HOME:OVER_2_5,32.3%,0.323300,,,,,,,Sin cuota/EV,No encontrado en Betano,Baja,contexto premium mixto,usa mezcla de promedios del torneo y recientes/API-Football,depende mucho del arbitro y del contexto competitivo,
2026-08-25,13:45,Stoke City vs Hull City,,,Tarjetas total +4.5,CARDS_TOTALS OVER.4.5,CARDS_TOTALS:OVER_4_5,32.2%,0.322500,,,,,,,Sin cuota/EV,No encontrado en Betano,Baja,contexto premium mixto,usa mezcla de promedios del torneo y recientes/API-Football,depende mucho del arbitro y del contexto competitivo,
2026-08-25,13:45,Stoke City vs Hull City,,,SHOTS_ON_TARGET_TOTAL OVER.8.5,SHOTS_ON_TARGET_TOTAL OVER.8.5,SHOTS_ON_TARGET_TOTAL:OVER_8_5,30.4%,0.304000,,,,,,,Sin cuota/EV,No encontrado en Betano,Baja,contexto premium mixto,usa mezcla de promedios del torneo y recientes/API-Football,el volumen ofensivo puede variar por planteamiento y marcador temprano,
2026-08-25,13:45,Stoke City vs Hull City,,,Visita corners +3.5,CORNERS_AWAY OVER.3.5,CORNERS_AWAY:OVER_3_5,29.7%,0.297000,,,,,,,Sin cuota/EV,No encontrado en Betano,Baja,contexto premium mixto,usa mezcla de promedios del torneo y recientes/API-Football,el volumen ofensivo puede variar por planteamiento y marcador temprano,
2026-08-25,13:45,Stoke City vs Hull City,,,SHOTS_TOTAL OVER.24.5,SHOTS_TOTAL OVER.24.5,SHOTS_TOTAL:OVER_24_5,28.8%,0.288300,,,,,,,Sin cuota/EV,No encontrado en Betano,Baja,contexto premium mixto,usa mezcla de promedios del torneo y recientes/API-Football,el volumen ofensivo puede variar por planteamiento y marcador temprano,
2026-08-25,13:45,Stoke City vs Hull City,,,Tarjetas total -2.5,CARDS_TOTALS UNDER.2.5,CARDS_TOTALS:UNDER_2_5,27.7%,0.277100,,,,,,,Sin cuota/EV,No encontrado en Betano,Baja,contexto premium mixto,usa mezcla de promedios del torneo y recientes/API-Football,depende mucho del arbitro y del contexto competitivo,
2026-08-25,13:45,Stoke City vs Hull City,10Bet,,Empate,1X2 DRAW,1X2:DRAW,27.4%,0.273600,1.67,-0.54,-0.543100,,,,EV negativo,No encontrado en Betano,Baja,fallback ultimos partidos,usa Poisson fallback con ultimos partidos multi-competicion,riesgo propio del resultado final y variacion del modelo,
2026-08-25,13:45,Stoke City vs Hull City,10Bet,,DNB local,DRAW_NO_BET HOME,DRAW_NO_BET:HOME,26.5%,0.265000,2.10,-0.44,-0.443500,,,,EV negativo,No encontrado en Betano,Baja,fallback ultimos partidos,usa Poisson fallback con ultimos partidos multi-competicion,riesgo propio del resultado final y variacion del modelo,
2026-08-25,13:45,Stoke City vs Hull City,,,Visita tarjetas +2.5,CARDS_AWAY OVER.2.5,CARDS_AWAY:OVER_2_5,25.6%,0.256000,,,,,,,Sin cuota/EV,No encontrado en Betano,Baja,contexto premium mixto,usa mezcla de promedios del torneo y recientes/API-Football,depende mucho del arbitro y del contexto competitivo,
2026-08-25,13:45,Stoke City vs Hull City,,,Visita goles -0.5,TEAM_TOTAL_AWAY UNDER.0.5,TEAM_TOTAL_AWAY:UNDER_0_5,24.4%,0.243900,,,,,,,Sin cuota/EV,No encontrado en Betano,Baja,fallback ultimos partidos,usa Poisson fallback con ultimos partidos multi-competicion,un gol temprano o baja eficacia puede cambiar la lectura del mercado,
2026-08-25,13:45,Stoke City vs Hull City,,,Corners total +8.5,CORNERS_TOTALS OVER.8.5,CORNERS_TOTALS:OVER_8_5,23.9%,0.238900,,,,,,,Sin cuota/EV,No encontrado en Betano,Baja,contexto premium mixto,usa mezcla de promedios del torneo y recientes/API-Football,el volumen ofensivo puede variar por planteamiento y marcador temprano,
2026-08-25,13:45,Stoke City vs Hull City,,,SHOTS_TOTAL UNDER.18.5,SHOTS_TOTAL UNDER.18.5,SHOTS_TOTAL:UNDER_18_5,23.2%,0.232500,,,,,,,Sin cuota/EV,No encontrado en Betano,Baja,contexto premium mixto,usa mezcla de promedios del torneo y recientes/API-Football,el volumen ofensivo puede variar por planteamiento y marcador temprano,
2026-08-25,13:45,Stoke City vs Hull City,10Bet,,Local corners +5.5,CORNERS_HOME OVER.5.5,CORNERS_HOME:OVER_5_5,21.5%,0.214900,1.95,-0.58,-0.581000,,,,EV negativo,No encontrado en Betano,Baja,contexto premium mixto,usa mezcla de promedios del torneo y recientes/API-Football,el volumen ofensivo puede variar por planteamiento y marcador temprano,
2026-08-25,13:45,Stoke City vs Hull City,,,SHOTS_ON_TARGET_TOTAL OVER.9.5,SHOTS_ON_TARGET_TOTAL OVER.9.5,SHOTS_ON_TARGET_TOTAL:OVER_9_5,19.6%,0.195700,,,,,,,Sin cuota/EV,No encontrado en Betano,Baja,contexto premium mixto,usa mezcla de promedios del torneo y recientes/API-Football,el volumen ofensivo puede variar por planteamiento y marcador temprano,
2026-08-25,13:45,Stoke City vs Hull City,10Bet,,Gana local,1X2 HOME,1X2:HOME,19.2%,0.192500,4.33,-0.17,-0.166500,,,,EV negativo,No encontrado en Betano,Baja,fallback ultimos partidos,usa Poisson fallback con ultimos partidos multi-competicion,riesgo propio del resultado final y variacion del modelo,
2026-08-25,13:45,Stoke City vs Hull City,,,Tarjetas total +5.5,CARDS_TOTALS OVER.5.5,CARDS_TOTALS:OVER_5_5,17.7%,0.177100,,,,,,,Sin cuota/EV,No encontrado en Betano,Baja,contexto premium mixto,usa mezcla de promedios del torneo y recientes/API-Football,depende mucho del arbitro y del contexto competitivo,
2026-08-25,13:45,Stoke City vs Hull City,,,Visita tarjetas -0.5,CARDS_AWAY UNDER.0.5,CARDS_AWAY:UNDER_0_5,17.4%,0.173800,,,,,,,Sin cuota/EV,No encontrado en Betano,Baja,contexto premium mixto,usa mezcla de promedios del torneo y recientes/API-Football,depende mucho del arbitro y del contexto competitivo,
2026-08-25,13:45,Stoke City vs Hull City,,,Visita goles +2.5,TEAM_TOTAL_AWAY OVER.2.5,TEAM_TOTAL_AWAY:OVER_2_5,16.9%,0.169200,,,,,,,Sin cuota/EV,No encontrado en Betano,Baja,fallback ultimos partidos,usa Poisson fallback con ultimos partidos multi-competicion,un gol temprano o baja eficacia puede cambiar la lectura del mercado,
2026-08-25,13:45,Stoke City vs Hull City,10Bet,,Goles +3.5,TOTALS OVER.3.5,TOTALS:OVER_3_5,16.8%,0.168400,3.60,-0.39,-0.393700,,,,EV negativo,No encontrado en Betano,Baja,fallback ultimos partidos,usa Poisson fallback con ultimos partidos multi-competicion,un gol temprano o baja eficacia puede cambiar la lectura del mercado,
2026-08-25,13:45,Stoke City vs Hull City,,,SHOTS_TOTAL OVER.26.5,SHOTS_TOTAL OVER.26.5,SHOTS_TOTAL:OVER_26_5,16.8%,0.167600,,,,,,,Sin cuota/EV,No encontrado en Betano,Baja,contexto premium mixto,usa mezcla de promedios del torneo y recientes/API-Football,el volumen ofensivo puede variar por planteamiento y marcador temprano,
2026-08-25,13:45,Stoke City vs Hull City,,,Local goles +1.5,TEAM_TOTAL_HOME OVER.1.5,TEAM_TOTAL_HOME:OVER_1_5,16.5%,0.164900,,,,,,,Sin cuota/EV,No encontrado en Betano,Baja,fallback ultimos partidos,usa Poisson fallback con ultimos partidos multi-competicion,un gol temprano o baja eficacia puede cambiar la lectura del mercado,
2026-08-25,13:45,Stoke City vs Hull City,10Bet,,1T +0.5,FIRST_HALF_TOTALS OVER.0.5,FIRST_HALF_TOTALS:OVER_0_5,15.3%,0.153400,2.05,-0.69,-0.685600,,,,EV negativo,No encontrado en Betano,Baja,contexto premium mixto,usa mezcla de promedios del torneo y recientes/API-Football,el primer tiempo puede tener ritmo bajo o rotaciones,
2026-08-25,13:45,Stoke City vs Hull City,10Bet,,Corners total +9.5,CORNERS_TOTALS OVER.9.5,CORNERS_TOTALS:OVER_9_5,14.5%,0.145100,1.70,-0.75,-0.753400,,,,EV negativo,No encontrado en Betano,Baja,contexto premium mixto,usa mezcla de promedios del torneo y recientes/API-Football,el volumen ofensivo puede variar por planteamiento y marcador temprano,
2026-08-25,13:45,Stoke City vs Hull City,10Bet,,Visita corners +4.5,CORNERS_AWAY OVER.4.5,CORNERS_AWAY:OVER_4_5,14.5%,0.144600,1.77,-0.74,-0.744000,,,,EV negativo,No encontrado en Betano,Baja,contexto premium mixto,usa mezcla de promedios del torneo y recientes/API-Football,el volumen ofensivo puede variar por planteamiento y marcador temprano,
2026-08-25,13:45,Stoke City vs Hull City,,,Local tarjetas +3.5,CARDS_HOME OVER.3.5,CARDS_HOME:OVER_3_5,14.3%,0.142900,,,,,,,Sin cuota/EV,No encontrado en Betano,Baja,contexto premium mixto,usa mezcla de promedios del torneo y recientes/API-Football,depende mucho del arbitro y del contexto competitivo,
2026-08-25,13:45,Stoke City vs Hull City,,,Local tarjetas -0.5,CARDS_HOME UNDER.0.5,CARDS_HOME:UNDER_0_5,13.5%,0.135300,,,,,,,Sin cuota/EV,No encontrado en Betano,Baja,contexto premium mixto,usa mezcla de promedios del torneo y recientes/API-Football,depende mucho del arbitro y del contexto competitivo,
2026-08-25,13:45,Stoke City vs Hull City,,,Local corners +6.5,CORNERS_HOME OVER.6.5,CORNERS_HOME:OVER_6_5,11.1%,0.110700,,,,,,,Sin cuota/EV,No encontrado en Betano,Baja,contexto premium mixto,usa mezcla de promedios del torneo y recientes/API-Football,el volumen ofensivo puede variar por planteamiento y marcador temprano,
2026-08-25,13:45,Stoke City vs Hull City,,,Visita tarjetas +3.5,CARDS_AWAY OVER.3.5,CARDS_AWAY:OVER_3_5,10.1%,0.100800,,,,,,,Sin cuota/EV,No encontrado en Betano,Baja,contexto premium mixto,usa mezcla de promedios del torneo y recientes/API-Football,depende mucho del arbitro y del contexto competitivo,
2026-08-25,13:45,Stoke City vs Hull City,,,Tarjetas total +6.5,CARDS_TOTALS OVER.6.5,CARDS_TOTALS:OVER_6_5,8.6%,0.086300,,,,,,,Sin cuota/EV,No encontrado en Betano,Baja,contexto premium mixto,usa mezcla de promedios del torneo y recientes/API-Football,depende mucho del arbitro y del contexto competitivo,
2026-08-25,13:45,Stoke City vs Hull City,,,Corners total +10.5,CORNERS_TOTALS OVER.10.5,CORNERS_TOTALS:OVER_10_5,8.2%,0.081700,,,,,,,Sin cuota/EV,No encontrado en Betano,Baja,contexto premium mixto,usa mezcla de promedios del torneo y recientes/API-Football,el volumen ofensivo puede variar por planteamiento y marcador temprano,
2026-08-25,13:45,Stoke City vs Hull City,,,Visita corners +5.5,CORNERS_AWAY OVER.5.5,CORNERS_AWAY:OVER_5_5,6.1%,0.060800,,,,,,,Sin cuota/EV,No encontrado en Betano,Baja,contexto premium mixto,usa mezcla de promedios del torneo y recientes/API-Football,el volumen ofensivo puede variar por planteamiento y marcador temprano,
2026-08-25,13:45,Stoke City vs Hull City,,,Corners total +11.5,CORNERS_TOTALS OVER.11.5,CORNERS_TOTALS:OVER_11_5,4.3%,0.042900,,,,,,,Sin cuota/EV,No encontrado en Betano,Baja,contexto premium mixto,usa mezcla de promedios del torneo y recientes/API-Football,el volumen ofensivo puede variar por planteamiento y marcador temprano,
2026-08-25,13:45,Stoke City vs Hull City,,,Local goles +2.5,TEAM_TOTAL_HOME OVER.2.5,TEAM_TOTAL_HOME:OVER_2_5,3.7%,0.037400,,,,,,,Sin cuota/EV,No encontrado en Betano,Baja,fallback ultimos partidos,usa Poisson fallback con ultimos partidos multi-competicion,un gol temprano o baja eficacia puede cambiar la lectura del mercado,
2026-08-25,13:45,Stoke City vs Hull City,,,Visita corners +6.5,CORNERS_AWAY OVER.6.5,CORNERS_AWAY:OVER_6_5,2.2%,0.022400,,,,,,,Sin cuota/EV,No encontrado en Betano,Baja,contexto premium mixto,usa mezcla de promedios del torneo y recientes/API-Football,el volumen ofensivo puede variar por planteamiento y marcador temprano,
2026-08-25,13:45,Stoke City vs Hull City,10Bet,,1T +1.5,FIRST_HALF_TOTALS OVER.1.5,FIRST_HALF_TOTALS:OVER_1_5,1.2%,0.012400,6.50,-0.92,-0.919300,,,,EV negativo,No encontrado en Betano,Baja,contexto premium mixto,usa mezcla de promedios del torneo y recientes/API-Football,el primer tiempo puede tener ritmo bajo o rotaciones,
2026-08-25,13:45,Walsall vs Leyton Orient,,,Visita corners +3.5,CORNERS_AWAY OVER.3.5,CORNERS_AWAY:OVER_3_5,99.0%,0.989700,,,,,,,Sin cuota/EV,No encontrado en Betano,Alta,contexto premium torneo actual,usa promedios del contexto premium/API-Football,el volumen ofensivo puede variar por planteamiento y marcador temprano,
2026-08-25,13:45,Walsall vs Leyton Orient,,,SHOTS_TOTAL OVER.18.5,SHOTS_TOTAL OVER.18.5,SHOTS_TOTAL:OVER_18_5,98.4%,0.983900,,,,,,,Sin cuota/EV,No encontrado en Betano,Alta,contexto premium torneo actual,usa promedios del contexto premium/API-Football,el volumen ofensivo puede variar por planteamiento y marcador temprano,
2026-08-25,13:45,Walsall vs Leyton Orient,,,Local goles -2.5,TEAM_TOTAL_HOME UNDER.2.5,TEAM_TOTAL_HOME:UNDER_2_5,98.2%,0.982400,,,,,,,Sin cuota/EV,No encontrado en Betano,Alta,torneo actual,usa Poisson base con estadisticas de goles del torneo,un gol temprano o baja eficacia puede cambiar la lectura del mercado,
2026-08-25,13:45,Walsall vs Leyton Orient,,,Visita tarjetas -3.5,CARDS_AWAY UNDER.3.5,CARDS_AWAY:UNDER_3_5,98.1%,0.981000,,,,,,,Sin cuota/EV,No encontrado en Betano,Alta,contexto premium torneo actual,usa promedios del contexto premium/API-Football,depende mucho del arbitro y del contexto competitivo,
2026-08-25,13:45,Walsall vs Leyton Orient,10Bet,,Visita corners +4.5,CORNERS_AWAY OVER.4.5,CORNERS_AWAY:OVER_4_5,97.1%,0.970700,1.65,0.60,0.601700,,,,EV positivo,No encontrado en Betano,Alta,contexto premium torneo actual,usa promedios del contexto premium/API-Football,el volumen ofensivo puede variar por planteamiento y marcador temprano,
2026-08-25,13:45,Walsall vs Leyton Orient,,,Local corners -6.5,CORNERS_HOME UNDER.6.5,CORNERS_HOME:UNDER_6_5,96.7%,0.966500,,,,,,,Sin cuota/EV,No encontrado en Betano,Alta,contexto premium torneo actual,usa promedios del contexto premium/API-Football,el volumen ofensivo puede variar por planteamiento y marcador temprano,
2026-08-25,13:45,Walsall vs Leyton Orient,,,SHOTS_TOTAL OVER.20.5,SHOTS_TOTAL OVER.20.5,SHOTS_TOTAL:OVER_20_5,95.7%,0.957400,,,,,,,Sin cuota/EV,No encontrado en Betano,Alta,contexto premium torneo actual,usa promedios del contexto premium/API-Football,el volumen ofensivo puede variar por planteamiento y marcador temprano,
2026-08-25,13:45,Walsall vs Leyton Orient,,,Local tarjetas +0.5,CARDS_HOME OVER.0.5,CARDS_HOME:OVER_0_5,95.0%,0.950200,,,,,,,Sin cuota/EV,No encontrado en Betano,Alta,contexto premium torneo actual,usa promedios del contexto premium/API-Football,depende mucho del arbitro y del contexto competitivo,
2026-08-25,13:45,Walsall vs Leyton Orient,,,Corners total +7.5,CORNERS_TOTALS OVER.7.5,CORNERS_TOTALS:OVER_7_5,94.6%,0.946000,,,,,,,Sin cuota/EV,No encontrado en Betano,Alta,contexto premium torneo actual,usa promedios del contexto premium/API-Football,el volumen ofensivo puede variar por planteamiento y marcador temprano,
2026-08-25,13:45,Walsall vs Leyton Orient,,,Visita corners +5.5,CORNERS_AWAY OVER.5.5,CORNERS_AWAY:OVER_5_5,93.3%,0.932900,,,,,,,Sin cuota/EV,No encontrado en Betano,Alta,contexto premium torneo actual,usa promedios del contexto premium/API-Football,el volumen ofensivo puede variar por planteamiento y marcador temprano,
2026-08-25,13:45,Walsall vs Leyton Orient,10Bet,,Goles -3.5,TOTALS UNDER.3.5,TOTALS:UNDER_3_5,92.9%,0.929200,1.38,0.28,0.282300,,,,EV positivo,No encontrado en Betano,Alta,torneo actual,usa Poisson base con estadisticas de goles del torneo,un gol temprano o baja eficacia puede cambiar la lectura del mercado,
2026-08-25,13:45,Walsall vs Leyton Orient,,,Visita goles -2.5,TEAM_TOTAL_AWAY UNDER.2.5,TEAM_TOTAL_AWAY:UNDER_2_5,92.0%,0.919700,,,,,,,Sin cuota/EV,No encontrado en Betano,Alta,torneo actual,usa Poisson base con estadisticas de goles del torneo,un gol temprano o baja eficacia puede cambiar la lectura del mercado,
2026-08-25,13:45,Walsall vs Leyton Orient,,,Visita tarjetas -2.5,CARDS_AWAY UNDER.2.5,CARDS_AWAY:UNDER_2_5,92.0%,0.919700,,,,,,,Sin cuota/EV,No encontrado en Betano,Alta,contexto premium torneo actual,usa promedios del contexto premium/API-Football,depende mucho del arbitro y del contexto competitivo,
2026-08-25,13:45,Walsall vs Leyton Orient,,,Local corners -5.5,CORNERS_HOME UNDER.5.5,CORNERS_HOME:UNDER_5_5,91.6%,0.916100,,,,,,,Sin cuota/EV,No encontrado en Betano,Alta,contexto premium torneo actual,usa promedios del contexto premium/API-Football,el volumen ofensivo puede variar por planteamiento y marcador temprano,
2026-08-25,13:45,Walsall vs Leyton Orient,,,SHOTS_TOTAL OVER.22.5,SHOTS_TOTAL OVER.22.5,SHOTS_TOTAL:OVER_22_5,90.5%,0.905500,,,,,,,Sin cuota/EV,No encontrado en Betano,Alta,contexto premium torneo actual,usa promedios del contexto premium/API-Football,el volumen ofensivo puede variar por planteamiento y marcador temprano,
2026-08-25,13:45,Walsall vs Leyton Orient,,,Corners total +8.5,CORNERS_TOTALS OVER.8.5,CORNERS_TOTALS:OVER_8_5,90.0%,0.900200,,,,,,,Sin cuota/EV,No encontrado en Betano,Alta,contexto premium torneo actual,usa promedios del contexto premium/API-Football,el volumen ofensivo puede variar por planteamiento y marcador temprano,
2026-08-25,13:45,Walsall vs Leyton Orient,,,Local goles -1.5,TEAM_TOTAL_HOME UNDER.1.5,TEAM_TOTAL_HOME:UNDER_1_5,89.7%,0.897400,,,,,,,Sin cuota/EV,No encontrado en Betano,Alta,torneo actual,usa Poisson base con estadisticas de goles del torneo,un gol temprano o baja eficacia puede cambiar la lectura del mercado,
2026-08-25,13:45,Walsall vs Leyton Orient,,,Tarjetas total -6.5,CARDS_TOTALS UNDER.6.5,CARDS_TOTALS:UNDER_6_5,88.9%,0.889300,,,,,,,Sin cuota/EV,No encontrado en Betano,Alta,contexto premium torneo actual,usa promedios del contexto premium/API-Football,depende mucho del arbitro y del contexto competitivo,
2026-08-25,13:45,Walsall vs Leyton Orient,,,Visita corners +6.5,CORNERS_AWAY OVER.6.5,CORNERS_AWAY:OVER_6_5,87.0%,0.869900,,,,,,,Sin cuota/EV,No encontrado en Betano,Alta,contexto premium torneo actual,usa promedios del contexto premium/API-Football,el volumen ofensivo puede variar por planteamiento y marcador temprano,
2026-08-25,13:45,Walsall vs Leyton Orient,,,SHOTS_ON_TARGET_TOTAL OVER.6.5,SHOTS_ON_TARGET_TOTAL OVER.6.5,SHOTS_ON_TARGET_TOTAL:OVER_6_5,83.5%,0.835100,,,,,,,Sin cuota/EV,No encontrado en Betano,Alta,contexto premium torneo actual,usa promedios del contexto premium/API-Football,el volumen ofensivo puede variar por planteamiento y marcador temprano,
2026-08-25,13:45,Walsall vs Leyton Orient,10Bet,,Corners total +9.5,CORNERS_TOTALS OVER.9.5,CORNERS_TOTALS:OVER_9_5,83.4%,0.834200,1.80,0.50,0.501500,,,,EV positivo,No encontrado en Betano,Alta,contexto premium torneo actual,usa promedios del contexto premium/API-Football,el volumen ofensivo puede variar por planteamiento y marcador temprano,
2026-08-25,13:45,Walsall vs Leyton Orient,,,SHOTS_TOTAL OVER.24.5,SHOTS_TOTAL OVER.24.5,SHOTS_TOTAL:OVER_24_5,82.0%,0.820400,,,,,,,Sin cuota/EV,No encontrado en Betano,Alta,contexto premium torneo actual,usa promedios del contexto premium/API-Football,el volumen ofensivo puede variar por planteamiento y marcador temprano,
2026-08-25,13:45,Walsall vs Leyton Orient,10Bet,,Local corners -4.5,CORNERS_HOME UNDER.4.5,CORNERS_HOME:UNDER_4_5,81.5%,0.815300,1.83,0.49,0.491900,,,,EV positivo,No encontrado en Betano,Alta,contexto premium torneo actual,usa promedios del contexto premium/API-Football,el volumen ofensivo puede variar por planteamiento y marcador temprano,
2026-08-25,13:45,Walsall vs Leyton Orient,,,DOUBLE_CHANCE X2,DOUBLE_CHANCE X2,DOUBLE_CHANCE:X2,80.5%,0.805400,,,,,,,Sin cuota/EV,No encontrado en Betano,Alta,torneo actual,usa Poisson base con estadisticas de goles del torneo,riesgo propio del resultado final y variacion del modelo,
2026-08-25,13:45,Walsall vs Leyton Orient,,,Local tarjetas +1.5,CARDS_HOME OVER.1.5,CARDS_HOME:OVER_1_5,80.1%,0.800900,,,,,,,Sin cuota/EV,No encontrado en Betano,Alta,contexto premium torneo actual,usa promedios del contexto premium/API-Football,depende mucho del arbitro y del contexto competitivo,
2026-08-25,13:45,Walsall vs Leyton Orient,10Bet,,Goles -2.5,TOTALS UNDER.2.5,TOTALS:UNDER_2_5,79.9%,0.798700,1.20,-0.04,-0.041500,,,,EV negativo,No encontrado en Betano,Alta,torneo actual,usa Poisson base con estadisticas de goles del torneo,un gol temprano o baja eficacia puede cambiar la lectura del mercado,
2026-08-25,13:45,Walsall vs Leyton Orient,,,Tarjetas total -5.5,CARDS_TOTALS UNDER.5.5,CARDS_TOTALS:UNDER_5_5,78.5%,0.785100,,,,,,,Sin cuota/EV,No encontrado en Betano,Alta,contexto premium torneo actual,usa promedios del contexto premium/API-Football,depende mucho del arbitro y del contexto competitivo,
2026-08-25,13:45,Walsall vs Leyton Orient,,,Tarjetas total +2.5,CARDS_TOTALS OVER.2.5,CARDS_TOTALS:OVER_2_5,76.2%,0.761900,,,,,,,Sin cuota/EV,No encontrado en Betano,Alta,contexto premium torneo actual,usa promedios del contexto premium/API-Football,depende mucho del arbitro y del contexto competitivo,
2026-08-25,13:45,Walsall vs Leyton Orient,,,Corners total +10.5,CORNERS_TOTALS OVER.10.5,CORNERS_TOTALS:OVER_10_5,74.8%,0.748300,,,,,,,Sin cuota/EV,No encontrado en Betano,Alta,contexto premium torneo actual,usa promedios del contexto premium/API-Football,el volumen ofensivo puede variar por planteamiento y marcador temprano,
2026-08-25,13:45,Walsall vs Leyton Orient,10Bet,,BTTS no,BTTS NO,BTTS:NO,73.6%,0.736200,1.22,-0.10,-0.101800,,,,EV negativo,No encontrado en Betano,Alta,torneo actual,usa Poisson base con estadisticas de goles del torneo,un gol temprano o baja eficacia puede cambiar la lectura del mercado,
2026-08-25,13:45,Walsall vs Leyton Orient,,,Visita goles -1.5,TEAM_TOTAL_AWAY UNDER.1.5,TEAM_TOTAL_AWAY:UNDER_1_5,73.6%,0.735800,,,,,,,Sin cuota/EV,No encontrado en Betano,Alta,torneo actual,usa Poisson base con estadisticas de goles del torneo,un gol temprano o baja eficacia puede cambiar la lectura del mercado,
2026-08-25,13:45,Walsall vs Leyton Orient,,,Visita tarjetas -1.5,CARDS_AWAY UNDER.1.5,CARDS_AWAY:UNDER_1_5,73.6%,0.735800,,,,,,,Sin cuota/EV,No encontrado en Betano,Alta,contexto premium torneo actual,usa promedios del contexto premium/API-Football,depende mucho del arbitro y del contexto competitivo,
2026-08-25,13:45,Walsall vs Leyton Orient,,,SHOTS_ON_TARGET_TOTAL OVER.7.5,SHOTS_ON_TARGET_TOTAL OVER.7.5,SHOTS_ON_TARGET_TOTAL:OVER_7_5,73.1%,0.731300,,,,,,,Sin cuota/EV,No encontrado en Betano,Alta,contexto premium torneo actual,usa promedios del contexto premium/API-Football,el volumen ofensivo puede variar por planteamiento y marcador temprano,
2026-08-25,13:45,Walsall vs Leyton Orient,,,SHOTS_TOTAL OVER.26.5,SHOTS_TOTAL OVER.26.5,SHOTS_TOTAL:OVER_26_5,70.2%,0.702200,,,,,,,Sin cuota/EV,No encontrado en Betano,Alta,contexto premium torneo actual,usa promedios del contexto premium/API-Football,el volumen ofensivo puede variar por planteamiento y marcador temprano,
2026-08-25,13:45,Walsall vs Leyton Orient,10Bet,,DNB visita,DRAW_NO_BET AWAY,DRAW_NO_BET:AWAY,70.2%,0.702100,1.62,0.14,0.137400,,,,EV positivo,No encontrado en Betano,Alta,torneo actual,usa Poisson base con estadisticas de goles del torneo,riesgo propio del resultado final y variacion del modelo,
2026-08-25,13:45,Walsall vs Leyton Orient,,,DOUBLE_CHANCE 12,DOUBLE_CHANCE 12,DOUBLE_CHANCE:12,65.3%,0.653300,,,,,,,Sin cuota/EV,No encontrado en Betano,Media,torneo actual,usa Poisson base con estadisticas de goles del torneo,riesgo propio del resultado final y variacion del modelo,
2026-08-25,13:45,Walsall vs Leyton Orient,,,Local corners -3.5,CORNERS_HOME UNDER.3.5,CORNERS_HOME:UNDER_3_5,64.7%,0.647200,,,,,,,Sin cuota/EV,No encontrado en Betano,Media,contexto premium torneo actual,usa promedios del contexto premium/API-Football,el volumen ofensivo puede variar por planteamiento y marcador temprano,
2026-08-25,13:45,Walsall vs Leyton Orient,,,Local tarjetas -3.5,CARDS_HOME UNDER.3.5,CARDS_HOME:UNDER_3_5,64.7%,0.647200,,,,,,,Sin cuota/EV,No encontrado en Betano,Media,contexto premium torneo actual,usa promedios del contexto premium/API-Football,depende mucho del arbitro y del contexto competitivo,
2026-08-25,13:45,Walsall vs Leyton Orient,,,Corners total +11.5,CORNERS_TOTALS OVER.11.5,CORNERS_TOTALS:OVER_11_5,64.7%,0.646800,,,,,,,Sin cuota/EV,No encontrado en Betano,Media,contexto premium torneo actual,usa promedios del contexto premium/API-Football,el volumen ofensivo puede variar por planteamiento y marcador temprano,
2026-08-25,13:45,Walsall vs Leyton Orient,,,Visita tarjetas +0.5,CARDS_AWAY OVER.0.5,CARDS_AWAY:OVER_0_5,63.2%,0.632100,,,,,,,Sin cuota/EV,No encontrado en Betano,Media,contexto premium torneo actual,usa promedios del contexto premium/API-Football,depende mucho del arbitro y del contexto competitivo,
2026-08-25,13:45,Walsall vs Leyton Orient,,,Visita goles +0.5,TEAM_TOTAL_AWAY OVER.0.5,TEAM_TOTAL_AWAY:OVER_0_5,63.2%,0.632100,,,,,,,Sin cuota/EV,No encontrado en Betano,Media,torneo actual,usa Poisson base con estadisticas de goles del torneo,un gol temprano o baja eficacia puede cambiar la lectura del mercado,
2026-08-25,13:45,Walsall vs Leyton Orient,,,Tarjetas total -4.5,CARDS_TOTALS UNDER.4.5,CARDS_TOTALS:UNDER_4_5,62.9%,0.628800,,,,,,,Sin cuota/EV,No encontrado en Betano,Media,contexto premium torneo actual,usa promedios del contexto premium/API-Football,depende mucho del arbitro y del contexto competitivo,
2026-08-25,13:45,Walsall vs Leyton Orient,,,SHOTS_ON_TARGET_TOTAL OVER.8.5,SHOTS_ON_TARGET_TOTAL OVER.8.5,SHOTS_ON_TARGET_TOTAL:OVER_8_5,60.8%,0.608200,,,,,,,Sin cuota/EV,No encontrado en Betano,Media,contexto premium torneo actual,usa promedios del contexto premium/API-Football,el volumen ofensivo puede variar por planteamiento y marcador temprano,
2026-08-25,13:45,Walsall vs Leyton Orient,,,Local goles -0.5,TEAM_TOTAL_HOME UNDER.0.5,TEAM_TOTAL_HOME:UNDER_0_5,58.3%,0.582700,,,,,,,Sin cuota/EV,No encontrado en Betano,Media,torneo actual,usa Poisson base con estadisticas de goles del torneo,un gol temprano o baja eficacia puede cambiar la lectura del mercado,
2026-08-25,13:45,Walsall vs Leyton Orient,,,Local tarjetas +2.5,CARDS_HOME OVER.2.5,CARDS_HOME:OVER_2_5,57.7%,0.576800,,,,,,,Sin cuota/EV,No encontrado en Betano,Media,contexto premium torneo actual,usa promedios del contexto premium/API-Football,depende mucho del arbitro y del contexto competitivo,
2026-08-25,13:45,Walsall vs Leyton Orient,,,Tarjetas total +3.5,CARDS_TOTALS OVER.3.5,CARDS_TOTALS:OVER_3_5,56.6%,0.566500,,,,,,,Sin cuota/EV,No encontrado en Betano,Media,contexto premium torneo actual,usa promedios del contexto premium/API-Football,depende mucho del arbitro y del contexto competitivo,
2026-08-25,13:45,Walsall vs Leyton Orient,10Bet,,Goles -1.5,TOTALS UNDER.1.5,TOTALS:UNDER_1_5,54.4%,0.544500,1.73,-0.06,-0.058000,,,,EV negativo,No encontrado en Betano,Baja,torneo actual,usa Poisson base con estadisticas de goles del torneo,un gol temprano o baja eficacia puede cambiar la lectura del mercado,
2026-08-25,13:45,Walsall vs Leyton Orient,,,DOUBLE_CHANCE 1X,DOUBLE_CHANCE 1X,DOUBLE_CHANCE:1X,54.1%,0.541400,,,,,,,Sin cuota/EV,No encontrado en Betano,Baja,torneo actual,usa Poisson base con estadisticas de goles del torneo,riesgo propio del resultado final y variacion del modelo,
2026-08-25,13:45,Walsall vs Leyton Orient,,,SHOTS_ON_TARGET_TOTAL UNDER.9.5,SHOTS_ON_TARGET_TOTAL UNDER.9.5,SHOTS_ON_TARGET_TOTAL:UNDER_9_5,52.2%,0.521800,,,,,,,Sin cuota/EV,No encontrado en Betano,Baja,contexto premium torneo actual,usa promedios del contexto premium/API-Football,el volumen ofensivo puede variar por planteamiento y marcador temprano,
2026-08-25,13:45,Walsall vs Leyton Orient,,,SHOTS_ON_TARGET_TOTAL OVER.9.5,SHOTS_ON_TARGET_TOTAL OVER.9.5,SHOTS_ON_TARGET_TOTAL:OVER_9_5,47.8%,0.478200,,,,,,,Sin cuota/EV,No encontrado en Betano,Baja,contexto premium torneo actual,usa promedios del contexto premium/API-Football,el volumen ofensivo puede variar por planteamiento y marcador temprano,
2026-08-25,13:45,Walsall vs Leyton Orient,10Bet,,Gana visita,1X2 AWAY,1X2:AWAY,45.9%,0.458600,3.45,0.58,0.582300,,,,EV positivo,No encontrado en Betano,Baja,torneo actual,usa Poisson base con estadisticas de goles del torneo,riesgo propio del resultado final y variacion del modelo,
2026-08-25,13:45,Walsall vs Leyton Orient,10Bet,,Goles +1.5,TOTALS OVER.1.5,TOTALS:OVER_1_5,45.6%,0.455500,2.00,-0.09,-0.089100,,,,EV negativo,No encontrado en Betano,Baja,torneo actual,usa Poisson base con estadisticas de goles del torneo,un gol temprano o baja eficacia puede cambiar la lectura del mercado,
2026-08-25,13:45,Walsall vs Leyton Orient,,,Tarjetas total -3.5,CARDS_TOTALS UNDER.3.5,CARDS_TOTALS:UNDER_3_5,43.4%,0.433500,,,,,,,Sin cuota/EV,No encontrado en Betano,Baja,contexto premium torneo actual,usa promedios del contexto premium/API-Football,depende mucho del arbitro y del contexto competitivo,
2026-08-25,13:45,Walsall vs Leyton Orient,,,Local tarjetas -2.5,CARDS_HOME UNDER.2.5,CARDS_HOME:UNDER_2_5,42.3%,0.423200,,,,,,,Sin cuota/EV,No encontrado en Betano,Baja,contexto premium torneo actual,usa promedios del contexto premium/API-Football,depende mucho del arbitro y del contexto competitivo,
2026-08-25,13:45,Walsall vs Leyton Orient,,,Local goles +0.5,TEAM_TOTAL_HOME OVER.0.5,TEAM_TOTAL_HOME:OVER_0_5,41.7%,0.417300,,,,,,,Sin cuota/EV,No encontrado en Betano,Baja,torneo actual,usa Poisson base con estadisticas de goles del torneo,un gol temprano o baja eficacia puede cambiar la lectura del mercado,
2026-08-25,13:45,Walsall vs Leyton Orient,,,SHOTS_ON_TARGET_TOTAL UNDER.8.5,SHOTS_ON_TARGET_TOTAL UNDER.8.5,SHOTS_ON_TARGET_TOTAL:UNDER_8_5,39.2%,0.391800,,,,,,,Sin cuota/EV,No encontrado en Betano,Baja,contexto premium torneo actual,usa promedios del contexto premium/API-Football,el volumen ofensivo puede variar por planteamiento y marcador temprano,
2026-08-25,13:45,Walsall vs Leyton Orient,,,Tarjetas total +4.5,CARDS_TOTALS OVER.4.5,CARDS_TOTALS:OVER_4_5,37.1%,0.371200,,,,,,,Sin cuota/EV,No encontrado en Betano,Baja,contexto premium torneo actual,usa promedios del contexto premium/API-Football,depende mucho del arbitro y del contexto competitivo,
2026-08-25,13:45,Walsall vs Leyton Orient,,,Visita goles -0.5,TEAM_TOTAL_AWAY UNDER.0.5,TEAM_TOTAL_AWAY:UNDER_0_5,36.8%,0.367900,,,,,,,Sin cuota/EV,No encontrado en Betano,Baja,torneo actual,usa Poisson base con estadisticas de goles del torneo,un gol temprano o baja eficacia puede cambiar la lectura del mercado,
2026-08-25,13:45,Walsall vs Leyton Orient,,,Visita tarjetas -0.5,CARDS_AWAY UNDER.0.5,CARDS_AWAY:UNDER_0_5,36.8%,0.367900,,,,,,,Sin cuota/EV,No encontrado en Betano,Baja,contexto premium torneo actual,usa promedios del contexto premium/API-Football,depende mucho del arbitro y del contexto competitivo,
2026-08-25,13:45,Walsall vs Leyton Orient,,,Corners total -11.5,CORNERS_TOTALS UNDER.11.5,CORNERS_TOTALS:UNDER_11_5,35.3%,0.353200,,,,,,,Sin cuota/EV,No encontrado en Betano,Baja,contexto premium torneo actual,usa promedios del contexto premium/API-Football,el volumen ofensivo puede variar por planteamiento y marcador temprano,
2026-08-25,13:45,Walsall vs Leyton Orient,,,Local corners +3.5,CORNERS_HOME OVER.3.5,CORNERS_HOME:OVER_3_5,35.3%,0.352800,,,,,,,Sin cuota/EV,No encontrado en Betano,Baja,contexto premium torneo actual,usa promedios del contexto premium/API-Football,el volumen ofensivo puede variar por planteamiento y marcador temprano,
2026-08-25,13:45,Walsall vs Leyton Orient,,,Local tarjetas +3.5,CARDS_HOME OVER.3.5,CARDS_HOME:OVER_3_5,35.3%,0.352800,,,,,,,Sin cuota/EV,No encontrado en Betano,Baja,contexto premium torneo actual,usa promedios del contexto premium/API-Football,depende mucho del arbitro y del contexto competitivo,
2026-08-25,13:45,Walsall vs Leyton Orient,10Bet,,Empate,1X2 DRAW,1X2:DRAW,34.7%,0.346700,1.77,-0.39,-0.386300,,,,EV negativo,No encontrado en Betano,Baja,torneo actual,usa Poisson base con estadisticas de goles del torneo,riesgo propio del resultado final y variacion del modelo,
2026-08-25,13:45,Walsall vs Leyton Orient,10Bet,,DNB local,DRAW_NO_BET HOME,DRAW_NO_BET:HOME,29.8%,0.297900,2.15,-0.36,-0.359500,,,,EV negativo,No encontrado en Betano,Baja,torneo actual,usa Poisson base con estadisticas de goles del torneo,riesgo propio del resultado final y variacion del modelo,
2026-08-25,13:45,Walsall vs Leyton Orient,,,SHOTS_TOTAL UNDER.26.5,SHOTS_TOTAL UNDER.26.5,SHOTS_TOTAL:UNDER_26_5,29.8%,0.297800,,,,,,,Sin cuota/EV,No encontrado en Betano,Baja,contexto premium torneo actual,usa promedios del contexto premium/API-Football,el volumen ofensivo puede variar por planteamiento y marcador temprano,
2026-08-25,13:45,Walsall vs Leyton Orient,,,SHOTS_ON_TARGET_TOTAL UNDER.7.5,SHOTS_ON_TARGET_TOTAL UNDER.7.5,SHOTS_ON_TARGET_TOTAL:UNDER_7_5,26.9%,0.268700,,,,,,,Sin cuota/EV,No encontrado en Betano,Baja,contexto premium torneo actual,usa promedios del contexto premium/API-Football,el volumen ofensivo puede variar por planteamiento y marcador temprano,
2026-08-25,13:45,Walsall vs Leyton Orient,,,Visita tarjetas +1.5,CARDS_AWAY OVER.1.5,CARDS_AWAY:OVER_1_5,26.4%,0.264200,,,,,,,Sin cuota/EV,No encontrado en Betano,Baja,contexto premium torneo actual,usa promedios del contexto premium/API-Football,depende mucho del arbitro y del contexto competitivo,
2026-08-25,13:45,Walsall vs Leyton Orient,,,Visita goles +1.5,TEAM_TOTAL_AWAY OVER.1.5,TEAM_TOTAL_AWAY:OVER_1_5,26.4%,0.264200,,,,,,,Sin cuota/EV,No encontrado en Betano,Baja,torneo actual,usa Poisson base con estadisticas de goles del torneo,un gol temprano o baja eficacia puede cambiar la lectura del mercado,
2026-08-25,13:45,Walsall vs Leyton Orient,10Bet,,BTTS sí,BTTS YES,BTTS:YES,26.4%,0.263800,3.75,-0.01,-0.010900,,,,EV negativo,No encontrado en Betano,Baja,torneo actual,usa Poisson base con estadisticas de goles del torneo,un gol temprano o baja eficacia puede cambiar la lectura del mercado,
2026-08-25,13:45,Walsall vs Leyton Orient,,,Corners total -10.5,CORNERS_TOTALS UNDER.10.5,CORNERS_TOTALS:UNDER_10_5,25.2%,0.251700,,,,,,,Sin cuota/EV,No encontrado en Betano,Baja,contexto premium torneo actual,usa promedios del contexto premium/API-Football,el volumen ofensivo puede variar por planteamiento y marcador temprano,
2026-08-25,13:45,Walsall vs Leyton Orient,,,Tarjetas total -2.5,CARDS_TOTALS UNDER.2.5,CARDS_TOTALS:UNDER_2_5,23.8%,0.238100,,,,,,,Sin cuota/EV,No encontrado en Betano,Baja,contexto premium torneo actual,usa promedios del contexto premium/API-Football,depende mucho del arbitro y del contexto competitivo,
2026-08-25,13:45,Walsall vs Leyton Orient,,,Tarjetas total +5.5,CARDS_TOTALS OVER.5.5,CARDS_TOTALS:OVER_5_5,21.5%,0.214900,,,,,,,Sin cuota/EV,No encontrado en Betano,Baja,contexto premium torneo actual,usa promedios del contexto premium/API-Football,depende mucho del arbitro y del contexto competitivo,
2026-08-25,13:45,Walsall vs Leyton Orient,10Bet,,Goles +2.5,TOTALS OVER.2.5,TOTALS:OVER_2_5,20.1%,0.201300,4.10,-0.17,-0.174800,,,,EV negativo,No encontrado en Betano,Baja,torneo actual,usa Poisson base con estadisticas de goles del torneo,un gol temprano o baja eficacia puede cambiar la lectura del mercado,
2026-08-25,13:45,Walsall vs Leyton Orient,,,Local tarjetas -1.5,CARDS_HOME UNDER.1.5,CARDS_HOME:UNDER_1_5,19.9%,0.199100,,,,,,,Sin cuota/EV,No encontrado en Betano,Baja,contexto premium torneo actual,usa promedios del contexto premium/API-Football,depende mucho del arbitro y del contexto competitivo,
2026-08-25,13:45,Walsall vs Leyton Orient,10Bet,,Gana local,1X2 HOME,1X2:HOME,19.5%,0.194600,4.50,-0.12,-0.124200,,,,EV negativo,No encontrado en Betano,Baja,torneo actual,usa Poisson base con estadisticas de goles del torneo,riesgo propio del resultado final y variacion del modelo,
2026-08-25,13:45,Walsall vs Leyton Orient,10Bet,,Local corners +4.5,CORNERS_HOME OVER.4.5,CORNERS_HOME:OVER_4_5,18.5%,0.184700,1.75,-0.68,-0.676700,,,,EV negativo,No encontrado en Betano,Baja,contexto premium torneo actual,usa promedios del contexto premium/API-Football,el volumen ofensivo puede variar por planteamiento y marcador temprano,
2026-08-25,13:45,Walsall vs Leyton Orient,,,SHOTS_TOTAL UNDER.24.5,SHOTS_TOTAL UNDER.24.5,SHOTS_TOTAL:UNDER_24_5,18.0%,0.179600,,,,,,,Sin cuota/EV,No encontrado en Betano,Baja,contexto premium torneo actual,usa promedios del contexto premium/API-Football,el volumen ofensivo puede variar por planteamiento y marcador temprano,
2026-08-25,13:45,Walsall vs Leyton Orient,10Bet,,Corners total -9.5,CORNERS_TOTALS UNDER.9.5,CORNERS_TOTALS:UNDER_9_5,16.6%,0.165800,1.91,-0.68,-0.683300,,,,EV negativo,No encontrado en Betano,Baja,contexto premium torneo actual,usa promedios del contexto premium/API-Football,el volumen ofensivo puede variar por planteamiento y marcador temprano,
2026-08-25,13:45,Walsall vs Leyton Orient,,,SHOTS_ON_TARGET_TOTAL UNDER.6.5,SHOTS_ON_TARGET_TOTAL UNDER.6.5,SHOTS_ON_TARGET_TOTAL:UNDER_6_5,16.5%,0.164900,,,,,,,Sin cuota/EV,No encontrado en Betano,Baja,contexto premium torneo actual,usa promedios del contexto premium/API-Football,el volumen ofensivo puede variar por planteamiento y marcador temprano,
2026-08-25,13:45,Walsall vs Leyton Orient,,,Visita corners -6.5,CORNERS_AWAY UNDER.6.5,CORNERS_AWAY:UNDER_6_5,13.0%,0.130100,,,,,,,Sin cuota/EV,No encontrado en Betano,Baja,contexto premium torneo actual,usa promedios del contexto premium/API-Football,el volumen ofensivo puede variar por planteamiento y marcador temprano,
2026-08-25,13:45,Walsall vs Leyton Orient,,,Tarjetas total +6.5,CARDS_TOTALS OVER.6.5,CARDS_TOTALS:OVER_6_5,11.1%,0.110700,,,,,,,Sin cuota/EV,No encontrado en Betano,Baja,contexto premium torneo actual,usa promedios del contexto premium/API-Football,depende mucho del arbitro y del contexto competitivo,
2026-08-25,13:45,Walsall vs Leyton Orient,,,Local goles +1.5,TEAM_TOTAL_HOME OVER.1.5,TEAM_TOTAL_HOME:OVER_1_5,10.3%,0.102600,,,,,,,Sin cuota/EV,No encontrado en Betano,Baja,torneo actual,usa Poisson base con estadisticas de goles del torneo,un gol temprano o baja eficacia puede cambiar la lectura del mercado,
2026-08-25,13:45,Walsall vs Leyton Orient,,,Corners total -8.5,CORNERS_TOTALS UNDER.8.5,CORNERS_TOTALS:UNDER_8_5,10.0%,0.099800,,,,,,,Sin cuota/EV,No encontrado en Betano,Baja,contexto premium torneo actual,usa promedios del contexto premium/API-Football,el volumen ofensivo puede variar por planteamiento y marcador temprano,
2026-08-25,13:45,Walsall vs Leyton Orient,,,SHOTS_TOTAL UNDER.22.5,SHOTS_TOTAL UNDER.22.5,SHOTS_TOTAL:UNDER_22_5,9.4%,0.094500,,,,,,,Sin cuota/EV,No encontrado en Betano,Baja,contexto premium torneo actual,usa promedios del contexto premium/API-Football,el volumen ofensivo puede variar por planteamiento y marcador temprano,
2026-08-25,13:45,Walsall vs Leyton Orient,,,Local corners +5.5,CORNERS_HOME OVER.5.5,CORNERS_HOME:OVER_5_5,8.4%,0.083900,,,,,,,Sin cuota/EV,No encontrado en Betano,Baja,contexto premium torneo actual,usa promedios del contexto premium/API-Football,el volumen ofensivo puede variar por planteamiento y marcador temprano,
2026-08-25,13:45,Walsall vs Leyton Orient,,,Visita tarjetas +2.5,CARDS_AWAY OVER.2.5,CARDS_AWAY:OVER_2_5,8.0%,0.080300,,,,,,,Sin cuota/EV,No encontrado en Betano,Baja,contexto premium torneo actual,usa promedios del contexto premium/API-Football,depende mucho del arbitro y del contexto competitivo,
2026-08-25,13:45,Walsall vs Leyton Orient,,,Visita goles +2.5,TEAM_TOTAL_AWAY OVER.2.5,TEAM_TOTAL_AWAY:OVER_2_5,8.0%,0.080300,,,,,,,Sin cuota/EV,No encontrado en Betano,Baja,torneo actual,usa Poisson base con estadisticas de goles del torneo,un gol temprano o baja eficacia puede cambiar la lectura del mercado,
2026-08-25,13:45,Walsall vs Leyton Orient,10Bet,,Goles +3.5,TOTALS OVER.3.5,TOTALS:OVER_3_5,7.1%,0.070800,3.00,-0.79,-0.787700,,,,EV negativo,No encontrado en Betano,Baja,torneo actual,usa Poisson base con estadisticas de goles del torneo,un gol temprano o baja eficacia puede cambiar la lectura del mercado,
2026-08-25,13:45,Walsall vs Leyton Orient,,,Visita corners -5.5,CORNERS_AWAY UNDER.5.5,CORNERS_AWAY:UNDER_5_5,6.7%,0.067100,,,,,,,Sin cuota/EV,No encontrado en Betano,Baja,contexto premium torneo actual,usa promedios del contexto premium/API-Football,el volumen ofensivo puede variar por planteamiento y marcador temprano,
2026-08-25,13:45,Walsall vs Leyton Orient,,,Corners total -7.5,CORNERS_TOTALS UNDER.7.5,CORNERS_TOTALS:UNDER_7_5,5.4%,0.054000,,,,,,,Sin cuota/EV,No encontrado en Betano,Baja,contexto premium torneo actual,usa promedios del contexto premium/API-Football,el volumen ofensivo puede variar por planteamiento y marcador temprano,
2026-08-25,13:45,Walsall vs Leyton Orient,,,Local tarjetas -0.5,CARDS_HOME UNDER.0.5,CARDS_HOME:UNDER_0_5,5.0%,0.049800,,,,,,,Sin cuota/EV,No encontrado en Betano,Baja,contexto premium torneo actual,usa promedios del contexto premium/API-Football,depende mucho del arbitro y del contexto competitivo,
2026-08-25,13:45,Walsall vs Leyton Orient,,,SHOTS_TOTAL UNDER.20.5,SHOTS_TOTAL UNDER.20.5,SHOTS_TOTAL:UNDER_20_5,4.3%,0.042600,,,,,,,Sin cuota/EV,No encontrado en Betano,Baja,contexto premium torneo actual,usa promedios del contexto premium/API-Football,el volumen ofensivo puede variar por planteamiento y marcador temprano,
2026-08-25,13:45,Walsall vs Leyton Orient,,,Local corners +6.5,CORNERS_HOME OVER.6.5,CORNERS_HOME:OVER_6_5,3.4%,0.033500,,,,,,,Sin cuota/EV,No encontrado en Betano,Baja,contexto premium torneo actual,usa promedios del contexto premium/API-Football,el volumen ofensivo puede variar por planteamiento y marcador temprano,
2026-08-25,13:45,Walsall vs Leyton Orient,10Bet,,Visita corners -4.5,CORNERS_AWAY UNDER.4.5,CORNERS_AWAY:UNDER_4_5,2.9%,0.029300,1.95,-0.94,-0.943000,,,,EV negativo,No encontrado en Betano,Baja,contexto premium torneo actual,usa promedios del contexto premium/API-Football,el volumen ofensivo puede variar por planteamiento y marcador temprano,
2026-08-25,13:45,Walsall vs Leyton Orient,,,Visita tarjetas +3.5,CARDS_AWAY OVER.3.5,CARDS_AWAY:OVER_3_5,1.9%,0.019000,,,,,,,Sin cuota/EV,No encontrado en Betano,Baja,contexto premium torneo actual,usa promedios del contexto premium/API-Football,depende mucho del arbitro y del contexto competitivo,
2026-08-25,13:45,Walsall vs Leyton Orient,,,Local goles +2.5,TEAM_TOTAL_HOME OVER.2.5,TEAM_TOTAL_HOME:OVER_2_5,1.8%,0.017600,,,,,,,Sin cuota/EV,No encontrado en Betano,Baja,torneo actual,usa Poisson base con estadisticas de goles del torneo,un gol temprano o baja eficacia puede cambiar la lectura del mercado,
2026-08-25,13:45,Walsall vs Leyton Orient,,,SHOTS_TOTAL UNDER.18.5,SHOTS_TOTAL UNDER.18.5,SHOTS_TOTAL:UNDER_18_5,1.6%,0.016100,,,,,,,Sin cuota/EV,No encontrado en Betano,Baja,contexto premium torneo actual,usa promedios del contexto premium/API-Football,el volumen ofensivo puede variar por planteamiento y marcador temprano,
2026-08-25,13:45,Walsall vs Leyton Orient,,,Visita corners -3.5,CORNERS_AWAY UNDER.3.5,CORNERS_AWAY:UNDER_3_5,1.0%,0.010300,,,,,,,Sin cuota/EV,No encontrado en Betano,Baja,contexto premium torneo actual,usa promedios del contexto premium/API-Football,el volumen ofensivo puede variar por planteamiento y marcador temprano,
2026-08-25,13:45,Watford vs Peterborough,,,SHOTS_TOTAL OVER.18.5,SHOTS_TOTAL OVER.18.5,SHOTS_TOTAL:OVER_18_5,100.0%,0.999500,,,,,,,Sin cuota/EV,No encontrado en Betano,Alta,contexto premium torneo actual,usa promedios del contexto premium/API-Football,el volumen ofensivo puede variar por planteamiento y marcador temprano,
2026-08-25,13:45,Watford vs Peterborough,,,SHOTS_TOTAL OVER.20.5,SHOTS_TOTAL OVER.20.5,SHOTS_TOTAL:OVER_20_5,99.8%,0.997900,,,,,,,Sin cuota/EV,No encontrado en Betano,Alta,contexto premium torneo actual,usa promedios del contexto premium/API-Football,el volumen ofensivo puede variar por planteamiento y marcador temprano,
2026-08-25,13:45,Watford vs Peterborough,,,SHOTS_TOTAL OVER.22.5,SHOTS_TOTAL OVER.22.5,SHOTS_TOTAL:OVER_22_5,99.3%,0.993200,,,,,,,Sin cuota/EV,No encontrado en Betano,Alta,contexto premium torneo actual,usa promedios del contexto premium/API-Football,el volumen ofensivo puede variar por planteamiento y marcador temprano,
2026-08-25,13:45,Watford vs Peterborough,,,Visita goles -2.5,TEAM_TOTAL_AWAY UNDER.2.5,TEAM_TOTAL_AWAY:UNDER_2_5,98.6%,0.985600,,,,,,,Sin cuota/EV,No encontrado en Betano,Alta,torneo actual,usa Poisson base con estadisticas de goles del torneo,un gol temprano o baja eficacia puede cambiar la lectura del mercado,
2026-08-25,13:45,Watford vs Peterborough,,,Local goles -2.5,TEAM_TOTAL_HOME UNDER.2.5,TEAM_TOTAL_HOME:UNDER_2_5,98.2%,0.982400,,,,,,,Sin cuota/EV,No encontrado en Betano,Alta,torneo actual,usa Poisson base con estadisticas de goles del torneo,un gol temprano o baja eficacia puede cambiar la lectura del mercado,
2026-08-25,13:45,Watford vs Peterborough,,,SHOTS_TOTAL OVER.24.5,SHOTS_TOTAL OVER.24.5,SHOTS_TOTAL:OVER_24_5,98.1%,0.981400,,,,,,,Sin cuota/EV,No encontrado en Betano,Alta,contexto premium torneo actual,usa promedios del contexto premium/API-Football,el volumen ofensivo puede variar por planteamiento y marcador temprano,
2026-08-25,13:45,Watford vs Peterborough,10Bet,,Goles -3.5,TOTALS UNDER.3.5,TOTALS:UNDER_3_5,97.9%,0.978500,1.55,0.52,0.516600,,,,EV positivo,No encontrado en Betano,Alta,torneo actual,usa Poisson base con estadisticas de goles del torneo,un gol temprano o baja eficacia puede cambiar la lectura del mercado,
2026-08-25,13:45,Watford vs Peterborough,,,Visita corners -6.5,CORNERS_AWAY UNDER.6.5,CORNERS_AWAY:UNDER_6_5,96.7%,0.966500,,,,,,,Sin cuota/EV,No encontrado en Betano,Alta,contexto premium torneo actual,usa promedios del contexto premium/API-Football,el volumen ofensivo puede variar por planteamiento y marcador temprano,
2026-08-25,13:45,Watford vs Peterborough,,,SHOTS_TOTAL OVER.26.5,SHOTS_TOTAL OVER.26.5,SHOTS_TOTAL:OVER_26_5,95.7%,0.956500,,,,,,,Sin cuota/EV,No encontrado en Betano,Alta,contexto premium torneo actual,usa promedios del contexto premium/API-Football,el volumen ofensivo puede variar por planteamiento y marcador temprano,
2026-08-25,13:45,Watford vs Peterborough,,,Visita tarjetas +0.5,CARDS_AWAY OVER.0.5,CARDS_AWAY:OVER_0_5,95.0%,0.950200,,,,,,,Sin cuota/EV,No encontrado en Betano,Alta,contexto premium torneo actual,usa promedios del contexto premium/API-Football,depende mucho del arbitro y del contexto competitivo,
2026-08-25,13:45,Watford vs Peterborough,,,Local corners +3.5,CORNERS_HOME OVER.3.5,CORNERS_HOME:OVER_3_5,91.8%,0.918200,,,,,,,Sin cuota/EV,No encontrado en Betano,Alta,contexto premium torneo actual,usa promedios del contexto premium/API-Football,el volumen ofensivo puede variar por planteamiento y marcador temprano,
2026-08-25,13:45,Watford vs Peterborough,,,Visita corners -5.5,CORNERS_AWAY UNDER.5.5,CORNERS_AWAY:UNDER_5_5,91.6%,0.916100,,,,,,,Sin cuota/EV,No encontrado en Betano,Alta,contexto premium torneo actual,usa promedios del contexto premium/API-Football,el volumen ofensivo puede variar por planteamiento y marcador temprano,
2026-08-25,13:45,Watford vs Peterborough,10Bet,,Goles -2.5,TOTALS UNDER.2.5,TOTALS:UNDER_2_5,91.2%,0.912200,1.28,0.17,0.167600,,,,EV positivo,No encontrado en Betano,Alta,torneo actual,usa Poisson base con estadisticas de goles del torneo,un gol temprano o baja eficacia puede cambiar la lectura del mercado,
2026-08-25,13:45,Watford vs Peterborough,,,Visita goles -1.5,TEAM_TOTAL_AWAY UNDER.1.5,TEAM_TOTAL_AWAY:UNDER_1_5,91.0%,0.909800,,,,,,,Sin cuota/EV,No encontrado en Betano,Alta,torneo actual,usa Poisson base con estadisticas de goles del torneo,un gol temprano o baja eficacia puede cambiar la lectura del mercado,
2026-08-25,13:45,Watford vs Peterborough,10Bet,,1T -1.5,FIRST_HALF_TOTALS UNDER.1.5,FIRST_HALF_TOTALS:UNDER_1_5,91.0%,0.909800,1.25,0.14,0.137200,,,,EV positivo,No encontrado en Betano,Alta,contexto premium torneo actual,usa promedios del contexto premium/API-Football,el primer tiempo puede tener ritmo bajo o rotaciones,
2026-08-25,13:45,Watford vs Peterborough,,,SHOTS_ON_TARGET_TOTAL OVER.6.5,SHOTS_ON_TARGET_TOTAL OVER.6.5,SHOTS_ON_TARGET_TOTAL:OVER_6_5,89.8%,0.898400,,,,,,,Sin cuota/EV,No encontrado en Betano,Alta,contexto premium torneo actual,usa promedios del contexto premium/API-Football,el volumen ofensivo puede variar por planteamiento y marcador temprano,
2026-08-25,13:45,Watford vs Peterborough,,,Local goles -1.5,TEAM_TOTAL_HOME UNDER.1.5,TEAM_TOTAL_HOME:UNDER_1_5,89.7%,0.897400,,,,,,,Sin cuota/EV,No encontrado en Betano,Alta,torneo actual,usa Poisson base con estadisticas de goles del torneo,un gol temprano o baja eficacia puede cambiar la lectura del mercado,
2026-08-25,13:45,Watford vs Peterborough,,,Tarjetas total +2.5,CARDS_TOTALS OVER.2.5,CARDS_TOTALS:OVER_2_5,87.5%,0.875300,,,,,,,Sin cuota/EV,No encontrado en Betano,Alta,contexto premium torneo actual,usa promedios del contexto premium/API-Football,depende mucho del arbitro y del contexto competitivo,
2026-08-25,13:45,Watford vs Peterborough,,,Local tarjetas +0.5,CARDS_HOME OVER.0.5,CARDS_HOME:OVER_0_5,86.5%,0.864700,,,,,,,Sin cuota/EV,No encontrado en Betano,Alta,contexto premium torneo actual,usa promedios del contexto premium/API-Football,depende mucho del arbitro y del contexto competitivo,
2026-08-25,13:45,Watford vs Peterborough,,,Local tarjetas -3.5,CARDS_HOME UNDER.3.5,CARDS_HOME:UNDER_3_5,85.7%,0.857100,,,,,,,Sin cuota/EV,No encontrado en Betano,Alta,contexto premium torneo actual,usa promedios del contexto premium/API-Football,depende mucho del arbitro y del contexto competitivo,
2026-08-25,13:45,Watford vs Peterborough,10Bet,,BTTS no,BTTS NO,BTTS:NO,83.6%,0.835800,1.25,0.04,0.044800,,,,EV positivo,No encontrado en Betano,Alta,torneo actual,usa Poisson base con estadisticas de goles del torneo,un gol temprano o baja eficacia puede cambiar la lectura del mercado,
2026-08-25,13:45,Watford vs Peterborough,,,Local corners +4.5,CORNERS_HOME OVER.4.5,CORNERS_HOME:OVER_4_5,82.7%,0.827000,,,,,,,Sin cuota/EV,No encontrado en Betano,Alta,contexto premium torneo actual,usa promedios del contexto premium/API-Football,el volumen ofensivo puede variar por planteamiento y marcador temprano,
2026-08-25,13:45,Watford vs Peterborough,,,SHOTS_ON_TARGET_TOTAL OVER.7.5,SHOTS_ON_TARGET_TOTAL OVER.7.5,SHOTS_ON_TARGET_TOTAL:OVER_7_5,82.2%,0.821500,,,,,,,Sin cuota/EV,No encontrado en Betano,Alta,contexto premium torneo actual,usa promedios del contexto premium/API-Football,el volumen ofensivo puede variar por planteamiento y marcador temprano,
2026-08-25,13:45,Watford vs Peterborough,,,Visita corners -4.5,CORNERS_AWAY UNDER.4.5,CORNERS_AWAY:UNDER_4_5,81.5%,0.815300,,,,,,,Sin cuota/EV,No encontrado en Betano,Alta,contexto premium torneo actual,usa promedios del contexto premium/API-Football,el volumen ofensivo puede variar por planteamiento y marcador temprano,
2026-08-25,13:45,Watford vs Peterborough,,,Visita tarjetas +1.5,CARDS_AWAY OVER.1.5,CARDS_AWAY:OVER_1_5,80.1%,0.800900,,,,,,,Sin cuota/EV,No encontrado en Betano,Alta,contexto premium torneo actual,usa promedios del contexto premium/API-Football,depende mucho del arbitro y del contexto competitivo,
2026-08-25,13:45,Watford vs Peterborough,,,Corners total +7.5,CORNERS_TOTALS OVER.7.5,CORNERS_TOTALS:OVER_7_5,78.0%,0.779800,,,,,,,Sin cuota/EV,No encontrado en Betano,Alta,contexto premium torneo actual,usa promedios del contexto premium/API-Football,el volumen ofensivo puede variar por planteamiento y marcador temprano,
2026-08-25,13:45,Watford vs Peterborough,,,Tarjetas total -6.5,CARDS_TOTALS UNDER.6.5,CARDS_TOTALS:UNDER_6_5,76.2%,0.762200,,,,,,,Sin cuota/EV,No encontrado en Betano,Alta,contexto premium torneo actual,usa promedios del contexto premium/API-Football,depende mucho del arbitro y del contexto competitivo,
2026-08-25,13:45,Watford vs Peterborough,,,DOUBLE_CHANCE 1X,DOUBLE_CHANCE 1X,DOUBLE_CHANCE:1X,74.1%,0.741100,,,,,,,Sin cuota/EV,No encontrado en Betano,Alta,torneo actual,usa Poisson base con estadisticas de goles del torneo,riesgo propio del resultado final y variacion del modelo,
2026-08-25,13:45,Watford vs Peterborough,,,Tarjetas total +3.5,CARDS_TOTALS OVER.3.5,CARDS_TOTALS:OVER_3_5,73.5%,0.735000,,,,,,,Sin cuota/EV,No encontrado en Betano,Alta,contexto premium torneo actual,usa promedios del contexto premium/API-Football,depende mucho del arbitro y del contexto competitivo,
2026-08-25,13:45,Watford vs Peterborough,10Bet,,Goles -1.5,TOTALS UNDER.1.5,TOTALS:UNDER_1_5,72.1%,0.721000,1.95,0.41,0.406000,,,,EV positivo,No encontrado en Betano,Alta,torneo actual,usa Poisson base con estadisticas de goles del torneo,un gol temprano o baja eficacia puede cambiar la lectura del mercado,
2026-08-25,13:45,Watford vs Peterborough,,,SHOTS_ON_TARGET_TOTAL OVER.8.5,SHOTS_ON_TARGET_TOTAL OVER.8.5,SHOTS_ON_TARGET_TOTAL:OVER_8_5,72.1%,0.720600,,,,,,,Sin cuota/EV,No encontrado en Betano,Alta,contexto premium torneo actual,usa promedios del contexto premium/API-Football,el volumen ofensivo puede variar por planteamiento y marcador temprano,
2026-08-25,13:45,Watford vs Peterborough,,,DOUBLE_CHANCE X2,DOUBLE_CHANCE X2,DOUBLE_CHANCE:X2,71.5%,0.714500,,,,,,,Sin cuota/EV,No encontrado en Betano,Alta,torneo actual,usa Poisson base con estadisticas de goles del torneo,riesgo propio del resultado final y variacion del modelo,
2026-08-25,13:45,Watford vs Peterborough,,,Local corners +5.5,CORNERS_HOME OVER.5.5,CORNERS_HOME:OVER_5_5,69.9%,0.699300,,,,,,,Sin cuota/EV,No encontrado en Betano,Media,contexto premium torneo actual,usa promedios del contexto premium/API-Football,el volumen ofensivo puede variar por planteamiento y marcador temprano,
2026-08-25,13:45,Watford vs Peterborough,,,Corners total -11.5,CORNERS_TOTALS UNDER.11.5,CORNERS_TOTALS:UNDER_11_5,69.7%,0.696800,,,,,,,Sin cuota/EV,No encontrado en Betano,Media,contexto premium torneo actual,usa promedios del contexto premium/API-Football,el volumen ofensivo puede variar por planteamiento y marcador temprano,
2026-08-25,13:45,Watford vs Peterborough,,,Local tarjetas -2.5,CARDS_HOME UNDER.2.5,CARDS_HOME:UNDER_2_5,67.7%,0.676700,,,,,,,Sin cuota/EV,No encontrado en Betano,Media,contexto premium torneo actual,usa promedios del contexto premium/API-Football,depende mucho del arbitro y del contexto competitivo,
2026-08-25,13:45,Watford vs Peterborough,,,Corners total +8.5,CORNERS_TOTALS OVER.8.5,CORNERS_TOTALS:OVER_8_5,66.7%,0.667200,,,,,,,Sin cuota/EV,No encontrado en Betano,Media,contexto premium torneo actual,usa promedios del contexto premium/API-Football,el volumen ofensivo puede variar por planteamiento y marcador temprano,
2026-08-25,13:45,Watford vs Peterborough,10Bet,,Visita corners -3.5,CORNERS_AWAY UNDER.3.5,CORNERS_AWAY:UNDER_3_5,64.7%,0.647200,1.75,0.13,0.132700,,,,EV positivo,No encontrado en Betano,Media,contexto premium torneo actual,usa promedios del contexto premium/API-Football,el volumen ofensivo puede variar por planteamiento y marcador temprano,
2026-08-25,13:45,Watford vs Peterborough,,,Visita tarjetas -3.5,CARDS_AWAY UNDER.3.5,CARDS_AWAY:UNDER_3_5,64.7%,0.647200,,,,,,,Sin cuota/EV,No encontrado en Betano,Media,contexto premium torneo actual,usa promedios del contexto premium/API-Football,depende mucho del arbitro y del contexto competitivo,
2026-08-25,13:45,Watford vs Peterborough,,,Tarjetas total -5.5,CARDS_TOTALS UNDER.5.5,CARDS_TOTALS:UNDER_5_5,61.6%,0.616000,,,,,,,Sin cuota/EV,No encontrado en Betano,Media,contexto premium torneo actual,usa promedios del contexto premium/API-Football,depende mucho del arbitro y del contexto competitivo,
2026-08-25,13:45,Watford vs Peterborough,,,Visita goles -0.5,TEAM_TOTAL_AWAY UNDER.0.5,TEAM_TOTAL_AWAY:UNDER_0_5,60.7%,0.606500,,,,,,,Sin cuota/EV,No encontrado en Betano,Media,torneo actual,usa Poisson base con estadisticas de goles del torneo,un gol temprano o baja eficacia puede cambiar la lectura del mercado,
2026-08-25,13:45,Watford vs Peterborough,10Bet,,1T -0.5,FIRST_HALF_TOTALS UNDER.0.5,FIRST_HALF_TOTALS:UNDER_0_5,60.7%,0.606500,1.53,-0.07,-0.072000,,,,EV negativo,No encontrado en Betano,Media,contexto premium torneo actual,usa promedios del contexto premium/API-Football,el primer tiempo puede tener ritmo bajo o rotaciones,
2026-08-25,13:45,Watford vs Peterborough,,,SHOTS_ON_TARGET_TOTAL OVER.9.5,SHOTS_ON_TARGET_TOTAL OVER.9.5,SHOTS_ON_TARGET_TOTAL:OVER_9_5,60.3%,0.602900,,,,,,,Sin cuota/EV,No encontrado en Betano,Media,contexto premium torneo actual,usa promedios del contexto premium/API-Football,el volumen ofensivo puede variar por planteamiento y marcador temprano,
2026-08-25,13:45,Watford vs Peterborough,,,Local tarjetas +1.5,CARDS_HOME OVER.1.5,CARDS_HOME:OVER_1_5,59.4%,0.594000,,,,,,,Sin cuota/EV,No encontrado en Betano,Media,contexto premium torneo actual,usa promedios del contexto premium/API-Football,depende mucho del arbitro y del contexto competitivo,
2026-08-25,13:45,Watford vs Peterborough,,,Corners total -10.5,CORNERS_TOTALS UNDER.10.5,CORNERS_TOTALS:UNDER_10_5,58.3%,0.583000,,,,,,,Sin cuota/EV,No encontrado en Betano,Media,contexto premium torneo actual,usa promedios del contexto premium/API-Football,el volumen ofensivo puede variar por planteamiento y marcador temprano,
2026-08-25,13:45,Watford vs Peterborough,,,Local goles -0.5,TEAM_TOTAL_HOME UNDER.0.5,TEAM_TOTAL_HOME:UNDER_0_5,58.3%,0.582700,,,,,,,Sin cuota/EV,No encontrado en Betano,Media,torneo actual,usa Poisson base con estadisticas de goles del torneo,un gol temprano o baja eficacia puede cambiar la lectura del mercado,
2026-08-25,13:45,Watford vs Peterborough,,,Visita tarjetas +2.5,CARDS_AWAY OVER.2.5,CARDS_AWAY:OVER_2_5,57.7%,0.576800,,,,,,,Sin cuota/EV,No encontrado en Betano,Media,contexto premium torneo actual,usa promedios del contexto premium/API-Football,depende mucho del arbitro y del contexto competitivo,
2026-08-25,13:45,Watford vs Peterborough,,,Tarjetas total +4.5,CARDS_TOTALS OVER.4.5,CARDS_TOTALS:OVER_4_5,56.0%,0.559500,,,,,,,Sin cuota/EV,No encontrado en Betano,Media,contexto premium torneo actual,usa promedios del contexto premium/API-Football,depende mucho del arbitro y del contexto competitivo,
2026-08-25,13:45,Watford vs Peterborough,10Bet,,Local corners +6.5,CORNERS_HOME OVER.6.5,CORNERS_HOME:OVER_6_5,55.0%,0.550300,1.90,0.05,0.045500,,,,EV positivo,No encontrado en Betano,Media,contexto premium torneo actual,usa promedios del contexto premium/API-Football,el volumen ofensivo puede variar por planteamiento y marcador temprano,
2026-08-25,13:45,Watford vs Peterborough,,,DOUBLE_CHANCE 12,DOUBLE_CHANCE 12,DOUBLE_CHANCE:12,54.4%,0.544500,,,,,,,Sin cuota/EV,No encontrado en Betano,Baja,torneo actual,usa Poisson base con estadisticas de goles del torneo,riesgo propio del resultado final y variacion del modelo,
2026-08-25,13:45,Watford vs Peterborough,10Bet,,Corners total +9.5,CORNERS_TOTALS OVER.9.5,CORNERS_TOTALS:OVER_9_5,54.2%,0.542100,1.70,-0.08,-0.078500,,,,EV negativo,No encontrado en Betano,Baja,contexto premium torneo actual,usa promedios del contexto premium/API-Football,el volumen ofensivo puede variar por planteamiento y marcador temprano,
2026-08-25,13:45,Watford vs Peterborough,10Bet,,DNB local,DRAW_NO_BET HOME,DRAW_NO_BET:HOME,52.4%,0.524400,1.36,-0.29,-0.286800,,,,EV negativo,No encontrado en Betano,Baja,torneo actual,usa Poisson base con estadisticas de goles del torneo,riesgo propio del resultado final y variacion del modelo,
2026-08-25,13:45,Watford vs Peterborough,10Bet,,DNB visita,DRAW_NO_BET AWAY,DRAW_NO_BET:AWAY,47.6%,0.475600,2.88,0.37,0.369600,,,,EV positivo,No encontrado en Betano,Baja,torneo actual,usa Poisson base con estadisticas de goles del torneo,riesgo propio del resultado final y variacion del modelo,
2026-08-25,13:45,Watford vs Peterborough,10Bet,,Corners total -9.5,CORNERS_TOTALS UNDER.9.5,CORNERS_TOTALS:UNDER_9_5,45.8%,0.457900,2.05,-0.06,-0.061200,,,,EV negativo,No encontrado en Betano,Baja,contexto premium torneo actual,usa promedios del contexto premium/API-Football,el volumen ofensivo puede variar por planteamiento y marcador temprano,
2026-08-25,13:45,Watford vs Peterborough,10Bet,,Empate,1X2 DRAW,1X2:DRAW,45.6%,0.455500,1.90,-0.13,-0.134500,,,,EV negativo,No encontrado en Betano,Baja,torneo actual,usa Poisson base con estadisticas de goles del torneo,riesgo propio del resultado final y variacion del modelo,
2026-08-25,13:45,Watford vs Peterborough,10Bet,,Local corners -6.5,CORNERS_HOME UNDER.6.5,CORNERS_HOME:UNDER_6_5,45.0%,0.449700,1.70,-0.24,-0.235500,,,,EV negativo,No encontrado en Betano,Baja,contexto premium torneo actual,usa promedios del contexto premium/API-Football,el volumen ofensivo puede variar por planteamiento y marcador temprano,
2026-08-25,13:45,Watford vs Peterborough,,,Tarjetas total -4.5,CARDS_TOTALS UNDER.4.5,CARDS_TOTALS:UNDER_4_5,44.0%,0.440500,,,,,,,Sin cuota/EV,No encontrado en Betano,Baja,contexto premium torneo actual,usa promedios del contexto premium/API-Football,depende mucho del arbitro y del contexto competitivo,
2026-08-25,13:45,Watford vs Peterborough,,,Visita tarjetas -2.5,CARDS_AWAY UNDER.2.5,CARDS_AWAY:UNDER_2_5,42.3%,0.423200,,,,,,,Sin cuota/EV,No encontrado en Betano,Baja,contexto premium torneo actual,usa promedios del contexto premium/API-Football,depende mucho del arbitro y del contexto competitivo,
2026-08-25,13:45,Watford vs Peterborough,,,Local goles +0.5,TEAM_TOTAL_HOME OVER.0.5,TEAM_TOTAL_HOME:OVER_0_5,41.7%,0.417300,,,,,,,Sin cuota/EV,No encontrado en Betano,Baja,torneo actual,usa Poisson base con estadisticas de goles del torneo,un gol temprano o baja eficacia puede cambiar la lectura del mercado,
2026-08-25,13:45,Watford vs Peterborough,,,Corners total +10.5,CORNERS_TOTALS OVER.10.5,CORNERS_TOTALS:OVER_10_5,41.7%,0.417000,,,,,,,Sin cuota/EV,No encontrado en Betano,Baja,contexto premium torneo actual,usa promedios del contexto premium/API-Football,el volumen ofensivo puede variar por planteamiento y marcador temprano,
2026-08-25,13:45,Watford vs Peterborough,,,Local tarjetas -1.5,CARDS_HOME UNDER.1.5,CARDS_HOME:UNDER_1_5,40.6%,0.406000,,,,,,,Sin cuota/EV,No encontrado en Betano,Baja,contexto premium torneo actual,usa promedios del contexto premium/API-Football,depende mucho del arbitro y del contexto competitivo,
2026-08-25,13:45,Watford vs Peterborough,,,SHOTS_ON_TARGET_TOTAL UNDER.9.5,SHOTS_ON_TARGET_TOTAL UNDER.9.5,SHOTS_ON_TARGET_TOTAL:UNDER_9_5,39.7%,0.397100,,,,,,,Sin cuota/EV,No encontrado en Betano,Baja,contexto premium torneo actual,usa promedios del contexto premium/API-Football,el volumen ofensivo puede variar por planteamiento y marcador temprano,
2026-08-25,13:45,Watford vs Peterborough,10Bet,,1T +0.5,FIRST_HALF_TOTALS OVER.0.5,FIRST_HALF_TOTALS:OVER_0_5,39.4%,0.393500,2.38,-0.06,-0.063500,,,,EV negativo,No encontrado en Betano,Baja,contexto premium torneo actual,usa promedios del contexto premium/API-Football,el primer tiempo puede tener ritmo bajo o rotaciones,
2026-08-25,13:45,Watford vs Peterborough,,,Visita goles +0.5,TEAM_TOTAL_AWAY OVER.0.5,TEAM_TOTAL_AWAY:OVER_0_5,39.4%,0.393500,,,,,,,Sin cuota/EV,No encontrado en Betano,Baja,torneo actual,usa Poisson base con estadisticas de goles del torneo,un gol temprano o baja eficacia puede cambiar la lectura del mercado,
2026-08-25,13:45,Watford vs Peterborough,,,Tarjetas total +5.5,CARDS_TOTALS OVER.5.5,CARDS_TOTALS:OVER_5_5,38.4%,0.384000,,,,,,,Sin cuota/EV,No encontrado en Betano,Baja,contexto premium torneo actual,usa promedios del contexto premium/API-Football,depende mucho del arbitro y del contexto competitivo,
2026-08-25,13:45,Watford vs Peterborough,10Bet,,Visita corners +3.5,CORNERS_AWAY OVER.3.5,CORNERS_AWAY:OVER_3_5,35.3%,0.352800,1.83,-0.35,-0.354400,,,,EV negativo,No encontrado en Betano,Baja,contexto premium torneo actual,usa promedios del contexto premium/API-Football,el volumen ofensivo puede variar por planteamiento y marcador temprano,
2026-08-25,13:45,Watford vs Peterborough,,,Visita tarjetas +3.5,CARDS_AWAY OVER.3.5,CARDS_AWAY:OVER_3_5,35.3%,0.352800,,,,,,,Sin cuota/EV,No encontrado en Betano,Baja,contexto premium torneo actual,usa promedios del contexto premium/API-Football,depende mucho del arbitro y del contexto competitivo,
2026-08-25,13:45,Watford vs Peterborough,,,Corners total -8.5,CORNERS_TOTALS UNDER.8.5,CORNERS_TOTALS:UNDER_8_5,33.3%,0.332800,,,,,,,Sin cuota/EV,No encontrado en Betano,Baja,contexto premium torneo actual,usa promedios del contexto premium/API-Football,el volumen ofensivo puede variar por planteamiento y marcador temprano,
2026-08-25,13:45,Watford vs Peterborough,,,Local tarjetas +2.5,CARDS_HOME OVER.2.5,CARDS_HOME:OVER_2_5,32.3%,0.323300,,,,,,,Sin cuota/EV,No encontrado en Betano,Baja,contexto premium torneo actual,usa promedios del contexto premium/API-Football,depende mucho del arbitro y del contexto competitivo,
2026-08-25,13:45,Watford vs Peterborough,,,Corners total +11.5,CORNERS_TOTALS OVER.11.5,CORNERS_TOTALS:OVER_11_5,30.3%,0.303200,,,,,,,Sin cuota/EV,No encontrado en Betano,Baja,contexto premium torneo actual,usa promedios del contexto premium/API-Football,el volumen ofensivo puede variar por planteamiento y marcador temprano,
2026-08-25,13:45,Watford vs Peterborough,,,Local corners -5.5,CORNERS_HOME UNDER.5.5,CORNERS_HOME:UNDER_5_5,30.1%,0.300700,,,,,,,Sin cuota/EV,No encontrado en Betano,Baja,contexto premium torneo actual,usa promedios del contexto premium/API-Football,el volumen ofensivo puede variar por planteamiento y marcador temprano,
2026-08-25,13:45,Watford vs Peterborough,10Bet,,Gana local,1X2 HOME,1X2:HOME,28.5%,0.285500,2.65,-0.24,-0.243300,,,,EV negativo,No encontrado en Betano,Baja,torneo actual,usa Poisson base con estadisticas de goles del torneo,riesgo propio del resultado final y variacion del modelo,
2026-08-25,13:45,Watford vs Peterborough,,,SHOTS_ON_TARGET_TOTAL UNDER.8.5,SHOTS_ON_TARGET_TOTAL UNDER.8.5,SHOTS_ON_TARGET_TOTAL:UNDER_8_5,27.9%,0.279400,,,,,,,Sin cuota/EV,No encontrado en Betano,Baja,contexto premium torneo actual,usa promedios del contexto premium/API-Football,el volumen ofensivo puede variar por planteamiento y marcador temprano,
2026-08-25,13:45,Watford vs Peterborough,10Bet,,Goles +1.5,TOTALS OVER.1.5,TOTALS:OVER_1_5,27.9%,0.279000,1.75,-0.51,-0.511800,,,,EV negativo,No encontrado en Betano,Baja,torneo actual,usa Poisson base con estadisticas de goles del torneo,un gol temprano o baja eficacia puede cambiar la lectura del mercado,
2026-08-25,13:45,Watford vs Peterborough,,,Tarjetas total -3.5,CARDS_TOTALS UNDER.3.5,CARDS_TOTALS:UNDER_3_5,26.5%,0.265000,,,,,,,Sin cuota/EV,No encontrado en Betano,Baja,contexto premium torneo actual,usa promedios del contexto premium/API-Football,depende mucho del arbitro y del contexto competitivo,
2026-08-25,13:45,Watford vs Peterborough,10Bet,,Gana visita,1X2 AWAY,1X2:AWAY,25.9%,0.258900,5.75,0.49,0.488800,,,,EV positivo,No encontrado en Betano,Baja,torneo actual,usa Poisson base con estadisticas de goles del torneo,riesgo propio del resultado final y variacion del modelo,
2026-08-25,13:45,Watford vs Peterborough,,,Tarjetas total +6.5,CARDS_TOTALS OVER.6.5,CARDS_TOTALS:OVER_6_5,23.8%,0.237800,,,,,,,Sin cuota/EV,No encontrado en Betano,Baja,contexto premium torneo actual,usa promedios del contexto premium/API-Football,depende mucho del arbitro y del contexto competitivo,
2026-08-25,13:45,Watford vs Peterborough,,,Corners total -7.5,CORNERS_TOTALS UNDER.7.5,CORNERS_TOTALS:UNDER_7_5,22.0%,0.220200,,,,,,,Sin cuota/EV,No encontrado en Betano,Baja,contexto premium torneo actual,usa promedios del contexto premium/API-Football,el volumen ofensivo puede variar por planteamiento y marcador temprano,
2026-08-25,13:45,Watford vs Peterborough,,,Visita tarjetas -1.5,CARDS_AWAY UNDER.1.5,CARDS_AWAY:UNDER_1_5,19.9%,0.199100,,,,,,,Sin cuota/EV,No encontrado en Betano,Baja,contexto premium torneo actual,usa promedios del contexto premium/API-Football,depende mucho del arbitro y del contexto competitivo,
2026-08-25,13:45,Watford vs Peterborough,,,Visita corners +4.5,CORNERS_AWAY OVER.4.5,CORNERS_AWAY:OVER_4_5,18.5%,0.184700,,,,,,,Sin cuota/EV,No encontrado en Betano,Baja,contexto premium torneo actual,usa promedios del contexto premium/API-Football,el volumen ofensivo puede variar por planteamiento y marcador temprano,
2026-08-25,13:45,Watford vs Peterborough,,,SHOTS_ON_TARGET_TOTAL UNDER.7.5,SHOTS_ON_TARGET_TOTAL UNDER.7.5,SHOTS_ON_TARGET_TOTAL:UNDER_7_5,17.8%,0.178500,,,,,,,Sin cuota/EV,No encontrado en Betano,Baja,contexto premium torneo actual,usa promedios del contexto premium/API-Football,el volumen ofensivo puede variar por planteamiento y marcador temprano,
2026-08-25,13:45,Watford vs Peterborough,,,Local corners -4.5,CORNERS_HOME UNDER.4.5,CORNERS_HOME:UNDER_4_5,17.3%,0.173000,,,,,,,Sin cuota/EV,No encontrado en Betano,Baja,contexto premium torneo actual,usa promedios del contexto premium/API-Football,el volumen ofensivo puede variar por planteamiento y marcador temprano,
2026-08-25,13:45,Watford vs Peterborough,10Bet,,BTTS sí,BTTS YES,BTTS:YES,16.4%,0.164200,3.55,-0.42,-0.417200,,,,EV negativo,No encontrado en Betano,Baja,torneo actual,usa Poisson base con estadisticas de goles del torneo,un gol temprano o baja eficacia puede cambiar la lectura del mercado,
2026-08-25,13:45,Watford vs Peterborough,,,Local tarjetas +3.5,CARDS_HOME OVER.3.5,CARDS_HOME:OVER_3_5,14.3%,0.142900,,,,,,,Sin cuota/EV,No encontrado en Betano,Baja,contexto premium torneo actual,usa promedios del contexto premium/API-Football,depende mucho del arbitro y del contexto competitivo,
2026-08-25,13:45,Watford vs Peterborough,,,Local tarjetas -0.5,CARDS_HOME UNDER.0.5,CARDS_HOME:UNDER_0_5,13.5%,0.135300,,,,,,,Sin cuota/EV,No encontrado en Betano,Baja,contexto premium torneo actual,usa promedios del contexto premium/API-Football,depende mucho del arbitro y del contexto competitivo,
2026-08-25,13:45,Watford vs Peterborough,,,Tarjetas total -2.5,CARDS_TOTALS UNDER.2.5,CARDS_TOTALS:UNDER_2_5,12.5%,0.124700,,,,,,,Sin cuota/EV,No encontrado en Betano,Baja,contexto premium torneo actual,usa promedios del contexto premium/API-Football,depende mucho del arbitro y del contexto competitivo,
2026-08-25,13:45,Watford vs Peterborough,,,Local goles +1.5,TEAM_TOTAL_HOME OVER.1.5,TEAM_TOTAL_HOME:OVER_1_5,10.3%,0.102600,,,,,,,Sin cuota/EV,No encontrado en Betano,Baja,torneo actual,usa Poisson base con estadisticas de goles del torneo,un gol temprano o baja eficacia puede cambiar la lectura del mercado,
2026-08-25,13:45,Watford vs Peterborough,,,SHOTS_ON_TARGET_TOTAL UNDER.6.5,SHOTS_ON_TARGET_TOTAL UNDER.6.5,SHOTS_ON_TARGET_TOTAL:UNDER_6_5,10.2%,0.101600,,,,,,,Sin cuota/EV,No encontrado en Betano,Baja,contexto premium torneo actual,usa promedios del contexto premium/API-Football,el volumen ofensivo puede variar por planteamiento y marcador temprano,
2026-08-25,13:45,Watford vs Peterborough,10Bet,,1T +1.5,FIRST_HALF_TOTALS OVER.1.5,FIRST_HALF_TOTALS:OVER_1_5,9.0%,0.090200,3.55,-0.68,-0.679800,,,,EV negativo,No encontrado en Betano,Baja,contexto premium torneo actual,usa promedios del contexto premium/API-Football,el primer tiempo puede tener ritmo bajo o rotaciones,
2026-08-25,13:45,Watford vs Peterborough,,,Visita goles +1.5,TEAM_TOTAL_AWAY OVER.1.5,TEAM_TOTAL_AWAY:OVER_1_5,9.0%,0.090200,,,,,,,Sin cuota/EV,No encontrado en Betano,Baja,torneo actual,usa Poisson base con estadisticas de goles del torneo,un gol temprano o baja eficacia puede cambiar la lectura del mercado,
2026-08-25,13:45,Watford vs Peterborough,10Bet,,Goles +2.5,TOTALS OVER.2.5,TOTALS:OVER_2_5,8.8%,0.087800,3.30,-0.71,-0.710200,,,,EV negativo,No encontrado en Betano,Baja,torneo actual,usa Poisson base con estadisticas de goles del torneo,un gol temprano o baja eficacia puede cambiar la lectura del mercado,
2026-08-25,13:45,Watford vs Peterborough,,,Visita corners +5.5,CORNERS_AWAY OVER.5.5,CORNERS_AWAY:OVER_5_5,8.4%,0.083900,,,,,,,Sin cuota/EV,No encontrado en Betano,Baja,contexto premium torneo actual,usa promedios del contexto premium/API-Football,el volumen ofensivo puede variar por planteamiento y marcador temprano,
2026-08-25,13:45,Watford vs Peterborough,,,Local corners -3.5,CORNERS_HOME UNDER.3.5,CORNERS_HOME:UNDER_3_5,8.2%,0.081800,,,,,,,Sin cuota/EV,No encontrado en Betano,Baja,contexto premium torneo actual,usa promedios del contexto premium/API-Football,el volumen ofensivo puede variar por planteamiento y marcador temprano,
2026-08-25,13:45,Watford vs Peterborough,,,Visita tarjetas -0.5,CARDS_AWAY UNDER.0.5,CARDS_AWAY:UNDER_0_5,5.0%,0.049800,,,,,,,Sin cuota/EV,No encontrado en Betano,Baja,contexto premium torneo actual,usa promedios del contexto premium/API-Football,depende mucho del arbitro y del contexto competitivo,
2026-08-25,13:45,Watford vs Peterborough,,,SHOTS_TOTAL UNDER.26.5,SHOTS_TOTAL UNDER.26.5,SHOTS_TOTAL:UNDER_26_5,4.3%,0.043500,,,,,,,Sin cuota/EV,No encontrado en Betano,Baja,contexto premium torneo actual,usa promedios del contexto premium/API-Football,el volumen ofensivo puede variar por planteamiento y marcador temprano,
2026-08-25,13:45,Watford vs Peterborough,,,Visita corners +6.5,CORNERS_AWAY OVER.6.5,CORNERS_AWAY:OVER_6_5,3.4%,0.033500,,,,,,,Sin cuota/EV,No encontrado en Betano,Baja,contexto premium torneo actual,usa promedios del contexto premium/API-Football,el volumen ofensivo puede variar por planteamiento y marcador temprano,
2026-08-25,13:45,Watford vs Peterborough,10Bet,,Goles +3.5,TOTALS OVER.3.5,TOTALS:OVER_3_5,2.1%,0.021500,2.40,-0.95,-0.948300,,,,EV negativo,No encontrado en Betano,Baja,torneo actual,usa Poisson base con estadisticas de goles del torneo,un gol temprano o baja eficacia puede cambiar la lectura del mercado,
2026-08-25,13:45,Watford vs Peterborough,,,SHOTS_TOTAL UNDER.24.5,SHOTS_TOTAL UNDER.24.5,SHOTS_TOTAL:UNDER_24_5,1.9%,0.018600,,,,,,,Sin cuota/EV,No encontrado en Betano,Baja,contexto premium torneo actual,usa promedios del contexto premium/API-Football,el volumen ofensivo puede variar por planteamiento y marcador temprano,
2026-08-25,13:45,Watford vs Peterborough,,,Local goles +2.5,TEAM_TOTAL_HOME OVER.2.5,TEAM_TOTAL_HOME:OVER_2_5,1.8%,0.017600,,,,,,,Sin cuota/EV,No encontrado en Betano,Baja,torneo actual,usa Poisson base con estadisticas de goles del torneo,un gol temprano o baja eficacia puede cambiar la lectura del mercado,
2026-08-25,13:45,Watford vs Peterborough,,,Visita goles +2.5,TEAM_TOTAL_AWAY OVER.2.5,TEAM_TOTAL_AWAY:OVER_2_5,1.4%,0.014400,,,,,,,Sin cuota/EV,No encontrado en Betano,Baja,torneo actual,usa Poisson base con estadisticas de goles del torneo,un gol temprano o baja eficacia puede cambiar la lectura del mercado,
2026-08-25,13:45,Watford vs Peterborough,,,SHOTS_TOTAL UNDER.22.5,SHOTS_TOTAL UNDER.22.5,SHOTS_TOTAL:UNDER_22_5,0.7%,0.006800,,,,,,,Sin cuota/EV,No encontrado en Betano,Baja,contexto premium torneo actual,usa promedios del contexto premium/API-Football,el volumen ofensivo puede variar por planteamiento y marcador temprano,
2026-08-25,13:45,Watford vs Peterborough,,,SHOTS_TOTAL UNDER.20.5,SHOTS_TOTAL UNDER.20.5,SHOTS_TOTAL:UNDER_20_5,0.2%,0.002100,,,,,,,Sin cuota/EV,No encontrado en Betano,Baja,contexto premium torneo actual,usa promedios del contexto premium/API-Football,el volumen ofensivo puede variar por planteamiento y marcador temprano,
2026-08-25,13:45,Watford vs Peterborough,,,SHOTS_TOTAL UNDER.18.5,SHOTS_TOTAL UNDER.18.5,SHOTS_TOTAL:UNDER_18_5,0.1%,0.000500,,,,,,,Sin cuota/EV,No encontrado en Betano,Baja,contexto premium torneo actual,usa promedios del contexto premium/API-Football,el volumen ofensivo puede variar por planteamiento y marcador temprano,
2026-08-25,14:00,Valencia vs Real Betis,,Betano,Local goles -2.5,TEAM_TOTAL_HOME UNDER.2.5,TEAM_TOTAL_HOME:UNDER_2_5,100.0%,1.000000,,,,,,,Sin cuota/EV,No encontrado en Betano,Alta,torneo actual,usa Poisson base con estadisticas de goles del torneo,un gol temprano o baja eficacia puede cambiar la lectura del mercado,https://www.betano.pe/cuotas-de-partido/valencia-cf-real-betis-balompie/88311769/
2026-08-25,14:00,Valencia vs Real Betis,,Betano,Local goles -1.5,TEAM_TOTAL_HOME UNDER.1.5,TEAM_TOTAL_HOME:UNDER_1_5,99.9%,0.998800,,,,,,,Sin cuota/EV,No encontrado en Betano,Alta,torneo actual,usa Poisson base con estadisticas de goles del torneo,un gol temprano o baja eficacia puede cambiar la lectura del mercado,https://www.betano.pe/cuotas-de-partido/valencia-cf-real-betis-balompie/88311769/
2026-08-25,14:00,Valencia vs Real Betis,10Bet,Betano,Goles -3.5,TOTALS UNDER.3.5,TOTALS:UNDER_3_5,99.8%,0.997500,1.30,0.30,0.296800,1.34,0.34,0.336700,EV positivo,EV positivo Betano,Alta,torneo actual,usa Poisson base con estadisticas de goles del torneo,un gol temprano o baja eficacia puede cambiar la lectura del mercado,https://www.betano.pe/cuotas-de-partido/valencia-cf-real-betis-balompie/88311769/
2026-08-25,14:00,Valencia vs Real Betis,,Betano,Visita goles -2.5,TEAM_TOTAL_AWAY UNDER.2.5,TEAM_TOTAL_AWAY:UNDER_2_5,98.6%,0.985600,,,,,,,Sin cuota/EV,No encontrado en Betano,Alta,torneo actual,usa Poisson base con estadisticas de goles del torneo,un gol temprano o baja eficacia puede cambiar la lectura del mercado,https://www.betano.pe/cuotas-de-partido/valencia-cf-real-betis-balompie/88311769/
2026-08-25,14:00,Valencia vs Real Betis,10Bet,Betano,Goles -2.5,TOTALS UNDER.2.5,TOTALS:UNDER_2_5,98.2%,0.981500,1.17,0.15,0.148400,1.87,0.84,0.835400,EV positivo,EV positivo Betano,Alta,torneo actual,usa Poisson base con estadisticas de goles del torneo,un gol temprano o baja eficacia puede cambiar la lectura del mercado,https://www.betano.pe/cuotas-de-partido/valencia-cf-real-betis-balompie/88311769/
2026-08-25,14:00,Valencia vs Real Betis,10Bet,Betano,BTTS no,BTTS NO,BTTS:NO,98.1%,0.980800,1.18,0.16,0.157400,2.07,1.03,1.030300,EV positivo,EV positivo Betano,Alta,torneo actual,usa Poisson base con estadisticas de goles del torneo,un gol temprano o baja eficacia puede cambiar la lectura del mercado,https://www.betano.pe/cuotas-de-partido/valencia-cf-real-betis-balompie/88311769/
2026-08-25,14:00,Valencia vs Real Betis,,Betano,Corners total -11.5,CORNERS_TOTALS UNDER.11.5,CORNERS_TOTALS:UNDER_11_5,98.0%,0.979900,,,,,,,Sin cuota/EV,No encontrado en Betano,Alta,contexto premium torneo actual,usa promedios del contexto premium/API-Football,el volumen ofensivo puede variar por planteamiento y marcador temprano,https://www.betano.pe/cuotas-de-partido/valencia-cf-real-betis-balompie/88311769/
2026-08-25,14:00,Valencia vs Real Betis,,Betano,DOUBLE_CHANCE X2,DOUBLE_CHANCE X2,DOUBLE_CHANCE:X2,97.0%,0.970100,,,,,,,Sin cuota/EV,No encontrado en Betano,Alta,torneo actual,usa Poisson base con estadisticas de goles del torneo,riesgo propio del resultado final y variacion del modelo,https://www.betano.pe/cuotas-de-partido/valencia-cf-real-betis-balompie/88311769/
2026-08-25,14:00,Valencia vs Real Betis,,Betano,Local corners -6.5,CORNERS_HOME UNDER.6.5,CORNERS_HOME:UNDER_6_5,96.7%,0.966500,,,,,,,Sin cuota/EV,No encontrado en Betano,Alta,contexto premium torneo actual,usa promedios del contexto premium/API-Football,el volumen ofensivo puede variar por planteamiento y marcador temprano,https://www.betano.pe/cuotas-de-partido/valencia-cf-real-betis-balompie/88311769/
2026-08-25,14:00,Valencia vs Real Betis,,Betano,Visita corners -6.5,CORNERS_AWAY UNDER.6.5,CORNERS_AWAY:UNDER_6_5,96.7%,0.966500,,,,,,,Sin cuota/EV,No encontrado en Betano,Alta,contexto premium torneo actual,usa promedios del contexto premium/API-Football,el volumen ofensivo puede variar por planteamiento y marcador temprano,https://www.betano.pe/cuotas-de-partido/valencia-cf-real-betis-balompie/88311769/
2026-08-25,14:00,Valencia vs Real Betis,,Betano,Corners total -10.5,CORNERS_TOTALS UNDER.10.5,CORNERS_TOTALS:UNDER_10_5,95.7%,0.957400,,,,1.52,0.46,0.455200,Sin cuota/EV,EV positivo Betano,Alta,contexto premium torneo actual,usa promedios del contexto premium/API-Football,el volumen ofensivo puede variar por planteamiento y marcador temprano,https://www.betano.pe/cuotas-de-partido/valencia-cf-real-betis-balompie/88311769/
2026-08-25,14:00,Valencia vs Real Betis,,Betano,Local goles -0.5,TEAM_TOTAL_HOME UNDER.0.5,TEAM_TOTAL_HOME:UNDER_0_5,95.1%,0.951200,,,,,,,Sin cuota/EV,No encontrado en Betano,Alta,torneo actual,usa Poisson base con estadisticas de goles del torneo,un gol temprano o baja eficacia puede cambiar la lectura del mercado,https://www.betano.pe/cuotas-de-partido/valencia-cf-real-betis-balompie/88311769/
2026-08-25,14:00,Valencia vs Real Betis,,Betano,Visita tarjetas +0.5,CARDS_AWAY OVER.0.5,CARDS_AWAY:OVER_0_5,95.0%,0.950200,,,,,,,Sin cuota/EV,No encontrado en Betano,Alta,contexto premium torneo actual,usa promedios del contexto premium/API-Football,depende mucho del arbitro y del contexto competitivo,https://www.betano.pe/cuotas-de-partido/valencia-cf-real-betis-balompie/88311769/
2026-08-25,14:00,Valencia vs Real Betis,10Bet,Betano,DNB visita,DRAW_NO_BET AWAY,DRAW_NO_BET:AWAY,92.7%,0.926700,1.80,0.67,0.668000,,,,EV positivo,No encontrado en Betano,Alta,torneo actual,usa Poisson base con estadisticas de goles del torneo,riesgo propio del resultado final y variacion del modelo,https://www.betano.pe/cuotas-de-partido/valencia-cf-real-betis-balompie/88311769/
2026-08-25,14:00,Valencia vs Real Betis,10Bet,Betano,Local corners -5.5,CORNERS_HOME UNDER.5.5,CORNERS_HOME:UNDER_5_5,91.6%,0.916100,1.57,0.44,0.438200,,,,EV positivo,No encontrado en Betano,Alta,contexto premium torneo actual,usa promedios del contexto premium/API-Football,el volumen ofensivo puede variar por planteamiento y marcador temprano,https://www.betano.pe/cuotas-de-partido/valencia-cf-real-betis-balompie/88311769/
2026-08-25,14:00,Valencia vs Real Betis,,Betano,Visita corners -5.5,CORNERS_AWAY UNDER.5.5,CORNERS_AWAY:UNDER_5_5,91.6%,0.916100,,,,,,,Sin cuota/EV,No encontrado en Betano,Alta,contexto premium torneo actual,usa promedios del contexto premium/API-Football,el volumen ofensivo puede variar por planteamiento y marcador temprano,https://www.betano.pe/cuotas-de-partido/valencia-cf-real-betis-balompie/88311769/
2026-08-25,14:00,Valencia vs Real Betis,10Bet,Betano,Corners total -9.5,CORNERS_TOTALS UNDER.9.5,CORNERS_TOTALS:UNDER_9_5,91.6%,0.916100,1.85,0.69,0.694700,1.87,0.71,0.713100,EV positivo,EV positivo Betano,Alta,contexto premium torneo actual,usa promedios del contexto premium/API-Football,el volumen ofensivo puede variar por planteamiento y marcador temprano,https://www.betano.pe/cuotas-de-partido/valencia-cf-real-betis-balompie/88311769/
2026-08-25,14:00,Valencia vs Real Betis,,Betano,Visita goles -1.5,TEAM_TOTAL_AWAY UNDER.1.5,TEAM_TOTAL_AWAY:UNDER_1_5,91.0%,0.909800,,,,,,,Sin cuota/EV,No encontrado en Betano,Alta,torneo actual,usa Poisson base con estadisticas de goles del torneo,un gol temprano o baja eficacia puede cambiar la lectura del mercado,https://www.betano.pe/cuotas-de-partido/valencia-cf-real-betis-balompie/88311769/
2026-08-25,14:00,Valencia vs Real Betis,10Bet,Betano,Goles -1.5,TOTALS UNDER.1.5,TOTALS:UNDER_1_5,89.4%,0.894300,1.65,0.48,0.475500,3.40,2.04,2.040600,EV positivo,EV positivo Betano,Alta,torneo actual,usa Poisson base con estadisticas de goles del torneo,un gol temprano o baja eficacia puede cambiar la lectura del mercado,https://www.betano.pe/cuotas-de-partido/valencia-cf-real-betis-balompie/88311769/
2026-08-25,14:00,Valencia vs Real Betis,,Betano,SHOTS_TOTAL UNDER.26.5,SHOTS_TOTAL UNDER.26.5,SHOTS_TOTAL:UNDER_26_5,88.3%,0.882600,,,,,,,Sin cuota/EV,No encontrado en Betano,Alta,contexto premium torneo actual,usa promedios del contexto premium/API-Football,el volumen ofensivo puede variar por planteamiento y marcador temprano,https://www.betano.pe/cuotas-de-partido/valencia-cf-real-betis-balompie/88311769/
2026-08-25,14:00,Valencia vs Real Betis,,Betano,Tarjetas total +2.5,CARDS_TOTALS OVER.2.5,CARDS_TOTALS:OVER_2_5,87.5%,0.875300,,,,,,,Sin cuota/EV,No encontrado en Betano,Alta,contexto premium torneo actual,usa promedios del contexto premium/API-Football,depende mucho del arbitro y del contexto competitivo,https://www.betano.pe/cuotas-de-partido/valencia-cf-real-betis-balompie/88311769/
2026-08-25,14:00,Valencia vs Real Betis,,Betano,Local tarjetas +0.5,CARDS_HOME OVER.0.5,CARDS_HOME:OVER_0_5,86.5%,0.864700,,,,,,,Sin cuota/EV,No encontrado en Betano,Alta,contexto premium torneo actual,usa promedios del contexto premium/API-Football,depende mucho del arbitro y del contexto competitivo,https://www.betano.pe/cuotas-de-partido/valencia-cf-real-betis-balompie/88311769/
2026-08-25,14:00,Valencia vs Real Betis,,Betano,Local tarjetas -3.5,CARDS_HOME UNDER.3.5,CARDS_HOME:UNDER_3_5,85.7%,0.857100,,,,,,,Sin cuota/EV,No encontrado en Betano,Alta,contexto premium torneo actual,usa promedios del contexto premium/API-Football,depende mucho del arbitro y del contexto competitivo,https://www.betano.pe/cuotas-de-partido/valencia-cf-real-betis-balompie/88311769/
2026-08-25,14:00,Valencia vs Real Betis,,Betano,Corners total -8.5,CORNERS_TOTALS UNDER.8.5,CORNERS_TOTALS:UNDER_8_5,84.7%,0.847200,,,,2.42,1.05,1.050200,Sin cuota/EV,EV positivo Betano,Alta,contexto premium torneo actual,usa promedios del contexto premium/API-Football,el volumen ofensivo puede variar por planteamiento y marcador temprano,https://www.betano.pe/cuotas-de-partido/valencia-cf-real-betis-balompie/88311769/
2026-08-25,14:00,Valencia vs Real Betis,10Bet,Betano,Local corners -4.5,CORNERS_HOME UNDER.4.5,CORNERS_HOME:UNDER_4_5,81.5%,0.815300,2.05,0.67,0.671300,,,,EV positivo,No encontrado en Betano,Alta,contexto premium torneo actual,usa promedios del contexto premium/API-Football,el volumen ofensivo puede variar por planteamiento y marcador temprano,https://www.betano.pe/cuotas-de-partido/valencia-cf-real-betis-balompie/88311769/
2026-08-25,14:00,Valencia vs Real Betis,10Bet,Betano,Visita corners -4.5,CORNERS_AWAY UNDER.4.5,CORNERS_AWAY:UNDER_4_5,81.5%,0.815300,1.70,0.39,0.385900,,,,EV positivo,No encontrado en Betano,Alta,contexto premium torneo actual,usa promedios del contexto premium/API-Football,el volumen ofensivo puede variar por planteamiento y marcador temprano,https://www.betano.pe/cuotas-de-partido/valencia-cf-real-betis-balompie/88311769/
2026-08-25,14:00,Valencia vs Real Betis,,Betano,Visita tarjetas +1.5,CARDS_AWAY OVER.1.5,CARDS_AWAY:OVER_1_5,80.1%,0.800900,,,,,,,Sin cuota/EV,No encontrado en Betano,Alta,contexto premium torneo actual,usa promedios del contexto premium/API-Football,depende mucho del arbitro y del contexto competitivo,https://www.betano.pe/cuotas-de-partido/valencia-cf-real-betis-balompie/88311769/
2026-08-25,14:00,Valencia vs Real Betis,,Betano,SHOTS_TOTAL UNDER.24.5,SHOTS_TOTAL UNDER.24.5,SHOTS_TOTAL:UNDER_24_5,78.2%,0.782200,,,,,,,Sin cuota/EV,No encontrado en Betano,Alta,contexto premium torneo actual,usa promedios del contexto premium/API-Football,el volumen ofensivo puede variar por planteamiento y marcador temprano,https://www.betano.pe/cuotas-de-partido/valencia-cf-real-betis-balompie/88311769/
2026-08-25,14:00,Valencia vs Real Betis,,Betano,SHOTS_ON_TARGET_TOTAL UNDER.9.5,SHOTS_ON_TARGET_TOTAL UNDER.9.5,SHOTS_ON_TARGET_TOTAL:UNDER_9_5,77.6%,0.776400,,,,,,,Sin cuota/EV,No encontrado en Betano,Alta,contexto premium torneo actual,usa promedios del contexto premium/API-Football,el volumen ofensivo puede variar por planteamiento y marcador temprano,https://www.betano.pe/cuotas-de-partido/valencia-cf-real-betis-balompie/88311769/
2026-08-25,14:00,Valencia vs Real Betis,,Betano,Tarjetas total -6.5,CARDS_TOTALS UNDER.6.5,CARDS_TOTALS:UNDER_6_5,76.2%,0.762200,,,,,,,Sin cuota/EV,No encontrado en Betano,Alta,contexto premium torneo actual,usa promedios del contexto premium/API-Football,depende mucho del arbitro y del contexto competitivo,https://www.betano.pe/cuotas-de-partido/valencia-cf-real-betis-balompie/88311769/
2026-08-25,14:00,Valencia vs Real Betis,,Betano,Corners total -7.5,CORNERS_TOTALS UNDER.7.5,CORNERS_TOTALS:UNDER_7_5,74.4%,0.744000,,,,,,,Sin cuota/EV,No encontrado en Betano,Alta,contexto premium torneo actual,usa promedios del contexto premium/API-Football,el volumen ofensivo puede variar por planteamiento y marcador temprano,https://www.betano.pe/cuotas-de-partido/valencia-cf-real-betis-balompie/88311769/
2026-08-25,14:00,Valencia vs Real Betis,,Betano,Tarjetas total +3.5,CARDS_TOTALS OVER.3.5,CARDS_TOTALS:OVER_3_5,73.5%,0.735000,,,,,,,Sin cuota/EV,No encontrado en Betano,Alta,contexto premium torneo actual,usa promedios del contexto premium/API-Football,depende mucho del arbitro y del contexto competitivo,https://www.betano.pe/cuotas-de-partido/valencia-cf-real-betis-balompie/88311769/
2026-08-25,14:00,Valencia vs Real Betis,,Betano,SHOTS_TOTAL OVER.18.5,SHOTS_TOTAL OVER.18.5,SHOTS_TOTAL:OVER_18_5,69.8%,0.698300,,,,,,,Sin cuota/EV,No encontrado en Betano,Media,contexto premium torneo actual,usa promedios del contexto premium/API-Football,el volumen ofensivo puede variar por planteamiento y marcador temprano,https://www.betano.pe/cuotas-de-partido/valencia-cf-real-betis-balompie/88311769/
2026-08-25,14:00,Valencia vs Real Betis,,Betano,Local tarjetas -2.5,CARDS_HOME UNDER.2.5,CARDS_HOME:UNDER_2_5,67.7%,0.676700,,,,,,,Sin cuota/EV,No encontrado en Betano,Media,contexto premium torneo actual,usa promedios del contexto premium/API-Football,depende mucho del arbitro y del contexto competitivo,https://www.betano.pe/cuotas-de-partido/valencia-cf-real-betis-balompie/88311769/
2026-08-25,14:00,Valencia vs Real Betis,,Betano,SHOTS_ON_TARGET_TOTAL UNDER.8.5,SHOTS_ON_TARGET_TOTAL UNDER.8.5,SHOTS_ON_TARGET_TOTAL:UNDER_8_5,66.2%,0.662000,,,,,,,Sin cuota/EV,No encontrado en Betano,Media,contexto premium torneo actual,usa promedios del contexto premium/API-Football,el volumen ofensivo puede variar por planteamiento y marcador temprano,https://www.betano.pe/cuotas-de-partido/valencia-cf-real-betis-balompie/88311769/
2026-08-25,14:00,Valencia vs Real Betis,,Betano,Local corners -3.5,CORNERS_HOME UNDER.3.5,CORNERS_HOME:UNDER_3_5,64.7%,0.647200,,,,,,,Sin cuota/EV,No encontrado en Betano,Media,contexto premium torneo actual,usa promedios del contexto premium/API-Football,el volumen ofensivo puede variar por planteamiento y marcador temprano,https://www.betano.pe/cuotas-de-partido/valencia-cf-real-betis-balompie/88311769/
2026-08-25,14:00,Valencia vs Real Betis,,Betano,Visita corners -3.5,CORNERS_AWAY UNDER.3.5,CORNERS_AWAY:UNDER_3_5,64.7%,0.647200,,,,,,,Sin cuota/EV,No encontrado en Betano,Media,contexto premium torneo actual,usa promedios del contexto premium/API-Football,el volumen ofensivo puede variar por planteamiento y marcador temprano,https://www.betano.pe/cuotas-de-partido/valencia-cf-real-betis-balompie/88311769/
2026-08-25,14:00,Valencia vs Real Betis,,Betano,Visita tarjetas -3.5,CARDS_AWAY UNDER.3.5,CARDS_AWAY:UNDER_3_5,64.7%,0.647200,,,,,,,Sin cuota/EV,No encontrado en Betano,Media,contexto premium torneo actual,usa promedios del contexto premium/API-Football,depende mucho del arbitro y del contexto competitivo,https://www.betano.pe/cuotas-de-partido/valencia-cf-real-betis-balompie/88311769/
2026-08-25,14:00,Valencia vs Real Betis,,Betano,SHOTS_TOTAL UNDER.22.5,SHOTS_TOTAL UNDER.22.5,SHOTS_TOTAL:UNDER_22_5,64.0%,0.640500,,,,,,,Sin cuota/EV,No encontrado en Betano,Media,contexto premium torneo actual,usa promedios del contexto premium/API-Football,el volumen ofensivo puede variar por planteamiento y marcador temprano,https://www.betano.pe/cuotas-de-partido/valencia-cf-real-betis-balompie/88311769/
2026-08-25,14:00,Valencia vs Real Betis,,Betano,SHOTS_ON_TARGET_TOTAL OVER.6.5,SHOTS_ON_TARGET_TOTAL OVER.6.5,SHOTS_ON_TARGET_TOTAL:OVER_6_5,62.2%,0.621800,,,,,,,Sin cuota/EV,No encontrado en Betano,Media,contexto premium torneo actual,usa promedios del contexto premium/API-Football,el volumen ofensivo puede variar por planteamiento y marcador temprano,https://www.betano.pe/cuotas-de-partido/valencia-cf-real-betis-balompie/88311769/
2026-08-25,14:00,Valencia vs Real Betis,,Betano,DOUBLE_CHANCE 1X,DOUBLE_CHANCE 1X,DOUBLE_CHANCE:1X,62.1%,0.621400,,,,,,,Sin cuota/EV,No encontrado en Betano,Media,torneo actual,usa Poisson base con estadisticas de goles del torneo,riesgo propio del resultado final y variacion del modelo,https://www.betano.pe/cuotas-de-partido/valencia-cf-real-betis-balompie/88311769/
2026-08-25,14:00,Valencia vs Real Betis,,Betano,Tarjetas total -5.5,CARDS_TOTALS UNDER.5.5,CARDS_TOTALS:UNDER_5_5,61.6%,0.616000,,,,,,,Sin cuota/EV,No encontrado en Betano,Media,contexto premium torneo actual,usa promedios del contexto premium/API-Football,depende mucho del arbitro y del contexto competitivo,https://www.betano.pe/cuotas-de-partido/valencia-cf-real-betis-balompie/88311769/
2026-08-25,14:00,Valencia vs Real Betis,,Betano,Visita goles -0.5,TEAM_TOTAL_AWAY UNDER.0.5,TEAM_TOTAL_AWAY:UNDER_0_5,60.7%,0.606500,,,,,,,Sin cuota/EV,No encontrado en Betano,Media,torneo actual,usa Poisson base con estadisticas de goles del torneo,un gol temprano o baja eficacia puede cambiar la lectura del mercado,https://www.betano.pe/cuotas-de-partido/valencia-cf-real-betis-balompie/88311769/
2026-08-25,14:00,Valencia vs Real Betis,,Betano,Local tarjetas +1.5,CARDS_HOME OVER.1.5,CARDS_HOME:OVER_1_5,59.4%,0.594000,,,,,,,Sin cuota/EV,No encontrado en Betano,Media,contexto premium torneo actual,usa promedios del contexto premium/API-Football,depende mucho del arbitro y del contexto competitivo,https://www.betano.pe/cuotas-de-partido/valencia-cf-real-betis-balompie/88311769/
2026-08-25,14:00,Valencia vs Real Betis,10Bet,Betano,Empate,1X2 DRAW,1X2:DRAW,59.2%,0.591500,1.70,0.01,0.005500,3.30,0.95,0.952000,EV negativo,EV positivo Betano,Media,torneo actual,usa Poisson base con estadisticas de goles del torneo,riesgo propio del resultado final y variacion del modelo,https://www.betano.pe/cuotas-de-partido/valencia-cf-real-betis-balompie/88311769/
2026-08-25,14:00,Valencia vs Real Betis,,Betano,Visita tarjetas +2.5,CARDS_AWAY OVER.2.5,CARDS_AWAY:OVER_2_5,57.7%,0.576800,,,,,,,Sin cuota/EV,No encontrado en Betano,Media,contexto premium torneo actual,usa promedios del contexto premium/API-Football,depende mucho del arbitro y del contexto competitivo,https://www.betano.pe/cuotas-de-partido/valencia-cf-real-betis-balompie/88311769/
2026-08-25,14:00,Valencia vs Real Betis,,Betano,Tarjetas total +4.5,CARDS_TOTALS OVER.4.5,CARDS_TOTALS:OVER_4_5,56.0%,0.559500,,,,,,,Sin cuota/EV,No encontrado en Betano,Media,contexto premium torneo actual,usa promedios del contexto premium/API-Football,depende mucho del arbitro y del contexto competitivo,https://www.betano.pe/cuotas-de-partido/valencia-cf-real-betis-balompie/88311769/
2026-08-25,14:00,Valencia vs Real Betis,,Betano,SHOTS_TOTAL OVER.20.5,SHOTS_TOTAL OVER.20.5,SHOTS_TOTAL:OVER_20_5,52.9%,0.529000,,,,,,,Sin cuota/EV,No encontrado en Betano,Baja,contexto premium torneo actual,usa promedios del contexto premium/API-Football,el volumen ofensivo puede variar por planteamiento y marcador temprano,https://www.betano.pe/cuotas-de-partido/valencia-cf-real-betis-balompie/88311769/
2026-08-25,14:00,Valencia vs Real Betis,,Betano,SHOTS_ON_TARGET_TOTAL UNDER.7.5,SHOTS_ON_TARGET_TOTAL UNDER.7.5,SHOTS_ON_TARGET_TOTAL:UNDER_7_5,52.5%,0.524600,,,,,,,Sin cuota/EV,No encontrado en Betano,Baja,contexto premium torneo actual,usa promedios del contexto premium/API-Football,el volumen ofensivo puede variar por planteamiento y marcador temprano,https://www.betano.pe/cuotas-de-partido/valencia-cf-real-betis-balompie/88311769/
2026-08-25,14:00,Valencia vs Real Betis,,Betano,SHOTS_ON_TARGET_TOTAL OVER.7.5,SHOTS_ON_TARGET_TOTAL OVER.7.5,SHOTS_ON_TARGET_TOTAL:OVER_7_5,47.5%,0.475400,,,,,,,Sin cuota/EV,No encontrado en Betano,Baja,contexto premium torneo actual,usa promedios del contexto premium/API-Football,el volumen ofensivo puede variar por planteamiento y marcador temprano,https://www.betano.pe/cuotas-de-partido/valencia-cf-real-betis-balompie/88311769/
2026-08-25,14:00,Valencia vs Real Betis,,Betano,SHOTS_TOTAL UNDER.20.5,SHOTS_TOTAL UNDER.20.5,SHOTS_TOTAL:UNDER_20_5,47.1%,0.471000,,,,,,,Sin cuota/EV,No encontrado en Betano,Baja,contexto premium torneo actual,usa promedios del contexto premium/API-Football,el volumen ofensivo puede variar por planteamiento y marcador temprano,https://www.betano.pe/cuotas-de-partido/valencia-cf-real-betis-balompie/88311769/
2026-08-25,14:00,Valencia vs Real Betis,,Betano,Tarjetas total -4.5,CARDS_TOTALS UNDER.4.5,CARDS_TOTALS:UNDER_4_5,44.0%,0.440500,,,,,,,Sin cuota/EV,No encontrado en Betano,Baja,contexto premium torneo actual,usa promedios del contexto premium/API-Football,depende mucho del arbitro y del contexto competitivo,https://www.betano.pe/cuotas-de-partido/valencia-cf-real-betis-balompie/88311769/
2026-08-25,14:00,Valencia vs Real Betis,,Betano,Visita tarjetas -2.5,CARDS_AWAY UNDER.2.5,CARDS_AWAY:UNDER_2_5,42.3%,0.423200,,,,,,,Sin cuota/EV,No encontrado en Betano,Baja,contexto premium torneo actual,usa promedios del contexto premium/API-Football,depende mucho del arbitro y del contexto competitivo,https://www.betano.pe/cuotas-de-partido/valencia-cf-real-betis-balompie/88311769/
2026-08-25,14:00,Valencia vs Real Betis,,Betano,DOUBLE_CHANCE 12,DOUBLE_CHANCE 12,DOUBLE_CHANCE:12,40.8%,0.408500,,,,,,,Sin cuota/EV,No encontrado en Betano,Baja,torneo actual,usa Poisson base con estadisticas de goles del torneo,riesgo propio del resultado final y variacion del modelo,https://www.betano.pe/cuotas-de-partido/valencia-cf-real-betis-balompie/88311769/
2026-08-25,14:00,Valencia vs Real Betis,,Betano,Local tarjetas -1.5,CARDS_HOME UNDER.1.5,CARDS_HOME:UNDER_1_5,40.6%,0.406000,,,,,,,Sin cuota/EV,No encontrado en Betano,Baja,contexto premium torneo actual,usa promedios del contexto premium/API-Football,depende mucho del arbitro y del contexto competitivo,https://www.betano.pe/cuotas-de-partido/valencia-cf-real-betis-balompie/88311769/
2026-08-25,14:00,Valencia vs Real Betis,,Betano,Visita goles +0.5,TEAM_TOTAL_AWAY OVER.0.5,TEAM_TOTAL_AWAY:OVER_0_5,39.4%,0.393500,,,,,,,Sin cuota/EV,No encontrado en Betano,Baja,torneo actual,usa Poisson base con estadisticas de goles del torneo,un gol temprano o baja eficacia puede cambiar la lectura del mercado,https://www.betano.pe/cuotas-de-partido/valencia-cf-real-betis-balompie/88311769/
2026-08-25,14:00,Valencia vs Real Betis,,Betano,Tarjetas total +5.5,CARDS_TOTALS OVER.5.5,CARDS_TOTALS:OVER_5_5,38.4%,0.384000,,,,,,,Sin cuota/EV,No encontrado en Betano,Baja,contexto premium torneo actual,usa promedios del contexto premium/API-Football,depende mucho del arbitro y del contexto competitivo,https://www.betano.pe/cuotas-de-partido/valencia-cf-real-betis-balompie/88311769/
2026-08-25,14:00,Valencia vs Real Betis,10Bet,Betano,Gana visita,1X2 AWAY,1X2:AWAY,37.9%,0.378600,4.00,0.51,0.514300,2.60,-0.02,-0.015600,EV positivo,EV negativo Betano,Baja,torneo actual,usa Poisson base con estadisticas de goles del torneo,riesgo propio del resultado final y variacion del modelo,https://www.betano.pe/cuotas-de-partido/valencia-cf-real-betis-balompie/88311769/
2026-08-25,14:00,Valencia vs Real Betis,,Betano,SHOTS_ON_TARGET_TOTAL UNDER.6.5,SHOTS_ON_TARGET_TOTAL UNDER.6.5,SHOTS_ON_TARGET_TOTAL:UNDER_6_5,37.8%,0.378200,,,,,,,Sin cuota/EV,No encontrado en Betano,Baja,contexto premium torneo actual,usa promedios del contexto premium/API-Football,el volumen ofensivo puede variar por planteamiento y marcador temprano,https://www.betano.pe/cuotas-de-partido/valencia-cf-real-betis-balompie/88311769/
2026-08-25,14:00,Valencia vs Real Betis,,Betano,SHOTS_TOTAL OVER.22.5,SHOTS_TOTAL OVER.22.5,SHOTS_TOTAL:OVER_22_5,35.9%,0.359500,,,,,,,Sin cuota/EV,No encontrado en Betano,Baja,contexto premium torneo actual,usa promedios del contexto premium/API-Football,el volumen ofensivo puede variar por planteamiento y marcador temprano,https://www.betano.pe/cuotas-de-partido/valencia-cf-real-betis-balompie/88311769/
2026-08-25,14:00,Valencia vs Real Betis,,Betano,Local corners +3.5,CORNERS_HOME OVER.3.5,CORNERS_HOME:OVER_3_5,35.3%,0.352800,,,,,,,Sin cuota/EV,No encontrado en Betano,Baja,contexto premium torneo actual,usa promedios del contexto premium/API-Football,el volumen ofensivo puede variar por planteamiento y marcador temprano,https://www.betano.pe/cuotas-de-partido/valencia-cf-real-betis-balompie/88311769/
2026-08-25,14:00,Valencia vs Real Betis,,Betano,Visita corners +3.5,CORNERS_AWAY OVER.3.5,CORNERS_AWAY:OVER_3_5,35.3%,0.352800,,,,,,,Sin cuota/EV,No encontrado en Betano,Baja,contexto premium torneo actual,usa promedios del contexto premium/API-Football,el volumen ofensivo puede variar por planteamiento y marcador temprano,https://www.betano.pe/cuotas-de-partido/valencia-cf-real-betis-balompie/88311769/
2026-08-25,14:00,Valencia vs Real Betis,,Betano,Visita tarjetas +3.5,CARDS_AWAY OVER.3.5,CARDS_AWAY:OVER_3_5,35.3%,0.352800,,,,,,,Sin cuota/EV,No encontrado en Betano,Baja,contexto premium torneo actual,usa promedios del contexto premium/API-Football,depende mucho del arbitro y del contexto competitivo,https://www.betano.pe/cuotas-de-partido/valencia-cf-real-betis-balompie/88311769/
2026-08-25,14:00,Valencia vs Real Betis,,Betano,SHOTS_ON_TARGET_TOTAL OVER.8.5,SHOTS_ON_TARGET_TOTAL OVER.8.5,SHOTS_ON_TARGET_TOTAL:OVER_8_5,33.8%,0.338000,,,,,,,Sin cuota/EV,No encontrado en Betano,Baja,contexto premium torneo actual,usa promedios del contexto premium/API-Football,el volumen ofensivo puede variar por planteamiento y marcador temprano,https://www.betano.pe/cuotas-de-partido/valencia-cf-real-betis-balompie/88311769/
2026-08-25,14:00,Valencia vs Real Betis,,Betano,Local tarjetas +2.5,CARDS_HOME OVER.2.5,CARDS_HOME:OVER_2_5,32.3%,0.323300,,,,,,,Sin cuota/EV,No encontrado en Betano,Baja,contexto premium torneo actual,usa promedios del contexto premium/API-Football,depende mucho del arbitro y del contexto competitivo,https://www.betano.pe/cuotas-de-partido/valencia-cf-real-betis-balompie/88311769/
2026-08-25,14:00,Valencia vs Real Betis,,Betano,SHOTS_TOTAL UNDER.18.5,SHOTS_TOTAL UNDER.18.5,SHOTS_TOTAL:UNDER_18_5,30.2%,0.301700,,,,,,,Sin cuota/EV,No encontrado en Betano,Baja,contexto premium torneo actual,usa promedios del contexto premium/API-Football,el volumen ofensivo puede variar por planteamiento y marcador temprano,https://www.betano.pe/cuotas-de-partido/valencia-cf-real-betis-balompie/88311769/
2026-08-25,14:00,Valencia vs Real Betis,,Betano,Tarjetas total -3.5,CARDS_TOTALS UNDER.3.5,CARDS_TOTALS:UNDER_3_5,26.5%,0.265000,,,,,,,Sin cuota/EV,No encontrado en Betano,Baja,contexto premium torneo actual,usa promedios del contexto premium/API-Football,depende mucho del arbitro y del contexto competitivo,https://www.betano.pe/cuotas-de-partido/valencia-cf-real-betis-balompie/88311769/
2026-08-25,14:00,Valencia vs Real Betis,,Betano,Corners total +7.5,CORNERS_TOTALS OVER.7.5,CORNERS_TOTALS:OVER_7_5,25.6%,0.256000,,,,,,,Sin cuota/EV,No encontrado en Betano,Baja,contexto premium torneo actual,usa promedios del contexto premium/API-Football,el volumen ofensivo puede variar por planteamiento y marcador temprano,https://www.betano.pe/cuotas-de-partido/valencia-cf-real-betis-balompie/88311769/
2026-08-25,14:00,Valencia vs Real Betis,,Betano,Tarjetas total +6.5,CARDS_TOTALS OVER.6.5,CARDS_TOTALS:OVER_6_5,23.8%,0.237800,,,,,,,Sin cuota/EV,No encontrado en Betano,Baja,contexto premium torneo actual,usa promedios del contexto premium/API-Football,depende mucho del arbitro y del contexto competitivo,https://www.betano.pe/cuotas-de-partido/valencia-cf-real-betis-balompie/88311769/
2026-08-25,14:00,Valencia vs Real Betis,,Betano,SHOTS_ON_TARGET_TOTAL OVER.9.5,SHOTS_ON_TARGET_TOTAL OVER.9.5,SHOTS_ON_TARGET_TOTAL:OVER_9_5,22.4%,0.223600,,,,,,,Sin cuota/EV,No encontrado en Betano,Baja,contexto premium torneo actual,usa promedios del contexto premium/API-Football,el volumen ofensivo puede variar por planteamiento y marcador temprano,https://www.betano.pe/cuotas-de-partido/valencia-cf-real-betis-balompie/88311769/
2026-08-25,14:00,Valencia vs Real Betis,,Betano,SHOTS_TOTAL OVER.24.5,SHOTS_TOTAL OVER.24.5,SHOTS_TOTAL:OVER_24_5,21.8%,0.217800,,,,,,,Sin cuota/EV,No encontrado en Betano,Baja,contexto premium torneo actual,usa promedios del contexto premium/API-Football,el volumen ofensivo puede variar por planteamiento y marcador temprano,https://www.betano.pe/cuotas-de-partido/valencia-cf-real-betis-balompie/88311769/
2026-08-25,14:00,Valencia vs Real Betis,,Betano,Visita tarjetas -1.5,CARDS_AWAY UNDER.1.5,CARDS_AWAY:UNDER_1_5,19.9%,0.199100,,,,,,,Sin cuota/EV,No encontrado en Betano,Baja,contexto premium torneo actual,usa promedios del contexto premium/API-Football,depende mucho del arbitro y del contexto competitivo,https://www.betano.pe/cuotas-de-partido/valencia-cf-real-betis-balompie/88311769/
2026-08-25,14:00,Valencia vs Real Betis,10Bet,Betano,Local corners +4.5,CORNERS_HOME OVER.4.5,CORNERS_HOME:OVER_4_5,18.5%,0.184700,1.57,-0.71,-0.710000,,,,EV negativo,No encontrado en Betano,Baja,contexto premium torneo actual,usa promedios del contexto premium/API-Football,el volumen ofensivo puede variar por planteamiento y marcador temprano,https://www.betano.pe/cuotas-de-partido/valencia-cf-real-betis-balompie/88311769/
2026-08-25,14:00,Valencia vs Real Betis,10Bet,Betano,Visita corners +4.5,CORNERS_AWAY OVER.4.5,CORNERS_AWAY:OVER_4_5,18.5%,0.184700,1.90,-0.65,-0.649000,,,,EV negativo,No encontrado en Betano,Baja,contexto premium torneo actual,usa promedios del contexto premium/API-Football,el volumen ofensivo puede variar por planteamiento y marcador temprano,https://www.betano.pe/cuotas-de-partido/valencia-cf-real-betis-balompie/88311769/
2026-08-25,14:00,Valencia vs Real Betis,,Betano,Corners total +8.5,CORNERS_TOTALS OVER.8.5,CORNERS_TOTALS:OVER_8_5,15.3%,0.152800,,,,1.52,-0.77,-0.767700,Sin cuota/EV,EV negativo Betano,Baja,contexto premium torneo actual,usa promedios del contexto premium/API-Football,el volumen ofensivo puede variar por planteamiento y marcador temprano,https://www.betano.pe/cuotas-de-partido/valencia-cf-real-betis-balompie/88311769/
2026-08-25,14:00,Valencia vs Real Betis,,Betano,Local tarjetas +3.5,CARDS_HOME OVER.3.5,CARDS_HOME:OVER_3_5,14.3%,0.142900,,,,,,,Sin cuota/EV,No encontrado en Betano,Baja,contexto premium torneo actual,usa promedios del contexto premium/API-Football,depende mucho del arbitro y del contexto competitivo,https://www.betano.pe/cuotas-de-partido/valencia-cf-real-betis-balompie/88311769/
2026-08-25,14:00,Valencia vs Real Betis,,Betano,Local tarjetas -0.5,CARDS_HOME UNDER.0.5,CARDS_HOME:UNDER_0_5,13.5%,0.135300,,,,,,,Sin cuota/EV,No encontrado en Betano,Baja,contexto premium torneo actual,usa promedios del contexto premium/API-Football,depende mucho del arbitro y del contexto competitivo,https://www.betano.pe/cuotas-de-partido/valencia-cf-real-betis-balompie/88311769/
2026-08-25,14:00,Valencia vs Real Betis,,Betano,Tarjetas total -2.5,CARDS_TOTALS UNDER.2.5,CARDS_TOTALS:UNDER_2_5,12.5%,0.124700,,,,,,,Sin cuota/EV,No encontrado en Betano,Baja,contexto premium torneo actual,usa promedios del contexto premium/API-Football,depende mucho del arbitro y del contexto competitivo,https://www.betano.pe/cuotas-de-partido/valencia-cf-real-betis-balompie/88311769/
2026-08-25,14:00,Valencia vs Real Betis,,Betano,SHOTS_TOTAL OVER.26.5,SHOTS_TOTAL OVER.26.5,SHOTS_TOTAL:OVER_26_5,11.7%,0.117400,,,,,,,Sin cuota/EV,No encontrado en Betano,Baja,contexto premium torneo actual,usa promedios del contexto premium/API-Football,el volumen ofensivo puede variar por planteamiento y marcador temprano,https://www.betano.pe/cuotas-de-partido/valencia-cf-real-betis-balompie/88311769/
2026-08-25,14:00,Valencia vs Real Betis,10Bet,Betano,Goles +1.5,TOTALS OVER.1.5,TOTALS:OVER_1_5,10.6%,0.105700,2.10,-0.78,-0.778000,1.32,-0.86,-0.860500,EV negativo,EV negativo Betano,Baja,torneo actual,usa Poisson base con estadisticas de goles del torneo,un gol temprano o baja eficacia puede cambiar la lectura del mercado,https://www.betano.pe/cuotas-de-partido/valencia-cf-real-betis-balompie/88311769/
2026-08-25,14:00,Valencia vs Real Betis,,Betano,Visita goles +1.5,TEAM_TOTAL_AWAY OVER.1.5,TEAM_TOTAL_AWAY:OVER_1_5,9.0%,0.090200,,,,,,,Sin cuota/EV,No encontrado en Betano,Baja,torneo actual,usa Poisson base con estadisticas de goles del torneo,un gol temprano o baja eficacia puede cambiar la lectura del mercado,https://www.betano.pe/cuotas-de-partido/valencia-cf-real-betis-balompie/88311769/
2026-08-25,14:00,Valencia vs Real Betis,10Bet,Betano,Corners total +9.5,CORNERS_TOTALS OVER.9.5,CORNERS_TOTALS:OVER_9_5,8.4%,0.083900,1.85,-0.84,-0.844700,1.87,-0.84,-0.843100,EV negativo,EV negativo Betano,Baja,contexto premium torneo actual,usa promedios del contexto premium/API-Football,el volumen ofensivo puede variar por planteamiento y marcador temprano,https://www.betano.pe/cuotas-de-partido/valencia-cf-real-betis-balompie/88311769/
2026-08-25,14:00,Valencia vs Real Betis,10Bet,Betano,Local corners +5.5,CORNERS_HOME OVER.5.5,CORNERS_HOME:OVER_5_5,8.4%,0.083900,2.05,-0.83,-0.828000,,,,EV negativo,No encontrado en Betano,Baja,contexto premium torneo actual,usa promedios del contexto premium/API-Football,el volumen ofensivo puede variar por planteamiento y marcador temprano,https://www.betano.pe/cuotas-de-partido/valencia-cf-real-betis-balompie/88311769/
2026-08-25,14:00,Valencia vs Real Betis,,Betano,Visita corners +5.5,CORNERS_AWAY OVER.5.5,CORNERS_AWAY:OVER_5_5,8.4%,0.083900,,,,,,,Sin cuota/EV,No encontrado en Betano,Baja,contexto premium torneo actual,usa promedios del contexto premium/API-Football,el volumen ofensivo puede variar por planteamiento y marcador temprano,https://www.betano.pe/cuotas-de-partido/valencia-cf-real-betis-balompie/88311769/
2026-08-25,14:00,Valencia vs Real Betis,10Bet,Betano,DNB local,DRAW_NO_BET HOME,DRAW_NO_BET:HOME,7.3%,0.073300,1.91,-0.86,-0.860000,,,,EV negativo,No encontrado en Betano,Baja,torneo actual,usa Poisson base con estadisticas de goles del torneo,riesgo propio del resultado final y variacion del modelo,https://www.betano.pe/cuotas-de-partido/valencia-cf-real-betis-balompie/88311769/
2026-08-25,14:00,Valencia vs Real Betis,,Betano,Visita tarjetas -0.5,CARDS_AWAY UNDER.0.5,CARDS_AWAY:UNDER_0_5,5.0%,0.049800,,,,,,,Sin cuota/EV,No encontrado en Betano,Baja,contexto premium torneo actual,usa promedios del contexto premium/API-Football,depende mucho del arbitro y del contexto competitivo,https://www.betano.pe/cuotas-de-partido/valencia-cf-real-betis-balompie/88311769/
2026-08-25,14:00,Valencia vs Real Betis,,Betano,Local goles +0.5,TEAM_TOTAL_HOME OVER.0.5,TEAM_TOTAL_HOME:OVER_0_5,4.9%,0.048800,,,,,,,Sin cuota/EV,No encontrado en Betano,Baja,torneo actual,usa Poisson base con estadisticas de goles del torneo,un gol temprano o baja eficacia puede cambiar la lectura del mercado,https://www.betano.pe/cuotas-de-partido/valencia-cf-real-betis-balompie/88311769/
2026-08-25,14:00,Valencia vs Real Betis,,Betano,Corners total +10.5,CORNERS_TOTALS OVER.10.5,CORNERS_TOTALS:OVER_10_5,4.3%,0.042600,,,,2.45,-0.90,-0.895600,Sin cuota/EV,EV negativo Betano,Baja,contexto premium torneo actual,usa promedios del contexto premium/API-Football,el volumen ofensivo puede variar por planteamiento y marcador temprano,https://www.betano.pe/cuotas-de-partido/valencia-cf-real-betis-balompie/88311769/
2026-08-25,14:00,Valencia vs Real Betis,,Betano,Local corners +6.5,CORNERS_HOME OVER.6.5,CORNERS_HOME:OVER_6_5,3.4%,0.033500,,,,,,,Sin cuota/EV,No encontrado en Betano,Baja,contexto premium torneo actual,usa promedios del contexto premium/API-Football,el volumen ofensivo puede variar por planteamiento y marcador temprano,https://www.betano.pe/cuotas-de-partido/valencia-cf-real-betis-balompie/88311769/
2026-08-25,14:00,Valencia vs Real Betis,,Betano,Visita corners +6.5,CORNERS_AWAY OVER.6.5,CORNERS_AWAY:OVER_6_5,3.4%,0.033500,,,,,,,Sin cuota/EV,No encontrado en Betano,Baja,contexto premium torneo actual,usa promedios del contexto premium/API-Football,el volumen ofensivo puede variar por planteamiento y marcador temprano,https://www.betano.pe/cuotas-de-partido/valencia-cf-real-betis-balompie/88311769/
2026-08-25,14:00,Valencia vs Real Betis,10Bet,Betano,Gana local,1X2 HOME,1X2:HOME,3.0%,0.029900,4.20,-0.87,-0.874200,2.77,-0.92,-0.917200,EV negativo,EV negativo Betano,Baja,torneo actual,usa Poisson base con estadisticas de goles del torneo,riesgo propio del resultado final y variacion del modelo,https://www.betano.pe/cuotas-de-partido/valencia-cf-real-betis-balompie/88311769/
2026-08-25,14:00,Valencia vs Real Betis,,Betano,Corners total +11.5,CORNERS_TOTALS OVER.11.5,CORNERS_TOTALS:OVER_11_5,2.0%,0.020100,,,,,,,Sin cuota/EV,No encontrado en Betano,Baja,contexto premium torneo actual,usa promedios del contexto premium/API-Football,el volumen ofensivo puede variar por planteamiento y marcador temprano,https://www.betano.pe/cuotas-de-partido/valencia-cf-real-betis-balompie/88311769/
2026-08-25,14:00,Valencia vs Real Betis,10Bet,Betano,BTTS sí,BTTS YES,BTTS:YES,1.9%,0.019200,4.20,-0.92,-0.919400,1.70,-0.97,-0.967400,EV negativo,EV negativo Betano,Baja,torneo actual,usa Poisson base con estadisticas de goles del torneo,un gol temprano o baja eficacia puede cambiar la lectura del mercado,https://www.betano.pe/cuotas-de-partido/valencia-cf-real-betis-balompie/88311769/
2026-08-25,14:00,Valencia vs Real Betis,10Bet,Betano,Goles +2.5,TOTALS OVER.2.5,TOTALS:OVER_2_5,1.8%,0.018500,4.50,-0.92,-0.916900,1.95,-0.96,-0.963900,EV negativo,EV negativo Betano,Baja,torneo actual,usa Poisson base con estadisticas de goles del torneo,un gol temprano o baja eficacia puede cambiar la lectura del mercado,https://www.betano.pe/cuotas-de-partido/valencia-cf-real-betis-balompie/88311769/
2026-08-25,14:00,Valencia vs Real Betis,,Betano,Visita goles +2.5,TEAM_TOTAL_AWAY OVER.2.5,TEAM_TOTAL_AWAY:OVER_2_5,1.4%,0.014400,,,,,,,Sin cuota/EV,No encontrado en Betano,Baja,torneo actual,usa Poisson base con estadisticas de goles del torneo,un gol temprano o baja eficacia puede cambiar la lectura del mercado,https://www.betano.pe/cuotas-de-partido/valencia-cf-real-betis-balompie/88311769/
2026-08-25,14:00,Valencia vs Real Betis,10Bet,Betano,Goles +3.5,TOTALS OVER.3.5,TOTALS:OVER_3_5,0.2%,0.002500,3.40,-0.99,-0.991600,3.30,-0.99,-0.991800,EV negativo,EV negativo Betano,Baja,torneo actual,usa Poisson base con estadisticas de goles del torneo,un gol temprano o baja eficacia puede cambiar la lectura del mercado,https://www.betano.pe/cuotas-de-partido/valencia-cf-real-betis-balompie/88311769/
2026-08-25,14:00,Valencia vs Real Betis,,Betano,Local goles +1.5,TEAM_TOTAL_HOME OVER.1.5,TEAM_TOTAL_HOME:OVER_1_5,0.1%,0.001200,,,,,,,Sin cuota/EV,No encontrado en Betano,Baja,torneo actual,usa Poisson base con estadisticas de goles del torneo,un gol temprano o baja eficacia puede cambiar la lectura del mercado,https://www.betano.pe/cuotas-de-partido/valencia-cf-real-betis-balompie/88311769/
2026-08-25,14:00,Valencia vs Real Betis,,Betano,Local goles +2.5,TEAM_TOTAL_HOME OVER.2.5,TEAM_TOTAL_HOME:OVER_2_5,0.0%,0.000000,,,,,,,Sin cuota/EV,No encontrado en Betano,Baja,torneo actual,usa Poisson base con estadisticas de goles del torneo,un gol temprano o baja eficacia puede cambiar la lectura del mercado,https://www.betano.pe/cuotas-de-partido/valencia-cf-real-betis-balompie/88311769/
2026-08-25,14:00,Birmingham vs Brentford,,Betano,Tarjetas total -6.5,CARDS_TOTALS UNDER.6.5,CARDS_TOTALS:UNDER_6_5,99.9%,0.999100,,,,,,,Sin cuota/EV,No encontrado en Betano,Alta,contexto premium mixto,usa mezcla de promedios del torneo y recientes/API-Football,depende mucho del arbitro y del contexto competitivo,https://www.betano.pe/cuotas-de-partido/birmingham-brentford-fc/90631441/
2026-08-25,14:00,Birmingham vs Brentford,,Betano,Tarjetas total -5.5,CARDS_TOTALS UNDER.5.5,CARDS_TOTALS:UNDER_5_5,99.6%,0.995500,,,,,,,Sin cuota/EV,No encontrado en Betano,Alta,contexto premium mixto,usa mezcla de promedios del torneo y recientes/API-Football,depende mucho del arbitro y del contexto competitivo,https://www.betano.pe/cuotas-de-partido/birmingham-brentford-fc/90631441/
2026-08-25,14:00,Birmingham vs Brentford,,Betano,Tarjetas total -4.5,CARDS_TOTALS UNDER.4.5,CARDS_TOTALS:UNDER_4_5,98.1%,0.981400,,,,,,,Sin cuota/EV,No encontrado en Betano,Alta,contexto premium mixto,usa mezcla de promedios del torneo y recientes/API-Football,depende mucho del arbitro y del contexto competitivo,https://www.betano.pe/cuotas-de-partido/birmingham-brentford-fc/90631441/
2026-08-25,14:00,Birmingham vs Brentford,,Betano,Tarjetas total -3.5,CARDS_TOTALS UNDER.3.5,CARDS_TOTALS:UNDER_3_5,93.4%,0.934400,,,,1.72,0.61,0.607200,Sin cuota/EV,EV positivo Betano,Alta,contexto premium mixto,usa mezcla de promedios del torneo y recientes/API-Football,depende mucho del arbitro y del contexto competitivo,https://www.betano.pe/cuotas-de-partido/birmingham-brentford-fc/90631441/
2026-08-25,14:00,Birmingham vs Brentford,,Betano,Visita tarjetas -3.5,CARDS_AWAY UNDER.3.5,CARDS_AWAY:UNDER_3_5,93.4%,0.934400,,,,,,,Sin cuota/EV,No encontrado en Betano,Alta,contexto premium mixto,usa mezcla de promedios del torneo y recientes/API-Football,depende mucho del arbitro y del contexto competitivo,https://www.betano.pe/cuotas-de-partido/birmingham-brentford-fc/90631441/
2026-08-25,14:00,Birmingham vs Brentford,,Betano,SHOTS_TOTAL OVER.18.5,SHOTS_TOTAL OVER.18.5,SHOTS_TOTAL:OVER_18_5,89.5%,0.895500,,,,,,,Sin cuota/EV,No encontrado en Betano,Alta,contexto premium mixto,usa mezcla de promedios del torneo y recientes/API-Football,el volumen ofensivo puede variar por planteamiento y marcador temprano,https://www.betano.pe/cuotas-de-partido/birmingham-brentford-fc/90631441/
2026-08-25,14:00,Birmingham vs Brentford,,Betano,SHOTS_ON_TARGET_TOTAL UNDER.9.5,SHOTS_ON_TARGET_TOTAL UNDER.9.5,SHOTS_ON_TARGET_TOTAL:UNDER_9_5,89.3%,0.892900,,,,,,,Sin cuota/EV,No encontrado en Betano,Alta,contexto premium mixto,usa mezcla de promedios del torneo y recientes/API-Football,el volumen ofensivo puede variar por planteamiento y marcador temprano,https://www.betano.pe/cuotas-de-partido/birmingham-brentford-fc/90631441/
2026-08-25,14:00,Birmingham vs Brentford,,Betano,Corners total +7.5,CORNERS_TOTALS OVER.7.5,CORNERS_TOTALS:OVER_7_5,83.5%,0.835500,,,,,,,Sin cuota/EV,No encontrado en Betano,Alta,contexto premium mixto,usa mezcla de promedios del torneo y recientes/API-Football,el volumen ofensivo puede variar por planteamiento y marcador temprano,https://www.betano.pe/cuotas-de-partido/birmingham-brentford-fc/90631441/
2026-08-25,14:00,Birmingham vs Brentford,10Bet,Betano,Goles +1.5,TOTALS OVER.1.5,TOTALS:OVER_1_5,81.7%,0.817400,1.85,0.51,0.512300,1.24,0.01,0.013600,EV positivo,EV positivo Betano,Alta,fallback ultimos partidos,usa Poisson fallback con ultimos partidos multi-competicion,un gol temprano o baja eficacia puede cambiar la lectura del mercado,https://www.betano.pe/cuotas-de-partido/birmingham-brentford-fc/90631441/
2026-08-25,14:00,Birmingham vs Brentford,,Betano,SHOTS_ON_TARGET_TOTAL UNDER.8.5,SHOTS_ON_TARGET_TOTAL UNDER.8.5,SHOTS_ON_TARGET_TOTAL:UNDER_8_5,81.3%,0.813400,,,,,,,Sin cuota/EV,No encontrado en Betano,Alta,contexto premium mixto,usa mezcla de promedios del torneo y recientes/API-Football,el volumen ofensivo puede variar por planteamiento y marcador temprano,https://www.betano.pe/cuotas-de-partido/birmingham-brentford-fc/90631441/
2026-08-25,14:00,Birmingham vs Brentford,,Betano,Tarjetas total -2.5,CARDS_TOTALS UNDER.2.5,CARDS_TOTALS:UNDER_2_5,80.9%,0.808800,,,,,,,Sin cuota/EV,No encontrado en Betano,Alta,contexto premium mixto,usa mezcla de promedios del torneo y recientes/API-Football,depende mucho del arbitro y del contexto competitivo,https://www.betano.pe/cuotas-de-partido/birmingham-brentford-fc/90631441/
2026-08-25,14:00,Birmingham vs Brentford,,Betano,Visita tarjetas -2.5,CARDS_AWAY UNDER.2.5,CARDS_AWAY:UNDER_2_5,80.9%,0.808800,,,,,,,Sin cuota/EV,No encontrado en Betano,Alta,contexto premium mixto,usa mezcla de promedios del torneo y recientes/API-Football,depende mucho del arbitro y del contexto competitivo,https://www.betano.pe/cuotas-de-partido/birmingham-brentford-fc/90631441/
2026-08-25,14:00,Birmingham vs Brentford,,Betano,Visita corners +3.5,CORNERS_AWAY OVER.3.5,CORNERS_AWAY:OVER_3_5,80.5%,0.805300,,,,,,,Sin cuota/EV,No encontrado en Betano,Alta,contexto premium mixto,usa mezcla de promedios del torneo y recientes/API-Football,el volumen ofensivo puede variar por planteamiento y marcador temprano,https://www.betano.pe/cuotas-de-partido/birmingham-brentford-fc/90631441/
2026-08-25,14:00,Birmingham vs Brentford,,Betano,Visita goles -2.5,TEAM_TOTAL_AWAY UNDER.2.5,TEAM_TOTAL_AWAY:UNDER_2_5,79.6%,0.796200,,,,,,,Sin cuota/EV,No encontrado en Betano,Alta,fallback ultimos partidos,usa Poisson fallback con ultimos partidos multi-competicion,un gol temprano o baja eficacia puede cambiar la lectura del mercado,https://www.betano.pe/cuotas-de-partido/birmingham-brentford-fc/90631441/
2026-08-25,14:00,Birmingham vs Brentford,,Betano,SHOTS_TOTAL OVER.20.5,SHOTS_TOTAL OVER.20.5,SHOTS_TOTAL:OVER_20_5,79.4%,0.794300,,,,,,,Sin cuota/EV,No encontrado en Betano,Alta,contexto premium mixto,usa mezcla de promedios del torneo y recientes/API-Football,el volumen ofensivo puede variar por planteamiento y marcador temprano,https://www.betano.pe/cuotas-de-partido/birmingham-brentford-fc/90631441/
2026-08-25,14:00,Birmingham vs Brentford,,Betano,Local goles -2.5,TEAM_TOTAL_HOME UNDER.2.5,TEAM_TOTAL_HOME:UNDER_2_5,79.2%,0.792200,,,,1.08,-0.14,-0.144400,Sin cuota/EV,EV negativo Betano,Alta,fallback ultimos partidos,usa Poisson fallback con ultimos partidos multi-competicion,un gol temprano o baja eficacia puede cambiar la lectura del mercado,https://www.betano.pe/cuotas-de-partido/birmingham-brentford-fc/90631441/
2026-08-25,14:00,Birmingham vs Brentford,,Betano,Local goles +0.5,TEAM_TOTAL_HOME OVER.0.5,TEAM_TOTAL_HOME:OVER_0_5,79.1%,0.791100,,,,1.42,0.12,0.123400,Sin cuota/EV,EV positivo Betano,Alta,fallback ultimos partidos,usa Poisson fallback con ultimos partidos multi-competicion,un gol temprano o baja eficacia puede cambiar la lectura del mercado,https://www.betano.pe/cuotas-de-partido/birmingham-brentford-fc/90631441/
2026-08-25,14:00,Birmingham vs Brentford,,Betano,Visita goles +0.5,TEAM_TOTAL_AWAY OVER.0.5,TEAM_TOTAL_AWAY:OVER_0_5,78.8%,0.787700,,,,,,,Sin cuota/EV,No encontrado en Betano,Alta,fallback ultimos partidos,usa Poisson fallback con ultimos partidos multi-competicion,un gol temprano o baja eficacia puede cambiar la lectura del mercado,https://www.betano.pe/cuotas-de-partido/birmingham-brentford-fc/90631441/
2026-08-25,14:00,Birmingham vs Brentford,,Betano,Visita tarjetas +0.5,CARDS_AWAY OVER.0.5,CARDS_AWAY:OVER_0_5,77.7%,0.776900,,,,,,,Sin cuota/EV,No encontrado en Betano,Alta,contexto premium mixto,usa mezcla de promedios del torneo y recientes/API-Football,depende mucho del arbitro y del contexto competitivo,https://www.betano.pe/cuotas-de-partido/birmingham-brentford-fc/90631441/
2026-08-25,14:00,Birmingham vs Brentford,,Betano,DOUBLE_CHANCE 12,DOUBLE_CHANCE 12,DOUBLE_CHANCE:12,76.2%,0.762200,,,,,,,Sin cuota/EV,No encontrado en Betano,Alta,fallback ultimos partidos,usa Poisson fallback con ultimos partidos multi-competicion,riesgo propio del resultado final y variacion del modelo,https://www.betano.pe/cuotas-de-partido/birmingham-brentford-fc/90631441/
2026-08-25,14:00,Birmingham vs Brentford,,Betano,Local corners +3.5,CORNERS_HOME OVER.3.5,CORNERS_HOME:OVER_3_5,75.2%,0.752100,,,,,,,Sin cuota/EV,No encontrado en Betano,Alta,contexto premium mixto,usa mezcla de promedios del torneo y recientes/API-Football,el volumen ofensivo puede variar por planteamiento y marcador temprano,https://www.betano.pe/cuotas-de-partido/birmingham-brentford-fc/90631441/
2026-08-25,14:00,Birmingham vs Brentford,,Betano,Local corners -6.5,CORNERS_HOME UNDER.6.5,CORNERS_HOME:UNDER_6_5,74.4%,0.743700,,,,,,,Sin cuota/EV,No encontrado en Betano,Alta,contexto premium mixto,usa mezcla de promedios del torneo y recientes/API-Football,el volumen ofensivo puede variar por planteamiento y marcador temprano,https://www.betano.pe/cuotas-de-partido/birmingham-brentford-fc/90631441/
2026-08-25,14:00,Birmingham vs Brentford,,Betano,Corners total +8.5,CORNERS_TOTALS OVER.8.5,CORNERS_TOTALS:OVER_8_5,73.9%,0.739100,,,,1.42,0.05,0.049500,Sin cuota/EV,EV positivo Betano,Alta,contexto premium mixto,usa mezcla de promedios del torneo y recientes/API-Football,el volumen ofensivo puede variar por planteamiento y marcador temprano,https://www.betano.pe/cuotas-de-partido/birmingham-brentford-fc/90631441/
2026-08-25,14:00,Birmingham vs Brentford,,Betano,SHOTS_ON_TARGET_TOTAL UNDER.7.5,SHOTS_ON_TARGET_TOTAL UNDER.7.5,SHOTS_ON_TARGET_TOTAL:UNDER_7_5,70.0%,0.700000,,,,,,,Sin cuota/EV,No encontrado en Betano,Media,contexto premium mixto,usa mezcla de promedios del torneo y recientes/API-Football,el volumen ofensivo puede variar por planteamiento y marcador temprano,https://www.betano.pe/cuotas-de-partido/birmingham-brentford-fc/90631441/
2026-08-25,14:00,Birmingham vs Brentford,10Bet,Betano,1T +0.5,FIRST_HALF_TOTALS OVER.0.5,FIRST_HALF_TOTALS:OVER_0_5,69.9%,0.698800,1.67,0.17,0.167000,1.33,-0.07,-0.070600,EV positivo,EV negativo Betano,Media,contexto premium mixto,usa mezcla de promedios del torneo y recientes/API-Football,el primer tiempo puede tener ritmo bajo o rotaciones,https://www.betano.pe/cuotas-de-partido/birmingham-brentford-fc/90631441/
2026-08-25,14:00,Birmingham vs Brentford,,Betano,Visita corners -6.5,CORNERS_AWAY UNDER.6.5,CORNERS_AWAY:UNDER_6_5,67.6%,0.676200,,,,,,,Sin cuota/EV,No encontrado en Betano,Media,contexto premium mixto,usa mezcla de promedios del torneo y recientes/API-Football,el volumen ofensivo puede variar por planteamiento y marcador temprano,https://www.betano.pe/cuotas-de-partido/birmingham-brentford-fc/90631441/
2026-08-25,14:00,Birmingham vs Brentford,10Bet,Betano,1T -1.5,FIRST_HALF_TOTALS UNDER.1.5,FIRST_HALF_TOTALS:UNDER_1_5,66.3%,0.662600,1.18,-0.22,-0.218100,1.53,0.01,0.013800,EV negativo,EV positivo Betano,Media,contexto premium mixto,usa mezcla de promedios del torneo y recientes/API-Football,el primer tiempo puede tener ritmo bajo o rotaciones,https://www.betano.pe/cuotas-de-partido/birmingham-brentford-fc/90631441/
2026-08-25,14:00,Birmingham vs Brentford,,Betano,SHOTS_TOTAL UNDER.26.5,SHOTS_TOTAL UNDER.26.5,SHOTS_TOTAL:UNDER_26_5,65.8%,0.657800,,,,,,,Sin cuota/EV,No encontrado en Betano,Media,contexto premium mixto,usa mezcla de promedios del torneo y recientes/API-Football,el volumen ofensivo puede variar por planteamiento y marcador temprano,https://www.betano.pe/cuotas-de-partido/birmingham-brentford-fc/90631441/
2026-08-25,14:00,Birmingham vs Brentford,,Betano,SHOTS_TOTAL OVER.22.5,SHOTS_TOTAL OVER.22.5,SHOTS_TOTAL:OVER_22_5,65.5%,0.655500,,,,,,,Sin cuota/EV,No encontrado en Betano,Media,contexto premium mixto,usa mezcla de promedios del torneo y recientes/API-Football,el volumen ofensivo puede variar por planteamiento y marcador temprano,https://www.betano.pe/cuotas-de-partido/birmingham-brentford-fc/90631441/
2026-08-25,14:00,Birmingham vs Brentford,,Betano,Visita corners +4.5,CORNERS_AWAY OVER.4.5,CORNERS_AWAY:OVER_4_5,65.2%,0.652100,,,,,,,Sin cuota/EV,No encontrado en Betano,Media,contexto premium mixto,usa mezcla de promedios del torneo y recientes/API-Football,el volumen ofensivo puede variar por planteamiento y marcador temprano,https://www.betano.pe/cuotas-de-partido/birmingham-brentford-fc/90631441/
2026-08-25,14:00,Birmingham vs Brentford,10Bet,Betano,Corners total +9.5,CORNERS_TOTALS OVER.9.5,CORNERS_TOTALS:OVER_9_5,62.5%,0.624600,1.77,0.11,0.105600,1.72,0.07,0.074300,EV positivo,EV positivo Betano,Media,contexto premium mixto,usa mezcla de promedios del torneo y recientes/API-Football,el volumen ofensivo puede variar por planteamiento y marcador temprano,https://www.betano.pe/cuotas-de-partido/birmingham-brentford-fc/90631441/
2026-08-25,14:00,Birmingham vs Brentford,10Bet,Betano,BTTS sí,BTTS YES,BTTS:YES,62.3%,0.623100,3.55,1.21,1.212200,1.65,0.03,0.028100,EV positivo,EV positivo Betano,Media,fallback ultimos partidos,usa Poisson fallback con ultimos partidos multi-competicion,un gol temprano o baja eficacia puede cambiar la lectura del mercado,https://www.betano.pe/cuotas-de-partido/birmingham-brentford-fc/90631441/
2026-08-25,14:00,Birmingham vs Brentford,,Betano,DOUBLE_CHANCE 1X,DOUBLE_CHANCE 1X,DOUBLE_CHANCE:1X,62.2%,0.622400,,,,,,,Sin cuota/EV,No encontrado en Betano,Media,fallback ultimos partidos,usa Poisson fallback con ultimos partidos multi-competicion,riesgo propio del resultado final y variacion del modelo,https://www.betano.pe/cuotas-de-partido/birmingham-brentford-fc/90631441/
2026-08-25,14:00,Birmingham vs Brentford,10Bet,Betano,Goles -3.5,TOTALS UNDER.3.5,TOTALS:UNDER_3_5,62.1%,0.621300,1.45,-0.10,-0.099100,1.42,-0.12,-0.117800,EV negativo,EV negativo Betano,Media,fallback ultimos partidos,usa Poisson fallback con ultimos partidos multi-competicion,un gol temprano o baja eficacia puede cambiar la lectura del mercado,https://www.betano.pe/cuotas-de-partido/birmingham-brentford-fc/90631441/
2026-08-25,14:00,Birmingham vs Brentford,,Betano,Corners total -11.5,CORNERS_TOTALS UNDER.11.5,CORNERS_TOTALS:UNDER_11_5,61.7%,0.616500,,,,,,,Sin cuota/EV,No encontrado en Betano,Media,contexto premium mixto,usa mezcla de promedios del torneo y recientes/API-Football,el volumen ofensivo puede variar por planteamiento y marcador temprano,https://www.betano.pe/cuotas-de-partido/birmingham-brentford-fc/90631441/
2026-08-25,14:00,Birmingham vs Brentford,,Betano,DOUBLE_CHANCE X2,DOUBLE_CHANCE X2,DOUBLE_CHANCE:X2,61.6%,0.615500,,,,,,,Sin cuota/EV,No encontrado en Betano,Media,fallback ultimos partidos,usa Poisson fallback con ultimos partidos multi-competicion,riesgo propio del resultado final y variacion del modelo,https://www.betano.pe/cuotas-de-partido/birmingham-brentford-fc/90631441/
2026-08-25,14:00,Birmingham vs Brentford,10Bet,Betano,Goles +2.5,TOTALS OVER.2.5,TOTALS:OVER_2_5,60.2%,0.602200,3.70,1.23,1.228200,1.72,0.04,0.035800,EV positivo,EV positivo Betano,Media,fallback ultimos partidos,usa Poisson fallback con ultimos partidos multi-competicion,un gol temprano o baja eficacia puede cambiar la lectura del mercado,https://www.betano.pe/cuotas-de-partido/birmingham-brentford-fc/90631441/
2026-08-25,14:00,Birmingham vs Brentford,,Betano,Local corners -5.5,CORNERS_HOME UNDER.5.5,CORNERS_HOME:UNDER_5_5,59.4%,0.594000,,,,,,,Sin cuota/EV,No encontrado en Betano,Media,contexto premium mixto,usa mezcla de promedios del torneo y recientes/API-Football,el volumen ofensivo puede variar por planteamiento y marcador temprano,https://www.betano.pe/cuotas-de-partido/birmingham-brentford-fc/90631441/
2026-08-25,14:00,Birmingham vs Brentford,10Bet,Betano,Local corners +4.5,CORNERS_HOME OVER.4.5,CORNERS_HOME:OVER_4_5,58.1%,0.581200,1.95,0.13,0.133300,,,,EV positivo,No encontrado en Betano,Media,contexto premium mixto,usa mezcla de promedios del torneo y recientes/API-Football,el volumen ofensivo puede variar por planteamiento y marcador temprano,https://www.betano.pe/cuotas-de-partido/birmingham-brentford-fc/90631441/
2026-08-25,14:00,Birmingham vs Brentford,,Betano,Visita tarjetas -1.5,CARDS_AWAY UNDER.1.5,CARDS_AWAY:UNDER_1_5,55.8%,0.557800,,,,,,,Sin cuota/EV,No encontrado en Betano,Media,contexto premium mixto,usa mezcla de promedios del torneo y recientes/API-Football,depende mucho del arbitro y del contexto competitivo,https://www.betano.pe/cuotas-de-partido/birmingham-brentford-fc/90631441/
2026-08-25,14:00,Birmingham vs Brentford,,Betano,SHOTS_ON_TARGET_TOTAL UNDER.6.5,SHOTS_ON_TARGET_TOTAL UNDER.6.5,SHOTS_ON_TARGET_TOTAL:UNDER_6_5,55.6%,0.556200,,,,,,,Sin cuota/EV,No encontrado en Betano,Media,contexto premium mixto,usa mezcla de promedios del torneo y recientes/API-Football,el volumen ofensivo puede variar por planteamiento y marcador temprano,https://www.betano.pe/cuotas-de-partido/birmingham-brentford-fc/90631441/
2026-08-25,14:00,Birmingham vs Brentford,,Betano,Visita goles -1.5,TEAM_TOTAL_AWAY UNDER.1.5,TEAM_TOTAL_AWAY:UNDER_1_5,54.1%,0.541300,,,,,,,Sin cuota/EV,No encontrado en Betano,Baja,fallback ultimos partidos,usa Poisson fallback con ultimos partidos multi-competicion,un gol temprano o baja eficacia puede cambiar la lectura del mercado,https://www.betano.pe/cuotas-de-partido/birmingham-brentford-fc/90631441/
2026-08-25,14:00,Birmingham vs Brentford,,Betano,Local goles -1.5,TEAM_TOTAL_HOME UNDER.1.5,TEAM_TOTAL_HOME:UNDER_1_5,53.6%,0.536000,,,,1.37,-0.27,-0.265700,Sin cuota/EV,EV negativo Betano,Baja,fallback ultimos partidos,usa Poisson fallback con ultimos partidos multi-competicion,un gol temprano o baja eficacia puede cambiar la lectura del mercado,https://www.betano.pe/cuotas-de-partido/birmingham-brentford-fc/90631441/
2026-08-25,14:00,Birmingham vs Brentford,10Bet,Betano,Visita corners -5.5,CORNERS_AWAY UNDER.5.5,CORNERS_AWAY:UNDER_5_5,51.8%,0.518200,1.67,-0.13,-0.134500,,,,EV negativo,No encontrado en Betano,Baja,contexto premium mixto,usa mezcla de promedios del torneo y recientes/API-Football,el volumen ofensivo puede variar por planteamiento y marcador temprano,https://www.betano.pe/cuotas-de-partido/birmingham-brentford-fc/90631441/
2026-08-25,14:00,Birmingham vs Brentford,10Bet,Betano,DNB local,DRAW_NO_BET HOME,DRAW_NO_BET:HOME,50.4%,0.504500,2.45,0.24,0.236100,3.00,0.51,0.513500,EV positivo,EV positivo Betano,Baja,fallback ultimos partidos,usa Poisson fallback con ultimos partidos multi-competicion,riesgo propio del resultado final y variacion del modelo,https://www.betano.pe/cuotas-de-partido/birmingham-brentford-fc/90631441/
2026-08-25,14:00,Birmingham vs Brentford,,Betano,SHOTS_TOTAL UNDER.24.5,SHOTS_TOTAL UNDER.24.5,SHOTS_TOTAL:UNDER_24_5,50.3%,0.503400,,,,,,,Sin cuota/EV,No encontrado en Betano,Baja,contexto premium mixto,usa mezcla de promedios del torneo y recientes/API-Football,el volumen ofensivo puede variar por planteamiento y marcador temprano,https://www.betano.pe/cuotas-de-partido/birmingham-brentford-fc/90631441/
2026-08-25,14:00,Birmingham vs Brentford,,Betano,Corners total +10.5,CORNERS_TOTALS OVER.10.5,CORNERS_TOTALS:OVER_10_5,50.2%,0.502300,,,,2.20,0.11,0.105100,Sin cuota/EV,EV positivo Betano,Baja,contexto premium mixto,usa mezcla de promedios del torneo y recientes/API-Football,el volumen ofensivo puede variar por planteamiento y marcador temprano,https://www.betano.pe/cuotas-de-partido/birmingham-brentford-fc/90631441/
2026-08-25,14:00,Birmingham vs Brentford,,Betano,Corners total -10.5,CORNERS_TOTALS UNDER.10.5,CORNERS_TOTALS:UNDER_10_5,49.8%,0.497700,,,,1.62,-0.19,-0.193700,Sin cuota/EV,EV negativo Betano,Baja,contexto premium mixto,usa mezcla de promedios del torneo y recientes/API-Football,el volumen ofensivo puede variar por planteamiento y marcador temprano,https://www.betano.pe/cuotas-de-partido/birmingham-brentford-fc/90631441/
2026-08-25,14:00,Birmingham vs Brentford,,Betano,SHOTS_TOTAL OVER.24.5,SHOTS_TOTAL OVER.24.5,SHOTS_TOTAL:OVER_24_5,49.7%,0.496600,,,,,,,Sin cuota/EV,No encontrado en Betano,Baja,contexto premium mixto,usa mezcla de promedios del torneo y recientes/API-Football,el volumen ofensivo puede variar por planteamiento y marcador temprano,https://www.betano.pe/cuotas-de-partido/birmingham-brentford-fc/90631441/
2026-08-25,14:00,Birmingham vs Brentford,10Bet,Betano,DNB visita,DRAW_NO_BET AWAY,DRAW_NO_BET:AWAY,49.5%,0.495500,1.48,-0.27,-0.266700,,,,EV negativo,No encontrado en Betano,Baja,fallback ultimos partidos,usa Poisson fallback con ultimos partidos multi-competicion,riesgo propio del resultado final y variacion del modelo,https://www.betano.pe/cuotas-de-partido/birmingham-brentford-fc/90631441/
2026-08-25,14:00,Birmingham vs Brentford,10Bet,Betano,Visita corners +5.5,CORNERS_AWAY OVER.5.5,CORNERS_AWAY:OVER_5_5,48.2%,0.481800,1.93,-0.07,-0.070200,,,,EV negativo,No encontrado en Betano,Baja,contexto premium mixto,usa mezcla de promedios del torneo y recientes/API-Football,el volumen ofensivo puede variar por planteamiento y marcador temprano,https://www.betano.pe/cuotas-de-partido/birmingham-brentford-fc/90631441/
2026-08-25,14:00,Birmingham vs Brentford,,Betano,Local goles +1.5,TEAM_TOTAL_HOME OVER.1.5,TEAM_TOTAL_HOME:OVER_1_5,46.4%,0.464000,,,,2.95,0.37,0.368800,Sin cuota/EV,EV positivo Betano,Baja,fallback ultimos partidos,usa Poisson fallback con ultimos partidos multi-competicion,un gol temprano o baja eficacia puede cambiar la lectura del mercado,https://www.betano.pe/cuotas-de-partido/birmingham-brentford-fc/90631441/
2026-08-25,14:00,Birmingham vs Brentford,,Betano,Visita goles +1.5,TEAM_TOTAL_AWAY OVER.1.5,TEAM_TOTAL_AWAY:OVER_1_5,45.9%,0.458700,,,,,,,Sin cuota/EV,No encontrado en Betano,Baja,fallback ultimos partidos,usa Poisson fallback con ultimos partidos multi-competicion,un gol temprano o baja eficacia puede cambiar la lectura del mercado,https://www.betano.pe/cuotas-de-partido/birmingham-brentford-fc/90631441/
2026-08-25,14:00,Birmingham vs Brentford,,Betano,SHOTS_ON_TARGET_TOTAL OVER.6.5,SHOTS_ON_TARGET_TOTAL OVER.6.5,SHOTS_ON_TARGET_TOTAL:OVER_6_5,44.4%,0.443800,,,,,,,Sin cuota/EV,No encontrado en Betano,Baja,contexto premium mixto,usa mezcla de promedios del torneo y recientes/API-Football,el volumen ofensivo puede variar por planteamiento y marcador temprano,https://www.betano.pe/cuotas-de-partido/birmingham-brentford-fc/90631441/
2026-08-25,14:00,Birmingham vs Brentford,,Betano,Visita tarjetas +1.5,CARDS_AWAY OVER.1.5,CARDS_AWAY:OVER_1_5,44.2%,0.442200,,,,,,,Sin cuota/EV,No encontrado en Betano,Baja,contexto premium mixto,usa mezcla de promedios del torneo y recientes/API-Football,depende mucho del arbitro y del contexto competitivo,https://www.betano.pe/cuotas-de-partido/birmingham-brentford-fc/90631441/
2026-08-25,14:00,Birmingham vs Brentford,10Bet,Betano,Local corners -4.5,CORNERS_HOME UNDER.4.5,CORNERS_HOME:UNDER_4_5,41.9%,0.418800,1.65,-0.31,-0.308900,,,,EV negativo,No encontrado en Betano,Baja,contexto premium mixto,usa mezcla de promedios del torneo y recientes/API-Football,el volumen ofensivo puede variar por planteamiento y marcador temprano,https://www.betano.pe/cuotas-de-partido/birmingham-brentford-fc/90631441/
2026-08-25,14:00,Birmingham vs Brentford,,Betano,Local corners +5.5,CORNERS_HOME OVER.5.5,CORNERS_HOME:OVER_5_5,40.6%,0.406000,,,,,,,Sin cuota/EV,No encontrado en Betano,Baja,contexto premium mixto,usa mezcla de promedios del torneo y recientes/API-Football,el volumen ofensivo puede variar por planteamiento y marcador temprano,https://www.betano.pe/cuotas-de-partido/birmingham-brentford-fc/90631441/
2026-08-25,14:00,Birmingham vs Brentford,10Bet,Betano,Goles -2.5,TOTALS UNDER.2.5,TOTALS:UNDER_2_5,39.8%,0.397800,1.22,-0.51,-0.514700,2.05,-0.18,-0.184500,EV negativo,EV negativo Betano,Baja,fallback ultimos partidos,usa Poisson fallback con ultimos partidos multi-competicion,un gol temprano o baja eficacia puede cambiar la lectura del mercado,https://www.betano.pe/cuotas-de-partido/birmingham-brentford-fc/90631441/
2026-08-25,14:00,Birmingham vs Brentford,10Bet,Betano,Gana local,1X2 HOME,1X2:HOME,38.5%,0.384500,5.00,0.92,0.922700,4.15,0.60,0.595700,EV positivo,EV positivo Betano,Baja,fallback ultimos partidos,usa Poisson fallback con ultimos partidos multi-competicion,riesgo propio del resultado final y variacion del modelo,https://www.betano.pe/cuotas-de-partido/birmingham-brentford-fc/90631441/
2026-08-25,14:00,Birmingham vs Brentford,,Betano,Corners total +11.5,CORNERS_TOTALS OVER.11.5,CORNERS_TOTALS:OVER_11_5,38.4%,0.383500,,,,,,,Sin cuota/EV,No encontrado en Betano,Baja,contexto premium mixto,usa mezcla de promedios del torneo y recientes/API-Football,el volumen ofensivo puede variar por planteamiento y marcador temprano,https://www.betano.pe/cuotas-de-partido/birmingham-brentford-fc/90631441/
2026-08-25,14:00,Birmingham vs Brentford,10Bet,Betano,Goles +3.5,TOTALS OVER.3.5,TOTALS:OVER_3_5,37.9%,0.378700,2.70,0.02,0.022400,2.72,0.03,0.030100,EV positivo,EV positivo Betano,Baja,fallback ultimos partidos,usa Poisson fallback con ultimos partidos multi-competicion,un gol temprano o baja eficacia puede cambiar la lectura del mercado,https://www.betano.pe/cuotas-de-partido/birmingham-brentford-fc/90631441/
2026-08-25,14:00,Birmingham vs Brentford,10Bet,Betano,Gana visita,1X2 AWAY,1X2:AWAY,37.8%,0.377600,3.10,0.17,0.170600,1.80,-0.32,-0.320300,EV positivo,EV negativo Betano,Baja,fallback ultimos partidos,usa Poisson fallback con ultimos partidos multi-competicion,riesgo propio del resultado final y variacion del modelo,https://www.betano.pe/cuotas-de-partido/birmingham-brentford-fc/90631441/
2026-08-25,14:00,Birmingham vs Brentford,10Bet,Betano,BTTS no,BTTS NO,BTTS:NO,37.7%,0.376900,1.25,-0.53,-0.528900,2.12,-0.20,-0.201000,EV negativo,EV negativo Betano,Baja,fallback ultimos partidos,usa Poisson fallback con ultimos partidos multi-competicion,un gol temprano o baja eficacia puede cambiar la lectura del mercado,https://www.betano.pe/cuotas-de-partido/birmingham-brentford-fc/90631441/
2026-08-25,14:00,Birmingham vs Brentford,10Bet,Betano,Corners total -9.5,CORNERS_TOTALS UNDER.9.5,CORNERS_TOTALS:UNDER_9_5,37.5%,0.375400,1.95,-0.27,-0.268000,2.05,-0.23,-0.230400,EV negativo,EV negativo Betano,Baja,contexto premium mixto,usa mezcla de promedios del torneo y recientes/API-Football,el volumen ofensivo puede variar por planteamiento y marcador temprano,https://www.betano.pe/cuotas-de-partido/birmingham-brentford-fc/90631441/
2026-08-25,14:00,Birmingham vs Brentford,,Betano,Visita corners -4.5,CORNERS_AWAY UNDER.4.5,CORNERS_AWAY:UNDER_4_5,34.8%,0.347900,,,,,,,Sin cuota/EV,No encontrado en Betano,Baja,contexto premium mixto,usa mezcla de promedios del torneo y recientes/API-Football,el volumen ofensivo puede variar por planteamiento y marcador temprano,https://www.betano.pe/cuotas-de-partido/birmingham-brentford-fc/90631441/
2026-08-25,14:00,Birmingham vs Brentford,,Betano,SHOTS_TOTAL UNDER.22.5,SHOTS_TOTAL UNDER.22.5,SHOTS_TOTAL:UNDER_22_5,34.4%,0.344500,,,,,,,Sin cuota/EV,No encontrado en Betano,Baja,contexto premium mixto,usa mezcla de promedios del torneo y recientes/API-Football,el volumen ofensivo puede variar por planteamiento y marcador temprano,https://www.betano.pe/cuotas-de-partido/birmingham-brentford-fc/90631441/
2026-08-25,14:00,Birmingham vs Brentford,,Betano,SHOTS_TOTAL OVER.26.5,SHOTS_TOTAL OVER.26.5,SHOTS_TOTAL:OVER_26_5,34.2%,0.342200,,,,,,,Sin cuota/EV,No encontrado en Betano,Baja,contexto premium mixto,usa mezcla de promedios del torneo y recientes/API-Football,el volumen ofensivo puede variar por planteamiento y marcador temprano,https://www.betano.pe/cuotas-de-partido/birmingham-brentford-fc/90631441/
2026-08-25,14:00,Birmingham vs Brentford,10Bet,Betano,1T +1.5,FIRST_HALF_TOTALS OVER.1.5,FIRST_HALF_TOTALS:OVER_1_5,33.7%,0.337400,4.33,0.46,0.460800,2.40,-0.19,-0.190200,EV positivo,EV negativo Betano,Baja,contexto premium mixto,usa mezcla de promedios del torneo y recientes/API-Football,el primer tiempo puede tener ritmo bajo o rotaciones,https://www.betano.pe/cuotas-de-partido/birmingham-brentford-fc/90631441/
2026-08-25,14:00,Birmingham vs Brentford,,Betano,Visita corners +6.5,CORNERS_AWAY OVER.6.5,CORNERS_AWAY:OVER_6_5,32.4%,0.323800,,,,,,,Sin cuota/EV,No encontrado en Betano,Baja,contexto premium mixto,usa mezcla de promedios del torneo y recientes/API-Football,el volumen ofensivo puede variar por planteamiento y marcador temprano,https://www.betano.pe/cuotas-de-partido/birmingham-brentford-fc/90631441/
2026-08-25,14:00,Birmingham vs Brentford,10Bet,Betano,1T -0.5,FIRST_HALF_TOTALS UNDER.0.5,FIRST_HALF_TOTALS:UNDER_0_5,30.1%,0.301200,2.10,-0.37,-0.367500,3.15,-0.05,-0.051200,EV negativo,EV negativo Betano,Baja,contexto premium mixto,usa mezcla de promedios del torneo y recientes/API-Football,el primer tiempo puede tener ritmo bajo o rotaciones,https://www.betano.pe/cuotas-de-partido/birmingham-brentford-fc/90631441/
2026-08-25,14:00,Birmingham vs Brentford,,Betano,SHOTS_ON_TARGET_TOTAL OVER.7.5,SHOTS_ON_TARGET_TOTAL OVER.7.5,SHOTS_ON_TARGET_TOTAL:OVER_7_5,30.0%,0.300000,,,,,,,Sin cuota/EV,No encontrado en Betano,Baja,contexto premium mixto,usa mezcla de promedios del torneo y recientes/API-Football,el volumen ofensivo puede variar por planteamiento y marcador temprano,https://www.betano.pe/cuotas-de-partido/birmingham-brentford-fc/90631441/
2026-08-25,14:00,Birmingham vs Brentford,,Betano,Corners total -8.5,CORNERS_TOTALS UNDER.8.5,CORNERS_TOTALS:UNDER_8_5,26.1%,0.260900,,,,2.70,-0.30,-0.295600,Sin cuota/EV,EV negativo Betano,Baja,contexto premium mixto,usa mezcla de promedios del torneo y recientes/API-Football,el volumen ofensivo puede variar por planteamiento y marcador temprano,https://www.betano.pe/cuotas-de-partido/birmingham-brentford-fc/90631441/
2026-08-25,14:00,Birmingham vs Brentford,,Betano,Local corners +6.5,CORNERS_HOME OVER.6.5,CORNERS_HOME:OVER_6_5,25.6%,0.256300,,,,,,,Sin cuota/EV,No encontrado en Betano,Baja,contexto premium mixto,usa mezcla de promedios del torneo y recientes/API-Football,el volumen ofensivo puede variar por planteamiento y marcador temprano,https://www.betano.pe/cuotas-de-partido/birmingham-brentford-fc/90631441/
2026-08-25,14:00,Birmingham vs Brentford,,Betano,Local corners -3.5,CORNERS_HOME UNDER.3.5,CORNERS_HOME:UNDER_3_5,24.8%,0.247900,,,,,,,Sin cuota/EV,No encontrado en Betano,Baja,contexto premium mixto,usa mezcla de promedios del torneo y recientes/API-Football,el volumen ofensivo puede variar por planteamiento y marcador temprano,https://www.betano.pe/cuotas-de-partido/birmingham-brentford-fc/90631441/
2026-08-25,14:00,Birmingham vs Brentford,10Bet,Betano,Empate,1X2 DRAW,1X2:DRAW,23.8%,0.237800,1.80,-0.57,-0.571900,3.60,-0.14,-0.143900,EV negativo,EV negativo Betano,Baja,fallback ultimos partidos,usa Poisson fallback con ultimos partidos multi-competicion,riesgo propio del resultado final y variacion del modelo,https://www.betano.pe/cuotas-de-partido/birmingham-brentford-fc/90631441/
2026-08-25,14:00,Birmingham vs Brentford,,Betano,Visita tarjetas -0.5,CARDS_AWAY UNDER.0.5,CARDS_AWAY:UNDER_0_5,22.3%,0.223100,,,,,,,Sin cuota/EV,No encontrado en Betano,Baja,contexto premium mixto,usa mezcla de promedios del torneo y recientes/API-Football,depende mucho del arbitro y del contexto competitivo,https://www.betano.pe/cuotas-de-partido/birmingham-brentford-fc/90631441/
2026-08-25,14:00,Birmingham vs Brentford,,Betano,Visita goles -0.5,TEAM_TOTAL_AWAY UNDER.0.5,TEAM_TOTAL_AWAY:UNDER_0_5,21.2%,0.212300,,,,,,,Sin cuota/EV,No encontrado en Betano,Baja,fallback ultimos partidos,usa Poisson fallback con ultimos partidos multi-competicion,un gol temprano o baja eficacia puede cambiar la lectura del mercado,https://www.betano.pe/cuotas-de-partido/birmingham-brentford-fc/90631441/
2026-08-25,14:00,Birmingham vs Brentford,,Betano,Local goles -0.5,TEAM_TOTAL_HOME UNDER.0.5,TEAM_TOTAL_HOME:UNDER_0_5,20.9%,0.208900,,,,2.70,-0.44,-0.436000,Sin cuota/EV,EV negativo Betano,Baja,fallback ultimos partidos,usa Poisson fallback con ultimos partidos multi-competicion,un gol temprano o baja eficacia puede cambiar la lectura del mercado,https://www.betano.pe/cuotas-de-partido/birmingham-brentford-fc/90631441/
2026-08-25,14:00,Birmingham vs Brentford,,Betano,Local goles +2.5,TEAM_TOTAL_HOME OVER.2.5,TEAM_TOTAL_HOME:OVER_2_5,20.8%,0.207800,,,,6.80,0.41,0.413000,Sin cuota/EV,EV positivo Betano,Baja,fallback ultimos partidos,usa Poisson fallback con ultimos partidos multi-competicion,un gol temprano o baja eficacia puede cambiar la lectura del mercado,https://www.betano.pe/cuotas-de-partido/birmingham-brentford-fc/90631441/
2026-08-25,14:00,Birmingham vs Brentford,,Betano,SHOTS_TOTAL UNDER.20.5,SHOTS_TOTAL UNDER.20.5,SHOTS_TOTAL:UNDER_20_5,20.6%,0.205700,,,,,,,Sin cuota/EV,No encontrado en Betano,Baja,contexto premium mixto,usa mezcla de promedios del torneo y recientes/API-Football,el volumen ofensivo puede variar por planteamiento y marcador temprano,https://www.betano.pe/cuotas-de-partido/birmingham-brentford-fc/90631441/
2026-08-25,14:00,Birmingham vs Brentford,,Betano,Visita goles +2.5,TEAM_TOTAL_AWAY OVER.2.5,TEAM_TOTAL_AWAY:OVER_2_5,20.4%,0.203800,,,,,,,Sin cuota/EV,No encontrado en Betano,Baja,fallback ultimos partidos,usa Poisson fallback con ultimos partidos multi-competicion,un gol temprano o baja eficacia puede cambiar la lectura del mercado,https://www.betano.pe/cuotas-de-partido/birmingham-brentford-fc/90631441/
2026-08-25,14:00,Birmingham vs Brentford,,Betano,Visita corners -3.5,CORNERS_AWAY UNDER.3.5,CORNERS_AWAY:UNDER_3_5,19.5%,0.194700,,,,,,,Sin cuota/EV,No encontrado en Betano,Baja,contexto premium mixto,usa mezcla de promedios del torneo y recientes/API-Football,el volumen ofensivo puede variar por planteamiento y marcador temprano,https://www.betano.pe/cuotas-de-partido/birmingham-brentford-fc/90631441/
2026-08-25,14:00,Birmingham vs Brentford,,Betano,Tarjetas total +2.5,CARDS_TOTALS OVER.2.5,CARDS_TOTALS:OVER_2_5,19.1%,0.191200,,,,,,,Sin cuota/EV,No encontrado en Betano,Baja,contexto premium mixto,usa mezcla de promedios del torneo y recientes/API-Football,depende mucho del arbitro y del contexto competitivo,https://www.betano.pe/cuotas-de-partido/birmingham-brentford-fc/90631441/
2026-08-25,14:00,Birmingham vs Brentford,,Betano,Visita tarjetas +2.5,CARDS_AWAY OVER.2.5,CARDS_AWAY:OVER_2_5,19.1%,0.191200,,,,,,,Sin cuota/EV,No encontrado en Betano,Baja,contexto premium mixto,usa mezcla de promedios del torneo y recientes/API-Football,depende mucho del arbitro y del contexto competitivo,https://www.betano.pe/cuotas-de-partido/birmingham-brentford-fc/90631441/
2026-08-25,14:00,Birmingham vs Brentford,,Betano,SHOTS_ON_TARGET_TOTAL OVER.8.5,SHOTS_ON_TARGET_TOTAL OVER.8.5,SHOTS_ON_TARGET_TOTAL:OVER_8_5,18.7%,0.186600,,,,,,,Sin cuota/EV,No encontrado en Betano,Baja,contexto premium mixto,usa mezcla de promedios del torneo y recientes/API-Football,el volumen ofensivo puede variar por planteamiento y marcador temprano,https://www.betano.pe/cuotas-de-partido/birmingham-brentford-fc/90631441/
2026-08-25,14:00,Birmingham vs Brentford,10Bet,Betano,Goles -1.5,TOTALS UNDER.1.5,TOTALS:UNDER_1_5,18.3%,0.182600,1.83,-0.67,-0.665900,3.80,-0.31,-0.306100,EV negativo,EV negativo Betano,Baja,fallback ultimos partidos,usa Poisson fallback con ultimos partidos multi-competicion,un gol temprano o baja eficacia puede cambiar la lectura del mercado,https://www.betano.pe/cuotas-de-partido/birmingham-brentford-fc/90631441/
2026-08-25,14:00,Birmingham vs Brentford,,Betano,Corners total -7.5,CORNERS_TOTALS UNDER.7.5,CORNERS_TOTALS:UNDER_7_5,16.4%,0.164500,,,,,,,Sin cuota/EV,No encontrado en Betano,Baja,contexto premium mixto,usa mezcla de promedios del torneo y recientes/API-Football,el volumen ofensivo puede variar por planteamiento y marcador temprano,https://www.betano.pe/cuotas-de-partido/birmingham-brentford-fc/90631441/
2026-08-25,14:00,Birmingham vs Brentford,,Betano,SHOTS_ON_TARGET_TOTAL OVER.9.5,SHOTS_ON_TARGET_TOTAL OVER.9.5,SHOTS_ON_TARGET_TOTAL:OVER_9_5,10.7%,0.107100,,,,,,,Sin cuota/EV,No encontrado en Betano,Baja,contexto premium mixto,usa mezcla de promedios del torneo y recientes/API-Football,el volumen ofensivo puede variar por planteamiento y marcador temprano,https://www.betano.pe/cuotas-de-partido/birmingham-brentford-fc/90631441/
2026-08-25,14:00,Birmingham vs Brentford,,Betano,SHOTS_TOTAL UNDER.18.5,SHOTS_TOTAL UNDER.18.5,SHOTS_TOTAL:UNDER_18_5,10.4%,0.104500,,,,,,,Sin cuota/EV,No encontrado en Betano,Baja,contexto premium mixto,usa mezcla de promedios del torneo y recientes/API-Football,el volumen ofensivo puede variar por planteamiento y marcador temprano,https://www.betano.pe/cuotas-de-partido/birmingham-brentford-fc/90631441/
2026-08-25,14:00,Birmingham vs Brentford,,Betano,Tarjetas total +3.5,CARDS_TOTALS OVER.3.5,CARDS_TOTALS:OVER_3_5,6.6%,0.065600,,,,2.05,-0.87,-0.865500,Sin cuota/EV,EV negativo Betano,Baja,contexto premium mixto,usa mezcla de promedios del torneo y recientes/API-Football,depende mucho del arbitro y del contexto competitivo,https://www.betano.pe/cuotas-de-partido/birmingham-brentford-fc/90631441/
2026-08-25,14:00,Birmingham vs Brentford,,Betano,Visita tarjetas +3.5,CARDS_AWAY OVER.3.5,CARDS_AWAY:OVER_3_5,6.6%,0.065600,,,,,,,Sin cuota/EV,No encontrado en Betano,Baja,contexto premium mixto,usa mezcla de promedios del torneo y recientes/API-Football,depende mucho del arbitro y del contexto competitivo,https://www.betano.pe/cuotas-de-partido/birmingham-brentford-fc/90631441/
2026-08-25,14:00,Birmingham vs Brentford,,Betano,Tarjetas total +4.5,CARDS_TOTALS OVER.4.5,CARDS_TOTALS:OVER_4_5,1.9%,0.018600,,,,,,,Sin cuota/EV,No encontrado en Betano,Baja,contexto premium mixto,usa mezcla de promedios del torneo y recientes/API-Football,depende mucho del arbitro y del contexto competitivo,https://www.betano.pe/cuotas-de-partido/birmingham-brentford-fc/90631441/
2026-08-25,14:00,Birmingham vs Brentford,,Betano,Tarjetas total +5.5,CARDS_TOTALS OVER.5.5,CARDS_TOTALS:OVER_5_5,0.4%,0.004500,,,,,,,Sin cuota/EV,No encontrado en Betano,Baja,contexto premium mixto,usa mezcla de promedios del torneo y recientes/API-Football,depende mucho del arbitro y del contexto competitivo,https://www.betano.pe/cuotas-de-partido/birmingham-brentford-fc/90631441/
2026-08-25,14:00,Birmingham vs Brentford,,Betano,Tarjetas total +6.5,CARDS_TOTALS OVER.6.5,CARDS_TOTALS:OVER_6_5,0.1%,0.000900,,,,,,,Sin cuota/EV,No encontrado en Betano,Baja,contexto premium mixto,usa mezcla de promedios del torneo y recientes/API-Football,depende mucho del arbitro y del contexto competitivo,https://www.betano.pe/cuotas-de-partido/birmingham-brentford-fc/90631441/
2026-08-25,14:00,Nottingham Forest vs Leeds,,Betano,Visita corners -6.5,CORNERS_AWAY UNDER.6.5,CORNERS_AWAY:UNDER_6_5,97.2%,0.972400,,,,,,,Sin cuota/EV,No encontrado en Betano,Alta,contexto premium fallback reciente,usa promedios recientes multi-competicion/API-Football,el volumen ofensivo puede variar por planteamiento y marcador temprano,https://www.betano.pe/cuotas-de-partido/nottingham-forest-leeds-united/90631462/
2026-08-25,14:00,Nottingham Forest vs Leeds,,Betano,Tarjetas total -6.5,CARDS_TOTALS UNDER.6.5,CARDS_TOTALS:UNDER_6_5,93.5%,0.934700,,,,,,,Sin cuota/EV,No encontrado en Betano,Alta,contexto premium fallback reciente,usa promedios recientes multi-competicion/API-Football,depende mucho del arbitro y del contexto competitivo,https://www.betano.pe/cuotas-de-partido/nottingham-forest-leeds-united/90631462/
2026-08-25,14:00,Nottingham Forest vs Leeds,,Betano,Visita tarjetas -3.5,CARDS_AWAY UNDER.3.5,CARDS_AWAY:UNDER_3_5,93.4%,0.934400,,,,,,,Sin cuota/EV,No encontrado en Betano,Alta,contexto premium fallback reciente,usa promedios recientes multi-competicion/API-Football,depende mucho del arbitro y del contexto competitivo,https://www.betano.pe/cuotas-de-partido/nottingham-forest-leeds-united/90631462/
2026-08-25,14:00,Nottingham Forest vs Leeds,,Betano,Visita corners -5.5,CORNERS_AWAY UNDER.5.5,CORNERS_AWAY:UNDER_5_5,92.8%,0.928200,,,,,,,Sin cuota/EV,No encontrado en Betano,Alta,contexto premium fallback reciente,usa promedios recientes multi-competicion/API-Football,el volumen ofensivo puede variar por planteamiento y marcador temprano,https://www.betano.pe/cuotas-de-partido/nottingham-forest-leeds-united/90631462/
2026-08-25,14:00,Nottingham Forest vs Leeds,,Betano,SHOTS_TOTAL OVER.18.5,SHOTS_TOTAL OVER.18.5,SHOTS_TOTAL:OVER_18_5,89.5%,0.895500,,,,,,,Sin cuota/EV,No encontrado en Betano,Alta,contexto premium fallback reciente,usa promedios recientes multi-competicion/API-Football,el volumen ofensivo puede variar por planteamiento y marcador temprano,https://www.betano.pe/cuotas-de-partido/nottingham-forest-leeds-united/90631462/
2026-08-25,14:00,Nottingham Forest vs Leeds,,Betano,Local goles -2.5,TEAM_TOTAL_HOME UNDER.2.5,TEAM_TOTAL_HOME:UNDER_2_5,87.0%,0.870300,,,,1.20,0.04,0.044400,Sin cuota/EV,EV positivo Betano,Alta,fallback ultimos partidos,usa Poisson fallback con ultimos partidos multi-competicion,un gol temprano o baja eficacia puede cambiar la lectura del mercado,https://www.betano.pe/cuotas-de-partido/nottingham-forest-leeds-united/90631462/
2026-08-25,14:00,Nottingham Forest vs Leeds,,Betano,Corners total -11.5,CORNERS_TOTALS UNDER.11.5,CORNERS_TOTALS:UNDER_11_5,86.9%,0.869200,,,,,,,Sin cuota/EV,No encontrado en Betano,Alta,contexto premium fallback reciente,usa promedios recientes multi-competicion/API-Football,el volumen ofensivo puede variar por planteamiento y marcador temprano,https://www.betano.pe/cuotas-de-partido/nottingham-forest-leeds-united/90631462/
2026-08-25,14:00,Nottingham Forest vs Leeds,,Betano,SHOTS_ON_TARGET_TOTAL UNDER.9.5,SHOTS_ON_TARGET_TOTAL UNDER.9.5,SHOTS_ON_TARGET_TOTAL:UNDER_9_5,86.6%,0.866400,,,,,,,Sin cuota/EV,No encontrado en Betano,Alta,contexto premium fallback reciente,usa promedios recientes multi-competicion/API-Football,el volumen ofensivo puede variar por planteamiento y marcador temprano,https://www.betano.pe/cuotas-de-partido/nottingham-forest-leeds-united/90631462/
2026-08-25,14:00,Nottingham Forest vs Leeds,,Betano,Local tarjetas +0.5,CARDS_HOME OVER.0.5,CARDS_HOME:OVER_0_5,86.5%,0.864700,,,,,,,Sin cuota/EV,No encontrado en Betano,Alta,contexto premium fallback reciente,usa promedios recientes multi-competicion/API-Football,depende mucho del arbitro y del contexto competitivo,https://www.betano.pe/cuotas-de-partido/nottingham-forest-leeds-united/90631462/
2026-08-25,14:00,Nottingham Forest vs Leeds,,Betano,Tarjetas total -5.5,CARDS_TOTALS UNDER.5.5,CARDS_TOTALS:UNDER_5_5,85.8%,0.857600,,,,,,,Sin cuota/EV,No encontrado en Betano,Alta,contexto premium fallback reciente,usa promedios recientes multi-competicion/API-Football,depende mucho del arbitro y del contexto competitivo,https://www.betano.pe/cuotas-de-partido/nottingham-forest-leeds-united/90631462/
2026-08-25,14:00,Nottingham Forest vs Leeds,,Betano,Local tarjetas -3.5,CARDS_HOME UNDER.3.5,CARDS_HOME:UNDER_3_5,85.7%,0.857100,,,,,,,Sin cuota/EV,No encontrado en Betano,Alta,contexto premium fallback reciente,usa promedios recientes multi-competicion/API-Football,depende mucho del arbitro y del contexto competitivo,https://www.betano.pe/cuotas-de-partido/nottingham-forest-leeds-united/90631462/
2026-08-25,14:00,Nottingham Forest vs Leeds,,Betano,Visita goles -2.5,TEAM_TOTAL_AWAY UNDER.2.5,TEAM_TOTAL_AWAY:UNDER_2_5,84.5%,0.845500,,,,,,,Sin cuota/EV,No encontrado en Betano,Alta,fallback ultimos partidos,usa Poisson fallback con ultimos partidos multi-competicion,un gol temprano o baja eficacia puede cambiar la lectura del mercado,https://www.betano.pe/cuotas-de-partido/nottingham-forest-leeds-united/90631462/
2026-08-25,14:00,Nottingham Forest vs Leeds,10Bet,Betano,Visita corners -4.5,CORNERS_AWAY UNDER.4.5,CORNERS_AWAY:UNDER_4_5,83.6%,0.835800,1.67,0.40,0.395800,,,,EV positivo,No encontrado en Betano,Alta,contexto premium fallback reciente,usa promedios recientes multi-competicion/API-Football,el volumen ofensivo puede variar por planteamiento y marcador temprano,https://www.betano.pe/cuotas-de-partido/nottingham-forest-leeds-united/90631462/
2026-08-25,14:00,Nottingham Forest vs Leeds,,Betano,Visita tarjetas -2.5,CARDS_AWAY UNDER.2.5,CARDS_AWAY:UNDER_2_5,80.9%,0.808800,,,,,,,Sin cuota/EV,No encontrado en Betano,Alta,contexto premium fallback reciente,usa promedios recientes multi-competicion/API-Football,depende mucho del arbitro y del contexto competitivo,https://www.betano.pe/cuotas-de-partido/nottingham-forest-leeds-united/90631462/
2026-08-25,14:00,Nottingham Forest vs Leeds,,Betano,SHOTS_TOTAL OVER.20.5,SHOTS_TOTAL OVER.20.5,SHOTS_TOTAL:OVER_20_5,79.4%,0.794300,,,,,,,Sin cuota/EV,No encontrado en Betano,Alta,contexto premium fallback reciente,usa promedios recientes multi-competicion/API-Football,el volumen ofensivo puede variar por planteamiento y marcador temprano,https://www.betano.pe/cuotas-de-partido/nottingham-forest-leeds-united/90631462/
2026-08-25,14:00,Nottingham Forest vs Leeds,,Betano,Corners total -10.5,CORNERS_TOTALS UNDER.10.5,CORNERS_TOTALS:UNDER_10_5,79.0%,0.790300,,,,1.55,0.23,0.225000,Sin cuota/EV,EV positivo Betano,Alta,contexto premium fallback reciente,usa promedios recientes multi-competicion/API-Football,el volumen ofensivo puede variar por planteamiento y marcador temprano,https://www.betano.pe/cuotas-de-partido/nottingham-forest-leeds-united/90631462/
2026-08-25,14:00,Nottingham Forest vs Leeds,,Betano,Local corners +3.5,CORNERS_HOME OVER.3.5,CORNERS_HOME:OVER_3_5,78.4%,0.783700,,,,,,,Sin cuota/EV,No encontrado en Betano,Alta,contexto premium fallback reciente,usa promedios recientes multi-competicion/API-Football,el volumen ofensivo puede variar por planteamiento y marcador temprano,https://www.betano.pe/cuotas-de-partido/nottingham-forest-leeds-united/90631462/
2026-08-25,14:00,Nottingham Forest vs Leeds,,Betano,Visita tarjetas +0.5,CARDS_AWAY OVER.0.5,CARDS_AWAY:OVER_0_5,77.7%,0.776900,,,,,,,Sin cuota/EV,No encontrado en Betano,Alta,contexto premium fallback reciente,usa promedios recientes multi-competicion/API-Football,depende mucho del arbitro y del contexto competitivo,https://www.betano.pe/cuotas-de-partido/nottingham-forest-leeds-united/90631462/
2026-08-25,14:00,Nottingham Forest vs Leeds,,Betano,SHOTS_ON_TARGET_TOTAL UNDER.8.5,SHOTS_ON_TARGET_TOTAL UNDER.8.5,SHOTS_ON_TARGET_TOTAL:UNDER_8_5,77.6%,0.776500,,,,,,,Sin cuota/EV,No encontrado en Betano,Alta,contexto premium fallback reciente,usa promedios recientes multi-competicion/API-Football,el volumen ofensivo puede variar por planteamiento y marcador temprano,https://www.betano.pe/cuotas-de-partido/nottingham-forest-leeds-united/90631462/
2026-08-25,14:00,Nottingham Forest vs Leeds,,Betano,Visita goles +0.5,TEAM_TOTAL_AWAY OVER.0.5,TEAM_TOTAL_AWAY:OVER_0_5,74.1%,0.740700,,,,,,,Sin cuota/EV,No encontrado en Betano,Alta,fallback ultimos partidos,usa Poisson fallback con ultimos partidos multi-competicion,un gol temprano o baja eficacia puede cambiar la lectura del mercado,https://www.betano.pe/cuotas-de-partido/nottingham-forest-leeds-united/90631462/
2026-08-25,14:00,Nottingham Forest vs Leeds,10Bet,Betano,Goles -3.5,TOTALS UNDER.3.5,TOTALS:UNDER_3_5,73.8%,0.737800,1.30,-0.04,-0.040900,1.33,-0.02,-0.018700,EV negativo,EV negativo Betano,Alta,fallback ultimos partidos,usa Poisson fallback con ultimos partidos multi-competicion,un gol temprano o baja eficacia puede cambiar la lectura del mercado,https://www.betano.pe/cuotas-de-partido/nottingham-forest-leeds-united/90631462/
2026-08-25,14:00,Nottingham Forest vs Leeds,,Betano,DOUBLE_CHANCE 12,DOUBLE_CHANCE 12,DOUBLE_CHANCE:12,73.6%,0.736100,,,,,,,Sin cuota/EV,No encontrado en Betano,Alta,fallback ultimos partidos,usa Poisson fallback con ultimos partidos multi-competicion,riesgo propio del resultado final y variacion del modelo,https://www.betano.pe/cuotas-de-partido/nottingham-forest-leeds-united/90631462/
2026-08-25,14:00,Nottingham Forest vs Leeds,10Bet,Betano,Goles +1.5,TOTALS OVER.1.5,TOTALS:OVER_1_5,73.1%,0.731000,2.10,0.54,0.535200,1.31,-0.04,-0.042400,EV positivo,EV negativo Betano,Alta,fallback ultimos partidos,usa Poisson fallback con ultimos partidos multi-competicion,un gol temprano o baja eficacia puede cambiar la lectura del mercado,https://www.betano.pe/cuotas-de-partido/nottingham-forest-leeds-united/90631462/
2026-08-25,14:00,Nottingham Forest vs Leeds,,Betano,Tarjetas total -4.5,CARDS_TOTALS UNDER.4.5,CARDS_TOTALS:UNDER_4_5,72.5%,0.725400,,,,,,,Sin cuota/EV,No encontrado en Betano,Alta,contexto premium fallback reciente,usa promedios recientes multi-competicion/API-Football,depende mucho del arbitro y del contexto competitivo,https://www.betano.pe/cuotas-de-partido/nottingham-forest-leeds-united/90631462/
2026-08-25,14:00,Nottingham Forest vs Leeds,10Bet,Betano,1T +0.5,FIRST_HALF_TOTALS OVER.0.5,FIRST_HALF_TOTALS:OVER_0_5,71.4%,0.713500,2.25,0.61,0.605400,1.44,0.03,0.027400,EV positivo,EV positivo Betano,Alta,contexto premium fallback reciente,usa promedios recientes multi-competicion/API-Football,el primer tiempo puede tener ritmo bajo o rotaciones,https://www.betano.pe/cuotas-de-partido/nottingham-forest-leeds-united/90631462/
2026-08-25,14:00,Nottingham Forest vs Leeds,,Betano,Local goles +0.5,TEAM_TOTAL_HOME OVER.0.5,TEAM_TOTAL_HOME:OVER_0_5,71.1%,0.711200,,,,1.25,-0.11,-0.111000,Sin cuota/EV,EV negativo Betano,Alta,fallback ultimos partidos,usa Poisson fallback con ultimos partidos multi-competicion,un gol temprano o baja eficacia puede cambiar la lectura del mercado,https://www.betano.pe/cuotas-de-partido/nottingham-forest-leeds-united/90631462/
2026-08-25,14:00,Nottingham Forest vs Leeds,,Betano,Local corners -6.5,CORNERS_HOME UNDER.6.5,CORNERS_HOME:UNDER_6_5,70.6%,0.705600,,,,,,,Sin cuota/EV,No encontrado en Betano,Alta,contexto premium fallback reciente,usa promedios recientes multi-competicion/API-Football,el volumen ofensivo puede variar por planteamiento y marcador temprano,https://www.betano.pe/cuotas-de-partido/nottingham-forest-leeds-united/90631462/
2026-08-25,14:00,Nottingham Forest vs Leeds,10Bet,Betano,Corners total -9.5,CORNERS_TOTALS UNDER.9.5,CORNERS_TOTALS:UNDER_9_5,68.5%,0.685200,1.95,0.34,0.336100,1.93,0.32,0.322400,EV positivo,EV positivo Betano,Media,contexto premium fallback reciente,usa promedios recientes multi-competicion/API-Football,el volumen ofensivo puede variar por planteamiento y marcador temprano,https://www.betano.pe/cuotas-de-partido/nottingham-forest-leeds-united/90631462/
2026-08-25,14:00,Nottingham Forest vs Leeds,,Betano,Tarjetas total +2.5,CARDS_TOTALS OVER.2.5,CARDS_TOTALS:OVER_2_5,67.9%,0.679200,,,,,,,Sin cuota/EV,No encontrado en Betano,Media,contexto premium fallback reciente,usa promedios recientes multi-competicion/API-Football,depende mucho del arbitro y del contexto competitivo,https://www.betano.pe/cuotas-de-partido/nottingham-forest-leeds-united/90631462/
2026-08-25,14:00,Nottingham Forest vs Leeds,,Betano,Local tarjetas -2.5,CARDS_HOME UNDER.2.5,CARDS_HOME:UNDER_2_5,67.7%,0.676700,,,,,,,Sin cuota/EV,No encontrado en Betano,Media,contexto premium fallback reciente,usa promedios recientes multi-competicion/API-Football,depende mucho del arbitro y del contexto competitivo,https://www.betano.pe/cuotas-de-partido/nottingham-forest-leeds-united/90631462/
2026-08-25,14:00,Nottingham Forest vs Leeds,,Betano,Visita corners -3.5,CORNERS_AWAY UNDER.3.5,CORNERS_AWAY:UNDER_3_5,67.5%,0.675200,,,,,,,Sin cuota/EV,No encontrado en Betano,Media,contexto premium fallback reciente,usa promedios recientes multi-competicion/API-Football,el volumen ofensivo puede variar por planteamiento y marcador temprano,https://www.betano.pe/cuotas-de-partido/nottingham-forest-leeds-united/90631462/
2026-08-25,14:00,Nottingham Forest vs Leeds,,Betano,SHOTS_TOTAL UNDER.26.5,SHOTS_TOTAL UNDER.26.5,SHOTS_TOTAL:UNDER_26_5,65.8%,0.657800,,,,,,,Sin cuota/EV,No encontrado en Betano,Media,contexto premium fallback reciente,usa promedios recientes multi-competicion/API-Football,el volumen ofensivo puede variar por planteamiento y marcador temprano,https://www.betano.pe/cuotas-de-partido/nottingham-forest-leeds-united/90631462/
2026-08-25,14:00,Nottingham Forest vs Leeds,,Betano,DOUBLE_CHANCE X2,DOUBLE_CHANCE X2,DOUBLE_CHANCE:X2,65.7%,0.657300,,,,,,,Sin cuota/EV,No encontrado en Betano,Media,fallback ultimos partidos,usa Poisson fallback con ultimos partidos multi-competicion,riesgo propio del resultado final y variacion del modelo,https://www.betano.pe/cuotas-de-partido/nottingham-forest-leeds-united/90631462/
2026-08-25,14:00,Nottingham Forest vs Leeds,,Betano,SHOTS_TOTAL OVER.22.5,SHOTS_TOTAL OVER.22.5,SHOTS_TOTAL:OVER_22_5,65.5%,0.655500,,,,,,,Sin cuota/EV,No encontrado en Betano,Media,contexto premium fallback reciente,usa promedios recientes multi-competicion/API-Football,el volumen ofensivo puede variar por planteamiento y marcador temprano,https://www.betano.pe/cuotas-de-partido/nottingham-forest-leeds-united/90631462/
2026-08-25,14:00,Nottingham Forest vs Leeds,,Betano,SHOTS_ON_TARGET_TOTAL UNDER.7.5,SHOTS_ON_TARGET_TOTAL UNDER.7.5,SHOTS_ON_TARGET_TOTAL:UNDER_7_5,65.4%,0.654400,,,,,,,Sin cuota/EV,No encontrado en Betano,Media,contexto premium fallback reciente,usa promedios recientes multi-competicion/API-Football,el volumen ofensivo puede variar por planteamiento y marcador temprano,https://www.betano.pe/cuotas-de-partido/nottingham-forest-leeds-united/90631462/
2026-08-25,14:00,Nottingham Forest vs Leeds,,Betano,Local goles -1.5,TEAM_TOTAL_HOME UNDER.1.5,TEAM_TOTAL_HOME:UNDER_1_5,64.8%,0.647500,,,,1.70,0.10,0.100700,Sin cuota/EV,EV positivo Betano,Media,fallback ultimos partidos,usa Poisson fallback con ultimos partidos multi-competicion,un gol temprano o baja eficacia puede cambiar la lectura del mercado,https://www.betano.pe/cuotas-de-partido/nottingham-forest-leeds-united/90631462/
2026-08-25,14:00,Nottingham Forest vs Leeds,10Bet,Betano,1T -1.5,FIRST_HALF_TOTALS UNDER.1.5,FIRST_HALF_TOTALS:UNDER_1_5,64.5%,0.644600,1.11,-0.28,-0.284500,1.39,-0.10,-0.104000,EV negativo,EV negativo Betano,Media,contexto premium fallback reciente,usa promedios recientes multi-competicion/API-Football,el primer tiempo puede tener ritmo bajo o rotaciones,https://www.betano.pe/cuotas-de-partido/nottingham-forest-leeds-united/90631462/
2026-08-25,14:00,Nottingham Forest vs Leeds,,Betano,Local corners +4.5,CORNERS_HOME OVER.4.5,CORNERS_HOME:OVER_4_5,62.3%,0.622700,,,,,,,Sin cuota/EV,No encontrado en Betano,Media,contexto premium fallback reciente,usa promedios recientes multi-competicion/API-Football,el volumen ofensivo puede variar por planteamiento y marcador temprano,https://www.betano.pe/cuotas-de-partido/nottingham-forest-leeds-united/90631462/
2026-08-25,14:00,Nottingham Forest vs Leeds,,Betano,Visita goles -1.5,TEAM_TOTAL_AWAY UNDER.1.5,TEAM_TOTAL_AWAY:UNDER_1_5,60.9%,0.609200,,,,,,,Sin cuota/EV,No encontrado en Betano,Media,fallback ultimos partidos,usa Poisson fallback con ultimos partidos multi-competicion,un gol temprano o baja eficacia puede cambiar la lectura del mercado,https://www.betano.pe/cuotas-de-partido/nottingham-forest-leeds-united/90631462/
2026-08-25,14:00,Nottingham Forest vs Leeds,,Betano,DOUBLE_CHANCE 1X,DOUBLE_CHANCE 1X,DOUBLE_CHANCE:1X,60.7%,0.606600,,,,,,,Sin cuota/EV,No encontrado en Betano,Media,fallback ultimos partidos,usa Poisson fallback con ultimos partidos multi-competicion,riesgo propio del resultado final y variacion del modelo,https://www.betano.pe/cuotas-de-partido/nottingham-forest-leeds-united/90631462/
2026-08-25,14:00,Nottingham Forest vs Leeds,,Betano,Local tarjetas +1.5,CARDS_HOME OVER.1.5,CARDS_HOME:OVER_1_5,59.4%,0.594000,,,,,,,Sin cuota/EV,No encontrado en Betano,Media,contexto premium fallback reciente,usa promedios recientes multi-competicion/API-Football,depende mucho del arbitro y del contexto competitivo,https://www.betano.pe/cuotas-de-partido/nottingham-forest-leeds-united/90631462/
2026-08-25,14:00,Nottingham Forest vs Leeds,,Betano,Corners total +7.5,CORNERS_TOTALS OVER.7.5,CORNERS_TOTALS:OVER_7_5,58.1%,0.581400,,,,,,,Sin cuota/EV,No encontrado en Betano,Media,contexto premium fallback reciente,usa promedios recientes multi-competicion/API-Football,el volumen ofensivo puede variar por planteamiento y marcador temprano,https://www.betano.pe/cuotas-de-partido/nottingham-forest-leeds-united/90631462/
2026-08-25,14:00,Nottingham Forest vs Leeds,,Betano,Visita tarjetas -1.5,CARDS_AWAY UNDER.1.5,CARDS_AWAY:UNDER_1_5,55.8%,0.557800,,,,,,,Sin cuota/EV,No encontrado en Betano,Media,contexto premium fallback reciente,usa promedios recientes multi-competicion/API-Football,depende mucho del arbitro y del contexto competitivo,https://www.betano.pe/cuotas-de-partido/nottingham-forest-leeds-united/90631462/
2026-08-25,14:00,Nottingham Forest vs Leeds,,Betano,Corners total -8.5,CORNERS_TOTALS UNDER.8.5,CORNERS_TOTALS:UNDER_8_5,55.8%,0.557700,,,,2.50,0.39,0.394200,Sin cuota/EV,EV positivo Betano,Media,contexto premium fallback reciente,usa promedios recientes multi-competicion/API-Football,el volumen ofensivo puede variar por planteamiento y marcador temprano,https://www.betano.pe/cuotas-de-partido/nottingham-forest-leeds-united/90631462/
2026-08-25,14:00,Nottingham Forest vs Leeds,10Bet,Betano,Local corners -5.5,CORNERS_HOME UNDER.5.5,CORNERS_HOME:UNDER_5_5,55.0%,0.550500,1.65,-0.09,-0.091700,,,,EV negativo,No encontrado en Betano,Media,contexto premium fallback reciente,usa promedios recientes multi-competicion/API-Football,el volumen ofensivo puede variar por planteamiento y marcador temprano,https://www.betano.pe/cuotas-de-partido/nottingham-forest-leeds-united/90631462/
2026-08-25,14:00,Nottingham Forest vs Leeds,,Betano,Tarjetas total -3.5,CARDS_TOTALS UNDER.3.5,CARDS_TOTALS:UNDER_3_5,53.7%,0.536600,,,,1.62,-0.13,-0.130700,Sin cuota/EV,EV negativo Betano,Baja,contexto premium fallback reciente,usa promedios recientes multi-competicion/API-Football,depende mucho del arbitro y del contexto competitivo,https://www.betano.pe/cuotas-de-partido/nottingham-forest-leeds-united/90631462/
2026-08-25,14:00,Nottingham Forest vs Leeds,10Bet,Betano,DNB visita,DRAW_NO_BET AWAY,DRAW_NO_BET:AWAY,53.4%,0.534400,2.20,0.18,0.175700,,,,EV positivo,No encontrado en Betano,Baja,fallback ultimos partidos,usa Poisson fallback con ultimos partidos multi-competicion,riesgo propio del resultado final y variacion del modelo,https://www.betano.pe/cuotas-de-partido/nottingham-forest-leeds-united/90631462/
2026-08-25,14:00,Nottingham Forest vs Leeds,10Bet,Betano,BTTS sí,BTTS YES,BTTS:YES,52.7%,0.526800,4.00,1.11,1.107200,1.72,-0.09,-0.093900,EV positivo,EV negativo Betano,Baja,fallback ultimos partidos,usa Poisson fallback con ultimos partidos multi-competicion,un gol temprano o baja eficacia puede cambiar la lectura del mercado,https://www.betano.pe/cuotas-de-partido/nottingham-forest-leeds-united/90631462/
2026-08-25,14:00,Nottingham Forest vs Leeds,10Bet,Betano,Goles -2.5,TOTALS UNDER.2.5,TOTALS:UNDER_2_5,52.0%,0.520500,1.17,-0.39,-0.391100,1.83,-0.05,-0.047500,EV negativo,EV negativo Betano,Baja,fallback ultimos partidos,usa Poisson fallback con ultimos partidos multi-competicion,un gol temprano o baja eficacia puede cambiar la lectura del mercado,https://www.betano.pe/cuotas-de-partido/nottingham-forest-leeds-united/90631462/
2026-08-25,14:00,Nottingham Forest vs Leeds,,Betano,SHOTS_ON_TARGET_TOTAL UNDER.6.5,SHOTS_ON_TARGET_TOTAL UNDER.6.5,SHOTS_ON_TARGET_TOTAL:UNDER_6_5,50.7%,0.506900,,,,,,,Sin cuota/EV,No encontrado en Betano,Baja,contexto premium fallback reciente,usa promedios recientes multi-competicion/API-Football,el volumen ofensivo puede variar por planteamiento y marcador temprano,https://www.betano.pe/cuotas-de-partido/nottingham-forest-leeds-united/90631462/
2026-08-25,14:00,Nottingham Forest vs Leeds,,Betano,SHOTS_TOTAL UNDER.24.5,SHOTS_TOTAL UNDER.24.5,SHOTS_TOTAL:UNDER_24_5,50.3%,0.503400,,,,,,,Sin cuota/EV,No encontrado en Betano,Baja,contexto premium fallback reciente,usa promedios recientes multi-competicion/API-Football,el volumen ofensivo puede variar por planteamiento y marcador temprano,https://www.betano.pe/cuotas-de-partido/nottingham-forest-leeds-united/90631462/
2026-08-25,14:00,Nottingham Forest vs Leeds,,Betano,SHOTS_TOTAL OVER.24.5,SHOTS_TOTAL OVER.24.5,SHOTS_TOTAL:OVER_24_5,49.7%,0.496600,,,,,,,Sin cuota/EV,No encontrado en Betano,Baja,contexto premium fallback reciente,usa promedios recientes multi-competicion/API-Football,el volumen ofensivo puede variar por planteamiento y marcador temprano,https://www.betano.pe/cuotas-de-partido/nottingham-forest-leeds-united/90631462/
2026-08-25,14:00,Nottingham Forest vs Leeds,,Betano,SHOTS_ON_TARGET_TOTAL OVER.6.5,SHOTS_ON_TARGET_TOTAL OVER.6.5,SHOTS_ON_TARGET_TOTAL:OVER_6_5,49.3%,0.493100,,,,,,,Sin cuota/EV,No encontrado en Betano,Baja,contexto premium fallback reciente,usa promedios recientes multi-competicion/API-Football,el volumen ofensivo puede variar por planteamiento y marcador temprano,https://www.betano.pe/cuotas-de-partido/nottingham-forest-leeds-united/90631462/
2026-08-25,14:00,Nottingham Forest vs Leeds,10Bet,Betano,Goles +2.5,TOTALS OVER.2.5,TOTALS:OVER_2_5,47.9%,0.479500,4.50,1.16,1.157900,1.91,-0.08,-0.084200,EV positivo,EV negativo Betano,Baja,fallback ultimos partidos,usa Poisson fallback con ultimos partidos multi-competicion,un gol temprano o baja eficacia puede cambiar la lectura del mercado,https://www.betano.pe/cuotas-de-partido/nottingham-forest-leeds-united/90631462/
2026-08-25,14:00,Nottingham Forest vs Leeds,10Bet,Betano,BTTS no,BTTS NO,BTTS:NO,47.3%,0.473200,1.20,-0.43,-0.432200,2.02,-0.04,-0.044100,EV negativo,EV negativo Betano,Baja,fallback ultimos partidos,usa Poisson fallback con ultimos partidos multi-competicion,un gol temprano o baja eficacia puede cambiar la lectura del mercado,https://www.betano.pe/cuotas-de-partido/nottingham-forest-leeds-united/90631462/
2026-08-25,14:00,Nottingham Forest vs Leeds,10Bet,Betano,DNB local,DRAW_NO_BET HOME,DRAW_NO_BET:HOME,46.6%,0.465600,1.60,-0.26,-0.255000,1.55,-0.28,-0.278300,EV negativo,EV negativo Betano,Baja,fallback ultimos partidos,usa Poisson fallback con ultimos partidos multi-competicion,riesgo propio del resultado final y variacion del modelo,https://www.betano.pe/cuotas-de-partido/nottingham-forest-leeds-united/90631462/
2026-08-25,14:00,Nottingham Forest vs Leeds,,Betano,Tarjetas total +3.5,CARDS_TOTALS OVER.3.5,CARDS_TOTALS:OVER_3_5,46.3%,0.463400,,,,2.20,0.02,0.019500,Sin cuota/EV,EV positivo Betano,Baja,contexto premium fallback reciente,usa promedios recientes multi-competicion/API-Football,depende mucho del arbitro y del contexto competitivo,https://www.betano.pe/cuotas-de-partido/nottingham-forest-leeds-united/90631462/
2026-08-25,14:00,Nottingham Forest vs Leeds,10Bet,Betano,Local corners +5.5,CORNERS_HOME OVER.5.5,CORNERS_HOME:OVER_5_5,45.0%,0.449500,1.95,-0.12,-0.123400,,,,EV negativo,No encontrado en Betano,Baja,contexto premium fallback reciente,usa promedios recientes multi-competicion/API-Football,el volumen ofensivo puede variar por planteamiento y marcador temprano,https://www.betano.pe/cuotas-de-partido/nottingham-forest-leeds-united/90631462/
2026-08-25,14:00,Nottingham Forest vs Leeds,,Betano,Corners total +8.5,CORNERS_TOTALS OVER.8.5,CORNERS_TOTALS:OVER_8_5,44.2%,0.442300,,,,1.50,-0.34,-0.336500,Sin cuota/EV,EV negativo Betano,Baja,contexto premium fallback reciente,usa promedios recientes multi-competicion/API-Football,el volumen ofensivo puede variar por planteamiento y marcador temprano,https://www.betano.pe/cuotas-de-partido/nottingham-forest-leeds-united/90631462/
2026-08-25,14:00,Nottingham Forest vs Leeds,,Betano,Visita tarjetas +1.5,CARDS_AWAY OVER.1.5,CARDS_AWAY:OVER_1_5,44.2%,0.442200,,,,,,,Sin cuota/EV,No encontrado en Betano,Baja,contexto premium fallback reciente,usa promedios recientes multi-competicion/API-Football,depende mucho del arbitro y del contexto competitivo,https://www.betano.pe/cuotas-de-partido/nottingham-forest-leeds-united/90631462/
2026-08-25,14:00,Nottingham Forest vs Leeds,,Betano,Corners total -7.5,CORNERS_TOTALS UNDER.7.5,CORNERS_TOTALS:UNDER_7_5,41.9%,0.418600,,,,,,,Sin cuota/EV,No encontrado en Betano,Baja,contexto premium fallback reciente,usa promedios recientes multi-competicion/API-Football,el volumen ofensivo puede variar por planteamiento y marcador temprano,https://www.betano.pe/cuotas-de-partido/nottingham-forest-leeds-united/90631462/
2026-08-25,14:00,Nottingham Forest vs Leeds,,Betano,Local tarjetas -1.5,CARDS_HOME UNDER.1.5,CARDS_HOME:UNDER_1_5,40.6%,0.406000,,,,,,,Sin cuota/EV,No encontrado en Betano,Baja,contexto premium fallback reciente,usa promedios recientes multi-competicion/API-Football,depende mucho del arbitro y del contexto competitivo,https://www.betano.pe/cuotas-de-partido/nottingham-forest-leeds-united/90631462/
2026-08-25,14:00,Nottingham Forest vs Leeds,10Bet,Betano,Gana visita,1X2 AWAY,1X2:AWAY,39.3%,0.393400,4.75,0.87,0.868400,3.35,0.32,0.317900,EV positivo,EV positivo Betano,Baja,fallback ultimos partidos,usa Poisson fallback con ultimos partidos multi-competicion,riesgo propio del resultado final y variacion del modelo,https://www.betano.pe/cuotas-de-partido/nottingham-forest-leeds-united/90631462/
2026-08-25,14:00,Nottingham Forest vs Leeds,,Betano,Visita goles +1.5,TEAM_TOTAL_AWAY OVER.1.5,TEAM_TOTAL_AWAY:OVER_1_5,39.1%,0.390800,,,,,,,Sin cuota/EV,No encontrado en Betano,Baja,fallback ultimos partidos,usa Poisson fallback con ultimos partidos multi-competicion,un gol temprano o baja eficacia puede cambiar la lectura del mercado,https://www.betano.pe/cuotas-de-partido/nottingham-forest-leeds-united/90631462/
2026-08-25,14:00,Nottingham Forest vs Leeds,,Betano,Local corners -4.5,CORNERS_HOME UNDER.4.5,CORNERS_HOME:UNDER_4_5,37.7%,0.377300,,,,,,,Sin cuota/EV,No encontrado en Betano,Baja,contexto premium fallback reciente,usa promedios recientes multi-competicion/API-Football,el volumen ofensivo puede variar por planteamiento y marcador temprano,https://www.betano.pe/cuotas-de-partido/nottingham-forest-leeds-united/90631462/
2026-08-25,14:00,Nottingham Forest vs Leeds,10Bet,Betano,1T +1.5,FIRST_HALF_TOTALS OVER.1.5,FIRST_HALF_TOTALS:OVER_1_5,35.5%,0.355400,5.50,0.95,0.954500,2.85,0.01,0.012900,EV positivo,EV positivo Betano,Baja,contexto premium fallback reciente,usa promedios recientes multi-competicion/API-Football,el primer tiempo puede tener ritmo bajo o rotaciones,https://www.betano.pe/cuotas-de-partido/nottingham-forest-leeds-united/90631462/
2026-08-25,14:00,Nottingham Forest vs Leeds,,Betano,Local goles +1.5,TEAM_TOTAL_HOME OVER.1.5,TEAM_TOTAL_HOME:OVER_1_5,35.2%,0.352500,,,,2.07,-0.27,-0.270300,Sin cuota/EV,EV negativo Betano,Baja,fallback ultimos partidos,usa Poisson fallback con ultimos partidos multi-competicion,un gol temprano o baja eficacia puede cambiar la lectura del mercado,https://www.betano.pe/cuotas-de-partido/nottingham-forest-leeds-united/90631462/
2026-08-25,14:00,Nottingham Forest vs Leeds,,Betano,SHOTS_ON_TARGET_TOTAL OVER.7.5,SHOTS_ON_TARGET_TOTAL OVER.7.5,SHOTS_ON_TARGET_TOTAL:OVER_7_5,34.6%,0.345600,,,,,,,Sin cuota/EV,No encontrado en Betano,Baja,contexto premium fallback reciente,usa promedios recientes multi-competicion/API-Football,el volumen ofensivo puede variar por planteamiento y marcador temprano,https://www.betano.pe/cuotas-de-partido/nottingham-forest-leeds-united/90631462/
2026-08-25,14:00,Nottingham Forest vs Leeds,,Betano,SHOTS_TOTAL UNDER.22.5,SHOTS_TOTAL UNDER.22.5,SHOTS_TOTAL:UNDER_22_5,34.4%,0.344500,,,,,,,Sin cuota/EV,No encontrado en Betano,Baja,contexto premium fallback reciente,usa promedios recientes multi-competicion/API-Football,el volumen ofensivo puede variar por planteamiento y marcador temprano,https://www.betano.pe/cuotas-de-partido/nottingham-forest-leeds-united/90631462/
2026-08-25,14:00,Nottingham Forest vs Leeds,10Bet,Betano,Gana local,1X2 HOME,1X2:HOME,34.3%,0.342700,3.50,0.20,0.199500,2.15,-0.26,-0.263200,EV positivo,EV negativo Betano,Baja,fallback ultimos partidos,usa Poisson fallback con ultimos partidos multi-competicion,riesgo propio del resultado final y variacion del modelo,https://www.betano.pe/cuotas-de-partido/nottingham-forest-leeds-united/90631462/
2026-08-25,14:00,Nottingham Forest vs Leeds,,Betano,SHOTS_TOTAL OVER.26.5,SHOTS_TOTAL OVER.26.5,SHOTS_TOTAL:OVER_26_5,34.2%,0.342200,,,,,,,Sin cuota/EV,No encontrado en Betano,Baja,contexto premium fallback reciente,usa promedios recientes multi-competicion/API-Football,el volumen ofensivo puede variar por planteamiento y marcador temprano,https://www.betano.pe/cuotas-de-partido/nottingham-forest-leeds-united/90631462/
2026-08-25,14:00,Nottingham Forest vs Leeds,,Betano,Visita corners +3.5,CORNERS_AWAY OVER.3.5,CORNERS_AWAY:OVER_3_5,32.5%,0.324800,,,,,,,Sin cuota/EV,No encontrado en Betano,Baja,contexto premium fallback reciente,usa promedios recientes multi-competicion/API-Football,el volumen ofensivo puede variar por planteamiento y marcador temprano,https://www.betano.pe/cuotas-de-partido/nottingham-forest-leeds-united/90631462/
2026-08-25,14:00,Nottingham Forest vs Leeds,,Betano,Local tarjetas +2.5,CARDS_HOME OVER.2.5,CARDS_HOME:OVER_2_5,32.3%,0.323300,,,,,,,Sin cuota/EV,No encontrado en Betano,Baja,contexto premium fallback reciente,usa promedios recientes multi-competicion/API-Football,depende mucho del arbitro y del contexto competitivo,https://www.betano.pe/cuotas-de-partido/nottingham-forest-leeds-united/90631462/
2026-08-25,14:00,Nottingham Forest vs Leeds,,Betano,Tarjetas total -2.5,CARDS_TOTALS UNDER.2.5,CARDS_TOTALS:UNDER_2_5,32.1%,0.320800,,,,,,,Sin cuota/EV,No encontrado en Betano,Baja,contexto premium fallback reciente,usa promedios recientes multi-competicion/API-Football,depende mucho del arbitro y del contexto competitivo,https://www.betano.pe/cuotas-de-partido/nottingham-forest-leeds-united/90631462/
2026-08-25,14:00,Nottingham Forest vs Leeds,10Bet,Betano,Corners total +9.5,CORNERS_TOTALS OVER.9.5,CORNERS_TOTALS:OVER_9_5,31.5%,0.314800,1.77,-0.44,-0.442700,1.82,-0.43,-0.427100,EV negativo,EV negativo Betano,Baja,contexto premium fallback reciente,usa promedios recientes multi-competicion/API-Football,el volumen ofensivo puede variar por planteamiento y marcador temprano,https://www.betano.pe/cuotas-de-partido/nottingham-forest-leeds-united/90631462/
2026-08-25,14:00,Nottingham Forest vs Leeds,,Betano,Local corners +6.5,CORNERS_HOME OVER.6.5,CORNERS_HOME:OVER_6_5,29.4%,0.294400,,,,,,,Sin cuota/EV,No encontrado en Betano,Baja,contexto premium fallback reciente,usa promedios recientes multi-competicion/API-Football,el volumen ofensivo puede variar por planteamiento y marcador temprano,https://www.betano.pe/cuotas-de-partido/nottingham-forest-leeds-united/90631462/
2026-08-25,14:00,Nottingham Forest vs Leeds,,Betano,Local goles -0.5,TEAM_TOTAL_HOME UNDER.0.5,TEAM_TOTAL_HOME:UNDER_0_5,28.9%,0.288800,,,,3.70,0.07,0.068600,Sin cuota/EV,EV positivo Betano,Baja,fallback ultimos partidos,usa Poisson fallback con ultimos partidos multi-competicion,un gol temprano o baja eficacia puede cambiar la lectura del mercado,https://www.betano.pe/cuotas-de-partido/nottingham-forest-leeds-united/90631462/
2026-08-25,14:00,Nottingham Forest vs Leeds,10Bet,Betano,1T -0.5,FIRST_HALF_TOTALS UNDER.0.5,FIRST_HALF_TOTALS:UNDER_0_5,28.6%,0.286500,1.60,-0.54,-0.541600,2.67,-0.23,-0.235000,EV negativo,EV negativo Betano,Baja,contexto premium fallback reciente,usa promedios recientes multi-competicion/API-Football,el primer tiempo puede tener ritmo bajo o rotaciones,https://www.betano.pe/cuotas-de-partido/nottingham-forest-leeds-united/90631462/
2026-08-25,14:00,Nottingham Forest vs Leeds,,Betano,Tarjetas total +4.5,CARDS_TOTALS OVER.4.5,CARDS_TOTALS:OVER_4_5,27.5%,0.274600,,,,,,,Sin cuota/EV,No encontrado en Betano,Baja,contexto premium fallback reciente,usa promedios recientes multi-competicion/API-Football,depende mucho del arbitro y del contexto competitivo,https://www.betano.pe/cuotas-de-partido/nottingham-forest-leeds-united/90631462/
2026-08-25,14:00,Nottingham Forest vs Leeds,10Bet,Betano,Goles -1.5,TOTALS UNDER.1.5,TOTALS:UNDER_1_5,26.9%,0.269000,1.65,-0.56,-0.556200,3.25,-0.13,-0.125700,EV negativo,EV negativo Betano,Baja,fallback ultimos partidos,usa Poisson fallback con ultimos partidos multi-competicion,un gol temprano o baja eficacia puede cambiar la lectura del mercado,https://www.betano.pe/cuotas-de-partido/nottingham-forest-leeds-united/90631462/
2026-08-25,14:00,Nottingham Forest vs Leeds,10Bet,Betano,Empate,1X2 DRAW,1X2:DRAW,26.4%,0.263900,1.70,-0.55,-0.551300,3.30,-0.13,-0.129100,EV negativo,EV negativo Betano,Baja,fallback ultimos partidos,usa Poisson fallback con ultimos partidos multi-competicion,riesgo propio del resultado final y variacion del modelo,https://www.betano.pe/cuotas-de-partido/nottingham-forest-leeds-united/90631462/
2026-08-25,14:00,Nottingham Forest vs Leeds,10Bet,Betano,Goles +3.5,TOTALS OVER.3.5,TOTALS:OVER_3_5,26.2%,0.262200,3.35,-0.12,-0.121500,3.15,-0.17,-0.174100,EV negativo,EV negativo Betano,Baja,fallback ultimos partidos,usa Poisson fallback con ultimos partidos multi-competicion,un gol temprano o baja eficacia puede cambiar la lectura del mercado,https://www.betano.pe/cuotas-de-partido/nottingham-forest-leeds-united/90631462/
2026-08-25,14:00,Nottingham Forest vs Leeds,,Betano,Visita goles -0.5,TEAM_TOTAL_AWAY UNDER.0.5,TEAM_TOTAL_AWAY:UNDER_0_5,25.9%,0.259300,,,,,,,Sin cuota/EV,No encontrado en Betano,Baja,fallback ultimos partidos,usa Poisson fallback con ultimos partidos multi-competicion,un gol temprano o baja eficacia puede cambiar la lectura del mercado,https://www.betano.pe/cuotas-de-partido/nottingham-forest-leeds-united/90631462/
2026-08-25,14:00,Nottingham Forest vs Leeds,,Betano,SHOTS_ON_TARGET_TOTAL OVER.8.5,SHOTS_ON_TARGET_TOTAL OVER.8.5,SHOTS_ON_TARGET_TOTAL:OVER_8_5,22.4%,0.223500,,,,,,,Sin cuota/EV,No encontrado en Betano,Baja,contexto premium fallback reciente,usa promedios recientes multi-competicion/API-Football,el volumen ofensivo puede variar por planteamiento y marcador temprano,https://www.betano.pe/cuotas-de-partido/nottingham-forest-leeds-united/90631462/
2026-08-25,14:00,Nottingham Forest vs Leeds,,Betano,Visita tarjetas -0.5,CARDS_AWAY UNDER.0.5,CARDS_AWAY:UNDER_0_5,22.3%,0.223100,,,,,,,Sin cuota/EV,No encontrado en Betano,Baja,contexto premium fallback reciente,usa promedios recientes multi-competicion/API-Football,depende mucho del arbitro y del contexto competitivo,https://www.betano.pe/cuotas-de-partido/nottingham-forest-leeds-united/90631462/
2026-08-25,14:00,Nottingham Forest vs Leeds,,Betano,Local corners -3.5,CORNERS_HOME UNDER.3.5,CORNERS_HOME:UNDER_3_5,21.6%,0.216300,,,,,,,Sin cuota/EV,No encontrado en Betano,Baja,contexto premium fallback reciente,usa promedios recientes multi-competicion/API-Football,el volumen ofensivo puede variar por planteamiento y marcador temprano,https://www.betano.pe/cuotas-de-partido/nottingham-forest-leeds-united/90631462/
2026-08-25,14:00,Nottingham Forest vs Leeds,,Betano,Corners total +10.5,CORNERS_TOTALS OVER.10.5,CORNERS_TOTALS:OVER_10_5,21.0%,0.209700,,,,2.37,-0.50,-0.503000,Sin cuota/EV,EV negativo Betano,Baja,contexto premium fallback reciente,usa promedios recientes multi-competicion/API-Football,el volumen ofensivo puede variar por planteamiento y marcador temprano,https://www.betano.pe/cuotas-de-partido/nottingham-forest-leeds-united/90631462/
2026-08-25,14:00,Nottingham Forest vs Leeds,,Betano,SHOTS_TOTAL UNDER.20.5,SHOTS_TOTAL UNDER.20.5,SHOTS_TOTAL:UNDER_20_5,20.6%,0.205700,,,,,,,Sin cuota/EV,No encontrado en Betano,Baja,contexto premium fallback reciente,usa promedios recientes multi-competicion/API-Football,el volumen ofensivo puede variar por planteamiento y marcador temprano,https://www.betano.pe/cuotas-de-partido/nottingham-forest-leeds-united/90631462/
2026-08-25,14:00,Nottingham Forest vs Leeds,,Betano,Visita tarjetas +2.5,CARDS_AWAY OVER.2.5,CARDS_AWAY:OVER_2_5,19.1%,0.191200,,,,,,,Sin cuota/EV,No encontrado en Betano,Baja,contexto premium fallback reciente,usa promedios recientes multi-competicion/API-Football,depende mucho del arbitro y del contexto competitivo,https://www.betano.pe/cuotas-de-partido/nottingham-forest-leeds-united/90631462/
2026-08-25,14:00,Nottingham Forest vs Leeds,10Bet,Betano,Visita corners +4.5,CORNERS_AWAY OVER.4.5,CORNERS_AWAY:OVER_4_5,16.4%,0.164200,1.91,-0.69,-0.686400,,,,EV negativo,No encontrado en Betano,Baja,contexto premium fallback reciente,usa promedios recientes multi-competicion/API-Football,el volumen ofensivo puede variar por planteamiento y marcador temprano,https://www.betano.pe/cuotas-de-partido/nottingham-forest-leeds-united/90631462/
2026-08-25,14:00,Nottingham Forest vs Leeds,,Betano,Visita goles +2.5,TEAM_TOTAL_AWAY OVER.2.5,TEAM_TOTAL_AWAY:OVER_2_5,15.4%,0.154500,,,,,,,Sin cuota/EV,No encontrado en Betano,Baja,fallback ultimos partidos,usa Poisson fallback con ultimos partidos multi-competicion,un gol temprano o baja eficacia puede cambiar la lectura del mercado,https://www.betano.pe/cuotas-de-partido/nottingham-forest-leeds-united/90631462/
2026-08-25,14:00,Nottingham Forest vs Leeds,,Betano,Local tarjetas +3.5,CARDS_HOME OVER.3.5,CARDS_HOME:OVER_3_5,14.3%,0.142900,,,,,,,Sin cuota/EV,No encontrado en Betano,Baja,contexto premium fallback reciente,usa promedios recientes multi-competicion/API-Football,depende mucho del arbitro y del contexto competitivo,https://www.betano.pe/cuotas-de-partido/nottingham-forest-leeds-united/90631462/
2026-08-25,14:00,Nottingham Forest vs Leeds,,Betano,Tarjetas total +5.5,CARDS_TOTALS OVER.5.5,CARDS_TOTALS:OVER_5_5,14.2%,0.142400,,,,,,,Sin cuota/EV,No encontrado en Betano,Baja,contexto premium fallback reciente,usa promedios recientes multi-competicion/API-Football,depende mucho del arbitro y del contexto competitivo,https://www.betano.pe/cuotas-de-partido/nottingham-forest-leeds-united/90631462/
2026-08-25,14:00,Nottingham Forest vs Leeds,,Betano,Local tarjetas -0.5,CARDS_HOME UNDER.0.5,CARDS_HOME:UNDER_0_5,13.5%,0.135300,,,,,,,Sin cuota/EV,No encontrado en Betano,Baja,contexto premium fallback reciente,usa promedios recientes multi-competicion/API-Football,depende mucho del arbitro y del contexto competitivo,https://www.betano.pe/cuotas-de-partido/nottingham-forest-leeds-united/90631462/
2026-08-25,14:00,Nottingham Forest vs Leeds,,Betano,SHOTS_ON_TARGET_TOTAL OVER.9.5,SHOTS_ON_TARGET_TOTAL OVER.9.5,SHOTS_ON_TARGET_TOTAL:OVER_9_5,13.4%,0.133600,,,,,,,Sin cuota/EV,No encontrado en Betano,Baja,contexto premium fallback reciente,usa promedios recientes multi-competicion/API-Football,el volumen ofensivo puede variar por planteamiento y marcador temprano,https://www.betano.pe/cuotas-de-partido/nottingham-forest-leeds-united/90631462/
2026-08-25,14:00,Nottingham Forest vs Leeds,,Betano,Corners total +11.5,CORNERS_TOTALS OVER.11.5,CORNERS_TOTALS:OVER_11_5,13.1%,0.130800,,,,,,,Sin cuota/EV,No encontrado en Betano,Baja,contexto premium fallback reciente,usa promedios recientes multi-competicion/API-Football,el volumen ofensivo puede variar por planteamiento y marcador temprano,https://www.betano.pe/cuotas-de-partido/nottingham-forest-leeds-united/90631462/
2026-08-25,14:00,Nottingham Forest vs Leeds,,Betano,Local goles +2.5,TEAM_TOTAL_HOME OVER.2.5,TEAM_TOTAL_HOME:OVER_2_5,13.0%,0.129700,,,,4.25,-0.45,-0.448800,Sin cuota/EV,EV negativo Betano,Baja,fallback ultimos partidos,usa Poisson fallback con ultimos partidos multi-competicion,un gol temprano o baja eficacia puede cambiar la lectura del mercado,https://www.betano.pe/cuotas-de-partido/nottingham-forest-leeds-united/90631462/
2026-08-25,14:00,Nottingham Forest vs Leeds,,Betano,SHOTS_TOTAL UNDER.18.5,SHOTS_TOTAL UNDER.18.5,SHOTS_TOTAL:UNDER_18_5,10.4%,0.104500,,,,,,,Sin cuota/EV,No encontrado en Betano,Baja,contexto premium fallback reciente,usa promedios recientes multi-competicion/API-Football,el volumen ofensivo puede variar por planteamiento y marcador temprano,https://www.betano.pe/cuotas-de-partido/nottingham-forest-leeds-united/90631462/
2026-08-25,14:00,Nottingham Forest vs Leeds,,Betano,Visita corners +5.5,CORNERS_AWAY OVER.5.5,CORNERS_AWAY:OVER_5_5,7.2%,0.071800,,,,,,,Sin cuota/EV,No encontrado en Betano,Baja,contexto premium fallback reciente,usa promedios recientes multi-competicion/API-Football,el volumen ofensivo puede variar por planteamiento y marcador temprano,https://www.betano.pe/cuotas-de-partido/nottingham-forest-leeds-united/90631462/
2026-08-25,14:00,Nottingham Forest vs Leeds,,Betano,Visita tarjetas +3.5,CARDS_AWAY OVER.3.5,CARDS_AWAY:OVER_3_5,6.6%,0.065600,,,,,,,Sin cuota/EV,No encontrado en Betano,Baja,contexto premium fallback reciente,usa promedios recientes multi-competicion/API-Football,depende mucho del arbitro y del contexto competitivo,https://www.betano.pe/cuotas-de-partido/nottingham-forest-leeds-united/90631462/
2026-08-25,14:00,Nottingham Forest vs Leeds,,Betano,Tarjetas total +6.5,CARDS_TOTALS OVER.6.5,CARDS_TOTALS:OVER_6_5,6.5%,0.065300,,,,,,,Sin cuota/EV,No encontrado en Betano,Baja,contexto premium fallback reciente,usa promedios recientes multi-competicion/API-Football,depende mucho del arbitro y del contexto competitivo,https://www.betano.pe/cuotas-de-partido/nottingham-forest-leeds-united/90631462/
2026-08-25,14:00,Nottingham Forest vs Leeds,,Betano,Visita corners +6.5,CORNERS_AWAY OVER.6.5,CORNERS_AWAY:OVER_6_5,2.8%,0.027600,,,,,,,Sin cuota/EV,No encontrado en Betano,Baja,contexto premium fallback reciente,usa promedios recientes multi-competicion/API-Football,el volumen ofensivo puede variar por planteamiento y marcador temprano,https://www.betano.pe/cuotas-de-partido/nottingham-forest-leeds-united/90631462/
2026-08-25,19:30,Independiente del Valle vs Deportes Tolima,,Betano,Tarjetas total -6.5,CARDS_TOTALS UNDER.6.5,CARDS_TOTALS:UNDER_6_5,95.5%,0.955400,,,,,,,Sin cuota/EV,No encontrado en Betano,Alta,contexto premium torneo actual,usa promedios del contexto premium/API-Football,depende mucho del arbitro y del contexto competitivo,https://www.betano.pe/cuotas-de-partido/independiente-del-valle-deportes-tolima/91017497/
2026-08-25,19:30,Independiente del Valle vs Deportes Tolima,,Betano,Local tarjetas -3.5,CARDS_HOME UNDER.3.5,CARDS_HOME:UNDER_3_5,94.6%,0.946300,,,,,,,Sin cuota/EV,No encontrado en Betano,Alta,contexto premium torneo actual,usa promedios del contexto premium/API-Football,depende mucho del arbitro y del contexto competitivo,https://www.betano.pe/cuotas-de-partido/independiente-del-valle-deportes-tolima/91017497/
2026-08-25,19:30,Independiente del Valle vs Deportes Tolima,,Betano,SHOTS_TOTAL OVER.18.5,SHOTS_TOTAL OVER.18.5,SHOTS_TOTAL:OVER_18_5,94.0%,0.939900,,,,,,,Sin cuota/EV,No encontrado en Betano,Alta,contexto premium torneo actual,usa promedios del contexto premium/API-Football,el volumen ofensivo puede variar por planteamiento y marcador temprano,https://www.betano.pe/cuotas-de-partido/independiente-del-valle-deportes-tolima/91017497/
2026-08-25,19:30,Independiente del Valle vs Deportes Tolima,,Betano,Visita goles -2.5,TEAM_TOTAL_AWAY UNDER.2.5,TEAM_TOTAL_AWAY:UNDER_2_5,93.2%,0.932400,,,,1.02,-0.05,-0.049000,Sin cuota/EV,EV negativo Betano,Alta,torneo actual,usa Poisson base con estadisticas de goles del torneo,un gol temprano o baja eficacia puede cambiar la lectura del mercado,https://www.betano.pe/cuotas-de-partido/independiente-del-valle-deportes-tolima/91017497/
2026-08-25,19:30,Independiente del Valle vs Deportes Tolima,,Betano,Tarjetas total -5.5,CARDS_TOTALS UNDER.5.5,CARDS_TOTALS:UNDER_5_5,89.5%,0.894600,,,,1.75,0.57,0.565500,Sin cuota/EV,EV positivo Betano,Alta,contexto premium torneo actual,usa promedios del contexto premium/API-Football,depende mucho del arbitro y del contexto competitivo,https://www.betano.pe/cuotas-de-partido/independiente-del-valle-deportes-tolima/91017497/
2026-08-25,19:30,Independiente del Valle vs Deportes Tolima,,Betano,Visita tarjetas -3.5,CARDS_AWAY UNDER.3.5,CARDS_AWAY:UNDER_3_5,89.1%,0.891300,,,,,,,Sin cuota/EV,No encontrado en Betano,Alta,contexto premium torneo actual,usa promedios del contexto premium/API-Football,depende mucho del arbitro y del contexto competitivo,https://www.betano.pe/cuotas-de-partido/independiente-del-valle-deportes-tolima/91017497/
2026-08-25,19:30,Independiente del Valle vs Deportes Tolima,,Betano,Visita corners -6.5,CORNERS_AWAY UNDER.6.5,CORNERS_AWAY:UNDER_6_5,88.9%,0.889300,,,,,,,Sin cuota/EV,No encontrado en Betano,Alta,contexto premium torneo actual,usa promedios del contexto premium/API-Football,el volumen ofensivo puede variar por planteamiento y marcador temprano,https://www.betano.pe/cuotas-de-partido/independiente-del-valle-deportes-tolima/91017497/
2026-08-25,19:30,Independiente del Valle vs Deportes Tolima,,Betano,SHOTS_TOTAL OVER.20.5,SHOTS_TOTAL OVER.20.5,SHOTS_TOTAL:OVER_20_5,87.0%,0.869500,,,,,,,Sin cuota/EV,No encontrado en Betano,Alta,contexto premium torneo actual,usa promedios del contexto premium/API-Football,el volumen ofensivo puede variar por planteamiento y marcador temprano,https://www.betano.pe/cuotas-de-partido/independiente-del-valle-deportes-tolima/91017497/
2026-08-25,19:30,Independiente del Valle vs Deportes Tolima,,Betano,SHOTS_ON_TARGET_TOTAL OVER.6.5,SHOTS_ON_TARGET_TOTAL OVER.6.5,SHOTS_ON_TARGET_TOTAL:OVER_6_5,85.0%,0.849800,,,,,,,Sin cuota/EV,No encontrado en Betano,Alta,contexto premium torneo actual,usa promedios del contexto premium/API-Football,el volumen ofensivo puede variar por planteamiento y marcador temprano,https://www.betano.pe/cuotas-de-partido/independiente-del-valle-deportes-tolima/91017497/
2026-08-25,19:30,Independiente del Valle vs Deportes Tolima,,Betano,Local goles -2.5,TEAM_TOTAL_HOME UNDER.2.5,TEAM_TOTAL_HOME:UNDER_2_5,84.1%,0.841300,,,,1.27,0.07,0.068500,Sin cuota/EV,EV positivo Betano,Alta,torneo actual,usa Poisson base con estadisticas de goles del torneo,un gol temprano o baja eficacia puede cambiar la lectura del mercado,https://www.betano.pe/cuotas-de-partido/independiente-del-valle-deportes-tolima/91017497/
2026-08-25,19:30,Independiente del Valle vs Deportes Tolima,,Betano,Visita tarjetas +0.5,CARDS_AWAY OVER.0.5,CARDS_AWAY:OVER_0_5,83.5%,0.834700,,,,,,,Sin cuota/EV,No encontrado en Betano,Alta,contexto premium torneo actual,usa promedios del contexto premium/API-Football,depende mucho del arbitro y del contexto competitivo,https://www.betano.pe/cuotas-de-partido/independiente-del-valle-deportes-tolima/91017497/
2026-08-25,19:30,Independiente del Valle vs Deportes Tolima,,Betano,Local tarjetas -2.5,CARDS_HOME UNDER.2.5,CARDS_HOME:UNDER_2_5,83.4%,0.833500,,,,,,,Sin cuota/EV,No encontrado en Betano,Alta,contexto premium torneo actual,usa promedios del contexto premium/API-Football,depende mucho del arbitro y del contexto competitivo,https://www.betano.pe/cuotas-de-partido/independiente-del-valle-deportes-tolima/91017497/
2026-08-25,19:30,Independiente del Valle vs Deportes Tolima,,Betano,Local corners +3.5,CORNERS_HOME OVER.3.5,CORNERS_HOME:OVER_3_5,83.0%,0.830000,,,,,,,Sin cuota/EV,No encontrado en Betano,Alta,contexto premium torneo actual,usa promedios del contexto premium/API-Football,el volumen ofensivo puede variar por planteamiento y marcador temprano,https://www.betano.pe/cuotas-de-partido/independiente-del-valle-deportes-tolima/91017497/
2026-08-25,19:30,Independiente del Valle vs Deportes Tolima,10Bet,Betano,Goles -3.5,TOTALS UNDER.3.5,TOTALS:UNDER_3_5,80.0%,0.800200,1.22,-0.02,-0.023800,1.25,0.00,0.000300,EV negativo,EV positivo Betano,Alta,torneo actual,usa Poisson base con estadisticas de goles del torneo,un gol temprano o baja eficacia puede cambiar la lectura del mercado,https://www.betano.pe/cuotas-de-partido/independiente-del-valle-deportes-tolima/91017497/
2026-08-25,19:30,Independiente del Valle vs Deportes Tolima,,Betano,Visita corners -5.5,CORNERS_AWAY UNDER.5.5,CORNERS_AWAY:UNDER_5_5,78.5%,0.785100,,,,,,,Sin cuota/EV,No encontrado en Betano,Alta,contexto premium torneo actual,usa promedios del contexto premium/API-Football,el volumen ofensivo puede variar por planteamiento y marcador temprano,https://www.betano.pe/cuotas-de-partido/independiente-del-valle-deportes-tolima/91017497/
2026-08-25,19:30,Independiente del Valle vs Deportes Tolima,,Betano,Tarjetas total -4.5,CARDS_TOTALS UNDER.4.5,CARDS_TOTALS:UNDER_4_5,78.1%,0.780600,,,,,,,Sin cuota/EV,No encontrado en Betano,Alta,contexto premium torneo actual,usa promedios del contexto premium/API-Football,depende mucho del arbitro y del contexto competitivo,https://www.betano.pe/cuotas-de-partido/independiente-del-valle-deportes-tolima/91017497/
2026-08-25,19:30,Independiente del Valle vs Deportes Tolima,,Betano,Visita goles -1.5,TEAM_TOTAL_AWAY UNDER.1.5,TEAM_TOTAL_AWAY:UNDER_1_5,76.2%,0.762000,,,,1.15,-0.12,-0.123700,Sin cuota/EV,EV negativo Betano,Alta,torneo actual,usa Poisson base con estadisticas de goles del torneo,un gol temprano o baja eficacia puede cambiar la lectura del mercado,https://www.betano.pe/cuotas-de-partido/independiente-del-valle-deportes-tolima/91017497/
2026-08-25,19:30,Independiente del Valle vs Deportes Tolima,,Betano,Corners total +7.5,CORNERS_TOTALS OVER.7.5,CORNERS_TOTALS:OVER_7_5,76.1%,0.761200,,,,,,,Sin cuota/EV,No encontrado en Betano,Alta,contexto premium torneo actual,usa promedios del contexto premium/API-Football,el volumen ofensivo puede variar por planteamiento y marcador temprano,https://www.betano.pe/cuotas-de-partido/independiente-del-valle-deportes-tolima/91017497/
2026-08-25,19:30,Independiente del Valle vs Deportes Tolima,,Betano,SHOTS_TOTAL OVER.22.5,SHOTS_TOTAL OVER.22.5,SHOTS_TOTAL:OVER_22_5,76.0%,0.760300,,,,,,,Sin cuota/EV,No encontrado en Betano,Alta,contexto premium torneo actual,usa promedios del contexto premium/API-Football,el volumen ofensivo puede variar por planteamiento y marcador temprano,https://www.betano.pe/cuotas-de-partido/independiente-del-valle-deportes-tolima/91017497/
2026-08-25,19:30,Independiente del Valle vs Deportes Tolima,,Betano,Local tarjetas +0.5,CARDS_HOME OVER.0.5,CARDS_HOME:OVER_0_5,75.3%,0.753400,,,,,,,Sin cuota/EV,No encontrado en Betano,Alta,contexto premium torneo actual,usa promedios del contexto premium/API-Football,depende mucho del arbitro y del contexto competitivo,https://www.betano.pe/cuotas-de-partido/independiente-del-valle-deportes-tolima/91017497/
2026-08-25,19:30,Independiente del Valle vs Deportes Tolima,,Betano,SHOTS_ON_TARGET_TOTAL OVER.7.5,SHOTS_ON_TARGET_TOTAL OVER.7.5,SHOTS_ON_TARGET_TOTAL:OVER_7_5,75.1%,0.751500,,,,,,,Sin cuota/EV,No encontrado en Betano,Alta,contexto premium torneo actual,usa promedios del contexto premium/API-Football,el volumen ofensivo puede variar por planteamiento y marcador temprano,https://www.betano.pe/cuotas-de-partido/independiente-del-valle-deportes-tolima/91017497/
2026-08-25,19:30,Independiente del Valle vs Deportes Tolima,,Betano,Local goles +0.5,TEAM_TOTAL_HOME OVER.0.5,TEAM_TOTAL_HOME:OVER_0_5,74.5%,0.745300,,,,1.19,-0.11,-0.113100,Sin cuota/EV,EV negativo Betano,Alta,torneo actual,usa Poisson base con estadisticas de goles del torneo,un gol temprano o baja eficacia puede cambiar la lectura del mercado,https://www.betano.pe/cuotas-de-partido/independiente-del-valle-deportes-tolima/91017497/
2026-08-25,19:30,Independiente del Valle vs Deportes Tolima,,Betano,DOUBLE_CHANCE 1X,DOUBLE_CHANCE 1X,DOUBLE_CHANCE:1X,74.5%,0.745200,,,,,,,Sin cuota/EV,No encontrado en Betano,Alta,torneo actual,usa Poisson base con estadisticas de goles del torneo,riesgo propio del resultado final y variacion del modelo,https://www.betano.pe/cuotas-de-partido/independiente-del-valle-deportes-tolima/91017497/
2026-08-25,19:30,Independiente del Valle vs Deportes Tolima,10Bet,Betano,1T -1.5,FIRST_HALF_TOTALS UNDER.1.5,FIRST_HALF_TOTALS:UNDER_1_5,73.6%,0.735800,1.17,-0.14,-0.139200,1.33,-0.02,-0.021400,EV negativo,EV negativo Betano,Alta,contexto premium torneo actual,usa promedios del contexto premium/API-Football,el primer tiempo puede tener ritmo bajo o rotaciones,https://www.betano.pe/cuotas-de-partido/independiente-del-valle-deportes-tolima/91017497/
2026-08-25,19:30,Independiente del Valle vs Deportes Tolima,,Betano,Visita tarjetas -2.5,CARDS_AWAY UNDER.2.5,CARDS_AWAY:UNDER_2_5,73.1%,0.730600,,,,,,,Sin cuota/EV,No encontrado en Betano,Alta,contexto premium torneo actual,usa promedios del contexto premium/API-Football,depende mucho del arbitro y del contexto competitivo,https://www.betano.pe/cuotas-de-partido/independiente-del-valle-deportes-tolima/91017497/
2026-08-25,19:30,Independiente del Valle vs Deportes Tolima,,Betano,DOUBLE_CHANCE 12,DOUBLE_CHANCE 12,DOUBLE_CHANCE:12,72.5%,0.724800,,,,,,,Sin cuota/EV,No encontrado en Betano,Alta,torneo actual,usa Poisson base con estadisticas de goles del torneo,riesgo propio del resultado final y variacion del modelo,https://www.betano.pe/cuotas-de-partido/independiente-del-valle-deportes-tolima/91017497/
2026-08-25,19:30,Independiente del Valle vs Deportes Tolima,,Betano,Corners total -11.5,CORNERS_TOTALS UNDER.11.5,CORNERS_TOTALS:UNDER_11_5,71.9%,0.719300,,,,,,,Sin cuota/EV,No encontrado en Betano,Alta,contexto premium torneo actual,usa promedios del contexto premium/API-Football,el volumen ofensivo puede variar por planteamiento y marcador temprano,https://www.betano.pe/cuotas-de-partido/independiente-del-valle-deportes-tolima/91017497/
2026-08-25,19:30,Independiente del Valle vs Deportes Tolima,,Betano,Local corners +4.5,CORNERS_HOME OVER.4.5,CORNERS_HOME:OVER_4_5,68.7%,0.687300,,,,,,,Sin cuota/EV,No encontrado en Betano,Media,contexto premium torneo actual,usa promedios del contexto premium/API-Football,el volumen ofensivo puede variar por planteamiento y marcador temprano,https://www.betano.pe/cuotas-de-partido/independiente-del-valle-deportes-tolima/91017497/
2026-08-25,19:30,Independiente del Valle vs Deportes Tolima,10Bet,Betano,Goles +1.5,TOTALS OVER.1.5,TOTALS:OVER_1_5,66.8%,0.668200,2.38,0.59,0.590400,1.42,-0.05,-0.051200,EV positivo,EV negativo Betano,Media,torneo actual,usa Poisson base con estadisticas de goles del torneo,un gol temprano o baja eficacia puede cambiar la lectura del mercado,https://www.betano.pe/cuotas-de-partido/independiente-del-valle-deportes-tolima/91017497/
2026-08-25,19:30,Independiente del Valle vs Deportes Tolima,10Bet,Betano,DNB local,DRAW_NO_BET HOME,DRAW_NO_BET:HOME,64.8%,0.648400,1.25,-0.19,-0.189500,1.21,-0.22,-0.215400,EV negativo,EV negativo Betano,Media,torneo actual,usa Poisson base con estadisticas de goles del torneo,riesgo propio del resultado final y variacion del modelo,https://www.betano.pe/cuotas-de-partido/independiente-del-valle-deportes-tolima/91017497/
2026-08-25,19:30,Independiente del Valle vs Deportes Tolima,,Betano,Corners total +8.5,CORNERS_TOTALS OVER.8.5,CORNERS_TOTALS:OVER_8_5,64.4%,0.644200,,,,1.53,-0.01,-0.014400,Sin cuota/EV,EV negativo Betano,Media,contexto premium torneo actual,usa promedios del contexto premium/API-Football,el volumen ofensivo puede variar por planteamiento y marcador temprano,https://www.betano.pe/cuotas-de-partido/independiente-del-valle-deportes-tolima/91017497/
2026-08-25,19:30,Independiente del Valle vs Deportes Tolima,,Betano,Local corners -6.5,CORNERS_HOME UNDER.6.5,CORNERS_HOME:UNDER_6_5,63.8%,0.638400,,,,,,,Sin cuota/EV,No encontrado en Betano,Media,contexto premium torneo actual,usa promedios del contexto premium/API-Football,el volumen ofensivo puede variar por planteamiento y marcador temprano,https://www.betano.pe/cuotas-de-partido/independiente-del-valle-deportes-tolima/91017497/
2026-08-25,19:30,Independiente del Valle vs Deportes Tolima,,Betano,SHOTS_ON_TARGET_TOTAL OVER.8.5,SHOTS_ON_TARGET_TOTAL OVER.8.5,SHOTS_ON_TARGET_TOTAL:OVER_8_5,63.2%,0.632400,,,,,,,Sin cuota/EV,No encontrado en Betano,Media,contexto premium torneo actual,usa promedios del contexto premium/API-Football,el volumen ofensivo puede variar por planteamiento y marcador temprano,https://www.betano.pe/cuotas-de-partido/independiente-del-valle-deportes-tolima/91017497/
2026-08-25,19:30,Independiente del Valle vs Deportes Tolima,10Bet,Betano,1T +0.5,FIRST_HALF_TOTALS OVER.0.5,FIRST_HALF_TOTALS:OVER_0_5,63.2%,0.632100,3.20,1.02,1.022800,1.50,-0.05,-0.051800,EV positivo,EV negativo Betano,Media,contexto premium torneo actual,usa promedios del contexto premium/API-Football,el primer tiempo puede tener ritmo bajo o rotaciones,https://www.betano.pe/cuotas-de-partido/independiente-del-valle-deportes-tolima/91017497/
2026-08-25,19:30,Independiente del Valle vs Deportes Tolima,,Betano,Visita corners -4.5,CORNERS_AWAY UNDER.4.5,CORNERS_AWAY:UNDER_4_5,62.9%,0.628800,,,,,,,Sin cuota/EV,No encontrado en Betano,Media,contexto premium torneo actual,usa promedios del contexto premium/API-Football,el volumen ofensivo puede variar por planteamiento y marcador temprano,https://www.betano.pe/cuotas-de-partido/independiente-del-valle-deportes-tolima/91017497/
2026-08-25,19:30,Independiente del Valle vs Deportes Tolima,,Betano,Tarjetas total +2.5,CARDS_TOTALS OVER.2.5,CARDS_TOTALS:OVER_2_5,62.0%,0.620100,,,,,,,Sin cuota/EV,No encontrado en Betano,Media,contexto premium torneo actual,usa promedios del contexto premium/API-Football,depende mucho del arbitro y del contexto competitivo,https://www.betano.pe/cuotas-de-partido/independiente-del-valle-deportes-tolima/91017497/
2026-08-25,19:30,Independiente del Valle vs Deportes Tolima,,Betano,SHOTS_TOTAL OVER.24.5,SHOTS_TOTAL OVER.24.5,SHOTS_TOTAL:OVER_24_5,61.9%,0.619000,,,,,,,Sin cuota/EV,No encontrado en Betano,Media,contexto premium torneo actual,usa promedios del contexto premium/API-Football,el volumen ofensivo puede variar por planteamiento y marcador temprano,https://www.betano.pe/cuotas-de-partido/independiente-del-valle-deportes-tolima/91017497/
2026-08-25,19:30,Independiente del Valle vs Deportes Tolima,,Betano,Corners total -10.5,CORNERS_TOTALS UNDER.10.5,CORNERS_TOTALS:UNDER_10_5,60.8%,0.608000,,,,1.50,-0.09,-0.088000,Sin cuota/EV,EV negativo Betano,Media,contexto premium torneo actual,usa promedios del contexto premium/API-Football,el volumen ofensivo puede variar por planteamiento y marcador temprano,https://www.betano.pe/cuotas-de-partido/independiente-del-valle-deportes-tolima/91017497/
2026-08-25,19:30,Independiente del Valle vs Deportes Tolima,,Betano,Visita goles +0.5,TEAM_TOTAL_AWAY OVER.0.5,TEAM_TOTAL_AWAY:OVER_0_5,60.5%,0.604900,,,,1.85,0.12,0.119100,Sin cuota/EV,EV positivo Betano,Media,torneo actual,usa Poisson base con estadisticas de goles del torneo,un gol temprano o baja eficacia puede cambiar la lectura del mercado,https://www.betano.pe/cuotas-de-partido/independiente-del-valle-deportes-tolima/91017497/
2026-08-25,19:30,Independiente del Valle vs Deportes Tolima,,Betano,Local goles -1.5,TEAM_TOTAL_HOME UNDER.1.5,TEAM_TOTAL_HOME:UNDER_1_5,60.3%,0.603100,,,,1.87,0.13,0.127800,Sin cuota/EV,EV positivo Betano,Media,torneo actual,usa Poisson base con estadisticas de goles del torneo,un gol temprano o baja eficacia puede cambiar la lectura del mercado,https://www.betano.pe/cuotas-de-partido/independiente-del-valle-deportes-tolima/91017497/
2026-08-25,19:30,Independiente del Valle vs Deportes Tolima,,Betano,Tarjetas total -3.5,CARDS_TOTALS UNDER.3.5,CARDS_TOTALS:UNDER_3_5,60.2%,0.602500,,,,,,,Sin cuota/EV,No encontrado en Betano,Media,contexto premium torneo actual,usa promedios del contexto premium/API-Football,depende mucho del arbitro y del contexto competitivo,https://www.betano.pe/cuotas-de-partido/independiente-del-valle-deportes-tolima/91017497/
2026-08-25,19:30,Independiente del Valle vs Deportes Tolima,10Bet,Betano,Goles -2.5,TOTALS UNDER.2.5,TOTALS:UNDER_2_5,59.7%,0.597100,1.11,-0.34,-0.337200,1.67,-0.00,-0.002800,EV negativo,EV negativo Betano,Media,torneo actual,usa Poisson base con estadisticas de goles del torneo,un gol temprano o baja eficacia puede cambiar la lectura del mercado,https://www.betano.pe/cuotas-de-partido/independiente-del-valle-deportes-tolima/91017497/
2026-08-25,19:30,Independiente del Valle vs Deportes Tolima,,Betano,Local tarjetas -1.5,CARDS_HOME UNDER.1.5,CARDS_HOME:UNDER_1_5,59.2%,0.591800,,,,,,,Sin cuota/EV,No encontrado en Betano,Media,contexto premium torneo actual,usa promedios del contexto premium/API-Football,depende mucho del arbitro y del contexto competitivo,https://www.betano.pe/cuotas-de-partido/independiente-del-valle-deportes-tolima/91017497/
2026-08-25,19:30,Independiente del Valle vs Deportes Tolima,10Bet,Betano,Visita corners +3.5,CORNERS_AWAY OVER.3.5,CORNERS_AWAY:OVER_3_5,56.6%,0.566500,2.05,0.16,0.161400,,,,EV positivo,No encontrado en Betano,Media,contexto premium torneo actual,usa promedios del contexto premium/API-Football,el volumen ofensivo puede variar por planteamiento y marcador temprano,https://www.betano.pe/cuotas-de-partido/independiente-del-valle-deportes-tolima/91017497/
2026-08-25,19:30,Independiente del Valle vs Deportes Tolima,10Bet,Betano,BTTS no,BTTS NO,BTTS:NO,54.9%,0.549200,1.12,-0.38,-0.384900,1.62,-0.11,-0.110300,EV negativo,EV negativo Betano,Baja,torneo actual,usa Poisson base con estadisticas de goles del torneo,un gol temprano o baja eficacia puede cambiar la lectura del mercado,https://www.betano.pe/cuotas-de-partido/independiente-del-valle-deportes-tolima/91017497/
2026-08-25,19:30,Independiente del Valle vs Deportes Tolima,,Betano,Visita tarjetas +1.5,CARDS_AWAY OVER.1.5,CARDS_AWAY:OVER_1_5,53.7%,0.537200,,,,,,,Sin cuota/EV,No encontrado en Betano,Baja,contexto premium torneo actual,usa promedios del contexto premium/API-Football,depende mucho del arbitro y del contexto competitivo,https://www.betano.pe/cuotas-de-partido/independiente-del-valle-deportes-tolima/91017497/
2026-08-25,19:30,Independiente del Valle vs Deportes Tolima,,Betano,SHOTS_TOTAL UNDER.26.5,SHOTS_TOTAL UNDER.26.5,SHOTS_TOTAL:UNDER_26_5,53.6%,0.536300,,,,,,,Sin cuota/EV,No encontrado en Betano,Baja,contexto premium torneo actual,usa promedios del contexto premium/API-Football,el volumen ofensivo puede variar por planteamiento y marcador temprano,https://www.betano.pe/cuotas-de-partido/independiente-del-valle-deportes-tolima/91017497/
2026-08-25,19:30,Independiente del Valle vs Deportes Tolima,,Betano,DOUBLE_CHANCE X2,DOUBLE_CHANCE X2,DOUBLE_CHANCE:X2,53.0%,0.530100,,,,,,,Sin cuota/EV,No encontrado en Betano,Baja,torneo actual,usa Poisson base con estadisticas de goles del torneo,riesgo propio del resultado final y variacion del modelo,https://www.betano.pe/cuotas-de-partido/independiente-del-valle-deportes-tolima/91017497/
2026-08-25,19:30,Independiente del Valle vs Deportes Tolima,10Bet,Betano,Local corners +5.5,CORNERS_HOME OVER.5.5,CORNERS_HOME:OVER_5_5,52.2%,0.521700,1.60,-0.17,-0.165300,,,,EV negativo,No encontrado en Betano,Baja,contexto premium torneo actual,usa promedios del contexto premium/API-Football,el volumen ofensivo puede variar por planteamiento y marcador temprano,https://www.betano.pe/cuotas-de-partido/independiente-del-valle-deportes-tolima/91017497/
2026-08-25,19:30,Independiente del Valle vs Deportes Tolima,10Bet,Betano,Corners total +9.5,CORNERS_TOTALS OVER.9.5,CORNERS_TOTALS:OVER_9_5,51.7%,0.516800,1.91,-0.01,-0.012900,1.90,-0.02,-0.018100,EV negativo,EV negativo Betano,Baja,contexto premium torneo actual,usa promedios del contexto premium/API-Football,el volumen ofensivo puede variar por planteamiento y marcador temprano,https://www.betano.pe/cuotas-de-partido/independiente-del-valle-deportes-tolima/91017497/
2026-08-25,19:30,Independiente del Valle vs Deportes Tolima,,Betano,SHOTS_ON_TARGET_TOTAL OVER.9.5,SHOTS_ON_TARGET_TOTAL OVER.9.5,SHOTS_ON_TARGET_TOTAL:OVER_9_5,50.4%,0.504000,,,,,,,Sin cuota/EV,No encontrado en Betano,Baja,contexto premium torneo actual,usa promedios del contexto premium/API-Football,el volumen ofensivo puede variar por planteamiento y marcador temprano,https://www.betano.pe/cuotas-de-partido/independiente-del-valle-deportes-tolima/91017497/
2026-08-25,19:30,Independiente del Valle vs Deportes Tolima,,Betano,SHOTS_ON_TARGET_TOTAL UNDER.9.5,SHOTS_ON_TARGET_TOTAL UNDER.9.5,SHOTS_ON_TARGET_TOTAL:UNDER_9_5,49.6%,0.496000,,,,,,,Sin cuota/EV,No encontrado en Betano,Baja,contexto premium torneo actual,usa promedios del contexto premium/API-Football,el volumen ofensivo puede variar por planteamiento y marcador temprano,https://www.betano.pe/cuotas-de-partido/independiente-del-valle-deportes-tolima/91017497/
2026-08-25,19:30,Independiente del Valle vs Deportes Tolima,10Bet,Betano,Corners total -9.5,CORNERS_TOTALS UNDER.9.5,CORNERS_TOTALS:UNDER_9_5,48.3%,0.483200,1.80,-0.13,-0.130300,1.83,-0.12,-0.115700,EV negativo,EV negativo Betano,Baja,contexto premium torneo actual,usa promedios del contexto premium/API-Football,el volumen ofensivo puede variar por planteamiento y marcador temprano,https://www.betano.pe/cuotas-de-partido/independiente-del-valle-deportes-tolima/91017497/
2026-08-25,19:30,Independiente del Valle vs Deportes Tolima,10Bet,Betano,Local corners -5.5,CORNERS_HOME UNDER.5.5,CORNERS_HOME:UNDER_5_5,47.8%,0.478300,2.00,-0.04,-0.043400,,,,EV negativo,No encontrado en Betano,Baja,contexto premium torneo actual,usa promedios del contexto premium/API-Football,el volumen ofensivo puede variar por planteamiento y marcador temprano,https://www.betano.pe/cuotas-de-partido/independiente-del-valle-deportes-tolima/91017497/
2026-08-25,19:30,Independiente del Valle vs Deportes Tolima,10Bet,Betano,Gana local,1X2 HOME,1X2:HOME,47.0%,0.469900,2.80,0.32,0.315800,1.60,-0.25,-0.248200,EV positivo,EV negativo Betano,Baja,torneo actual,usa Poisson base con estadisticas de goles del torneo,riesgo propio del resultado final y variacion del modelo,https://www.betano.pe/cuotas-de-partido/independiente-del-valle-deportes-tolima/91017497/
2026-08-25,19:30,Independiente del Valle vs Deportes Tolima,,Betano,SHOTS_TOTAL OVER.26.5,SHOTS_TOTAL OVER.26.5,SHOTS_TOTAL:OVER_26_5,46.4%,0.463700,,,,,,,Sin cuota/EV,No encontrado en Betano,Baja,contexto premium torneo actual,usa promedios del contexto premium/API-Football,el volumen ofensivo puede variar por planteamiento y marcador temprano,https://www.betano.pe/cuotas-de-partido/independiente-del-valle-deportes-tolima/91017497/
2026-08-25,19:30,Independiente del Valle vs Deportes Tolima,,Betano,Visita tarjetas -1.5,CARDS_AWAY UNDER.1.5,CARDS_AWAY:UNDER_1_5,46.3%,0.462800,,,,,,,Sin cuota/EV,No encontrado en Betano,Baja,contexto premium torneo actual,usa promedios del contexto premium/API-Football,depende mucho del arbitro y del contexto competitivo,https://www.betano.pe/cuotas-de-partido/independiente-del-valle-deportes-tolima/91017497/
2026-08-25,19:30,Independiente del Valle vs Deportes Tolima,10Bet,Betano,BTTS sí,BTTS YES,BTTS:YES,45.1%,0.450800,5.25,1.37,1.366600,2.22,0.00,0.000800,EV positivo,EV positivo Betano,Baja,torneo actual,usa Poisson base con estadisticas de goles del torneo,un gol temprano o baja eficacia puede cambiar la lectura del mercado,https://www.betano.pe/cuotas-de-partido/independiente-del-valle-deportes-tolima/91017497/
2026-08-25,19:30,Independiente del Valle vs Deportes Tolima,10Bet,Betano,Visita corners -3.5,CORNERS_AWAY UNDER.3.5,CORNERS_AWAY:UNDER_3_5,43.4%,0.433500,1.57,-0.32,-0.319500,,,,EV negativo,No encontrado en Betano,Baja,contexto premium torneo actual,usa promedios del contexto premium/API-Football,el volumen ofensivo puede variar por planteamiento y marcador temprano,https://www.betano.pe/cuotas-de-partido/independiente-del-valle-deportes-tolima/91017497/
2026-08-25,19:30,Independiente del Valle vs Deportes Tolima,,Betano,Local tarjetas +1.5,CARDS_HOME OVER.1.5,CARDS_HOME:OVER_1_5,40.8%,0.408200,,,,,,,Sin cuota/EV,No encontrado en Betano,Baja,contexto premium torneo actual,usa promedios del contexto premium/API-Football,depende mucho del arbitro y del contexto competitivo,https://www.betano.pe/cuotas-de-partido/independiente-del-valle-deportes-tolima/91017497/
2026-08-25,19:30,Independiente del Valle vs Deportes Tolima,10Bet,Betano,Goles +2.5,TOTALS OVER.2.5,TOTALS:OVER_2_5,40.3%,0.402900,5.40,1.18,1.175700,2.22,-0.11,-0.105600,EV positivo,EV negativo Betano,Baja,torneo actual,usa Poisson base con estadisticas de goles del torneo,un gol temprano o baja eficacia puede cambiar la lectura del mercado,https://www.betano.pe/cuotas-de-partido/independiente-del-valle-deportes-tolima/91017497/
2026-08-25,19:30,Independiente del Valle vs Deportes Tolima,,Betano,Tarjetas total +3.5,CARDS_TOTALS OVER.3.5,CARDS_TOTALS:OVER_3_5,39.8%,0.397500,,,,,,,Sin cuota/EV,No encontrado en Betano,Baja,contexto premium torneo actual,usa promedios del contexto premium/API-Football,depende mucho del arbitro y del contexto competitivo,https://www.betano.pe/cuotas-de-partido/independiente-del-valle-deportes-tolima/91017497/
2026-08-25,19:30,Independiente del Valle vs Deportes Tolima,,Betano,Local goles +1.5,TEAM_TOTAL_HOME OVER.1.5,TEAM_TOTAL_HOME:OVER_1_5,39.7%,0.396900,,,,1.87,-0.26,-0.257800,Sin cuota/EV,EV negativo Betano,Baja,torneo actual,usa Poisson base con estadisticas de goles del torneo,un gol temprano o baja eficacia puede cambiar la lectura del mercado,https://www.betano.pe/cuotas-de-partido/independiente-del-valle-deportes-tolima/91017497/
2026-08-25,19:30,Independiente del Valle vs Deportes Tolima,,Betano,Visita goles -0.5,TEAM_TOTAL_AWAY UNDER.0.5,TEAM_TOTAL_AWAY:UNDER_0_5,39.5%,0.395100,,,,1.88,-0.26,-0.257200,Sin cuota/EV,EV negativo Betano,Baja,torneo actual,usa Poisson base con estadisticas de goles del torneo,un gol temprano o baja eficacia puede cambiar la lectura del mercado,https://www.betano.pe/cuotas-de-partido/independiente-del-valle-deportes-tolima/91017497/
2026-08-25,19:30,Independiente del Valle vs Deportes Tolima,,Betano,Corners total +10.5,CORNERS_TOTALS OVER.10.5,CORNERS_TOTALS:OVER_10_5,39.2%,0.392000,,,,2.50,-0.02,-0.020000,Sin cuota/EV,EV negativo Betano,Baja,contexto premium torneo actual,usa promedios del contexto premium/API-Football,el volumen ofensivo puede variar por planteamiento y marcador temprano,https://www.betano.pe/cuotas-de-partido/independiente-del-valle-deportes-tolima/91017497/
2026-08-25,19:30,Independiente del Valle vs Deportes Tolima,,Betano,SHOTS_TOTAL UNDER.24.5,SHOTS_TOTAL UNDER.24.5,SHOTS_TOTAL:UNDER_24_5,38.1%,0.381000,,,,,,,Sin cuota/EV,No encontrado en Betano,Baja,contexto premium torneo actual,usa promedios del contexto premium/API-Football,el volumen ofensivo puede variar por planteamiento y marcador temprano,https://www.betano.pe/cuotas-de-partido/independiente-del-valle-deportes-tolima/91017497/
2026-08-25,19:30,Independiente del Valle vs Deportes Tolima,,Betano,Tarjetas total -2.5,CARDS_TOTALS UNDER.2.5,CARDS_TOTALS:UNDER_2_5,38.0%,0.379900,,,,,,,Sin cuota/EV,No encontrado en Betano,Baja,contexto premium torneo actual,usa promedios del contexto premium/API-Football,depende mucho del arbitro y del contexto competitivo,https://www.betano.pe/cuotas-de-partido/independiente-del-valle-deportes-tolima/91017497/
2026-08-25,19:30,Independiente del Valle vs Deportes Tolima,,Betano,Visita corners +4.5,CORNERS_AWAY OVER.4.5,CORNERS_AWAY:OVER_4_5,37.1%,0.371200,,,,,,,Sin cuota/EV,No encontrado en Betano,Baja,contexto premium torneo actual,usa promedios del contexto premium/API-Football,el volumen ofensivo puede variar por planteamiento y marcador temprano,https://www.betano.pe/cuotas-de-partido/independiente-del-valle-deportes-tolima/91017497/
2026-08-25,19:30,Independiente del Valle vs Deportes Tolima,10Bet,Betano,1T -0.5,FIRST_HALF_TOTALS UNDER.0.5,FIRST_HALF_TOTALS:UNDER_0_5,36.8%,0.367900,1.30,-0.52,-0.521800,2.55,-0.06,-0.061900,EV negativo,EV negativo Betano,Baja,contexto premium torneo actual,usa promedios del contexto premium/API-Football,el primer tiempo puede tener ritmo bajo o rotaciones,https://www.betano.pe/cuotas-de-partido/independiente-del-valle-deportes-tolima/91017497/
2026-08-25,19:30,Independiente del Valle vs Deportes Tolima,,Betano,SHOTS_ON_TARGET_TOTAL UNDER.8.5,SHOTS_ON_TARGET_TOTAL UNDER.8.5,SHOTS_ON_TARGET_TOTAL:UNDER_8_5,36.8%,0.367600,,,,,,,Sin cuota/EV,No encontrado en Betano,Baja,contexto premium torneo actual,usa promedios del contexto premium/API-Football,el volumen ofensivo puede variar por planteamiento y marcador temprano,https://www.betano.pe/cuotas-de-partido/independiente-del-valle-deportes-tolima/91017497/
2026-08-25,19:30,Independiente del Valle vs Deportes Tolima,,Betano,Local corners +6.5,CORNERS_HOME OVER.6.5,CORNERS_HOME:OVER_6_5,36.2%,0.361600,,,,,,,Sin cuota/EV,No encontrado en Betano,Baja,contexto premium torneo actual,usa promedios del contexto premium/API-Football,el volumen ofensivo puede variar por planteamiento y marcador temprano,https://www.betano.pe/cuotas-de-partido/independiente-del-valle-deportes-tolima/91017497/
2026-08-25,19:30,Independiente del Valle vs Deportes Tolima,,Betano,Corners total -8.5,CORNERS_TOTALS UNDER.8.5,CORNERS_TOTALS:UNDER_8_5,35.6%,0.355800,,,,2.40,-0.15,-0.146100,Sin cuota/EV,EV negativo Betano,Baja,contexto premium torneo actual,usa promedios del contexto premium/API-Football,el volumen ofensivo puede variar por planteamiento y marcador temprano,https://www.betano.pe/cuotas-de-partido/independiente-del-valle-deportes-tolima/91017497/
2026-08-25,19:30,Independiente del Valle vs Deportes Tolima,10Bet,Betano,DNB visita,DRAW_NO_BET AWAY,DRAW_NO_BET:AWAY,35.2%,0.351600,3.55,0.25,0.248200,4.10,0.44,0.441600,EV positivo,EV positivo Betano,Baja,torneo actual,usa Poisson base con estadisticas de goles del torneo,riesgo propio del resultado final y variacion del modelo,https://www.betano.pe/cuotas-de-partido/independiente-del-valle-deportes-tolima/91017497/
2026-08-25,19:30,Independiente del Valle vs Deportes Tolima,10Bet,Betano,Goles -1.5,TOTALS UNDER.1.5,TOTALS:UNDER_1_5,33.2%,0.331800,1.53,-0.49,-0.492400,2.92,-0.03,-0.031100,EV negativo,EV negativo Betano,Baja,torneo actual,usa Poisson base con estadisticas de goles del torneo,un gol temprano o baja eficacia puede cambiar la lectura del mercado,https://www.betano.pe/cuotas-de-partido/independiente-del-valle-deportes-tolima/91017497/
2026-08-25,19:30,Independiente del Valle vs Deportes Tolima,,Betano,Local corners -4.5,CORNERS_HOME UNDER.4.5,CORNERS_HOME:UNDER_4_5,31.3%,0.312700,,,,,,,Sin cuota/EV,No encontrado en Betano,Baja,contexto premium torneo actual,usa promedios del contexto premium/API-Football,el volumen ofensivo puede variar por planteamiento y marcador temprano,https://www.betano.pe/cuotas-de-partido/independiente-del-valle-deportes-tolima/91017497/
2026-08-25,19:30,Independiente del Valle vs Deportes Tolima,,Betano,Corners total +11.5,CORNERS_TOTALS OVER.11.5,CORNERS_TOTALS:OVER_11_5,28.1%,0.280700,,,,,,,Sin cuota/EV,No encontrado en Betano,Baja,contexto premium torneo actual,usa promedios del contexto premium/API-Football,el volumen ofensivo puede variar por planteamiento y marcador temprano,https://www.betano.pe/cuotas-de-partido/independiente-del-valle-deportes-tolima/91017497/
2026-08-25,19:30,Independiente del Valle vs Deportes Tolima,10Bet,Betano,Empate,1X2 DRAW,1X2:DRAW,27.5%,0.275200,1.70,-0.53,-0.532100,3.85,0.06,0.059500,EV negativo,EV positivo Betano,Baja,torneo actual,usa Poisson base con estadisticas de goles del torneo,riesgo propio del resultado final y variacion del modelo,https://www.betano.pe/cuotas-de-partido/independiente-del-valle-deportes-tolima/91017497/
2026-08-25,19:30,Independiente del Valle vs Deportes Tolima,,Betano,Visita tarjetas +2.5,CARDS_AWAY OVER.2.5,CARDS_AWAY:OVER_2_5,26.9%,0.269400,,,,,,,Sin cuota/EV,No encontrado en Betano,Baja,contexto premium torneo actual,usa promedios del contexto premium/API-Football,depende mucho del arbitro y del contexto competitivo,https://www.betano.pe/cuotas-de-partido/independiente-del-valle-deportes-tolima/91017497/
2026-08-25,19:30,Independiente del Valle vs Deportes Tolima,10Bet,Betano,1T +1.5,FIRST_HALF_TOTALS OVER.1.5,FIRST_HALF_TOTALS:OVER_1_5,26.4%,0.264200,4.50,0.19,0.189100,3.25,-0.14,-0.141400,EV positivo,EV negativo Betano,Baja,contexto premium torneo actual,usa promedios del contexto premium/API-Football,el primer tiempo puede tener ritmo bajo o rotaciones,https://www.betano.pe/cuotas-de-partido/independiente-del-valle-deportes-tolima/91017497/
2026-08-25,19:30,Independiente del Valle vs Deportes Tolima,10Bet,Betano,Gana visita,1X2 AWAY,1X2:AWAY,25.5%,0.254800,7.50,0.91,0.911200,6.00,0.53,0.528800,EV positivo,EV positivo Betano,Baja,torneo actual,usa Poisson base con estadisticas de goles del torneo,riesgo propio del resultado final y variacion del modelo,https://www.betano.pe/cuotas-de-partido/independiente-del-valle-deportes-tolima/91017497/
2026-08-25,19:30,Independiente del Valle vs Deportes Tolima,,Betano,Local goles -0.5,TEAM_TOTAL_HOME UNDER.0.5,TEAM_TOTAL_HOME:UNDER_0_5,25.5%,0.254700,,,,4.30,0.10,0.095200,Sin cuota/EV,EV positivo Betano,Baja,torneo actual,usa Poisson base con estadisticas de goles del torneo,un gol temprano o baja eficacia puede cambiar la lectura del mercado,https://www.betano.pe/cuotas-de-partido/independiente-del-valle-deportes-tolima/91017497/
2026-08-25,19:30,Independiente del Valle vs Deportes Tolima,,Betano,SHOTS_ON_TARGET_TOTAL UNDER.7.5,SHOTS_ON_TARGET_TOTAL UNDER.7.5,SHOTS_ON_TARGET_TOTAL:UNDER_7_5,24.9%,0.248500,,,,,,,Sin cuota/EV,No encontrado en Betano,Baja,contexto premium torneo actual,usa promedios del contexto premium/API-Football,el volumen ofensivo puede variar por planteamiento y marcador temprano,https://www.betano.pe/cuotas-de-partido/independiente-del-valle-deportes-tolima/91017497/
2026-08-25,19:30,Independiente del Valle vs Deportes Tolima,,Betano,Local tarjetas -0.5,CARDS_HOME UNDER.0.5,CARDS_HOME:UNDER_0_5,24.7%,0.246600,,,,,,,Sin cuota/EV,No encontrado en Betano,Baja,contexto premium torneo actual,usa promedios del contexto premium/API-Football,depende mucho del arbitro y del contexto competitivo,https://www.betano.pe/cuotas-de-partido/independiente-del-valle-deportes-tolima/91017497/
2026-08-25,19:30,Independiente del Valle vs Deportes Tolima,,Betano,SHOTS_TOTAL UNDER.22.5,SHOTS_TOTAL UNDER.22.5,SHOTS_TOTAL:UNDER_22_5,24.0%,0.239700,,,,,,,Sin cuota/EV,No encontrado en Betano,Baja,contexto premium torneo actual,usa promedios del contexto premium/API-Football,el volumen ofensivo puede variar por planteamiento y marcador temprano,https://www.betano.pe/cuotas-de-partido/independiente-del-valle-deportes-tolima/91017497/
2026-08-25,19:30,Independiente del Valle vs Deportes Tolima,,Betano,Corners total -7.5,CORNERS_TOTALS UNDER.7.5,CORNERS_TOTALS:UNDER_7_5,23.9%,0.238800,,,,,,,Sin cuota/EV,No encontrado en Betano,Baja,contexto premium torneo actual,usa promedios del contexto premium/API-Football,el volumen ofensivo puede variar por planteamiento y marcador temprano,https://www.betano.pe/cuotas-de-partido/independiente-del-valle-deportes-tolima/91017497/
2026-08-25,19:30,Independiente del Valle vs Deportes Tolima,,Betano,Visita goles +1.5,TEAM_TOTAL_AWAY OVER.1.5,TEAM_TOTAL_AWAY:OVER_1_5,23.8%,0.238000,,,,4.90,0.17,0.166200,Sin cuota/EV,EV positivo Betano,Baja,torneo actual,usa Poisson base con estadisticas de goles del torneo,un gol temprano o baja eficacia puede cambiar la lectura del mercado,https://www.betano.pe/cuotas-de-partido/independiente-del-valle-deportes-tolima/91017497/
2026-08-25,19:30,Independiente del Valle vs Deportes Tolima,,Betano,Tarjetas total +4.5,CARDS_TOTALS OVER.4.5,CARDS_TOTALS:OVER_4_5,21.9%,0.219400,,,,,,,Sin cuota/EV,No encontrado en Betano,Baja,contexto premium torneo actual,usa promedios del contexto premium/API-Football,depende mucho del arbitro y del contexto competitivo,https://www.betano.pe/cuotas-de-partido/independiente-del-valle-deportes-tolima/91017497/
2026-08-25,19:30,Independiente del Valle vs Deportes Tolima,,Betano,Visita corners +5.5,CORNERS_AWAY OVER.5.5,CORNERS_AWAY:OVER_5_5,21.5%,0.214900,,,,,,,Sin cuota/EV,No encontrado en Betano,Baja,contexto premium torneo actual,usa promedios del contexto premium/API-Football,el volumen ofensivo puede variar por planteamiento y marcador temprano,https://www.betano.pe/cuotas-de-partido/independiente-del-valle-deportes-tolima/91017497/
2026-08-25,19:30,Independiente del Valle vs Deportes Tolima,10Bet,Betano,Goles +3.5,TOTALS OVER.3.5,TOTALS:OVER_3_5,20.0%,0.199800,4.20,-0.16,-0.160600,4.00,-0.20,-0.200800,EV negativo,EV negativo Betano,Baja,torneo actual,usa Poisson base con estadisticas de goles del torneo,un gol temprano o baja eficacia puede cambiar la lectura del mercado,https://www.betano.pe/cuotas-de-partido/independiente-del-valle-deportes-tolima/91017497/
2026-08-25,19:30,Independiente del Valle vs Deportes Tolima,,Betano,Local corners -3.5,CORNERS_HOME UNDER.3.5,CORNERS_HOME:UNDER_3_5,17.0%,0.170000,,,,,,,Sin cuota/EV,No encontrado en Betano,Baja,contexto premium torneo actual,usa promedios del contexto premium/API-Football,el volumen ofensivo puede variar por planteamiento y marcador temprano,https://www.betano.pe/cuotas-de-partido/independiente-del-valle-deportes-tolima/91017497/
2026-08-25,19:30,Independiente del Valle vs Deportes Tolima,,Betano,Local tarjetas +2.5,CARDS_HOME OVER.2.5,CARDS_HOME:OVER_2_5,16.7%,0.166500,,,,,,,Sin cuota/EV,No encontrado en Betano,Baja,contexto premium torneo actual,usa promedios del contexto premium/API-Football,depende mucho del arbitro y del contexto competitivo,https://www.betano.pe/cuotas-de-partido/independiente-del-valle-deportes-tolima/91017497/
2026-08-25,19:30,Independiente del Valle vs Deportes Tolima,,Betano,Visita tarjetas -0.5,CARDS_AWAY UNDER.0.5,CARDS_AWAY:UNDER_0_5,16.5%,0.165300,,,,,,,Sin cuota/EV,No encontrado en Betano,Baja,contexto premium torneo actual,usa promedios del contexto premium/API-Football,depende mucho del arbitro y del contexto competitivo,https://www.betano.pe/cuotas-de-partido/independiente-del-valle-deportes-tolima/91017497/
2026-08-25,19:30,Independiente del Valle vs Deportes Tolima,,Betano,Local goles +2.5,TEAM_TOTAL_HOME OVER.2.5,TEAM_TOTAL_HOME:OVER_2_5,15.9%,0.158700,,,,3.55,-0.44,-0.436600,Sin cuota/EV,EV negativo Betano,Baja,torneo actual,usa Poisson base con estadisticas de goles del torneo,un gol temprano o baja eficacia puede cambiar la lectura del mercado,https://www.betano.pe/cuotas-de-partido/independiente-del-valle-deportes-tolima/91017497/
2026-08-25,19:30,Independiente del Valle vs Deportes Tolima,,Betano,SHOTS_ON_TARGET_TOTAL UNDER.6.5,SHOTS_ON_TARGET_TOTAL UNDER.6.5,SHOTS_ON_TARGET_TOTAL:UNDER_6_5,15.0%,0.150200,,,,,,,Sin cuota/EV,No encontrado en Betano,Baja,contexto premium torneo actual,usa promedios del contexto premium/API-Football,el volumen ofensivo puede variar por planteamiento y marcador temprano,https://www.betano.pe/cuotas-de-partido/independiente-del-valle-deportes-tolima/91017497/
2026-08-25,19:30,Independiente del Valle vs Deportes Tolima,,Betano,SHOTS_TOTAL UNDER.20.5,SHOTS_TOTAL UNDER.20.5,SHOTS_TOTAL:UNDER_20_5,13.1%,0.130500,,,,,,,Sin cuota/EV,No encontrado en Betano,Baja,contexto premium torneo actual,usa promedios del contexto premium/API-Football,el volumen ofensivo puede variar por planteamiento y marcador temprano,https://www.betano.pe/cuotas-de-partido/independiente-del-valle-deportes-tolima/91017497/
2026-08-25,19:30,Independiente del Valle vs Deportes Tolima,,Betano,Visita corners +6.5,CORNERS_AWAY OVER.6.5,CORNERS_AWAY:OVER_6_5,11.1%,0.110700,,,,,,,Sin cuota/EV,No encontrado en Betano,Baja,contexto premium torneo actual,usa promedios del contexto premium/API-Football,el volumen ofensivo puede variar por planteamiento y marcador temprano,https://www.betano.pe/cuotas-de-partido/independiente-del-valle-deportes-tolima/91017497/
2026-08-25,19:30,Independiente del Valle vs Deportes Tolima,,Betano,Visita tarjetas +3.5,CARDS_AWAY OVER.3.5,CARDS_AWAY:OVER_3_5,10.9%,0.108700,,,,,,,Sin cuota/EV,No encontrado en Betano,Baja,contexto premium torneo actual,usa promedios del contexto premium/API-Football,depende mucho del arbitro y del contexto competitivo,https://www.betano.pe/cuotas-de-partido/independiente-del-valle-deportes-tolima/91017497/
2026-08-25,19:30,Independiente del Valle vs Deportes Tolima,,Betano,Tarjetas total +5.5,CARDS_TOTALS OVER.5.5,CARDS_TOTALS:OVER_5_5,10.5%,0.105400,,,,2.02,-0.79,-0.787100,Sin cuota/EV,EV negativo Betano,Baja,contexto premium torneo actual,usa promedios del contexto premium/API-Football,depende mucho del arbitro y del contexto competitivo,https://www.betano.pe/cuotas-de-partido/independiente-del-valle-deportes-tolima/91017497/
2026-08-25,19:30,Independiente del Valle vs Deportes Tolima,,Betano,Visita goles +2.5,TEAM_TOTAL_AWAY OVER.2.5,TEAM_TOTAL_AWAY:OVER_2_5,6.8%,0.067600,,,,10.75,-0.27,-0.273300,Sin cuota/EV,EV negativo Betano,Baja,torneo actual,usa Poisson base con estadisticas de goles del torneo,un gol temprano o baja eficacia puede cambiar la lectura del mercado,https://www.betano.pe/cuotas-de-partido/independiente-del-valle-deportes-tolima/91017497/
2026-08-25,19:30,Independiente del Valle vs Deportes Tolima,,Betano,SHOTS_TOTAL UNDER.18.5,SHOTS_TOTAL UNDER.18.5,SHOTS_TOTAL:UNDER_18_5,6.0%,0.060100,,,,,,,Sin cuota/EV,No encontrado en Betano,Baja,contexto premium torneo actual,usa promedios del contexto premium/API-Football,el volumen ofensivo puede variar por planteamiento y marcador temprano,https://www.betano.pe/cuotas-de-partido/independiente-del-valle-deportes-tolima/91017497/
2026-08-25,19:30,Independiente del Valle vs Deportes Tolima,,Betano,Local tarjetas +3.5,CARDS_HOME OVER.3.5,CARDS_HOME:OVER_3_5,5.4%,0.053700,,,,,,,Sin cuota/EV,No encontrado en Betano,Baja,contexto premium torneo actual,usa promedios del contexto premium/API-Football,depende mucho del arbitro y del contexto competitivo,https://www.betano.pe/cuotas-de-partido/independiente-del-valle-deportes-tolima/91017497/
2026-08-25,19:30,Independiente del Valle vs Deportes Tolima,,Betano,Tarjetas total +6.5,CARDS_TOTALS OVER.6.5,CARDS_TOTALS:OVER_6_5,4.5%,0.044600,,,,,,,Sin cuota/EV,No encontrado en Betano,Baja,contexto premium torneo actual,usa promedios del contexto premium/API-Football,depende mucho del arbitro y del contexto competitivo,https://www.betano.pe/cuotas-de-partido/independiente-del-valle-deportes-tolima/91017497/
